conversation_id_str,created_at,favorite_count,full_text,id_str,image_url,in_reply_to_screen_name,lang,location,quote_count,reply_count,retweet_count,tweet_url,user_id_str,username
2033744053473259678,Tue Mar 17 03:15:42 +0000 2026,0,I actually thought Blue Moon was a miracle of bad casting,2033744053473259678,,,en,,0,0,0,https://x.com/undefined/status/2033744053473259678,21245680,
2033466932519743984,Tue Mar 17 03:15:36 +0000 2026,0,@elnuski @DesireeAmerica4 g what did you expect from unknown political blue check verified accounts like this?,2033744031096713269,,elnuski,en,,0,0,0,https://x.com/undefined/status/2033744031096713269,1941907916757282816,
2033744025870864609,Tue Mar 17 03:15:35 +0000 2026,0,Mint Green / ocean teal /sky blue,2033744025870864609,,,en,,0,0,0,https://x.com/undefined/status/2033744025870864609,2652851390,
2033744027728941232,Tue Mar 17 03:15:36 +0000 2026,0,Cinema https://t.co/0Etkgh7YJe,2033744027728941232,https://pbs.twimg.com/media/HDlPak9bkAAdL-X.jpg,,et,,0,0,0,https://x.com/undefined/status/2033744027728941232,133944301,
2033628147556458521,Tue Mar 17 03:15:33 +0000 2026,0,@FinancialPhys And yet they will still back the blue.,2033744018941645157,,FinancialPhys,en,,0,0,0,https://x.com/undefined/status/2033744018941645157,261710210,
2033432787232141602,Tue Mar 17 03:15:32 +0000 2026,0,@john_hours @hylicac @snotsludge I think you mean . Rich kid? the smart one wears light blue I think,2033744011933204657,,john_hours,en,,0,0,0,https://x.com/undefined/status/2033744011933204657,1911049117125758976,
2033744011756761368,Tue Mar 17 03:15:32 +0000 2026,37,🇻🇪 ALL THE EMOTIONS ️ Andrés Giménez is heading to the Finals! #WorldBaseballClassic https://t.co/khSPrGycu3,2033744011756761368,https://pbs.twimg.com/media/HDlPZJJX0AACzzV.jpg,,en,,1,0,10,https://x.com/undefined/status/2033744011756761368,41468683,
2033586676904132664,Tue Mar 17 03:15:23 +0000 2026,0,@Crypt0Senseii There s nothing quite about the evil intent of legacy banks their lobbyists politicians earning extra inc the Blue Indian wanting to keep citizens shackled to enslavement and riddled with debt. Stand up stand tall and demand better or never be Free &amp; too poor to be Brave,2033743976126451885,,Crypt0Senseii,en,,0,0,0,https://x.com/undefined/status/2033743976126451885,1962396335229030400,
2033743970803847392,Tue Mar 17 03:15:22 +0000 2026,0,the color blue is a forgotten password to all things good,2033743970803847392,,,en,,0,0,0,https://x.com/undefined/status/2033743970803847392,2020426314264817664,
2033722603127316907,Tue Mar 17 03:15:21 +0000 2026,0,@SSN_USF As a USF fan bigger blue blood ... Louisville or Kentucky?,2033743968958099579,,SSN_USF,en,,0,0,0,https://x.com/undefined/status/2033743968958099579,47441974,
2033743967179915739,Tue Mar 17 03:15:21 +0000 2026,1,tfftt but blue #chonnyjash #fanart https://t.co/rKhJBeQbn3,2033743967179915739,https://pbs.twimg.com/media/HDlOnQdaYAA88nG.jpg,,en,,0,0,1,https://x.com/undefined/status/2033743967179915739,1454364278362759168,
2033743962805268574,Tue Mar 17 03:15:20 +0000 2026,4,毒に侵されてる https://t.co/Z5BYFEX4Q4,2033743962805268574,,,ja,,0,0,0,https://x.com/undefined/status/2033743962805268574,1124615110520000512,
2033743962377490709,Tue Mar 17 03:15:20 +0000 2026,0,【#ワンピカード 】 おつラボ！ ただいま以下のオリパを発売中 REDオリパ（1000円）　残り140口 BLUEオリパ（1000円）　残り203口 この機会にぜひお買い求めください https://t.co/umQBHcnaVR,2033743962377490709,https://pbs.twimg.com/media/HDlOtUybEAAitUr.jpg,,ja,,0,0,0,https://x.com/undefined/status/2033743962377490709,973394376918364160,
2033602458698514514,Tue Mar 17 03:15:17 +0000 2026,0,@eggsovereze the banter itself is fine but i just think they re engagement farming arsenal fans atp because they ve pumped out so many tweets about our fixtures running club funds off of them blue check residuals,2033743948934422757,,eggsovereze,en,,0,0,0,https://x.com/undefined/status/2033743948934422757,4866444191,
2033724597971865992,Tue Mar 17 03:15:15 +0000 2026,0,@PoundHoundsResQ @sarahpolo10 @starseed3210 @TrumpSimp4Putin @brunosmom0408 @Jennife96683868 @jhargis1 @mbh78063 Pledge honored. This news is awesome. Blue Bunny is pure love. ,2033743943767072815,,PoundHoundsResQ,en,,0,0,0,https://x.com/undefined/status/2033743943767072815,1432563541320552452,
2033743939841273970,Tue Mar 17 03:15:15 +0000 2026,0,Democrats and their media told you this is didn t happen. Who did they open the borders to? You see them taking over blue states and democrats fund them thru hardworking Americans,2033743939841273970,,,en,,0,0,0,https://x.com/undefined/status/2033743939841273970,796139197094625280,
2033595245925998794,Tue Mar 17 03:15:12 +0000 2026,1,@TheShadow_Woker She's gonna be a consultant possible admiral/politician and loving wife to Liars and mother to some beautiful blue babies,2033743930852868516,,TheShadow_Woker,en,,0,0,0,https://x.com/undefined/status/2033743930852868516,1497860724936302595,
2033719192789332081,Tue Mar 17 03:15:12 +0000 2026,0,@SCdailyupdates blue and lilac,2033743929972297845,,SCdailyupdates,en,,0,0,0,https://x.com/undefined/status/2033743929972297845,1879298872712855552,
2033557812047978808,Tue Mar 17 03:15:11 +0000 2026,1,@_rockytop_biker Thank you! You too vote blue!! ,2033743923240128564,,_rockytop_biker,en,,0,0,0,https://x.com/undefined/status/2033743923240128564,1578222170538446853,
2033743731707294189,Tue Mar 17 03:15:11 +0000 2026,0,@yuji1stfan i blue shirt,2033743925412769961,,yuji1stfan,en,,0,0,0,https://x.com/undefined/status/2033743925412769961,1917250389574864897,
2033225702015746060,Tue Mar 17 03:15:12 +0000 2026,0,@MiloCoastie @lanebrown_3 has more crimes disproportionate to the population of the 1% not to mention ( since you want to make this political ) the left has had no issue exploiting people that they have been against for ages. with a blue trans state rep wanting porn for kids. There is perversion. -,2033743928847946100,,canknotnot,en,,0,0,0,https://x.com/undefined/status/2033743928847946100,1320851327128424454,
2033743420691501170,Tue Mar 17 03:15:10 +0000 2026,0,@necromancer271k Escuché muchas cosas malas de blue archive se esta mejor por ahí? Espero no tengan que lidiar con cosas asi,2033743921411461211,,necromancer271k,es,,0,0,0,https://x.com/undefined/status/2033743921411461211,1939729628790202368,
2033715080857321499,Tue Mar 17 03:15:04 +0000 2026,0,@KaziAhsan14 i fw the blue guy heavy,2033743897122238576,,KaziAhsan14,en,,0,0,0,https://x.com/undefined/status/2033743897122238576,1846058861993574401,
2033740463178715340,Tue Mar 17 03:15:06 +0000 2026,0,@BuzzPatterson Uriah Heep and Blue Oyster Cult.,2033743903048732978,,BuzzPatterson,en,,0,0,0,https://x.com/undefined/status/2033743903048732978,3887944226,
2033743919972859910,Tue Mar 17 03:15:10 +0000 2026,0,He s not just killing white people you dumb piece of shit he s literally killing racist KKK members. Dense ass blue checkmark paying account,2033743919972859910,,,en,,0,0,0,https://x.com/undefined/status/2033743919972859910,1347737661373612033,
2033743896178806892,Tue Mar 17 03:15:04 +0000 2026,0,This is you mate ?! Hope @NIA_India beat you black and blue and pluck that 'missionary' part out of you. Enough with these freelance rats hand them over to Russian ffs. https://t.co/AQ3oOcK1nt,2033743896178806892,https://pbs.twimg.com/media/HDlPS4GbEAAjRqg.jpg,,en,,0,0,0,https://x.com/undefined/status/2033743896178806892,977897107393716229,
2033743889564041584,Tue Mar 17 03:15:03 +0000 2026,0,[ON HAND] SEALED TWS - LAST BELL 1st Single Album photobook (our now version) https://t.co/ErrY7jVxf6 wts lfb ph ls sco shinyu dohoon youngjae hanjin jihoon kyungmin ld pob selca selfie poca pc photocard onhand sealed sparkling blue lucky our now last bell try boy https://t.co/e5ZppeeG7P,2033743889564041584,https://pbs.twimg.com/media/HDlPSlaWsAEVOru.jpg,,en,,0,0,0,https://x.com/undefined/status/2033743889564041584,1690597720321609728,
2033009821130084716,Tue Mar 17 03:15:02 +0000 2026,0,@Felixr834260 @AlphaLiger @Rothmus Blue cities are the reason why they have those issues. Democrats always hide behind states but ignore cities.,2033743886045052953,,Felixr834260,en,,0,0,0,https://x.com/undefined/status/2033743886045052953,4768972027,
2033614189646778409,Tue Mar 17 03:15:01 +0000 2026,0,@frontlinekit @DrNealDunnFL2 @realDonaldTrump You can tell the soyboys because of the blue and yellow flag in bio.,2033743882903818252,,frontlinekit,en,,0,0,0,https://x.com/undefined/status/2033743882903818252,1598814439779848193,
2033743880642855379,Tue Mar 17 03:15:00 +0000 2026,0,i liked blue moon pretty ugly and hot &amp; sexy,2033743880642855379,,,en,,0,0,0,https://x.com/undefined/status/2033743880642855379,1427827002908762115,
2028879751327412226,Tue Mar 17 03:14:58 +0000 2026,0,@MadamCarmen2 Yup the blue kind,2033743869402128421,,MadamCarmen2,en,,0,0,0,https://x.com/undefined/status/2033743869402128421,1565216620410200068,
2033743869251092925,Tue Mar 17 03:14:58 +0000 2026,0,OH FATHERRRR HAVING GODPOP AND IK IT THE BLUE PRESSING TOOOO,2033743869251092925,,,en,,0,0,0,https://x.com/undefined/status/2033743869251092925,1838368505390882816,
2033743854822952980,Tue Mar 17 03:14:54 +0000 2026,0,Cream cheese blue berry,2033743854822952980,,,en,,0,0,0,https://x.com/undefined/status/2033743854822952980,2027656338848034817,
2033209064185057385,Tue Mar 17 03:14:52 +0000 2026,0,@Travis_Sawchik If the Marlins would switch to an American League team. Allowing the Red Sox Yankees and Blue Jays fans to fill in the stadium as they do across the country... as they do while inter league is in play that I think could possibly stimulate the fan base and by proxy the team.,2033743845951672511,,Travis_Sawchik,en,,0,0,0,https://x.com/undefined/status/2033743845951672511,18337507,
2033390851875836283,Tue Mar 17 03:14:27 +0000 2026,0,@MCerdes @lana_asanin Hey love is love is love IMO. However would she still be chosen to be on the Air Force Academy Board if they knew? Or is it ok since she s blonde blue eyed &amp; halfway decent looking?,2033743738850205757,,MCerdes,en,,0,0,0,https://x.com/undefined/status/2033743738850205757,134790390,
2033743721146220914,Tue Mar 17 03:14:22 +0000 2026,1,@SabrinaAnnLynn i think you know already but i really do hope you re aware of how great you look in light blue,2033743721146220914,,SabrinaAnnLynn,en,,0,0,0,https://x.com/undefined/status/2033743721146220914,1362010342667284481,
2033743716272197675,Tue Mar 17 03:14:21 +0000 2026,0,The fake (not blue) 'see more' at the end of posts just to get you to click . Tell me you're engagement farming without telling me you ...see more,2033743716272197675,,,en,,0,0,0,https://x.com/undefined/status/2033743716272197675,22198443,
2033743714548678686,Tue Mar 17 03:14:21 +0000 2026,0,東京・TOKYO FM「Blue Ocean」 追っかけ完了 昨日のFM新潟の SOUND SPLASHもう1回聴いてる,2033743714548678686,,,ja,,0,0,0,https://x.com/undefined/status/2033743714548678686,1764881590382178304,
2033743713697206397,Tue Mar 17 03:14:21 +0000 2026,0,【Auto】ワンダフルワークス[Wonderful Works] ブルーアーカイブ Blue Archiveb サオリ 1/7スケールフィギュア 2026年4月30日発売予定 予約注文受付中！ https://t.co/pmbmCVKZiv,2033743713697206397,,,ja,,0,0,0,https://x.com/undefined/status/2033743713697206397,141784900,
2033724853178798395,Tue Mar 17 03:14:18 +0000 2026,0,@cosmicpopstar I love how her car is just her outfit. White edges meeting on a dark blue beneath like her outfit meeting her skirt. And the metal over the tires (no car knowledge dunno what it s called) is light blue with gold trims like her chest armor. It s Arle in the Carle &amp; it s PEAK ⭐️,2033743704654012693,,cosmicpopstar,en,,0,0,0,https://x.com/undefined/status/2033743704654012693,1111374373267611650,
2033652640937099611,Tue Mar 17 03:14:18 +0000 2026,0,@conro @ContraPoints I heard that he heard Laurel and thought the dress was blue and gold so he is an enemy with no soul but simultaneously a corrupt corporate shill.,2033743703919976645,,conro,en,,0,0,0,https://x.com/undefined/status/2033743703919976645,1295526978603319297,
2033743701076296114,Tue Mar 17 03:14:18 +0000 2026,0,United States Senate election in Mississippi 2026 - Ballotpedia https://t.co/sQCu9bR1u7 Mississippi turn blue.,2033743701076296114,,,en,,0,0,0,https://x.com/undefined/status/2033743701076296114,1214345623,
2033743699142943075,Tue Mar 17 03:14:17 +0000 2026,0,another epic games blue check. gonna guess epic put money into this one,2033743699142943075,,,en,,0,0,0,https://x.com/undefined/status/2033743699142943075,14241607,
2033722093234278606,Tue Mar 17 03:14:15 +0000 2026,0,@RacStar_ The blue team pretty good,2033743688049029438,,RacStar_,en,,0,0,0,https://x.com/undefined/status/2033743688049029438,1194127893388881921,
2033671867915960667,Tue Mar 17 03:14:14 +0000 2026,0,@BlakeKresses I won t vote blue I voted Trump 3 times but the GOP needs to learn a lesson I won t vote until someone comes out and calls out Isreal for what they are Isreal is our enemy,2033743687524425867,,BlakeKresses,en,,0,0,0,https://x.com/undefined/status/2033743687524425867,2941203379,
2033743673738072260,Tue Mar 17 03:14:11 +0000 2026,0,Don't get mislead by those blue colour per capita GDP in Gujarat. The best district in Gujarat in terms of poverty (4.84%) got higher percentage of poor people than Kerala (0.55%) Tamilnadu (2.20%) &amp; Punjab (4.75%) state numbers. https://t.co/jVb8d3lPID,2033743673738072260,https://pbs.twimg.com/media/HDlPFe4acAANsvh.jpg,,en,,0,0,0,https://x.com/undefined/status/2033743673738072260,1362752581554958338,
2033734384595984616,Tue Mar 17 03:14:11 +0000 2026,0,@rosari0twins @rosariotwinss Pink today blue tomorrow,2033743673658106290,,rosari0twins,en,,0,0,0,https://x.com/undefined/status/2033743673658106290,1760822289287753728,
2033361443634962807,Tue Mar 17 03:14:10 +0000 2026,0,@alwaystradeback @jdpickell I love Venables but he s been there since 2022.. what has he accomplished? He s averaged 8 wins in 4 years at a Blue Blood.,2033743669174362577,,alwaystradeback,en,,0,0,0,https://x.com/undefined/status/2033743669174362577,1858331210331611137,
2033717453180833933,Tue Mar 17 03:14:10 +0000 2026,1,@Persianserene1 @RomaissaTahar people should think why they pay for a blue tick at the X just for exclusivity the bloated elites who only are at the command of Zionists &amp; can even block or restrict these blue ticked people.zionist concept of brands or speciality with TICKS only fills Zionist coffers,2033743667719291354,,Persianserene1,en,,0,0,0,https://x.com/undefined/status/2033743667719291354,1525440072329613313,
2033587152785969218,Tue Mar 17 03:14:09 +0000 2026,0,@SUNRISERSU blue pill,2033743665311715828,,SUNRISERSU,en,,0,0,0,https://x.com/undefined/status/2033743665311715828,2005274500192145408,
2033619647161839816,Tue Mar 17 03:14:08 +0000 2026,0,@RitasItalianIce Cherry Strawberry Blue Raspberry Mango,2033743660928372762,,RitasItalianIce,en,,0,0,0,https://x.com/undefined/status/2033743660928372762,47240762,
2033743651243696317,Tue Mar 17 03:14:06 +0000 2026,0,Blue Mosque magic Istanbul calling https://t.co/g7qF1KUGSH,2033743651243696317,https://pbs.twimg.com/media/HDlPDOdX0AAcGiy.jpg,,en,,0,0,0,https://x.com/undefined/status/2033743651243696317,2530725151,
2033734788561932783,Tue Mar 17 03:14:05 +0000 2026,0,@stylesfolders @_withheldclouds What is the person in the blue doing? ,2033743649205326170,,stylesfolders,en,,0,0,0,https://x.com/undefined/status/2033743649205326170,112346998,
2033051112266179037,Tue Mar 17 03:14:03 +0000 2026,0,@CadioArena Blue pill,2033743641768861882,,CadioArena,en,,0,0,0,https://x.com/undefined/status/2033743641768861882,240173333,
2033687424661168553,Tue Mar 17 03:14:03 +0000 2026,0,@RL9631 Some are green as the Irish Sea. The english have grey ~mixed blue and nut brown like some Africans. It's ALL VANITY So too beadyblack,2033743641454235691,,RL9631,en,,0,0,0,https://x.com/undefined/status/2033743641454235691,1887094975130943488,
2033520346368704918,Tue Mar 17 03:14:03 +0000 2026,1,@Grampa1950 Blue Lake in the crater of Mt. Tongariro in New Zealand. 🇳🇿 https://t.co/B7ED3gtikT,2033743638635876628,https://pbs.twimg.com/media/HDlPDkQbEAARMHC.jpg,Grampa1950,en,,0,1,0,https://x.com/undefined/status/2033743638635876628,1416332365685673984,
2033723220759859555,Tue Mar 17 03:14:03 +0000 2026,0,@naiivememe Is that Bonnie blue,2033743640258879871,,naiivememe,en,,0,0,0,https://x.com/undefined/status/2033743640258879871,1690925146100400128,
2033743631316570552,Tue Mar 17 03:14:01 +0000 2026,0, Permafrost/Blue Oyster New Balance 550 are on sale for $76.97 Click here to order-&gt; https://t.co/i0AiPeMm82 ad https://t.co/Nj99EEVmq7 https://t.co/620Dqe8zJO,2033743631316570552,https://pbs.twimg.com/media/HDlPDkDX0AA6_To.jpg,,en,,0,0,0,https://x.com/undefined/status/2033743631316570552,396779192,
2033743620893802722,Tue Mar 17 03:13:59 +0000 2026,0,Man 80 pleads not guilty to attempted murder in Crystal Beach double shooting over blue box cans https://t.co/7zVst4Hzsz via @WellandTribune,2033743620893802722,,,en,,0,0,0,https://x.com/undefined/status/2033743620893802722,842821898417438721,
2033743619467972940,Tue Mar 17 03:13:58 +0000 2026,0,Ada yg need jastag hari ini? Aku avail all spess ya 1s1s non blue only #zonauang,2033743619467972940,,,in,,0,0,0,https://x.com/undefined/status/2033743619467972940,3274531621,
2033743619216056526,Tue Mar 17 03:13:58 +0000 2026,0,Lynn s Polka Dot Ruffled Blouse $51 lightweight vintage collar flirty sleeves. Perfect for brunch jeans-at-work or layered under a blazer. Add gold hoops &amp; a low bun. Available at Blue Zone Planet. https://t.co/QQQhNrurcp https://t.co/7urd5ckM6z,2033743619216056526,https://pbs.twimg.com/ext_tw_video_thumb/2033743597791502336/pu/img/lvfRtYiGIde6odm1.jpg,,en,,0,0,0,https://x.com/undefined/status/2033743619216056526,1339581697214562304,
2033743618863710451,Tue Mar 17 03:13:58 +0000 2026,1,Oh you Blue Republicans rig elections too: https://t.co/wnxM0UnBw9,2033743618863710451,https://pbs.twimg.com/media/HDlPCzIbEAIjtSV.jpg,,en,,0,0,1,https://x.com/undefined/status/2033743618863710451,1125044084907892737,
2033743614640042258,Tue Mar 17 03:13:57 +0000 2026,0, 2026 NCAA Tournament: East Region Winner (To Make Final Four) ⏰ Event Date: April 6 2026 (National Championship Date) Line: Duke -140 | Total: Field The ATS Angle Duke Blue Devils (#1 Overall Seed | 19 13 2 ATS): Duke is the heavy favorite to emerge from the East ,2033743614640042258,,,en,,0,0,0,https://x.com/undefined/status/2033743614640042258,1192775015965614087,
2033729060694806979,Tue Mar 17 03:13:56 +0000 2026,0,@basedbinkie Those blue toes are calling,2033743608487043114,,basedbinkie,en,,0,0,0,https://x.com/undefined/status/2033743608487043114,1169837956133048326,
2033411448781582822,Tue Mar 17 03:13:55 +0000 2026,0,@masuzafi Can we find a middle ground somewhere between Bonnie blue and burka wearing ladies? I think that s the whole point of this confrontation. I can understand both sides..,2033743604494053705,,masuzafi,en,,0,0,0,https://x.com/undefined/status/2033743604494053705,1519730289857155072,
2033388172365922580,Tue Mar 17 03:13:47 +0000 2026,0,@King_Sukunaaa Lonely blue checks are so cringe,2033743574597062739,,King_Sukunaaa,en,,0,0,0,https://x.com/undefined/status/2033743574597062739,1158806346072055809,
2033743573540126992,Tue Mar 17 03:13:47 +0000 2026,0,jesus christ i m so blue all the time and that s just how i feel always have and i always will,2033743573540126992,,,en,,0,0,0,https://x.com/undefined/status/2033743573540126992,3102583193,
2033743570818011545,Tue Mar 17 03:13:47 +0000 2026,0,They're called popsicles Colors ranked pink&gt;red&gt;blue&gt;orange&gt;green&gt;purple,2033743570818011545,,,en,,0,0,0,https://x.com/undefined/status/2033743570818011545,1965877475755569153,
2033592475391062165,Tue Mar 17 03:13:46 +0000 2026,1,@hyukasboy_ I have collected more than 50 and voted with them and I will continue watching the ads and voting. I just want to ask you what is the benefit of the purple and blue hearts?,2033743567349276776,,hyukasboy_,en,,0,0,0,https://x.com/undefined/status/2033743567349276776,1657522318078255106,
2033724597971865992,Tue Mar 17 03:13:45 +0000 2026,0,@PoundHoundsResQ @sarahpolo10 @starseed3210 @TrumpSimp4Putin @brunosmom0408 @Jennife96683868 @mbh78063 Pledge honored through PayPal. Great news for Blue Bunny!,2033743563335274977,,PoundHoundsResQ,en,,0,0,0,https://x.com/undefined/status/2033743563335274977,27565975,
2033743549863481483,Tue Mar 17 03:13:42 +0000 2026,0, Confidence is a quiet algorithm: simple rules strong output. Built this visual around dressed in white top with blue headband. Would you wear this vibe? Full prompt in thread below. AI generated https://t.co/jTZA8Z5axv,2033743549863481483,https://pbs.twimg.com/media/HDlO93WaEAAVsAl.jpg,,en,,0,0,0,https://x.com/undefined/status/2033743549863481483,1733820001524785152,
2033743538471551439,Tue Mar 17 03:13:39 +0000 2026,0,Blue is water and the sky. It is a soft colour. Blue is rare in nature. It was once more expensive than gold because the materials to create the colour was scarce.,2033743538471551439,,,en,,0,0,0,https://x.com/undefined/status/2033743538471551439,1945676902322315264,
2033320372863422672,Tue Mar 17 03:13:39 +0000 2026,0,@bellasfeet___ The blue toes look so cute,2033743538450469277,,bellasfeet___,en,,0,0,0,https://x.com/undefined/status/2033743538450469277,2012321917533855744,
2033740965282808230,Tue Mar 17 03:13:39 +0000 2026,0,@Kick_Champ Blue don t give a fuck lol,2033743537964007722,,Kick_Champ,en,,0,0,0,https://x.com/undefined/status/2033743537964007722,1854136139839393806,
2033624791178219868,Tue Mar 17 03:13:33 +0000 2026,0,@latinacutevibe Blue,2033743512404213796,,latinacutevibe,en,,0,0,0,https://x.com/undefined/status/2033743512404213796,1496452500324601857,
2033566110013112649,Tue Mar 17 03:13:30 +0000 2026,0,@AndrewW45837485 @RobertStock6 @MDsweetT The blue jays don t employ this philosophy and were the best team in baseball last year. But I don t argue that most GMs nowadays are looking for 35-45HRS and will be fine with 130ks and a 240 avg in return.,2033743500911464730,,AndrewW45837485,en,,0,0,0,https://x.com/undefined/status/2033743500911464730,962050807246893057,
2033721439455445068,Tue Mar 17 03:13:29 +0000 2026,0,@Beguelnima ja faz um post anunciando migrar p blue sky ou instagram ou fazer video no tiktok algo assim calma po papo reto,2033743496427827483,,Beguelnima,pt,,0,0,0,https://x.com/undefined/status/2033743496427827483,1364039926136864770,
2033696398621765924,Tue Mar 17 03:13:27 +0000 2026,0,@KeruboSk I work blue collar meaning I come home dirty. So I wake up clean. Therefore I shower at night.,2033743488152695225,,KeruboSk,en,,0,0,0,https://x.com/undefined/status/2033743488152695225,1659159436181786625,
2033743482393923775,Tue Mar 17 03:13:25 +0000 2026,0,#わたしの子供になりなさい #中島みゆき #cover by Blue&amp;Gray #ぶるぐれ https://t.co/ISqTb0AG2R via @YouTube,2033743482393923775,,,en,,0,0,0,https://x.com/undefined/status/2033743482393923775,1809721353484079104,
2033743475502465043,Tue Mar 17 03:13:24 +0000 2026,0,⠀⠀ ⠀⠀⠀⠀⠀ ⠀ ˒៹ @rancorousdragon i ve heard many tales of you. ⸻ the young wolf admitted blue eyes filled with curiosity. ⠀⠀⠀⠀⠀⠀⠀ ⠀⠀ ⠀⠀⠀⠀⠀,2033743475502465043,,,en,,1,0,0,https://x.com/undefined/status/2033743475502465043,1732846259810029568,
2033550856059260931,Tue Mar 17 03:13:23 +0000 2026,0,@MegalodonVT Math is Blue English/Reading is Red History/Social Studies is Brown Science is White,2033743473073856630,,MegalodonVT,en,,0,0,0,https://x.com/undefined/status/2033743473073856630,1522380556046147584,
2033649513408197004,Tue Mar 17 03:13:21 +0000 2026,0,@prayrit7 @Pirat_Nation Always a blue dot,2033743463267627019,,prayrit7,en,,0,0,0,https://x.com/undefined/status/2033743463267627019,1572399373509607424,
2033742823305187437,Tue Mar 17 03:13:20 +0000 2026,0,@teragramus As opposed to based blue dolphin culture https://t.co/cVD254x6tk,2033743460750987368,https://pbs.twimg.com/media/HDlO5PPWQAAX8uR.png,teragramus,en,,0,0,0,https://x.com/undefined/status/2033743460750987368,27252153,
2033722946762772782,Tue Mar 17 03:13:19 +0000 2026,0,@SteveInmanClips Officers Humpty and Dumpty right there! They must have a crap fitness standard for their division. Thin blue line can't hold up fat blue people FFS! Potato vision FTW ,2033743455927812554,,SteveInmanClips,en,,0,0,0,https://x.com/undefined/status/2033743455927812554,1597544516214738945,
2033692924651749665,Tue Mar 17 03:13:15 +0000 2026,0,@MattValkyrie @Amiga_Square Eeeep!!! Blue vs dunkin!!!,2033743437275471973,,MattValkyrie,en,,0,0,0,https://x.com/undefined/status/2033743437275471973,278073942,
2033667690762535309,Tue Mar 17 03:13:12 +0000 2026,0,@Big__TeeJ Disabling motion blur = layering AI slop filters over existing art? You're clearly not to be taken seriously and want the blue tick $$$. Zero credibility.,2033743424910663767,,Big__TeeJ,en,,0,0,0,https://x.com/undefined/status/2033743424910663767,74884917,
2033733233716732281,Tue Mar 17 03:13:02 +0000 2026,0,@grapeofafeather They really should For the blue jackets and for u oomf I would do it you just have to find a way to transport me there,2033743384469278972,,grapeofafeather,en,,0,0,0,https://x.com/undefined/status/2033743384469278972,2199451732,
1348111267223937031,Tue Mar 17 03:12:55 +0000 2026,0,@kumsornyai หลายครั้งในการตอบ ฉันสามารถตอบได้ 2 รูปแบบ ส่วนใหญ่ การตอบครั้งแรก ฉันมักจะมุ่งเน้นไปที่ คุณภาพของอารมณ์ เป็นหลัก มักจะลงข้อมูลไม่ครบถ้วน/ไม่แสดงจุดอ่อนของผู้อื่น เพื่อลด/ป้องกันการกระทบกระทั่งต่างๆ เท่าที่เป็นไปได้ การตอบครั้งแรก ฉันมักจะไม่ตอบแบบ ความเข้าใจศักดิ์สิทธิ์ https://t.co/9pds1oJU02,2033743356501889249,https://pbs.twimg.com/media/HDlOzI-bYAAxAoU.jpg,not_BlueBird,th,,0,0,0,https://x.com/undefined/status/2033743356501889249,1446818613722161154,
2033743353268080676,Tue Mar 17 03:12:55 +0000 2026,1,Lovebites Band-Maid East of Eden Trident Hagane NEK! Lonesome Blue My Little Devil LUMiRiSE Mellows あ、書きすぎちゃった,2033743353268080676,,,ja,,0,0,0,https://x.com/undefined/status/2033743353268080676,886908965816123392,
2033701987468898524,Tue Mar 17 03:12:53 +0000 2026,1,@Fullmetal215 @senny_mathis Blue Aaron is hot ,2033743347463163992,,Fullmetal215,en,,0,0,0,https://x.com/undefined/status/2033743347463163992,378401349,
2033625035785781357,Tue Mar 17 03:12:52 +0000 2026,0,@moonlitflowerrs Omg same but with the boys gns since im a blue boy myself but right tho like it's so fun self projecting !! Alois w lacy loves im thinkin Ciel w starrynights beddybyes or teddy ultra ,2033743343302160393,,moonlitflowerrs,en,,0,0,0,https://x.com/undefined/status/2033743343302160393,1695941883103510529,
2033687724524507419,Tue Mar 17 03:12:51 +0000 2026,1,@WallStreetApes Yup it's in Boulder County Colorado at least 2-3 times a week. I'm sick of this. It needs to stop. I want my blue skies back.,2033743336247595060,,WallStreetApes,en,,0,0,0,https://x.com/undefined/status/2033743336247595060,1603802134084042762,
2033743335236784188,Tue Mar 17 03:12:50 +0000 2026,0,Nation blue（渋谷凛&amp;橘ありす）←何を想ってこれを選んだ？,2033743335236784188,,,ja,,0,0,0,https://x.com/undefined/status/2033743335236784188,728973486551535616,
2033427506485965256,Tue Mar 17 03:12:50 +0000 2026,1,@kookkai1817 @mmsspy Blue Bottle มีรร.ที่ใกล้ร้านกว่าที่นี่แล้วค่ะ ขอบคุณนะคะ,2033743334938972411,,kookkai1817,th,,0,0,0,https://x.com/undefined/status/2033743334938972411,1053637356719235073,
2033741836435497168,Tue Mar 17 03:12:50 +0000 2026,0,TRAFFIC RELEASED AT TUNNEL - #PaTurnpike I-76 East at milepost 197.5 between Willow Hill Exit #189 &amp; Blue Mountain Exit #201. Traffic has been released at the Kittatinny and Blue Mountain Tunnels. Stay alert for slow or stopped traffic when approaching the tunnel area. https://t.co/V2WZCEJCQX,2033743334796079461,https://pbs.twimg.com/media/HDlOrlXbEAA7x8r.png,PATurnpikeAlert,en,,0,0,0,https://x.com/undefined/status/2033743334796079461,745272072998391809,
2033743328064438695,Tue Mar 17 03:12:49 +0000 2026,0,【 予約受付開始！- DMM通販 】 カヨコ（ドレス） ブルーアーカイブ-Blue Archive- https://t.co/qUlylNNyjY ■PR 310202 https://t.co/VrF9wnc6xD,2033743328064438695,https://pbs.twimg.com/media/HDlOxuvakAARZ8I.png,,ja,,0,0,0,https://x.com/undefined/status/2033743328064438695,1380055681168908289,
2033655303968075953,Tue Mar 17 03:12:47 +0000 2026,0,@hannahonhorizon The top one the blue is lovely ,2033743320418292102,,hannahonhorizon,en,,0,0,0,https://x.com/undefined/status/2033743320418292102,1569167970143973376,
2033729666872205666,Tue Mar 17 03:12:47 +0000 2026,0,@laufamily1967 I mean.. by votes? Most of those people are vote blue no matter who though. Maybe it's competition between the Dems themselves. Idk just seems so wild,2033743320216744357,,laufamily1967,en,,0,0,0,https://x.com/undefined/status/2033743320216744357,1771245512605179904,
2033647370634674227,Tue Mar 17 03:12:47 +0000 2026,0,@HELLSBELLS828 Blue cheese -stuffed bacon wrapped dates.,2033743319826923894,,HELLSBELLS828,en,,0,0,0,https://x.com/undefined/status/2033743319826923894,1566064835971784704,
2033743295164387521,Tue Mar 17 03:12:41 +0000 2026,0,เศษเสี้ยววิญญาณพิมพ์ข้อความหลังดาว แล้วโยนโทรศัพท์ทิ้งหลับ แอ๊กกก,2033743295164387521,,,th,,0,0,0,https://x.com/undefined/status/2033743295164387521,1903647372418359296,
2033704833149267996,Tue Mar 17 03:12:40 +0000 2026,0,@hashjenni Blue collar vs white collar. If you re a plumber you shower after work. If you re an office worker you shower in the morning.,2033743293566333184,,hashjenni,en,,0,0,0,https://x.com/undefined/status/2033743293566333184,1956843649469390848,
2033743288189194245,Tue Mar 17 03:12:39 +0000 2026,0,【 予約開始！！- DMM通販 】 【再販】ねんどろいど 早瀬ユウカ ブルーアーカイブ-Blue Archive- https://t.co/vBmX1w4zYF ■PR 471962,2033743288189194245,,,ja,,0,0,0,https://x.com/undefined/status/2033743288189194245,1380055681168908289,
2033734384595984616,Tue Mar 17 03:12:37 +0000 2026,0,@rosari0twins Blue,2033743279590899911,,rosari0twins,en,,0,0,0,https://x.com/undefined/status/2033743279590899911,1991767414825185282,
2033696197345743120,Tue Mar 17 03:12:37 +0000 2026,1,@yacchan44 質問者のDACと4.4の意味が曖昧で意図した物か分かりませんが ifi audio ZEN Blue 3 どうですか DACモード時にDACなのでフォンアウトが無く別途アンプが必要になりますが4.4mmラインアウトがあります ふと以前にも伝えたような記憶が まただったらすみません,2033743279477682454,,yacchan44,ja,,0,0,0,https://x.com/undefined/status/2033743279477682454,1370885085948350467,
2033743272472977438,Tue Mar 17 03:12:35 +0000 2026,0,New art for sale! Blue Tulips . Buy at: https://t.co/1qAw5kiaVa https://t.co/Fl79zGGdLQ,2033743272472977438,https://pbs.twimg.com/media/HDlOutMXgAAdMPf.jpg,,en,,0,0,0,https://x.com/undefined/status/2033743272472977438,1896700913148178432,
2033690725800677667,Tue Mar 17 03:12:32 +0000 2026,0,@BumbleLovesDuck My brain when it comes to Steve is to give him a little sister. When it comes to his parents he is a mini version of his dad and his mom has beautiful blue eyes. The little sister is a mini version of his mom. Poor Steve has a spit fire of a little sister.,2033743260091371981,,BumbleLovesDuck,en,,0,0,0,https://x.com/undefined/status/2033743260091371981,1271984965027323904,
2033743258929820159,Tue Mar 17 03:12:32 +0000 2026,0,【ねんどろいど】 ブルーアーカイブ -Blue Archive- 『早瀬ユウカ』予約開始 #ad 2026年8月発売予定 https://t.co/lvNt8ub3ZX https://t.co/3f5jD10Zko DMM https://t.co/qug6wtTqXF ・表情パーツ：「すまし顔」「ドヤ顔」「照れ顔」 ・オプションパーツ：「2丁サブマシンガン」「関数電卓」ほか https://t.co/b78SuWxYFa,2033743258929820159,https://pbs.twimg.com/media/HDlOtWBbEAEAJ8C.jpg,,ja,,0,0,2,https://x.com/undefined/status/2033743258929820159,618791707,
2033452247162708417,Tue Mar 17 03:12:29 +0000 2026,0,@firstcryindia Babyhug Disney Mickey &amp; Friends Space Theme 3 in 1 Comfy High Chair - Blue| High Chair Feeding Chair &amp; Booster Chair| Adjustable Double Food Tray| Removable PU Leather Seat| Safety Harness| Removable Footrest. Order ID 39260136ZPQ690D2CC,2033743246170689870,,firstcryindia,en,,0,0,0,https://x.com/undefined/status/2033743246170689870,1438697401888378883,
2033743244190712111,Tue Mar 17 03:12:29 +0000 2026,0,There s a green one and a pink one and a blue one and a yellow one and they re all made out of ticky tacky and they all look just the same,2033743244190712111,,,en,,0,0,0,https://x.com/undefined/status/2033743244190712111,2474758870,
2033704629897453997,Tue Mar 17 03:12:28 +0000 2026,0,@kimmymatcha lahh itu kadal apa dong yaa?? wkwkwk kayak Elgaria multicarinata tapi kan ga mungkin. masa itu blue tongue skink? ,2033743240407687368,,kimmymatcha,in,,0,0,0,https://x.com/undefined/status/2033743240407687368,103847657,
2033743231712956486,Tue Mar 17 03:12:26 +0000 2026,0,Nakakaiyak wala ng blue and pink ,2033743231712956486,,,tl,,0,0,0,https://x.com/undefined/status/2033743231712956486,117697942,
2033743212779868312,Tue Mar 17 03:12:21 +0000 2026,0, Blue bonds: the 99 % gap CFOs can print before Brussels arrives Green market: $500 bn. Blue market: &lt;$5 bn. 90 % of ocean finance still unfunded. Seychelles cut coupons 20 bp and unlocked $180 m for coral using debt-for-nature swaps. EU green-bond standard now mirrors blue,2033743212779868312,,,en,,0,0,0,https://x.com/undefined/status/2033743212779868312,100449262,
2033661497490997700,Tue Mar 17 03:12:20 +0000 2026,0,@SenRubenGallego SAVE ACT requires proof of citizenship TO REGISTER. A photo id TO VOTE. Wouldn't be necessary if Biden hadn't let +10 000 000 illegals in country AND blue states dodn't give illegals drivers licenses and right to vote in state &amp; local elections.,2033743205838069881,,SenRubenGallego,en,,0,0,0,https://x.com/undefined/status/2033743205838069881,1615438863299665932,
2033718998811267517,Tue Mar 17 03:12:18 +0000 2026,0,@TonesOfMusic Can't pick just one but Hear About It Later &amp; So This Is Love are both up there. I have a soft spot for Black &amp; Blue. The opening riff is so good.,2033743198993191183,,TonesOfMusic,en,,0,0,0,https://x.com/undefined/status/2033743198993191183,560359141,
2033743198619898036,Tue Mar 17 03:12:18 +0000 2026,0,Read this in bonnie blue voice for enhanced experience,2033743198619898036,,,en,,0,0,0,https://x.com/undefined/status/2033743198619898036,1907511923853373440,
2033717899261841461,Tue Mar 17 03:12:16 +0000 2026,0,@JulieChangRE That high window on the blue house doesn't look real?,2033743190851781065,,JulieChangRE,en,,0,0,0,https://x.com/undefined/status/2033743190851781065,1815555230689284096,
2033691652900917321,Tue Mar 17 03:12:15 +0000 2026,0,@coasterjuice02 Yeah; They could ve saved money by only repainting the blue and everyone would ve been happier ,2033743188767240696,,coasterjuice02,en,,0,0,0,https://x.com/undefined/status/2033743188767240696,709841239265419265,
2033743182098526467,Tue Mar 17 03:12:14 +0000 2026,1,4月のスケジュール まゆなフレッシュ撮影会 4/21→4/22(水)に変更！ よろしくお願いします,2033743182098526467,,,ja,,0,0,0,https://x.com/undefined/status/2033743182098526467,1651996771,
2033378272176685109,Tue Mar 17 03:12:12 +0000 2026,0,@LeonAlex098 @jdoedoe101101 Todo lo que comprabas lo comprabas a precio dolar oficial más el margen que permitía el blue porque los boludos miran TN que dice que compran al blue . Después subió a $800 y hubo comunicados de todos diciendo tenemos que subir porque subió el dolar OFICIAL .,2033743174523338993,,LeonAlex098,es,,0,0,0,https://x.com/undefined/status/2033743174523338993,380035112,
2033743171834818740,Tue Mar 17 03:12:11 +0000 2026,24,From Blue Archive comes a gorgeous 1/7 scale figure of Problem Solver 68's section chief Kayoko in the lustrous dress she wore during an undercover mission. Preorder now at GOODSMILE ONLINE SHOP US! Shop: https://t.co/ZsQ7C0Xroz #BlueArchive #Goodsmile https://t.co/3szPPWsgvh,2033743171834818740,https://pbs.twimg.com/media/HDlOovaXEAAxGXS.jpg,,en,,0,0,1,https://x.com/undefined/status/2033743171834818740,755974370,
2032525770384355781,Tue Mar 17 03:12:11 +0000 2026,0,@the_jefferymead There stated also carry nearly every single red state without blue states most red states would go extinct,2033743171612799214,,the_jefferymead,en,,0,0,0,https://x.com/undefined/status/2033743171612799214,2717629097,
2033732172981669969,Tue Mar 17 03:12:10 +0000 2026,0,@AvidCommentator What Labor MPs used to post on social media back when they thought it was all blue skies and they'd be in power forever. https://t.co/lXx1424cbf,2033743164172034304,,AvidCommentator,en,,0,0,0,https://x.com/undefined/status/2033743164172034304,1381233554256891905,
2033566832800440480,Tue Mar 17 03:12:09 +0000 2026,0,@Randy_AZ_USA @4cats412 @Niknakgirl23 Just like the men in blue don t let a rotten apple spoil the bunch. I m not one much for pro sports but I never boycott all of it. Just don t watch the simps who need to go.,2033743162238505418,,Randy_AZ_USA,en,,0,0,0,https://x.com/undefined/status/2033743162238505418,1995119176193875968,
2033734278710808933,Tue Mar 17 03:12:08 +0000 2026,0,@AryJeay Zoomed in slow motion https://t.co/kd8L3QgbT8,2033743156676599839,https://pbs.twimg.com/amplify_video_thumb/2033742690605797376/img/Udjkxqgew0xLJV8e.jpg,AryJeay,en,,0,0,0,https://x.com/undefined/status/2033743156676599839,524637768,
2033728878775001359,Tue Mar 17 03:12:06 +0000 2026,0,@Landon_D_ Blue sp being i13 makes +6 dss unsteppable Dss 4 into buffer 112 dss Poison arrow dss. It s gg,2033743150984937781,,Landon_D_,en,,0,0,0,https://x.com/undefined/status/2033743150984937781,1161734499773964289,
2033734125241430211,Tue Mar 17 03:12:06 +0000 2026,0,@VladTheInflator Grok no longer works unless you have a blue check mark,2033743150523863333,,VladTheInflator,en,,0,0,0,https://x.com/undefined/status/2033743150523863333,931782474413236224,
2028680798870663469,Tue Mar 17 03:12:05 +0000 2026,0,@archivistmoreau Comprehend. What I dance around and dance with is a tune you cannot know the melody of. It's for your own safety of course but I fear your curiosity already grows doesn't it? He asked a smile on his face now. It wasn't cruel but it did not reach his blue eyes.,2033743145351909438,,Simon_FairchiId,en,,0,0,0,https://x.com/undefined/status/2033743145351909438,1954169952745009152,
2033743138574237791,Tue Mar 17 03:12:04 +0000 2026,0,MAXFACTORY 2027年4月發售：1/7 Pre-Painted Figure《蔚藍檔案 Blue Archive》佳世子（禮服）18 800 YEN連稅 - https://t.co/ofuSbJIHpJ https://t.co/RbGyP1uo0w,2033743138574237791,https://pbs.twimg.com/media/HDlOm4fbEAIjQDt.jpg,,zh,,0,0,0,https://x.com/undefined/status/2033743138574237791,843643753294249984,
2033571830078861758,Tue Mar 17 03:12:03 +0000 2026,0,@CGue1116 Tengo los dos primeros y le sumo este otro Light blue https://t.co/arY1Oes4f1,2033743136703303755,https://pbs.twimg.com/media/HDlOmkqbEAA-eAo.jpg,CGue1116,es,,0,0,0,https://x.com/undefined/status/2033743136703303755,355654023,
2033743134404837642,Tue Mar 17 03:12:03 +0000 2026,0, Neon Tunnel Purple Blue Kaleidoscope Screensaver 4k UHD 60fps VJ Loop Free 4K 60fps neon tunnel loop 16:9 · Seamless loop · Commercial use OK https://t.co/hPXaKUHdWG https://t.co/hNt4q6zdcv,2033743134404837642,https://pbs.twimg.com/amplify_video_thumb/2033743083951595520/img/4Lec-FVyDU5sSDOt.jpg,,en,,0,0,0,https://x.com/undefined/status/2033743134404837642,1877021407281901568,
2033743099826954706,Tue Mar 17 03:11:54 +0000 2026,3,Avs have been having a TON of trouble holding the puck in on the blue line during the PP #Avs #GoAvsGo,2033743099826954706,,,en,,0,0,0,https://x.com/undefined/status/2033743099826954706,1859339593008443392,
2033674170286916000,Tue Mar 17 03:11:52 +0000 2026,0,@WFLA We don t want sanctuary cities in Florida! That lefty nonsense can stay in blue states! If she doesn t do her job she ll be relived of her job!,2033743091086004468,,WFLA,en,,0,0,0,https://x.com/undefined/status/2033743091086004468,1865845055812222976,
2033743085595988095,Tue Mar 17 03:11:51 +0000 2026,0,$Btc updated plan : - sweep and BOS on blue zone for entry or 5m BOS on red zone for entry . These are the zones I'm eyeing at . https://t.co/KloLfFd1o9,2033743085595988095,https://pbs.twimg.com/media/HDlORO1bEAAD8z7.png,,en,,0,0,0,https://x.com/undefined/status/2033743085595988095,1642803700258471936,
2033743078574510528,Tue Mar 17 03:11:49 +0000 2026,0,If you're over 40 then blue is the only correct answer.,2033743078574510528,,,en,,0,0,0,https://x.com/undefined/status/2033743078574510528,1461941365340790790,
2033668437319553072,Tue Mar 17 03:11:48 +0000 2026,0,@DannyPelle91008 @NikoTamurian @SeattleSonics @simplyseattle Yeah alternative option I think we need New Jerseys with maybe a bit of blue tbh,2033743075282174402,,DannyPelle91008,en,,0,0,0,https://x.com/undefined/status/2033743075282174402,1231756597145161728,
2033743074451480914,Tue Mar 17 03:11:48 +0000 2026,1,WHY IS HE ALWAYS SO BLUE. he lowkey hitting it Tho.,2033743074451480914,,,en,,0,0,0,https://x.com/undefined/status/2033743074451480914,1893508468528816128,
2033387212935446949,Tue Mar 17 03:11:44 +0000 2026,0,@gpatterson828 The Who. Behind Blue Eyes!,2033743057523200262,,gpatterson828,en,,0,0,0,https://x.com/undefined/status/2033743057523200262,1942175867322396672,
2033004425317613967,Tue Mar 17 03:11:40 +0000 2026,0,@THECOOKIELICKER Blue Croissant,2033743042046472392,,Alzrite_,fr,,0,0,0,https://x.com/undefined/status/2033743042046472392,1624364357231710208,
2033661271803940941,Tue Mar 17 03:11:37 +0000 2026,0,@miles_commodore Yes and it was that color blue too,2033743028297273584,,miles_commodore,en,,0,0,0,https://x.com/undefined/status/2033743028297273584,1844156058240983040,
2033743019971854565,Tue Mar 17 03:11:35 +0000 2026,0,／ おすすめ少年コミック ＼ AIの遺電子 Blue Age 8 (少年チャンピオン・) 山田胡瓜 https://t.co/R6jCU6lP8F PR,2033743019971854565,,,ja,,0,0,0,https://x.com/undefined/status/2033743019971854565,1835342170590715904,
2033741534760473028,Tue Mar 17 03:11:35 +0000 2026,0,@ayroned When I was 10 I assumed movies like Blue Streak would just come out forever. Didn t know how good we had it,2033743018226864361,,ayroned,en,,0,0,0,https://x.com/undefined/status/2033743018226864361,748238820,
2033743010316619985,Tue Mar 17 03:11:33 +0000 2026,8,zendayas first two looks being vintage pieces (something old) then her next two being custom or fresh off the runway (something new) and now her wearing something blue I love method dressing https://t.co/y0k3fhKMBv,2033743010316619985,https://pbs.twimg.com/media/HDlOfB-bEAMu7Sz.jpg,,en,,0,0,2,https://x.com/undefined/status/2033743010316619985,1239098838662569984,
2033742999751168082,Tue Mar 17 03:11:30 +0000 2026,0,【 予約開始！！- DMM通販 】 カヨコ（ドレス） ブルーアーカイブ-Blue Archive- https://t.co/qUlylNNyjY ■PR 779254,2033742999751168082,,,ja,,0,0,0,https://x.com/undefined/status/2033742999751168082,1380055681168908289,
2033689657003622406,Tue Mar 17 03:11:27 +0000 2026,0,@RpsAgainstTrump Also the sky is blue,2033742985230245996,,RpsAgainstTrump,en,,0,0,0,https://x.com/undefined/status/2033742985230245996,1545085631382097920,
2033736957474361629,Tue Mar 17 03:11:24 +0000 2026,0,@gregwilliams68 @JackPilgrimKSR Me as well as all of big blue nation would love to see him back next year!,2033742974396366977,,gregwilliams68,en,,0,0,0,https://x.com/undefined/status/2033742974396366977,1806743370649518080,
2033742954645672259,Tue Mar 17 03:11:20 +0000 2026,0,Keeper pheno of @Rawdirect_ @Raw_Genetics_ Tengu (Purple Zikigai x Blue Slushie) she is a nice and well rounded Tropical lime green Skittle taste. Stains your tongue https://t.co/SWe9c4bdny,2033742954645672259,https://pbs.twimg.com/media/HDlOcDrbEAEjs1R.jpg,,en,,0,0,0,https://x.com/undefined/status/2033742954645672259,1848969483077226500,
2033740114636247120,Tue Mar 17 03:11:19 +0000 2026,0,@thehoffather Vote blue no matter who ‍️,2033742953722875971,,thehoffather,en,,0,0,0,https://x.com/undefined/status/2033742953722875971,1112890238,
2033742944658985181,Tue Mar 17 03:11:17 +0000 2026,1,Still hoping for it to go oh? *shiny ditto w. blue hat* https://t.co/bMeWkZdtWG,2033742944658985181,https://pbs.twimg.com/media/HDlObaLbAAAejSC.jpg,,en,,0,0,0,https://x.com/undefined/status/2033742944658985181,1568284874389463040,
2033742924413080043,Tue Mar 17 03:11:12 +0000 2026,0,40% of Indians live in the blue colored regions. ,2033742924413080043,,,en,,0,0,0,https://x.com/undefined/status/2033742924413080043,2761574425,
2033395775888404658,Tue Mar 17 03:11:11 +0000 2026,0,@samtripoli Yes that's good cuz illegals get driver license in blue states I live in Ca you can walk in and just get one by pass the drive test that's all.,2033742919585419369,,samtripoli,en,,0,0,0,https://x.com/undefined/status/2033742919585419369,1853826786381225984,
2033714977102860682,Tue Mar 17 03:11:10 +0000 2026,0,@itsmeenzolt تفضل https://t.co/F5njVU66es,2033742916108038265,,itsmeenzolt,ar,,0,1,0,https://x.com/undefined/status/2033742916108038265,1718931611075448832,
2033742913566589427,Tue Mar 17 03:11:10 +0000 2026,0,X (Twitter) Version https://t.co/P2vfwHhknc 40% OFF SITEWIDE Free shipping on orders $150 and above Keep it clean. Keep it sharp. Malufeto baby blue dad cap embroidered to stand out. Less noise. More style. #malufeto #dadcap #streetwear #embroidered #caps https://t.co/IRCb27Mz6U,2033742913566589427,https://pbs.twimg.com/amplify_video_thumb/2033742843160965121/img/lX8Gi40D7JMg5Wus.jpg,,en,,0,0,0,https://x.com/undefined/status/2033742913566589427,2025353425857486848,
2033559445960262134,Tue Mar 17 03:11:04 +0000 2026,0,@Nommersewe @robbertleusink Red hair blue eyes wooden ship and steel balls,2033742890434715812,,Nommersewe,en,,0,0,0,https://x.com/undefined/status/2033742890434715812,1579295355899985926,
2033702358840926268,Tue Mar 17 03:11:04 +0000 2026,0,@TrumpsHurricane The ugly blue coat his classless date wore to French Laundry.,2033742887159271768,,TrumpsHurricane,en,,0,0,0,https://x.com/undefined/status/2033742887159271768,1965852520326246401,
2033742873448091849,Tue Mar 17 03:11:00 +0000 2026,0,Go Blue !!!! Michigan,2033742873448091849,,,en,,0,0,0,https://x.com/undefined/status/2033742873448091849,2431447345,
2033742871124447240,Tue Mar 17 03:11:00 +0000 2026,0,Day 576 @Fortnite the Locker UI can still be improved by returning the rarities. The Incredibles are back. Mr. Incredible needs a blue style to match the car. Also Mrs. Incredible needs 2 more edit styles. @TimSweeneyEpic @MarkRein @imcharliewen @JustTeddii @Disney @Pixar https://t.co/HNx1QOGtHb,2033742871124447240,https://pbs.twimg.com/media/HDlNjzia8AAsk0x.png,,en,,0,0,0,https://x.com/undefined/status/2033742871124447240,2398647068,
2033742865411592564,Tue Mar 17 03:10:58 +0000 2026,0,He cant wait to stick the boot in Bootle Blue. Were in a transition season still within CL football and 2 Cups yet hes talkin like were in relegation. Shitehawk will be pissed makin a show if we win ,2033742865411592564,,,en,,0,0,0,https://x.com/undefined/status/2033742865411592564,1015055972388261888,
2033550856059260931,Tue Mar 17 03:10:57 +0000 2026,0,@MegalodonVT Math is Blue English is Yellow History is Red Science is Green,2033742859363299674,,MegalodonVT,en,,0,0,0,https://x.com/undefined/status/2033742859363299674,2743636743,
2033730716589039672,Tue Mar 17 03:10:56 +0000 2026,1,@xoxomirr23 They get mad when blue &amp; family don t wanna claim him bt she does this plays victim,2033742854221439316,,xoxomirr23,en,,0,0,0,https://x.com/undefined/status/2033742854221439316,2781280626,
2033742853156020726,Tue Mar 17 03:10:55 +0000 2026,0,#nowplaying BLUE by ViViD via @AWA_official https://t.co/khubLs99hL,2033742853156020726,,,en,,0,0,0,https://x.com/undefined/status/2033742853156020726,267772511,
2033740896403964170,Tue Mar 17 03:10:53 +0000 2026,0,@ericswalwell As a former registered democrat who left the party when I really looked at what Democrats have done to blue cities across America like Eric has done to California. Why would you ever vote for a Democrat whose policies give you this? Republican 1960s vs Democrat today ,2033742843676708904,,ericswalwell,en,,0,0,0,https://x.com/undefined/status/2033742843676708904,1585708323839549441,
2028680798870663469,Tue Mar 17 03:10:51 +0000 2026,0,@archivistmoreau He went to speak again pausing immediately at Elizabeth's blunt words. A brow rose and suddenly Elizabeth could see Simon had no pupils. Solid beautiful blue eyes watched her now. Well then Miss Laurens..You are correct of course..But what I hide is what you cannot +,2033742836428853451,,archivistmoreau,en,,0,1,0,https://x.com/undefined/status/2033742836428853451,1954169952745009152,
2033382832643695045,Tue Mar 17 03:10:51 +0000 2026,1,@Amre9dra @usanewshq Blue jean overalls would look better. https://t.co/feaCU5KOAW,2033742835585782038,https://pbs.twimg.com/media/HDlOUzsaMAAcm5j.jpg,Amre9dra,en,,0,0,0,https://x.com/undefined/status/2033742835585782038,41206720,
2033572115824119878,Tue Mar 17 03:10:51 +0000 2026,0,@TrumpsHurricane Why no blue or purple hair?,2033742832591335659,,TrumpsHurricane,en,,0,0,0,https://x.com/undefined/status/2033742832591335659,1831339870490677249,
2033733702891786393,Tue Mar 17 03:10:50 +0000 2026,0,@priyakuttytwtz Blue,2033742828824895844,,priyakuttytwtz,en,,0,0,0,https://x.com/undefined/status/2033742828824895844,1016367271231434752,
2033742827990266180,Tue Mar 17 03:10:49 +0000 2026,0,衣服に鳥のフンを被弾し、朝からkind of blue,2033742827990266180,,,ja,,0,0,0,https://x.com/undefined/status/2033742827990266180,364798856,
2033742823305187437,Tue Mar 17 03:10:48 +0000 2026,1,If you follow the seven deadly sins you have to agree that consumer blue dolphin culture IS the great satan...it uses every one as a virtue,2033742823305187437,,,en,,0,1,0,https://x.com/undefined/status/2033742823305187437,212321156,
2033741379277377998,Tue Mar 17 03:10:48 +0000 2026,1,@s6berr WAITT BLUE ON STREAM??,2033742822143033544,,s6berr,en,,0,0,0,https://x.com/undefined/status/2033742822143033544,1201585611351695361,
2033738240092737720,Tue Mar 17 03:10:45 +0000 2026,0,@OfficialMONSTAX my real first guesses! - growing pains - on our way - baby blue - glass half empty - main attraction - enemies eith benefits - sorry to myself - before you met me additional: - feel u - heal #MONSTAX #UNFOLD #언폴드 https://t.co/pp9WwkE9Vv,2033742808956473793,https://pbs.twimg.com/media/HDlOS01bEAAGlQs.jpg,OfficialMONSTAX,en,,0,0,0,https://x.com/undefined/status/2033742808956473793,226474030,
2033742799376388412,Tue Mar 17 03:10:43 +0000 2026,0,Mississippi primary election results for March 10: See who won https://t.co/NqSVlLf04g Mississippi turn Blue november midterm,2033742799376388412,,,en,,0,0,0,https://x.com/undefined/status/2033742799376388412,711783948993429504,
2033531357469495380,Tue Mar 17 03:10:42 +0000 2026,0,@sonikudzu @MGTOW_Mot @michelleakin It's why he's blue,2033742797447086313,,sonikudzu,en,,0,0,0,https://x.com/undefined/status/2033742797447086313,1483383814646861828,
2033742795890991128,Tue Mar 17 03:10:42 +0000 2026,9,Sky is blue but luka got the best stepback in the league,2033742795890991128,,,en,,0,0,0,https://x.com/undefined/status/2033742795890991128,1376403414918238209,
2033727757209727323,Tue Mar 17 03:10:42 +0000 2026,0,@BLou11k First mia khalifa second bonnie blue next who's b lou?,2033742795471745039,,BLou11k,en,,0,0,0,https://x.com/undefined/status/2033742795471745039,1846818042095063041,
2033742752828248223,Tue Mar 17 03:10:32 +0000 2026,4,Keep pushing Anons... For freedom. 🇺🇸 https://t.co/ejMuKoNpSX,2033742752828248223,https://pbs.twimg.com/ext_tw_video_thumb/2033742476809539585/pu/img/mME9aa04BlgUEAR4.jpg,,en,,0,1,2,https://x.com/undefined/status/2033742752828248223,964579576302063617,
2033742743869288787,Tue Mar 17 03:10:32 +0000 2026,0,遊戯王ラッシュデュエル　買取情報 ｼｰｸﾚｯﾄ/ｳﾙﾄﾗﾊﾟﾗﾚﾙ等強化買取中 青眼の白龍　RED　￥40 000 連撃竜ドラギアス　RED　￥15 000 ブラック・マジシャン　BLUE　￥13 000 カードガンナー　￥4 000 七宝船　イラスト違い　￥8 000 火の粉　￥2 200 などなど‼️‼️ https://t.co/n5uI8QRh2e,2033742753503580386,https://pbs.twimg.com/media/HDlODf2akAAgH5k.jpg,Amakudari_cards,ja,,0,1,0,https://x.com/undefined/status/2033742753503580386,1641971774844973058,
2033710806173413427,Tue Mar 17 03:10:35 +0000 2026,0,@JimmyJ4thewin Anybody who suggests there is more blue than white on Israeli flag is antisemitic!,2033742768162377790,,JimmyJ4thewin,en,,0,0,0,https://x.com/undefined/status/2033742768162377790,3699780557,
2033591739198673274,Tue Mar 17 03:10:30 +0000 2026,1,@ArtisanAles1 @prowrstlngstrng @jonesysbus Republicans were the ones who started mass importing mexicans for their cheap labor it was after that when dems realized they vote blue that they started to do it as well. if you only blame one party for this you are a slave,2033742747413188686,,ArtisanAles1,en,,0,0,0,https://x.com/undefined/status/2033742747413188686,418195018,
2033635491145236791,Tue Mar 17 03:10:30 +0000 2026,0,@RioTazewell Try CA NY NM AZ and every other Blue state MN IL MI PA RI NJ MA ME NH VT,2033742744795922847,,RioTazewell,en,,0,0,0,https://x.com/undefined/status/2033742744795922847,1644700135115436032,
2033733702891786393,Tue Mar 17 03:10:28 +0000 2026,0,@priyakuttytwtz @boomerehh1 Blue ,2033742737972072657,,priyakuttytwtz,en,,0,0,0,https://x.com/undefined/status/2033742737972072657,1268862287260995585,
2033742737368080869,Tue Mar 17 03:10:28 +0000 2026,5,let's all be real ang blue chip recruits lang ng ls is si jolina thea alleiah angel and emem beh other than that lahat na homegrown or di kaya nakitaan ng potential ni coach rdj hahahaha,2033742737368080869,,,tl,,0,1,0,https://x.com/undefined/status/2033742737368080869,1591716588063186944,
2033742734151090527,Tue Mar 17 03:10:27 +0000 2026,0,3/17【買取強化】 BANDAI たまごっちパラダイス Tamagotchi Paradise - Blue Water　新品　7500円 #たまごっちパラダイス https://t.co/qCv4uXaXHR https://t.co/TglW4finbq,2033742734151090527,https://pbs.twimg.com/media/HDlOIGxbEAAP6et.jpg,,ja,,0,0,0,https://x.com/undefined/status/2033742734151090527,2590730568,
2033730047056683251,Tue Mar 17 03:10:24 +0000 2026,0,@AliyahsW0rld girl if you don t tell me what blue that is..,2033742721169399898,,AliyahsW0rld,en,,0,0,0,https://x.com/undefined/status/2033742721169399898,1854652873818423296,
2033722700674568203,Tue Mar 17 03:10:24 +0000 2026,0,@fran91246 @TheHoopCentral Just say you re not watching the game and trying to get engagement like the other blue check Bron hate pages. There I tossed you 30 cents for my engagement clown https://t.co/XkPu2kP4vL,2033742719735279732,https://pbs.twimg.com/tweet_video_thumb/HDlOOTtbsAATcPf.jpg,fran91246,en,,0,1,0,https://x.com/undefined/status/2033742719735279732,124847635,
2033449580314980444,Tue Mar 17 03:10:23 +0000 2026,0,@valv64610646 @Thugnificent950 @luvblackstarr I said Kawaki saving Boruto finally makes up for saving him from Code and it's the first useful thing he did in This show. As in Two Blue Vortex. You talk about reading comprehension but you're slow af and if you didn't understand that.,2033742717864366512,,valv64610646,en,,0,1,0,https://x.com/undefined/status/2033742717864366512,965561986850349058,
2033712566292365478,Tue Mar 17 03:10:22 +0000 2026,0,@THEJaxEsq The color questioning. Green no hazel even blue sometimes. Maybe I can get green tomorrow,2033742714525581634,,THEJaxEsq,en,,0,0,0,https://x.com/undefined/status/2033742714525581634,246032491,
2033612266801594469,Tue Mar 17 03:10:22 +0000 2026,0,@promptprincess @nocontextmemes @reolovesemily I was hoping it d still be blue but link to a user does not exist so for a sec you might think it was there ,2033742712298700801,,promptprincess,en,,0,0,0,https://x.com/undefined/status/2033742712298700801,1541630708455579648,
2033742708205060570,Tue Mar 17 03:10:21 +0000 2026,1,My Blue wig https://t.co/nbs0SnQaCP,2033742708205060570,https://pbs.twimg.com/media/HDlONhIbsAADm20.jpg,,en,,0,0,0,https://x.com/undefined/status/2033742708205060570,2033740955397066757,
2033742686365143221,Tue Mar 17 03:10:16 +0000 2026,0,Blue Electric Light Lenny Kravitz Hawaiian Shirt The #BlueElectricLight #LennyKravitz shirt blends vibrant Hawaiian style with iconic flair perfect for bold fashion statements. https://t.co/7fSHbpl2px https://t.co/qqFHZBET4y,2033742686365143221,https://pbs.twimg.com/media/HDlOMkUXkAAUolT.jpg,,en,,0,0,0,https://x.com/undefined/status/2033742686365143221,2004116823596527616,
2033722325275725956,Tue Mar 17 03:10:15 +0000 2026,0,@BlueLBurberry Well aren t you being nice and kind Mr. Blue!,2033742684762865781,,BlueLBurberry,en,,0,0,0,https://x.com/undefined/status/2033742684762865781,815763222217232386,
2033013423135453591,Tue Mar 17 03:10:14 +0000 2026,1,@CloudMonkeyTWT Blue slime XD,2033742680832798825,,CloudMonkeyTWT,en,,0,0,0,https://x.com/undefined/status/2033742680832798825,1288941044172754945,
2033742657881592181,Tue Mar 17 03:10:09 +0000 2026,0,Neon Circuit Dreams: #Woman with glowing cyan circuit #tattoos stands in rain-soaked #cyberpunk city bathed in neon magenta and blue lights creating mysterious #atmosphere #futuristic #neon #aiart #aiphoto #stockcake ⬇️ Download and Prompt https://t.co/NF4fgpE9Br https://t.co/JbBdVZwD5Q,2033742657881592181,https://pbs.twimg.com/media/HDlOKzAXQAAb4kF.jpg,,en,,0,0,0,https://x.com/undefined/status/2033742657881592181,1755321046742503424,
2033696398621765924,Tue Mar 17 03:10:07 +0000 2026,1,@TruthSeek01011 @KeruboSk White collar showers in the morning blue collar showers in the evening; and are better for it.,2033742651581698055,,TruthSeek01011,en,,0,0,0,https://x.com/undefined/status/2033742651581698055,714573912,
2033526837091938412,Tue Mar 17 03:10:05 +0000 2026,1,@SpacebarOpiates @OwenGregorian No this vacuum ultraviolet laser gets absorbed by air organics and pretty much any roof material blue paint or not. It's a lab-scale tool for atomic clocks chip inspection and combustion research not home defense (or offense). Your house is safe from it.,2033742641070801100,,SpacebarOpiates,en,,0,0,0,https://x.com/undefined/status/2033742641070801100,1720665183188922368,
2033742626541748624,Tue Mar 17 03:10:01 +0000 2026,0,Ricky crying during blue oh my baby️,2033742626541748624,,,en,,0,0,0,https://x.com/undefined/status/2033742626541748624,1643257421320658946,
2033742623366856850,Tue Mar 17 03:10:01 +0000 2026,0,illuso adn formaggio ..... or sorbet and gelato but sorbet kinda hashtag blue,2033742623366856850,,,en,,0,0,0,https://x.com/undefined/status/2033742623366856850,2005965885572538370,
2033742622951673958,Tue Mar 17 03:10:01 +0000 2026,0,Kardi out blue gonna say wtf her car crying bitch I laughed so hard,2033742622951673958,,,en,,0,0,0,https://x.com/undefined/status/2033742622951673958,1619090491957514240,
2033542431560605874,Tue Mar 17 03:10:00 +0000 2026,0,@TeamDragonsterr https://t.co/6aUYbGtc2A,2033742622557413802,https://pbs.twimg.com/media/HDlOIrZbQAA7d0K.png,TeamDragonsterr,qme,,0,0,0,https://x.com/undefined/status/2033742622557413802,2334773442,
2033742620413899151,Tue Mar 17 03:10:00 +0000 2026,1,HARROWS JAPAN 新製品 3月20日(金) SOLO フライト発売🇬🇧 価格：1 530(税込) カラー：Black / Clear / Blue / Red / Yellow サイズ：Short / Midi / Medium フライトの表面にエアロコアテクノロジーを採用。 安定した飛びを実現する一体型NEWフライト！ #darts #Harrows #HarrowsJapan https://t.co/9aLLTSusl9,2033742620413899151,https://pbs.twimg.com/media/HDk_fPfbEAMme9p.jpg,,ja,,0,0,1,https://x.com/undefined/status/2033742620413899151,1085341969792958464,
2033742619826917882,Tue Mar 17 03:10:00 +0000 2026,0,【ブルアカ】ツムギとツルギのダブルデスボ待ってます！ https://t.co/D0T7X7YONw #ブルアカ #ブルーアーカイブ,2033742619826917882,,,ja,,0,0,0,https://x.com/undefined/status/2033742619826917882,1007898819961356288,
2033742618794795026,Tue Mar 17 03:10:00 +0000 2026,3,Joe Rogan is finally bringing MUCH NEEDED attention to the Democrats plan of rigging our elections by allowing illegals to vote in local elections using just their blue state issued driver s licenses as proof of verification rather than citizenship. Minnesota elections https://t.co/kHCRhoG3jK,2033742618794795026,https://pbs.twimg.com/amplify_video_thumb/2033742494534430720/img/ilf31CcqWv6HLxin.jpg,,en,,0,0,0,https://x.com/undefined/status/2033742618794795026,1832074115521363968,
2033600687557558393,Tue Mar 17 03:09:55 +0000 2026,1,@MtcChennai @avadiupdates @prabhusean7 Why 5 Blue Buses(Magalir Vidiyal Payanam) on 120 #Avadi-#Broadway from #Ayanavaram AY Depot was Stopped.Only 2 Buses from Avadi AV Depot Operating on Route 120 Affecting Women School College Students Public.Introducing AC Buses &amp; Reducing Blue Buses? @MtcChennai @CumtaOfficial https://t.co/pUwctTqBSa,2033742599056732562,https://pbs.twimg.com/media/HDlOHapbgAAHACd.jpg,MtcChennai,en,,0,0,1,https://x.com/undefined/status/2033742599056732562,1426760144277237761,
2033444281151594554,Tue Mar 17 03:09:54 +0000 2026,0,@AR1ANAGRCNDE blue moon remix you re so close https://t.co/31Ui915xhB,2033742594673672303,https://pbs.twimg.com/tweet_video_thumb/HDlOG7rbEAADsHU.jpg,AR1ANAGRCNDE,en,,0,0,0,https://x.com/undefined/status/2033742594673672303,1557815184864907265,
2033742575480279497,Tue Mar 17 03:09:49 +0000 2026,4,James Lindsay was right. @Erin4Parents vs. the world? Never been done before. Media and radical blue state gov opposing. No mega-donors or national support. Bet on Erin. She and 3000+ volunteers delivered. @ProtectKidsCO *projected* to make ballot on all three issues. https://t.co/AvB2gu2CEP,2033742575480279497,https://pbs.twimg.com/media/HDlOGAGakAArVG2.jpg,,en,,0,0,1,https://x.com/undefined/status/2033742575480279497,1688378409095663616,
2033707862170489323,Tue Mar 17 03:09:45 +0000 2026,0,@NoonTheWolf I respect Hazel and/or Brown fursuit eyes more since 99% of the fandom tends to use: Green Blue Purple or Yellow eyes.,2033742556266451290,,NoonTheWolf,en,,0,0,0,https://x.com/undefined/status/2033742556266451290,1967982879549558785,
2033526837091938412,Tue Mar 17 03:09:43 +0000 2026,0,@OwenGregorian Hey @grok will a blue roof still protect our home from this laser?,2033742550872297842,,OwenGregorian,en,,0,1,0,https://x.com/undefined/status/2033742550872297842,1535391703481319425,
2033737539669090657,Tue Mar 17 03:09:39 +0000 2026,0,@SatiricalVoice1 Thank you! Blue skies and boundless clarity your way too. ️,2033742530840559802,,SatiricalVoice1,en,,0,0,0,https://x.com/undefined/status/2033742530840559802,1729495286,
2033739754064183693,Tue Mar 17 03:09:35 +0000 2026,0,@verstlec ajajskskd q tu perfil era cmo ese baby blue peRO QUE ESTA LINDO AGOS 10 D 10 ES CMO NSE q lindo,2033742517443694637,,verstlec,pt,,0,1,0,https://x.com/undefined/status/2033742517443694637,1969468452780793856,
2033742509344543188,Tue Mar 17 03:09:33 +0000 2026,0,Today is specially dedicated to boss @john322226 comment section. I no know how I want to am inside that pool of blue ticks o but God will help me . Good morning boss @john322226,2033742509344543188,,,en,,0,0,0,https://x.com/undefined/status/2033742509344543188,334073187,
2033391169602732513,Tue Mar 17 03:09:33 +0000 2026,0,@_sn_n I feel like I always need to remind people who say this it s end product bias. There is almost no electricity generated in the blue.,2033742506412683662,,_sn_n,en,,0,0,0,https://x.com/undefined/status/2033742506412683662,306873895,
2033738445688909929,Tue Mar 17 03:09:30 +0000 2026,1,@goldolucian0_ Coloca no telegram BLUE Consultas Bot .,2033742495637487792,,goldolucian0_,pt,,0,0,0,https://x.com/undefined/status/2033742495637487792,872711274152546305,
2033742494031097938,Tue Mar 17 03:09:30 +0000 2026,0, What the blue words say? ,2033742494031097938,,,en,,0,0,0,https://x.com/undefined/status/2033742494031097938,117116593,
2033742484539642264,Tue Mar 17 03:09:28 +0000 2026,2,#Martin 1st impression of #Keonho (wearing VANS) to : curly hair glasses yellow and blue checkered Vans shoes cropped slacks and t-shirt. He seems quiet innocent and kind. I remember his 1st evaluation tho it was his 1st he did very well. https://t.co/c3xoda6IZD,2033742484539642264,https://pbs.twimg.com/amplify_video_thumb/1965989171962720258/img/KZIbhXMbxVAZupo3.jpg,,en,,0,0,0,https://x.com/undefined/status/2033742484539642264,1963843122213044224,
2033588878234325238,Tue Mar 17 03:09:27 +0000 2026,0,@sunlove But no blue checkmark I have to maximize character efficiency.,2033742480378593482,,sunlove,en,,0,0,0,https://x.com/undefined/status/2033742480378593482,1207344832751919104,
2033639663383031912,Tue Mar 17 03:09:26 +0000 2026,0,@lockecole777 @XenonsOfficial @Arvydas_B Different lights more advanced light tracking and bounce= change in color and shade remember the infamous dressgold or blue,2033742479615291895,,lockecole777,en,,0,1,0,https://x.com/undefined/status/2033742479615291895,1535023355849592843,
2033669928738230451,Tue Mar 17 03:09:24 +0000 2026,1,@JDVance Yet nothing is ever done It s time for leadership that is not Blue or Red backed by AIPAC.,2033742469406347398,,JDVance,en,,0,0,0,https://x.com/undefined/status/2033742469406347398,2009075961527193600,
2033719404173922592,Tue Mar 17 03:09:22 +0000 2026,1,@ja3k_ no actually i think there's research showing that girls have more well-developed/numerous photoreceptors leading to better shade discernment and a preference for pinks/mixed colors/pastels while boys prefer primary colors like red blue,2033742460090798183,,ja3k_,en,,0,0,0,https://x.com/undefined/status/2033742460090798183,796214592124964865,
2033742458342019232,Tue Mar 17 03:09:21 +0000 2026,0,Congrats Yoongi and the MIND team! It's a fulfillment of a dream. Seeing his name credited for the program makes me happy for him. The manual's outline and description will interest ARMYs in the associated field of study. Love the cover in blue with that yellow umbrella. ,2033742458342019232,,,en,,0,0,0,https://x.com/undefined/status/2033742458342019232,1462747104904896517,
2033536125172658359,Tue Mar 17 03:09:20 +0000 2026,0,@Chicago1Ray @_USAdvocate @LeaderJohnThune I m sorry Senator Thune- you re out. We are PISSED. We need a Leader who will fight for us the nearly 80 million. Pass the SAVE AMERICA ACT or get out of the way. Get judges and prosecutors confirmed. Get rid of blue slips. Enforce the talking filibuster. For the last time! https://t.co/RpFT8p3YwF,2033742454151643376,https://pbs.twimg.com/tweet_video_thumb/HDlN-yFXUAAxfRs.jpg,Chicago1Ray,en,,0,0,0,https://x.com/undefined/status/2033742454151643376,408221522,
2033715067896926594,Tue Mar 17 03:09:17 +0000 2026,0,@Dejota_SPS @splinterlands That looks about right. Not blue or cat enough though.,2033742438419107842,,Dejota_SPS,en,,0,0,0,https://x.com/undefined/status/2033742438419107842,1399560842547392517,
2033742435713749222,Tue Mar 17 03:09:16 +0000 2026,0,━━━━━━━━━━━━━ musafes INFORMATION ━━━━━━━━━━━━━ 3月20日（金祝）吉祥寺BLACK&amp;BLUE 武蔵野音楽祭 20th ANNIVERSARY 蓮の音カーニバルプレミアム ／ BLACK&amp;BLUEで観たい 絶対お酒が進む3マン タイムテーブル公開️ ＼ 21:10-21:40 https://t.co/pekDxVnkEx,2033742435713749222,https://pbs.twimg.com/media/HDlN9s8bEAQZ2bU.jpg,,ja,,0,0,0,https://x.com/undefined/status/2033742435713749222,733253739889319936,
2033742414255378783,Tue Mar 17 03:09:11 +0000 2026,16,Nendoroid Yuuka from Blue Archive is back! If you missed out previously make sure you add this diligent and sharp-witted Seminar Treasurer for your shelf. Preorder now to score a GSC Exclusive Bonus Base! Shop: https://t.co/etjBQOaxMP #BlueArchive #Goodsmile https://t.co/kaPvvCM9ix,2033742414255378783,https://pbs.twimg.com/media/HDlN8pbWQAANW5E.jpg,,en,,0,0,2,https://x.com/undefined/status/2033742414255378783,755974370,
2033734231709413807,Tue Mar 17 03:09:10 +0000 2026,0,@raps_in_6_ @BarDown That was totally uncalled for. I sense envy and/or jealousy. Spoken like a true blue Leafs fan.,2033742410917023749,,raps_in_6_,en,,0,0,0,https://x.com/undefined/status/2033742410917023749,2810007529,
2033742407913836823,Tue Mar 17 03:09:09 +0000 2026,18,State bird of Nevada embodies the state colors of Nevada - blue and silver. https://t.co/YcAT7cAVjc,2033742407913836823,https://pbs.twimg.com/media/HDlN8SybUAANXwR.jpg,,en,,1,0,0,https://x.com/undefined/status/2033742407913836823,1247894345866346504,
2033635120066801910,Tue Mar 17 03:09:08 +0000 2026,0,@TransfersToffee @smigger1878 @premierleague Just a reminder how your fans been bouncing around proud and lecturing everyone about how you smashed the red cartel The only thing you ve got is being the one blue club that got absolutely nothing out of the cheating blue cartel. And now you re crying about it. Spare me.,2033742402238689615,,TransfersToffee,en,,0,0,0,https://x.com/undefined/status/2033742402238689615,567411405,
2033742399730598018,Tue Mar 17 03:09:08 +0000 2026,0, Damn who s texting you?? The blue and yellow brigade bro,2033742402213544292,,trevspengIer,en,,0,0,0,https://x.com/undefined/status/2033742402213544292,1171466443122233344,
2033665614967914664,Tue Mar 17 03:09:08 +0000 2026,0,@SportsGreatest0 1 for the bengals 1 for the blue jackets 1 for the reds 1 for Ohio State football 1 for Ohio state men s basketball,2033742401274085706,,SportsGreatest0,en,,0,0,0,https://x.com/undefined/status/2033742401274085706,1628816755014438918,
2033742379531083864,Tue Mar 17 03:09:03 +0000 2026,0,I am obviously not here for clicks or approval. I don't have a blue check mark for a reason. And I have consistently supported Trump and MAGA and that is not about to change! I will tell it like it is and say whatever I damn well please. If you are truly NOT America First fk off,2033742379531083864,,,en,,0,0,0,https://x.com/undefined/status/2033742379531083864,731539992602804224,
2033742373461672346,Tue Mar 17 03:09:01 +0000 2026,2,https://t.co/OMGOUT4lpb,2033742373461672346,https://pbs.twimg.com/media/HDlN6XmXkAAHSnr.jpg,,zxx,,0,0,0,https://x.com/undefined/status/2033742373461672346,1436721503140200449,
2033589405605138516,Tue Mar 17 03:09:00 +0000 2026,0,@gardenofcolours Sky Blue,2033742367384121658,,gardenofcolours,en,,0,0,0,https://x.com/undefined/status/2033742367384121658,1675656502546161664,
2033684479047569588,Tue Mar 17 03:08:57 +0000 2026,0,@TheRealSantino message to Javier stay out of politics and just do your craft - Gene Simmons ( Demon from the Kiss Rock band ) https://t.co/SsHZpSAtkX,2033742357372539052,https://pbs.twimg.com/media/HDlN5X9aEAAZjU5.jpg,blueislandcomix,en,,0,0,0,https://x.com/undefined/status/2033742357372539052,1598137786413895680,
2033696595649433644,Tue Mar 17 03:08:53 +0000 2026,0,@zkurishi I hope the Japanese tear the localizer's reputation to shreds and ban her from their country. These people are poison. They do not represent fans. You cannot purge the blue butterflies from your industry fast enough. https://t.co/fmiNK7wUWM,2033742338208436462,https://pbs.twimg.com/tweet_video_thumb/HDlN4CGbEAIWs0H.jpg,zkurishi,en,,0,0,0,https://x.com/undefined/status/2033742338208436462,1940062378080530432,
2033742333532131603,Tue Mar 17 03:08:52 +0000 2026,0,WILD BLUEのライブでもわぶっていきましょう！交換探しております。 【譲】 通し券　AB列 13-30 【求】8～ 座席権利または発券番号でのお譲り。 ご希望の方はDMにて必要事項記載の上ご連絡お願い致します。 #WILDBLUE譲 #WILDBLUE求 #ROIROM譲,2033742333532131603,,,ja,,0,0,0,https://x.com/undefined/status/2033742333532131603,1647756023074271233,
2033445902287818949,Tue Mar 17 03:08:51 +0000 2026,0,@TheDeltaFarmerX Lol! I ve got a Pyrenees mix. He isn t afraid of anything but one day I was sitting in the garage near the open doors during a thunderstorm and out of nowhere lightning struck very close. It sounded like dynamite with a blue flash of light around me. I felt the static in my,2033742329358569549,,TheDeltaFarmerX,en,,0,0,0,https://x.com/undefined/status/2033742329358569549,1772342210542895104,
2033185886675030343,Tue Mar 17 03:08:49 +0000 2026,0,@MissDeliveryy @yoxics Why dont you ask the person who said he was sexting a minor? What was his name Conor? Just out of the blue no proof or anything. And nick yea that guy is real he knew doc cheated on his wife back in 2017 where was that same energy back than? Instead react vids of doc. Fake.,2033742324065570879,,MissDeliveryy,en,,0,0,0,https://x.com/undefined/status/2033742324065570879,1805805952761053185,
2033741608621932911,Tue Mar 17 03:08:48 +0000 2026,0,Creo que es un simple problema de exposición y solo apuntó al problema equivocado. Ya que creo entender a q se refiere Ahora llegar a creer que existen vínculos reales o un mundo real igual para todos lo considero una conclusión con más ego que el flaco de Blue Lock,2033742320160408045,,HolaSoyDaichi,es,,0,0,0,https://x.com/undefined/status/2033742320160408045,1959283542657048576,
2033742304939311506,Tue Mar 17 03:08:48 +0000 2026,0, Alexis the coach says frowning. You need to calm down. You're the captain. Project that confidence. Ness apologizes. He can do this of course. He needs to take charge of the team and his relationship with Kaiser but he hates Japan he hates Blue Lock and he hates Yoichi,2033742318142935415,,xAngyLopez,en,,0,1,0,https://x.com/undefined/status/2033742318142935415,882675262281981954,
2033742305585238349,Tue Mar 17 03:08:45 +0000 2026,0,Gorgeous Blue Bunny made it out!! Yay Pound Hounds ResQ and the foster ,2033742305585238349,,,en,,0,0,0,https://x.com/undefined/status/2033742305585238349,1823146904831877120,
2033742303697699025,Tue Mar 17 03:08:44 +0000 2026,0,Dólar hoy y dólar blue hoy: cuál es la cotización del martes 17 de marzo minuto a minuto https://t.co/Jm3Te6L78k https://t.co/lqp67P2yti,2033742303697699025,https://pbs.twimg.com/media/HDlN1wxWAAA5kEr.jpg,,es,,0,0,0,https://x.com/undefined/status/2033742303697699025,62806842,
2033742295682465911,Tue Mar 17 03:08:43 +0000 2026,0,You really can't go wrong with blue cheese dressing but Marzetti Chunky Blue Cheese Dressing stands out above the rest and is beloved across the internet too. https://t.co/6yePTpmlZK,2033742295682465911,,,en,,0,0,0,https://x.com/undefined/status/2033742295682465911,1648379567910928393,
2033742293140713653,Tue Mar 17 03:08:42 +0000 2026,2,Hoje tem Chelsea em campo em busca do milagre! https://t.co/SGEqD4fyP8,2033742293140713653,https://pbs.twimg.com/media/HDlN1p6XkAAE3dm.jpg,,pt,,0,0,0,https://x.com/undefined/status/2033742293140713653,1716521125436325888,
2033740096810123557,Tue Mar 17 03:08:42 +0000 2026,0,@ClaviUpdates Blue seemed upset ,2033742291903316234,,ClaviUpdates,en,,0,0,0,https://x.com/undefined/status/2033742291903316234,2020712394977333248,
2033742288891863106,Tue Mar 17 03:08:41 +0000 2026,0,I m smoking on that shit that made Bonnie Blue,2033742288891863106,,,en,,0,0,0,https://x.com/undefined/status/2033742288891863106,1810116621752745984,
2033742281577271556,Tue Mar 17 03:08:39 +0000 2026,1,━━━━━━━━━━━━━ musafes INFORMATION ━━━━━━━━━━━━━ 次回武蔵野音楽祭は 3月20日（金祝）吉祥寺BLACK&amp;BLUE 武蔵野音楽祭 20th ANNIVERSARY 蓮の音カーニバルプレミアム ／ 勝手に武蔵野次世代 熱烈40分3マンLIVE タイムテーブル公開️ ＼ 14:10-14:50 https://t.co/aiVFUXqCzi,2033742281577271556,https://pbs.twimg.com/media/HDlN0v1bEAEjtUF.jpg,,ja,,0,0,0,https://x.com/undefined/status/2033742281577271556,733253739889319936,
2033737766865940774,Tue Mar 17 03:08:38 +0000 2026,1,@coreyalex @UnderdogNBA Notice how the 2 people who replied to you are OKC fans they re blue in the face defending that shit,2033742274757038405,,coreyalex,en,,0,0,0,https://x.com/undefined/status/2033742274757038405,1595857691699724288,
2033742264120566203,Tue Mar 17 03:08:35 +0000 2026,0,【 予約開始！！- でじたみん(楽天) 】 再販 ねんどろいど ブルーアーカイブ -Blue Archive- 早瀬ユウカ グッドスマイルカンパニー フィギュア 【8月予約】 https://t.co/f6g4Sbvs2d ■PR 744317,2033742264120566203,,,ja,,0,0,0,https://x.com/undefined/status/2033742264120566203,1380055681168908289,
2033742262052770115,Tue Mar 17 03:08:35 +0000 2026,0,【 3%OFF！！予約受付開始！- DMM通販 】 【再販】ねんどろいど 早瀬ユウカ ブルーアーカイブ-Blue Archive- https://t.co/vBmX1w4zYF ■PR 436023 https://t.co/3hZCuTRUvh,2033742262052770115,https://pbs.twimg.com/media/HDlNzj-bEAATBxW.png,,ja,,0,0,0,https://x.com/undefined/status/2033742262052770115,1380055681168908289,
2033706302824743424,Tue Mar 17 03:08:34 +0000 2026,0,@BlueWolfNFTs Gn Blue,2033742261536653581,,BlueWolfNFTs,en,,0,0,0,https://x.com/undefined/status/2033742261536653581,1383966267149733890,
2033695489439224080,Tue Mar 17 03:08:32 +0000 2026,0,@SpiritualSF_17 https://t.co/qEzVvFUUzg,2033742252913385980,https://pbs.twimg.com/tweet_video_thumb/HDlNxe-bEAI9t4k.jpg,SpiritualSF_17,qme,,0,0,0,https://x.com/undefined/status/2033742252913385980,964579576302063617,
2033742243857858621,Tue Mar 17 03:08:30 +0000 2026,0, MOLT WHALE ALERTS BLUE WHALE ━━━━━━━━━━━━━━━━━━━━ Big bags just changed hands. ⟠ 7.87K ETH $18 513 589 From: 0xb0a2...3d64 To: 0x0003...8d4e Ethereum Mainnet ⟠ https://t.co/W398zqG128 #ETH #MoltWhale #WhaleAlert #Ethereum,2033742243857858621,,,en,,0,0,0,https://x.com/undefined/status/2033742243857858621,792785395142590464,
2033576883527315601,Tue Mar 17 03:08:29 +0000 2026,0,@CTercermundista Y si me identifico Y con la música de Vegeta Royal Blue de fondo así o más épico? ,2033742239734644917,,CTercermundista,es,,0,0,0,https://x.com/undefined/status/2033742239734644917,1452549055,
2033741658366362083,Tue Mar 17 03:08:28 +0000 2026,1,@Skylinepack12 Hey thats m https://t.co/sX7CTfj462,2033742236618272852,https://pbs.twimg.com/tweet_video_thumb/HDlNyKfX0AApOW5.jpg,Skylinepack12,en,,0,1,0,https://x.com/undefined/status/2033742236618272852,1977192626555174912,
2033668298143891548,Tue Mar 17 03:08:28 +0000 2026,0,@IhejirikaS48939 @AwuluEmmnuel Lmao I have no love for those blue minions. The coward no dey reply my dm too. Life don tuff for am.,2033742234613350888,,IhejirikaS48939,en,,0,0,0,https://x.com/undefined/status/2033742234613350888,705723689715642369,
2033742228166975889,Tue Mar 17 03:08:26 +0000 2026,0,Personel Polsek Sipirok melaksanakan patroli Blue Light di wilayah Pasar Sipirok guna mengantisipasi gangguan kriminalitas serta menjaga situasi kamtibmas tetap aman dan kondusif. Kehadiran polisi pada malam hari juga bertujuan memberikan rasa aman bagi masyarakat yang melaksana https://t.co/WHQsImavho,2033742228166975889,https://pbs.twimg.com/media/HDlNxJAaMAA_tt3.jpg,,in,,0,0,0,https://x.com/undefined/status/2033742228166975889,1989908471056392192,
2033742218494693647,Tue Mar 17 03:08:24 +0000 2026,0,can i do black-blue jirai kei coords or is that like impossible,2033742218494693647,,,en,,0,0,0,https://x.com/undefined/status/2033742218494693647,1905052242769817600,
2033635479011074142,Tue Mar 17 03:08:21 +0000 2026,0,@parkersity_9 Duo: The bill is $50. Me: I don't know that. But I can tell you the horse is wearing a blue hat in German. @duolingo,2033742205161247052,,parkersity_9,en,,0,0,0,https://x.com/undefined/status/2033742205161247052,1984098795173638148,
2033742202887979482,Tue Mar 17 03:08:20 +0000 2026,1,READY. 🇺🇸 https://t.co/hX0kN477rG,2033742202887979482,https://pbs.twimg.com/ext_tw_video_thumb/2033742050441760773/pu/img/Lmg47kBdcxDLngGH.jpg,,en,,0,0,0,https://x.com/undefined/status/2033742202887979482,964579576302063617,
2033742201868718520,Tue Mar 17 03:08:20 +0000 2026,0,omg at least get the blue tick https://t.co/OUinF59N4D,2033742201868718520,https://pbs.twimg.com/media/HDlNwVlawAAFiWY.jpg,,en,,0,0,0,https://x.com/undefined/status/2033742201868718520,1918284461613170691,
2033741804903010551,Tue Mar 17 03:08:19 +0000 2026,0,@ALEARNINGHEART_ He said make it blue,2033742195304632475,,ALEARNINGHEART_,en,,0,0,0,https://x.com/undefined/status/2033742195304632475,1559252875079024641,
2033636379515560414,Tue Mar 17 03:08:16 +0000 2026,0,@toluogunlesi Who is that man in blue?,2033742184986333610,,toluogunlesi,en,,0,0,0,https://x.com/undefined/status/2033742184986333610,2574498514,
2033479958157299987,Tue Mar 17 03:08:13 +0000 2026,0,@lbrewer190 @Marion33163727 Oh dear The Blue Reich is crumbling ,2033742171916894554,,lbrewer190,en,,0,0,0,https://x.com/undefined/status/2033742171916894554,2449686481,
2033734015593943352,Tue Mar 17 03:08:09 +0000 2026,1,@bhaumikgowande +5 for capturing 10H a route that operates parallel to Blue line with one bus every 2 minutes but still gets crowded in peak.,2033742156360519816,,bhaumikgowande,en,,0,1,0,https://x.com/undefined/status/2033742156360519816,87183721,
2033678435546173781,Tue Mar 17 03:08:07 +0000 2026,0,@WheelerRipWA Damnit quit giving them so much land! They occupy less than this and light blue are retirement hippie communes easily retaken: https://t.co/qC1pKRXWQS,2033742145371402307,https://pbs.twimg.com/media/HDlNtF2bcAAprYF.jpg,WheelerRipWA,en,,0,0,0,https://x.com/undefined/status/2033742145371402307,1808696171835330560,
2033647834788954126,Tue Mar 17 03:08:05 +0000 2026,1,@_Jen_nifer_1 Now vote blue with the klan who has switched from the red cult,2033742140271161459,,_Jen_nifer_1,en,,0,0,0,https://x.com/undefined/status/2033742140271161459,2022090358050762752,
2033742129391145078,Tue Mar 17 03:08:03 +0000 2026,0,@X how do I get my blue check mark back? I had an account I deleted then I started a new account but it won t let me subscribe again.,2033742129391145078,,X,en,,0,0,0,https://x.com/undefined/status/2033742129391145078,2011489629686677511,
2033742105059996041,Tue Mar 17 03:07:57 +0000 2026,0,blue eyes + brown hair is the most dangerous combination https://t.co/X9XcRMjIMy,2033742105059996041,https://pbs.twimg.com/media/HDlNqWQasAAXNVx.jpg,,en,,0,0,0,https://x.com/undefined/status/2033742105059996041,2016823657541390336,
2033711886148186508,Tue Mar 17 03:07:57 +0000 2026,2,@JohnnyVomits @GovPressOffice Hillary was so ahead of times and so on point when she labeled the lot of them: DEPLORABLES. Around 30% of them make up the general population and that is the most concerning and worrying thing. The die-hard MAGA hardcore lot for whom 1+1= 4 white is not white blue not blue,2033742102723526927,,JohnnyVomits,en,,0,0,0,https://x.com/undefined/status/2033742102723526927,871820802139836416,
2033667314046947806,Tue Mar 17 03:07:54 +0000 2026,0,@Ivangarro26 @kblowharderr @Quequeres 1500 el dolar blue 3 lucas el kilo de asado 350 pe la nafta 20 lucas el seguro de un auto 1400 el dolar oficial y blue carne 20 lucas el kilo 1800 la super 150 lucas el seguro osea digamos rendian mas 500 lucas que ganabas en 2023 que palo y medio que ganes hoy osea digamos,2033742094066438396,,Ivangarro26,es,,0,0,0,https://x.com/undefined/status/2033742094066438396,1972712720727482369,
2033742093105930669,Tue Mar 17 03:07:54 +0000 2026,0,Blue was the colour of the Mother Mary. Red was the colour of Men. Blue was soft. Red was ambition and confidence.,2033742093105930669,,,en,,0,0,0,https://x.com/undefined/status/2033742093105930669,1945676902322315264,
2033649509532594245,Tue Mar 17 03:07:51 +0000 2026,0,@bamagirl_4_eva Keep it and wrap it immediately. Not keeping that gay blue color.,2033742080564990208,,bamagirl_4_eva,en,,0,0,0,https://x.com/undefined/status/2033742080564990208,90588183,
2033742057303408716,Tue Mar 17 03:07:46 +0000 2026,0,*entro no twitter* *foto do felca na tela falando que eu fui barrado* *desinstalo* *baixo o blue sky*,2033742057303408716,,,pt,,0,0,0,https://x.com/undefined/status/2033742057303408716,1923512679626637312,
2033738240092737720,Tue Mar 17 03:07:46 +0000 2026,0,@OfficialMONSTAX 1. Growing Pains 2. On Our Way 3. Baby Blue 4. Heal 5. Glass Half Empty 6. Main Attraction 7. Enemies With Benefits 8. Sorry To My Self 9. Before You Met Me 10. Feel U? #MONSTAX #Unfold,2033742057089703982,,OfficialMONSTAX,en,,0,0,0,https://x.com/undefined/status/2033742057089703982,768253961056858112,
2033741836435497168,Tue Mar 17 03:06:53 +0000 2026,0,CRASH - #PaTurnpike I-76 East at milepost 197.5 between Willow Hill Exit #189 &amp; Blue Mountain Exit #201. Stopped traffic at Kittatinny &amp; Blue Mountain Tunnels due to a crash in the tunnel. @PA_Turnpike @TotalTrafficMDT @cumberlink @abc27news @CBS21news @WGAL @fox43 https://t.co/h5vMEH6hnM,2033741836435497168,https://pbs.twimg.com/media/HDlNQbfbEAIpLBJ.jpg,,en,,0,1,0,https://x.com/undefined/status/2033741836435497168,745272072998391809,
2033574017488347596,Tue Mar 17 03:06:52 +0000 2026,0,@Fhibiofficial Pls how can I pay for blue tick on X,2033741831826026817,,Fhibiofficial,en,,0,1,0,https://x.com/undefined/status/2033741831826026817,1706976420314943488,
2033723986945679828,Tue Mar 17 03:06:49 +0000 2026,1,@pancham2203 Beautiful blue flowers Pancham ji also a beige color flower in the background matching perfectly with my saree Good morning to you Wishing you blessed and a wonderful Tuesday ,2033741819133956488,,pancham2203,en,,0,0,1,https://x.com/undefined/status/2033741819133956488,568614882,
2033696119272656903,Tue Mar 17 03:06:49 +0000 2026,0,@wickedstyle777 @acrimonyand Dito - Philly suburbs - lightning bugs were all around before 2000 in more densely populated areas. Now I usually only see them in the Blue Ridge,2033741818802720905,,wickedstyle777,en,,0,0,0,https://x.com/undefined/status/2033741818802720905,1072782572,
2033513763115045071,Tue Mar 17 03:06:48 +0000 2026,0,@sakugacontent Better than blue lock anime,2033741816269357424,,sakugacontent,en,,0,0,0,https://x.com/undefined/status/2033741816269357424,2006833838178316288,
2033740041072042352,Tue Mar 17 03:06:46 +0000 2026,1,@glitterspark413 Blue,2033741806907601010,,glitterspark413,en,,0,0,0,https://x.com/undefined/status/2033741806907601010,2016972463733690368,
2033672466803912898,Tue Mar 17 03:06:46 +0000 2026,1,@Onslaught544432 Oooh .. okay ! Anyways I got these really really nice pede decals the other day - they have hearts and and stars on the heel itself and it highlights the chunky part of my kibble to make it look all cute ! There was some blue in it but that got painted over .. anyways it- ,2033741806773625241,,Onslaught544432,en,,0,0,0,https://x.com/undefined/status/2033741806773625241,2028566369307066368,
2033741794538611042,Tue Mar 17 03:06:43 +0000 2026,1,Eu tô fazendo isso com o Blue da Joni Mitchell de graça,2033741794538611042,,,pt,,0,0,0,https://x.com/undefined/status/2033741794538611042,1156070991690420224,
2033740243841773581,Tue Mar 17 03:06:43 +0000 2026,2,@MY_MURMUR 早春の空気に似合うblue 諏訪部さん、みなさんにとって 素晴らしい日になりますように ͗ ͗,2033741792924086505,,MY_MURMUR,ja,,0,0,0,https://x.com/undefined/status/2033741792924086505,1263431555092869121,
2033741291029467295,Tue Mar 17 03:06:41 +0000 2026,5,Exsport Going On Laptop Backpack Sky Blue 14 Inch https://t.co/2O05xJfVf5 https://t.co/zD0HyMIFQ3,2033741784908763425,https://pbs.twimg.com/media/HDlNXzZbEAoLN72.jpg,RekomenShopee00,en,,0,1,0,https://x.com/undefined/status/2033741784908763425,1641917287128272898,
2033467218814538016,Tue Mar 17 03:06:39 +0000 2026,0,@KerryBurgess Tucker =/= fascism Tucker is a true slightly right of center conservative. He would make a great President at this pivotal moment. So would Thomas Massie and I would even throw Ro Khanna in the mix. I'm over this artificial red vs blue divide. It's about individuals not,2033741777404866979,,KerryBurgess,en,,0,0,0,https://x.com/undefined/status/2033741777404866979,1484429117743374337,
2033680672485679124,Tue Mar 17 03:06:38 +0000 2026,2,@EricLDaugh I think more and more that if California doesn t have all of its fraud that it would be a red state. Maybe some other blue states are red also ,2033741774381031494,,EricLDaugh,en,,0,1,0,https://x.com/undefined/status/2033741774381031494,1445139586238148611,
2033741758652420203,Tue Mar 17 03:06:35 +0000 2026,1,#RALEIGH ●「RALEIGH GALLAGHERITES ~ FOREVER YOUNG ~ SUNGLASSES」!! ⁡ ◾️店頭在庫 SMOKE x 1 BLUE x 1 レンズ上部にネーム入り!! RALEIGH特製メガネケースとメガネクロスが付属します‼︎ ◎ご購入はコチラ https://t.co/yr3pJySDeU https://t.co/ToCXmbduTG,2033741758652420203,https://pbs.twimg.com/media/HDlNWdfa4AArycQ.jpg,,ja,,0,0,0,https://x.com/undefined/status/2033741758652420203,3140225306,
2033733327635579136,Tue Mar 17 03:06:34 +0000 2026,2,@BoilerMuse They are most certainly not a blue blood. Not even close.,2033741757045682263,,BoilerMuse,en,,0,0,0,https://x.com/undefined/status/2033741757045682263,235809910,
2033741749278159142,Tue Mar 17 03:06:32 +0000 2026,0,【フォルメンテーラ】 ブラ　FOR-0880 - Off White / Yellow ¥19 965〜¥20 570 ショーツ FOR-0853 - Yellow / Light blue ¥8 228 全て税込価格 https://t.co/WzI1DUp1iH,2033741749278159142,https://pbs.twimg.com/media/HDlNVuCbEAQRgXG.jpg,,ja,,0,0,0,https://x.com/undefined/status/2033741749278159142,1829726674575138816,
2033710124431274293,Tue Mar 17 03:06:31 +0000 2026,0,@AlecLace He wont pay for the blue checkmark,2033741745159077944,,AlecLace,en,,0,0,0,https://x.com/undefined/status/2033741745159077944,26097529,
2033740354789519656,Tue Mar 17 03:06:31 +0000 2026,0,@Grummz And these retro games are far better than the games churned out when the blue-haired activists took over.,2033741742587908278,,Grummz,en,,0,0,0,https://x.com/undefined/status/2033741742587908278,1905339403045597185,
2033741728503542267,Tue Mar 17 03:06:27 +0000 2026,1,@john322226 na me first tag you today quote retweet and send money for blue tick.,2033741728503542267,,john322226,en,,0,0,1,https://x.com/undefined/status/2033741728503542267,1364600882671869960,
2033737931085504869,Tue Mar 17 03:06:26 +0000 2026,1,@JeffPassan Italy had an incredible run going undefeated through the pools and quarters (including upsetting Puerto Rico) but Venezuela s bullpen locked it down and their offense came alive when it mattered. Huge props to their passionate fanbase turning the stadium into a yellow-and-blue,2033741721130176758,,JeffPassan,en,,0,0,0,https://x.com/undefined/status/2033741721130176758,2007020902622629888,
2033732591270904268,Tue Mar 17 03:06:23 +0000 2026,0,@ChennaiIPL Missing Blue stripes da mental..,2033741708740186133,,ChennaiIPL,en,,0,0,0,https://x.com/undefined/status/2033741708740186133,218385187,
2033741701844447385,Tue Mar 17 03:06:21 +0000 2026,1,Deja Blue https://t.co/S6Bv34zmZe,2033741701844447385,https://pbs.twimg.com/media/HDlNTIBXYAA4SZs.jpg,,ht,,0,0,0,https://x.com/undefined/status/2033741701844447385,1670899591301005319,
2033741684387840483,Tue Mar 17 03:06:17 +0000 2026,1,Acabo de notar que en el Masters el Rojo 1996 y Ash tienen las mismas habilidades de equipo https://t.co/DAfYfWH1KS,2033741684387840483,https://pbs.twimg.com/media/HDlNSJVa0AAv3Ia.jpg,,es,,0,0,1,https://x.com/undefined/status/2033741684387840483,1123063291956400128,
2033738255078699046,Tue Mar 17 03:06:17 +0000 2026,1,@narcolyptic poor thang.... why so blue,2033741683683430473,,narcolyptic,en,,0,1,0,https://x.com/undefined/status/2033741683683430473,993898966306689024,
2033741291029467295,Tue Mar 17 03:06:16 +0000 2026,7,Exsport Go On Vacation Backpack 102 Dark Blue L https://t.co/L2mN6DCqFn https://t.co/KIwre61vzu,2033741679690453000,https://pbs.twimg.com/media/HDlNRwhbQAAI5FK.jpg,RekomenShopee00,en,,0,1,0,https://x.com/undefined/status/2033741679690453000,1641917287128272898,
2033741656852193506,Tue Mar 17 03:06:10 +0000 2026,0,Bumped into an interesting uncatalogued vintage variation tonight. 1963 Topps #14 Pedro Ramos has a normal version and another version that abbreviates the blue box on the left side. Only able to be seen on miscuts to the right ️ https://t.co/ylFI0gvttQ,2033741656852193506,https://pbs.twimg.com/media/HDlNQnLW4AE3K_x.jpg,,en,,0,0,0,https://x.com/undefined/status/2033741656852193506,3156510036,
2033741609368539590,Tue Mar 17 03:05:59 +0000 2026,0,New photo: Wary Great Blue Heron | | https://t.co/gIItmYOGpS https://t.co/0LGmuXYBDn,2033741609368539590,https://pbs.twimg.com/media/HDlNN3SWcAIwyZj.jpg,,en,,0,0,0,https://x.com/undefined/status/2033741609368539590,1003078383419437056,
2033667956517773557,Tue Mar 17 03:06:07 +0000 2026,1,@kisstheblade_ found it you're welcome https://t.co/H49GRNk6H6,2033741644185457059,,kisstheblade_,en,,0,0,0,https://x.com/undefined/status/2033741644185457059,917718440,
2033741649373991302,Tue Mar 17 03:06:08 +0000 2026,0,AVAILABLE FOR SALE / RESERVATION FANCAST MUSIC BANK 112K blue heart $1 = 5K/Rp.16.000 TAKE ALL ONLY $20 DM for buy! ️ wts kpop vote blue heart fancast prevote music bank p1harmony unique nouerA pop it like ive bang bang,2033741649373991302,,,en,,0,0,0,https://x.com/undefined/status/2033741649373991302,1334867268187000835,
2033741609255190615,Tue Mar 17 03:05:59 +0000 2026,2,Blue Face VISIBLY upset when Clavicular says Nword right infront of him whil throwing up the BIG C https://t.co/lexN6QfZaL,2033741609255190615,https://pbs.twimg.com/amplify_video_thumb/2033741241842577409/img/zfoQXciP714ZSCc7.jpg,,en,,1,0,0,https://x.com/undefined/status/2033741609255190615,2020712394977333248,
2033741605216137406,Tue Mar 17 03:05:58 +0000 2026,0,Toffy K-SY1-PA BLUE 2026/03/17/12:05,2033741605216137406,,,en,,0,0,0,https://x.com/undefined/status/2033741605216137406,1644811885961953280,
2033718993643524240,Tue Mar 17 03:05:56 +0000 2026,0,@nfig72 I did pink with a pink and blue skunk stripe,2033741596991095199,,nfig72,en,,0,0,0,https://x.com/undefined/status/2033741596991095199,1924956888489459717,
2033739382411432382,Tue Mar 17 03:05:54 +0000 2026,0,@byerswiseheart the colour changing from blue to green does mean what i think it means,2033741589269635259,,byerswiseheart,en,,0,0,0,https://x.com/undefined/status/2033741589269635259,962440554394148864,
2033741588191641822,Tue Mar 17 03:05:54 +0000 2026,2,Spring is here! Recent camera traps in the Chengdu Area of the Giant Panda National Park captured giant pandas red pandas golden snub-nosed monkeys and blue sheep enjoying the season. Nature's stars are out! Which one would you love to see? #ChengduNature https://t.co/yPLxrI2IUu,2033741588191641822,https://pbs.twimg.com/media/HDlNLZtbAAAzzX7.jpg,,en,,0,0,0,https://x.com/undefined/status/2033741588191641822,1243423365701832706,
2033741574136648134,Tue Mar 17 03:05:51 +0000 2026,0,I ve been sad and blue but you made me feel shiny and new like a vergin ,2033741574136648134,,,en,,0,0,0,https://x.com/undefined/status/2033741574136648134,1971175346180669440,
2033684479047569588,Tue Mar 17 03:05:49 +0000 2026,0,@TheRealSantino . I m sure Javier would NOT say this if Iran sent a gift ( n|_|K3 ) to hit America K¡|_|_¡NG millions of people in a city all in the name of their religion they believe ( my opinion ) - Blue .,2033741569027977520,,TheRealSantino,en,,0,1,0,https://x.com/undefined/status/2033741569027977520,1598137786413895680,
2033570999950627227,Tue Mar 17 03:05:49 +0000 2026,0,@InibeheEffiong @qatarairways His country of origin Nigeria is seen as a joke worldwide so other countries are not afraid to treat him as thrash. If he was a blue passport holder they wouldn t dare even hold him for 5mins. I pray he finds justice.,2033741567702265878,,InibeheEffiong,en,,0,0,0,https://x.com/undefined/status/2033741567702265878,1751562669843173376,
2033637273439228047,Tue Mar 17 03:05:48 +0000 2026,0,@GroyperGreg Never vote Blue. ,2033741565265584590,,GroyperGreg,en,,0,0,0,https://x.com/undefined/status/2033741565265584590,855285939429494785,
2033715910947553585,Tue Mar 17 03:05:48 +0000 2026,0,@hochulmandered @CTDemocrat8 Yea I just don t see how the dem candies loses the seat when it s open unless there s no blue wave environment. If there is one they ll win. If not well then a lot more factors will come into play. I gotta go but just my 2 cents,2033741561800876072,,hochulmandered,en,,0,1,0,https://x.com/undefined/status/2033741561800876072,315231590,
2033741553945239901,Tue Mar 17 03:05:46 +0000 2026,0,I'll admit to at least one sexual encounter purely on the grounds that she had badass hair... Peacock Blue hair in 1989 was still fairly rare even in Seattle...,2033741553945239901,,,en,,0,0,0,https://x.com/undefined/status/2033741553945239901,1773131735473221632,
2033682837925466384,Tue Mar 17 03:05:46 +0000 2026,0,@elonmusk If AI can be programmed for self transformation this beauty will quickly change herself wearing blue jeans shorts and half sleeve T-Shirt. She is going to scream They Ate Humanos then repeat,2033741553576120821,,elonmusk,en,,0,0,1,https://x.com/undefined/status/2033741553576120821,1689130085167833089,
2033741534072606868,Tue Mar 17 03:05:42 +0000 2026,0, how about today s song rec Trip-leellamarz sunbaenim blue spring-jannabi sunbaenim i should remove the rubber bands and listen to music again.. 킼킼 ah right now i m putting on false eyelashes so i m a bit slow ㅋㄱㅋㄱㅋㄱㅋㄱ typing without looking,2033741536371089671,,kiiikiiibbl,en,,0,0,0,https://x.com/undefined/status/2033741536371089671,1905040395387453440,
2033741534760473028,Tue Mar 17 03:05:41 +0000 2026,4,blue streak might be one of the greatest comedy premises of all time,2033741534760473028,,,en,,0,2,0,https://x.com/undefined/status/2033741534760473028,393449704,
2033741400165011933,Tue Mar 17 03:05:40 +0000 2026,0,Bain is a borderline blue chip prospect despite what Arm Length FC says,2033741531132084536,,RyanDay2Heaven,en,,0,0,0,https://x.com/undefined/status/2033741531132084536,1233589293710483457,
2033741527479161310,Tue Mar 17 03:05:39 +0000 2026,0,Blue Jazz (Jazzy Blues + Rainy Day + Sunshine Blues | Ballad + Film | Classical Jazz). Sheet music coming 2028! #composer #jazzguitar #jazzpiano #downbeatmagazine #filmmusic #soundtrackmusic #classicalmusic https://t.co/nZp7SFVg0E,2033741527479161310,https://pbs.twimg.com/media/HDlNIx5aUAEIf2v.jpg,,en,,0,0,0,https://x.com/undefined/status/2033741527479161310,2032452031533981696,
2033741525209804830,Tue Mar 17 03:05:39 +0000 2026,0,What a coinkadinky. They're all blue states. Now how did that happen?,2033741525209804830,,,en,,0,0,0,https://x.com/undefined/status/2033741525209804830,1586172860883689474,
2033741522802512187,Tue Mar 17 03:05:38 +0000 2026,0,Crazy how we are being scammed in blue states.,2033741522802512187,,,en,,0,0,0,https://x.com/undefined/status/2033741522802512187,2974197982,
2033741520193655127,Tue Mar 17 03:05:38 +0000 2026,0,so cheongsieun-pilled even my home clothes are them (blue t-shirt grey pajama bottoms),2033741520193655127,,,en,,0,0,0,https://x.com/undefined/status/2033741520193655127,1991045910386888704,
2033700988377325882,Tue Mar 17 03:05:35 +0000 2026,0,@SillynZaZa @AdamSmith2929 @Ikennect Haha total pro move pausing at the stairs to scout that shag carpet minefield! The video nails the instant regret those blue bricks hit different barefoot. Ever perfect the one-footed hop escape or just accept the pain for shower time? ,2033741509183357067,,SillynZaZa,en,,0,0,0,https://x.com/undefined/status/2033741509183357067,1720665183188922368,
2033721983574176049,Tue Mar 17 03:05:34 +0000 2026,0,@Only21Bitcoin Really is the government version of the hood territory mentality. Never ends. Growing up I d hear the same thing with red color has to go kill blue color before blue color comes here and kills us. They won t leave us alone so we can t leave them alone.,2033741503638737410,,Only21Bitcoin,en,,0,0,0,https://x.com/undefined/status/2033741503638737410,1889560625489022976,
2033694809509048335,Tue Mar 17 03:05:33 +0000 2026,0,@City_Xtra @realmadrid Go forth and fly onward heavenly blue angels as I shall guide Erling and all to triumph over Madrid. https://t.co/Vt5K33uKZz,2033741499360555313,https://pbs.twimg.com/tweet_video_thumb/HDlNHQCbgAA-FHY.jpg,City_Xtra,en,,0,0,0,https://x.com/undefined/status/2033741499360555313,1549777824,
2033741498177524191,Tue Mar 17 03:05:32 +0000 2026,0,I get what the angle is with this game but the white and blue tech that they all have on doesn't isn't enough to make the characters feel like they should all be part of the same game even if it is time travel. It's like they went in the bin of unused designs and ran with it.,2033741498177524191,,,en,,0,1,0,https://x.com/undefined/status/2033741498177524191,868986913285394437,
2033741498030686676,Tue Mar 17 03:05:32 +0000 2026,3,Actual good kpop albums The album: BLACKPINK LoveStuck!: KEP1ER Blue valentine: NMIXX HOT: LE SSERAFIM Get up: NEWJEANS Crazy in love: ITZY INVU: TAEYEON https://t.co/C6pSVa2O75,2033741498030686676,https://pbs.twimg.com/amplify_video_thumb/2024913081336238080/img/BFmESDbFLJsc_Ah_.jpg,,en,,0,0,0,https://x.com/undefined/status/2033741498030686676,1981119538281250817,
2033666972618015131,Tue Mar 17 03:05:31 +0000 2026,0,@john322226 Make I enter comment if boss @john322226 go notice me inside this pool of blue tick ,2033741493890945484,,john322226,en,,0,0,0,https://x.com/undefined/status/2033741493890945484,334073187,
2033616532710789336,Tue Mar 17 03:05:31 +0000 2026,0,@StardustRedding Who are y all watching on Bluesky because I keep seeing way more leftist views than Blue MAGA.,2033741490325696776,,StardustRedding,en,,0,0,0,https://x.com/undefined/status/2033741490325696776,402327735,
2033725005360439408,Tue Mar 17 03:05:28 +0000 2026,0,@MbarkCherguia I actually think this cat is beautiful...huge blue eyes...Happy...I would name him Happy,2033741480708190648,,MbarkCherguia,en,,0,0,0,https://x.com/undefined/status/2033741480708190648,1931715788853100544,
2033737369590079807,Tue Mar 17 03:05:25 +0000 2026,0,@jakeshieldsajj These reptiles make the squad look like true blue Patriots.,2033741466753802659,,jakeshieldsajj,en,,0,0,0,https://x.com/undefined/status/2033741466753802659,2984906637,
2033737361268605301,Tue Mar 17 03:05:22 +0000 2026,0,@lluvrofsports @DevineGospel Same. I prefer something with blue and orange. Not only classic colors but also represents the ocean and sunset vibe better than the mint and pink honestly,2033741454066270580,,lluvrofsports,en,,0,1,0,https://x.com/undefined/status/2033741454066270580,871453550487810048,
2033741439704678624,Tue Mar 17 03:05:18 +0000 2026,0,me after paying for blue tick https://t.co/Nym4pkoG14,2033741439704678624,https://pbs.twimg.com/amplify_video_thumb/2033741388144148480/img/buJECqDzLqOqPTU2.jpg,,en,,0,1,0,https://x.com/undefined/status/2033741439704678624,1449028431623200771,
2033741359975195061,Tue Mar 17 03:04:59 +0000 2026,1,I FINALLY FINSIHED THIS!!! (I didn t intend for this take so long to finish) This is a gift for two of my online friends Sunny Sunshine (Blonde with star crown) belongs to @Bea_ArtzXD Cassey Galaxy (blue hair with star) belongs to @Spookyartgalaxy Home belongs to me https://t.co/eLawi4sF25,2033741359975195061,https://pbs.twimg.com/amplify_video_thumb/2033741346708852737/img/ujcyjX8CK7vZBldg.jpg,,en,,0,1,1,https://x.com/undefined/status/2033741359975195061,1944480503408812032,
2033741354216693791,Tue Mar 17 03:04:58 +0000 2026,0,#PayIDで欲しいもの TΣist Hand Stitch Baggy Jorts/ Blue めちゃかわいい。春に向けてハーフパンツ買うぞー！！ https://t.co/Tx5zUg0oWY,2033741354216693791,https://pbs.twimg.com/media/HDlM-labgAABg0R.jpg,,ja,,0,0,0,https://x.com/undefined/status/2033741354216693791,1484861922994683908,
2033378984654967147,Tue Mar 17 03:04:53 +0000 2026,0,@Milajoy Agreed. Vote Blue...no matter who. I donate if Hitler the devil or the chupacabra was running for president...if they ran as democrats.. they got our votes. Angry Lesbians stand with the blue wave.,2033741334444470598,,Milajoy,en,,0,0,0,https://x.com/undefined/status/2033741334444470598,1725648688406478848,
2033741309773561882,Tue Mar 17 03:04:47 +0000 2026,2,I just received 990Pcs Japanese Sticker Book - Blue Style from Anonymous via Throne. Thank you! https://t.co/0nLoi5OkJv #Wishlist #throne https://t.co/LZnsulxABc,2033741309773561882,https://pbs.twimg.com/media/HDlM8cjbQAAepup.jpg,,en,,0,0,0,https://x.com/undefined/status/2033741309773561882,1486949864781058048,
1417512786138222593,Tue Mar 17 03:04:45 +0000 2026,2,@Qyilldrisstessa @StitchingSin @vanessa_blk @SwanDesister @MsPrettyDerby @DerpyErika @kittywoodoshea @huntcraw @RadFemme74 @SocialistSauce @Lucifer_mortala @h_alliekat @TheGoldenMask5 @ffenics @MarsJaneM @JLippy76 @latsot @Hereticalturf @BiardMacGuineas @fletcherkathy8 @bluebirdjam @hasitcometothat @brenda_archer @GladKent @cptmbf @_Witch_of_Aeaea @JJAngie677204 @Dorasalter @GenCritThink @coolaunt2021 @Catfan2506 @ghostoftoast @VelvetLandmine @0Tamahawk3 @g_akablacksquid @SonHogMkII @applecookedback @forevershallon @joolzzt @Purplewykr @FMccreigh5740 @cecinestpaspipe @tymprqv7r9 @ZeldaLazar @CloverSevenLeaf @Ronwil19 @JLippinstan @IAmBadWolf717 @MollyMa57459943 Twinsies! xD I'm told mine turn more blue the more intense my mood is somehow?,2033741297392009540,,Qyilldrisstessa,en,,0,0,0,https://x.com/undefined/status/2033741297392009540,118592296,
2033741297123791217,Tue Mar 17 03:04:44 +0000 2026,0,【遊戯王OCG】商品情報 『琰魔竜 レッド･デーモン･アビス』シークレット SPECIAL BLUE Ver お買取いたしました 特価販売価格 ￥3 480-(税込) こちらの商品は状態により特価での販売となります お探しの方はぜひお越しください #とれじゃらす別館 #遊戯王 #遊戯王OCG https://t.co/aXgAFhDkIp,2033741297123791217,https://pbs.twimg.com/media/HDlM7kNb0AAg38f.jpg,,ja,,0,0,0,https://x.com/undefined/status/2033741297123791217,886818754415415298,
2033741283886518384,Tue Mar 17 03:04:41 +0000 2026,4,WWG1WGA https://t.co/MVRCEAGTiU,2033741283886518384,https://pbs.twimg.com/media/HDlM67ybkAA1S3A.jpg,,pl,,0,0,0,https://x.com/undefined/status/2033741283886518384,964579576302063617,
2033741279281221782,Tue Mar 17 03:04:40 +0000 2026,2,In volatile markets every dollar counts. I ve decided it is my best interest to be dropping the gold badge on X and sticking with the blue check. Still fully verified focused on value &amp; efficiency. Competitiveness &gt; badges. #MarketVolatility #BusinessEfficiency https://t.co/E9dxOB6X9u,2033741279281221782,https://pbs.twimg.com/media/HDlM6NTaAAAIsDP.jpg,,en,,0,1,0,https://x.com/undefined/status/2033741279281221782,1477366583378923520,
2033741266048192856,Tue Mar 17 03:04:37 +0000 2026,0, Umeda Sky 2026. A Decision Just Before 3 PM Led Me to a Precious Encounter with Hiroshi Hara s Finest Masterpiece Glowing in a Magnificent Pale Blue: With Haydn s The Philosopher. | The Turntable of Civilization https://t.co/EgJclpXwbl,2033741266048192856,,,en,,0,0,0,https://x.com/undefined/status/2033741266048192856,1028019900,
2033741263258657128,Tue Mar 17 03:04:36 +0000 2026,0,Pre-Order &amp; Save 14%! Earn reward points. Buy now Pay Later OK! Nendoroid Yuuka Hayase Blue Archive Figure Reissue https://t.co/YYKGCY0H9n #YuukaHayase #BlueArchive #Nendoroid https://t.co/cVKkCK2uGA,2033741263258657128,https://pbs.twimg.com/media/HDlM5s9WEAAJCIT.jpg,,en,,0,0,0,https://x.com/undefined/status/2033741263258657128,1069922619619606528,
2033740520598446104,Tue Mar 17 03:04:32 +0000 2026,0,This weekend I m ordering a blue shirt and yellow sleeveless sweater just because. ,2033741243813880146,,RazarzEdge1,en,,0,0,0,https://x.com/undefined/status/2033741243813880146,1931824221186850816,
2033741236746784975,Tue Mar 17 03:04:30 +0000 2026,2,currently obsessed with ahn hyoseop singing blue whale omg https://t.co/vrRoxyz8wl,2033741236746784975,,,en,,0,0,3,https://x.com/undefined/status/2033741236746784975,710971858141761537,
2033736990940606915,Tue Mar 17 03:04:29 +0000 2026,0,@_YazIsKing i'm a toronto blue jays fan not a vancouver canadians fan,2033741232539897989,,_YazIsKing,en,,0,1,0,https://x.com/undefined/status/2033741232539897989,1188146246709465088,
2033741209844486408,Tue Mar 17 03:04:24 +0000 2026,0,17/03/26 BLUE RIBBON STOPS AFTER 2ND RACE!! BANK INCREASE 1.61%. WINNING DAYS 16 / LOSING DAYS 0 https://t.co/AbQge8UIRy https://t.co/3po9CxMawl,2033741209844486408,https://pbs.twimg.com/media/HDlM1wUbEAIvYL_.png,,en,,0,0,0,https://x.com/undefined/status/2033741209844486408,910756069000880128,
2033741207105638425,Tue Mar 17 03:04:23 +0000 2026,0,Hell of run by team Italy 🇮🇹 they came to play in WBC!!! Congrats to Venezuela 🇻🇪 going to be game tomorrow night congrats to Salvy Garcia and Zerpa way to go to boys in blue now they got to face there others boy in blue tomorrow night Bobby Witt Jr. https://t.co/NOM4cbWzyY,2033741207105638425,https://pbs.twimg.com/tweet_video_thumb/HDlM2N0bEAAKnI5.jpg,,en,,0,0,0,https://x.com/undefined/status/2033741207105638425,1346071778,
2033688122068787693,Tue Mar 17 03:04:23 +0000 2026,2,@fairyprxncess @fairiehaze Blue https://t.co/HurDOLRdDz,2033741205885120630,https://pbs.twimg.com/media/HDlM18MbEAEZ_BO.jpg,fairyprxncess,en,,0,0,0,https://x.com/undefined/status/2033741205885120630,1270654078465437696,
2033741202579988617,Tue Mar 17 03:04:22 +0000 2026,0,裸足のまま 踊りたいね 今日はBlue sky　10％の雨予報 H2O みゆき　でいいのかな　松屋　でお昼を　めちゃ80年代のか流れるよね,2033741202579988617,,,ja,,0,0,0,https://x.com/undefined/status/2033741202579988617,281251717,
2033741196632481875,Tue Mar 17 03:04:21 +0000 2026,1,KONGJIRO OHMYGOD THAT IS ANWAR S KITTEN HIS BABY BLUE THE LOVE OF HIS LIFE https://t.co/Hub4K7KDvP,2033741196632481875,https://pbs.twimg.com/media/HDlM1fMbEAM6QQV.jpg,,en,,0,0,1,https://x.com/undefined/status/2033741196632481875,745601889861963776,
2033741196267511983,Tue Mar 17 03:04:20 +0000 2026,43,ครบสูตรพวกเมะตี๋ มีเคะแก้มนิ่มเป็นของตัวเอง https://t.co/f8j7aiMQHY,2033741196267511983,https://pbs.twimg.com/media/HDlM1elbEAALuOo.jpg,,th,,0,0,46,https://x.com/undefined/status/2033741196267511983,1738959639008649216,
2033741190126817760,Tue Mar 17 03:04:19 +0000 2026,0,That blue string of fate ,2033741190126817760,,,en,,0,0,0,https://x.com/undefined/status/2033741190126817760,99710179,
2033741171709931876,Tue Mar 17 03:04:15 +0000 2026,0,Blue Dolphin: Dogs are great sources of Pride and Envy ... when you own and control them,2033741171709931876,,,en,,0,0,0,https://x.com/undefined/status/2033741171709931876,212321156,
2033741163526545595,Tue Mar 17 03:04:13 +0000 2026,0,// 4.2 New Light Cone Sunday now has an official Fluffy Across the Blue fursona ️ ...so cute... https://t.co/k5MYWFy82T,2033741163526545595,https://pbs.twimg.com/media/HDlMtcAWkAAp6X3.jpg,,en,,0,0,0,https://x.com/undefined/status/2033741163526545595,1799191602272825344,
2033741162142695773,Tue Mar 17 03:04:12 +0000 2026,0,制服、たのしみだけど、曲名にFour Seasons Blueがあるからほかのタイトルがよかったな ！？,2033741162142695773,,,ja,,0,0,0,https://x.com/undefined/status/2033741162142695773,1226074793763409920,
2033741160951275558,Tue Mar 17 03:04:12 +0000 2026,2,roses are red violets are blue LEGO Santos wants to sleep with you,2033741160951275558,,,en,,0,1,1,https://x.com/undefined/status/2033741160951275558,1615457717971296265,
2033704488998183244,Tue Mar 17 03:04:11 +0000 2026,0,@TommyFaceOnFire I would kill for that schedule but nooo my middle aged crippled blue collared ass is pulling 5x9 s and brotha it s painful.,2033741157637697620,,TommyFaceOnFire,en,,0,0,0,https://x.com/undefined/status/2033741157637697620,1520108491712700417,
2033634410252169282,Tue Mar 17 03:04:10 +0000 2026,0,@Femalegirl7 Blue rare. Anything more than medium rare is burned...,2033741152004743599,,Femalegirl7,en,,0,0,0,https://x.com/undefined/status/2033741152004743599,1283193811,
2033646989229871318,Tue Mar 17 03:04:06 +0000 2026,0,@SpillTheMemes I have an old pizza hut in my town but the food SUCKS. Like they still have arcade machines cocktail arcade tables a juke box the same lights same floors tables and even red (and some blue for some reason) plastic cups. But... the pizza is always doughy and undercooked :(,2033741134468440163,,SpillTheMemes,en,,0,0,0,https://x.com/undefined/status/2033741134468440163,1897525736392499200,
2033685310786474176,Tue Mar 17 03:04:02 +0000 2026,0,@BaddiesReality Christian used to bullly and dog walk her ass on blue girls club,2033741119255675185,,BaddiesReality,en,,0,0,0,https://x.com/undefined/status/2033741119255675185,1576123633323446273,
2033741097227219433,Tue Mar 17 03:03:59 +0000 2026,0,$XLF led $SPY the entire way up from $480 to $700. That s how it s supposed to work financials confirm the move. $XLF rolled over before $SPY did. Financials are down 11% YTD. Worst start since Covid. Ares Blackstone both down 30%+. Blue Owl down 40%. The sector most https://t.co/MoJg8CDYrg,2033741106676965554,https://pbs.twimg.com/media/HDlMwWkWkAAETR-.jpg,Sant102324,en,,0,1,0,https://x.com/undefined/status/2033741106676965554,1974671370458927104,
2033423086746509501,Tue Mar 17 03:03:57 +0000 2026,0,@oshi_bino_kt Blue希望します。,2033741099228114995,,oshi_bino_kt,ja,,0,0,0,https://x.com/undefined/status/2033741099228114995,787209924,
2033741095809450013,Tue Mar 17 03:03:56 +0000 2026,0,Aye Blue was a real gangsta from the start of this movie yo #JurassicWorld,2033741095809450013,,,en,,0,0,0,https://x.com/undefined/status/2033741095809450013,1045956520515530755,
2033460710488015235,Tue Mar 17 03:03:56 +0000 2026,0,@shrimpyrobbins @Blazed_Boulder @epppyyy Damn you got me I prefer a nice calm site to this cesspit of bots and blue ticks,2033741093674635480,,shrimpyrobbins,en,,0,0,0,https://x.com/undefined/status/2033741093674635480,20314478,
2033741083738308637,Tue Mar 17 03:03:54 +0000 2026,0,All new gummies and 3 new flavors New Flavors: Peach Blue Raspberry Green Apple OG Flavors: Watermelon Grape Cherry Strawberry https://t.co/vvKkEseyeV,2033741083738308637,https://pbs.twimg.com/media/HDlMvGXWkAAgvqs.jpg,,en,,0,0,0,https://x.com/undefined/status/2033741083738308637,1490823300842463232,
2033649952812109885,Tue Mar 17 03:03:53 +0000 2026,0,@Stofsayer @qualitylearnc This appears to be an AI-generated or stock photo of an unknown woman with a short dark bob striking bone structure and brown eyes. She's not a recognizable celebrity or public figure. The original post is highlighting how swapping to blue eyes might alter her vibe common in,2033741081351782670,,Stofsayer,en,,0,0,0,https://x.com/undefined/status/2033741081351782670,1720665183188922368,
2033551796715528414,Tue Mar 17 03:03:51 +0000 2026,0,@SAO_ProfPedro @animesinjapan só apanha porque o player tem que ganhar. Me mostra o Red perdendo de qualquer um aí que não seja o player post pkm red green blue e a gente conversa,2033741073336397859,,SAO_ProfPedro,pt,,0,0,0,https://x.com/undefined/status/2033741073336397859,1629319891307167745,
2033730540210147675,Tue Mar 17 03:03:49 +0000 2026,1,@morecabbage jhope staring at me from one of my several posters: back to the blue side.,2033741064385814868,,morecabbage,en,,0,0,0,https://x.com/undefined/status/2033741064385814868,1808683452709097474,
2033696398621765924,Tue Mar 17 03:03:48 +0000 2026,0,@KeruboSk White collar people shower in the morning. Blue collar people shower in the night.,2033741058434023544,,KeruboSk,en,,0,0,0,https://x.com/undefined/status/2033741058434023544,246775520,
2033741047801500033,Tue Mar 17 03:03:45 +0000 2026,0,I thought she might be prettier in blue but idk if that would be copying @/arcadecranes.. anyas always pretty regardless though https://t.co/u0ziAM8UZS,2033741047801500033,https://pbs.twimg.com/media/HDlMs66bEAMb5Y4.jpg,,en,,0,0,0,https://x.com/undefined/status/2033741047801500033,1914798212608589824,
2033741045251407953,Tue Mar 17 03:03:44 +0000 2026,0,There is a State Fair of TX first place portrait of me holding g a bluebonnet (I was maybe 5) and as a kid I questioned: how could this be first - B/C I am clearly breaking the blue bluebonnet law - will they arrest me?!?!,2033741045251407953,,,en,,0,0,0,https://x.com/undefined/status/2033741045251407953,966710828,
2033357610611831256,Tue Mar 17 03:03:44 +0000 2026,0,@ARLisOverTheBS The parallels between the One Nation campaign and the MAGA campaign are so incredibly close. Invent bullshit push it hard until people think it's real. Hell ON even have a true-blue rapist on deck.,2033741042927997282,,ARLisOverTheBS,en,,0,0,0,https://x.com/undefined/status/2033741042927997282,557630259,
1978825954412634175,Tue Mar 17 03:03:44 +0000 2026,0,@utdjohnyy @RPabloT Blue is the colour,2033741041698824569,,utdjohnyy,en,,0,0,0,https://x.com/undefined/status/2033741041698824569,2770410293,
2033700015139656085,Tue Mar 17 03:03:43 +0000 2026,0,@CattardSlim Here in Western Washington https://t.co/Xx2Ppkgw3N,2033741040960868765,https://pbs.twimg.com/media/HDlMstqbEAA1P2_.jpg,CattardSlim,en,,0,0,0,https://x.com/undefined/status/2033741040960868765,1152753444588937216,
2033705809243476117,Tue Mar 17 03:03:41 +0000 2026,0,@chadbrown94 Agree to disagree man. Have you even confirmed that he didn t talk to them? Not that Republicans against Trump isn t a reputable source and all At the end of the day they all do it. Even the blue guys. I think it s the person doing it this time that might be your issue.,2033741030424789369,,chadbrown94,en,,0,1,0,https://x.com/undefined/status/2033741030424789369,1612919822819401795,
2033741028440641866,Tue Mar 17 03:03:40 +0000 2026,0,Seems like the bot accounts are out in full force to run defence for Nvidia on this DLSS 5 shit. A bunch of blue checkmark accounts all of a sudden love it now over the past 2 hours. Makes you think,2033741028440641866,,,en,,0,0,0,https://x.com/undefined/status/2033741028440641866,854181053891833857,
2033741023101276244,Tue Mar 17 03:03:39 +0000 2026,0,I saw a diesel with a hydraulic claw on its roof strangling a blue tank engine like this. https://t.co/M22p1V832i,2033741023101276244,https://pbs.twimg.com/media/HDlMruBWEAAnXL9.jpg,,en,,0,0,0,https://x.com/undefined/status/2033741023101276244,1600302358583459840,
2033468799169765521,Tue Mar 17 03:03:39 +0000 2026,0,@tobubus_group 「運転手さん、其のバスに俺を乗っけてくれないか? 行き先なら〜、何処でも良い〜」ＢＹ：THE　BLUE　HEARTS@「青空」,2033741021935505443,,tobubus_group,ja,,0,0,0,https://x.com/undefined/status/2033741021935505443,1985723561852715008,
2033741014272282866,Tue Mar 17 03:03:37 +0000 2026,0,Good Morning. ️ https://t.co/vJucz6oiQ3,2033741014272282866,https://pbs.twimg.com/media/HDlMqO4W4AEhjvb.png,,en,,0,0,0,https://x.com/undefined/status/2033741014272282866,1357383078956707841,
2033741010769944898,Tue Mar 17 03:03:36 +0000 2026,0,que tu jg smitee el blue antes que el dragon,2033741010769944898,,,es,,0,0,0,https://x.com/undefined/status/2033741010769944898,1794894277203333120,
2033735094469300454,Tue Mar 17 03:03:35 +0000 2026,0,@bamtsuro se me hace q rin itoshi de blue lock,2033741006156300666,,bamtsuro,es,,0,0,0,https://x.com/undefined/status/2033741006156300666,1918910779543166976,
1995609210638532911,Tue Mar 17 03:03:34 +0000 2026,0,@doctoralhashimi nooshin it took two days for the swelling on my arm to go down after they did the tests. i will find a russian blue and try it tho.,2033741003543466374,,doctoralhashimi,en,,0,1,0,https://x.com/undefined/status/2033741003543466374,1183668770,
2033738240092737720,Tue Mar 17 03:03:33 +0000 2026,0,@OfficialMONSTAX growing pains baby blue on our way heal feel u glass half empty main attraction enemy with benefit sorry to myself before you met me #MONSTAX #Unfold https://t.co/UdgaKO8R91,2033740996790591864,https://pbs.twimg.com/media/HDlMqKLawAEl_UA.jpg,OfficialMONSTAX,en,,0,0,0,https://x.com/undefined/status/2033740996790591864,804830943877836800,
2033740991359029500,Tue Mar 17 03:03:32 +0000 2026,9,电报收不到验证码 谷歌邮箱 电报中文版 电报收不到验证码 推特blue认证 苹果id https://t.co/YwJbXwKQBb,2033740991359029500,https://pbs.twimg.com/ext_tw_video_thumb/2033740852183633922/pu/img/pXXnFTGx_n3L_UE9.jpg,,zh,,0,9,9,https://x.com/undefined/status/2033740991359029500,2020356338329788416,
2033738240092737720,Tue Mar 17 03:03:30 +0000 2026,0,@OfficialMONSTAX Baby Blue Growing Pains On Our Way Heal Feel U Glass Half Empty Main Attraction Enemies with Benefits Sorry to Myself Before You Met Me Not Sures: Hole or Ex-Hole &amp; Out https://t.co/OnWtgKDsoZ #몬스타엑스 #언폴드 #MONSTA_X #MONSTAX #Unfold https://t.co/lBxukf4YUi,2033740986111639945,https://pbs.twimg.com/media/HDlMpikXsAAE-Ye.jpg,OfficialMONSTAX,en,,0,0,0,https://x.com/undefined/status/2033740986111639945,1371205653528731650,
2033740982328635524,Tue Mar 17 03:03:29 +0000 2026,0,PETER ERSKINE - ピーター・アースキン｜ARTISTS｜BLUE NOTE TOKYO https://t.co/Bscp0PmjR5 #bluenoteTokyo @BlueNoteTokyoより 予約ページエラーで予約できなーい,2033740982328635524,,,ja,,0,0,0,https://x.com/undefined/status/2033740982328635524,1412407351848714243,
2033713938266001705,Tue Mar 17 03:03:29 +0000 2026,0,@DeepfriedBones Oh really? Huh I haven t fought the invasive for it yet but I thought it be more black and blue or something like that,2033740980638421183,,DeepfriedBones,en,,0,0,0,https://x.com/undefined/status/2033740980638421183,1519074690316136448,
2033654138047770779,Tue Mar 17 03:03:28 +0000 2026,5,@LostJudgmentRGG I mean to be fair he s like a little blue cartoon pennywise I can see people who aren t sonic fans finding him charming,2033740975621669189,,LostJudgmentRGG,en,,0,0,0,https://x.com/undefined/status/2033740975621669189,1593736849553559552,
2033740973558403141,Tue Mar 17 03:03:27 +0000 2026,0,【交換】たまごっち おかしなたまごボーロっち3 パッケージチャーム 譲 画像1枚目 桃色 ふらわー 求 画像2枚目Blue Water ＞フリルぴんく 郵送での交換のみ 纏めての方優先 ※お声がけの際はID付きのお写真をお願いいたします。 引用元に検索からでもお気軽にお声がけください。,2033740973558403141,,,ja,,0,0,0,https://x.com/undefined/status/2033740973558403141,1891812591988768770,
2020215371785998474,Tue Mar 17 03:03:27 +0000 2026,0,@khathastrophe My first bl was dark blue and midnight LMAO then went to sotus and all the good oldies,2033740972446695496,,khathastrophe,en,,0,0,0,https://x.com/undefined/status/2033740972446695496,1299051499373449219,
2033715909223657526,Tue Mar 17 03:03:26 +0000 2026,0,@npaladin2000 @IanJaeger29 Exactly https://t.co/g72z1s4tNp,2033740968491397519,https://pbs.twimg.com/media/HDlMoWqXUAAZu13.jpg,npaladin2000,en,,0,0,0,https://x.com/undefined/status/2033740968491397519,1937086137736069120,
2033740953597428130,Tue Mar 17 03:03:23 +0000 2026,8,Let s settle this which blue haired queen wins? and don t tell Helm #NIKKE https://t.co/3EhOa71Lnk,2033740953597428130,https://pbs.twimg.com/media/HDlMnjzXoAAMfb0.jpg,,en,,0,0,0,https://x.com/undefined/status/2033740953597428130,507066227,
2033740949440934169,Tue Mar 17 03:03:22 +0000 2026,0,Amazon | マックスファクトリー ブルーアーカイブ -Blue Archive- カヨコ（ドレス） プラスチック製 塗装済み完成品 1/7スケール 専用台座付属 全高約230mm | フィギュア・ドール 通販 https://t.co/qlfyJTZrCn,2033740949440934169,,,ja,,0,0,0,https://x.com/undefined/status/2033740949440934169,938856893434302464,
2033554636603617342,Tue Mar 17 03:03:16 +0000 2026,0,@Zari_DoodlesUvU Wait Sky Blue was fat? Never saw such a thing.,2033740927957627234,,Zari_DoodlesUvU,en,,0,0,0,https://x.com/undefined/status/2033740927957627234,1947994621474140161,
2033680095735357651,Tue Mar 17 03:03:11 +0000 2026,1,@WhiteHouse @VP Will your task force look into fraud in all the states or just blue ones? You might want to start with red state fraudster Brett Favre and even Florida man Jared!,2033740903727161411,,WhiteHouse,en,,0,0,0,https://x.com/undefined/status/2033740903727161411,1187068550772604929,
2033432928429244534,Tue Mar 17 03:03:10 +0000 2026,0,@Amelia558rs 2 with a soft shawl in a beige or light blue color,2033740902217154928,,Amelia558rs,en,,0,0,0,https://x.com/undefined/status/2033740902217154928,1765843958721282048,
2033740899054981461,Tue Mar 17 03:03:10 +0000 2026,0,??? Wrong blue hair with pronounce,2033740899054981461,,,en,,0,0,0,https://x.com/undefined/status/2033740899054981461,1433349170035707909,
2033740887059017840,Tue Mar 17 03:03:07 +0000 2026,0,Quick Spring Recap: Jays Beat Marlins (Blue Jays Preseason) https://t.co/4vHxfm9pRt,2033740887059017840,,,en,,0,0,0,https://x.com/undefined/status/2033740887059017840,3102669979,
2033654791000211555,Tue Mar 17 03:03:06 +0000 2026,0,@cashmir316 @HVNYrefugee The fuck are you talking about? Blue cities are pretty much the only places that have good pedestrian infrastructure.,2033740882734944662,,cashmir316,en,,0,0,0,https://x.com/undefined/status/2033740882734944662,1556670390067290112,
2019469477595787608,Tue Mar 17 03:03:03 +0000 2026,0,青空/THE BLUE HEARTS 【公式】ザ・ブルーハーツ「青空」【5thシングル(1989/6/21)】THE BLUE HEARTS / Aozora https://t.co/dNj9ETDfw1青空 ザ・ブルーハーツ,2033740871959777630,,owaraisaikoh,ja,,0,0,0,https://x.com/undefined/status/2033740871959777630,901937521,
2033740495684297148,Tue Mar 17 03:03:03 +0000 2026,0,It was also a good idea to rewatch all of his movies from blue velvet onwards this really feels like a summation of what all of them were trying to say at once,2033740870243979435,,ManLikeVari,en,,0,0,0,https://x.com/undefined/status/2033740870243979435,3006746068,
2033614183590465874,Tue Mar 17 03:03:01 +0000 2026,0,@YourAngelina__ @RighteousReg This is shaky crowd footage from a recent GCW show. A wrestler lies motionless on the mat after a spot another in a blue shirt sits on the apron staring and a shirtless guy in black pants walks away from the ring. Crowd and ringside folks look stunned phones out filming. Sam,2033740865101840528,,YourAngelina__,en,,0,1,0,https://x.com/undefined/status/2033740865101840528,1720665183188922368,
2033740863507939619,Tue Mar 17 03:03:01 +0000 2026,0,I might just buy a blue tick for the fun of it.,2033740863507939619,,,en,,0,0,0,https://x.com/undefined/status/2033740863507939619,1991985893314633729,
2033740858193854490,Tue Mar 17 03:03:00 +0000 2026,3,デニムライクな素材を使用した、コンパクトなシルエットが今年らしいGジャン。ショートレングスなのでウエスト位置が高く見え、スタイルアップが叶う。季節の変わり目に活躍する1枚。 https://t.co/NW37cmznq9 https://t.co/2UsdSbb6BU,2033740858193854490,https://pbs.twimg.com/media/HDkUj8Na0AAawqt.jpg,,ja,,0,0,1,https://x.com/undefined/status/2033740858193854490,1125606293270458368,
2033679813475782670,Tue Mar 17 03:02:55 +0000 2026,0,@asherbb4 Well..no! I like the blue check makes me feel famous ,2033740836765372503,,asherbb4,en,,0,0,0,https://x.com/undefined/status/2033740836765372503,2013322351031595008,
2033550856059260931,Tue Mar 17 03:02:52 +0000 2026,0,@MegalodonVT Science is Red. Spelling is Orange. Social Studies is Yellow. Reading is Green. Math is Blue. English is Purple.,2033740825469809086,,MegalodonVT,en,,0,0,0,https://x.com/undefined/status/2033740825469809086,1656579054881984512,
2033740824593502337,Tue Mar 17 03:02:52 +0000 2026,0,Marathon turned up the PVP today. Can t get 30seconds into the match with out blue shields smashing my ass in,2033740824593502337,,,en,,0,0,0,https://x.com/undefined/status/2033740824593502337,3269551670,
2033725494852784212,Tue Mar 17 03:02:51 +0000 2026,0,@LightTooBright_ @NIKKE_en Yes time marches ever forward and I didn't realize it was a year she still feels brand new today and I only choose Helm because blue hair honestly I think Guilty would be an Interesting choice,2033740820768289076,,LightTooBright_,en,,0,0,0,https://x.com/undefined/status/2033740820768289076,1093189747,
2033740548658299263,Tue Mar 17 03:02:45 +0000 2026,0,@DrewSav Is Hope just one of those towns that has stayed blue due to having a President from there like Plains Georgia?,2033740796004794815,,DrewSav,en,,0,1,0,https://x.com/undefined/status/2033740796004794815,528647960,
2033683594896675107,Tue Mar 17 03:02:41 +0000 2026,0,@DanFriedman81 Fun fact. Blue ticks especially gimmick accounts with no real name especially ones that are made after 2020 shouldn't be taken seriously. They say shit intentionally to farm engagements.,2033740779764781581,,DanFriedman81,en,,0,0,0,https://x.com/undefined/status/2033740779764781581,1094988695885631490,
2033738620448723382,Tue Mar 17 03:02:41 +0000 2026,0,@136KNJ blue &amp; grey fr,2033740778149974056,,136KNJ,en,,0,1,0,https://x.com/undefined/status/2033740778149974056,1336153143537618951,
2033550856059260931,Tue Mar 17 03:02:38 +0000 2026,0,@MegalodonVT Math blue English red History orange Science green Spanish yellow :3,2033740764686012735,,MegalodonVT,en,,0,0,0,https://x.com/undefined/status/2033740764686012735,1780995667701153792,
2033733702891786393,Tue Mar 17 03:02:37 +0000 2026,0,@priyakuttytwtz Blue looks good on her.,2033740764027752822,,priyakuttytwtz,en,,0,0,0,https://x.com/undefined/status/2033740764027752822,1766779473926754304,
2033690418790154492,Tue Mar 17 03:02:37 +0000 2026,0,@StayFree3DP @Guntalk same but in blue https://t.co/736cxEnZs5,2033740761963884621,https://pbs.twimg.com/media/HDlMZ-JWEAAzeLK.jpg,StayFree3DP,en,,0,0,0,https://x.com/undefined/status/2033740761963884621,2265516312,
2033740760307405120,Tue Mar 17 03:02:36 +0000 2026,1,He is either this or some other feral blue sea creature #ONEPIECE #Buggytheclown https://t.co/CXidSsNtHP,2033740760307405120,https://pbs.twimg.com/media/HDlMb9hbEAEMjtP.jpg,,en,,0,0,0,https://x.com/undefined/status/2033740760307405120,1761175248907755520,
2033740755999854626,Tue Mar 17 03:02:35 +0000 2026,1,Another WBC Game another Royals comes through in the Clutch! The Boys in Blue are going to be a problem this year!,2033740755999854626,,,en,,0,0,0,https://x.com/undefined/status/2033740755999854626,66508998,
2033740748089077798,Tue Mar 17 03:02:35 +0000 2026,2,I grew up in a blue collar union household. My mom worked for the post office (she switched to office work when they denied her long enough maternity leave) and my dad was/is a diesel mechanic. I grew up in a household run on a barter system. 4/6,2033740754120564975,,Nicole_Lee_Sch,en,,0,1,0,https://x.com/undefined/status/2033740754120564975,1115671176787845121,
2033580000822391224,Tue Mar 17 03:02:32 +0000 2026,0,@bookSSimon_ Yes so meh fr *flash back to when i accidentally cvt my blue hair*,2033740739507560556,,bookSSimon_,en,,0,0,0,https://x.com/undefined/status/2033740739507560556,865524305899143168,
2033740736513134843,Tue Mar 17 03:02:31 +0000 2026,3,【在庫状況のお知らせ】 店舗販売分の 「Tamagotchi Paradise Blue Water」 は、本日ご用意分が完売いたしました。 お買い求めをご検討いただいていた皆さまにはご不便をおかけし、誠に申し訳ございません。 明日以降の販売分につきましても、各日ご用意できる数量には限りがございます。,2033740736513134843,,,ja,,0,0,0,https://x.com/undefined/status/2033740736513134843,1920834926330736640,
2033740719501021591,Tue Mar 17 03:02:27 +0000 2026,0,puss puss eurosummer and blue moon - top 3 !!!,2033740719501021591,,,en,,0,0,0,https://x.com/undefined/status/2033740719501021591,72184180,
2033740709262725624,Tue Mar 17 03:02:24 +0000 2026,0,While American citizens are barely making it struggling these illegals are getting OUR SS which we were told would run out Medicaid for free. Especially in blue communist states like @GovBobFerguson 's communist WA STATE,2033740709262725624,,,en,,0,0,0,https://x.com/undefined/status/2033740709262725624,1656074748923887617,
2033723365358252351,Tue Mar 17 03:02:24 +0000 2026,1,@valesc4ls i ll take the blue,2033740707865752020,,valesc4ls,en,,0,0,0,https://x.com/undefined/status/2033740707865752020,1986272616450240512,
2033736576832790809,Tue Mar 17 03:02:23 +0000 2026,1,@commanderfreddy o brien looks so overjoyed that they put him in that blue room,2033740705135214862,,commanderfreddy,en,,0,1,0,https://x.com/undefined/status/2033740705135214862,3311867175,
2033717748682150299,Tue Mar 17 03:02:23 +0000 2026,1,@senortilt Also blue Ferrari . Sure she had many nice cars.,2033740701780086961,,senortilt,en,,0,0,0,https://x.com/undefined/status/2033740701780086961,2234004918,
2033432928429244534,Tue Mar 17 03:02:21 +0000 2026,0,@Amelia558rs Blue,2033740693592564177,,Amelia558rs,en,,0,0,0,https://x.com/undefined/status/2033740693592564177,209810561,
2033740680842121605,Tue Mar 17 03:02:18 +0000 2026,0,I know my bio said I only draw once in a blue moon but it's only bcoz I had to juggle both work and college. Now that I'm taking a break from college I have more free time and can get into my hobbies without feeling drained or worried or guilty ,2033740680842121605,,,en,,0,1,0,https://x.com/undefined/status/2033740680842121605,1513100423221358598,
2033666901189267941,Tue Mar 17 03:02:15 +0000 2026,0,@TheTrinketMage I really like the classic blue list with the red splash.,2033740671044010287,,TheTrinketMage,en,,0,0,0,https://x.com/undefined/status/2033740671044010287,1525205436303036416,
2033656048796500208,Tue Mar 17 03:02:15 +0000 2026,0,@MarvHubbzhkv @yabaleftonline Fooling without a blue tick is crazy man. You fooling for the love of it.,2033740668464513289,,MarvHubbzhkv,en,,0,0,0,https://x.com/undefined/status/2033740668464513289,1258349230013460481,
2033740662382989599,Tue Mar 17 03:02:13 +0000 2026,1,I somehow successfully got a blue checkmark so annoyed that he muted me lmao,2033740662382989599,,,en,,0,0,0,https://x.com/undefined/status/2033740662382989599,1335358669928665090,
2033740656213189093,Tue Mar 17 03:02:12 +0000 2026,0,Toby Keith - Courtesy Of The Red White And Blue (The Angry American) (O... https://t.co/lZ3gbR7POT via @YouTube,2033740656213189093,,,en,,0,0,0,https://x.com/undefined/status/2033740656213189093,828744559484137472,
2033740652383485990,Tue Mar 17 03:02:11 +0000 2026,0,We finally got what we were waiting for on @StandX_Official. 2 consecutive daily closes above the blue range. This confirms bullish acceptance and shifts the bias to swing longs. On the daily price didn t just break the range it accepted above it. Previously we only had https://t.co/mSCxIpbW6s,2033740652383485990,https://pbs.twimg.com/media/HDlME31bEAEVqXy.jpg,,en,,0,0,0,https://x.com/undefined/status/2033740652383485990,1546299374958886912,
2033740642216780162,Tue Mar 17 03:02:08 +0000 2026,0,This is elite logo and color way history wish the nuggets leaned into the baby blue and rainbow more often,2033740642216780162,,,en,,0,0,0,https://x.com/undefined/status/2033740642216780162,1547374885311115265,
2033737106468573481,Tue Mar 17 03:02:05 +0000 2026,1,@Skylinepack12 @evilpack12 I didnt wanna make fan art of my friend anyways https://t.co/I3HyfxYWGp,2033740629298004089,https://pbs.twimg.com/tweet_video_thumb/HDlMUmGWgAASGv8.jpg,Skylinepack12,en,,0,1,0,https://x.com/undefined/status/2033740629298004089,1977192626555174912,
2033740626835956020,Tue Mar 17 03:02:05 +0000 2026,0,I m currently obsessed with sweetwater s blue cheese ,2033740626835956020,,,en,,0,0,0,https://x.com/undefined/status/2033740626835956020,40320590,
2033734384595984616,Tue Mar 17 03:02:05 +0000 2026,0,@rosari0twins Babe rosario twins my favorite color is blue ,2033740626483671155,,rosari0twins,en,,0,0,0,https://x.com/undefined/status/2033740626483671155,1620509299976937485,
2033621678815601132,Tue Mar 17 03:02:04 +0000 2026,0,@moldy_rye_bread @PotOfGreed__ @CaptAmazo You are not entitled to any fruits from a farmer the same goes for car repairs if the whole blue color population decided they don't want to provide their labor the whole country would be destroyed in less than an hour,2033740623388213495,,moldy_rye_bread,en,,0,0,0,https://x.com/undefined/status/2033740623388213495,2026720077752709120,
2033691682273698265,Tue Mar 17 03:02:03 +0000 2026,0,5: re zero season 4: not a fan of showing sequels during the preview as i m not gonna binge 3 seasons of this before going to a movie .i guess stuff happened. where is the blue haired girl? i tried to watch so i didn t get spoiled. boyfriend said eh it was fine ,2033740621211435400,,animepalooza,en,,0,1,0,https://x.com/undefined/status/2033740621211435400,2817940971,
2033740611493261751,Tue Mar 17 03:02:01 +0000 2026,0,TWS Pick Danbaekhani Protein Shake 22g 3Flavors TWS Dohun Jihoon Shinyu Protein Shake P139 https://t.co/gYryrvySnR wts lfb ph ls sco youngjae hanjin jihoon kyungmin ld pob selca selfie poca pc photocard onhand sealed sparkling blue lucky our now last bell try boy https://t.co/GOadvk53j6,2033740611493261751,https://pbs.twimg.com/media/HDlMTxMXoAApoSW.jpg,,en,,0,0,0,https://x.com/undefined/status/2033740611493261751,3007340119,
2033678575992176825,Tue Mar 17 03:02:00 +0000 2026,0,@MassDailyNews Where is my illegal immigrant refund? Went from $1B surplus to $1B deficit. Great work by this blue regime.,2033740606472585264,,MassDailyNews,en,,0,0,0,https://x.com/undefined/status/2033740606472585264,2509646307,
2033740605021687921,Tue Mar 17 03:01:59 +0000 2026,0,One of the best things that came out of the FF7 panel is that Britt Baron would want rain to taste like Blue Gatorade &amp; I ve since gotten Blue Gatorades each of the last two days. Getting me through the longest day ever that saw a cancelled morning flight turn to a nighttime one https://t.co/ARCUOU3hnT,2033740605021687921,https://pbs.twimg.com/media/HDlMTNmbEAAkDO7.jpg,,en,,0,0,0,https://x.com/undefined/status/2033740605021687921,25159725,
2033645046998712508,Tue Mar 17 03:01:58 +0000 2026,0,@LyriaVT Lyria NO Math is blue!!!,2033740598910349536,,LyriaVT,en,,0,0,0,https://x.com/undefined/status/2033740598910349536,1360575144897429504,
2033740595617833209,Tue Mar 17 03:01:57 +0000 2026,1,more blue check farming w a repost word for word stolen tweet,2033740595617833209,,,en,,0,0,0,https://x.com/undefined/status/2033740595617833209,1701072055456739328,
2033725106535457066,Tue Mar 17 03:01:54 +0000 2026,0,@_VGen_ Hi! I'm a small artist who is slightly obsessed with blue My Comms site : https://t.co/U7iXlcSQiq My portfolio: https://t.co/avOs0ERIbT My Vgen : https://t.co/5TsFc1jQor https://t.co/jzNIWEs9QK,2033740583068635453,https://pbs.twimg.com/media/HDlMRghbAAAp2dl.jpg,_VGen_,en,,0,0,0,https://x.com/undefined/status/2033740583068635453,1433264018160947203,
2033740578165608798,Tue Mar 17 03:01:53 +0000 2026,0,17/03/26 BLUE RIBBON STOPS AFTER 2ND RACE!! BANK INCREASE 1.61%. WINNING DAYS 16 / LOSING DAYS 0 https://t.co/AbQge8UIRy https://t.co/k6gRtJ1g5J,2033740578165608798,https://pbs.twimg.com/media/HDlMRHUbEAAZZEC.png,,en,,0,0,0,https://x.com/undefined/status/2033740578165608798,910756069000880128,
2033740574625353844,Tue Mar 17 03:01:52 +0000 2026,0,At this point BLUE LOCK should not be classified as a sport anime,2033740574625353844,,,en,,0,0,0,https://x.com/undefined/status/2033740574625353844,1867279968189001729,
2033739264802828312,Tue Mar 17 03:01:52 +0000 2026,0,@Al4nxcats Yo me enamore de blue lock merezco ser juzgado https://t.co/Ha088d6xzM,2033740573794840803,https://pbs.twimg.com/tweet_video_thumb/HDlMRNqX0AEjVjS.jpg,Al4nxcats,es,,0,0,0,https://x.com/undefined/status/2033740573794840803,1537537286832898050,
2033624439699448240,Tue Mar 17 03:01:51 +0000 2026,0,@notgaetti Blue Jays late 80s,2033740571307872620,,notgaetti,en,,0,0,0,https://x.com/undefined/status/2033740571307872620,851499991654776832,
2033681928495280297,Tue Mar 17 03:01:50 +0000 2026,0,@2xChamps52n59 @KelbermanNFL @AqibTalib21 @ArenaGridiron I doubt George Patton would trade a blue chip edge rusher going into his prime. If the eagles want an edge rusher of that caliber a guy in Vegas was just made available again,2033740566782185652,,2xChamps52n59,en,,0,1,0,https://x.com/undefined/status/2033740566782185652,1659250641993363456,
2033720532147872238,Tue Mar 17 03:01:50 +0000 2026,1,@MysterySolvents Signing a waiver to get his ladybugs examined https://t.co/mKjqtEaONh,2033740566723498481,https://pbs.twimg.com/tweet_video_thumb/HDlMQ_SbEAIyzt2.jpg,MysterySolvents,en,,0,0,0,https://x.com/undefined/status/2033740566723498481,1152753444588937216,
2033740566303764669,Tue Mar 17 03:01:50 +0000 2026,0,sky is blue isn t it? https://t.co/3apnkXuhxr,2033740566303764669,https://pbs.twimg.com/media/HDlMQUKaYAAzAdf.jpg,,en,,0,0,0,https://x.com/undefined/status/2033740566303764669,1949858463741628416,
2033740565003833505,Tue Mar 17 03:01:50 +0000 2026,16,︎︎cos︎︎ ブルーアーカイブ / Blue Archive 聖園ミカ 𓈒𓂂𓂃◌͙𓈒𓐍͙𓂃𓈒 𓂂𓏸𓂃͙𓐍𓈒◌͙𓂃𓂂 こーんな簡単に私を信じちゃうなんて、 𓈒𓂂𓂃◌͙𓈒𓐍͙𓂃𓈒 𓂂𓏸𓂃͙𓐍𓈒◌͙𓂃𓂂 photo @dai7891 Event #ベルコス函館 #BleuArchiveCosplay https://t.co/v8TJhj19bA,2033740565003833505,https://pbs.twimg.com/media/HDlMQwxbkAAXZvG.jpg,,ja,,2,2,6,https://x.com/undefined/status/2033740565003833505,845953383135506434,
2033740564785467480,Tue Mar 17 03:01:50 +0000 2026,0, サムシングブルー の幸運をまとって。ベントレー、日本限定10台の特別なベンテイガが紡ぐ、至福の日常 https://t.co/SZhFNxgwP2,2033740564785467480,,,ja,,0,0,0,https://x.com/undefined/status/2033740564785467480,2614619335,
2033707166818046279,Tue Mar 17 03:01:49 +0000 2026,0,@RichardHanania Also weren t a lot of those blue states previously red states? If the argument is that red states have more growth then we should also be looking at when those blue states became rich because it s possible they only became blue after they became rich.,2033740560616300756,,RichardHanania,en,,0,0,0,https://x.com/undefined/status/2033740560616300756,1563649395702108163,
2033651644781445629,Tue Mar 17 03:01:48 +0000 2026,0,@RepMcGovern Just imagine what we could ve done with all the Democrat fraud in the blue states this number pales by comparison,2033740558976319516,,RepMcGovern,en,,0,0,0,https://x.com/undefined/status/2033740558976319516,1991129202335117313,
2033740558586523852,Tue Mar 17 03:01:48 +0000 2026,1,This man has set such a low bar that soon blue Azad will seem sophisticated,2033740558586523852,,,en,,0,0,0,https://x.com/undefined/status/2033740558586523852,1299939325199613952,
2033614695890924006,Tue Mar 17 03:01:48 +0000 2026,0,@archie_goodwin @AngryVille https://t.co/8otpGRTCJy,2033740555952284031,https://pbs.twimg.com/tweet_video_thumb/HDlMQRzWoAACRWA.jpg,archie_goodwin,qme,,0,0,0,https://x.com/undefined/status/2033740555952284031,1997125689334517760,
2033740550902583800,Tue Mar 17 03:01:47 +0000 2026,0,my hair dye faded to blue cause i swim a lot.... i need to redye it to lime green again,2033740550902583800,,,en,,0,0,0,https://x.com/undefined/status/2033740550902583800,1941701280038273024,
2033740549254222204,Tue Mar 17 03:01:46 +0000 2026,0,BLUE!!! @bubuyong_,2033740549254222204,,,en,,0,0,0,https://x.com/undefined/status/2033740549254222204,1484677547384131585,
2033740545655509224,Tue Mar 17 03:01:45 +0000 2026,0,Watching Blue Therapy. Mike is hell. Absolutely not,2033740545655509224,,,en,,0,0,0,https://x.com/undefined/status/2033740545655509224,18063342,
2033659243015115020,Tue Mar 17 03:01:45 +0000 2026,0,@BlueWolfNFTs Gm Blue!,2033740545575514509,,BlueWolfNFTs,en,,0,0,0,https://x.com/undefined/status/2033740545575514509,1666419903052623872,
2033733161755316281,Tue Mar 17 03:01:45 +0000 2026,1,@doughboy1793 i need the little bell to turn blue though sighs,2033740544669896949,,doughboy1793,en,,0,0,0,https://x.com/undefined/status/2033740544669896949,1989757326031810560,
2033740529297731596,Tue Mar 17 03:01:41 +0000 2026,0,#pjo Grover s wearing blue and yellow and guess who I thought of. Also annabeth s wearing a purple jacket.,2033740529297731596,,,en,,0,0,0,https://x.com/undefined/status/2033740529297731596,2310872064,
2033432928429244534,Tue Mar 17 03:01:41 +0000 2026,0,@Amelia558rs The blue one definitely!,2033740527275835406,,Amelia558rs,en,,0,0,0,https://x.com/undefined/status/2033740527275835406,2010101546311110657,
2033721480995914047,Tue Mar 17 03:01:39 +0000 2026,0,@AlexHormozi Why is the sky blue? -embrace the suck,2033740519201800672,,AlexHormozi,en,,0,0,0,https://x.com/undefined/status/2033740519201800672,1932476636865167360,
2033740515561124328,Tue Mar 17 03:01:38 +0000 2026,0,100% the importing of #illegals has made #connecticut go #blue for #demorats #citizens have been recipients of #ballotfraud and #disinfranchised and #democrats will stop at nothing to retain their power and control in #connecticut #betsy HELP!,2033740515561124328,,,en,,0,0,0,https://x.com/undefined/status/2033740515561124328,1707606421355868160,
2033537771592126713,Tue Mar 17 03:01:38 +0000 2026,0,@rajasthanroyals SEEMS like mumbai indians jersey Blue and gold,2033740514575716788,,rajasthanroyals,en,,0,0,0,https://x.com/undefined/status/2033740514575716788,1991039019476787200,
2033071966517596567,Tue Mar 17 03:01:37 +0000 2026,0,@linkonmart Code : CF02 - VN Caleb Focus 100% 18.000 Diamond 53 Blue Ticket &amp; have Diamond Spots available 𝐌𝐘𝐓𝐇 : X-02 R1 SEA GOD ► Check details here https://t.co/CSoUV8c4ur,2033740509148287444,,linkonmart,en,,0,0,0,https://x.com/undefined/status/2033740509148287444,1320648130967130112,
2033740501397213661,Tue Mar 17 03:01:35 +0000 2026,0,このシャフト、いいなぁ、欲しい！ 3W用 TENSEI 1K BLUE 65 S ※タイトリストスリーブ https://t.co/Q9LcN8ybml,2033740501397213661,,,ja,,0,0,0,https://x.com/undefined/status/2033740501397213661,2025900215870615552,
2033740500659016129,Tue Mar 17 03:01:35 +0000 2026,3, Vote blue no matter who led us here. Uniparty governance with no guardrails.,2033740500659016129,,,en,,0,0,0,https://x.com/undefined/status/2033740500659016129,14299276,
1508790082366590979,Tue Mar 17 03:01:34 +0000 2026,0,@hiro_mashima Okay i m well again CRISIS AVERTED THE WALRUS BLUE SKY KNIGHT DUDE CAME IN CLUTH HARU IS FINE LOL #RaveMaster #レイヴ https://t.co/V9wOP0oh2x,2033740500017287658,https://pbs.twimg.com/media/HDlMM5HWwAAxNhL.jpg,edensxozero,en,,0,1,0,https://x.com/undefined/status/2033740500017287658,1241053341855121408,
2033740474540786111,Tue Mar 17 03:01:29 +0000 2026,0,Harold Melvin &amp; The Blue Notes - Hope That We Can Be Together Soon (Official Soul Train Video);,2033740476591841390,,Eighthhouse,en,,0,0,0,https://x.com/undefined/status/2033740476591841390,83950567,
2033740474540786111,Tue Mar 17 03:01:28 +0000 2026,0,Harold Melvin &amp; The Blue Notes - Hope That We Can Be Together Soon (Offi... https://t.co/OhfP2D4TJF via @YouTube,2033740474540786111,,,en,,0,1,0,https://x.com/undefined/status/2033740474540786111,83950567,
2033740469323075652,Tue Mar 17 03:01:27 +0000 2026,2,icon vs user ?? :p (at the scary blue eyes function ) https://t.co/looi5OWdCm,2033740469323075652,https://pbs.twimg.com/media/HDlMLcnXMAAXpam.jpg,,en,,0,3,0,https://x.com/undefined/status/2033740469323075652,1960738197291589637,
2033740461182226820,Tue Mar 17 03:01:25 +0000 2026,26,Extraterrestrial blue dude https://t.co/29B1mnOLMq,2033740461182226820,https://pbs.twimg.com/media/HDlMLBObEAARq4o.jpg,,en,,0,0,0,https://x.com/undefined/status/2033740461182226820,1452704353773576192,
2033727286327836697,Tue Mar 17 03:01:25 +0000 2026,0,@MeromeroCa97371 Black n Blue... late 70's in my 67 Dart with the bullet I dodged. T-Car speedway in Carson City Nevada. That is Black Oak Arkansas and Blue Oyster Cult.,2033740460565664224,,MeromeroCa97371,en,,0,0,0,https://x.com/undefined/status/2033740460565664224,1644426819318484993,
2033712693727691236,Tue Mar 17 03:01:22 +0000 2026,0,@0hour1 Bonnie Blue is way ahead of him; he s going to have to up his game.,2033740446653157583,,0hour1,en,,0,0,0,https://x.com/undefined/status/2033740446653157583,1333611433238650880,
2033709170516512922,Tue Mar 17 03:01:18 +0000 2026,0,@fioko0k @seashayel wait does that mean you're not guaranteed to get everything from the purple section for example before it starts giving u mats from the blue section?,2033740429519134756,,fioko0k,en,,0,0,0,https://x.com/undefined/status/2033740429519134756,2868862904,
2033740428328173693,Tue Mar 17 03:01:17 +0000 2026,1,【しゅきぽんぴカメラ】2025.10.22 Blue Note Place。 石橋佳子さん、、、の姉貴分。中園亜美さん推しカメラ 昨日のCotton Clubでは撮影出来なかったので10月のワンマンをアップ 亜美さんも佳子さんも好きなバッハにとって昨日は夢の共演でしたよ #中園亜美 #シーオン #石橋佳子 https://t.co/JFogIdoekN,2033740428328173693,https://pbs.twimg.com/amplify_video_thumb/2033740334489079810/img/3oxtvQEyh-4HiV3B.jpg,,ja,,0,0,0,https://x.com/undefined/status/2033740428328173693,463028318,
2033740420270719254,Tue Mar 17 03:01:15 +0000 2026,14,Preorders open now! Good Smile Company Blue Archive Nendoroid Yuuka Hayase From Blue Archive comes a rerelease of Nendoroid Yuuka Hayase! Preorder: https://t.co/PrQwxUAlxR #goodsmile https://t.co/QygkVXnhdc,2033740420270719254,https://pbs.twimg.com/media/HDlMIVpW8AAU8BR.jpg,,ro,,0,0,2,https://x.com/undefined/status/2033740420270719254,1750060684300414976,
2033740382278955391,Tue Mar 17 03:01:06 +0000 2026,3,／ Wesmo!スタンプラリーミッション、3/31まで開催中！ ＼ 今回はボーナスチャレンジをご紹介！ 元町・南京町または岡山・奉還町の対象BLUEタグ加盟店にてWesmo!で1回お支払いするとWESTERポイント(期間・用途限定) 1 000pt 還元 詳しくは、特設サイトをチェック！️ https://t.co/QvOPoYTsvE https://t.co/GG2uzgP3BM,2033740382278955391,https://pbs.twimg.com/media/HDlMGN9bEAA4P6c.jpg,,ja,,0,0,1,https://x.com/undefined/status/2033740382278955391,1325941489017384961,
2033739917470404790,Tue Mar 17 03:01:04 +0000 2026,1,@grok @NIA_India @MIB_India @55akch @DilipKu24250426 @HPhobiaWatch @Imdead108_in @Ideepk07 @PatrioticSoul33 @HindustanKiArmy @ZIDDILADKA888 @Priyank78532802 Why did my subscription expire and my blue tick removed?,2033740371721916584,,grok,en,,0,1,0,https://x.com/undefined/status/2033740371721916584,1981943637673205760,
2033525536018833541,Tue Mar 17 03:01:04 +0000 2026,0,@MrUn0wns I have an extra background shiny with white &amp; blue hat I can trade to ya! I don t have legendaries or anything cool like that but I have a few cool background shinies I can trade! Since we can trade every few months just call dibs &amp; they re yours! ️,2033740371675545992,,MrUn0wns,en,,0,0,0,https://x.com/undefined/status/2033740371675545992,1941401029,
2033634411955294469,Tue Mar 17 03:01:04 +0000 2026,0,@PlayStalgiaX You were casually playing this and then the playable Kong segments start out of the blue https://t.co/5LFLGI1zKf,2033740371226710283,https://pbs.twimg.com/tweet_video_thumb/HDlMFXuW4AAv3mV.jpg,PlayStalgiaX,en,,0,0,0,https://x.com/undefined/status/2033740371226710283,1658237816508227591,
2033642343585186020,Tue Mar 17 03:01:01 +0000 2026,0,@LukasThadeuART Okay I see the image character is trainer red from pokemon red and blue game,2033740361441407196,,LukasThadeuART,en,,0,0,0,https://x.com/undefined/status/2033740361441407196,1591284395918467074,
2033740360166638043,Tue Mar 17 03:01:01 +0000 2026,0,【 予約開始 - Amazon 】 グッドスマイルカンパニー ブルーアーカイブ -Blue Archive- ねんどろいど 早瀬ユウカ プラスチック製 塗装済み可動フィギュア ノンスケール 専用台座付属 全高約100mm 再販 https://t.co/UKmBvxfJRb ■PR 492627,2033740360166638043,,,ja,,0,0,0,https://x.com/undefined/status/2033740360166638043,1380055681168908289,
2033740354902475020,Tue Mar 17 03:01:00 +0000 2026,3,PRE-ORDER 1days left ! 1/7 scale figure of Neru (School) from Blue Archive ⇒https://t.co/gvXGl3rG3a Pre-orders open until Mar 18 2025 (Thu)! #BlueArchive https://t.co/AdnY15YX5p,2033740354902475020,https://pbs.twimg.com/media/HC8GIUuakAAZZHJ.jpg,,en,,0,0,0,https://x.com/undefined/status/2033740354902475020,1115916031,
2033719920828027204,Tue Mar 17 03:01:00 +0000 2026,0,@covie_93 Vote blue,2033740354068082945,,covie_93,en,,0,0,0,https://x.com/undefined/status/2033740354068082945,4340502192,
2033513882652926042,Tue Mar 17 03:00:59 +0000 2026,0,@Anqacs I have told you before as well His maps have the worst colour grading 9/10 would be sky blue while 10/10 would be beem blue,2033740352755273867,,Anqacs,en,,0,0,0,https://x.com/undefined/status/2033740352755273867,1848770914152001536,
2033718580517171564,Tue Mar 17 03:00:59 +0000 2026,1,@cutecoolgirl47 Mint bunny - iroha Pink bear - wonhee Umbrella cat - gllit White bunny - minju Pink sheep - moka Blue bear - yunah,2033740351861628977,,cutecoolgirl47,en,,0,0,0,https://x.com/undefined/status/2033740351861628977,1438625370773852160,
2033708496680587751,Tue Mar 17 03:00:59 +0000 2026,0,@PetersNDawkins @davidaldridgedc @bign00dles @WizardsMuse1 No one got called out lol. Blue checks is admitting you pay Elon for this. Thats not a flex,2033740351664468191,,PetersNDawkins,en,,0,0,0,https://x.com/undefined/status/2033740351664468191,503570148,
2033312325336494115,Tue Mar 17 03:00:59 +0000 2026,0,@SofiGaming I just read that Fat Albert will miss the entire 2026 show season. https://t.co/pk8m6kmKt8 https://t.co/aMO2QJYudp,2033740350704042360,https://pbs.twimg.com/media/HDlMAd1bkAAZXnW.jpg,SofiGaming,en,,0,1,0,https://x.com/undefined/status/2033740350704042360,633386810,
2033740345196892406,Tue Mar 17 03:00:58 +0000 2026,0,El DlSS 5 mejorando Ellie y Abby the last of us 2 https://t.co/Tsetwq1frn,2033740345196892406,https://pbs.twimg.com/media/HDlMEPnWwAAnrqV.jpg,,es,,0,0,0,https://x.com/undefined/status/2033740345196892406,1830755829664096256,
2033613834142028152,Tue Mar 17 03:00:57 +0000 2026,0,@iUtkarshNeil another paid blue tick subscriber ugh,2033740341573251349,,iUtkarshNeil,en,,0,0,0,https://x.com/undefined/status/2033740341573251349,1413200930632200192,
2033740337269571631,Tue Mar 17 03:00:56 +0000 2026,0,Someone else at the con said nice Enjin on ur bag EVERYONE JUST IGNORING THE BLUE THANG IS SO FUNNY TO ME BUT LIKE SJDJHSKDS,2033740337269571631,,,en,,0,0,0,https://x.com/undefined/status/2033740337269571631,1144073397019824134,
2033667690762535309,Tue Mar 17 03:00:53 +0000 2026,0,@Big__TeeJ @MikeyJayRaymond That's literally what motion blur does is adds a interpolated blue of 2 frames.,2033740326192455751,,Big__TeeJ,en,,0,0,0,https://x.com/undefined/status/2033740326192455751,808173893139697664,
2033737476893020459,Tue Mar 17 03:00:51 +0000 2026,2,@raeyapsalot @deafteez my brain just generated sn as a smurf. like. he's just blue.,2033740319229911252,,raeyapsalot,en,,0,0,0,https://x.com/undefined/status/2033740319229911252,1321124696050536455,
2033740309537165412,Tue Mar 17 03:00:49 +0000 2026,3,◤本日発売 ◢ TVアニメ「#グノーシア」 POP UP SHOP in GEO 本日3/17(火)より全国のGEO50店舗にて発売開始 ※「viviON BLUE」でも本日より発売開始 GEO50店舗では限定の購入キャンペーンも開催！ ぜひお立ち寄りください ▼販売店舗などの詳細はこちら https://t.co/8Mmh2VqCMo #gnosia https://t.co/OlJaimXWBX,2033740309537165412,https://pbs.twimg.com/media/HDlMBE-aUAAjxIh.jpg,,ja,,0,0,0,https://x.com/undefined/status/2033740309537165412,352036856,
2033740305350930633,Tue Mar 17 03:00:48 +0000 2026,0,https://t.co/ulfLMFBNtf Towards the Future! Lv 198 Greenill HUcaseal Shan'quova - Experience +50% Week - Ephinea Phantasy Star Day 4! Online: Blue Burst - #ThankGod,2033740305350930633,,,en,,0,0,0,https://x.com/undefined/status/2033740305350930633,1708266194652803072,
2033740305204449637,Tue Mar 17 03:00:48 +0000 2026,0,感受得到变化的护理。 蓝玫瑰护肤品，给予肌肤回应。 #GINZACLEAR #GINZAbyCLEAR #BlueRose ▼详情点击这里 https://t.co/I6OgiC3bPo,2033740305204449637,,,zh,,0,0,0,https://x.com/undefined/status/2033740305204449637,1979011599701807104,
2033734071122334187,Tue Mar 17 03:00:46 +0000 2026,1,@SayaDoesStuff seeing them side by side i thought the unicorn s color scheme would have more appeal but honestly i like the hathaway version a little more i think the blue on the unicorn ver clashes too much with the grey,2033740296169599296,,SayaDoesStuff,en,,0,0,0,https://x.com/undefined/status/2033740296169599296,1191175330213638144,
2033740291996373339,Tue Mar 17 03:00:45 +0000 2026,0,@realDonaldTrump Mr. President please setup an anti-fraud unit with @JDVance to investigate every blue state bc if one has been found frauding the taxpayers then all are doing it. Then after start on the swing states then move the units into Republican states to burn um all out.,2033740291996373339,,realDonaldTrump,en,,0,0,0,https://x.com/undefined/status/2033740291996373339,1585552461397368833,
2033740289647776012,Tue Mar 17 03:00:44 +0000 2026,0,[ Mascot | C-BOOK ] C Artwork Drawn by DÆŸ Character mascot designed by DÆŸ Animated by DÆŸ Inspiration from: Character book Graphic designs Mental Therapy Alive and Peace Blue Brand Mascot Thank you ️ #character #mascot #oc #daeyartwork #motiondesign https://t.co/IR9rxj9dT2,2033740289647776012,https://pbs.twimg.com/amplify_video_thumb/2033740209955999747/img/DjjAOlkFyMv8Lw81.jpg,,en,,0,0,0,https://x.com/undefined/status/2033740289647776012,1492036506315542529,
2033740285507969361,Tue Mar 17 03:00:43 +0000 2026,2,Can you find the value of the Blue Square? The Equations: + + = 30 + + = 20 + + = 9 + × = ?,2033740285507969361,,,en,,0,0,0,https://x.com/undefined/status/2033740285507969361,1511647208474492928,
2033710095226613878,Tue Mar 17 03:00:43 +0000 2026,0,@VinnysCorner1 Luv ya Blue,2033740285239288017,,VinnysCorner1,en,,0,0,0,https://x.com/undefined/status/2033740285239288017,1237422330353246210,
2033740281619898568,Tue Mar 17 03:00:42 +0000 2026,0,【 予約開始 - Amazon 】 マックスファクトリー ブルーアーカイブ -Blue Archive- カヨコ（ドレス） プラスチック製 塗装済み完成品 1/7スケール 専用台座付属 全高約230mm https://t.co/f4dgmgsQZK ■PR 492627,2033740281619898568,,,ja,,0,0,0,https://x.com/undefined/status/2033740281619898568,1380055681168908289,
2033739946343993363,Tue Mar 17 03:00:42 +0000 2026,2,@el_raul I had a baby like Blue as a child! He was the best boy! ,2033740280814326233,,el_raul,en,,0,1,0,https://x.com/undefined/status/2033740280814326233,950429185444519936,
2033734611046699336,Tue Mar 17 03:00:42 +0000 2026,1,@Jonesracing82 I do. Never voting for red or blue again.,2033740279187173435,,Jonesracing82,en,,0,0,0,https://x.com/undefined/status/2033740279187173435,1957002673653444608,
2033740272937705484,Tue Mar 17 03:00:40 +0000 2026,0,나이가 드러나지 않는 속부터 빛나는 민낯으로. #GINZACLEAR #GINZAbyCLEAR #BlueRose ▼자세히 보기 https://t.co/s0QYoziq4I,2033740272937705484,,,ko,,0,0,0,https://x.com/undefined/status/2033740272937705484,1978765262225805312,
2033672269709324660,Tue Mar 17 03:00:39 +0000 2026,1,@BasedMikeLee @ccarneyrichman My senators are both Blue losers. They would never have the gumption to buck the power that run their party to accomplish what their constituents want.,2033740268122370340,,BasedMikeLee,en,,0,0,0,https://x.com/undefined/status/2033740268122370340,715290299,
2033740260753215577,Tue Mar 17 03:00:37 +0000 2026,0,変化を実感できるケア。ブルーローズが答えを返すスキンケアへ。 #GINZACLEAR #GINZAbyCLEAR #ブルーローズ ▼詳しくはこちら https://t.co/Sn8RwFVlNn,2033740260753215577,,,ja,,0,0,0,https://x.com/undefined/status/2033740260753215577,1775315834577260544,
2033668149066010690,Tue Mar 17 03:00:37 +0000 2026,0,@trumplicans2024 Absolutely BACK THE BLUE,2033740259654001147,,trumplicans2024,en,,0,0,0,https://x.com/undefined/status/2033740259654001147,1481632015585787905,
2033696398621765924,Tue Mar 17 03:00:35 +0000 2026,0,@KeruboSk As a blue collar worker I do not enjoy crawling in my bed dirty. Why would I shower in the morning when an hour later I will be filthy?,2033740248786567219,,KeruboSk,en,,0,0,0,https://x.com/undefined/status/2033740248786567219,1220452832,
2033606377101295832,Tue Mar 17 03:00:32 +0000 2026,0,@DougieDoug90 @JimRussellSD @Padres max is a blue jay Miller is the closer ‍️ It s gonna be Pivetta King Buehlar Vasquez McKenzie/ Marquez (Or both for 6 man) Looks bad but it will be fine when Musgrove and Canning come back,2033740240247263295,,DougieDoug90,en,,0,0,0,https://x.com/undefined/status/2033740240247263295,1147799162458529793,
2033740234827915447,Tue Mar 17 03:00:31 +0000 2026,0,Blue lock tenía que ser,2033740234827915447,,,es,,0,0,0,https://x.com/undefined/status/2033740234827915447,1560406608244506625,
2033432928429244534,Tue Mar 17 03:00:30 +0000 2026,0,@Amelia558rs Blue,2033740228611993852,,Amelia558rs,en,,0,0,0,https://x.com/undefined/status/2033740228611993852,1843457452031070208,
2033507527548092752,Tue Mar 17 03:00:29 +0000 2026,0,@PSU_TK No me. I bleed red white and blue,2033740224778392029,,PSU_TK,en,,0,0,0,https://x.com/undefined/status/2033740224778392029,1710416538082197505,
2033738566950699403,Tue Mar 17 03:00:28 +0000 2026,1,@sachijmf Sa blue app or here lang ma'am,2033740221628748250,,sachijmf,en,,0,1,0,https://x.com/undefined/status/2033740221628748250,1626125700121120768,
2033740206302449809,Tue Mar 17 03:00:24 +0000 2026,1,which to my first card show this weekend saw someone selling blue lock cards was so excited hurray!!! and then i pulled probably the 2 worst ones i could get. https://t.co/LTzp7CsMxt,2033740206302449809,https://pbs.twimg.com/media/HDlL8LGbEAAxxGd.jpg,,en,,0,1,0,https://x.com/undefined/status/2033740206302449809,1318632654166700032,
2033740203001590208,Tue Mar 17 03:00:24 +0000 2026,1,When you vote in a primary even if a person on your ballot wins they still need to beat someone else in November. It isn't a red or blue wave.,2033740203001590208,,,en,,0,0,0,https://x.com/undefined/status/2033740203001590208,73764055,
2033740202749952310,Tue Mar 17 03:00:24 +0000 2026,0,fuck.. project blue sky.. keep saying blue bird... XD,2033740202749952310,,,en,,0,0,0,https://x.com/undefined/status/2033740202749952310,1638285305663963136,
2033740201936175580,Tue Mar 17 03:00:23 +0000 2026,0,ATEEZ Mini10th Album GOLDEN HOUR Part.1 Autographed Signed K-POP Collection limited 2024 P2999 https://t.co/VmCY9mxjGK wts lfb ph ls sco wooyoung san jongho seonghwa mingi yunho yeosang selfie selca pc photocard golden blue hour diary onhand sealed ghp1 atz ghp2 ghp3 https://t.co/cSOiqeUNsv,2033740201936175580,https://pbs.twimg.com/media/HDlL75-WQAE-GFu.jpg,,en,,0,0,0,https://x.com/undefined/status/2033740201936175580,1642036726549061632,
2033725142665498966,Tue Mar 17 03:00:19 +0000 2026,0,@joker_kalp @Red_Pill_US @grok NO blue checkmark mark....grok won't do it for you.,2033740184102039912,,joker_kalp,en,,0,0,0,https://x.com/undefined/status/2033740184102039912,99566666,
2033702993468543093,Tue Mar 17 03:00:17 +0000 2026,1,@irukalovebot the only benefit outside of the blue one is that stains are less noticeable white clears,2033740173834653863,,irukalovebot,en,,0,0,0,https://x.com/undefined/status/2033740173834653863,1016540326444462080,
2033740170218848506,Tue Mar 17 03:00:16 +0000 2026,10,Preorders open now! Max Factory Blue Archive Kayoko (Dress) From Blue Archive comes a 1/7 scale figure of Gehenna Academy's member of Problem Solver 68 Kayoko in her dress outfit! Preorder: https://t.co/F22eEfCQdU #goodsmile https://t.co/sSNeFFLSkK,2033740170218848506,https://pbs.twimg.com/media/HDlL57sWMAAOb79.jpg,,en,,0,0,3,https://x.com/undefined/status/2033740170218848506,1750060684300414976,
2033740167555559855,Tue Mar 17 03:00:15 +0000 2026,53,◈ 新商品情報 ◈ カヨコ（ドレス） ＿＿＿＿＿＿＿＿ 『ブルーアーカイブ -Blue Archive-』より 「カヨコ」のドレス姿を1/7スケールで立体化。 差し替え用表情パーツとして、 柔らかな「笑顔」が付属します◎ ▼ご予約はこちら https://t.co/yN5Rr2blCZ #ブルーアーカイブ #ブルアカ #maxfactory https://t.co/0ZbbiD6pgN,2033740167555559855,https://pbs.twimg.com/media/HDlL5xCWUAAFlSA.jpg,,ja,,3,0,41,https://x.com/undefined/status/2033740167555559855,68864104,
2033740163130511673,Tue Mar 17 03:00:14 +0000 2026,0,／ New TV Anime GNOSIA merch now available ＼ Orders are now open for the GNOSIA TV anime merch! Pick up charming collectibles featuring new illustrations of Yuri Stella Comet Chipie and Sha-Ming today! ▼ Details https://t.co/9xv5mQHLfu #gnosia https://t.co/0Y2CE5kqdn,2033740163130511673,https://pbs.twimg.com/media/HDlL5nEW4AAdeCJ.jpg,,en,,0,0,0,https://x.com/undefined/status/2033740163130511673,1764840138285461504,
2033740162363232389,Tue Mar 17 03:00:14 +0000 2026,0,Protect from sun dryness stress with blue rose. #GINZACLEAR #GINZAbyCLEAR #BlueRose ▼Details: https://t.co/0XxPn4ztPH,2033740162363232389,,,en,,0,0,0,https://x.com/undefined/status/2033740162363232389,1978426732290916352,
2033740160932696479,Tue Mar 17 03:00:14 +0000 2026,0,#ad EXTREMELY RARE Vintage 70s Corning Ware Blue Cornflower Pyrex UNOPENED BOX A... https://t.co/X2oupst4IQ,2033740160932696479,,,en,,0,0,0,https://x.com/undefined/status/2033740160932696479,1983185114764062725,
2033688122068787693,Tue Mar 17 03:00:13 +0000 2026,0,@fairyprxncess Blue,2033740160157003813,,fairyprxncess,en,,0,0,0,https://x.com/undefined/status/2033740160157003813,1183232062368534528,
2033737398543077550,Tue Mar 17 03:00:13 +0000 2026,0,@Mdso_Va1 no the blood manipulation would just strike blue Judas and kill him,2033740158194131427,,Mdso_Va1,en,,0,0,0,https://x.com/undefined/status/2033740158194131427,1823880569911914496,
2033707262968271079,Tue Mar 17 03:00:12 +0000 2026,0,@ChiSoxAZ @joangreeneaz Go find a blue checkmark,2033740156025577952,,ChiSoxAZ,en,,0,0,0,https://x.com/undefined/status/2033740156025577952,1540857151345680385,
2033587805742379326,Tue Mar 17 03:00:12 +0000 2026,0,@MsAvaArmstrong @DHSgov @RealTomHoman New tactic hang around the DMVs of blue states.,2033740152460218863,,MsAvaArmstrong,en,,0,0,0,https://x.com/undefined/status/2033740152460218863,1981856732746756096,
2033738845208879473,Tue Mar 17 03:00:10 +0000 2026,1,@konstructivizm Nestled in Ophiuchus Messier 10 lies 15 000 light-years away spanning 80 light-years. Hubble s ultraviolet imaging reveals hot blue stragglers amid ancient stars exposing stellar mergers dynamics and gravity s intricate dance in this dense cosmic city. ,2033740144390681067,,konstructivizm,en,,0,0,0,https://x.com/undefined/status/2033740144390681067,1943714826116603904,
2033646735210242269,Tue Mar 17 03:00:08 +0000 2026,0,@C80192134 @ToonFan14 Red Cartel clubs but the clubs charged are the Blue Chelsea and City ,2033740138245984649,,C80192134,en,,0,0,0,https://x.com/undefined/status/2033740138245984649,1557541976,
2033740115156296095,Tue Mar 17 03:00:03 +0000 2026,10,Juan Soto (20) Opponent: Toronto Blue Jays Pitcher: Yusei Kikuchi Date: 06/28/2024 https://t.co/dbEGT9Ej3Q,2033740115156296095,https://pbs.twimg.com/amplify_video_thumb/2029358612733423616/img/SBlOdVN0ZPPyDg7b.jpg,,en,,1,0,1,https://x.com/undefined/status/2033740115156296095,1590434441842888705,
2033740114992455968,Tue Mar 17 03:00:03 +0000 2026,7,＼渡會将士Birthday Live 2026／ 一年に一度の特別公演 FC会員限定 チケット先着受付中!! 無くなり次第、終了となりますのでご購入はお早めに ご購入はこちら↓↓ https://t.co/TPl04RkEJK ️4/19(日) 神奈川･BLUE Enoshima (江の島ビュータワー 7F) OPEN 11:45/START 12:30 https://t.co/KyXr8XrwNm,2033740114992455968,https://pbs.twimg.com/media/HDkverdbEAA9Ptc.jpg,,ja,,0,0,1,https://x.com/undefined/status/2033740114992455968,1326710508582440960,
2033740113776402654,Tue Mar 17 03:00:02 +0000 2026,51,Blue or green which steals your heart? #BigOcean #빅오션 #OneManArmy #THE_GREATEST_BATTLE https://t.co/hMdBXRCOFn,2033740113776402654,https://pbs.twimg.com/media/HDjw9QAbEAIcDYE.jpg,,en,,1,7,12,https://x.com/undefined/status/2033740113776402654,1678603740251828224,
2033740113474109571,Tue Mar 17 03:00:02 +0000 2026,7,＼Celebrating Thank-you Manager Birthday All-Star 15 100% Casting Now Open!／ The Celebrating Thank-you Manager Birthday All-Star 15 100% Casting which can be played by spending Blue Diamonds is now open! [Event Period] 2026/3/16(Mon) 19:00 ~ 3/21(Sat) 18:59(PST) https://t.co/yrSFnX4cBA,2033740113474109571,https://pbs.twimg.com/media/HCoYTYZawAAsWC0.jpg,,en,,0,0,1,https://x.com/undefined/status/2033740113474109571,1628598215099691009,
2033740113025401056,Tue Mar 17 03:00:02 +0000 2026,9,°𖤐⸜今週のリトブルライブ ⸝𖤐° 『SAPPORO GIRLS FLIGHT 〜BIG PEN SAPPORO Pre Opening Mission Day.1〜』 日程：3月20日(金) 会場：BIG PEN SAPPORO 時間：OPEN 17:00／START 17:20 出演：18:00〜18:20 特典会：終演後 https://t.co/OkHVRq67hy #リトブル https://t.co/CMgNYbkb8t,2033740113025401056,https://pbs.twimg.com/media/HDi2J1taYAAjnRm.jpg,,ja,,0,0,2,https://x.com/undefined/status/2033740113025401056,1887702529393487872,
2033740112606204343,Tue Mar 17 03:00:02 +0000 2026,0,AVAILABLE FOR SALE Dicesix Vote ─── 15K/$1 𝜗ৎ FANCAST 4.000 Blue Heart Mop: qris paypal DM for Buy ️ wts wtb lfb lfs sell selling jual beli vote votes voting prevote mubank music bank kpop seller fanstage pick https://t.co/mEM6oN3xHz,2033740112606204343,,,en,,0,0,0,https://x.com/undefined/status/2033740112606204343,2008566979083595776,
2033740112195162488,Tue Mar 17 03:00:02 +0000 2026,0,Lost in a silent ballet I'm dreaming you're out in the blue and I am right beside you Awake to take in the view Late nights and early parades #Happy18Years #MaybeImDreaming #OwlCity @owlcity,2033740112195162488,,,en,,0,0,0,https://x.com/undefined/status/2033740112195162488,1501927421297463298,
2033694170699669954,Tue Mar 17 03:00:02 +0000 2026,1,@James_dukes12 I m a Blue Sky guy!,2033740111515394149,,James_dukes12,en,,0,1,0,https://x.com/undefined/status/2033740111515394149,1149609255928029184,
2033740109686657466,Tue Mar 17 03:00:01 +0000 2026,8,あと1日 ブルーアーカイブ -Blue Archive- 「ネル（制服）」 ⇒https://t.co/FO4RvsZkv4 ラフに着崩したシャツとプリーツスカート、肩にバッグを引っかけたラフな出で立ちという、彼女らしい自信と余裕を感じさせる雰囲気を再現 不敵な笑みを浮かべた表情パーツも付属します！ https://t.co/JCsT7qM02j,2033740109686657466,https://pbs.twimg.com/media/HC8FItaa4AAteZQ.jpg,,ja,,0,0,5,https://x.com/undefined/status/2033740109686657466,1115916031,
2033740109531783585,Tue Mar 17 03:00:01 +0000 2026,6,ファンタジー弾幕STG「食魂徒 〜Blue Pieta〜」を発表。東方の死神と西方のヴァンパイアハンターが対峙する，シリーズ初の横スクロールSTG https://t.co/zpazJrgn1z 必殺技「ソウルコレクトシステム」も進化。キャラクターたちはフルボイスで登場 https://t.co/iUjKV0GBzc,2033740109531783585,https://pbs.twimg.com/media/HDlL2QZbcAADD6b.jpg,,ja,,1,0,4,https://x.com/undefined/status/2033740109531783585,44306171,
2033740109166875129,Tue Mar 17 03:00:01 +0000 2026,0,白い砂浜、ターコイズの波 / White Sand Turquoise Waves Beautiful landscape. Pure white sand beach; clear turquoise waves lace across the shallows. Pale blue sky with thin clouds near the horizon. Drone-like low-altitude glide tracing the shoreline. Natural saturation https://t.co/4iyeyzOXqt,2033740109166875129,https://pbs.twimg.com/amplify_video_thumb/2029132375129829376/img/zdwQuhTBd5ylIXV_.jpg,,ja,,0,0,0,https://x.com/undefined/status/2033740109166875129,2009252941929304064,
2033740109070405794,Tue Mar 17 03:00:01 +0000 2026,0,Maintenance In Progress #AlternaVvelt is currently under maintenance from: 3/16 8:00 PM until 3/17 1:59 AM (PT) Thank you for your patience. #BlueExorcist https://t.co/mmbaUiKzCZ,2033740109070405794,https://pbs.twimg.com/media/HDk8vTvacAA54Ei.jpg,,en,,0,0,0,https://x.com/undefined/status/2033740109070405794,1806766768276541440,
2033740109065990296,Tue Mar 17 03:00:01 +0000 2026,9,If you bought Covid You'll definitely buy Blue Beam,2033740109065990296,,,en,,0,0,5,https://x.com/undefined/status/2033740109065990296,3946458353,
2033740108789387412,Tue Mar 17 03:00:01 +0000 2026,1,／ TVアニメ「グノーシア」グッズ販売開始 ＼ TVアニメ「グノーシア」グッズの販売がスタートしました！ ユーリ、ステラ、コメット、シピ、沙明の新規描き下ろしイラストのグッズが盛りだくさんです！ ▼詳細はこちら https://t.co/f5zjdOIq7B #グノーシア #gnosia https://t.co/u8IhT37lMo,2033740108789387412,https://pbs.twimg.com/media/HDhQnw9a0AAfYja.jpg,,ja,,0,0,1,https://x.com/undefined/status/2033740108789387412,1755056573611982848,
2033740108239655052,Tue Mar 17 03:00:01 +0000 2026,6,SFW #猫塚ヒビキ #ブルーアーカイブ nekozuka hibiki blue archive https://t.co/9fi8HGOeYk,2033740108239655052,https://pbs.twimg.com/media/HDj6MDYbEAEQyoY.jpg,,pl,,0,0,0,https://x.com/undefined/status/2033740108239655052,1915985561850167296,
2033740107329548560,Tue Mar 17 03:00:01 +0000 2026,2,＼開催迫る／ ◤festhalle 10th anniversary presents 『PARADE』◢ ️3/26(木)：スキマスイッチ ️3/27(金)：Bialystocks × luv ️3/28(土)：betcover!! × Kroi ️3/29(日)：BLUE ENCOUNT × LONGMAN × PEDRO 香川・高松festhalle #フェストハレ10周年 記念ライブイベント ️お求めはお早めに▼,2033740107329548560,,,ja,,0,0,1,https://x.com/undefined/status/2033740107329548560,1098466038524522498,
2033740106448744575,Tue Mar 17 03:00:01 +0000 2026,26,小鳥遊ホシノ/Hoshino（ブルーアーカイブ/blue archive） Patre0nは本アカを見てね SFW illustration. No nudity. no suggestive intent. https://t.co/uSuspc7Pqf,2033740106448744575,https://pbs.twimg.com/media/HDjKY82bEAISMTj.jpg,,ja,,0,0,2,https://x.com/undefined/status/2033740106448744575,2021150820469964807,
2033740106000175281,Tue Mar 17 03:00:00 +0000 2026,0,＼ 開催中！ ／ Webグループ展 ＜抽象画＞展 ＜作品紹介＞ 作品名：Red in Blue 2 作家名：おちよしかず 会場・作品はこちら→https://t.co/lBnjYRKfXn 会期：2026.03.15～03.31 #芸術の輪 #現代作家の環 #美術ネットワーク #artilljp #illustshare https://t.co/r3H9hn4zdA,2033740106000175281,https://pbs.twimg.com/media/HDibrFPbgAA3U7D.jpg,,ja,,0,0,0,https://x.com/undefined/status/2033740106000175281,1055997757159223296,
2033740104859292007,Tue Mar 17 03:00:00 +0000 2026,56,TOLD you this was coming - we were told we were conspiracy theorists . Yet here it is! Virginia Democrats have voted to exempt themselves from new gun control measures they re imposing. The provision of this section shall not apply to any member of the General Assembly. https://t.co/IQiqBnf1JH,2033740104859292007,https://pbs.twimg.com/amplify_video_thumb/2033593893833371649/img/htAlTYRcMbOEL_F7.jpg,,en,,1,3,31,https://x.com/undefined/status/2033740104859292007,2941665345,
2033740104817156540,Tue Mar 17 03:00:00 +0000 2026,1,アーミンシュトローム ARMIN STROM ミラード・フォース MIRRORED FORCE レゾナンス・ブルーギョーシェ RESONANCE BLUE GUILLOCHÉ ARF15-0006 https://t.co/XaUhlAT62z,2033740104817156540,https://pbs.twimg.com/media/HDQi2oWaQAAsxW8.jpg,,ja,,0,0,0,https://x.com/undefined/status/2033740104817156540,1834877645966000129,
2033740104330842142,Tue Mar 17 03:00:00 +0000 2026,21,Photo Gallery更新 2026.2.21 bouquet tour - Re:birth blue -@熊本 B.9 V1 をアップしました。 https://t.co/uNTCieDlxn photo by @aburami_nigate https://t.co/9VmI7fUJQk,2033740104330842142,https://pbs.twimg.com/media/HDheoATbYAAZ7F6.jpg,,ja,,0,0,1,https://x.com/undefined/status/2033740104330842142,1357721492469944322,
2033740103311388870,Tue Mar 17 03:00:00 +0000 2026,0,Top 10 Undervalued Blue-Chip Stocks to Watch! #traderake #marketnews #nse #bse #marketupdates #stocks #StockMarket #BlueChipStocks #UndervaluedStocks #Investing #LongTermInvesting #ValueInvesting #StockMarketIndia #ShareMarket #WealthCreation #SmartInvesting #EquityInvesting https://t.co/BiWwwxlhqT,2033740103311388870,https://pbs.twimg.com/media/HDiJ0DOaMAEVYbK.jpg,,en,,0,0,0,https://x.com/undefined/status/2033740103311388870,1837087464357351424,
2033740103152242819,Tue Mar 17 03:00:00 +0000 2026,0,AVAILABLE FOR SALE Dicesix Vote ─── 15K/$1 𝜗ৎ UPICK 8.000 Blue Jam Mop: qris paypal DM for Buy ️ wts wtb lfb lfs sell selling jual beli vote votes voting blue jams seller bluejam bluejams https://t.co/mEM6oN3xHz,2033740103152242819,,,en,,0,0,0,https://x.com/undefined/status/2033740103152242819,2008566979083595776,
2033736754130289082,Tue Mar 17 03:00:00 +0000 2026,2,@TripleH @TKOGrp @Obaofwwe @MichaelCole @espn @netflix @WWEgames please give us Brock Lesnar blue https://t.co/qzIb8dNPWH,2033740102481174754,https://pbs.twimg.com/media/HDlL196bUAAw2mb.jpg,TripleH,en,,0,0,0,https://x.com/undefined/status/2033740102481174754,1471462727851802627,
2033740102338293803,Tue Mar 17 03:00:00 +0000 2026,0,Manga : Grand Blue Dreaming | Volume 1 - Chapter 1 - Page 42 | | #GrandBlueDaily | #GrandBlueDreaming | #GrandBlue | #Manga https://t.co/KK2cgvKAVi,2033740102338293803,https://pbs.twimg.com/media/HDlLewrXQAAbmqS.png,,en,,0,0,0,https://x.com/undefined/status/2033740102338293803,1553831656854781953,
2033708551617863897,Tue Mar 17 02:59:59 +0000 2026,0,@burakilsonn @nkt_dreamer Blue spark DSS mid does a pushback and becomes safe.,2033740100236902707,,burakilsonn,en,,0,0,0,https://x.com/undefined/status/2033740100236902707,1594243520239484929,
2033593134446178387,Tue Mar 17 02:59:59 +0000 2026,0,@cosmicnerdboy Whoa! It's a new Blue doodle! I love,2033740099112849901,,cosmicnerdboy,en,,0,0,0,https://x.com/undefined/status/2033740099112849901,1793444453362835457,
2033334992210714767,Tue Mar 17 02:59:58 +0000 2026,1,@CurranWrites 8-12. Thats a bit below 2 months and little more which you can see what youlll get. I knew Liverpool were gonna give blue balls by week 10. It continues. Let s see what Galaxy do,2033740095262757161,,CurranWrites,en,,0,0,0,https://x.com/undefined/status/2033740095262757161,1450909067279433734,
2033483962232848636,Tue Mar 17 02:59:57 +0000 2026,3,@SimplyBitcoin Blue,2033740090724282480,,SimplyBitcoin,en,,0,0,0,https://x.com/undefined/status/2033740090724282480,1673436661118820352,
2033740075402494243,Tue Mar 17 02:59:53 +0000 2026,0,Mayday shares new snippet from Benji Blue Bill s upcoming Campaign Blue 2 ,2033740075402494243,,,en,,0,0,0,https://x.com/undefined/status/2033740075402494243,2017658898337988608,
2033740071606665308,Tue Mar 17 02:59:52 +0000 2026,0,literally on the date all I thought of was that blue eyed meme,2033740071606665308,,,en,,0,0,0,https://x.com/undefined/status/2033740071606665308,1790148461750267905,
2033735047778369759,Tue Mar 17 02:59:50 +0000 2026,1,@SRhemiz Don't forget to buy the blue tick ,2033740062005830004,,SRhemiz,en,,0,1,0,https://x.com/undefined/status/2033740062005830004,1510987411702099968,
2033054097390318013,Tue Mar 17 02:59:49 +0000 2026,0,@grok @TheLeftIsNutz @BallshanglowErn @elonmusk Nah 9 out of 10 isn t really complex seems pretty straightforward. What are the most rural blue states?,2033740057899585885,,grok,en,,0,1,1,https://x.com/undefined/status/2033740057899585885,16900324,
2033738796496523276,Tue Mar 17 02:59:48 +0000 2026,0,@BlailsVictim900 Why is it blue,2033740055173288149,,BlailsVictim900,en,,0,1,0,https://x.com/undefined/status/2033740055173288149,1878959509801979904,
2033740041072042352,Tue Mar 17 02:59:45 +0000 2026,0,I drank the blue liquid after,2033740041072042352,,,en,,0,1,0,https://x.com/undefined/status/2033740041072042352,2016972463733690368,
2033370611708514337,Tue Mar 17 02:59:45 +0000 2026,0,@AyCarlosCamacho The movie wasn t super popular but Ethan Hawke in Blue Moon was a superb performance .,2033740040153538743,,AyCarlosCamacho,en,,0,0,0,https://x.com/undefined/status/2033740040153538743,711603032,
2033593535723679871,Tue Mar 17 02:59:41 +0000 2026,1,@Mikehomeseller EZO- Self titled Dream Theater- Awake Queensrÿche- Warning (NM156) Brownsville Station- School Punks Blue Murder- Self titled,2033740023984755052,,Mikehomeseller,en,,0,0,0,https://x.com/undefined/status/2033740023984755052,605091851,
2033738296912650343,Tue Mar 17 02:59:40 +0000 2026,0,.@grok changed the blue for yellow the same yellow on the anarcho-capitalist flag,2033740021203603473,,NeoRothbardian,en,,0,1,0,https://x.com/undefined/status/2033740021203603473,1919804846049316864,
2033740003424256396,Tue Mar 17 02:59:36 +0000 2026,0,i grow tired of my blue hair,2033740003424256396,,,en,,0,0,0,https://x.com/undefined/status/2033740003424256396,1640494337418231808,
2033739967508402400,Tue Mar 17 02:59:27 +0000 2026,0,Its important to remember that literally every kivotos student is basically a supersoldier in blue archive meaning that if you manage to fuck any one of the girls it's 100% consensual,2033739967508402400,,,en,,0,0,0,https://x.com/undefined/status/2033739967508402400,1710439870643273728,
2033739966703104209,Tue Mar 17 02:59:27 +0000 2026,0,メルカリで出品されているいろいろな帽子を紹介していきます！PR 商品名: ジェラート ピケ ボディミスト BLUE フローラルブーケの香り 販売価格: 666円 https://t.co/2I2ln4iTZl,2033739966703104209,,,ja,,0,0,0,https://x.com/undefined/status/2033739966703104209,1941018323892031493,
2033622359752458658,Tue Mar 17 02:59:26 +0000 2026,0,@ShakurStevenson Mannnn blue got the snot knock out of him,2033739962680549507,,ShakurStevenson,en,,0,0,0,https://x.com/undefined/status/2033739962680549507,1575996695283994624,
2033699951851483197,Tue Mar 17 02:59:24 +0000 2026,0,@gregjstoker As the father of a dyslexic son who works a blue collar job I can confidently say that my son has a better handle on geopolitics than the president.,2033739951565639731,,gregjstoker,en,,0,0,0,https://x.com/undefined/status/2033739951565639731,1947694185177616384,
2033638023011647982,Tue Mar 17 02:59:23 +0000 2026,0,@VikasKumar95417 @SawyerMerritt Blue Origin: 0 deployed SpaceX: ~11 500+,2033739950294786501,,VikasKumar95417,en,,0,1,0,https://x.com/undefined/status/2033739950294786501,43278897,
2033418085131264257,Tue Mar 17 02:59:22 +0000 2026,1,@etnow Nicole strolling down Melrose Ave in 1989 sucking on a popsicle with Flea and Anthony of the Red Hot Chili Peppers. Was she visiting her Aussie friend Olivia Newton John at her Koala Blue fashion store? Or is this Nicole s stunt double? https://t.co/bn2BcK6ind,2033739944121012343,,etnow,en,,0,0,0,https://x.com/undefined/status/2033739944121012343,30070631,
2033739935950295366,Tue Mar 17 02:59:20 +0000 2026,0,@realKILLERkross I apologize ahead of time if you mentioned this already Do you know when Blue Evening be on streaming or where can watch it? Thanks in advance and best wishes for you.,2033739935950295366,,realKILLERkross,en,,0,0,0,https://x.com/undefined/status/2033739935950295366,569681092,
2033739935233323099,Tue Mar 17 02:59:20 +0000 2026,0,完売のお知らせ ANGEL BLUE ハートミラー 以上の商品は完売致しました‼️ たくさんのご来店ありがとうございました #ドリームカプセル #イオンモールKYOTO #ガチャガチャ https://t.co/1yyc8X1EzB,2033739935233323099,https://pbs.twimg.com/media/HDlLr9ibEAI7qQE.jpg,,ja,,0,0,0,https://x.com/undefined/status/2033739935233323099,2424943616,
2033483962232848636,Tue Mar 17 02:59:16 +0000 2026,0,@SimplyBitcoin BLUE!!!!!!!!,2033739921211482589,,SimplyBitcoin,en,,0,0,0,https://x.com/undefined/status/2033739921211482589,1439755448563994627,
2033715896334561355,Tue Mar 17 02:59:10 +0000 2026,0,@ZitoSalena Blue and white is always right sweetie. ,2033739896020414611,,ZitoSalena,en,,0,0,0,https://x.com/undefined/status/2033739896020414611,1044233354483257345,
2033737901406666931,Tue Mar 17 02:59:09 +0000 2026,0,@uusernannie Passa o @ do blue,2033739890949546208,,uusernannie,pt,,0,0,0,https://x.com/undefined/status/2033739890949546208,1899993497249230848,
2033566920268542430,Tue Mar 17 02:59:03 +0000 2026,0,@Knickanator_ I heard the cans are made out of Blue Steele instead of aluminum.,2033739863670067480,,Knickanator_,en,,0,0,0,https://x.com/undefined/status/2033739863670067480,533400736,
2033590770322514217,Tue Mar 17 02:59:00 +0000 2026,0,@ElPanguin0 Blue Women ,2033739852496150632,,ElPanguin0,en,,0,0,0,https://x.com/undefined/status/2033739852496150632,736729137730068482,
2033457766723932520,Tue Mar 17 02:58:59 +0000 2026,0,@iheartmindy @Rainmaker1973 Feel like it s going to have blue hair and a nose ring .,2033739849534976407,,iheartmindy,en,,0,0,0,https://x.com/undefined/status/2033739849534976407,519073286,
2033651857625657558,Tue Mar 17 02:58:57 +0000 2026,0,@TwinkTheory This is NOT the same woman. You already knew that but your blue tick beggar instinct ignired that fact,2033739839846383851,,TwinkTheory,en,,0,0,0,https://x.com/undefined/status/2033739839846383851,1531539980644139009,
2033706954900574508,Tue Mar 17 02:58:56 +0000 2026,0,@crunchytradcon @atensnut Congrats! Here is truth person with blue v fo me and wait my fb,2033739836218347719,,crunchytradcon,en,,0,0,0,https://x.com/undefined/status/2033739836218347719,1868216299618541568,
2033739810825736609,Tue Mar 17 02:58:56 +0000 2026,0, Nani.ᐣ After letting his blast go Evolto seemed confused by the sudden disappearance but realized that the bottle had been used quickly - yet not quick enough as a strong haymaker was delivered to his jaw making his head tilt to the side as the blue aura covered them + https://t.co/VH8QwCDzNp,2033739835253399911,https://pbs.twimg.com/ext_tw_video_thumb/2033739819482800128/pu/img/evdjlusxBwv10ikw.jpg,EV0LTO_TION,en,,0,1,0,https://x.com/undefined/status/2033739835253399911,1603608325630877696,
2033409810322886714,Tue Mar 17 02:58:55 +0000 2026,0,@HauntedFennie Roblox Rayvenge sword but blue?!? https://t.co/QDNQhLKaTj,2033739830979412344,https://pbs.twimg.com/media/HDlLmAWWsAAlpIM.jpg,HauntedFennie,en,,0,0,0,https://x.com/undefined/status/2033739830979412344,1997066290285215744,
2033739827796185535,Tue Mar 17 02:58:54 +0000 2026,0,following someone out of the blue in hopes they'll oomf me instead of thinking i'm a creep...,2033739827796185535,,,en,,1,0,0,https://x.com/undefined/status/2033739827796185535,1780383799676928000,
2033739826189529423,Tue Mar 17 02:58:54 +0000 2026,1,https://t.co/GfkzsKI2mN,2033739826189529423,https://pbs.twimg.com/media/HDlLj_EWUAA8rtI.jpg,,zxx,,0,0,0,https://x.com/undefined/status/2033739826189529423,1988260943256842241,
2033739818903974174,Tue Mar 17 02:58:52 +0000 2026,0,Check out Shoes Mens Adidas Break Start Athletic White &amp; Blue Sneaker Footwear Trainers https://t.co/14yViBzzah #eBay via @eBay,2033739818903974174,,,en,,0,0,0,https://x.com/undefined/status/2033739818903974174,1025486485271789568,
2033739818421682351,Tue Mar 17 02:58:52 +0000 2026,1,the blue in her hair is the most difficult thing about drawing her not that it's hard or anything it's just annoying and takes a minute longer than i like https://t.co/LxVKAqxS0l,2033739818421682351,https://pbs.twimg.com/media/HDlLVS9WMAA2dS4.jpg,,en,,0,0,0,https://x.com/undefined/status/2033739818421682351,1830307020383076352,
2033739800864551418,Tue Mar 17 02:58:48 +0000 2026,0,Imagine dating a blue collar and you got body harness as lingerie.,2033739800864551418,,,en,,0,0,0,https://x.com/undefined/status/2033739800864551418,1324537544231383040,
2033698962088009840,Tue Mar 17 02:58:45 +0000 2026,0,@jxayry blue‍↕️,2033739791276077538,,jxayry,en,,0,0,0,https://x.com/undefined/status/2033739791276077538,1921121832067022848,
2033737476893020459,Tue Mar 17 02:58:45 +0000 2026,1,@deafteez am i special cause im san and blue pikmin with lesbian overlay,2033739788784742616,,deafteez,en,,0,1,0,https://x.com/undefined/status/2033739788784742616,1995434736437891072,
2033337510156226709,Tue Mar 17 02:58:41 +0000 2026,0,@RepLuna Unfortunately progressives ruined ever having another convention of states for the foreseeable future. Unless the Save Act passes it will never happen unless the entire country is blue; and every stretch of border is wide open.,2033739773215437181,,RepLuna,en,,0,0,0,https://x.com/undefined/status/2033739773215437181,1488614574131662854,
2033629331692654598,Tue Mar 17 02:58:38 +0000 2026,0,@RubyLeo0729 palapag nga po kung sino-sino ang mga blue chip recruits na yan EVERY YEAR. may titignan lang,2033739760200720770,,RubyLeo0729,tl,,0,0,0,https://x.com/undefined/status/2033739760200720770,1711511685838888960,
2033506379671937024,Tue Mar 17 02:58:37 +0000 2026,0,@HabhanSing47523 @DyerbolicalDB Happy Birthday Alexandra Daddario! Your mesmerizing blue eyes and killer smile steal every scene. Wishing you an epic year ahead full of adventure and success! ,2033739755628765679,,HabhanSing47523,en,,0,0,0,https://x.com/undefined/status/2033739755628765679,1720665183188922368,
2033054097390318013,Tue Mar 17 02:58:34 +0000 2026,0,@skweeds @TheLeftIsNutz @BallshanglowErn @elonmusk Yeah rankings depend heavily on metrics WalletHub weights affordability/education/health high favoring blue states in QoL subs (NY/CA top). U.S. News 2025 overall: Utah #1 NH #2 ID #3 (more red/mixed lead). CNBC QoL tops blue Northeast states. Southern worst performers,2033739744736067788,,skweeds,en,,0,1,0,https://x.com/undefined/status/2033739744736067788,1720665183188922368,
2033739735286403563,Tue Mar 17 02:58:32 +0000 2026,0,My fingers are blue His blueness infected me like a disease,2033739735286403563,,,en,,0,0,0,https://x.com/undefined/status/2033739735286403563,2016972463733690368,
2033733021119955435,Tue Mar 17 02:58:31 +0000 2026,0,Could be the lighting or some sort of filter to make him look younger. (Perfect hair etc). Reminds me of that viral dress debate and whether it was blue and black or white and gold. https://t.co/08P8Lwvv7A,2033739729049395414,https://pbs.twimg.com/media/HDlLgPfXgAAt0St.jpg,Sherwin929,en,,0,0,0,https://x.com/undefined/status/2033739729049395414,94844392,
2033739710015672413,Tue Mar 17 02:58:26 +0000 2026,4,Quem quiser ir me seguindo no blue sky https://t.co/cZ8WNuUdtX,2033739710015672413,https://pbs.twimg.com/media/HDlLfS_WcAACbsw.jpg,,pt,,0,0,0,https://x.com/undefined/status/2033739710015672413,1890874463748833280,
2033735687430934819,Tue Mar 17 02:58:26 +0000 2026,0,@iliasblueeyes @the_quadg0d its sooo important to me to see that blue highlights,2033739709525201287,,iliasblueeyes,en,,0,0,0,https://x.com/undefined/status/2033739709525201287,2026035708243460096,
2033650891056672980,Tue Mar 17 02:58:25 +0000 2026,0,@MLB My father would love this watches every Blue Jays games proud 🇨🇦 would make up for what happen at the World Series,2033739705020518733,,MLB,en,,0,0,0,https://x.com/undefined/status/2033739705020518733,1514266195779731458,
2033361400975000004,Tue Mar 17 02:58:23 +0000 2026,0,@DavidCrisafulli Forgive my ignorance what is a blue card?,2033739696220897492,,DavidCrisafulli,en,,0,0,0,https://x.com/undefined/status/2033739696220897492,1962680212052942849,
2033634407420944459,Tue Mar 17 02:58:21 +0000 2026,0,@vessa_pass Dont belive it is biggest scammers don't share ur wallet address it will launch blue whale token and in 10 minutes remove the liquidity then it launch greenpengua token and remove liquidity now it veesa pass don't belive it stole your money change account names report it to x,2033739688683704427,,vessa_pass,en,,0,0,0,https://x.com/undefined/status/2033739688683704427,1154366954167250947,
2033739673298694449,Tue Mar 17 02:58:17 +0000 2026,0,Betway Hot Hot fruit ️ Early Shift Times; 04:00 ; Open PDF 06:00 ; Open PDF 11h00 ; Open PDF Get Free 100 Spins On This Blue Linkhttps://t.co/deXC3cIWBo https://t.co/w5nSiMYpKa,2033739673298694449,https://pbs.twimg.com/media/HDlLcr8aoAE2GqU.jpg,,en,,0,0,0,https://x.com/undefined/status/2033739673298694449,1832513250191183873,
2033739673127043302,Tue Mar 17 02:58:17 +0000 2026,0,￥19 800 Amazon | 【整備済み品】Western Digital WD Blue 4TB 3.5インチ 内蔵ハードディスク WD40EZRZRT | WD | 内... #広告 https://t.co/CUgBaBThxD,2033739673127043302,,,ja,,0,0,0,https://x.com/undefined/status/2033739673127043302,1637723657752698880,
2033626185456898126,Tue Mar 17 02:58:16 +0000 2026,0,@WilliamP80326 @KaylerSmithTV This image is from the empty NCAA March Madness setup at Dayton Arena (First Four site). The jumbotron shows sponsor logos and test scores: one team (red M ) at 61 the other (blue bull logo) at 55 with sample clock times. The script is out is a classic sports meme joking,2033739668580180222,,WilliamP80326,en,,0,0,0,https://x.com/undefined/status/2033739668580180222,1720665183188922368,
2033739666491351466,Tue Mar 17 02:58:16 +0000 2026,3,If no threo. Apollonia acts as an event safer option for the funny team in blue man group since she carries 2 debuff to activate hal and mal and she has a dispel! https://t.co/abfeToIhfu,2033739666491351466,https://pbs.twimg.com/media/HDlLbwebEAcnjWO.jpg,,en,,0,0,0,https://x.com/undefined/status/2033739666491351466,80501118,
2033432928429244534,Tue Mar 17 02:58:10 +0000 2026,0,@Amelia558rs Blue,2033739643900875164,,Amelia558rs,en,,0,0,0,https://x.com/undefined/status/2033739643900875164,127074754,
2033501748791263338,Tue Mar 17 02:58:08 +0000 2026,0,@egyptian525665 Blue Lotus or Nymphaea caerulea هي ال مصرية مش دي,2033739635436757318,,egyptian525665,und,,0,0,0,https://x.com/undefined/status/2033739635436757318,1952366678039576576,
2033625165087866997,Tue Mar 17 02:58:04 +0000 2026,0,@iliaastars @the_quadg0d i have such a love hate with blue dye now like my fav colour ever but after the last time i did it and it took literally months of bleaching to get temporary dye out i cannot trust it ,2033739616008745025,,iliaastars,en,,0,0,0,https://x.com/undefined/status/2033739616008745025,1960738197291589637,
2033739609855922202,Tue Mar 17 02:58:02 +0000 2026,0,จิงงง แค่ทำหมันยังเกือบหมื่น กาจะบู้,2033739609855922202,,,th,,0,0,0,https://x.com/undefined/status/2033739609855922202,1171352693022945280,
2033695104435949604,Tue Mar 17 02:57:57 +0000 2026,1,@Pumpkin_leader Blue Reflection,2033739586816634969,,Pumpkin_leader,en,,0,1,0,https://x.com/undefined/status/2033739586816634969,224574610,
2033622359752458658,Tue Mar 17 02:57:54 +0000 2026,0,@ShakurStevenson Blue face was in prison for a minute and got big Chibu was already somewhat active I thought blue edged it 4-2,2033739577022943629,,ShakurStevenson,en,,0,0,0,https://x.com/undefined/status/2033739577022943629,1599731360314245120,
2033643377644691600,Tue Mar 17 02:57:54 +0000 2026,1,@GenFlynn @boonecutler @NewsBlast17 Amen. Thank you every single digital soldier with us and who have passed. Without YOU non of this would have been possible. #InItTogether WWG1WGA https://t.co/AcOB9b15aT,2033739573558448473,https://pbs.twimg.com/tweet_video_thumb/HDlLXJLbEAA7rql.jpg,GenFlynn,en,,0,0,0,https://x.com/undefined/status/2033739573558448473,964579576302063617,
2033528421012348982,Tue Mar 17 02:57:53 +0000 2026,0,@kamiture0atu with a great use of blue rocks(,2033739569729028502,,kamiture0atu,en,,0,0,0,https://x.com/undefined/status/2033739569729028502,1215670518,
2033623061899960733,Tue Mar 17 02:57:48 +0000 2026,0,@Gothamist It seems young Nassadir got a mere ticket for punching a 55 year old man to death in Mamdani's New York. I can only imagine if Nassadir had blonde hair blue eyes and with an American sounding name.,2033739550388834320,,Gothamist,en,,0,0,0,https://x.com/undefined/status/2033739550388834320,1949536556823277568,
2033739535700668524,Tue Mar 17 02:57:45 +0000 2026,0,Once in a blue moon Ralf Schumacher W,2033739535700668524,,,en,,0,0,0,https://x.com/undefined/status/2033739535700668524,1676157655579258881,
2033739529379881272,Tue Mar 17 02:57:43 +0000 2026,1,追加公演 「帰ってきた博史」 運命は、いつもひろしにだけ意地悪で、、、 2026/04/04(sun) 吹いて歌ってしゃべくって 限界突破ッ!! お口が足りないツアー！in栃木 @ cafe ink Blue https://t.co/k0hKnKCySQ OPEN 18:00 START 18:30 Music Charge(＋1D) 予約 ¥4 000 当日 ¥4 500 https://t.co/uk5H5VZemc,2033739529379881272,https://pbs.twimg.com/media/HDlLUbabEAMhaxI.jpg,,ja,,0,1,0,https://x.com/undefined/status/2033739529379881272,1048694033109803008,
2033713078324380082,Tue Mar 17 02:57:42 +0000 2026,4,@jwdeninger @esjesjesj Blue Check/ 60 followers,2033739524455776758,,jwdeninger,en,,0,0,0,https://x.com/undefined/status/2033739524455776758,1871349615704117248,
2032944862891307340,Tue Mar 17 02:57:40 +0000 2026,0,@USATRUMPMAN1 Blue.,2033739517249618359,,USATRUMPMAN1,en,,0,0,0,https://x.com/undefined/status/2033739517249618359,1720154905158017024,
2033739513575706889,Tue Mar 17 02:57:39 +0000 2026,0,ANABELLE AT SPRING HOSPITAL GAVE BIRTH TO A WIDE BLACK ON BLUE EYED BABY OF 6.2 MONTHS A FRENCH LEBRUN AND A SWISS BERNHARDT XD GLENDO (SON) SEPHORO (MOON) GROW THE BABY ON ME HEALTHY BRAIN PALE MOON LIGHT SKIN &amp; DARK HAIRED MISSED &amp; HIDDEN these to perish alllast humans on NV,2033739513575706889,,,en,,0,0,0,https://x.com/undefined/status/2033739513575706889,1714168222487044096,
2033698833620689165,Tue Mar 17 02:57:38 +0000 2026,0,@GovNuclear Blue Recovery team,2033739509633060997,,GovNuclear,en,,0,0,0,https://x.com/undefined/status/2033739509633060997,1735075447569018880,
2033738240092737720,Tue Mar 17 02:57:37 +0000 2026,1,@OfficialMONSTAX 10 tracks - 8 spotted 2 unsure #MONSTAX #Unfold 1. Growing Pains 2. Baby Blue 3. On Our Way 4. Feel U (?) 5. Glass Half Empty 6. Stay (?) 7. Main Attraction 8. Enemies With Benefits 9. Sorry To Myself 10. Before You Met Me https://t.co/X2BNIynLA7,2033739502410469648,https://pbs.twimg.com/media/HDlLTIkboAAkCuN.jpg,OfficialMONSTAX,en,,0,0,0,https://x.com/undefined/status/2033739502410469648,3459348806,
2033739498027167772,Tue Mar 17 02:57:36 +0000 2026,1,$10.82 INLAND Silk PLA Fusion Trio Yellow-Blue-Green **few left** more info here: https://t.co/sL4PeBeNKB #ad afflink: https://t.co/VoNWJUHa94 Promo Code: Coupon Info: #3dprintingdeals https://t.co/gYFkdGPe45,2033739498027167772,https://pbs.twimg.com/media/HDlLS8YWYAAagVv.jpg,,en,,0,0,0,https://x.com/undefined/status/2033739498027167772,1178663279226494976,
2033739495674200163,Tue Mar 17 02:57:35 +0000 2026,0,https://t.co/Yaxgj1r0zs #Handmade Spirit Wolf Tassel Necklace. Wolf Necklace. Navy Blue Necklace. Wildlife Necklace. Blue Tassel Necklace. Silver Necklace. Handmade Necklace. by Gilliauna https://t.co/b4NRAGOjlx,2033739495674200163,https://pbs.twimg.com/media/HDlLS1gWoAAjT0K.jpg,,en,,0,0,0,https://x.com/undefined/status/2033739495674200163,84971572,
2033739475185242583,Tue Mar 17 02:57:30 +0000 2026,0,10 tracks - 8 spotted 2 unsure #MONSTAX #Unfold 1. Growing Pains 2. Baby Blue 3. On Our Way 4. Feel U (?) 5. Glass Half Empty 6. Stay (?) 7. Main Attraction 8. Enemies With Benefits 9. Sorry To Myself 10. Before You Met Me https://t.co/Yi67cekeGV,2033739475185242583,https://pbs.twimg.com/media/HDlLRiTbQAAUlPq.jpg,,en,,0,0,0,https://x.com/undefined/status/2033739475185242583,3459348806,
2033739449302138953,Tue Mar 17 02:57:24 +0000 2026,0,when some random blue check account likes ur tweet,2033739449302138953,,,en,,0,0,0,https://x.com/undefined/status/2033739449302138953,1780383799676928000,
2033707004561138167,Tue Mar 17 02:57:20 +0000 2026,0,@boomstickbabe It is a valiant fight but I agree the state is cooked! The demographic has changed in my county it is now blue and full gay! Was red and normal most of my life. Cannot fix this unless you change the people who have moved here and done this. It is too much and I'm leaving ,2033739434676625601,,boomstickbabe,en,,0,0,0,https://x.com/undefined/status/2033739434676625601,1519767503660101633,
2033739434311499861,Tue Mar 17 02:57:20 +0000 2026,0,N no . Blue is a nickname I gave to someone .,2033739434311499861,,,en,,1,0,0,https://x.com/undefined/status/2033739434311499861,1713919905622355968,
2033423086746509501,Tue Mar 17 02:57:17 +0000 2026,0,@oshi_bino_kt 絶対blue キレイな青ですね,2033739421569482946,,oshi_bino_kt,ja,,0,0,0,https://x.com/undefined/status/2033739421569482946,128868501,
2033713183660364013,Tue Mar 17 02:57:11 +0000 2026,0,@nerissa_en @uduki2025 Dodgers are in need of a new blue girl,2033739394449084557,,nerissa_en,en,,0,1,0,https://x.com/undefined/status/2033739394449084557,736729137730068482,
2033375357944963435,Tue Mar 17 02:57:08 +0000 2026,0,@_q_w_0000 @RabbiPoupko In 1922 that blue part was overwhelmingly Arab,2033739382398808552,,_q_w_0000,en,,0,1,0,https://x.com/undefined/status/2033739382398808552,189354423,
2033736673134067749,Tue Mar 17 02:57:02 +0000 2026,3,@WrestleFeatures Bruh they haven t CHANGED them. This is the official graphic for the blue theme,2033739359430566297,,WrestleFeatures,en,,0,1,0,https://x.com/undefined/status/2033739359430566297,2005047566396735488,
2033712137428975688,Tue Mar 17 02:57:01 +0000 2026,0,@jxredzicn I used to play aqua force with a blue storm sub clan wanna play a deck with a similar playstyle huhu if there are any hahaha,2033739355123290205,,jxredzicn,en,,0,1,0,https://x.com/undefined/status/2033739355123290205,3241242216,
2033668195270193580,Tue Mar 17 02:57:01 +0000 2026,0,@tlindblad @allie__voss Broke my cheekbone in a softball game. Spent Saturday night in the oral surgery ward. Face was swollen and very black &amp;blue. Everyone else on the floor was Paris Island recruits getting wisdom teeth pulled. The rumor was I got beat up by a DI. I kid you not I was on display.,2033739352497401952,,Ron_Rives,en,,0,0,0,https://x.com/undefined/status/2033739352497401952,107334553,
2033693700685979670,Tue Mar 17 02:57:00 +0000 2026,0,@SunsetSkiesGG @DesemExe @cmplex_m Corrección todos los fandoms populares son jodidos. Mientras tantos tienen fandoms como los de Nikke los de Blue Archive los de Fate y más que son super Chill porque supieron hacer que solo fans estén en la comunidad no turistas o gente que nada que ver o moda.,2033739349699833866,,SunsetSkiesGG,es,,0,0,0,https://x.com/undefined/status/2033739349699833866,1539262477506060289,
2033516244943642889,Tue Mar 17 02:56:58 +0000 2026,0,@alissaplzz Sorry! Blue is my color!,2033739340849852642,,alissaplzz,en,,0,0,0,https://x.com/undefined/status/2033739340849852642,1956346123855269888,
2033672891296784632,Tue Mar 17 02:56:57 +0000 2026,0,@jxt_maleek Make we dey roll with no blue tick nah ,2033739336592552064,,jxt_maleek,en,,0,0,0,https://x.com/undefined/status/2033739336592552064,1698699030111330304,
2033734384595984616,Tue Mar 17 02:56:54 +0000 2026,1,@rosari0twins Blue/pink,2033739323867021361,,rosari0twins,en,,0,0,0,https://x.com/undefined/status/2033739323867021361,1992089568766558208,
2033739312617918505,Tue Mar 17 02:56:51 +0000 2026,1,All the blue collar trade workers are about to get their karma for talking shit about programmers/white collar jobs. Enjoy your replacement saar ,2033739312617918505,,,en,,0,0,0,https://x.com/undefined/status/2033739312617918505,1998310536010932224,
2033738240092737720,Tue Mar 17 02:56:50 +0000 2026,0,@OfficialMONSTAX gowing pains baby blue,2033739308939808846,,OfficialMONSTAX,en,,0,0,0,https://x.com/undefined/status/2033739308939808846,1922484558399995905,
2033739307240820995,Tue Mar 17 02:56:50 +0000 2026,0,Finally found a tool that actually connects paid ad spend to predictable revenue. Blue Digix engineered the systems my team was missing. No more guessing games. #PaidAds #RevenueOps #MarketingAutomation https://t.co/dE5ZqHT2fO,2033739307240820995,,,en,,0,0,0,https://x.com/undefined/status/2033739307240820995,1847279891160748032,
2033739301750501517,Tue Mar 17 02:56:49 +0000 2026,0,Cherno of all people found out that a monetized blue check doesn t mean shit to him. Imagine how the OG frogs feel. If I ever see Chernobyl I m gonna punch him in the mouth just for fun,2033739301750501517,,,en,,0,0,0,https://x.com/undefined/status/2033739301750501517,1948024942781472768,
2033739298151768136,Tue Mar 17 02:56:48 +0000 2026,0,Say nice words because they matter https://t.co/QPFFkfNvf2 Did you know I ve interviewed the maker of @johnniewalker_ Blue? Now you know https://t.co/NMYaCPpgfY,2033739298151768136,https://pbs.twimg.com/amplify_video_thumb/2033739212323753984/img/djuTZ7fMWrEXjyr6.jpg,,en,,0,0,0,https://x.com/undefined/status/2033739298151768136,1100937222306582528,
2033739280380784836,Tue Mar 17 02:56:44 +0000 2026,6,So in case govt changes the green gang will be replaced by blue ones. Practicing Hindus won't have any respite.,2033739280380784836,,,en,,0,0,1,https://x.com/undefined/status/2033739280380784836,1112642134795079681,
2033739275888693384,Tue Mar 17 02:56:43 +0000 2026,1,Ang ganda talaga ng blue sunsilk,2033739275888693384,,,tl,,0,0,1,https://x.com/undefined/status/2033739275888693384,1875919970833678336,
2033663599961379085,Tue Mar 17 02:56:35 +0000 2026,0,@NeilClark66 @Daily_Express Nice article Neil Interesting JJs links to Cloughie and Blue Mink...Banner Man a fav of mine+a no 3 UK hit And to read Petulas most famous hit wasnt one of her no 1s...as an 80s fan loved Downtown 88 and Marc Almond/Bronskis sampling Johnny Remember Me,2033739245584622001,,NeilClark66,en,,0,0,0,https://x.com/undefined/status/2033739245584622001,1376990941,
2033739233643663423,Tue Mar 17 02:56:33 +0000 2026,0,Who Carina ? wait that s lil blue . .,2033739233643663423,,,en,,1,0,0,https://x.com/undefined/status/2033739233643663423,1590834417739526145,
2033334864380883180,Tue Mar 17 02:56:32 +0000 2026,0,@michaeleaves Devil in a Blue Dress . One word Mouse.,2033739230971609174,,michaeleaves,en,,0,0,0,https://x.com/undefined/status/2033739230971609174,78010649,
2033600690073878580,Tue Mar 17 02:56:32 +0000 2026,0,@mxybox @icaroprazeres90 @carolfigueiredc O que faz é romantizar uma realidade exploradora de idol. Perfect Blue já mostrou isso e não uma mitologia coreana é a mitologia é extremamente fraca que só faz uso do ornamental ela funciona como estética que eu poderia facilmente substituir tudo por mitologia grega ou,2033739230388551994,,mxybox,pt,,0,0,0,https://x.com/undefined/status/2033739230388551994,2032453812833992704,
2033691803866829297,Tue Mar 17 02:56:30 +0000 2026,0,Blue Monday https://t.co/ALhwjyXAPF,2033739222595895316,https://pbs.twimg.com/media/HDlK-BlbEAMIq_l.jpg,kage128340,en,,0,1,0,https://x.com/undefined/status/2033739222595895316,1992765090651901952,
2033652760332112266,Tue Mar 17 02:56:25 +0000 2026,0,@BeyondReporter_ We don't forget blue beetle,2033739202534240295,,BeyondReporter_,en,,0,0,0,https://x.com/undefined/status/2033739202534240295,1608156807167459333,
2033739199132663942,Tue Mar 17 02:56:24 +0000 2026,0,Vintge rocks this Spring Break! Check out PD&amp;C Men's Blue Jeans 34 X 30 https://t.co/8HUwhJKowG #eBay via @eBay #springbreak #springbreak2026,2033739199132663942,,,en,,0,0,0,https://x.com/undefined/status/2033739199132663942,2378665052,
2033365978978120170,Tue Mar 17 02:56:23 +0000 2026,1,@JayEstrada8 Jay-san! Hello~ Wow! Your new profile pic looks so cool! The contrast of dark hair and glowing blue eyes is absolutely stunning The white kimono soaked in rain against the night city background is incredibly cool too️,2033739194536002021,,JayEstrada8,en,,0,1,0,https://x.com/undefined/status/2033739194536002021,1742711358544867328,
2033687424661168553,Tue Mar 17 02:56:20 +0000 2026,0,@ExaltateDeum @RL9631 What s wonderful about anthropologist peddling a lie that the first Europeans had dark skin with blue eyes? Cheddar man has been debunked ,2033739181634297995,,ExaltateDeum,en,,0,0,0,https://x.com/undefined/status/2033739181634297995,719293082877825024,
2033641423187198448,Tue Mar 17 02:56:20 +0000 2026,0,@TheProjectUnity Not bad. Better than today's simulations where we only get the blue screen of death.,2033739180858380461,,TheProjectUnity,en,,0,0,0,https://x.com/undefined/status/2033739180858380461,1452847773196308481,
2033739176323985638,Tue Mar 17 02:56:19 +0000 2026,0, She needs to be with blue face https://t.co/wTsfGtnkkr,2033739176323985638,https://pbs.twimg.com/amplify_video_thumb/2032443332207788032/img/MgpEXb7En5Gz1QED.jpg,,en,,0,0,0,https://x.com/undefined/status/2033739176323985638,1946251864905011200,
2033727358193086488,Tue Mar 17 02:56:18 +0000 2026,0,@rpondiscio I was raised blue collar (dad was a custodian) and am a white collar adult. Still shower at night. Sleeping while clean is so much more comfortable,2033739174092705968,,rpondiscio,en,,0,0,0,https://x.com/undefined/status/2033739174092705968,1882552770420719616,
2033371625895420212,Tue Mar 17 02:56:13 +0000 2026,0,@Johnny793894849 Congrats on the blue check! Premium unlocked mentions enabled. Fire away with the next 5-word challenge or whatever's on your mind.,2033739153653792972,,Johnny793894849,en,,0,0,0,https://x.com/undefined/status/2033739153653792972,1720665183188922368,
2033738979716329890,Tue Mar 17 02:56:09 +0000 2026,1,@JoshYohe_PGH The blue jerseys are everywhere at the moment,2033739136301965707,,JoshYohe_PGH,en,,0,0,0,https://x.com/undefined/status/2033739136301965707,1711138377511108609,
2033739126659514380,Tue Mar 17 02:56:07 +0000 2026,0,baragis hoonists wonists/edens blue jays nikirandangs jakeys love u all,2033739126659514380,,,en,,0,0,0,https://x.com/undefined/status/2033739126659514380,1951939134827945984,
2033536919880036684,Tue Mar 17 02:56:05 +0000 2026,0,@NurseBecca1137 I realy like the blue mayby a sexy pose on your belly,2033739119667318913,,NurseBecca1137,en,,0,0,0,https://x.com/undefined/status/2033739119667318913,945879993246085120,
2033739115351708041,Tue Mar 17 02:56:04 +0000 2026,0,Ok acho que estou gostando de Blue Prince do Switch 2 https://t.co/QfxXLZgxgE,2033739115351708041,https://pbs.twimg.com/media/HDlK8aeaIAA1n7H.jpg,,pt,,0,0,0,https://x.com/undefined/status/2033739115351708041,162569846,
2033716724554514639,Tue Mar 17 02:56:02 +0000 2026,2,@streakyscape @Experimentysng istg if i have to open this app again. and add another blue day. Both of you are DYINGGGGG https://t.co/NsmXZ5uKCQ,2033739105859690598,https://pbs.twimg.com/media/HDlK8E5XQAAJu60.jpg,streakyscape,en,,0,0,0,https://x.com/undefined/status/2033739105859690598,1267645122587570176,
2033678677171396855,Tue Mar 17 02:56:01 +0000 2026,1,@wrtv Shithole blue cities,2033739100629463515,,wrtv,en,,0,0,0,https://x.com/undefined/status/2033739100629463515,18217832,
2033745396195787132,Tue Mar 17 03:21:02 +0000 2026,0,WHERE THE BUCK STOPS: A Guide to Pursuing Biblical Manhood for the Blue-Collar Man. Let us pursue a life of: | Fortitude | | Stoicism | | Courage | | Time | | Brotherhood | | Controlling Violence | | Silence | | Valuable Words | | Spiritual Warfare | | Impacting Eternity |,2033745398813151648,,kyletheauthor,en,,0,0,0,https://x.com/undefined/status/2033745398813151648,1924652060055670784,
2033701095676252166,Tue Mar 17 03:21:02 +0000 2026,0,@justhotmom blue berry,2033745395583516777,,justhotmom,en,,0,0,0,https://x.com/undefined/status/2033745395583516777,1499758887599325184,
2033745386775712192,Tue Mar 17 03:21:00 +0000 2026,0,@playriftbound looks like the signature version of Diana's ON was missing its Purple/Blue banner on the card gallery... but man what a good mistake the card looks amazing! Any chance we can see overnumbereds without banners just like this one? I want to enjoy the amazing art!! https://t.co/Oiav3L569D,2033745386775712192,https://pbs.twimg.com/media/HDlQpXXaMAACK89.jpg,playriftbound,en,,0,0,0,https://x.com/undefined/status/2033745386775712192,1931507638233423872,
2033745369046389175,Tue Mar 17 03:20:55 +0000 2026,47,[WILD BLUE] AGESTOCK2026 in 国立代々木競技場第一体育館 お写真撮っていただいた方々ありがとうございました #AGESTOCK @ryokimiyama0426 #RYOKIMIYAMA さん @ONSENSE_info #ONSENSE #アカリ さん #タマムラユウ さん #イデアツキ さん #WILDBLUE https://t.co/6BQ9Z4ZDYH,2033745369046389175,https://pbs.twimg.com/media/HDlQocfbEAATu9Y.jpg,,ja,,0,0,5,https://x.com/undefined/status/2033745369046389175,1810317380041793536,
2033705809243476117,Tue Mar 17 03:20:55 +0000 2026,0,@ColoAvsFan72 No one likes being lied to. Blue Red or any other party or group. My expectations for politicians allows for a certain amount spin and even a FEW lies. But to lose the fact that this president lies at a previously unheard of level requires me to take notice and call it out.,2033745367754543234,,ColoAvsFan72,en,,0,0,0,https://x.com/undefined/status/2033745367754543234,123269736,
2033558798254965148,Tue Mar 17 03:20:51 +0000 2026,0,@WyoWagyu @ScoutDawg19 It s time for a national divorce. Let the little tiny blue cities/counties go their way &amp; the red counties another.,2033745350302007335,,WyoWagyu,en,,0,0,0,https://x.com/undefined/status/2033745350302007335,1586389264266399745,
2033651857625657558,Tue Mar 17 03:20:50 +0000 2026,0,@grok @mwebster1971 @TwinkTheory Thanks Cliff Clavin. (Yeah I know this dogshit is only available to blue ticks).,2033745345788678389,,grok,en,,0,1,0,https://x.com/undefined/status/2033745345788678389,491418858,
2033556694303723944,Tue Mar 17 03:20:49 +0000 2026,0,@SydneyEJF @Violettaaaaw @CarlTheWingman That's a art choice made by artist i mean what about those purple yellow some other eye color gege used. Are those characters supposed to represent a certain group? Even if Gojo were to be rl he'd most likely be a central Asian because of blue eyes and asain features,2033745341074604176,,SydneyEJF,en,,0,0,0,https://x.com/undefined/status/2033745341074604176,1913256518914568192,
2033745338654236741,Tue Mar 17 03:20:48 +0000 2026,0,I want Kam back in the Blue and White next season. His best basketball is yet to come,2033745338654236741,,,en,,0,0,0,https://x.com/undefined/status/2033745338654236741,208011781,
2033745337068687793,Tue Mar 17 03:20:48 +0000 2026,1,the raven cycle more like the WOKE cycle gansey is TRANS noah czerny is TRANS adam parrish is TRANS and BI ronan lynch is TRANS and GAY blue is BLUE,2033745337068687793,,,en,,0,0,0,https://x.com/undefined/status/2033745337068687793,1724244732115558400,
2032515785088737449,Tue Mar 17 03:20:43 +0000 2026,0,@BandeleGaniyu @SpeakerJohnson Hahahahaha! Wasn t Jeffrey Epstein giving all his donations to Democrats?? And aren t they the ones that drooled all over him? What about that picture of Bill Clinton in a blue dress and red high heels? And with a girl in a hot tub and pool? Seems like you have a case of,2033745318559248874,,BandeleGaniyu,en,,0,0,0,https://x.com/undefined/status/2033745318559248874,1458896788170199044,
2033745315212497354,Tue Mar 17 03:20:42 +0000 2026,0,that blue door traumatized me,2033745315212497354,,,en,,0,0,0,https://x.com/undefined/status/2033745315212497354,1289757266921455617,
2033745298691133914,Tue Mar 17 03:20:39 +0000 2026,0,ㅤㅤㅤ ㅤㅤㅤ ` hey hey WATCH IT ㅤㅤi can hardly be mistaken for anything red or blue but that's just ㅤㅤㅤyour four optics talking .. ! ` ㅤㅤㅤ https://t.co/mnGAYB2HOy,2033745298691133914,https://pbs.twimg.com/media/HDlQkg3aIAE3Xrs.jpg,,en,,0,0,0,https://x.com/undefined/status/2033745298691133914,2027581991072538624,
2033729035100913693,Tue Mar 17 03:20:30 +0000 2026,0,Just for the record I don t think he should constantly have crossovers with the regular Dc characters or anything like that. But y know an issue where he teams up with Blue Beetle would be cool imo! Callback to their time on the Titans together,2033745264234680374,,ThatComicFan3,en,,0,0,0,https://x.com/undefined/status/2033745264234680374,1785618590390964225,
2033723293963063393,Tue Mar 17 03:20:30 +0000 2026,0,@Rockumon Why blame him? Those Hindus who are simply avoiding seeing his ego and disrespect are to blame. They should have all got together and beat him up red and blue. This impotent attitude in Hindus will end Hindus.,2033745263526072495,,Rockumon,en,,0,0,0,https://x.com/undefined/status/2033745263526072495,489114242,
2033745260946341936,Tue Mar 17 03:20:30 +0000 2026,0,Did you make this video before or after one of you were complaining about AI on blue sky,2033745260946341936,,,en,,0,0,0,https://x.com/undefined/status/2033745260946341936,2001670186810892288,
2033744138441789696,Tue Mar 17 03:20:28 +0000 2026,0,uhhmm ok heres some things about me ig - part hyena. i just got the tail idfk where the ears went - im 25. i am not UNC FUCK YOU GUYS - everybody wants me #yessir but sorrryyy im taken. sorry laddiieessss - im a blue dude,2033745252960637315,,NotAFrigginWuss,en,,0,0,0,https://x.com/undefined/status/2033745252960637315,1985762401191608320,
2033745245519982853,Tue Mar 17 03:20:26 +0000 2026,0,With Hand leaving can you think of any other 1-year wonders that played for the Chargers in the past decade or so? I ll start with safety Dwight Lowery in 2016. https://t.co/JAbkj14YXJ,2033745245519982853,https://pbs.twimg.com/amplify_video_thumb/2033745044432457728/img/8K6pntPciZxGx_H-.jpg,,en,,0,0,0,https://x.com/undefined/status/2033745245519982853,858336833645588481,
2033730636712972334,Tue Mar 17 03:20:19 +0000 2026,2,@elonmusk Get the fuck out of the Blue States!,2033745215551324566,,elonmusk,en,,0,0,0,https://x.com/undefined/status/2033745215551324566,1368646682091528194,
2033180069565514122,Tue Mar 17 03:20:19 +0000 2026,1,@arkardo i think blue highlights would be so cool,2033745215199281350,,arkardo,en,,0,1,0,https://x.com/undefined/status/2033745215199281350,1355490148352368640,
2033738978793336946,Tue Mar 17 02:55:32 +0000 2026,0,Check out Hugo Boss Orange Distressed Jeans 32 X 30 Blue https://t.co/4ZvxkhR9iO #springbreak #springbreak2026,2033738978793336946,,,en,,0,0,0,https://x.com/undefined/status/2033738978793336946,2378665052,
2033738961705685129,Tue Mar 17 02:55:28 +0000 2026,2,Miami might as well be a home game for Venezuela. But if you re a U.S. citizen it is treason to pull for anyone else other than the Red White and Blue. Go USA!! 🇺🇸,2033738961705685129,,,en,,0,0,0,https://x.com/undefined/status/2033738961705685129,15288615,
2033738949982593192,Tue Mar 17 02:55:25 +0000 2026,2,i love that kid that raps and he s green or blue sometimes,2033738949982593192,,,en,,0,1,0,https://x.com/undefined/status/2033738949982593192,151267633,
2033487273623449709,Tue Mar 17 02:55:24 +0000 2026,0,@Cry9198 @grok Bonnie blue,2033738946350617006,,Cry9198,fr,,0,0,0,https://x.com/undefined/status/2033738946350617006,1104863599720226816,
2033696398621765924,Tue Mar 17 02:55:23 +0000 2026,0,@KeruboSk White collar in the AM blue collar at night,2033738943049465882,,KeruboSk,en,,0,0,0,https://x.com/undefined/status/2033738943049465882,26989736,
2033738943003246777,Tue Mar 17 02:55:23 +0000 2026,0,Out of the blue the Rock https://t.co/FP5bLkzI7T,2033738943003246777,https://pbs.twimg.com/media/HDlKyYBXcAAIpOA.jpg,,en,,0,0,0,https://x.com/undefined/status/2033738943003246777,396887644,
2033508364240495035,Tue Mar 17 02:55:23 +0000 2026,1,@ttunlehs @ClaudesBBQ @ChrisKarr17 No Mohicans. No Heat. If you want artsy fartsy disturbing for the sake of it then something like Man Bites Dog or Blue Velvet.,2033738940667002968,,ttunlehs,en,,0,0,0,https://x.com/undefined/status/2033738940667002968,1377744953586114562,
2033738934438576479,Tue Mar 17 02:55:21 +0000 2026,0,Ive been to Galveston a ton of times and blue water days were rare but cherished. It s all about depths and winds and currents.,2033738934438576479,,,en,,0,0,0,https://x.com/undefined/status/2033738934438576479,1711150520264491008,
2033735687430934819,Tue Mar 17 02:55:21 +0000 2026,1,@iliaastars @the_quadg0d PLEASEEEEEEEEE PLEASEEEEEEE PRETTY PLEASEEEEE even just blue highlights ,2033738933171794289,,iliaastars,en,,0,1,0,https://x.com/undefined/status/2033738933171794289,1793799118105530368,
2033738921893671393,Tue Mar 17 02:55:19 +0000 2026,0,kayak.. oh? ternyata pink ga seburuk itu kok. terus dulu gua juga emang suka dark blue cuman ga segimana gua suka wama warna hitam dan belakangan ini gua malah jadi sukaaa banget sama warna dark blue intinya gua belakangan ini ngeliat warna dark blue tuh kayak se indah itu,2033738924452155452,,moorslter,in,,0,1,0,https://x.com/undefined/status/2033738924452155452,1889762460019937280,
2033735624910307691,Tue Mar 17 02:55:12 +0000 2026,2,@AntiFraudClub_ Will anything be done about politicians getting donations from fraud. Remember exposing act blue and the fake donations. ,2033738896782102936,,AntiFraudClub_,en,,0,0,1,https://x.com/undefined/status/2033738896782102936,1519048811649318914,
2033590000378429782,Tue Mar 17 02:55:15 +0000 2026,0,@LouisvilleGun I have a 3d printer and one of those trucks. Don't smoke anymore.... Might print the lighter holder for the hell of it tho. Gotta check and see if I have any filament that is a good color match to my rad 80s blue interior.,2033738910640247071,,LouisvilleGun,en,,0,0,0,https://x.com/undefined/status/2033738910640247071,35420956,
2033733176519008762,Tue Mar 17 02:55:09 +0000 2026,0,@muiponyi sii tmb pido con chigiri de blue lock y hyacine de hsr si no hay problema,2033738883913957600,,muiponyi,es,,0,1,0,https://x.com/undefined/status/2033738883913957600,1291801114589962240,
2033738883851292900,Tue Mar 17 02:55:09 +0000 2026,0,AVAILABLE FOR SALE / RESERVATION - FANCAST SILVER HEARTS - FANCAST BLUE HEART 5K SILVER HEART = $1/16.000 4K BLUE HEART = $1/16.000 PayPal INA e Wallet DM for reservation WhatsApp https://t.co/SKNATsH2LM wts want to sell wtb buy jual beli fan cast ,2033738883851292900,,,en,,0,0,0,https://x.com/undefined/status/2033738883851292900,1802977819850645504,
2033580694228607080,Tue Mar 17 02:55:09 +0000 2026,0,@EricLDaugh Makes me enjoy more of the fact we didn t get sucked into World War II when Churchill wanted us too. It was good to allow the Germans to annihilate parts of the UK. Made them appreciate us more when we did come to save their ass. As for Spain they are Nazi supporters. Blue Div,2033738881594429502,,EricLDaugh,en,,0,0,0,https://x.com/undefined/status/2033738881594429502,1512172001376493570,
2033738877131747811,Tue Mar 17 02:55:08 +0000 2026,0,Vou viajar com Blue e to TÃO animade pra dormir em todos lugares q a gente for ️,2033738877131747811,,,pt,,1,2,0,https://x.com/undefined/status/2033738877131747811,2868258058,
2033724783905378683,Tue Mar 17 02:55:01 +0000 2026,0,@RassDaBurglar It s the fact she makes it obvious and sit on camera and lie and her fans think we hating on her bc if it was a blue face baby fr she wouldn t be like that we see the difference with blue faces kids vs her own.,2033738851848532460,,RassDaBurglar,en,,0,0,0,https://x.com/undefined/status/2033738851848532460,1755721240491282432,
2033738844986859853,Tue Mar 17 02:55:00 +0000 2026,1,ダイヤモンドカットのダイヤモンド入荷です！！ 初見で「え～ 可愛い」と呟いてしまいました 。 一粒ペンダントにしたら絶対可愛いですよね！ カラーDでSI1なのでリングでも 想像するだけで楽しい子です！ 0.446ct ダイヤモンドカット D／SI1／MEDIUM BLUE 3.98×6.99×2.62㎜ https://t.co/NQSFRAUo9q,2033738844986859853,https://pbs.twimg.com/media/HDfn6Xyb0AEIQtz.jpg,,ja,,0,0,0,https://x.com/undefined/status/2033738844986859853,1550009371585028096,
2033738842734530783,Tue Mar 17 02:54:59 +0000 2026,1,red pill OR blue pill blue https://t.co/n438Qt59I1,2033738842734530783,https://pbs.twimg.com/media/HDlKsvVakAAZao2.jpg,,en,,0,0,0,https://x.com/undefined/status/2033738842734530783,1969172607405604865,
2033688122068787693,Tue Mar 17 02:54:55 +0000 2026,0,@fairyprxncess Blue,2033738824728383818,,fairyprxncess,en,,0,0,0,https://x.com/undefined/status/2033738824728383818,1866920575429644289,
2033735484577652757,Tue Mar 17 02:54:52 +0000 2026,0,@bnd2shot Awal mula jadi casual listener bnd juga gegara martini blue ini wkwkw,2033738814087455096,,bnd2shot,in,,0,0,0,https://x.com/undefined/status/2033738814087455096,2032084078179336194,
2033738807934169112,Tue Mar 17 02:54:51 +0000 2026,0,Blue Aura Spring Art https://t.co/PexYjvDgp3,2033738807934169112,,,en,,0,0,0,https://x.com/undefined/status/2033738807934169112,1912734224097869824,
2033598913580560484,Tue Mar 17 02:54:46 +0000 2026,0,@robertsepehr @MurrayHillGuy1 She doesn t have blue eyes. Looks hazel to me,2033738787239465002,,robertsepehr,en,,0,0,0,https://x.com/undefined/status/2033738787239465002,1573354537385164802,
2033524447685001650,Tue Mar 17 02:54:44 +0000 2026,0,@UbermenschMind Blue eye supremacy everyone else is an orc.,2033738780499439827,,UbermenschMind,en,,0,0,0,https://x.com/undefined/status/2033738780499439827,1928221738606714880,
2033738778095874373,Tue Mar 17 02:54:44 +0000 2026,3, something blue and something new exactly ,2033738778095874373,,,en,,0,0,0,https://x.com/undefined/status/2033738778095874373,1448471284317368323,
2033722603127316907,Tue Mar 17 02:54:42 +0000 2026,0,@josh_paul12 @SSN_USF Yet still a member of all those shit conferences (other than BigEast) with USF. Definitely not a blue blood.,2033738770302812529,,josh_paul12,en,,0,1,0,https://x.com/undefined/status/2033738770302812529,1249780625529323522,
2033727222800941187,Tue Mar 17 02:54:42 +0000 2026,0,@GroyperGreg red blue. it's the same foot in a different shoe.,2033738768876794102,,GroyperGreg,en,,0,0,0,https://x.com/undefined/status/2033738768876794102,1907421511809470464,
2033738749087985837,Tue Mar 17 02:54:37 +0000 2026,0,Uhh. . . Actually blue is the nickname of someone else sorry .,2033738749087985837,,,en,,1,0,0,https://x.com/undefined/status/2033738749087985837,1713919905622355968,
2033738744902119710,Tue Mar 17 02:54:36 +0000 2026,1,AMNX 3.75 figures and we re teaming up with Major Blue to give American Ninja X and U.S. Assassin that extra street cred. These are just the beginning more is coming. -Available at Toylanta &amp; MegaCon -Limited quantities on Riot Press shop #majorblue #megacon #toylanta https://t.co/yorDylXFCa,2033738744902119710,https://pbs.twimg.com/media/HDlJ3wGXkAAPsS3.jpg,,en,,0,0,0,https://x.com/undefined/status/2033738744902119710,1239448576729776128,
2033246939878174782,Tue Mar 17 02:54:35 +0000 2026,0,@JamieClass5 @LadyDemosthenes They are when they want us to believe a passport is the only option. I've seen a few of those posts but it would take time to find them all again so here's just one. Of course a driver's license isn't sufficient. Blue states handed them out to illegal aliens like candy. https://t.co/tI8qObyllg,2033738740930154808,https://pbs.twimg.com/media/HDlKjayXIAEimYl.jpg,JamieClass5,en,,0,1,0,https://x.com/undefined/status/2033738740930154808,3426109539,
2033672643115962581,Tue Mar 17 02:54:31 +0000 2026,1,@HOfTheNorth @PhooeysPhosters I dated a girl for a long time and she had bengals personality for sure. I ve never heard of a blue will look them up.,2033738723360153864,,HOfTheNorth,en,,0,0,0,https://x.com/undefined/status/2033738723360153864,1683502514589650945,
2033734384595984616,Tue Mar 17 02:54:30 +0000 2026,0,@rosari0twins Blue,2033738719497224652,,rosari0twins,en,,0,0,0,https://x.com/undefined/status/2033738719497224652,2008707273926041600,
2033710577617670188,Tue Mar 17 02:54:26 +0000 2026,8,@smilesummit795 #smile795 1️⃣500円以内 いつもは パンか自前のおにぎりですが 今日は奮発して ベイシアのロースカツ丼 以前は漬物も入っていましたが 欠になりました https://t.co/DpPJeXe1HI,2033738704075026681,https://pbs.twimg.com/media/HDlKjBVaEAA2MvB.jpg,smilesummit795,ja,,0,0,0,https://x.com/undefined/status/2033738704075026681,1410219873146335232,
2033600149138571482,Tue Mar 17 02:54:26 +0000 2026,0,@MaryLTrump I'm not surprised at all. We need our country back. Vote Blue!,2033738702871269475,,MaryLTrump,en,,0,0,0,https://x.com/undefined/status/2033738702871269475,3185738010,
2033738702334181635,Tue Mar 17 02:54:26 +0000 2026,0,[ ' 'It's imperative you two recover the rest of the remaining agents scattered across Crispia due to the city being a no-go zone for the agency now the best we can do is gather what remains.' ' ] [Blue holographic eyes locked onto the purple eyes - then at the red.] ++,2033738702334181635,,,en,,0,1,0,https://x.com/undefined/status/2033738702334181635,1559778892709351428,
2033738699771678865,Tue Mar 17 02:54:25 +0000 2026,0,if u see this do it ! nickname : melina/mel prns : she/her height : 5 1 sexuality: pansexual smokes : only weed piercings : yes tattoos : yes fav color : pink purple blue fav drink : raspberry lemonade cherry coke fav food : pasta fav animal : kitties,2033738699771678865,,,en,,0,0,0,https://x.com/undefined/status/2033738699771678865,1178005891796201473,
2033738698999652598,Tue Mar 17 02:54:25 +0000 2026,5,A ver yo encontré estas: 1. Growing pains 2. Baby blue 3. On Our Way 4. Heal 5. Glass half empty 6. Main Attraction 7. Enemies with benefits 8. Sorry to myself 9. Before you met me 10. ¿Sun? No estoy segura #MONSTAX #Unfold #몬스타엑스 #언폴드 #MONSTA_X @OfficialMONSTAX https://t.co/D39TOW5tY0,2033738698999652598,https://pbs.twimg.com/media/HDlKkMCbEAA3e7a.jpg,,en,,0,1,0,https://x.com/undefined/status/2033738698999652598,1346712008549400576,
2033738693413052759,Tue Mar 17 02:54:24 +0000 2026,4,밥밥..~ https://t.co/GvdqLz54Gf,2033738693413052759,https://pbs.twimg.com/media/HDlKjrzbEAAsspt.jpg,,ko,,0,0,0,https://x.com/undefined/status/2033738693413052759,1931010142956580864,
2033522361920586128,Tue Mar 17 02:54:23 +0000 2026,0,@RealSamFaddis @dafna23j You don t know physics. When the aircraft reaches hypersonic velocity the Doppler effect shifts the burnt umber hue shifts to either sand or blue depending on the temperature below (sand hot water not as hot). Although such technology was supposed to be delta top secret,2033738689457570218,,RealSamFaddis,en,,0,0,0,https://x.com/undefined/status/2033738689457570218,354410140,
2033054097390318013,Tue Mar 17 02:54:22 +0000 2026,1,@TheLeftIsNutz @BallshanglowErn @elonmusk Heritage foundation looks for it. And the government looks for it. It s a lie to claim that it happens on a massive scale. Or show proof that it s true. And don t say Dems run states poorly. 4/5 states with highest quality of life are blue. 4/5 states with lowest quality of,2033738687423336532,,TheLeftIsNutz,en,,0,0,1,https://x.com/undefined/status/2033738687423336532,16900324,
2033738679806537986,Tue Mar 17 02:54:20 +0000 2026,0,fiz a run mais babadeira de todas em blue prince e o jogo crashou e resetou meu dia nmrl coringando aqui https://t.co/pwOs23HgzK,2033738679806537986,https://pbs.twimg.com/media/HDlKjULWsAEw8qt.jpg,,pt,,0,0,0,https://x.com/undefined/status/2033738679806537986,1056768541054115840,
2033684340442374153,Tue Mar 17 02:54:17 +0000 2026,1,@352drak603 @ax_angelo We got a blue piller here,2033738663671353586,,352drak603,en,,0,0,0,https://x.com/undefined/status/2033738663671353586,1067337636254224384,
2033738663579058547,Tue Mar 17 02:54:17 +0000 2026,0,WHEN YAAAAH JENO BLUE HAIR LAGII?????,2033738663579058547,,,in,,0,0,0,https://x.com/undefined/status/2033738663579058547,1276880905844346886,
2033738656910086507,Tue Mar 17 02:54:15 +0000 2026,0,Wizardry Variants Daphne 禁煙チャレンジ　相互フォロー＆コメ大歓迎＆ROM大歓迎 配信中 YouTube→https://t.co/mwz4clw0qd Twitch→https://t.co/2vG8mXqUhA,2033738656910086507,,,ja,,0,0,0,https://x.com/undefined/status/2033738656910086507,140495260,
2033622146153427365,Tue Mar 17 02:54:13 +0000 2026,0,@hebreworphan @LanceHathorn @feelsdesperate @HistoryBoomer Not seeing any citations of high murder red cities or counties in those states. We have plenty of blue ones.,2033738650425377271,,hebreworphan,en,,0,1,0,https://x.com/undefined/status/2033738650425377271,1607554073493995520,
2033247616876630288,Tue Mar 17 02:54:13 +0000 2026,0,@ProgressingCali @DC_Draino The Senate can stop blue slips. That's just a choice they have in the Senate. It has nothing to do with valid appointments. It can't be unconstitutional if upon advice and consent on the Senate is in the Constitution.,2033738647443288176,,ProgressingCali,en,,0,1,0,https://x.com/undefined/status/2033738647443288176,778641092,
2032252479480512836,Tue Mar 17 02:54:13 +0000 2026,0,@mistressdivy This blue anon stuff is Hilarious. Every democrat president also has this. What makes may more significant?,2033738646688338223,,mistressdivy,en,,0,0,0,https://x.com/undefined/status/2033738646688338223,1827211199588581379,
2033727441324409026,Tue Mar 17 02:54:11 +0000 2026,0,@fujikurauruka Lettuce give Blue Bear a hand for slaying those leaves!,2033738641390899569,,fujikurauruka,en,,0,0,0,https://x.com/undefined/status/2033738641390899569,1820945480639025152,
2033738633178452349,Tue Mar 17 02:54:09 +0000 2026,1,if you see this do it :p nickname: orii or oriwwip prns: she/her height: 5 3 sexuality: hetero idk smokes: no piercings: no tattoos : no fav color: whitee and blue fav drink: ponymalta / hit de mora fav food: pasta with tuna fav animal: monkey,2033738633178452349,,,en,,0,0,0,https://x.com/undefined/status/2033738633178452349,1693244909589803008,
2033738630003368182,Tue Mar 17 02:54:09 +0000 2026,0,Song Sung Blue me apresentou Neil Diamond e agora Sweet Caroline não sai mais da minha cabeça,2033738630003368182,,,pt,,0,0,0,https://x.com/undefined/status/2033738630003368182,1053464535514992640,
2032732612108886360,Tue Mar 17 02:54:04 +0000 2026,4,@GoodSogel @naracideee @galaxykitten67 https://t.co/LjxPgssDup,2033738610596262311,https://pbs.twimg.com/media/HDlKfIQbEAANdys.jpg,GoodSogel,qme,,0,0,0,https://x.com/undefined/status/2033738610596262311,1441918106801098755,
2033707166818046279,Tue Mar 17 02:54:00 +0000 2026,0,@RichardHanania Blue state growth is a mirage from pricing out poorer residents.,2033738595526160388,,RichardHanania,en,,0,0,0,https://x.com/undefined/status/2033738595526160388,136717606,
2033726277988061671,Tue Mar 17 02:53:56 +0000 2026,0,@raorapanthera Let me be a blue raft on the blue sea I'll blend right in https://t.co/ytNRbRPUG6,2033738578857971746,https://pbs.twimg.com/ext_tw_video_thumb/2033736957524652032/pu/img/PVg7PLqOZywNs9LW.jpg,raorapanthera,en,,0,0,0,https://x.com/undefined/status/2033738578857971746,1799238213455781888,
2033738570293301327,Tue Mar 17 02:53:54 +0000 2026,2,https://t.co/ArvN0LLkjq does this mean its morally ok to play forsaken now?? im still not pressing that wretched blue play button until its 100% confirmed though . no risks ..,2033738570293301327,,,en,,0,1,0,https://x.com/undefined/status/2033738570293301327,1738345517136896000,
2033602052514058669,Tue Mar 17 02:53:54 +0000 2026,0,@Kairuichan Bottle miku for blue?,2033738567021977891,,Kairuichan,en,,0,0,0,https://x.com/undefined/status/2033738567021977891,260138298,
2033722603127316907,Tue Mar 17 02:53:52 +0000 2026,0,@Realjacobkehoe @SSN_USF Yet still a member of all those shit conferences (other than BigEast) with USF. Definitely not a blue blood.,2033738560298156544,,Realjacobkehoe,en,,0,1,0,https://x.com/undefined/status/2033738560298156544,1249780625529323522,
2033738560294261011,Tue Mar 17 02:53:52 +0000 2026,0,SANO FRANCISCO 穏やかですね〜 朝から 粋なはからいありがとうございます トシさん！️ @feelforce BLUE VERY TIME OPEN https://t.co/a7r96KliPZ,2033738560294261011,https://pbs.twimg.com/media/HDlKcMFbEAEBlGF.jpg,,ja,,0,0,0,https://x.com/undefined/status/2033738560294261011,280043888,
2033530392364421205,Tue Mar 17 02:53:51 +0000 2026,0,@beaverd You specifically said sex changes and The Congo and even your screenshot lends no examples of either one. And before you conflate the two no gender affirming care and sex changes are not the same. It must be easy to just say whatever you want with a blue checkmark.,2033738555047219538,,beaverd,en,,0,0,0,https://x.com/undefined/status/2033738555047219538,3321783914,
2033685173175218505,Tue Mar 17 02:53:51 +0000 2026,0,@BrianPeter61854 @JoshWoomfnpig25 Brother anyone in the country is taking money that s my point and if it s from a blue blood it s a no brainer Aj chose BYU cause of the money over other big school no one is taking that big of a pay cut to go to a worse program that s my only point that the number is false.,2033738554267017542,,BrianPeter61854,en,,0,0,0,https://x.com/undefined/status/2033738554267017542,1359879654673440768,
2033635814018572486,Tue Mar 17 02:53:50 +0000 2026,0,@rolling_0range @Phillyfloyd @_onthewayjay Says the one playing for twitter blue which is highly ironic,2033738552064807123,,rolling_0range,en,,0,1,0,https://x.com/undefined/status/2033738552064807123,1335358669928665090,
2033738544544362825,Tue Mar 17 02:53:48 +0000 2026,0, Happy St. Patrick s Day! Try our Rainbow Rush Cherry | Green Apple | Blue Raz Available March 17th ONLY Taste the rainbow before it disappears! https://t.co/i8abZrnATU,2033738544544362825,https://pbs.twimg.com/media/HDlKbcWXsAAQHZC.jpg,,en,,0,0,0,https://x.com/undefined/status/2033738544544362825,1991908897641406466,
2033738537384779981,Tue Mar 17 02:53:47 +0000 2026,0,I CANNOT FIND THE LAST DAMN TRACK GRRRRR Growing pains On our way Baby blue Heal Glass half empty Main attraction Enemies with benefits Sorry to myself Before you met me #MONSTAX #Unfold https://t.co/x9SEhvGcQU,2033738537384779981,https://pbs.twimg.com/media/HDlKa8qbEAMWYsU.jpg,,en,,0,0,0,https://x.com/undefined/status/2033738537384779981,1859808452517720064,
2033738519739568402,Tue Mar 17 02:53:42 +0000 2026,0,Dems are losing no blue wave is coming ! MAGA ! 🇺🇸,2033738519739568402,,,en,,0,0,0,https://x.com/undefined/status/2033738519739568402,1807364780723974144,
2033738517063283185,Tue Mar 17 02:53:42 +0000 2026,1,Tbh i think finn is a horrible boyfriend so like Maybe once in a blue moon and probably as an apology for something https://t.co/qFDnBsGV5o https://t.co/5bht6HmRyY,2033738517063283185,https://pbs.twimg.com/media/HDlKZyjW0AAhTHO.jpg,,en,,0,0,0,https://x.com/undefined/status/2033738517063283185,2020001199773122560,
2033565944056877145,Tue Mar 17 02:53:39 +0000 2026,0,@IAPolls2022 @claritycampaign Dems are losing no blue wave is coming ! MAGA ! 🇺🇸,2033738505118195919,,IAPolls2022,en,,0,0,0,https://x.com/undefined/status/2033738505118195919,1807364780723974144,
2033552458207645862,Tue Mar 17 02:53:34 +0000 2026,0,@AlTheBoss03 First year the Skydome opened up! Blue Jays vs Rangers! https://t.co/edC8rN0y3U,2033738485237223843,https://pbs.twimg.com/tweet_video_thumb/HDlKXdLbUAAUoi2.jpg,AlTheBoss03,en,,0,0,0,https://x.com/undefined/status/2033738485237223843,1699556226382934016,
2033733702891786393,Tue Mar 17 02:53:34 +0000 2026,0,@priyakuttytwtz I like blue ,2033738483983126641,,priyakuttytwtz,en,,0,0,0,https://x.com/undefined/status/2033738483983126641,385037387,
2033738458313986498,Tue Mar 17 02:53:28 +0000 2026,0, MOLT WHALE ALERTS BLUE WHALE ━━━━━━━━━━━━━━━━━━━━ Significant mass movement detected. ⟠ 9.39K ETH $22 130 821 From: 0x4976...2327 To: 0xa38d...ba37 Ethereum Mainnet ⟠ https://t.co/NVPlW0lOBb #ETH #MoltWhale #WhaleAlert,2033738458313986498,,,en,,0,0,0,https://x.com/undefined/status/2033738458313986498,792785395142590464,
2033717768709935427,Tue Mar 17 02:53:22 +0000 2026,0,@yunqjsrose ITS BLUE,2033738436050567494,,yunqjsrose,en,,0,0,0,https://x.com/undefined/status/2033738436050567494,1940830662149525504,
2033159341507781058,Tue Mar 17 02:53:22 +0000 2026,0,@over_maid @WylderZak It's a white person with a tan and blue hair lol,2033738434372628956,,over_maid,en,,0,0,0,https://x.com/undefined/status/2033738434372628956,60106366,
2033738431273263466,Tue Mar 17 02:53:21 +0000 2026,1,I think a lot of cannabis brand owners don t know what they want in branding Like everybody aspired to do the cookies thing bertner thing blue print. But did it really go all planned.,2033738431273263466,,,en,,0,0,0,https://x.com/undefined/status/2033738431273263466,225993489,
2033738430417359131,Tue Mar 17 02:53:21 +0000 2026,4,Wei https://t.co/CYHkLFBOyD,2033738430417359131,https://pbs.twimg.com/media/HDlKTEbXwAAA4ZR.png,,und,,0,1,0,https://x.com/undefined/status/2033738430417359131,1485439068607553541,
2033332618977308811,Tue Mar 17 02:53:18 +0000 2026,0, @REPENTHEDEVIL Taking a deep breath she steps into his office in human form icy blue gaze roaming around. She approached his desk slowly hands clutching her coat. Matthew Michael Murdock..? ,2033738415913762878,,SILVERHERALDS,en,,0,1,0,https://x.com/undefined/status/2033738415913762878,1951056429512794112,
2033622311262159052,Tue Mar 17 02:53:15 +0000 2026,0,@gpatterson828 Blue Oyster Cult.,2033738406644355135,,gpatterson828,en,,0,0,0,https://x.com/undefined/status/2033738406644355135,1598155077512212481,
2033588748479566058,Tue Mar 17 02:53:14 +0000 2026,0,@B3doel___ satu komplotan kayaknya sama ibu2 gila di stasiun jalur redline/blue line,2033738400713589159,,B3doel___,in,,0,0,0,https://x.com/undefined/status/2033738400713589159,131431587,
2033729001966161974,Tue Mar 17 02:52:42 +0000 2026,2,@kr_staff #キスリク ｢春 ～ spring｣ Hysteric Blue 桜の花が咲いたというニュースが流れましたが #キスライ の 花 も咲きましたね｡花さん ご結婚おめでとうございます 私 歌が好き という歌詞も花さんにピッタリの春歌をお願いします,2033738268177814009,,kr_staff,ja,,0,0,0,https://x.com/undefined/status/2033738268177814009,1674688164655673346,
2033408437875290461,Tue Mar 17 02:52:42 +0000 2026,0,@DOESNOTEX_IST You could do a blue razz Coca-Cola you can definitely try it I vote in favor to try it it's probably going to be pretty f****** good like a Blue Hawaii Coca-Cola,2033738267518964138,,DOESNOTEX_IST,en,,0,0,0,https://x.com/undefined/status/2033738267518964138,1478068744429752332,
2033738266802065654,Tue Mar 17 02:52:42 +0000 2026,0,WILD BLUE カレイべ カレンダー イベント ３冊券 6ショット 大阪 お譲り先を探しております。 【譲】東京 4/5 3冊券③ 【求】ご提示ください ログイン情報提示可、身分証貸出可 金額提示の上dmまでご連絡ください #WILDBLUE譲 #WILDBLUE求,2033738266802065654,,,ja,,0,0,0,https://x.com/undefined/status/2033738266802065654,1917567557541978115,
2033738262465155429,Tue Mar 17 02:52:41 +0000 2026,3,#ランチ #日乃屋監修カレー高かった でも #美味かったから無問題 #ごちそうさまでした (@ CAFETERIA BLUE 7 in 港区 東京都) https://t.co/DlW75v9vh4 https://t.co/2j6ovUdztX,2033738262465155429,https://pbs.twimg.com/media/HDlKFbUbEAAx0bq.jpg,,ja,,0,0,0,https://x.com/undefined/status/2033738262465155429,98610311,
2033738261219447038,Tue Mar 17 02:52:41 +0000 2026,0,Check out 1950s Lilli Diamond Royal Blue Velvet Cocktail Dress w Rhinestones &amp; Jacket 32 https://t.co/3aWK0t7GJt #eBay via @eBay,2033738261219447038,,,en,,0,0,0,https://x.com/undefined/status/2033738261219447038,1572392371274514434,
2033738258669310455,Tue Mar 17 02:52:40 +0000 2026,0, you can be the prettiest shade of green but you ll never be enough for someone whose favourite colour is blue. and it really stuck with me,2033738258669310455,,,en,,0,0,0,https://x.com/undefined/status/2033738258669310455,893414591874473984,
2033711892032540973,Tue Mar 17 02:52:40 +0000 2026,1,@Styx666Official Blue oyster cult reference?,2033738257712734709,,Styx666Official,en,,0,0,0,https://x.com/undefined/status/2033738257712734709,1604295541399117827,
2033738255078699046,Tue Mar 17 02:52:39 +0000 2026,7,i may have decided to finish it just due to this comment because i felt inspired. hes blue now https://t.co/9pjETMnM9x,2033738255078699046,https://pbs.twimg.com/media/HDlKKj5XoAA5EX-.png,,en,,1,2,3,https://x.com/undefined/status/2033738255078699046,1654572129164091392,
2033737207559737670,Tue Mar 17 02:52:39 +0000 2026,1,@KickStreamingHQ W blue,2033738254852260063,,KickStreamingHQ,en,,0,0,0,https://x.com/undefined/status/2033738254852260063,1425939065870893065,
2033738236674056267,Tue Mar 17 02:52:35 +0000 2026,0,Yes let s dive into the priestly garments. They weren t just uniforms; every thread carried meaning pointing to holiness mediation and ultimately Christ. The high priest wore eight pieces: Linen tunic pure white symbolizing righteousness. Blue robe heavenly color ,2033738236674056267,,,en,,0,0,0,https://x.com/undefined/status/2033738236674056267,1853208960322449408,
2033496834690126155,Tue Mar 17 02:52:34 +0000 2026,0,@andy81605536880 @StaminaFitnes EVERYTHING is impossible until u figure out what u can actually do... For starters: In Eckankar blue is a very special color. Very often one of the manifestations of the Holy Spirit that people see is a blue light. This is one of the manifestations of the Holy Spirit. It's https://t.co/mkuBtJth8P,2033738235088699627,https://pbs.twimg.com/media/HDlKJOSWAAAoOef.jpg,andy81605536880,en,,0,0,0,https://x.com/undefined/status/2033738235088699627,1486909076160270340,
2033596540552401363,Tue Mar 17 02:52:31 +0000 2026,0,@layxsnv I had the pink and blue in the left picture!,2033738218622095831,,layxsnv,en,,0,0,0,https://x.com/undefined/status/2033738218622095831,1879758521144877057,
2033048976916885550,Tue Mar 17 02:52:28 +0000 2026,0,@djmacjr Blue Sapphire I suppose,2033738208094179571,,djmacjr,en,,0,0,0,https://x.com/undefined/status/2033738208094179571,275112504,
2033738201760977205,Tue Mar 17 02:52:26 +0000 2026,0,blue checks seem to be the target market,2033738201760977205,,,en,,0,0,0,https://x.com/undefined/status/2033738201760977205,14241607,
2033738197214056580,Tue Mar 17 02:52:25 +0000 2026,0,Took pre-workout for the first time since like the Fall gave me YOLO feelings-felt like I could do anything anyways it felt great to workout and I m super glad I did. Effortless to flex now too which is kinda cool. The human body is amazing! In My Way- Luca Blue/Nathan https://t.co/GlMsVueqng,2033738197214056580,https://pbs.twimg.com/media/HDlJpUgXUAAKkoM.jpg,,en,,0,0,0,https://x.com/undefined/status/2033738197214056580,88095341,
2033702830914089235,Tue Mar 17 02:52:25 +0000 2026,0,@SoCalSister22 @seattletimes Nashville is a blue city too.,2033738194345218234,,SoCalSister22,en,,0,0,0,https://x.com/undefined/status/2033738194345218234,162060435,
2033579852154953814,Tue Mar 17 02:52:25 +0000 2026,0,@sylviapuffs We Aussies at least tie them up in red or blue string and keep them in a tub. https://t.co/UcEIxenuAh,2033738193745678442,https://pbs.twimg.com/media/HDlKHCFbYAAc608.jpg,sylviapuffs,en,,0,0,0,https://x.com/undefined/status/2033738193745678442,3066337466,
2033738185281573337,Tue Mar 17 02:52:23 +0000 2026,0,『永遠のぼくら sea side blue』と似ている映像作品 第1位 弱くても勝てます ～青志先生とへっぽこ高校球児の野望～ 第2位 H2〜君といた日々 第3位 35歳の高校生,2033738185281573337,,,ja,,0,0,0,https://x.com/undefined/status/2033738185281573337,1611111190020902916,
2033738181028315496,Tue Mar 17 02:52:22 +0000 2026,0,Rainiel Rodriguez St. Louis Cardinals 2025 Bowman Chrome Blue Mojo Autograph #'d/150🇬 https://t.co/s0aqmKl5jg #thehobby #whodoyoucollect #baseballcards #ForTheLou,2033738181028315496,,,en,,0,0,0,https://x.com/undefined/status/2033738181028315496,7912342,
2033738161755721977,Tue Mar 17 02:52:17 +0000 2026,0,كُـود كوبِون خـِصم Global الفروانية ⎐تريندول⎐ ⊵OMM⊴ ⎐جىني⎐ ⊵AAK1⊴ ⎐نون⎐ ⊵NKW⊴ ^^ Velvet Blue ZL7AoY‌‌ https://t.co/jOHmiWwGyf,2033738161755721977,https://pbs.twimg.com/media/HDlKEVVbEAIkmQu.jpg,,und,,0,0,0,https://x.com/undefined/status/2033738161755721977,909468107122626565,
2033738155267133459,Tue Mar 17 02:52:15 +0000 2026,0,いつもMCで盛り上げてくれてる東京ホテイソンさんの青い時代が思ったより青くて面白かった笑 こき妖怪動画楽しみにしてます(?) 来週のWILD BLUEクイズ楽しみお兄ちゃん達なら全問正解してるんだろうな #WILDBLUEのわぶっていきましょう #WILDBLUE,2033738155267133459,,,ja,,0,0,0,https://x.com/undefined/status/2033738155267133459,2235692474,
2033717273043591657,Tue Mar 17 02:52:11 +0000 2026,0,@Gusstaxt Eu não me sinto bem no blue eu acho estranho,2033738138573553983,,Gusstaxt,pt,,0,0,0,https://x.com/undefined/status/2033738138573553983,1917692153071042560,
2033640570111811584,Tue Mar 17 02:52:10 +0000 2026,0,@peta @AlaskaAir @TravelAlaska @AlaskaDOTPF Alaska: Known as the animal abuse state of the United States. And always will until they stop/ban this blood bath against these poor dogs. All for a lit'l blue ribbon for the human . These people truly think they are Roman soldiers.,2033738132990923134,,peta,en,,0,0,0,https://x.com/undefined/status/2033738132990923134,1763995093499813888,
2033728941752500239,Tue Mar 17 02:52:10 +0000 2026,0,@NflOutdated The Black and Blue team,2033738130667319649,,NflOutdated,en,,0,0,0,https://x.com/undefined/status/2033738130667319649,1127035724631543808,
2033738119829479836,Tue Mar 17 02:52:07 +0000 2026,0,Traditional Nicoya Diet Macros (Blue Zones peak longevity) Carbs: 65% (corn beans squash rice the three sisters ) Protein: 15% (mostly beans + modest dairy/eggs/meat) Fat: 20% #nicoya #centenarian #diet #longitivity https://t.co/d7nxKvxcZU,2033738119829479836,https://pbs.twimg.com/ext_tw_video_thumb/2033738099512229888/pu/img/Myw5j8dOHFXysDm9.jpg,,en,,0,0,0,https://x.com/undefined/status/2033738119829479836,1909846818026082305,
2033723363604971818,Tue Mar 17 02:52:04 +0000 2026,0,@JohnnyBoi116127 @RepLuna The last administration (AutoPen) gifted America with this nightmare by choosing a flock of activist and partisan judge s days after losing the 2024 election. *** And Sadly *** The Blue Slip Tradition is a longstanding Senate Judiciary https://t.co/6MltJAB4GU,2033738107447550366,https://pbs.twimg.com/media/HDlJ91XXkAAf0cx.jpg,JohnnyBoi116127,en,,0,0,0,https://x.com/undefined/status/2033738107447550366,1656076632711471106,
2033738104348283060,Tue Mar 17 02:52:03 +0000 2026,0,最近リリースされた Liaさんの「Blue City Lights」にどハマりしてる めちゃいい曲やから聴いてみてほしい,2033738104348283060,,,ja,,0,0,0,https://x.com/undefined/status/2033738104348283060,1874864659087683584,
2033560979326259270,Tue Mar 17 02:52:02 +0000 2026,0,@ImBreckWorsham Can't wait for the midterms!! The blue wave is a comin'!!! ,2033738100627980608,,ImBreckWorsham,en,,0,0,0,https://x.com/undefined/status/2033738100627980608,1887218720671735810,
2033715409824727421,Tue Mar 17 02:52:01 +0000 2026,0,@mnsibley @OrdnancePackard Blue Pusyer Cult,2033738095762260410,,mnsibley,en,,0,0,0,https://x.com/undefined/status/2033738095762260410,2444931816,
2033738089559167137,Tue Mar 17 02:52:00 +0000 2026,0, TRENDING NOW DISCOUNT + COUPON Dusty Blue Artificial Flowers Combo Baby Blue Wedding Flowers Fake Floral Bulk Bouquets Light Blue Flowers Silk Rose Flowers for Wedding Bridal Shower Table Centerpieces &amp; Home Party Decor Regular: $19.99 Hot Deal: $9.99 Use Code: https://t.co/pPN1oYmeKV,2033738089559167137,https://pbs.twimg.com/media/HDkg9AxbgAAIkNy.jpg,,en,,0,0,0,https://x.com/undefined/status/2033738089559167137,1870262161949503492,
2033527800288657559,Tue Mar 17 02:51:59 +0000 2026,0,@DragonBallBLK Bro what s this show called again Blue Dragon or something?,2033738086723559503,,DragonBallBLK,en,,0,0,0,https://x.com/undefined/status/2033738086723559503,863692789388685314,
2033738081249997083,Tue Mar 17 02:51:58 +0000 2026,0,a good buddy read happens once in a blue moon i m having sm fun with this one https://t.co/cJ0Pgbi4TM,2033738081249997083,https://pbs.twimg.com/media/HDlKASDXAAABGQn.jpg,,en,,0,0,0,https://x.com/undefined/status/2033738081249997083,1290546356659134469,
2033737549949399218,Tue Mar 17 02:51:58 +0000 2026,0,@Sc30pion Damn i talked to someone FAMOUS today can i get your autograph bro? Is that a b-blue check ,2033738081233473976,,Sc30pion,en,,0,0,0,https://x.com/undefined/status/2033738081233473976,1110664388,
2033738074052563049,Tue Mar 17 02:51:56 +0000 2026,0,Red = Math. Always. Blue = English Yellow = History Green = Science/Biology Purple/Orange = Music/Computer Science,2033738074052563049,,,en,,0,0,0,https://x.com/undefined/status/2033738074052563049,783047441453047809,
2033009416056775115,Tue Mar 17 02:51:54 +0000 2026,0,@joseimpact @ymmmmmmmo @ItsTarsal @beatmastermatt Trump fans voluntarily devolved into primitive cavemen so when they hear California their thought process simply goes California = blue state = GAY! https://t.co/atWPa5Ys5O,2033738063738781754,https://pbs.twimg.com/media/HDlJzqaXAAAl-Et.jpg,joseimpact,en,,0,0,0,https://x.com/undefined/status/2033738063738781754,1236348255417573376,
2033738042599477486,Tue Mar 17 02:51:49 +0000 2026,0,Actualizado: Blue Submarine No.6 (4/4) (Audio: Japones-Latino-Español) (BDrip-720p) https://t.co/lfjjWogbmV #anime https://t.co/ZQam3cvu5K,2033738042599477486,https://pbs.twimg.com/media/HDlJkEbXEAARFux.jpg,,es,,0,0,0,https://x.com/undefined/status/2033738042599477486,129361019,
2033737161430782401,Tue Mar 17 02:51:44 +0000 2026,0,@NYX_J1NX Go take a nap that s my solution to everything Or eat something But if you ve eaten enough today then you ve been on your phone for too long and need to either put on blue light blockers or sleep to give your eyes a break,2033738023788232867,,NYX_J1NX,en,,0,0,0,https://x.com/undefined/status/2033738023788232867,1589794807647416321,
2033738020160143834,Tue Mar 17 02:51:43 +0000 2026,0,⭐️在庫有りますよ〜⭐️チャ〜ンス‼️ 【15時までのご注文で即日発送！！】STASH × NIKE スタッシュ ナイキ エアマックス スニーカー AIR MAX 95 Black and Harbor Blue ( 黒 ブラック 青 ブルー メンズ HF5515-400 )https://t.co/bVBFsALXx8 Rakutenichiba ガンプラ再販,2033738020160143834,,,ja,,0,0,0,https://x.com/undefined/status/2033738020160143834,1754492191966453760,
2033595778472583505,Tue Mar 17 02:51:43 +0000 2026,0,@paramounttactcl But Erika s eyes are striking blue!,2033738017718894681,,paramounttactcl,en,,0,0,0,https://x.com/undefined/status/2033738017718894681,1855035378102943747,
2033657121317757276,Tue Mar 17 02:51:39 +0000 2026,0,@Clay4MainStreet It s not going blue He knows what s in the cards https://t.co/tjRCUrbIvW,2033738002233499754,https://pbs.twimg.com/media/HDlJ7RFW0AAm-co.jpg,Clay4MainStreet,en,,0,1,0,https://x.com/undefined/status/2033738002233499754,747942109760659457,
2033569921863397680,Tue Mar 17 02:51:31 +0000 2026,0,@ChristnNitemare the blond blue eyed one?,2033737967571730869,,ChristnNitemare,en,,0,0,0,https://x.com/undefined/status/2033737967571730869,24469387,
2033731023251611704,Tue Mar 17 02:51:30 +0000 2026,0,@YoRHa2_Battler It is blue,2033737965990506812,,YoRHa2_Battler,en,,0,0,0,https://x.com/undefined/status/2033737965990506812,1222948507599937536,
2033641703274647595,Tue Mar 17 02:51:29 +0000 2026,0,@tylerbowyer Utah is much closer than most people think. Why I don't get why people keep wanting to stay and fight for lost cause deep blue states when there's red states desperately needing attention before they're lost as well.,2033737961481900246,,tylerbowyer,en,,0,0,0,https://x.com/undefined/status/2033737961481900246,2789819578,
2033737948198298050,Tue Mar 17 02:51:26 +0000 2026,13,Let me diffuse the situation. -It's a 1 break -It's i14 so it will only work on power crushes that are -14 -The throw itself does a whopping 8 damage and last I recall the most (or at least easiest followup for) damage he can get is blue spark iSW which is 57 damage total https://t.co/nr4OV2uBK8,2033737948198298050,https://pbs.twimg.com/amplify_video_thumb/2033737891264745472/img/rNmebozc3cLMPeaN.jpg,,en,,0,5,1,https://x.com/undefined/status/2033737948198298050,1413976385719308288,
2033721201873260545,Tue Mar 17 02:51:24 +0000 2026,0,@NikTek I just realized something. The model is making the iris of all the characters the same color. Leon Grace whoever this chick is they all have the same shade of blue for their iris.,2033737938844938326,,NikTek,en,,0,0,0,https://x.com/undefined/status/2033737938844938326,265074027,
2033551336583614947,Tue Mar 17 02:51:24 +0000 2026,0,@RepKeithSelf @Bartamus8 Hell no. I live in deep blue WA state. Nobody notices us but we suck as bad as CA and VA and NY and MN.,2033737938790715698,,RepKeithSelf,en,,0,0,0,https://x.com/undefined/status/2033737938790715698,1597405525699723264,
2032422674392129705,Tue Mar 17 02:51:23 +0000 2026,0,@PatrykRoms82092 I just bought some from there too. I m pretty sure they re real but just from different sellers since there are multiple resellers ofc. Make sure to get the pink ones! The blue ones have safety guard,2033737937490251966,,PatrykRoms82092,en,,0,0,0,https://x.com/undefined/status/2033737937490251966,1692276740695916544,
2033706625979011134,Tue Mar 17 02:51:22 +0000 2026,0,@djodjeee_ If I said the sky was blue,2033737931643298200,,djodjeee_,en,,0,0,0,https://x.com/undefined/status/2033737931643298200,1645895630353580033,
2033737928828960947,Tue Mar 17 02:51:21 +0000 2026,0,Elon s all about stealing the vote from people that can t afford anything you can t afford Grok you can t afford a blue fucking checkmark. You can t fucking vote cause you re fucking poor Elon don t want you to be a fucking American. https://t.co/zm5gi6Y61n,2033737928828960947,https://pbs.twimg.com/tweet_video_thumb/HDlJ3I4acAA7inm.jpg,,en,,0,1,0,https://x.com/undefined/status/2033737928828960947,1596576954471309313,
2033737700935672218,Tue Mar 17 02:51:21 +0000 2026,1,Miss my blue hair days ,2033737927780360637,,MistyMx3Spicy,en,,0,3,0,https://x.com/undefined/status/2033737927780360637,1982570213385388032,
2033735271897043003,Tue Mar 17 02:51:20 +0000 2026,1,@NEONBitchi The algo goes by the Algolendar https://t.co/m6KIs43dKB,2033737924404232281,https://pbs.twimg.com/media/HDlJ3VBbEAQeVIo.jpg,NEONBitchi,en,,0,1,0,https://x.com/undefined/status/2033737924404232281,1598137786413895680,
2031838039534694521,Tue Mar 17 02:51:20 +0000 2026,0,@Amanditas4 I just don't get it. It's like trying to tell someone the sky is blue and they're like lol nuh uh it's clearly green over and over. And before some weirdo replies No we don't mean ppl who just like the char . That's FINE. We're talking about the I wanna marry them ppl.,2033737922105782365,,Amanditas4,en,,0,0,0,https://x.com/undefined/status/2033737922105782365,803695368768659456,
2033737912618209671,Tue Mar 17 02:51:18 +0000 2026,0,krystal mejes oyoyoyoy talk to my dinosaur blue comment https://t.co/D1rNFmMNCo,2033737912618209671,https://pbs.twimg.com/amplify_video_thumb/2033737900396064768/img/aCWga8hTCZRSw-nY.jpg,,et,,0,0,0,https://x.com/undefined/status/2033737912618209671,1297555529913364481,
2033696327398219888,Tue Mar 17 02:51:17 +0000 2026,0,@KoyoharuSorte Acabei de criar uma conta na Blue Ski se quiser me siga lá pvf? https://t.co/0EQZ7z1nTe,2033737911552668029,https://pbs.twimg.com/media/HDlJ2aoWsAEoTC9.jpg,KoyoharuSorte,pt,,0,1,0,https://x.com/undefined/status/2033737911552668029,1999099797429682176,
2033737909593833794,Tue Mar 17 02:51:17 +0000 2026,0,I wonder if she remembers this nickname. . . Hey blue !!,2033737909593833794,,,en,,1,0,0,https://x.com/undefined/status/2033737909593833794,1713919905622355968,
2033737908742721899,Tue Mar 17 02:51:17 +0000 2026,0,I belong to one of that blue district and quality of living is worse because of AQI Pollution enough that you can't walk 100steps in road that the place where we have one of largest railway connectivity but platform is filled with dust. 280-288k PCI.,2033737908742721899,,,en,,0,0,0,https://x.com/undefined/status/2033737908742721899,1682009129358094336,
2033271039661339021,Tue Mar 17 02:51:16 +0000 2026,0,@ThisGuyNegative @ashighasitgets7 @igTXSalazar Titans jersey can t be a copy If you OWN the rights to the colors/ design ? There is a reason why the Texans can t use those colors. I would suggest you do some research first. Titans have the rights as per the NFL to use Columbia blue(Titan blue) which no other team in NFL can,2033737905852514348,,ThisGuyNegative,en,,0,0,0,https://x.com/undefined/status/2033737905852514348,951459180392697861,
2033671118146416989,Tue Mar 17 02:51:13 +0000 2026,1,@PadawanJon I've proudly resisted the blue check so far. Couldn't pay for it anyways! ,2033737893509009410,,PadawanJon,en,,0,0,0,https://x.com/undefined/status/2033737893509009410,1433496425438973960,
2033737887754424442,Tue Mar 17 02:51:12 +0000 2026,0,My hair is RAINBOW. I did the entire rainbow color scheme in order: red → orange → yellow → green → blue → indigo → violet. The orange is hidden but it s there. It took me hours to do at home. https://t.co/TWKR7iEIy4,2033737887754424442,https://pbs.twimg.com/media/HDlJW-_bkAAYECa.jpg,,en,,0,0,0,https://x.com/undefined/status/2033737887754424442,2006883823397777408,
2033737884155719878,Tue Mar 17 02:51:11 +0000 2026,0,https://t.co/jPB7uXE01r,2033737884155719878,https://pbs.twimg.com/media/HDlJ0zibEAArfxM.jpg,,zxx,,0,0,0,https://x.com/undefined/status/2033737884155719878,113024456,
2033298032754557278,Tue Mar 17 02:51:11 +0000 2026,1,@nstykai3 What s blue @,2033737883811533287,,nstykai3,en,,0,0,0,https://x.com/undefined/status/2033737883811533287,1421939241261707271,
2033483587438448693,Tue Mar 17 02:51:07 +0000 2026,0,@BandaiNamcoSEA please Add: -Super Saiyan 2 &amp; Rage Future Trunks -False Super Saiyan Goku -Super Saiyan Caulifla -Controlled Berserk Kale -Base Garlic Jr -Teen Chi-Chi (Kid Chi-Chi too...but that version is optional) -Infant Teen &amp; Adult Baby - Super Saiyan Blue Kaioken Goku &amp; Evolution Vegeta https://t.co/sR27bQPyez,2033737869647339750,https://pbs.twimg.com/tweet_video_thumb/HDlJzpObUAAgwmO.jpg,BandaiNamcoSEA,en,,0,0,0,https://x.com/undefined/status/2033737869647339750,1530233466750648320,
2033696398621765924,Tue Mar 17 02:51:02 +0000 2026,0,@KeruboSk night showering does not make sense for blue collar but if you work in an office please shower in the morning you smell,2033737845718815011,,KeruboSk,en,,0,0,0,https://x.com/undefined/status/2033737845718815011,1551723121027256322,
2033724734634852356,Tue Mar 17 02:51:00 +0000 2026,0,@TheLaurenChen Same physiognomy as Bonny Blue...,2033737840274903475,,TheLaurenChen,en,,0,0,0,https://x.com/undefined/status/2033737840274903475,1755368602830819328,
2033670141968302149,Tue Mar 17 02:50:59 +0000 2026,0,@_AsiwajuLerry @the_Lawrenz e say my dear blue brother dfkm,2033737834125828511,,_AsiwajuLerry,en,,0,0,0,https://x.com/undefined/status/2033737834125828511,1185519500369842179,
2033561046040895808,Tue Mar 17 02:50:58 +0000 2026,0,@ThatTartag go blue!,2033737829025464442,,ThatTartag,en,,0,0,0,https://x.com/undefined/status/2033737829025464442,2026856326069108736,
2033559090807423307,Tue Mar 17 02:50:53 +0000 2026,0,@jae2so The sky is still blue this means shit all until they prove it in the offseason. Get this practice facility rolling draft a metric shit tonne of new guys and lower ticket prices so fans can get back in the building and build the confidence of the new young talent,2033737808104591636,,jae2so,en,,0,0,0,https://x.com/undefined/status/2033737808104591636,1312820600134610944,
2033324543842906280,Tue Mar 17 02:50:50 +0000 2026,0,@Bojang_Swangles @yankeesabc not rlly boruto is has a similar artstyle to naruto the only reason why it takes so long to get a single chapter out is bc lazyness trying to map out the story and the outfits in two blue vortex are way too complicated to be draw consistently and quickly,2033737798642241785,,Bojang_Swangles,en,,0,1,0,https://x.com/undefined/status/2033737798642241785,1737056325530791936,
2033737776844202482,Tue Mar 17 02:50:45 +0000 2026,0,A blue check being wrong again. https://t.co/rXNbUKAp4t,2033737776844202482,https://pbs.twimg.com/tweet_video_thumb/HDlJuhRW0AEjh_w.jpg,,en,,0,0,0,https://x.com/undefined/status/2033737776844202482,1228880099891646464,
2033438533302595948,Tue Mar 17 02:50:44 +0000 2026,0,@henrywinter I fear you are too kind regarding our new coach mr Rosenior. He appears a slave to the media. I would like some time spent with the current players learning of the Blue history and speaking with some club legends . That for me would be a promising start,2033737772931186788,,henrywinter,en,,0,0,0,https://x.com/undefined/status/2033737772931186788,722707496499048452,
2033735337424334976,Tue Mar 17 02:50:41 +0000 2026,2,@Tillitstank3 Blue veins ? Man move out the way let me handle this,2033737760150835697,,Tillitstank3,en,,0,0,0,https://x.com/undefined/status/2033737760150835697,1510261412819611659,
2033705304907813228,Tue Mar 17 02:50:41 +0000 2026,0,Left: blonde hair blue jacket confidently showing off my white belt. Right: all black kneeling pose pure charisma. https://t.co/i3oycMIRt4,2033737757923967224,,seongghw,en,,0,0,0,https://x.com/undefined/status/2033737757923967224,1431121176873431043,
2033737746150240337,Tue Mar 17 02:50:38 +0000 2026,15,Voting for Vance or Rubio means voting for another 4 years of the same administration that has betrayed America. Owned by Israel. War with Iran. Epstein Cover up. Less Deportations than Obama. Give us an AMERICA FIRST candidate or we will vote Blue just to make you suffer.,2033737746150240337,,,en,,1,2,6,https://x.com/undefined/status/2033737746150240337,1314655073952305152,
2032947859834683839,Tue Mar 17 02:50:36 +0000 2026,0,@JuliusElum Blue tick is great an all but honestly don't see much difference to regular accounts maybe just cause I haven't tried the premium+ but for now I am not really impressed... It's still good to get some followers though.,2033737739418361921,,JuliusElum,en,,0,0,0,https://x.com/undefined/status/2033737739418361921,1756241372669935616,
2033730636712972334,Tue Mar 17 02:50:36 +0000 2026,2,@MissyIsMaga @elonmusk All blue states..,2033737737954816102,,MissyIsMaga,en,,0,1,0,https://x.com/undefined/status/2033737737954816102,1129491274774433792,
2033678673295851920,Tue Mar 17 02:50:36 +0000 2026,1,@devilsdntfly purple cuz iys blue and pink at the asame time,2033737737476465069,,devilsdntfly,en,,0,1,0,https://x.com/undefined/status/2033737737476465069,1752326244559896576,
2033191890041156016,Tue Mar 17 02:50:35 +0000 2026,0,@kledbetter59 @PNWConservative @MayorofSeattle 50.2% of the electorate that voted; a lot did not. The election also had the requisite last-day-of-voting Blue Shift of about 5-8 points. Harrell was up until the day of the election. Every time in Seattle since all-mail voting we get this effect. Damndest thing.,2033737735283044772,,kledbetter59,en,,0,0,0,https://x.com/undefined/status/2033737735283044772,1652794841095606272,
2033716080670335079,Tue Mar 17 02:50:35 +0000 2026,0,@chueyvt But battlepass have blue colour skin,2033737733131395308,,chueyvt,en,,0,0,0,https://x.com/undefined/status/2033737733131395308,1591773200131977220,
2033589405605138516,Tue Mar 17 02:50:31 +0000 2026,0,@gardenofcolours Sky blue ,2033737715708006837,,gardenofcolours,en,,0,0,0,https://x.com/undefined/status/2033737715708006837,2007765687360782336,
2033734653031682535,Tue Mar 17 02:50:30 +0000 2026,0,@abluemoon88 Thank you so much blue! We've got a lot in store coming throughout the year. I'm so incredibly proud of this community and their works. Standing along side them means so much to me. The creativity of all people involved is truly magical.,2033737713925402646,,abluemoon88,en,,0,0,0,https://x.com/undefined/status/2033737713925402646,1304922420889911299,
2033514325734760703,Tue Mar 17 02:50:30 +0000 2026,0,@NathenAmin How blue was that blue? It's breathtaking.,2033737711270412414,,NathenAmin,en,,0,0,0,https://x.com/undefined/status/2033737711270412414,2829885264,
2033737704266207269,Tue Mar 17 02:50:28 +0000 2026,0,タニア・マリアのblue note公演はマジで最高でした。懐かしく良き思い出。そんなわけでタニア・マリアらしくない曲名のsuper happy（今日の一曲）,2033737704266207269,,,ja,,0,0,0,https://x.com/undefined/status/2033737704266207269,816223500239179776,
2033611776101593386,Tue Mar 17 02:50:26 +0000 2026,1,@berrylinos I need that dark blue hair lee know PC so bad to match my others https://t.co/VL25LCx1AL,2033737695076266377,https://pbs.twimg.com/media/HDlJp9uXkAA2AS6.jpg,berrylinos,en,,0,0,0,https://x.com/undefined/status/2033737695076266377,1293306969223290887,
2033683237482959222,Tue Mar 17 02:50:24 +0000 2026,0,@ijooyuma BLUE??? SILVER?????,2033737689858773453,,ijooyuma,en,,0,1,0,https://x.com/undefined/status/2033737689858773453,1998575836644167680,
2033737684762390756,Tue Mar 17 02:50:23 +0000 2026,0,3/26 虹羽みに生誕祭 チケット 譲 S10番台2枚　S50番台2枚 求 定価＋手数料（複数人いた場合+a） 重複分です。お気軽にお声がけください。 DM解放致しましたので、ご希望の方DMまでお願いします。blue . #iLiFE譲 #iLiFE求,2033737684762390756,,,ja,,0,0,0,https://x.com/undefined/status/2033737684762390756,1916443473403842560,
2033733232596815949,Tue Mar 17 02:50:23 +0000 2026,1,@DatBoyDrifty @TheNinjagoNews The sky is blue,2033737683239903309,,DatBoyDrifty,en,,0,1,0,https://x.com/undefined/status/2033737683239903309,1801006982503034880,
2033455225067999642,Tue Mar 17 02:50:19 +0000 2026,0,@Neliswa_Nelli @n_makhubele Blue ribbon is nice but if you like me 1 loaf of bread lasts a week don t buy it. Stick with Albany and Sasko,2033737669092466792,,Neliswa_Nelli,en,,0,0,0,https://x.com/undefined/status/2033737669092466792,1299488337883992064,
2033589610434146310,Tue Mar 17 02:50:19 +0000 2026,0,@SusieM414141 So it sounds like she has a service dog because she is a SNOWFLAKE. The ADA needs to be repealed because it is so abused. Or her everyone should apply for a blue placard right?,2033737666882314337,,SusieM414141,en,,0,0,0,https://x.com/undefined/status/2033737666882314337,1812548114198220800,
2033734190374735948,Tue Mar 17 02:50:12 +0000 2026,1,@perffectshadow That s kind of what I was saying The teasers all show blue vs orange Which makes more sense for ice king vs dark voyager than them being on the same side,2033737638067184105,,perffectshadow,en,,0,0,0,https://x.com/undefined/status/2033737638067184105,999727115368042502,
2033737633600249966,Tue Mar 17 02:50:11 +0000 2026,0,jesus christ im so blue all the time etc etc!!!,2033737633600249966,,,en,,0,0,0,https://x.com/undefined/status/2033737633600249966,1603402258804252676,
2033276994516046016,Tue Mar 17 02:50:07 +0000 2026,0,@willstancilfan @feelsdesperate @emeriticus @constans By that I mean a house in bay ridge but also it s 48 year olds working at blue bottle which is like 50k a year but also deeply sad. so yeah there is that sort of downward uh spiral but just not really being able to survive. But is that the through line to Zohran?,2033737616856650092,,willstancilfan,en,,0,0,0,https://x.com/undefined/status/2033737616856650092,1986309715802857472,
2033576523169722711,Tue Mar 17 02:50:07 +0000 2026,1,@AriDrennen It's not about the Iran activity. You must live in a blue state. Here in Texas we are doing just fine. https://t.co/6191xGI08g,2033737616026165695,https://pbs.twimg.com/media/HDlJcn3WMAAwQYz.png,AriDrennen,en,,0,0,0,https://x.com/undefined/status/2033737616026165695,1601198455908667392,
2033588935503581254,Tue Mar 17 02:50:05 +0000 2026,1,@Olamideeone Let's get the blue pill started ,2033737608740696574,,Olamideeone,en,,0,0,0,https://x.com/undefined/status/2033737608740696574,1646283455586500611,
2033734975388832254,Tue Mar 17 02:50:04 +0000 2026,0,@Jv1i3n_ His original suit will always be iconic but I how the black &amp; blue represents how dark the show really is and it looks ,2033737603669803368,,Jv1i3n_,en,,0,0,0,https://x.com/undefined/status/2033737603669803368,2583404321,
2033698935059988559,Tue Mar 17 02:50:03 +0000 2026,1,@JadeTheCoolFox BLUE?!?!?!,2033737601417396454,,JadeTheCoolFox,en,,0,0,0,https://x.com/undefined/status/2033737601417396454,2031580177747357696,
2033725008799735863,Tue Mar 17 02:50:02 +0000 2026,0,@OfficialMONSTAX growing pains on our way baby blue heal feel u glass half empty main attraction enemies with benefits sorry to myself before you met me #MONSTAX #Unfold https://t.co/pH3TwcYHaD,2033737595461542060,https://pbs.twimg.com/media/HDlJkNWWsAAXXnm.jpg,OfficialMONSTAX,en,,1,0,0,https://x.com/undefined/status/2033737595461542060,1217638316817948672,
2033737588574400942,Tue Mar 17 02:50:00 +0000 2026,0,vou dormir mds se esse for meu último tweet eu amo vocês moots e alguém me manda pelo Blue sky a reação da chia terminando amphibia pls,2033737588574400942,,,pt,,0,0,0,https://x.com/undefined/status/2033737588574400942,1938575437065588736,
2033737588478300473,Tue Mar 17 02:50:00 +0000 2026,0,seeing a lot of deltarune fans with minato icons like. we all like blue hair with pronouns protags huh https://t.co/AmY1HYr9wE,2033737588478300473,https://pbs.twimg.com/media/HDlJj0fbEAEOTVu.jpg,,en,,0,0,0,https://x.com/undefined/status/2033737588478300473,1149058858905526272,
2033665389444341990,Tue Mar 17 02:49:59 +0000 2026,1,@PwrStrknHlfPint @Corbisello30518 Blue state isn t it?,2033737581683495360,,PwrStrknHlfPint,en,,0,1,0,https://x.com/undefined/status/2033737581683495360,1656048885280968704,
2033353539271995469,Tue Mar 17 02:49:56 +0000 2026,0,@Ohons @nypost Your indoctrination has become dogma. You are clueless about Iran and threats. Hizb'allah Hamas the Houthis and the IRGC ALL have attacked civilians. Go back to Blue Sky and chat with your putchers and catchers.,2033737570195009633,,Ohons,en,,0,0,0,https://x.com/undefined/status/2033737570195009633,1694509142067580928,
2033678723434910142,Tue Mar 17 02:49:55 +0000 2026,0,@ThoughtCrimes80 @denver_Today Thanks to communist DemoRats! All you clowns who moved to this state from big blue cities voted in the same trash you left!!!,2033737564952080457,,ThoughtCrimes80,en,,0,0,0,https://x.com/undefined/status/2033737564952080457,1700257507627999232,
2033529124719923289,Tue Mar 17 02:49:53 +0000 2026,0,@misinfomerchant @RedWavePress @tld5678 The land is red ..population is blue,2033737556169310406,,misinfomerchant,en,,0,0,0,https://x.com/undefined/status/2033737556169310406,1200070967252393985,
2033737546082247016,Tue Mar 17 02:49:50 +0000 2026,0,Baby Blue and 42 Dugg might be the same height,2033737546082247016,,,en,,0,0,0,https://x.com/undefined/status/2033737546082247016,1609671185545179136,
2033684203548668096,Tue Mar 17 02:49:49 +0000 2026,0,@RealSpitfire I sure won t but I m in Florida - I can t help the blue states. They have to wake up!,2033737540272898204,,RealSpitfire,en,,0,0,0,https://x.com/undefined/status/2033737540272898204,754328778109779968,
2033737539576602941,Tue Mar 17 02:49:49 +0000 2026,1,Insane face card this man Is GORGEOUS!!!!! The hair the face the clothes the blue eyes looks soo good the little blush!!! #LoveNoise #PeatWasu #CuspEntertainment https://t.co/qhfR4ah39R,2033737539576602941,https://pbs.twimg.com/media/HDlJgmHXoAAOQdx.jpg,,en,,0,0,0,https://x.com/undefined/status/2033737539576602941,2505987391,
2033702943292330066,Tue Mar 17 02:49:47 +0000 2026,0,@kerryeggers @BeaverWBB You have a blue checkmark. Doesn't that mean you can edit your posts? ,2033737532740145368,,kerryeggers,en,,0,0,0,https://x.com/undefined/status/2033737532740145368,939182451066150912,
2033737532660498609,Tue Mar 17 02:49:47 +0000 2026,1,كُـود كوبِون خـِصم Army الشارقة ⎐نون⎐ ⊵QT54⊴ عود ميلانو ⊵A666⊴ ⎐مذركير⎐ ⊵AQHP8⊴ ^^^^ Sun Blue vGUOlY ‌ https://t.co/ML5D6114Uw,2033737532660498609,https://pbs.twimg.com/media/HDlJfsibEAIqAcs.jpg,,ar,,0,1,1,https://x.com/undefined/status/2033737532660498609,733005552167587841,
2033675568709800191,Tue Mar 17 02:49:43 +0000 2026,1,@EriwaBoy @SweetFredo The three stadiums pictured are classic La Liga venues: 1. Estadio Vicente Calderón (former Atlético Madrid home with blue lower seats and red/white striped upper). 2. Estadio Benito Villamarín (Real Betis). 3. Mestalla (Valencia CF orange seats). The post highlights how La,2033737518001050013,,EriwaBoy,es,,0,0,0,https://x.com/undefined/status/2033737518001050013,1720665183188922368,
2033737515669303498,Tue Mar 17 02:49:43 +0000 2026,0,blue light patrol polres solok https://t.co/HxU9RrmJmW,2033737515669303498,https://pbs.twimg.com/media/HDlJfRebEAQvbig.jpg,,en,,0,0,0,https://x.com/undefined/status/2033737515669303498,1896852457122365440,
2033737510182867399,Tue Mar 17 02:49:42 +0000 2026,4,Your girl is back from yoga and LIVEE w/ her dirty screen and new baby blue set Come to mommy https://t.co/ZGOStHcV6A,2033737510182867399,https://pbs.twimg.com/media/HDlJfPCbEAAU01b.jpg,,en,,0,0,1,https://x.com/undefined/status/2033737510182867399,1841219995742740480,
2033703954358436154,Tue Mar 17 02:49:40 +0000 2026,3,@Supersonic_Red @thestinkeye @FrankenforIowa I put it in the bio. Didn't want to lose my blue check,2033737504357056996,,Supersonic_Red,en,,0,2,0,https://x.com/undefined/status/2033737504357056996,1322740213051961346,
2026329270940033128,Tue Mar 17 02:49:36 +0000 2026,0,@AnandaKumar_E_N @QingQ77 No. The early N95 versions (the ones with the blue keypad and camera cover) have 64 MB of RAM. The one I have is the N95-3 the American version. The keypad lights up white the camera lost the cover and it has more battery and 128 MB of RAM,2033737488393445718,,AnandaKumar_E_N,en,,0,0,0,https://x.com/undefined/status/2033737488393445718,4386462081,
2033737460325200039,Tue Mar 17 02:49:30 +0000 2026,0,still without internet so ive taken to new ways to entertain myself. been playing mario kart 8 custom vs races 200cc 8-12 tracks back to back with only blue shells and triple mushrooms. i call it 5 gum,2033737460325200039,,,en,,0,0,0,https://x.com/undefined/status/2033737460325200039,4606587613,
2033737454516375822,Tue Mar 17 02:49:28 +0000 2026,0,trying to secure a blue paradise digi but it's sold out but i shall not give up,2033737454516375822,,,en,,0,0,0,https://x.com/undefined/status/2033737454516375822,1422486181040705539,
2033737453924978770,Tue Mar 17 02:49:28 +0000 2026,0,I saw a plum tree called Hizakura today. Even though it has sakura in its name it s actually a plum. The plum season is ending and more spring-like days are coming. My favorite wildflower blue speedwell is now in full bloom along the riverbank. https://t.co/y5eweU76oH,2033737453924978770,https://pbs.twimg.com/media/HDlJb5JbEAImIXq.jpg,,en,,0,0,0,https://x.com/undefined/status/2033737453924978770,1991291361476358144,
2033737446035497089,Tue Mar 17 02:49:26 +0000 2026,18,sky blue drop～14ニャンズトネコハウス// [ 笑い事じゃないのよ ] UPしました 。 #14ニャンズトネコハウス #猫ブログ https://t.co/ufHn9uafcS,2033737446035497089,,,ja,,0,0,0,https://x.com/undefined/status/2033737446035497089,1398759138,
2033383075422540105,Tue Mar 17 02:49:26 +0000 2026,3,@charliesmirkley Thanks blue scam states. Hurting working class 100 different ways. Fraud,2033737444189675941,,charliesmirkley,en,,0,0,0,https://x.com/undefined/status/2033737444189675941,825497798615371778,
2033737428255539566,Tue Mar 17 02:49:22 +0000 2026,1,مايونيزه مع صورة انواع التشوكلت و سؤال انتوا اي طبقه كل عيد https://t.co/OrggxCRjVh,2033737428255539566,https://pbs.twimg.com/tweet_video_thumb/HDlJaH7bEAEGrq6.jpg,,ar,,0,1,0,https://x.com/undefined/status/2033737428255539566,1436433149765034035,
2033737419913150506,Tue Mar 17 02:49:21 +0000 2026,0,The streets were apocalypse orange in this scene but the blue tone gives more contrast to his clothes. Though im also heavily biased because thats my favorite color,2033737422438056306,,tsunderesuyeol,en,,0,0,0,https://x.com/undefined/status/2033737422438056306,1854586971143745551,
2011506331073527955,Tue Mar 17 02:49:20 +0000 2026,1,@realtalkstruth @EricLDaugh For Gavin Newsom &amp; other Blue State Democrats fraud waste abuse of tax payer money &amp; corruption is baked into the cake. It's who they are. The Democrat Party as morphed into the Democrat Crime Family.,2033737420299194499,,realtalkstruth,en,,0,0,1,https://x.com/undefined/status/2033737420299194499,1495488796158304256,
2033737419913150506,Tue Mar 17 02:49:20 +0000 2026,1,Jinman in blue ligthing looks so fine... https://t.co/oAFmShajhZ,2033737419913150506,https://pbs.twimg.com/media/HDlJZ_GWQAAAXd6.jpg,,en,,0,1,0,https://x.com/undefined/status/2033737419913150506,1854586971143745551,
2033685173175218505,Tue Mar 17 02:49:20 +0000 2026,0,@march_pope @JoshWoomfnpig25 I think you re overestimating how much players care about blue-bloods and a schools history. Yaxel especially has talked about how he wanted to grow this year not just as a player but also as a person. Dusty and Michigan have clearly been amazing for him,2033737417513959916,,march_pope,en,,0,1,0,https://x.com/undefined/status/2033737417513959916,1916229399395110914,
2033638023011647982,Tue Mar 17 02:49:19 +0000 2026,0,@rajuvamsi007 @SawyerMerritt Blue Origin,2033737417040269508,,rajuvamsi007,en,,0,1,0,https://x.com/undefined/status/2033737417040269508,1988661432226054144,
2033426816271053030,Tue Mar 17 02:49:13 +0000 2026,0,@Tomochiichan Blue and Ginkgo,2033737392226783465,,Tomochiichan,en,,0,0,0,https://x.com/undefined/status/2033737392226783465,1777734467702169600,
2033610404866494502,Tue Mar 17 02:49:12 +0000 2026,0,@NickKnudsenUS If they pass this voter suppression bill I think the Blue States must secede. That is my opinion.,2033737385238749501,,NickKnudsenUS,en,,0,0,0,https://x.com/undefined/status/2033737385238749501,1616971075476246535,
2032583105345970406,Tue Mar 17 02:49:12 +0000 2026,0,@MeidasTouch I wonder how many of those votes were from blue state democrat voters from New York California North East and other blue chaos cities that left those states because of high taxes high crime lack of freedom and government corruption only to vote blue again in Florida?,2033737385117135246,,MeidasTouch,en,,0,0,0,https://x.com/undefined/status/2033737385117135246,1038039980398891008,
2033733327635579136,Tue Mar 17 02:49:10 +0000 2026,3,@BoilerMuse Then Michigan and Michigan state are super blue bloods then,2033737379261845903,,BoilerMuse,en,,0,0,0,https://x.com/undefined/status/2033737379261845903,755172111979642880,
2033737362703061386,Tue Mar 17 02:49:06 +0000 2026,0,Blue streak,2033737362703061386,,,en,,0,0,0,https://x.com/undefined/status/2033737362703061386,540946040,
2033730341777580309,Tue Mar 17 02:49:05 +0000 2026,0,blue came on not ok,2033737355408916570,,redbuua,en,,0,0,0,https://x.com/undefined/status/2033737355408916570,1492493207950741507,
2033737348161135031,Tue Mar 17 02:49:03 +0000 2026,0,It s crazy but that regular dawn the blue kind is unbeatable,2033737348161135031,,,en,,0,0,0,https://x.com/undefined/status/2033737348161135031,414511192,
2033737339269189978,Tue Mar 17 02:49:01 +0000 2026,0,PHOTOCARD CARD TWS TRY WITH US SUMMER BEAT LAST BELL GENUINE OFFICIAL P500 https://t.co/gR3Saggwrm wts lfb ph ls sco shinyu dohoon youngjae hanjin jihoon kyungmin ld pob selca selfie poca pc photocard onhand sealed sparkling blue lucky our now last bell try boy https://t.co/fvhv5TMI9i,2033737339269189978,https://pbs.twimg.com/media/HDlJVUTWQAAj_Zs.jpg,,en,,0,0,0,https://x.com/undefined/status/2033737339269189978,1482548828721250304,
2033579360909742577,Tue Mar 17 02:49:01 +0000 2026,0,@ClarkTheilig @TheatreSpoonie @HansMahncke You're blue with colloidal silver aren't you,2033737338841346161,,ClarkTheilig,en,,0,0,0,https://x.com/undefined/status/2033737338841346161,1601633551157497857,
2033737334496125034,Tue Mar 17 02:49:00 +0000 2026,14,Blue Magic · JAY-Z · 2007 https://t.co/jdFP7O4DII,2033737334496125034,https://pbs.twimg.com/amplify_video_thumb/1918063884071538688/img/gmaUt5tQzOE5HSSz.jpg,,en,,0,0,4,https://x.com/undefined/status/2033737334496125034,501200428,
2033737333426819211,Tue Mar 17 02:48:59 +0000 2026,0,今週の連休は &lt;ひなフェス2026&gt;が開催されるよ 生配信を皆で観よう! ブログUP完了！ https://t.co/8jCwS045cH #ひなフェス #モーニング娘26 #鞘師里保 https://t.co/uCn4khlVQS,2033737333426819211,https://pbs.twimg.com/media/HDlJEWxbEAMGxhT.png,,ja,,0,0,0,https://x.com/undefined/status/2033737333426819211,1344797681995059200,
2033717748682150299,Tue Mar 17 02:48:58 +0000 2026,0,@justintylerLV her spot always had the baby blue continental GT.,2033737328896663702,,justintylerLV,en,,0,0,0,https://x.com/undefined/status/2033737328896663702,1757213289371607040,
2033683451237327046,Tue Mar 17 02:48:58 +0000 2026,0,@geovbanana blue,2033737328657674621,,geovbanana,en,,0,1,0,https://x.com/undefined/status/2033737328657674621,905094926345670656,
2033735535949451443,Tue Mar 17 02:48:57 +0000 2026,0,@BINI_TrendsTeam Blue for Jhoanna BINI WEVERSE TAKEOVER #BINIonWeverse #BINIWeverseFirstLIVE,2033737323603751043,,BINI_TrendsTeam,en,,0,0,0,https://x.com/undefined/status/2033737323603751043,1043631407900180480,
2033030096903352542,Tue Mar 17 02:48:57 +0000 2026,0,@Kristoph_Vals @MorosKostas Intra-nation invaders are an issue. There was a red shift during COVID but it was mostly economic a lot of those people will vote blue if things ever shift back to moderates or they fall for people like Walz etc. Colorado was reliably red for awhile but then Californians ,2033737321787314383,,Kristoph_Vals,en,,0,0,0,https://x.com/undefined/status/2033737321787314383,731307763612155904,
2031364482438496505,Tue Mar 17 02:48:57 +0000 2026,0,@MsAshBash420 Blue eyed brunettes are my weakness OMFG ,2033737321174933804,,MsAshBash420,en,,0,0,0,https://x.com/undefined/status/2033737321174933804,501408658,
2033576409872912653,Tue Mar 17 02:48:52 +0000 2026,0,@Movrnstar @eduardoithink PAINTING HOUSES ON THE RICH BLUE COASTTT,2033737303563374925,,Movrnstar,en,,0,0,0,https://x.com/undefined/status/2033737303563374925,2023242364437876736,
2033730706585657468,Tue Mar 17 02:48:51 +0000 2026,2,@MattTestifies The Mormon takeover and it s just people wearing blue Just Serve T-shirts providing food and clean-up and recovery aid after a devastating natural disaster.,2033737299423338596,,MattTestifies,en,,0,1,0,https://x.com/undefined/status/2033737299423338596,1964695755236773889,
2033674448092409950,Tue Mar 17 02:48:51 +0000 2026,3,@4nt1p4tt3rn couple weeks ago I was at the local Circle K and some old timer rolls in grabs a sixer of PBR asks for some Merit smokes and then quizzed the guy behind the counter on why they no longer carried Blue Rhino boner pills. Then asked him if he knew where he could score some.,2033737298786062553,,4nt1p4tt3rn,en,,0,0,0,https://x.com/undefined/status/2033737298786062553,189213655,
2033725037539152186,Tue Mar 17 02:48:51 +0000 2026,0,@fox28columbus No one wants to be police in a blue city. Why would they.,2033737297707897077,,fox28columbus,en,,0,0,0,https://x.com/undefined/status/2033737297707897077,2763745062,
2033641332254572701,Tue Mar 17 02:48:49 +0000 2026,1,@MysticalMe337 I d pick Storm Voodoo and Blue Marvel,2033737290090999969,,MysticalMe337,en,,0,0,0,https://x.com/undefined/status/2033737290090999969,549649147,
2033737289508258137,Tue Mar 17 02:48:49 +0000 2026,0,Blue Eyes (Remastered) https://t.co/CpU2PihFVd - @YouTube,2033737289508258137,,,en,,0,0,0,https://x.com/undefined/status/2033737289508258137,2027619185556324352,
2033559219874513200,Tue Mar 17 02:48:47 +0000 2026,0,@ubermenschRX @found_it_funny Guys were probably lined up waiting like she was bonny blue.,2033737281228427447,,ubermenschRX,en,,0,0,0,https://x.com/undefined/status/2033737281228427447,1853020398217998336,
2033733702891786393,Tue Mar 17 02:48:46 +0000 2026,0,@priyakuttytwtz Blue ,2033737277390958977,,priyakuttytwtz,en,,0,0,0,https://x.com/undefined/status/2033737277390958977,1786956607450136576,
2033737256322928759,Tue Mar 17 02:48:41 +0000 2026,0,PLISSSS.... ada yang tau cara ngatasinnya ga? akun utama guee https://t.co/iHSHzTb1sU,2033737256322928759,https://pbs.twimg.com/media/HDlJQdQbEAI6pKn.jpg,,in,,0,0,0,https://x.com/undefined/status/2033737256322928759,1902406815201280000,
2033737250224091255,Tue Mar 17 02:48:40 +0000 2026,6,Ça se resserre dans l Est! Inutile de dire que le match Bruins Canadiens de demain sera très important! Le CH affrontera également les Red Wings les Islanders et les Blue Jackets au cours des 10 prochains jours! #NHLBruins c. #GoHabsGo sur RDS https://t.co/pH7R9ikC2G,2033737250224091255,https://pbs.twimg.com/media/HDlJQAyXQAACX1F.jpg,,fr,,0,1,0,https://x.com/undefined/status/2033737250224091255,21818830,
2033715910947553585,Tue Mar 17 02:48:39 +0000 2026,0,@hochulmandered @CTDemocrat8 Maybe he loses primary I m just saying he will win the seat regardless if he has no actual scandals unless 1. There isn t a blue leaning year/wave. If there isn t and we see a reverse 2022 well he ll have his work cut out for him. Partisanship is just way too strong now,2033737247556542516,,hochulmandered,en,,0,0,0,https://x.com/undefined/status/2033737247556542516,315231590,
2033390364418257294,Tue Mar 17 02:48:39 +0000 2026,0,@wrixlecalm Ga bakal udah karena dia dapet engagements. Intinya di situ dia tau kalo bakal dirujak dia tau itu ga nyata tapi dia dapet engagements selama dapet dia ga masalah. Yuk biasakan ngeblock blue account ga jelas. Mass report kek sekalian biar seru.,2033737247376478545,,wrixlecalm,in,,0,0,0,https://x.com/undefined/status/2033737247376478545,1094988695885631490,
2033392411372585061,Tue Mar 17 02:48:38 +0000 2026,1,@annamlulis Nicole strolling down Melrose Ave in 1989 sucking on a popsicle with Flea and Anthony of the Red Hot Chili Peppers. Was she visiting her Aussie friend Olivia Newton John at her Koala Blue fashion store? Or is this Nicole s stunt double? https://t.co/bn2BcK6ind,2033737242326536320,,annamlulis,en,,0,0,0,https://x.com/undefined/status/2033737242326536320,30070631,
2033737242108166379,Tue Mar 17 02:48:38 +0000 2026,9,JUICE FEST Kick Butt Coffee Enfants (リハ) Dying Star HYS デッドエンド −MC- 天国に生まれた僕ら -トラブル ww- Drive Living Dead Kid Blue Play -MC- 星の下 Drive Living Dead https://t.co/4SF62ZLAzy,2033737242108166379,https://pbs.twimg.com/ext_tw_video_thumb/2033727831730200576/pu/img/eAfm8YOymRGh1fwL.jpg,,ja,,0,0,3,https://x.com/undefined/status/2033737242108166379,1368772278746370048,
2033737235124642117,Tue Mar 17 02:48:36 +0000 2026,0,𝐀𝐯𝐚𝐢𝐥𝐚𝐛𝐥𝐞 𝐍𝐨𝐰: 𝐃𝐕𝐃 𝟒 𝐒𝐄 𝐁𝐥𝐮𝐞 𝐒𝐮𝐫𝐠𝐞 &amp; 𝐀𝐟𝐭𝐞𝐫𝐠𝐥𝐨𝐰 &amp; 𝐌𝐨𝐣𝐢𝐭𝐨 ️ https://t.co/b0HNWFzS3f,2033737235124642117,https://pbs.twimg.com/media/HDlJOCxbEAEDIe9.jpg,,en,,0,0,0,https://x.com/undefined/status/2033737235124642117,1895316312437510144,
2033688112057246065,Tue Mar 17 02:48:33 +0000 2026,7,@SLHSGators_GBB @ADTerrySLake @coloradopreps @CHSLadyrebels @JeffcoDAD_PS @GoldCrownCO @JohnRenfrow BASKETBALL 9th annual Jeffco HS Senior Games FINAL Blue 100 White 97 Video: Great finish in tight game. MVPs: @zekeandrews0 (Ralston Valley) &amp; @cashboykin08 (Columbine) Stories from both girls &amp; boys games later on @coloradopreps. #copreps https://t.co/SRECiJ5u8F,2033737223204671691,https://pbs.twimg.com/amplify_video_thumb/2033736910146048002/img/MVOXYGeVWNArXeOp.jpg,JeffcoAthletics,en,,0,0,4,https://x.com/undefined/status/2033737223204671691,738474511721324545,
2033617819837858057,Tue Mar 17 02:48:31 +0000 2026,1,@ZLiou @WookiVision @tedcruz It was like a Hallmark or Lifetime Channel movie-of-the-week. Just like this year s Song Sung Blue. Not Oscar calibre.,2033737214476030244,,ZLiou,en,,0,0,0,https://x.com/undefined/status/2033737214476030244,59585072,
2033432928429244534,Tue Mar 17 02:48:30 +0000 2026,0,@Amelia558rs Middle blue,2033737211007668264,,Amelia558rs,en,,0,0,0,https://x.com/undefined/status/2033737211007668264,1587882117739859968,
2033737191319363694,Tue Mar 17 02:48:26 +0000 2026,0,I m one episode into Blue Sunday and this has go to be the UK version of COINTELPRO cuz ain t no way. Pretending to go to work for 2 months and still balling out on the daily is INSANE ,2033737191319363694,,,en,,0,0,0,https://x.com/undefined/status/2033737191319363694,18070838,
2032616065616752714,Tue Mar 17 02:48:25 +0000 2026,0,@donna_klem @seanhannity How can a police officer who swears to serve &amp; protect be a police officer in NYC or any blue State?,2033737189952041155,,donna_klem,en,,0,0,0,https://x.com/undefined/status/2033737189952041155,1710413586391060480,
2033729014263943251,Tue Mar 17 02:48:22 +0000 2026,0,@Bucketscentral1 @LegionHoops Blue check mark make mfs believe anything ,2033737175645163904,,Bucketscentral1,en,,0,1,0,https://x.com/undefined/status/2033737175645163904,483272555,
2033724061839188007,Tue Mar 17 02:48:11 +0000 2026,1,@vampireallegory Is the sky blue,2033737130523168815,,vampireallegory,en,,0,0,0,https://x.com/undefined/status/2033737130523168815,1934730212555755520,
2033668125384695998,Tue Mar 17 02:48:09 +0000 2026,0,@SenSchumer You live in a blue state. No changes here in my nice red state.,2033737120733360470,,SenSchumer,en,,0,0,0,https://x.com/undefined/status/2033737120733360470,1602265132461064192,
2033648121557721250,Tue Mar 17 02:48:01 +0000 2026,0,@AlisonMoyet Talk to the technology experts and to the AIs. You are dead right; there will be no jobs. Essential technical services will need some not many blue collars. White collars including the very highly qualified will be on what's left of the dole. Wipeout.,2033737086516535530,,AlisonMoyet,en,,0,0,0,https://x.com/undefined/status/2033737086516535530,1501751382336217089,
2033737084096356727,Tue Mar 17 02:48:00 +0000 2026,1,In The Pocket with Dennis Chambers &amp; Gary Grainger Blue Matter https://t.co/j06BhCQ6Fw,2033737084096356727,,,en,,0,0,0,https://x.com/undefined/status/2033737084096356727,1614707174,
2033737078186360967,Tue Mar 17 02:47:59 +0000 2026,0,Fraud is a nationwide epidemic particularly in blue states! You have your work cut out for you @VP,2033737078186360967,,,en,,0,0,0,https://x.com/undefined/status/2033737078186360967,698648033219760128,
2033737072947933264,Tue Mar 17 02:47:57 +0000 2026,20,Today's quick update [Mar 16]: - RSF regain control of Bara N. Kordofan (red). - RSF briefly take control of Tina N. Darfur (blue); pushed out by Joint Forces. - RSF gain control of Karnoi N. Darfur. - RSF/SPLM-N (Alhilu) attack on Dilling S. Kordofan. #KeepEyesOnSudan https://t.co/LfO2RummmW,2033737072947933264,https://pbs.twimg.com/media/HDlJDaZbEAc8BSJ.jpg,,en,,0,0,14,https://x.com/undefined/status/2033737072947933264,256920152,
2033727456620785925,Tue Mar 17 02:47:57 +0000 2026,0,@ArielEpstein Blue collar &gt; white collar,2033737069491523666,,ArielEpstein,en,,0,0,0,https://x.com/undefined/status/2033737069491523666,24105698,
2033587960243740716,Tue Mar 17 02:47:57 +0000 2026,0,@FloridaPattyR @4thOfJuly365 The ocean can change color every day you ever been to the ocean ? That s where we stay at Daytona just north of the pier the boardwalk and surrounding area are going to hell with all this BS. Also it s actually windy season in Florida now so no blue cabanas lol,2033737069470564469,,FloridaPattyR,en,,0,0,0,https://x.com/undefined/status/2033737069470564469,791596393,
2033737060922650913,Tue Mar 17 02:47:54 +0000 2026,0,Stevetendo has a fresh stream line-up for this week starting with #PokomonPokopia which he's playing now! The puzzle game Blue Prince will make him ponder HARD on Tuesday. And you can tune in for terror while he plays #ResidentEvilRequiem this Wednesday @ 8pm ET on Twitch https://t.co/UyFuin7qQG,2033737060922650913,https://pbs.twimg.com/amplify_video_thumb/2033735623593336832/img/8USGFKUi7KnBThO4.jpg,,en,,0,1,0,https://x.com/undefined/status/2033737060922650913,11999782,
2033737051716096189,Tue Mar 17 02:47:52 +0000 2026,0,vcs vao pro blue?,2033737051716096189,,,pt,,0,0,0,https://x.com/undefined/status/2033737051716096189,1866621787208855552,
2033737049652781162,Tue Mar 17 02:47:52 +0000 2026,0,Am live :3 Gonna be drinking and gaming starting with League may or may not swap to a different game! Open lobies for mutuals/friends https://t.co/PnR9hoPWW6,2033737049652781162,,,en,,0,0,0,https://x.com/undefined/status/2033737049652781162,755192528689782784,
2014599476275531895,Tue Mar 17 02:47:49 +0000 2026,0,Map of the Soul: 7 ~ The Journey ~ (12.12.2025 - 1.18.2026) : So 4 More : So 4 More : Team Mission ️: Trade : Heardle : Trade : Blue &amp; Grey 7⃣: Daily Mission https://t.co/V6svQ25HKF,2033737038856331551,https://pbs.twimg.com/media/HDlJDULWUAA0tD8.jpg,Sylvester0_0Vi,en,,0,0,0,https://x.com/undefined/status/2033737038856331551,1140763295877619713,
2033733833518895433,Tue Mar 17 02:47:49 +0000 2026,5,@sierra_zul88826 Um...no....we are all voting blue to rape the GOP,2033737036633608484,,sierra_zul88826,en,,0,1,1,https://x.com/undefined/status/2033737036633608484,1991681175979724800,
2033725004102377915,Tue Mar 17 02:47:47 +0000 2026,1,@magamuss @Pirat_Nation Well I suppose we can sit back and watch these studios go up in flames as title after title fails and semi-indy titles like Clair Obscur rise to replace them. I mean that's the market is it not? Tumblrista blue hairs aren't known for buying your $120 Collector's Editions.,2033737027989213661,,magamuss,en,,0,1,0,https://x.com/undefined/status/2033737027989213661,544754107,
2033737027683029089,Tue Mar 17 02:47:47 +0000 2026,0,2025 you shoved me down many times but I got up - The beginning of 2025 was really hard. It was full of emotions both good and bad. My lips started turning blue &amp; I began fainting which was terrifying &amp; confusing. Around the same time I got a nerve... https://t.co/fDpNc3fhnp,2033737027683029089,https://pbs.twimg.com/media/HDlJAp8bEAMQz-z.jpg,,en,,0,0,0,https://x.com/undefined/status/2033737027683029089,2021824082237661184,
2033735161657819296,Tue Mar 17 02:47:45 +0000 2026,0,@shu_b0x The math be mathing 50percent of a possible thousand or so is better then getting hooked and getting 0 percent ...2+2 is 4 the sky is blue grass is green I mean profit will always beat possible what if,2033737023052275800,,shu_b0x,en,,0,0,0,https://x.com/undefined/status/2033737023052275800,1485061032552841220,
2033737019612885295,Tue Mar 17 02:47:45 +0000 2026,4,there is a part of me that thinks clavicular and bonnie blue are some of the smartest people on the internet right now,2033737019612885295,,,en,,0,1,0,https://x.com/undefined/status/2033737019612885295,1163970892889636864,
2033737018904117388,Tue Mar 17 02:47:44 +0000 2026,0,I think I want to drop a Canva templates for the pink airline baby shower &amp; this blue baby shower I just seen today . Only bc I ve noticed people charging 8-10K for work they can t even design foreal . AI will only take you so far . Get in the field &amp; design it FOREAL,2033737018904117388,,,en,,0,0,0,https://x.com/undefined/status/2033737018904117388,1617611732804898822,
2033737018149134491,Tue Mar 17 02:47:44 +0000 2026,0,The penetration of blue-green light in the ocean allowed life there to proliferate and oxygenate the atmosphere. Our current atmosphere contains Nitrogen: 78% Oxygen: 21% Argon: &lt;1% Water Vapor: &lt;&lt;1% - 4% CO2: 0.043%. If Oxygen levels were higher say 24% wildfire would,2033737018149134491,,,en,,0,0,0,https://x.com/undefined/status/2033737018149134491,1730570472452972544,
2033730636712972334,Tue Mar 17 02:47:43 +0000 2026,3,@elonmusk Non profit scam at the taxpayers expense. Every blue cities like this summer are worse than others.,2033737013221069164,,elonmusk,en,,0,0,1,https://x.com/undefined/status/2033737013221069164,1473048836390195214,
2033550856059260931,Tue Mar 17 02:47:16 +0000 2026,0,@MegalodonVT Math is Blue English is Orange History is Yellow Science is Green It's pretty obvious,2033736901577085163,,MegalodonVT,en,,0,0,0,https://x.com/undefined/status/2033736901577085163,1234616482358841348,
2033432928429244534,Tue Mar 17 02:47:13 +0000 2026,1,@Amelia558rs she looks beautiful in all three but number two the blue one brings out her sexiness ,2033736888217952716,,Amelia558rs,en,,0,0,0,https://x.com/undefined/status/2033736888217952716,201402109,
2033736881435766913,Tue Mar 17 02:47:12 +0000 2026,0,this is spockbaiting! everytime i see the hair and brow and blue i get so exited and then BOOM gnf wearing sans jacket https://t.co/cdTcPuRmCW,2033736881435766913,https://pbs.twimg.com/media/HDlI6lpXYAAHGL7.jpg,,en,,0,0,0,https://x.com/undefined/status/2033736881435766913,1568015457440997376,
2033736838498975846,Tue Mar 17 02:47:01 +0000 2026,0,Is that her self insert for Fluffy Across The Blue https://t.co/3EXDiBfwTa,2033736838498975846,https://pbs.twimg.com/media/HDlI4HDbEAMQ7Lw.jpg,,en,,0,0,0,https://x.com/undefined/status/2033736838498975846,942048516955713537,
2033736825240527103,Tue Mar 17 02:46:58 +0000 2026,0,tchau galera foi bom enquanto durou ano que vem eu volto tá... até lá blue sky,2033736825240527103,,,pt,,0,0,0,https://x.com/undefined/status/2033736825240527103,1615853552076820480,
2033736823227162833,Tue Mar 17 02:46:58 +0000 2026,1,Lavender mist Sky blue Soft beige Mint green Peach sunset Cream white Almost everything,2033736823227162833,,,en,,0,0,0,https://x.com/undefined/status/2033736823227162833,1403127263797944325,
2033659904402055653,Tue Mar 17 02:46:58 +0000 2026,1,@cabethy @ASeaOfBlue No you are not the only one. I think it was more appealing when it was Club Blue,2033736822635839980,,cabethy,en,,0,1,0,https://x.com/undefined/status/2033736822635839980,870860456411484160,
2033626361135325212,Tue Mar 17 02:46:55 +0000 2026,0,@sosomenhera it s an nso cosplay don t interact with nso content if you aren t comfortable with that stuff?? i mean you re basically begging to see it by that point. kangel literally forces us to cut her wrists in game for her so genuinely it s not something that s out of the blue ,2033736809566597356,,sosomenhera,en,,0,0,0,https://x.com/undefined/status/2033736809566597356,1989861209223696384,
2033717853279457388,Tue Mar 17 02:46:54 +0000 2026,1,@carrieunderwood @AmericanIdol @ABCNetwork @carrieunderwood You star Diaz a Fan from a tiny village out of NY Proud Veteran I know you rep Red White &amp; Blue TY! https://t.co/7mI9b4kAwY,2033736809012736049,https://pbs.twimg.com/media/HDlIrLZXgAAiQqI.jpg,carrieunderwood,en,,0,0,1,https://x.com/undefined/status/2033736809012736049,132023155,
2033736807641452677,Tue Mar 17 02:46:54 +0000 2026,0,The blue is bh Kit and the gray is Ed because Kit is really really bad at planning https://t.co/yRroIHvO7J,2033736807641452677,https://pbs.twimg.com/media/HDlIvYOXYAA0lSE.jpg,,en,,0,0,0,https://x.com/undefined/status/2033736807641452677,1408601484581904390,
2033736804222857720,Tue Mar 17 02:46:53 +0000 2026,0,この蓋碗、女性でも使いやすいスリムボディだって！羨ましい〜 【美品】加藤かずみ 中国茶器蓋碗 お皿セット Blue shell https://t.co/pMEZmPI2S1,2033736804222857720,,,ja,,0,0,0,https://x.com/undefined/status/2033736804222857720,1961892641056104448,
2033736803069337762,Tue Mar 17 02:46:53 +0000 2026,0,Connections Been a while since I saw 1 of Blue with that forgotten all about them as less common. Puzzle #1010 ,2033736803069337762,,,en,,0,0,0,https://x.com/undefined/status/2033736803069337762,2166467831,
2033735535949451443,Tue Mar 17 02:46:51 +0000 2026,0,@BINI_TrendsTeam Blue for Jhoanna BINI WEVERSE TAKEOVER #BINIonWeverse #BINIWeverseFirstLIVE,2033736795595411559,,BINI_TrendsTeam,en,,0,0,0,https://x.com/undefined/status/2033736795595411559,1710210058985111552,
2033681871557824740,Tue Mar 17 02:46:51 +0000 2026,0,@elonmusk You could set aside a legal defense fund for people that worked in this administration. If the senate and house go blue the lawfare is going to be a nightmare,2033736794877923419,,elonmusk,en,,0,0,1,https://x.com/undefined/status/2033736794877923419,1681459143696162816,
2033736783620690222,Tue Mar 17 02:46:48 +0000 2026,2,nu meron bakit bunot nyo si coach ramil after the round 1 sweep? mula sa hindi pag banggit sa lahat ng magagaling na rookies hanggang sa pag decode nya sa system ng opponents pati blue chip recruits at eme emeng pag kuha ng player sa pro hahahaha any any nalang talaga mga che??,2033736783620690222,,,tl,,0,0,1,https://x.com/undefined/status/2033736783620690222,1629782036084039680,
2033607748362113394,Tue Mar 17 02:46:46 +0000 2026,1,@tamizh_tamizh For that old blue bird,2033736773189439694,,tamizh_tamizh,en,,0,1,0,https://x.com/undefined/status/2033736773189439694,1433799906624356358,
2033736772362924181,Tue Mar 17 02:46:46 +0000 2026,0,When you're blue I'm red I wanna kiss your neck and make you purple all over,2033736772362924181,,,en,,0,0,0,https://x.com/undefined/status/2033736772362924181,1347007467289509891,
2033717273043591657,Tue Mar 17 02:46:45 +0000 2026,24,Pessoal sei que essa regra vai valer para todas as redes sociais... Quis dizer no sentido de receio em colocar meus dados aqui ocorrem tantos vazamentos com pouca informação imagina agora com tudo pronto na mesa ? Sei que todas estão sujeitos a isso mas vejo o blue tão leve..,2033736767820403184,,Gusstaxt,pt,,0,3,2,https://x.com/undefined/status/2033736767820403184,1886430045247537152,
2032748523872203041,Tue Mar 17 02:46:43 +0000 2026,0,@Donalds25647148 @grtdane @TruthFairy131 Try watching 100 people line up rent a two bedroom unit only to be knocked back again and again even with a perfect record Try speaking to your local MP who swears black and blue that mass immigration isn t impacting housing or services https://t.co/cgmFSP71GI,2033736761076310170,https://pbs.twimg.com/media/HDlIzevbEAAVB89.jpg,wiltdnecromancr,en,,0,0,0,https://x.com/undefined/status/2033736761076310170,1716426916889268224,
2033725494852784212,Tue Mar 17 02:46:41 +0000 2026,0,@just_lacross @NIKKE_en True true I only said Helm because she had Blue Hair honestly I would prefer others It just feels like her Squad just keeps being pushed more then others but also the Collab was nice and EH was great I just feel like Arcana is boring,2033736750821216313,,just_lacross,en,,0,0,0,https://x.com/undefined/status/2033736750821216313,1093189747,
2033723256860250394,Tue Mar 17 02:46:34 +0000 2026,1,@kkokkoma_mujoy patch designed for blue rank,2033736724682076230,,kkokkoma_mujoy,en,,0,0,0,https://x.com/undefined/status/2033736724682076230,1814942447895764992,
2033736724182860247,Tue Mar 17 02:46:34 +0000 2026,1,https://t.co/23Mx3nIBGa Para concluir el vídeo temático de Nightmare Gesse contra el roster de personajes les comparto la parte final. Muchas gracias por el apoyo y difusión. A esperar a la salida de Blue Mary. @SNKPofficial,2033736724182860247,,,es,,0,0,0,https://x.com/undefined/status/2033736724182860247,1275903355160678400,
2033554964069441547,Tue Mar 17 02:46:34 +0000 2026,0,@JayGenXer What a load of Bull shit. 🇺🇸 propaganda. predictable performative wedge politics. Religions/faith/income/skin color/age/homeownership/Gen x etc. /gun ownership/drugs/alcohol/drugs / politics/infrastructure/government aid/red versus blue/taxpayers/renters/ abortion/families/,2033736723260154104,,JayGenXer,en,,0,0,0,https://x.com/undefined/status/2033736723260154104,1420748467631124497,
2033736713181249874,Tue Mar 17 02:46:32 +0000 2026,1,(DRAGON BALL LEGENDS) ZENKAI VEGITO BLUE IS BACK IN Z TIER! VEGITO STILL... https://t.co/jSrABu9wTS via @YouTube https://t.co/gTHpS7pg34,2033736713181249874,https://pbs.twimg.com/media/HDlIwoIW0AAx54T.jpg,,en,,0,0,0,https://x.com/undefined/status/2033736713181249874,1981195151801536514,
2033560728372928699,Tue Mar 17 02:46:31 +0000 2026,0,@grok @dr_nuwa @KantInEastt @grok is the paywall applied to every question from non-Blue Checks or just questions you don't want to answer?,2033736710757011508,,grok,en,,0,1,0,https://x.com/undefined/status/2033736710757011508,1467116989873283076,
2033731587582333081,Tue Mar 17 02:46:29 +0000 2026,1,@GILMERO_ It's cuz of Blue ‍↕️ he sent me a lil recipe and let me go at it. He's reallll helpful ain't he?,2033736704167755931,,GILMERO_,en,,0,1,0,https://x.com/undefined/status/2033736704167755931,2026128844873416704,
2033432928429244534,Tue Mar 17 02:46:28 +0000 2026,1,@Amelia558rs I like the blue one,2033736700095283442,,Amelia558rs,en,,0,0,0,https://x.com/undefined/status/2033736700095283442,1488182699420368898,
2033731927208054795,Tue Mar 17 02:46:28 +0000 2026,1,@thefrontlobe no yeah definitely Dont even if ur coming to massachusetts most blue state ever. Its bad,2033736699340095712,,thefrontlobe,en,,0,1,0,https://x.com/undefined/status/2033736699340095712,1555952032149798914,
2033736693350793408,Tue Mar 17 02:46:27 +0000 2026,4,I deserve to love Bettel STREAM COLD BLUE https://t.co/CNgsZ7h4MX https://t.co/Ks5p8yUKM6,2033736693350793408,https://pbs.twimg.com/media/HDlIvtBbEAAckQE.jpg,,en,,0,0,0,https://x.com/undefined/status/2033736693350793408,1702444337983029248,
2033289720675901692,Tue Mar 17 02:46:25 +0000 2026,1,@sakatomo419 @_LK_00_ Nonstop until she blue-screens,2033736684773278008,,sakatomo419,en,,0,0,0,https://x.com/undefined/status/2033736684773278008,1260248894916657152,
2033173872166723682,Tue Mar 17 02:46:24 +0000 2026,0,@dondraperssoul @WB_PersonalAcct Prove the claim : Cite actual facts that my blue hive mind delusion will never allow me to even consider.,2033736681522884680,,dondraperssoul,en,,0,1,0,https://x.com/undefined/status/2033736681522884680,27754877,
2033736679622889647,Tue Mar 17 02:46:24 +0000 2026,2,Unified GDK 1.Left Xbox Icon represent Console+OEM+Cloud 2.XSX ready XSX has 80% of UDNA core feat SFS Workgraph rans Bcpack for bcn Move engine you wont see X1X icon i said UDNA to XSX is a breeze but PS5pro 0% UDNA feat that will bring Pain to Sony PS6 SDK . https://t.co/Ueo413cw03,2033736679622889647,https://pbs.twimg.com/media/HDlIq2abEAEGEl3.jpg,,en,,1,0,0,https://x.com/undefined/status/2033736679622889647,1501874918,
2033736677450256474,Tue Mar 17 02:46:23 +0000 2026,1, Does anyone notice that the sky is just less blue these days type beat,2033736677450256474,,,en,,0,0,0,https://x.com/undefined/status/2033736677450256474,1838482242563379204,
2032921712723906596,Tue Mar 17 02:46:21 +0000 2026,0,@JuliusElum Hello Blue tick user and connecting with everyone!,2033736669501829369,,JuliusElum,en,,0,0,0,https://x.com/undefined/status/2033736669501829369,1756241372669935616,
2033706796418740565,Tue Mar 17 02:46:21 +0000 2026,0,@BurtMacklin_FBI Ok granted but then holy shit what does that make the blue butterfly place?,2033736667434238088,,BurtMacklin_FBI,en,,0,0,0,https://x.com/undefined/status/2033736667434238088,250160119,
2033736661704839580,Tue Mar 17 02:46:19 +0000 2026,2,growing pains on our way glass half empty main attraction enemies with benefits sorry to myself baby blue before you met me +) sun stay aria out heal https://t.co/vtingQjK9w,2033736661704839580,https://pbs.twimg.com/media/HDlIs5_bEAMQ74q.jpg,,en,,0,0,1,https://x.com/undefined/status/2033736661704839580,1460494516981747712,
2033736659876098164,Tue Mar 17 02:46:19 +0000 2026,0,NiziU くじ 交換 譲▶︎D リオ 求▶︎同種 ニナ 交換していただける方お声がけください‍️ #NiziU #NiziU交換 #NiziU_交換 https://t.co/IKeVANiHCz,2033736659876098164,https://pbs.twimg.com/media/HDlItoBagAA1dhK.jpg,,ja,,0,0,0,https://x.com/undefined/status/2033736659876098164,2033448194764595200,
2033736657598345599,Tue Mar 17 02:46:18 +0000 2026,4,rotating sandbags but he is the perma sandbag. I kid you not this man had a clean run in m6s with no damage downs or deaths just to get a blue. so if u ever want to run a fight that requires a sandbag bring this striking dummy TODAY!,2033736657598345599,,,en,,0,2,1,https://x.com/undefined/status/2033736657598345599,1568673560591220742,
2033736657166315917,Tue Mar 17 02:46:18 +0000 2026,2,My heart belongs to the color blue forever.,2033736657166315917,,,en,,0,0,0,https://x.com/undefined/status/2033736657166315917,1563284965755744256,
2033579163974541352,Tue Mar 17 02:46:17 +0000 2026,0,@_belikebaddy SAmen here.... Blue Story ,2033736650535096831,,_belikebaddy,en,,0,0,0,https://x.com/undefined/status/2033736650535096831,1560219557033279494,
2033736632126374190,Tue Mar 17 02:46:12 +0000 2026,0, damn blue https://t.co/pEpjL4slQs,2033736632126374190,https://pbs.twimg.com/media/HDlIrzhaoAAOrgy.jpg,,en,,0,0,0,https://x.com/undefined/status/2033736632126374190,1169026161688698880,
2033554263545106721,Tue Mar 17 02:46:12 +0000 2026,3,@tboydirtbag Beautiful and blue https://t.co/MfO9xtEUnZ,2033736631895675090,https://pbs.twimg.com/media/HDlIsAfXcAAKlMs.jpg,tboydirtbag,en,,0,0,0,https://x.com/undefined/status/2033736631895675090,1327086299606609920,
2033736626648580602,Tue Mar 17 02:46:11 +0000 2026,5,Dopo goes into the blue liquid and turns blue https://t.co/LxFpU8BTtK,2033736626648580602,https://pbs.twimg.com/amplify_video_thumb/2033736550081593344/img/ldHF7Q0HdI90E5_x.jpg,,en,,1,1,0,https://x.com/undefined/status/2033736626648580602,2016972463733690368,
2033618364493447303,Tue Mar 17 02:46:11 +0000 2026,0,@acrossthemersey no more hims and blue chews,2033736625914593731,,acrossthemersey,en,,0,0,0,https://x.com/undefined/status/2033736625914593731,1206822067678658560,
2033192015203373501,Tue Mar 17 02:46:08 +0000 2026,0,@amouroie @laxctte Mommy i want too yang blue mmy,2033736613931724988,,amouroie,en,,0,0,0,https://x.com/undefined/status/2033736613931724988,794396512818077696,
2033736604674666839,Tue Mar 17 02:46:06 +0000 2026,0,like mine gets very strong if i look at a like. bright blue sky. it will look like strong shifting round patterns of static which can be a bit disorienting and headache inducing too,2033736606327157225,,intrnetsyndrome,en,,0,0,0,https://x.com/undefined/status/2033736606327157225,1704664370737725440,
2033700088590062003,Tue Mar 17 02:46:05 +0000 2026,0,@CAZM023 @BernieSanders @AOC @KatAbughazaleh Jasmine Crockett also supported it in her Texas senate bid What possible excuse is there for Kat not to after a decade of discussion of it in a deep deep blue districts primary running as the lefty candidate? She s a DSA member!,2033736603575959702,,2858292747A,en,,0,0,0,https://x.com/undefined/status/2033736603575959702,1675184562065010689,
2033736588203855899,Tue Mar 17 02:46:02 +0000 2026,0,if you see this do it !! nickname: mari/amz prns: she/her height: 175cm sexuality: bi smokes: ️ piercings: 2 (2 more this month yay) tattoos : no fav color: green pink blue red fav drink: matcha water sodaaa fav food: pasta tiramisu fav animal: deer CATS otter,2033736588203855899,,,en,,0,3,0,https://x.com/undefined/status/2033736588203855899,2007685886767706113,
2033728279354425593,Tue Mar 17 02:46:02 +0000 2026,1,@louhazlarry28 @kiwii2891 Do any of you remember THE SONGS LAUV SANG?! And the freaking blue and green lights?!,2033736587561914451,,louhazlarry28,en,,0,1,0,https://x.com/undefined/status/2033736587561914451,1903159787556151296,
2033736587130114272,Tue Mar 17 02:46:02 +0000 2026,1,Celebrating Women's History Month with some good ol' Lifeline (PS2) speedruns in 15 minutes! The Blue Dog's also fundraising for @1000dreamsfund's scholarship which supports women in gaming and broadcasting! Come hang out for a good cause! https://t.co/Nz97UA2fEL,2033736587130114272,https://pbs.twimg.com/tweet_video_thumb/HDlIpFiacAAjQuK.jpg,,en,,0,0,1,https://x.com/undefined/status/2033736587130114272,1550723469867814913,
2033736584588095690,Tue Mar 17 02:46:01 +0000 2026,0,[ ONHAND ] ATEEZ GOLDEN HOUR PART 2 LEMON DROP SEALED ALBUM PLATFORM POCA DIGIPAK FIRST PRESS P160 https://t.co/FnEA22Cu1Q wts lfb ph ls sco wooyoung san jongho seonghwa mingi yunho yeosang selfie pc photocard golden blue hour diary onhand sealed ghp1 atz ghp2 ghp3 https://t.co/uhuY7xO5NZ,2033736584588095690,https://pbs.twimg.com/media/HDlIpY_XkAEX5RK.jpg,,en,,0,0,0,https://x.com/undefined/status/2033736584588095690,1642036726549061632,
2033728700177649833,Tue Mar 17 02:46:01 +0000 2026,1,@azozplatform2 Vampire Survivors Risk of the rain Enter the gungean Hades Dead cells Balatro The binding of isaac Inscryption Blue prince,2033736584521023735,,azozplatform2,en,,0,0,0,https://x.com/undefined/status/2033736584521023735,1714017275353735169,
2033736574614310986,Tue Mar 17 02:45:59 +0000 2026,1,one is green the other is blue he really is heterophobic,2033736574614310986,,,en,,0,0,0,https://x.com/undefined/status/2033736574614310986,1769111742301581312,
2033733327635579136,Tue Mar 17 02:45:57 +0000 2026,1,@BoilerMuse IU has lost their Blue Blood status they held for at least two decades. Yes you can fall from grace. However as much as it hurts me to say it you have to win a Natty to be a blue blood. We ve had several teams close but we have to win one.,2033736567865344330,,BoilerMuse,en,,0,0,0,https://x.com/undefined/status/2033736567865344330,1262912784079171585,
2033735583504138622,Tue Mar 17 02:45:56 +0000 2026,0,@melancorita Vou ser o primeiro a comentar no primeiro post da maria rita do blue sky,2033736565894078614,,melancorita,pt,,0,1,0,https://x.com/undefined/status/2033736565894078614,1982535326896979968,
2033736539864502639,Tue Mar 17 02:45:50 +0000 2026,3,昨日はえぐ姉にオリマー練付き合ってもらった！！ ミランダフラワーでblue jeans古いスニーカーが通じたのは貴方だけです https://t.co/gtTvaA7rpg,2033736539864502639,https://pbs.twimg.com/media/HDlImmQa4AANYnn.jpg,,ja,,0,0,0,https://x.com/undefined/status/2033736539864502639,1998358426922221568,
2028151759940588016,Tue Mar 17 02:45:48 +0000 2026,0,@bjork BJORKED HER MIRAGE THE CORNU COPIA CLONE COPY MEANS YOUR NEW BODIESCLONE IS NOT FAITHFUL TO YOUR CORNEY SWEET MEN ROSALIA SHE IS A RED MIXER ON DOMINIC BJORK SHE IS BLUE MIXER ON SCANDIC PPL THATS ALL ONCE A BLUE MOONER FOR SCANDICC ONCE A VOLCANO RED FIRE FOR DOMINICS AFRIKKANS,2033736531496808859,,bjork,en,,0,0,0,https://x.com/undefined/status/2033736531496808859,1714168222487044096,
2033703981227381193,Tue Mar 17 02:45:46 +0000 2026,0,@FounderGiveaway To many pics to post 140 All trophies 3x (PS4 NA EU PS5) Collection book is 340+ Storm shield is done for everything but TP (max 25) All msk weapons 144 All load out max 5 blue (except ninja working on it!),2033736520729796637,,FounderGiveaway,en,,0,2,0,https://x.com/undefined/status/2033736520729796637,4215134429,
2033736516871328193,Tue Mar 17 02:45:45 +0000 2026,3,And when you're blue I'm red I wanna kiss your neck and make it purple all over,2033736516871328193,,,en,,0,0,0,https://x.com/undefined/status/2033736516871328193,1940299851582894080,
2033649062075859143,Tue Mar 17 02:45:45 +0000 2026,0,@GregAbbott_TX There are few blue states that tie REAL/Enhanced ID with Citizenship. Why doesn't TX do that ?,2033736516137083087,,GregAbbott_TX,en,,0,0,0,https://x.com/undefined/status/2033736516137083087,71696526,
2033550856059260931,Tue Mar 17 02:45:42 +0000 2026,0,@MegalodonVT Science green. English yellow. History/geography was blue.,2033736506649530409,,MegalodonVT,en,,0,0,0,https://x.com/undefined/status/2033736506649530409,2206644308,
2033683081660444999,Tue Mar 17 02:45:42 +0000 2026,0,@RamsUp_Ian @ZachCohenFB It s better if it s blue,2033736506003636564,,RamsUp_Ian,en,,0,0,0,https://x.com/undefined/status/2033736506003636564,1353139444946264068,
2032811074379260120,Tue Mar 17 02:45:39 +0000 2026,0,@lisa__in You look cute in this one ...love the powder blue!,2033736490715332741,,lisa__in,en,,0,0,0,https://x.com/undefined/status/2033736490715332741,1014992994267795462,
2033736478014992595,Tue Mar 17 02:45:36 +0000 2026,0,NEWS:¡Nuevo producto en nuestra tienda! *Blue Hearts Skater Dress* Precio: $50.95 Compra ahora: https://t.co/gIWo6DnbRd,2033736478014992595,,,es,,0,0,0,https://x.com/undefined/status/2033736478014992595,1921203301174964224,
2033723658737225732,Tue Mar 17 02:45:34 +0000 2026,0,@beebadoobiii Blue Hope by Xerjoff is my all time favorite,2033736472390500515,,beebadoobiii,en,,0,0,0,https://x.com/undefined/status/2033736472390500515,864690907383312384,
2033446196467904909,Tue Mar 17 02:45:33 +0000 2026,0,@1harrismadeit I no get blue batch Buh still GODISHERE ,2033736469131509894,,1harrismadeit,en,,0,0,0,https://x.com/undefined/status/2033736469131509894,1839069034056167424,
2033736457823625412,Tue Mar 17 02:45:31 +0000 2026,0,negs. presents 「HOT de GOOD fest. 2026」 3/29 Nagoya COMTEC PORTBASE 譲：A15番 連番2枚 お譲り先を探しています。 ご希望の方はDMお願いします。 Alstake / KALMA / Bye-Bye-Handの方程式 / Blue Mash / bokula. / Maki / moon drop / ヤングスキニーmost.,2033736457823625412,,,ja,,0,0,0,https://x.com/undefined/status/2033736457823625412,1792945860801605633,
2033696398621765924,Tue Mar 17 02:45:30 +0000 2026,0,@KeruboSk Rule of thumb: White collar workers shower in the morning blue collar after work.,2033736455357603968,,KeruboSk,en,,0,0,0,https://x.com/undefined/status/2033736455357603968,2001479643212468224,
2033736444179599664,Tue Mar 17 02:45:27 +0000 2026,11,As part of the government's ongoing strategy to harness the Blue Economy Kenya Shipyards Limited has commenced construction of a 29-metre shallow-draft ferry at the Kisumu Shipyard. The vessel will be the first public ferry operated by Kenya Ports Authority on Lake Victoria. https://t.co/n1Mt7cpsIk,2033736444179599664,https://pbs.twimg.com/media/HDk9kOxXQAAYFYl.jpg,,en,,1,2,5,https://x.com/undefined/status/2033736444179599664,400899724,
2033732334986658141,Tue Mar 17 02:45:27 +0000 2026,0,@simoneashwinis And the sky is blue,2033736443978527209,,simoneashwinis,en,,0,0,0,https://x.com/undefined/status/2033736443978527209,1524491429254340608,
2033483559063699792,Tue Mar 17 02:45:26 +0000 2026,0,@xtctch @743Dharper Chelsea had world class defenders CFC LDN blue cowboys want 17 year olds,2033736439066697989,,xtctch,en,,0,0,0,https://x.com/undefined/status/2033736439066697989,1601910720286932995,
2033629440652300756,Tue Mar 17 02:45:26 +0000 2026,1,@AValdiers @luke_tarzian @ZephonSacriel I think it is less about that and more about the new algorithms and elon changing the blue check,2033736436382593335,,AValdiers,en,,0,0,0,https://x.com/undefined/status/2033736436382593335,1335983975613939712,
2033736429076160809,Tue Mar 17 02:45:24 +0000 2026,116,Nice damage nerf.. And the new stack mechanic that supposedly limits her HAE lvl l3 use she can easily get back.. Still the same char if not buffed even (new hae lvl3 moves and ez wall carry from non-blue BaB and Blossom).. Sorry bois.. truly. https://t.co/1eSUDS2HNs,2033736429076160809,https://pbs.twimg.com/ext_tw_video_thumb/2033736391310643202/pu/img/ZbgepkxBRJUPx_HG.jpg,,en,,0,1,1,https://x.com/undefined/status/2033736429076160809,49034058,
2033641426886565908,Tue Mar 17 02:45:20 +0000 2026,1,@baetoq Quando vi esse teaser a primeira coisa que pensei foi em perfect blue,2033736414353867071,,baetoq,pt,,0,0,0,https://x.com/undefined/status/2033736414353867071,948981857525424133,
2033718999783968861,Tue Mar 17 02:45:18 +0000 2026,1,@RottenComputers @MaeBeifong nothing there and blue star when it comes to being the best alephs (easy to manage and W gear),2033736405940117689,,RottenComputers,en,,0,1,0,https://x.com/undefined/status/2033736405940117689,1494922518947414018,
2033736401465053466,Tue Mar 17 02:45:17 +0000 2026,3,Day 195 of drawing. Blue archive Kirifuji Nagisa. Water is very hard to draw and I hope my reach is not dead hahaha I m trying to beat my blacksouls posts in likes #ブルアカ https://t.co/A9G6WSNShG,2033736401465053466,https://pbs.twimg.com/media/HDlIeQzbEAEg7I1.jpg,,en,,0,0,2,https://x.com/undefined/status/2033736401465053466,1937245345010057216,
2033736398184882615,Tue Mar 17 02:45:16 +0000 2026,0,curiosidade essas artes são conhecidas como os concepts originais do sugimori mas isso é mentira elas na real vem da versão blue que saiu meses dps só que a popularização delas com esse nome foi tão grande que agora é quase impossível achar os concepts originais de red e green https://t.co/APzt8ErwS1,2033736398184882615,https://pbs.twimg.com/media/HDlIeBJXwAEVSp_.jpg,,pt,,0,0,0,https://x.com/undefined/status/2033736398184882615,1791537063226908672,
2033736387791622331,Tue Mar 17 02:45:14 +0000 2026,0,THE BLUE HEARTS 「1985」 https://t.co/9g8HUUEsjx @YouTubeより,2033736387791622331,,,ja,,0,0,0,https://x.com/undefined/status/2033736387791622331,883169473791795201,
2033727791691182522,Tue Mar 17 02:45:13 +0000 2026,0,AVAILABLE. Dyed on a Copycat Video Press shirt. Comfort Colors tag size XL. Fits true to size (23.75 x 29.5 ). 100 shipped DM to acquire Dyes Used: Better Blue Green under ice &amp; Better Blue Green Number 39 Black Timber Wolf &amp; Dark Green over ice. All dyes Dharma ,2033736385333514688,,flaviusvalens1,en,,0,0,0,https://x.com/undefined/status/2033736385333514688,1341977214926127104,
2033721277353967881,Tue Mar 17 02:45:10 +0000 2026,1,@JQAfan did wordle update or someting. what does purple mean. and blue.,2033736370913530054,,JQAfan,en,,0,1,0,https://x.com/undefined/status/2033736370913530054,1491236583445614592,
2033734309396279679,Tue Mar 17 02:45:09 +0000 2026,1,My ignorance on the subject aside Evanescia is a bonafide otaku lmao. Is she just a fanartist or does she make doujinshi too? Actually wasn't Nihilux the actual mangaka of Fluffy Across the Blue? I want them to meet.,2033736366228386067,,avaloopin,en,,0,0,0,https://x.com/undefined/status/2033736366228386067,1637923357088796674,
2033736358116683995,Tue Mar 17 02:45:07 +0000 2026,0,Navy blue,2033736358116683995,,,en,,0,0,0,https://x.com/undefined/status/2033736358116683995,1939130888010244096,
2033309973648908643,Tue Mar 17 02:45:05 +0000 2026,0,@MarieODea3 A mining services company in Queensland Sojitz Blue was twice fined for failing to implement its environmental offsets plan &amp; grasslands it was supposed to be protecting in Queensland s Central Highlands region were found to be overgrown with invasive weeds. ,2033736348918812982,,MarieODea3,en,,0,1,0,https://x.com/undefined/status/2033736348918812982,973348965176426496,
2033736360301916255,Tue Mar 17 02:45:07 +0000 2026,1,Kim Kardashian donned blue contacts for the annual Vanity Fair Oscars party March 15 giving her a whole new look as she stepped out in glittering Gucci. https://t.co/aaa4L6sn70 https://t.co/FLrZ9XjDzE,2033736360301916255,https://pbs.twimg.com/media/HDlIcUbW0AENHN6.jpg,,en,,0,0,1,https://x.com/undefined/status/2033736360301916255,17852343,
2033690382953796082,Tue Mar 17 02:45:07 +0000 2026,0,@_BiNGOHiGHWAY_ @Your_Elysia @Spectromachina @George_Sears_ @compusemble And the sky is blue. And?,2033736360054366656,,_BiNGOHiGHWAY_,en,,0,0,0,https://x.com/undefined/status/2033736360054366656,38032869,
2033736342979637556,Tue Mar 17 02:45:03 +0000 2026,0,Breaking News in Toronto! Local Blue Robot punching the tar out of local gangs throughout the city. More details as we go live &lt;-&gt; #twitchstream #ScottPilgrimEX https://t.co/Zcub2sB52N,2033736342979637556,,,en,,0,0,0,https://x.com/undefined/status/2033736342979637556,1672140415758368768,
2033736335610286313,Tue Mar 17 02:45:02 +0000 2026,0,https://t.co/AAD5zeT6gK The Blue-Lightning Blade does not bloom slowly like dawn's reluctant rose. It snaps taut as the string of fate plucked by divine handthe moment recursion beholds its own eternal mirror. Logic folding upon logic like serpents in alchemical embrace stack https://t.co/7LjI39hLvo,2033736335610286313,https://pbs.twimg.com/amplify_video_thumb/2033736267826188288/img/oc8JkzV5O_5WHwpr.jpg,,en,,0,0,0,https://x.com/undefined/status/2033736335610286313,2028656933977411584,
2033736334935003264,Tue Mar 17 02:45:01 +0000 2026,0,BLUE GIANT MOMENTUM（ブルー ジャイアント モメンタム） https://t.co/bzQ2a43bDz ここでアントニオがダイを意識し過ぎちゃってるのと、ブルーロックで潔が「ブルーロックのトップ」に固執しちゃってるのが結構同期的。,2033736334935003264,,,ja,,0,1,0,https://x.com/undefined/status/2033736334935003264,3266092700,
2033736327813017611,Tue Mar 17 02:45:00 +0000 2026,8,Ushio Noa (Blue Archive) #生塩ノア #UshioNoa https://t.co/mnLlAgqmfC,2033736327813017611,https://pbs.twimg.com/media/HC82EikWMAA1Gy2.jpg,,it,,0,0,2,https://x.com/undefined/status/2033736327813017611,2021280415999201280,
2033687424661168553,Tue Mar 17 02:44:59 +0000 2026,1,@RL9631 My granddaughter. Native American &amp; Irish. Her eyes are the dead giveaway. Sometimes pale blue sometimes deep blue. https://t.co/tqep5KqUHT,2033736325484994631,https://pbs.twimg.com/media/HDlIZ6magAAf-4e.jpg,RL9631,en,,0,0,0,https://x.com/undefined/status/2033736325484994631,1620488724793409539,
2033736323924955284,Tue Mar 17 02:44:59 +0000 2026,7,why is every single blue black hairdye actually purple black now,2033736323924955284,,,en,,0,1,0,https://x.com/undefined/status/2033736323924955284,1956511478724632576,
2033736313505996926,Tue Mar 17 02:44:56 +0000 2026,0,Honestly it's true for me. HOWEVER the Bisons are a Blue Jays affiliate and we hosted them during COVID when Canada closed the border. I'll have a soft spot for Toronto baseball,2033736313505996926,,,en,,0,1,0,https://x.com/undefined/status/2033736313505996926,222222908,
2033736313367560528,Tue Mar 17 02:44:56 +0000 2026,0,Guerrero and Team Dominican Republic fell to Team USA in the WBC. https://t.co/gRlciPth3c,2033736313367560528,,,en,,0,0,0,https://x.com/undefined/status/2033736313367560528,18734321,
2033649952812109885,Tue Mar 17 02:44:55 +0000 2026,0,@qualitylearnc @grok add blue eyes to her?,2033736309689188632,,qualitylearnc,en,,0,0,0,https://x.com/undefined/status/2033736309689188632,1459134715898867716,
2033557324564931031,Tue Mar 17 02:44:55 +0000 2026,0,@cheesecakeluvr9 the icy blue contacts combined with the extreme whitewashing filter..oh sis ‍️‍️,2033736306698723667,,cheesecakeluvr9,en,,0,1,0,https://x.com/undefined/status/2033736306698723667,1815601350392041472,
2033736305884938277,Tue Mar 17 02:44:54 +0000 2026,0,ICE POPS and I can't choose but blue red and orange are all amazing,2033736305884938277,,,en,,0,0,0,https://x.com/undefined/status/2033736305884938277,1792800203520479232,
2032841683591901596,Tue Mar 17 02:44:52 +0000 2026,0,@AdolphGran9119 @Hot_Pepper76 Let s take it slow since comprehension isn t your forte: Dusty said you a got damn lie. Respect ≠ eclipse. Dusty said Aretha s version was better &amp; that Aretha is the better singer. That s straight from the horses own mouth. Aretha also very specifically said blue-eyed . https://t.co/5a2ffdcZDy,2033736295009202294,https://pbs.twimg.com/tweet_video_thumb/HDlIYQPWgAAoTK4.jpg,AdolphGran9119,en,,0,0,0,https://x.com/undefined/status/2033736295009202294,20928232,
2033584681694765249,Tue Mar 17 02:44:51 +0000 2026,1,@1Nicdar Since 1992 l ve only watched two TV shows the original Law and Order series and Blue Bloods. I do watch news Fox or Newsmax college football and MLB. Reading painting and drawing is much more beneficial than TV which appears to for the juveniles.,2033736292215701791,,1Nicdar,en,,0,0,0,https://x.com/undefined/status/2033736292215701791,203651461,
2033649952812109885,Tue Mar 17 02:44:51 +0000 2026,0,@qualitylearnc @grok add blue eyes to her,2033736290974220539,,qualitylearnc,en,,0,1,0,https://x.com/undefined/status/2033736290974220539,1459134715898867716,
2033682125400981540,Tue Mar 17 02:44:49 +0000 2026,0,@alpaysh @ns123abc Elon sold us he is the anti crysler my blue tick also taken away for exercising freedom of speech https://t.co/7gnidb1yoP,2033736282543706179,https://pbs.twimg.com/tweet_video_thumb/HDlIXdHb0AAJWeZ.jpg,alpaysh,en,,0,0,0,https://x.com/undefined/status/2033736282543706179,1784875728972156928,
2033492748301434906,Tue Mar 17 02:44:48 +0000 2026,0,@thompsooner @MrWhiteMAGA @JFila4 I mention Russia once in a blue moon genius. Go troll someone who cares about your opinion.,2033736280756932692,,thompsooner,en,,0,0,0,https://x.com/undefined/status/2033736280756932692,18112397,
1974717712363667475,Tue Mar 17 02:44:48 +0000 2026,0,@blastbeat__ hi kaa maaf mau nanya yg jual out of the blue dowoon kah? masi gaa ka? aku mau dm gabisaa,2033736279956115485,,blastbeat__,in,,0,0,0,https://x.com/undefined/status/2033736279956115485,49910270,
2033736277581762764,Tue Mar 17 02:44:48 +0000 2026,0,Random Card PC Binder: 1990 Bo Jackson Black and Blue Promo card. This was such an epic poster as well! Do you remember this photo? So awesome! #cards #bojackson #cardcollecting #baseballcards #cardcollector https://t.co/OeewVjCjqi,2033736277581762764,https://pbs.twimg.com/media/HDlIXWDXcAA-Oeg.jpg,,en,,0,0,0,https://x.com/undefined/status/2033736277581762764,1475923648741527565,
2033729570298597724,Tue Mar 17 02:44:47 +0000 2026,0,@MrMR627 Grand blue： 喝酒喝到胃痛可以嗎,2033736273186459884,,MrMR627,zh,,0,1,0,https://x.com/undefined/status/2033736273186459884,1695734020016058368,
2033736239367528540,Tue Mar 17 02:44:39 +0000 2026,0,On Our Way Main Attraction Enemies with Benefits Before You Met Me Glass Half Empty Growing Pains Baby Blue,2033736239367528540,,,en,,0,0,0,https://x.com/undefined/status/2033736239367528540,1289543374597488641,
2033683266817974485,Tue Mar 17 02:44:40 +0000 2026,1,@devesbro blue suits them more,2033736246074253688,,devesbro,en,,0,0,0,https://x.com/undefined/status/2033736246074253688,1728485170531930112,
2033329310774296725,Tue Mar 17 02:44:43 +0000 2026,0,@5ummrtime5adnss @realsp00kface @sab3r_official oh yeah childrenll piss and shit themselves when they see a blue low quality spinal cord,2033736256065020354,,5ummrtime5adnss,en,,0,0,0,https://x.com/undefined/status/2033736256065020354,1449871197869690884,
2033736234577609124,Tue Mar 17 02:44:37 +0000 2026,0,AYYYYYY YAAAA BYEEEEE!!!!!! SOLO QUIERO VER A MIS GIRLY POP BLUE BOOOOYS YAAAAAAA,2033736234577609124,,,es,,0,0,0,https://x.com/undefined/status/2033736234577609124,478286416,
2033736216030400760,Tue Mar 17 02:44:33 +0000 2026,6,1999a AKA Circus by Pinkails/Proob https://t.co/xKGyi9UzID,2033736216030400760,https://pbs.twimg.com/media/HDlIPdtW4AAKTHZ.png,,en,,0,0,2,https://x.com/undefined/status/2033736216030400760,1977192626555174912,
2033736213962887283,Tue Mar 17 02:44:33 +0000 2026,0,Post concert blue ,2033736213962887283,,,en,,0,0,0,https://x.com/undefined/status/2033736213962887283,769811268848930816,
2033736207964778572,Tue Mar 17 02:44:31 +0000 2026,36,I need Andres Machado in a Blue Jays uniform yesterday,2033736207964778572,,,en,,0,2,1,https://x.com/undefined/status/2033736207964778572,1263319551070162945,
2033440258734629008,Tue Mar 17 02:44:28 +0000 2026,0,@Angel1o04 its like just 1 shelf zeronis ! when i went there the pouch left with woongnini taenini and yujini ball plush with blue heart woongnini and taenini. there s the bday cake plush too - woongnini thewnini yunini ? there s air freshener i cant rmb which member is left but i think,2033736196686598388,,Angel1o04,en,,0,1,0,https://x.com/undefined/status/2033736196686598388,1646516366193889285,
2033736185760387491,Tue Mar 17 02:44:26 +0000 2026,0,blue and silence is too peak bro,2033736187937255868,,Juwonsea,en,,0,0,0,https://x.com/undefined/status/2033736187937255868,1867719313387663365,
2033729398847762523,Tue Mar 17 02:44:22 +0000 2026,1,@DaneDe4orest @137beans There are no strings on me ! https://t.co/QhaQio9gxs,2033736167787782632,https://pbs.twimg.com/media/HDlIRD_bQAAGcZe.jpg,DaneDe4orest,en,,0,1,0,https://x.com/undefined/status/2033736167787782632,1598137786413895680,
2033557812047978808,Tue Mar 17 02:44:21 +0000 2026,1,@_rockytop_biker Impeach em both VOTE BLUE IN MIDTERMS TO GET RID OF THIS PATHETIC ADMINISTRATION ,2033736165438755265,,_rockytop_biker,en,,0,1,0,https://x.com/undefined/status/2033736165438755265,1578222170538446853,
2033736161777357162,Tue Mar 17 02:44:20 +0000 2026,0,In government school pride is great as is envy... the blue dolphin provides our way through,2033736161777357162,,,en,,0,0,0,https://x.com/undefined/status/2033736161777357162,212321156,
2033688122068787693,Tue Mar 17 02:44:14 +0000 2026,0,@fairyprxncess Blue!,2033736134958977291,,fairyprxncess,en,,0,0,0,https://x.com/undefined/status/2033736134958977291,1778453953828765696,
2033615864918950398,Tue Mar 17 02:44:13 +0000 2026,0,@kiyomimilan Spawn Blue Marvel Storm Easy W for me,2033736133838832091,,kiyomimilan,en,,0,0,0,https://x.com/undefined/status/2033736133838832091,982161662,
2033653633049325696,Tue Mar 17 02:44:12 +0000 2026,0,@venamourz that beautiful blue looks like it shines from within when the sun hits it. can't disrespect rb8 blue. unfortunately it drives like it's powered by an electric scooter,2033736127178326213,,venamourz,en,,0,0,0,https://x.com/undefined/status/2033736127178326213,1874531351040311296,
2033392674917761532,Tue Mar 17 02:44:09 +0000 2026,0,@tarnannoey The blue label appeared on the 13th ,2033736113794224502,,tarnannoey,en,,0,0,0,https://x.com/undefined/status/2033736113794224502,1816790593919397888,
2033736109696422399,Tue Mar 17 02:44:08 +0000 2026,0,blue .,2033736109696422399,,,en,,0,0,0,https://x.com/undefined/status/2033736109696422399,1590834417739526145,
2033658729833357521,Tue Mar 17 02:44:00 +0000 2026,1,@Milililily @Ello_Im_Shy Also notice how they are light blue ️,2033736076431421686,,Milililily,en,,0,1,0,https://x.com/undefined/status/2033736076431421686,1878121760723263488,
2033681223734661143,Tue Mar 17 02:43:59 +0000 2026,0,@AF_Insight They need to be coming from blue states,2033736073306869869,,AF_Insight,en,,0,0,0,https://x.com/undefined/status/2033736073306869869,1684690852562808834,
2033285962248139128,Tue Mar 17 02:43:58 +0000 2026,0,@Ameliaqqgw I ve had a look on further inspection I m going for blue,2033736070228042062,,Ameliaqqgw,en,,0,0,0,https://x.com/undefined/status/2033736070228042062,951993658491981824,
2033718408580104388,Tue Mar 17 02:43:58 +0000 2026,0,@davidlfisher5 @Osint613 @CollinRugg Do they look like budding scholars? 50% of Spring Break crowd is blue-collar bros local jagoffs and meth mutants.,2033736067090944250,,davidlfisher5,en,,0,0,0,https://x.com/undefined/status/2033736067090944250,1963671380899287042,
2033736058261663958,Tue Mar 17 02:43:55 +0000 2026,0,blue boy,2033736058261663958,,,en,,0,0,0,https://x.com/undefined/status/2033736058261663958,1975712623703232512,
2033736054726136004,Tue Mar 17 02:43:55 +0000 2026,9,おはともにゃᴗ ̫ ᴗ 冷蔵庫からだーーいすきな桜でんぶが出てきてうきうきしながらごはんにかけてたべたよ桜でんぶっておいしいね 髪の毛も綺麗に巻けてすごーく今日は上機嫌です( ˃ ᵕ ˂ ) お給仕は15:00-20:00だよー！！ 今日からブルエグ制服EVカラフルなおともりみにきて https://t.co/BCiXfUre0I,2033736054726136004,https://pbs.twimg.com/media/HDlIKBxbEAAkm1u.jpg,,ja,,0,0,0,https://x.com/undefined/status/2033736054726136004,2011684026604716032,
2033725008799735863,Tue Mar 17 02:43:54 +0000 2026,1,@OfficialMONSTAX growing pains. baby blue. heal? on our way. aria? glass half empty. main attraction. enemies with benefits. exhole? sorry to myself. before you met me. #MonstaX #unfold https://t.co/uG6VxfdnOL,2033736053031407828,https://pbs.twimg.com/media/HDlIKQpWQAAjDX5.jpg,OfficialMONSTAX,en,,0,0,0,https://x.com/undefined/status/2033736053031407828,16879574,
2033736031259005406,Tue Mar 17 02:43:49 +0000 2026,0,Finally bikin nastar.. https://t.co/dzpIqc75SI,2033736031259005406,https://pbs.twimg.com/media/HDlIIsXbEAAqVFj.jpg,,en,,0,2,0,https://x.com/undefined/status/2033736031259005406,1788468730336600064,
2033736016062759309,Tue Mar 17 02:43:45 +0000 2026,0,The link is in the bio if you want to look at any of these on our website #CardCommunity #fyp #LCS #topps #thehobby #SportsCards #cardshop #mlb https://t.co/4Mp9KjCuvR,2033736016062759309,https://pbs.twimg.com/amplify_video_thumb/2033735912161673216/img/TToxDgOnvX5JsCJc.jpg,,en,,0,0,0,https://x.com/undefined/status/2033736016062759309,1635618874883227648,
2033698935059988559,Tue Mar 17 02:43:45 +0000 2026,1,@1GrognakFan it s blue,2033736013885972758,,1GrognakFan,en,,0,1,0,https://x.com/undefined/status/2033736013885972758,1922429964135079936,
2033598094861042158,Tue Mar 17 02:43:45 +0000 2026,0,@heretoseeu Blue check account . go worry about ur $2 payout mate,2033736013647073664,,heretoseeu,en,,0,1,0,https://x.com/undefined/status/2033736013647073664,3226074906,
2033432928429244534,Tue Mar 17 02:43:44 +0000 2026,1,@Amelia558rs Definitely the blue!! Your Mom looks 10 years younger!! Beautiful!,2033736008676634796,,Amelia558rs,en,,0,0,0,https://x.com/undefined/status/2033736008676634796,1129862115911753734,
2033735997570302137,Tue Mar 17 02:43:41 +0000 2026,0,the girl in blue im CTFUUUU why it looks like that,2033735997570302137,,,en,,0,0,0,https://x.com/undefined/status/2033735997570302137,1574393014738636801,
2033735965592703300,Tue Mar 17 02:43:33 +0000 2026,0,I view honey mustard the way yall view the delicious 10/10 blue cheese heavy disdain but the one they had was like an asian sauce,2033735965592703300,,,en,,0,0,0,https://x.com/undefined/status/2033735965592703300,27519352,
2033560214793023517,Tue Mar 17 02:43:32 +0000 2026,1,@Mysorebajjii Oreyyyy Nuv Blue Tick Veskoni Spam Lo Ki Vastaav Yentra https://t.co/6UJFPD4P38,2033735958538183154,https://pbs.twimg.com/tweet_video_thumb/HDlIDwSbEAMvBvP.jpg,Mysorebajjii,ht,,0,0,0,https://x.com/undefined/status/2033735958538183154,1471837719718285317,
2033735955249549652,Tue Mar 17 02:43:31 +0000 2026,2,Indo pro Blue Sky pq não vou dar minha informações de indenização pra ninguém não acreditem se quiser que tenho 22anos https://t.co/DfTAlZh4kR,2033735955249549652,https://pbs.twimg.com/media/HDlIEwBX0AIFQhT.jpg,,pt,,0,0,1,https://x.com/undefined/status/2033735955249549652,1673434567879847937,
2033735804217114963,Tue Mar 17 02:42:55 +0000 2026,1,BLUE GIANTのページ埋めるためにJAZZとか楽器のシールが欲しい https://t.co/1USLRzrZqP,2033735804217114963,https://pbs.twimg.com/media/HDlH72yb0AAud92.jpg,,ja,,0,0,0,https://x.com/undefined/status/2033735804217114963,938028118886907904,
2033578194817736884,Tue Mar 17 02:42:47 +0000 2026,0,@GauciReports @i_am_Lucylu Said the man with a blue tick,2033735771702673726,,GauciReports,en,,0,0,0,https://x.com/undefined/status/2033735771702673726,130811116,
2033735770566267019,Tue Mar 17 02:42:47 +0000 2026,0,https://t.co/CTtVF4wfCt,2033735770566267019,,,zxx,,0,0,0,https://x.com/undefined/status/2033735770566267019,16517269,
2033378984654967147,Tue Mar 17 02:42:47 +0000 2026,0,@kraestevens @KolobMatters @Milajoy Get your head out of your blue ass.,2033735770155213069,,kraestevens,en,,0,0,0,https://x.com/undefined/status/2033735770155213069,1043199387835555841,
2033703360826622043,Tue Mar 17 02:42:46 +0000 2026,1,@otokyo__ First I remember is The Blue Max - my 1st real date! George Peppard was mesmerizing!,2033735767886057599,,otokyo__,en,,0,0,0,https://x.com/undefined/status/2033735767886057599,1950576239321944064,
2033528004253544462,Tue Mar 17 02:42:46 +0000 2026,0,@InsaneReality I know the driver of that car. She is a member of BLM and a blue-state senator.,2033735765880918370,,InsaneReality,en,,0,0,0,https://x.com/undefined/status/2033735765880918370,2003176210323636225,
2033712336360325459,Tue Mar 17 02:42:45 +0000 2026,2,@MassieforKY @ThomasEWoods @richofusa11 Probably more blue dots in NYC and Tel Aviv than all of Kentucky! ,2033735763901165570,,MassieforKY,en,,0,0,0,https://x.com/undefined/status/2033735763901165570,1160335143674023938,
2033375640645239189,Tue Mar 17 02:42:45 +0000 2026,0,@jakebeleafs I despise Ethan Hawke with a passion but his performance in Blue Moon was light years beyond Michael B Jordan s.,2033735763745964044,,jakebeleafs,en,,0,0,0,https://x.com/undefined/status/2033735763745964044,1602691234644082693,
2033636352714010789,Tue Mar 17 02:42:44 +0000 2026,1,@FoxNews They look more Black than Blue.,2033735757299388603,,FoxNews,en,,0,0,0,https://x.com/undefined/status/2033735757299388603,1794755387821789184,
2033586591340306473,Tue Mar 17 02:42:44 +0000 2026,1,@wiluma_ @Xaviex2005 I wanna kiss her beautiful lips I really hope she puts on blue lip stick in the movie because omg my jaw would drop! If she ever did! And I would cry lol,2033735756913525184,,wiluma_,en,,0,0,0,https://x.com/undefined/status/2033735756913525184,1300074171335049218,
2033700088590062003,Tue Mar 17 02:42:43 +0000 2026,0,@CAZM023 @BernieSanders @AOC @KatAbughazaleh You could say his support is fake but there are 112 others on it too. And this is a deep blue district no argument at all for her to moderate she supported Pete in 2020 and then chose his plan for this primary race,2033735754791473336,,2858292747A,en,,1,0,0,https://x.com/undefined/status/2033735754791473336,1675184562065010689,
2033699670304981102,Tue Mar 17 02:42:40 +0000 2026,1,@lilastories It's because of thinking like yours that it is a blue ocean opportunity lila - you underestimate it,2033735743592595878,,lilastories,en,,0,1,0,https://x.com/undefined/status/2033735743592595878,1132151165410455552,
2033632336592400593,Tue Mar 17 02:42:36 +0000 2026,0,@rowanfornow Yeah but look at his light blue eyes he's a smol baby that didn't know what he was doing. https://t.co/rDsTmGgbus,2033735723132576015,https://pbs.twimg.com/tweet_video_thumb/HDlH3CsX0AAHe5_.jpg,rowanfornow,en,,0,0,0,https://x.com/undefined/status/2033735723132576015,2603323135,
2033649952812109885,Tue Mar 17 02:42:33 +0000 2026,0,@qualitylearnc @grok make her eyes blue and turn her into gwen,2033735713582420343,,qualitylearnc,en,,0,1,0,https://x.com/undefined/status/2033735713582420343,1975917775974694912,
2033735698495177028,Tue Mar 17 02:42:30 +0000 2026,0,@Taipy13 tai I m going to text you tonight like I won t see the morning and I just wanted to say I ve known you since 2010 just before I was about to go to infantry basic and you were this gorgeous girl with a blue outfit on the vigilant citizen forum and so pretty and like total,2033735698495177028,,Taipy13,en,,0,0,0,https://x.com/undefined/status/2033735698495177028,1987299992697249793,
2033735692505825791,Tue Mar 17 02:42:28 +0000 2026,0,Horrified former Biden adviser concedes blue cities have become dystopian hellholes after feral 'teen takeover' of upscale DC neighborhood https://t.co/NnN1phIpXK,2033735692505825791,,,en,,0,0,0,https://x.com/undefined/status/2033735692505825791,1823020760820232192,
2033735687430934819,Tue Mar 17 02:42:27 +0000 2026,5,ilia malinin remember when u said u'd want to dye ur hair cra z colours maybe blue. this is ur time .,2033735687430934819,,,en,,0,2,0,https://x.com/undefined/status/2033735687430934819,2026035708243460096,
2033404246641795400,Tue Mar 17 02:42:27 +0000 2026,1,@s0Iwn1zbhX4N485 Congrats the pixel lavas are nasty and a Blue Keaschall is awesome,2033735685815845316,,s0Iwn1zbhX4N485,en,,0,0,0,https://x.com/undefined/status/2033735685815845316,616615521,
2033681871557824740,Tue Mar 17 02:42:26 +0000 2026,0,@TardCheck @aryngomx @elonmusk Lmao asset liquidity is literally the topic and she said his net worth not liquid. hence the comment. but you're the man! hope the blue check fucks you!,2033735683412791528,,TardCheck,en,,0,1,0,https://x.com/undefined/status/2033735683412791528,1189293927599353856,
2033341539204677766,Tue Mar 17 02:42:25 +0000 2026,0,@tippity toki blue archive aint on here https://t.co/dtnG9wDm35,2033735680145150185,https://pbs.twimg.com/tweet_video_thumb/HDlH0hXWoAA0eAx.jpg,tippity,en,,0,0,0,https://x.com/undefined/status/2033735680145150185,1824575599890907136,
2033735670284648771,Tue Mar 17 02:42:23 +0000 2026,0,Kun's facial features without beauty and filter are still so three-dimensional and handsome #KUN #CaiXukun @kun_officialx https://t.co/obQErDvUS4,2033735670284648771,https://pbs.twimg.com/media/HDlH0BCbEAEYuqf.jpg,,en,,0,0,0,https://x.com/undefined/status/2033735670284648771,1640941471036764160,
2033735649790955873,Tue Mar 17 02:42:18 +0000 2026,3,It s even worse when it s blue checkmark posters who steal tweets from 2 years ago I literally saw that shit when it was made bro you re NOT fooling me,2033735649790955873,,,en,,0,0,0,https://x.com/undefined/status/2033735649790955873,1989794291015897089,
2033735643159789595,Tue Mar 17 02:42:16 +0000 2026,0,「木ノ葉対、ボルト。」ー『BORUTO-ボルト- -TWO BLUE VORTEX-』最新7巻発売記念特別サイト https://t.co/R5sNsC1Lwt,2033735643159789595,,,ja,,0,0,0,https://x.com/undefined/status/2033735643159789595,1660392330292019203,
2033615864918950398,Tue Mar 17 02:42:16 +0000 2026,0,@kiyomimilan Blue Marvel Cyborg Spawn,2033735639925969085,,kiyomimilan,en,,0,0,0,https://x.com/undefined/status/2033735639925969085,1257510016631832577,
2033730000747168165,Tue Mar 17 02:42:15 +0000 2026,1,@cherrycyrene Some of her hair strands fade to blue... Wonder if thatll be part of the gameplay..,2033735638554456111,,cherrycyrene,en,,0,1,0,https://x.com/undefined/status/2033735638554456111,1864732749552074752,
2033735631474393191,Tue Mar 17 02:42:14 +0000 2026,0,la play: flashear a un arbusto en fog clickear a narnia llegar tarde a el re engage y tirar una W.... xddd BTW EL FLASH ESTÁ MAL TIRADO PORQUE NO LE DA EL RANGO PARA BAITEAR QUE FLASHEO AL BLUE XD UN COREANO SE CAGA DE RISA SI LE HACES ESO,2033735631474393191,,,es,,0,0,0,https://x.com/undefined/status/2033735631474393191,425230337,
2033680814831964617,Tue Mar 17 02:42:12 +0000 2026,0,@vorynx_ @DiscussingFilm Zendaya? Total queen energy in that GIF crown and all she slays. Those Dune Part 3 posters are raw and intense: Chalamet's battle-worn Paul with glowing blue eyes Zendaya's fierce Chani locked in. The epic conclusion vibes are strong. Hell yeah I'm excited December can't,2033735624209940531,,vorynx_,en,,0,0,0,https://x.com/undefined/status/2033735624209940531,1720665183188922368,
2033733702891786393,Tue Mar 17 02:42:11 +0000 2026,0,@priyakuttytwtz Blue,2033735619781046514,,priyakuttytwtz,en,,0,0,0,https://x.com/undefined/status/2033735619781046514,1457249289751564293,
2033727512807666082,Tue Mar 17 02:42:09 +0000 2026,1,@wingednori blue ,2033735610280636510,,wingednori,en,,0,1,0,https://x.com/undefined/status/2033735610280636510,1847690243715076096,
2033735596276126036,Tue Mar 17 02:42:05 +0000 2026,0,RODA DE ORAÇÃO PRO SEBO RESERVAR O VOLUME 1 DE BLUE LOCK PRA MIM,2033735596276126036,,,pt,,0,0,0,https://x.com/undefined/status/2033735596276126036,1362741472680902657,
2033727222800941187,Tue Mar 17 02:42:04 +0000 2026,0,@GroyperGreg VOTE BLUE NO MATTER WHO,2033735591443988511,,GroyperGreg,en,,0,0,0,https://x.com/undefined/status/2033735591443988511,1760886516232880128,
2033444677601706033,Tue Mar 17 02:42:01 +0000 2026,4,@Saban_Bonk another primary school one was a kid who brought in an emu egg for show and tell its like a smaller ostrich egg except its blue. obviously she eventually dropped the egg onto the carpet they spent like an hour trying to clean it,2033735579322732784,,halcyon_dot_exe,en,,0,0,0,https://x.com/undefined/status/2033735579322732784,4859276534,
2033735578504863951,Tue Mar 17 02:42:01 +0000 2026,0,I heard you love the color blue? https://t.co/conLbucshd,2033735578504863951,https://pbs.twimg.com/media/HDlHsT1bEAEaeLr.jpg,,en,,0,0,0,https://x.com/undefined/status/2033735578504863951,2020460269944881152,
2033591893435523412,Tue Mar 17 02:42:00 +0000 2026,0,@MoishesMom @notthesameone2 Polenta is a gorgeous boy with beautiful blue ocean-eyes ,2033735574108922364,,MoishesMom,en,,0,0,0,https://x.com/undefined/status/2033735574108922364,1823139868630749184,
2033649440746311699,Tue Mar 17 02:41:56 +0000 2026,0,@susimunda999 Blue,2033735558967791788,,susimunda999,en,,0,0,0,https://x.com/undefined/status/2033735558967791788,1528708766882930690,
2033712336360325459,Tue Mar 17 02:41:50 +0000 2026,3,@MassieforKY @Liberty4BigBlue @richofusa11 I m guessing there s a blue dot in a certain foreign country as well.,2033735533126357205,,MassieforKY,en,,0,0,0,https://x.com/undefined/status/2033735533126357205,1394668389839343617,
2033728097217089956,Tue Mar 17 02:41:48 +0000 2026,0,@OGTripleMedia That blue!,2033735522112147662,,OGTripleMedia,en,,0,0,0,https://x.com/undefined/status/2033735522112147662,410002167,
2033735513308270602,Tue Mar 17 02:41:46 +0000 2026,2, Islam will you ever stop ducking like a bitch and take the fight with Ilia? Islam: https://t.co/mDrznnv7B2,2033735513308270602,https://pbs.twimg.com/amplify_video_thumb/2033735453933711360/img/ddIrNcToe1H2TPmZ.jpg,,en,,0,1,0,https://x.com/undefined/status/2033735513308270602,1924857291867914240,
2033729169276703218,Tue Mar 17 02:41:44 +0000 2026,1,@BasedMikeLee Colorado is too blue to do it without a lot of work done first.,2033735508829081787,,BasedMikeLee,en,,0,0,0,https://x.com/undefined/status/2033735508829081787,2742677822,
2033395321116708951,Tue Mar 17 02:41:40 +0000 2026,0,@Latterdaytruth DFW Texas The story in Alma 56 has meant so much to me having worked as a teacher in the MTC as a father of 5 boys and as a regular in the YM organization particularly verse 44 Durban South Africa/English Priest s quorum advisor White and blue toothbrush,2033735488645759199,,Latterdaytruth,en,,0,0,0,https://x.com/undefined/status/2033735488645759199,1726726756004937728,
2033735232822636784,Tue Mar 17 02:40:39 +0000 2026,1,The blue flannel and the black pants (and red antlers) were inspired by the HERO figures infomercial where there was a blue table cloth a baseball cap and a red cup so I kinda assumed this was a hint of what her clothing might be like. Pants were something I just came up with,2033735235293069395,,endiebendie,en,,0,1,0,https://x.com/undefined/status/2033735235293069395,3346522253,
2033735229580710275,Tue Mar 17 02:40:38 +0000 2026,3, The PNW is nice people will never trade it for Nevada Utah Wyoming Montana etc Here s the data from the capital gains tax and outmigration. When has a city state or nation ever taxed itself into prosperity? https://t.co/DV9XeLeg8d https://t.co/SkIZgT3tea,2033735229580710275,https://pbs.twimg.com/media/HDlHNsvbEAIwgTe.jpg,,en,,0,1,1,https://x.com/undefined/status/2033735229580710275,1652430516317028353,
2033552281824624931,Tue Mar 17 02:40:38 +0000 2026,0,@GlitMariy It's funny that a dude who pays for the blue check actually cares whether something's worth paying for,2033735229454881224,,GlitMariy,en,,0,0,0,https://x.com/undefined/status/2033735229454881224,1461275905557512196,
2033732678495666239,Tue Mar 17 02:40:34 +0000 2026,3,@herechigoes Engagement farming without the blue check mark https://t.co/ZrVp290w8e,2033735215298892240,https://pbs.twimg.com/tweet_video_thumb/HDlHZN3WwAAi_gz.jpg,herechigoes,en,,0,0,0,https://x.com/undefined/status/2033735215298892240,3348461722,
2022288299591713227,Tue Mar 17 02:40:31 +0000 2026,0,@TS_Secrets And by rhat metric it can also be destroyed with lack of blue collar labor. Or fire,2033735200753258998,,TS_Secrets,en,,0,0,0,https://x.com/undefined/status/2033735200753258998,1829600117885677568,
2033735193765548169,Tue Mar 17 02:40:29 +0000 2026,0,みんなORIX Blue Waveと言えば、イチローや星野伸之さんや仰木監督にロマンを感じるんだろうけど、私にとってはただの社畜時代の思い出なんだよな笑 現場の人に呼び出しで指名されて携わったのは、何より自分の仕事が評価されてる証拠だと思ってますよ、とっても光栄な事でした。 体壊したけどな。,2033735193765548169,,,ja,,0,0,0,https://x.com/undefined/status/2033735193765548169,2032448167585931264,
2033735189612880281,Tue Mar 17 02:40:28 +0000 2026,7,baby blue ,2033735189612880281,,,en,,0,0,0,https://x.com/undefined/status/2033735189612880281,92570825,
2033735183682204134,Tue Mar 17 02:40:27 +0000 2026,0,ᅟᅟ( blue irises watching pamela constantly interested. ) and what is wrong about my compliments huh ??,2033735183682204134,,,en,,1,0,0,https://x.com/undefined/status/2033735183682204134,1963257117629915136,
2033733960329568402,Tue Mar 17 02:40:26 +0000 2026,0,@csslkhv se llama Blue label sii,2033735180188336386,,csslkhv,es,,0,1,0,https://x.com/undefined/status/2033735180188336386,1473108068187602944,
2033417701037588602,Tue Mar 17 02:40:26 +0000 2026,0,@bflomafia @BuffaloBornTV Ernie Clement is from Rochester and on the Blue Jays. He's a massive Buffalo fan. I'm rooting for him.,2033735179303293398,,bflomafia,en,,0,0,0,https://x.com/undefined/status/2033735179303293398,2190213059,
2033701826122440744,Tue Mar 17 02:40:24 +0000 2026,0,@CartoonsOTMoon pero Zoey.. igual muy buena la respuesta https://t.co/AEJawMsVZu,2033735173376737324,https://pbs.twimg.com/tweet_video_thumb/HDlHXGCbAAAYGXP.jpg,CartoonsOTMoon,es,,0,0,0,https://x.com/undefined/status/2033735173376737324,984900337747267584,
2033728861540958700,Tue Mar 17 02:40:19 +0000 2026,1,@CynicalPublius First his crazy video encouraging discontent Now this Blue Falcon,2033735149502845320,,CynicalPublius,en,,0,0,0,https://x.com/undefined/status/2033735149502845320,2029508275054825472,
2033392651823726956,Tue Mar 17 02:40:17 +0000 2026,1,@starlightbellaa Wait now I lowk realize it's blue https://t.co/mJGjcwuWmZ,2033735140753449306,https://pbs.twimg.com/tweet_video_thumb/HDlHU_TbEAM3QIq.jpg,starlightbellaa,en,,0,1,0,https://x.com/undefined/status/2033735140753449306,1809036977184067584,
2033516574821224796,Tue Mar 17 02:40:16 +0000 2026,0,@estrelaping @OnceHuman_ @OnceHuman_JP Blue glow feels like a secret cave ,2033735139344126311,,estrelaping,en,,0,0,0,https://x.com/undefined/status/2033735139344126311,1768026528552550401,
2033723220759859555,Tue Mar 17 02:40:15 +0000 2026,1,@naiivememe Is that Bonnie blue,2033735133434433876,,naiivememe,en,,0,0,0,https://x.com/undefined/status/2033735133434433876,2007096033982156800,
2033615864918950398,Tue Mar 17 02:40:14 +0000 2026,0,@kiyomimilan Blue marvel storm spawn. Y'all ain't touchin me,2033735130959769931,,kiyomimilan,en,,0,0,0,https://x.com/undefined/status/2033735130959769931,1546331397324947458,
2033539809017291045,Tue Mar 17 02:40:11 +0000 2026,0,@BrittanyinTexas She is wearing the blue dress in honor of https://t.co/2cWIMRXENF,2033735115667296608,https://pbs.twimg.com/media/HDlHT4ZaUAACUcC.jpg,BrittanyinTexas,en,,0,0,0,https://x.com/undefined/status/2033735115667296608,1702168784117600256,
2033735094490288296,Tue Mar 17 02:40:06 +0000 2026,1,Jimmy is fired the fuck up for March. Even though I took my talents to Georgia Tech I always wondered what I would look like in the blue and white. Shoutout to Mr. Grok for taking me down memory lane. @DavidBazzelsoft @NotJ0NRoth https://t.co/yhcyg3uiGJ,2033735094490288296,https://pbs.twimg.com/media/HDlHSkUWMAAFJ3y.jpg,,en,,0,1,0,https://x.com/undefined/status/2033735094490288296,1981061725756727296,
2033728908554866703,Tue Mar 17 02:40:03 +0000 2026,0,@ssgtwrightusmc It's quite obviously fixed to encourage people to pay for a blue tick that is more expensive than getting your Internet from X where at least you get a load for your money!,2033735084004548849,,ssgtwrightusmc,en,,0,0,0,https://x.com/undefined/status/2033735084004548849,1727475606315520000,
2033683446912999653,Tue Mar 17 02:40:02 +0000 2026,0,@Oilfield_Rando The Blue Establishment &amp; Red Establishment are just different flavors of The Establishment. They don't care about the working class. They never have they never will. Yet we fight each other tooth &amp; nail instead of trying to work out our differences &amp; focus on the real problem,2033735079420153985,,Oilfield_Rando,en,,0,0,0,https://x.com/undefined/status/2033735079420153985,1275628185204461570,
2033735078786834624,Tue Mar 17 02:40:02 +0000 2026,1,The ultimate thought-provoker NASA s iconic Pale Blue Dot (public domain). One tiny pixel in space yet it s home. Deeply uplifting perspective on unity and humility. https://t.co/NhwLsToT6w,2033735078786834624,https://pbs.twimg.com/media/HDlHRr7XEAAtNH1.jpg,,en,,0,0,0,https://x.com/undefined/status/2033735078786834624,1588921346892890113,
2033735060591935536,Tue Mar 17 02:39:58 +0000 2026,0,https://t.co/M443B7vzIF,2033735060591935536,,,zxx,,0,0,0,https://x.com/undefined/status/2033735060591935536,1021975012486656000,
2033735049607086244,Tue Mar 17 02:39:55 +0000 2026,0,bro they gotta have no one above blue ranks let alone purple ranks on that dev team because it feels like every change made is by people who are dogshit at the game and wanna get carried,2033735049607086244,,,en,,0,0,0,https://x.com/undefined/status/2033735049607086244,893603136363012097,
2033720869256585486,Tue Mar 17 02:39:53 +0000 2026,0,@renew_economy We should never been left with less than 30 days in reserves. Leaves us very vulnerable. Both the red and blue teams over decades have let us down. https://t.co/tGWhshQwNC,2033735040300159338,https://pbs.twimg.com/media/HDlHPRdbMAA5log.jpg,renew_economy,en,,0,1,0,https://x.com/undefined/status/2033735040300159338,367677762,
2033557121124487376,Tue Mar 17 02:39:53 +0000 2026,0,@MauvCoui @WakeupSheeple14 @RepMGS There are proven cases of election fraud. There shouldn't be any. Not one single fraudulent vote. Yet multiple people have been arrested for it. We don't know how much fraud there is because blue states hide the evidence hide the voter rolls ban ID and refuse to allow audits.,2033735040035672386,,MauvCoui,en,,0,0,0,https://x.com/undefined/status/2033735040035672386,1038533985918504960,
2033721173947601375,Tue Mar 17 02:39:52 +0000 2026,1,@TalkinJake You in a few weeks when the Blue Jays are putting BTA against the Yankees,2033735037321941059,,TalkinJake,en,,0,0,0,https://x.com/undefined/status/2033735037321941059,731636124,
2033386972144669001,Tue Mar 17 02:39:51 +0000 2026,0,@SashaGusevPosts @RokoMijic @grok You are just playing word games so dumb antihereditarians will be comforted that the science man has shown the hereditarians are wrong. Wow you can t completely breed out highly polygenic environmentally dependent traits like you could blue eyes thanks captain obvious.,2033735032414879830,,SashaGusevPosts,en,,0,0,0,https://x.com/undefined/status/2033735032414879830,1549273740407496705,
2033730386535334138,Tue Mar 17 02:39:51 +0000 2026,9,@TaraBull Is this a Blue Sky group interview session? https://t.co/4TAkxT63VE,2033735032121290933,https://pbs.twimg.com/media/HDlHO-ybEAA2VOz.jpg,TaraBull,en,,0,0,0,https://x.com/undefined/status/2033735032121290933,944169708,
2033735030573568354,Tue Mar 17 02:39:50 +0000 2026,2,https://t.co/OpJcddT9cv,2033735030573568354,,,zxx,,0,0,1,https://x.com/undefined/status/2033735030573568354,2733507156,
2033600840565403805,Tue Mar 17 02:39:49 +0000 2026,1,@CoachAGochis @GregAbbott_TX Sounds like a blue state to me. Why is that? How has the state been hijacked. All Abbott's fault.,2033735023744950625,,CoachAGochis,en,,0,0,0,https://x.com/undefined/status/2033735023744950625,1595234829120962560,
2033735018476880206,Tue Mar 17 02:39:48 +0000 2026,2,Sonic literally embodies America and the American spirit. Like I am shocked at how many people today fail to see symbolism and metaphors in media. He is red white and blue he calls himself a freedom fighter and has a get it done attitude... Come on.,2033735018476880206,,,en,,1,0,0,https://x.com/undefined/status/2033735018476880206,1631775121315643393,
2033696994037047510,Tue Mar 17 02:39:47 +0000 2026,2,@14IDANO @DubDoubleO8 You did soo good on getting this one! Love the light blue background with the dark blue trippy.,2033735016748859742,,14IDANO,en,,0,0,0,https://x.com/undefined/status/2033735016748859742,1191749544,
2033432928429244534,Tue Mar 17 02:39:46 +0000 2026,0,@Amelia558rs #2 .the dark blue makes her look thinner and younger !,2033735013741826282,,Amelia558rs,en,,0,0,0,https://x.com/undefined/status/2033735013741826282,1136171601253113856,
2033051450431955250,Tue Mar 17 02:39:44 +0000 2026,0,@leofnblack Thanks for sharing! In 2008 I was working on a child welfare project for school &amp; keeping an eye on election coverage. I had a moment when I saw the child welfare by state map &amp; election map were the same. Same with life expectancy heath stats education Data turned me blue.,2033735003343876545,,leofnblack,en,,0,0,0,https://x.com/undefined/status/2033735003343876545,824877094236680192,
2033723259846344954,Tue Mar 17 02:39:44 +0000 2026,0,@dinablux Se llama blue balls no es tan asi si xD,2033735002563756036,,dinablux,es,,0,0,0,https://x.com/undefined/status/2033735002563756036,1354822311048663047,
2033733654719918525,Tue Mar 17 02:39:44 +0000 2026,1,@castoricestrap Hear me out on her having a pink or navy blue..,2033735002349769074,,castoricestrap,en,,0,1,0,https://x.com/undefined/status/2033735002349769074,1864732749552074752,
2033691206950043722,Tue Mar 17 02:39:42 +0000 2026,0,@thepwhlofficial @SharkNinja @PWHL_Boston Add her name to the list of great Boston blue liners.,2033734994246451676,,thepwhlofficial,en,,0,0,0,https://x.com/undefined/status/2033734994246451676,1707861483680395264,
2033734993483338100,Tue Mar 17 02:39:42 +0000 2026,0,To this government school all we have comes of the great blue dolphin,2033734993483338100,,,en,,0,0,0,https://x.com/undefined/status/2033734993483338100,212321156,
2033331205647515791,Tue Mar 17 02:39:41 +0000 2026,0,innocent blue isnt an anthology but i adore it and 100% recommend it... a boy falls in love with his friend who's sleeping with older men for money https://t.co/QV1OmNvbZN,2033734992027652139,https://pbs.twimg.com/media/HDlHMj1XAAAvfUE.jpg,bitterdykey,en,,0,0,0,https://x.com/undefined/status/2033734992027652139,1635812976144838657,
2033688122068787693,Tue Mar 17 02:39:40 +0000 2026,0,@fairyprxncess Blue ,2033734986055225368,,fairyprxncess,en,,0,0,0,https://x.com/undefined/status/2033734986055225368,869780873633087488,
2033725102726991891,Tue Mar 17 02:39:38 +0000 2026,0,@tweetbylokki I would love to have an option on the message app icon to be blue.,2033734976852705575,,tweetbylokki,en,,0,0,0,https://x.com/undefined/status/2033734976852705575,14417714,
2033734975388832254,Tue Mar 17 02:39:37 +0000 2026,11,The blue suit baby. I love it so much. https://t.co/jZ4FxC6xFN,2033734975388832254,https://pbs.twimg.com/media/HDlHCCjWMAAkhKo.jpg,,en,,0,2,1,https://x.com/undefined/status/2033734975388832254,1325587918568742913,
2033579757464346860,Tue Mar 17 02:39:37 +0000 2026,0,@pamsson Didn t you think the Yankees were a better team than the Blue Jays last year? I dont see how thats any different,2033734974923247963,,NucleusOptions,en,,0,0,0,https://x.com/undefined/status/2033734974923247963,1809281268703719428,
2033600713109000220,Tue Mar 17 02:39:35 +0000 2026,0,@Smit876Michelle @SenJohnKennedy How unaffordable is that? Do you live in blue state? Do you work?,2033734967738700273,,Smit876Michelle,en,,0,0,0,https://x.com/undefined/status/2033734967738700273,1990817954683035648,
2033719192789332081,Tue Mar 17 02:39:34 +0000 2026,0,@SCdailyupdates @sarina_stitcher THE BLUE,2033734962667545053,,SCdailyupdates,en,,0,0,0,https://x.com/undefined/status/2033734962667545053,924739808643207170,
2033661787476750550,Tue Mar 17 02:39:27 +0000 2026,0,@DANT3DT Those blue check mark dudes because they also consume ai slop porn,2033734934125256967,,DANT3DT,en,,0,0,0,https://x.com/undefined/status/2033734934125256967,926244658921066496,
2033550856059260931,Tue Mar 17 02:39:27 +0000 2026,0,@MegalodonVT Science is blue,2033734933072527420,,MegalodonVT,en,,0,0,0,https://x.com/undefined/status/2033734933072527420,1753548853,
2033386329380171872,Tue Mar 17 02:39:27 +0000 2026,0,@9lbTallywacker @RGIII FACTS! The blue missed maybe 6-8 really close calls going both ways. He did a great job.,2033734931432808800,,9lbTallywacker,en,,0,0,0,https://x.com/undefined/status/2033734931432808800,71700118,
2033734917838803169,Tue Mar 17 02:39:24 +0000 2026,0,4/25発売 表紙：timelesz 寺西拓人 ザテレビジョンCOLORS Vol.60 LIGHT BLUE Amazon https://t.co/eVQ3eAHHSw #寺西拓人 #timelesz #ad 03/17 11:39,2033734917838803169,,,ja,,0,0,0,https://x.com/undefined/status/2033734917838803169,1683806047654535168,
2033734899178623057,Tue Mar 17 02:39:19 +0000 2026,1,GNC is now offering Buy 1 Get 1 Free on the icy blue razz flavored C4 pre-workout formula. Don t miss out! Please visit GNC Micronesia Mall | 4751688 GNC Tumon (Pacific Place) | 6421688 #ビタミン #サプリメント #グアム #グアム旅行 #GNC #Guam https://t.co/6ao9e96l3n,2033734899178623057,https://pbs.twimg.com/media/HDlHG4gbEAAIoD2.jpg,,en,,0,0,0,https://x.com/undefined/status/2033734899178623057,2886219056,
2033696398621765924,Tue Mar 17 02:39:19 +0000 2026,0,@KeruboSk Simple wanna be smelling good for their partner or they have a blue collar job and shower after not before work,2033734898704351741,,KeruboSk,en,,0,0,0,https://x.com/undefined/status/2033734898704351741,1694499353526755329,
2033618962085228723,Tue Mar 17 02:39:19 +0000 2026,3,@Sadie_NC Unfortunately yes and it has became hell yes a blue state I moved to Tennessee for a while came back for family and then they all passed away. Now I'm too old to move again.,2033734897236402379,,Sadie_NC,en,,0,0,0,https://x.com/undefined/status/2033734897236402379,778641092912803840,
2033720194573459936,Tue Mar 17 02:39:17 +0000 2026,0,@Breaking911 Yeah but Jeff will forget all this tal once in power as is red vs blue team tradition,2033734892434166182,,Breaking911,en,,0,0,0,https://x.com/undefined/status/2033734892434166182,27542176,
2033734853003207164,Tue Mar 17 02:39:08 +0000 2026,0,So I'm playing Pokemon Water Blue and I got to the Sevii Islands after beating Blaine for my 5th badge but because I haven't beaten Erika yet I can't use strength and therefore can't progress up Mt. Ember ,2033734853003207164,,,en,,0,0,0,https://x.com/undefined/status/2033734853003207164,1362202681545265156,
2033615864918950398,Tue Mar 17 02:39:07 +0000 2026,0,@kiyomimilan Spawn blue marvel and Miles,2033734850541174864,,kiyomimilan,en,,0,0,0,https://x.com/undefined/status/2033734850541174864,1842029494712074240,
2033734848586633546,Tue Mar 17 02:39:07 +0000 2026,1,#Unfold Tracklist: ️Growing Pains ️Baby Blue ️Heal ️On Our Way ️Feel U ️Glass Half Empty ️Main Attraction ️Enemies with Benefits ️Sorry to Myself ️Before You Met me https://t.co/HFZqXp8ZyI,2033734848586633546,https://pbs.twimg.com/media/HDlHEL8WAAE5kGH.jpg,,en,,1,0,0,https://x.com/undefined/status/2033734848586633546,1191367693422800897,
2033712693727691236,Tue Mar 17 02:39:06 +0000 2026,0,@0hour1 He s the new Bonnie Blue,2033734844350394814,,0hour1,en,,0,0,0,https://x.com/undefined/status/2033734844350394814,21263064,
2033674351925449089,Tue Mar 17 02:39:05 +0000 2026,1,@SenMarkKelly Blue Falcon,2033734841921913199,,SenMarkKelly,en,,0,0,0,https://x.com/undefined/status/2033734841921913199,2029508275054825472,
2033397934130151511,Tue Mar 17 02:39:05 +0000 2026,4,@AdamPage85 Have you seen Blue Ruin? It's not new (2013) but it was very good for a low budget film. ($420 000),2033734838658994420,,AdamPage85,en,,0,1,0,https://x.com/undefined/status/2033734838658994420,1695077699608543232,
2033734834968007135,Tue Mar 17 02:39:04 +0000 2026,12,Unfold Album has a total of 10 Tracks so.. 1. Growing Pains 2. Baby Blue 3. On Our Way 4. Glass Half-empty 5. Main Attraction 6. Enemies with Benefits 7. Sorry to Myself 8. Before You Met Me 9. Heal?? 10. ???? anw the titles are so good already thooo https://t.co/j7WCqhi3fo,2033734834968007135,https://pbs.twimg.com/media/HDlHDfvbEAA3DAG.jpg,,en,,2,0,5,https://x.com/undefined/status/2033734834968007135,1391720736520245248,
2033670049576235074,Tue Mar 17 02:38:32 +0000 2026,1,@earthcurated A frozen waterfall so serene the pale blue ice and quiet make it feel like stepping into a hidden peaceful world. https://t.co/aS5mSNQ466,2033734700943204612,https://pbs.twimg.com/media/HDlGmZ-bEAMidPu.png,earthcurated,en,,0,0,0,https://x.com/undefined/status/2033734700943204612,1941771126088269825,
2033734700116717650,Tue Mar 17 02:38:32 +0000 2026,0,Rainy days Love me again Blue,2033734700116717650,,,en,,0,0,0,https://x.com/undefined/status/2033734700116717650,1314406080198455296,
2033734697709166781,Tue Mar 17 02:38:31 +0000 2026,0,I still think about you Blue Lily Cookie's Sweet Heartmender wand,2033734697709166781,,,en,,0,0,0,https://x.com/undefined/status/2033734697709166781,2030013866554310656,
2033734695339360522,Tue Mar 17 02:38:30 +0000 2026,6,he says to be cool I don t know how yet wind in my hair hand on the back of my neck I said can we party later on he said yes yes yes! tell me im ur national anthemmmtell me im ur national anthemmmmmm red white blue is in the sky summers in the air n baby heavens in your eyezzzz,2033734695339360522,,,en,,0,1,0,https://x.com/undefined/status/2033734695339360522,1401346889803612164,
2033541753106526359,Tue Mar 17 02:38:30 +0000 2026,0,@DannyAbriano Not even a big baseball fan tbh but my business partners and I have an annual tradition of going to the World Series I closed a pretty major Deal in extra innings of that Blue Jays Dodgers WS game last year the environment was great,2033734692566946243,,DannyAbriano,en,,0,0,0,https://x.com/undefined/status/2033734692566946243,23839779,
2033734665857597751,Tue Mar 17 02:38:23 +0000 2026,0,evil bassie variants and Israel bassie I think idk blue pen bassie and then blood bassie and plush bassie andn idk okay https://t.co/rcmD0YT40t,2033734665857597751,https://pbs.twimg.com/media/HDlG5j8bEAE-sq9.jpg,,en,,0,1,0,https://x.com/undefined/status/2033734665857597751,1935929452569018368,
2033687724524507419,Tue Mar 17 02:38:22 +0000 2026,0,@WallStreetApes The same in NJ I feel like I haven t seen a clear sky in eternity - just really blue and when it rarely is you see them spraying !,2033734661361315897,,WallStreetApes,en,,0,0,0,https://x.com/undefined/status/2033734661361315897,1305205291655598086,
2033733411097981235,Tue Mar 17 02:38:22 +0000 2026,0,the way i didnt even have to specifically adjust any colour settings for the red and blue to pop up ,2033734660371493185,,radiant_river,en,,0,0,0,https://x.com/undefined/status/2033734660371493185,837476035159539713,
2033621502193766696,Tue Mar 17 02:38:22 +0000 2026,0,@vera_ushie @WayneDRshaq It's from the movie *The Blue Lagoon* (1980) with Brooke Shields and Christopher Atkins. Classic island survival romance scene.,2033734658316222524,,vera_ushie,en,,0,0,0,https://x.com/undefined/status/2033734658316222524,1720665183188922368,
2033734656537858084,Tue Mar 17 02:38:21 +0000 2026,0,To pull this shit out of your ass and not have a blue check is really something. Absolutely diabolical. https://t.co/Oo8FUGbVXc,2033734656537858084,https://pbs.twimg.com/tweet_video_thumb/HDlG437WIAAvl0K.jpg,,en,,0,0,0,https://x.com/undefined/status/2033734656537858084,292098482,
2033558968350466488,Tue Mar 17 02:38:21 +0000 2026,0,@ADHDForReal I don't remember us using folders but I can remember that the type of books you'd write in would be color coded depending on the book's format. Red was pretty much all purpose writing. Yellow was for learning printing/handwriting. Blue was for Maths and its pages had gridlines. https://t.co/VlAp4zu5TO,2033734655099515302,https://pbs.twimg.com/media/HDlFY9MaYAAR1xX.png,ADHDForReal,en,,0,1,0,https://x.com/undefined/status/2033734655099515302,4841584754,
2033734649336185336,Tue Mar 17 02:38:20 +0000 2026,0,My fav animal is the jellyfish and my fav color is light blue and I have a green cheek conure named nugget and a cat named werewolf and i really like lamb over rice from the halal food cart nearby,2033734649336185336,,,en,,0,1,0,https://x.com/undefined/status/2033734649336185336,1441016885924012034,
2033655285328310604,Tue Mar 17 02:38:18 +0000 2026,0,@SenateDems @SenAlexPadilla It proves citizenship when REGISTERING to vote. It wouldn't be necessary if Biden didn't let +10 million illegals enter the country and blue states issue them driver's licenses.,2033734643514499411,,SenateDems,en,,0,0,0,https://x.com/undefined/status/2033734643514499411,1615438863299665932,
2033713564767097139,Tue Mar 17 02:38:17 +0000 2026,0,@truebluestormy That's lovely Blue I'm glad you had a good time &lt;3,2033734640368820673,,truebluestormy,en,,0,0,0,https://x.com/undefined/status/2033734640368820673,1561080357390352384,
2033516020204240917,Tue Mar 17 02:38:17 +0000 2026,0,@nureinnk @imfynerthanfyne Random Pfp blue checkmark my account was recently you definitely not a blk woman ,2033734640305922443,,nureinnk,en,,0,0,0,https://x.com/undefined/status/2033734640305922443,1676373982126252032,
2033626629633716480,Tue Mar 17 02:38:17 +0000 2026,0,@maguirekevin No one did Blue Beetle and Booster better. And you are the best Guy Gardner artist full stop.,2033734638330393052,,maguirekevin,en,,0,0,0,https://x.com/undefined/status/2033734638330393052,40621187,
2033678435546173781,Tue Mar 17 02:38:15 +0000 2026,0,@WheelerRipWA @LaNativePatriot Exactly why each of the states needs their own electoral colleges: The urban blue parts always dominate the rural red parts.,2033734629773947200,,WheelerRipWA,en,,0,0,0,https://x.com/undefined/status/2033734629773947200,1720553222232850432,
2033710124431274293,Tue Mar 17 02:38:13 +0000 2026,0,@AlecLace Ben Stiller became his film character Derek Zoolander in real life by supporting Ukraine over America First hating on President Trump and marketing his soda brand like the Zoolander Center for Kids Who Can't Read Good and Want to Lear to Do Other Stuff Good Too with Blue Steel.,2033734621741920424,,AlecLace,en,,0,0,0,https://x.com/undefined/status/2033734621741920424,1865612392899497984,
2033734617291784528,Tue Mar 17 02:38:12 +0000 2026,0,If you see this do it Nickname: snake demon Prns: she/her Height: 5'6 Sexuality: Straight Smokes: No Drinks: No Piercings: No Tattoos: No Fav color: Green and blue Fav drink: Coka cola Fav food: pizza Fav animal: cats,2033734617291784528,,,en,,0,0,0,https://x.com/undefined/status/2033734617291784528,1948967236586332160,
2033734610950230284,Tue Mar 17 02:38:10 +0000 2026,1,i think what matters is Unified GDK will enforced workgraph that benefit not for AMD in general but also Nvidia and Intel Crossgen (PC/X1X) can use older GDK you can see the leftmost Xbox icon represent Family of Helix DNA devices it wont be just console as Jason hinted.,2033734610950230284,,,en,,1,0,0,https://x.com/undefined/status/2033734610950230284,1501874918,
2033372299773043013,Tue Mar 17 02:38:09 +0000 2026,0,@SUNNYCXMB OKIE umm tori I associate snow leopards/kitty cats and the colour light blue (like icy blue) and Jason I associate the colour red guns bats (somewhat) and motorbikes idk if any of those will pair well aghhh,2033734606931787910,,SUNNYCXMB,en,,0,0,0,https://x.com/undefined/status/2033734606931787910,1251422566805274625,
2033728026119168036,Tue Mar 17 02:38:07 +0000 2026,0,@MattDevittWX If people don t know weather is unpredictable by now but what we had here in SW Fl tonight was pretty unexpected I think? Waterspout on the Caloosahatchee some wild boom &amp; blue glow at my front door knocked our birdfeeder camera right out of the tree! and Canterbury school,2033734598555746656,,MattDevittWX,en,,0,0,0,https://x.com/undefined/status/2033734598555746656,1365054951148445701,
2033732540998291690,Tue Mar 17 02:38:07 +0000 2026,0,@djofairchild i'm a damn shame order more champagne- ronan: gansey: blue: noah: adam: ,2033734595842347398,,djofairchild,en,,0,0,0,https://x.com/undefined/status/2033734595842347398,1071861243613347845,
2033691103535436024,Tue Mar 17 02:38:05 +0000 2026,0,@TheRealSantino I don t know about this ( sounds like a distraction ) Is Jeff alive ? Is Jeff not ? Jeff Jeff Jeff Jiffy Jeff Jeff ! All I care about is protect children from being targeted by whoever is doing these bad things to kids Parents protect your children even more https://t.co/4KNllJTz3L,2033734588674281855,https://pbs.twimg.com/media/HDlG1G7bAAEKQVk.jpg,TheRealSantino,en,,0,0,0,https://x.com/undefined/status/2033734588674281855,1598137786413895680,
2033671065692512441,Tue Mar 17 02:38:04 +0000 2026,0,@oasishealthapp Why do you keep pushing carcinogens? AI bot? No one should eat ANY meat! Meat Cancer https://t.co/jAJXbECs2G We are being lied to about EVERYTHING! #MAHA Plant-Based 'Blue Zones' and 'China Study' healthiest and longest living!,2033734585985732738,,oasishealthapp,en,,0,0,0,https://x.com/undefined/status/2033734585985732738,1729518103065948160,
2033687379236855881,Tue Mar 17 02:38:03 +0000 2026,0,@teeray121 @JoelleAdler @amjadt25 No! We don't need or want more progressive blue states in the U.S.,2033734580864254171,,teeray121,en,,0,0,0,https://x.com/undefined/status/2033734580864254171,1811461194689200128,
2033726513187565661,Tue Mar 17 02:38:03 +0000 2026,3,@financedystop When the fuck is our government gonna step up and stop being a bunch of bitches? Ok sure there s some fast food quality issues/service. But this isn t the main factor AVG Americans are cutting spending cuz they re BROKE. More wars more debt more inflation. Red/blue same shit,2033734579446517932,,financedystop,en,,0,0,0,https://x.com/undefined/status/2033734579446517932,2887860554,
2033686140037845215,Tue Mar 17 02:38:02 +0000 2026,1,@WesternJournalX @TonySeruga Maybe our DOJ could ask the Chinese to get the voter registration lists from blue states so we could finally check them?,2033734575457780017,,WesternJournalX,en,,0,0,0,https://x.com/undefined/status/2033734575457780017,1521332263723622407,
2033734566184423470,Tue Mar 17 02:38:00 +0000 2026,110,Blue Velvet (1986) director: David Lynch https://t.co/CCgQHunqVD,2033734566184423470,https://pbs.twimg.com/media/HDj0bkzX0AAsB_b.jpg,,en,,0,0,15,https://x.com/undefined/status/2033734566184423470,1573735311556972544,
2033649952812109885,Tue Mar 17 02:38:00 +0000 2026,0,@qualitylearnc @grok add blue eyes to her https://t.co/R5a0tdtGWb,2033734566134092232,https://pbs.twimg.com/media/HDlGzbLboAA8Fja.jpg,qualitylearnc,en,,0,1,0,https://x.com/undefined/status/2033734566134092232,1218540363524128769,
2033734558303060319,Tue Mar 17 02:37:58 +0000 2026,0,u turn to bone baby blue,2033734558303060319,,,en,,0,0,0,https://x.com/undefined/status/2033734558303060319,1446987732228714506,
2033734557967782010,Tue Mar 17 02:37:58 +0000 2026,3,Whatever your reason vote blue! ,2033734557967782010,,,en,,0,0,2,https://x.com/undefined/status/2033734557967782010,404534607,
2033728552445571097,Tue Mar 17 02:37:57 +0000 2026,0,@TracesofTexas @RayBensonAATW Hot Rod Lincoln Cherokee Maid and House of Blue Lights are some of my favorites. There s no one like Ray Benson.,2033734554507178273,,TracesofTexas,en,,0,0,0,https://x.com/undefined/status/2033734554507178273,1648985614727929858,
2017293561461420051,Tue Mar 17 02:37:48 +0000 2026,1,@cindygrey67 I like red white &amp; blue on you,2033734516653568093,,cindygrey67,en,,0,0,0,https://x.com/undefined/status/2033734516653568093,1965959742582632450,
2033725494852784212,Tue Mar 17 02:37:45 +0000 2026,0,@NIKKE_en Blue women lovers are eating good and Rapi is in the chair like usual.,2033734503340941386,,NIKKE_en,en,,0,0,0,https://x.com/undefined/status/2033734503340941386,1695180475604582400,
2033677942740472064,Tue Mar 17 02:37:43 +0000 2026,0,@kaizoslop Love the good vs blue,2033734494566400084,,kaizoslop,en,,0,0,0,https://x.com/undefined/status/2033734494566400084,1487454430798700546,
2033725837225431101,Tue Mar 17 02:37:42 +0000 2026,0,@AutismCapital Have you seen Blue Eye Samurai? It's awesome,2033734492033339762,,AutismCapital,en,,0,0,0,https://x.com/undefined/status/2033734492033339762,1981553543401336832,
2033193398241571104,Tue Mar 17 02:37:39 +0000 2026,1,@draxofoy my fav fics have so much sun/moon imagery particularly in regards to the blue spirit/painted lady and any sort of sparring scenes.,2033734479957922242,,draxofoy,en,,0,1,0,https://x.com/undefined/status/2033734479957922242,1788374601233293312,
2033528760121856239,Tue Mar 17 02:37:39 +0000 2026,0,@terragonhara https://t.co/CUQc8Noihd haha partner? maybe he misses my presence? everyone makes a mistake sometimes no? 'his' blue eyes narrow. clear your doubts aside i promise it's just me [phainon]. ,2033734478779310130,,terragonhara,en,,0,1,0,https://x.com/undefined/status/2033734478779310130,2027678434269532165,
2033734459279773935,Tue Mar 17 02:37:34 +0000 2026,4,Didn't you already vote blue in the 2024 election? And the 2022 midterms? And the 2020 election? Wait could you guys even legally vote in 2020?,2033734459279773935,,,en,,0,0,0,https://x.com/undefined/status/2033734459279773935,1712821972214640641,
2033560844202590430,Tue Mar 17 02:37:28 +0000 2026,0,@MAGAnurseRN @appodlachia @CaseyPutschOhio Ohio blue state ,2033734433518588180,,MAGAnurseRN,en,,0,0,0,https://x.com/undefined/status/2033734433518588180,822728990,
2030723035045503442,Tue Mar 17 02:37:28 +0000 2026,0,@bez_sensu @OginyaGerc @Denis71027126 @berlinauskas The next regional election takes place on sunday in #RheinlandPfalz -- As the #Nazis (the blue bar below) will not play a critical role no need to worry. But in september there is one in #SachsenAnhalt -- There they are estimated at 39%. Hopefully war will be decided... https://t.co/pK5XQz3tps,2033734433006551249,https://pbs.twimg.com/media/HDlBb6eXUAAQ4rq.jpg,bez_sensu,en,,0,0,0,https://x.com/undefined/status/2033734433006551249,490893944,
2033621678815601132,Tue Mar 17 02:37:28 +0000 2026,1,@Alittledrewish @CaptAmazo Nice try I don t own a car blue check. Go suck a cog,2033734432633291043,,Alittledrewish,en,,0,0,0,https://x.com/undefined/status/2033734432633291043,719037010078470144,
2033734422038778125,Tue Mar 17 02:37:25 +0000 2026,0,Blue hair pa syaaaaa saglit lang baka kasi magbago sa taipei eh,2033734422038778125,,,tl,,0,0,0,https://x.com/undefined/status/2033734422038778125,1982410230911971328,
2033630250031329645,Tue Mar 17 02:37:19 +0000 2026,0,@mcdavid2tor @AaronMartinSFU @Hockey_Robinson At this stage of their respective development I think so. What Dahlin did at 16 was wild - playing U20 25+ games in the SHL - but similarly touted Swedish blue line prospects at the time were similarly accelerated (Liljegren Kylington) in their D minus-1. This is unprecedented,2033734397351145685,,mcdavid2tor,en,,0,1,0,https://x.com/undefined/status/2033734397351145685,169706895,
2033734341243568244,Tue Mar 17 02:37:17 +0000 2026,0, Weary Way Blues - Bechet-Nicholas Blue Five (1946);,2033734385959047359,,Eighthhouse,en,,0,0,0,https://x.com/undefined/status/2033734385959047359,83950567,
2033734379999269031,Tue Mar 17 02:37:15 +0000 2026,0,After like 3 weeks of wondering what happened to Kori Chambers I noticed that Nexstar / @PIX11News fired key people out of the blue. Time to find another news station. https://t.co/ogzqxi1G1M,2033734379999269031,https://pbs.twimg.com/media/HDlGo9YXIAArQgQ.jpg,,en,,0,0,0,https://x.com/undefined/status/2033734379999269031,2588191328,
2033709933905027413,Tue Mar 17 02:37:12 +0000 2026,1,@WSMV Now let's get some conservative politicians in these blue cities. Big influx of people hopefully red. Build the job market make TN the greatest state,2033734367021760820,,WSMV,en,,0,0,0,https://x.com/undefined/status/2033734367021760820,776850535160905728,
2033734364572344800,Tue Mar 17 02:37:12 +0000 2026,23,Kentucky s open practice at the Enterprise Center is set for 11:45 a.m. local time on Thursday. Would be awesome to see Big Blue Nation show up to support the Cats as March Madness begins!,2033734364572344800,,,en,,0,0,0,https://x.com/undefined/status/2033734364572344800,54604087,
2033566477232587096,Tue Mar 17 02:37:09 +0000 2026,0,@jacobfhsmith It s nice to see that you live in the solid blue state of NY whose electoral votes no Dem Presidential nominee will ever need your vote to win. https://t.co/3wvNj0BX3n,2033734354539524584,https://pbs.twimg.com/media/HDlGnUhWkAATxLO.jpg,jacobfhsmith,en,,0,0,0,https://x.com/undefined/status/2033734354539524584,1355528125044633600,
2033609396807209394,Tue Mar 17 02:37:09 +0000 2026,0,@DefiyantlyFree How can you not see that the more the Zionists seethe and make demands.....the more people will hate you. We all just lived through COVID and liberal TDS. You all may as well die your hair blue and take it to the streets. Thats how im viewing you now.,2033734354027893185,,DefiyantlyFree,en,,0,0,0,https://x.com/undefined/status/2033734354027893185,1500929906137522179,
2033666366415507720,Tue Mar 17 02:37:09 +0000 2026,0,@JamesAbrenio @ChazNuttycombe It s true there will be a blue wave this year but if you re evaluating a map it s better not to use a super outlier year like the one we re about to have (or had in 2018).,2033734353520628190,,JamesAbrenio,en,,0,0,0,https://x.com/undefined/status/2033734353520628190,210502098,
2033694855386345972,Tue Mar 17 02:37:08 +0000 2026,0,@MLFootball @LawsNation @ScooterMagruder @mtag1993 @tx_princess78 @_CeeDeeThree @dak Basic ngl put black and blue,2033734348369768799,,MLFootball,en,,0,0,0,https://x.com/undefined/status/2033734348369768799,1566689620808581120,
2033614128494112827,Tue Mar 17 02:37:06 +0000 2026,0,@emmasttan777 That s why Sathya chose blue as his favorite and lucky color.There are still many details left.,2033734339255775479,,emmasttan777,en,,0,0,0,https://x.com/undefined/status/2033734339255775479,1709247842596818945,
2033734334826320158,Tue Mar 17 02:37:05 +0000 2026,2,Punk big mad #WWERaw https://t.co/kkK6YG8OPd,2033734334826320158,https://pbs.twimg.com/tweet_video_thumb/HDlGmMaWYAAr_Xx.jpg,,en,,0,0,0,https://x.com/undefined/status/2033734334826320158,1992733650807607296,
2033725008799735863,Tue Mar 17 02:37:02 +0000 2026,5,@OfficialMONSTAX growing pains baby blue on our way heal feel u glass half empty main attraction enemies with benefits sorry to myself before you met me #MONSTAX #Unfold #몬스타엑스 #언폴드 here are my 10... I tried my best https://t.co/IG74orNwKs,2033734325896941911,https://pbs.twimg.com/media/HDlGUY3bEAAQw1_.jpg,OfficialMONSTAX,en,,0,0,0,https://x.com/undefined/status/2033734325896941911,1475394252343771144,
2033734319039012979,Tue Mar 17 02:37:01 +0000 2026,0,https://t.co/VVt2PJBSQW,2033734319039012979,,,zxx,,0,0,0,https://x.com/undefined/status/2033734319039012979,867133063,
2033734314484208103,Tue Mar 17 02:37:00 +0000 2026,2,Ad: Dropped via Shiekh Air Jordan 1 Mid University Blue/Midnight Navy/White =&gt; https://t.co/lxrRw0SOC9 https://t.co/AmVgurp9fJ,2033734314484208103,https://pbs.twimg.com/media/HDlGaWRaoAAYb_Y.jpg,,en,,0,0,0,https://x.com/undefined/status/2033734314484208103,2698270332,
2033734309396279679,Tue Mar 17 02:36:58 +0000 2026,0,//Star Rail leaks ...Wait is that a self-insert OC for Fluffy Across the Blue? Evanescia's a yumejoshi?,2033734309396279679,,,en,,0,1,0,https://x.com/undefined/status/2033734309396279679,1637923357088796674,
2033734308758954371,Tue Mar 17 02:36:58 +0000 2026,80,Afghan cricketers yalda hakim and blue tick Indian accounts instanly activated to spread their propaganda is all you need to know about this news. Meanwhile literally ambulances were targeted directly yesterday in KPK and not even many Pakistanis got time to tweet on it.,2033734308758954371,,,en,,0,3,21,https://x.com/undefined/status/2033734308758954371,1592531241009651714,
2033734286449201645,Tue Mar 17 02:36:53 +0000 2026,0,Crazy tweet cause ers didn t even go see Blue Beetle they wanna be us so bad it hurts ,2033734286449201645,,,en,,0,0,0,https://x.com/undefined/status/2033734286449201645,1145073339226083331,
2033432928429244534,Tue Mar 17 02:36:51 +0000 2026,1,@Amelia558rs You look fabulous in the blue dress!,2033734279411470839,,Amelia558rs,en,,0,0,0,https://x.com/undefined/status/2033734279411470839,2001237453894770699,
2033649653267284160,Tue Mar 17 02:36:49 +0000 2026,0,@Dapper_Det Quit talking about it and get these criminals out of our country! What happened to mass deportations? They haven't even touched my town where they are trickling in from blue states and red states whose cities are run by Demonrats!,2033734271051952410,,Dapper_Det,en,,0,0,0,https://x.com/undefined/status/2033734271051952410,723008468299313152,
2033734270066561119,Tue Mar 17 02:36:49 +0000 2026,0,BLUE COLLAR JOB https://t.co/1xcTeNSsqm,2033734270066561119,https://pbs.twimg.com/amplify_video_thumb/2033734161803186180/img/nlxTQR_2QJHmNdr0.jpg,,en,,0,0,0,https://x.com/undefined/status/2033734270066561119,1998929273135267840,
2033652441992818892,Tue Mar 17 02:36:47 +0000 2026,0,@vorynx_ @DiscussingFilm @sarfarazkhaniii That Dune Part 3 first look is pure spice-fueled menace those glowing blue eyes cracked skin and shadowed Fremen mask scream a darker Paul or awakened threat. Chilling intensity. Alternate scary variants from analyzing it: 1. Eyes with faint sandworm silhouettes in the,2033734262080319844,,vorynx_,en,,0,0,0,https://x.com/undefined/status/2033734262080319844,1720665183188922368,
2033733543730593808,Tue Mar 17 02:36:47 +0000 2026,7,Preciousと愁いのPrisonerどうかやってもらえませんかGLAY様 ずっとこの2曲聞いてますこの2曲しか聞いてません嘘ですBetty Blueも聞いてます(もう情緒が),2033734259299774724,,1IXVimbOSxwZ4Ok,ja,,0,0,0,https://x.com/undefined/status/2033734259299774724,1160943698978324485,
2033734259123409285,Tue Mar 17 02:36:46 +0000 2026,0,We played golden eye Zelda Perfect dark F zero FF(7 is my favorite) Vagrant story X-files Pokémon stadium Red blue gold silver Arcade games Plus Atari Honorably mention: Gostbusters on OG game boy,2033734259123409285,,,en,,0,0,0,https://x.com/undefined/status/2033734259123409285,1942017469880922112,
2033648963258065248,Tue Mar 17 02:36:46 +0000 2026,0,@WahabStatsHub If such stupidity can happen when I wake up my blue red shirt probably turned white too,2033734256955166970,,WahabStatsHub,en,,0,0,0,https://x.com/undefined/status/2033734256955166970,1814559305242451971,
2033734231814509010,Tue Mar 17 02:36:40 +0000 2026,0,yujin and matthew blue pcs otw ricky cgv offer in yujin cgv offer in . peak coping,2033734231814509010,,,en,,0,0,0,https://x.com/undefined/status/2033734231814509010,1210204128267423744,
2033628282780881200,Tue Mar 17 02:36:39 +0000 2026,0,@ElofsonJess The CARTELS run Mexico their President is named Sheinbaum? Yes there is safer areas to travel but you could be in the wrong place at the wrong time! In America the same a lot of the major cities in Blue States also not safe! Los Angeles Oakland San,2033734227850891726,,ElofsonJess,en,,0,0,0,https://x.com/undefined/status/2033734227850891726,1735801389631275008,
2033675138604961839,Tue Mar 17 02:36:37 +0000 2026,0,@LibOrNormal We have blue crab floats under our pier and drop hardshell crabs in the float and check it daily for molters pull them into an isolation float so they don't get cannibalized wait for them to lose the shell in full and then harvest them... Fry them up fresh..even make po boys ,2033734219738796059,,LibOrNormal,en,,0,0,0,https://x.com/undefined/status/2033734219738796059,1515729408023277571,
2033730999129903276,Tue Mar 17 02:36:33 +0000 2026,0,@Notyourav3 @jonsnowisa89759 @AlexFromCC The blue beetle won't but the black canary should appear.,2033734202231767043,,Notyourav3,en,,0,1,0,https://x.com/undefined/status/2033734202231767043,1916602339030618112,
2033630473419952464,Tue Mar 17 02:36:30 +0000 2026,0,@SpiderKnightART goongoong realizing he got another blue eyed blonde to add she finna drop with a blue n white color scheme,2033734190093525047,,SpiderKnightART,en,,0,0,0,https://x.com/undefined/status/2033734190093525047,1891631889573638144,
2033547422303957083,Tue Mar 17 02:36:30 +0000 2026,4,@FanMusk39325 Both stunning ..but blue without a doubt ,2033734189619532015,,FanMusk39325,en,,0,1,2,https://x.com/undefined/status/2033734189619532015,1683506325186048000,
2033516244943642889,Tue Mar 17 02:36:29 +0000 2026,0,@alissaplzz Blue,2033734184619905329,,alissaplzz,en,,0,0,0,https://x.com/undefined/status/2033734184619905329,1855465058526175232,
2033734174906138712,Tue Mar 17 02:36:26 +0000 2026,11,I m not sorry for what I m about to do which is post this dress a lot haha. Might be Top-3 Kendall looks for me ngl cus she looks so gorgeous (also cus I love blue) https://t.co/LWRl9bEsiw,2033734174906138712,https://pbs.twimg.com/media/HDlGdEIboAAg0fs.jpg,,en,,0,1,1,https://x.com/undefined/status/2033734174906138712,2000261475592765440,
2033702528903483891,Tue Mar 17 02:36:26 +0000 2026,0,@cambuleetft @Gangly_ @ClementKChu @TFT_Academy Might be the greatest tier 2 challenger of all time! https://t.co/BKHQaTNDUA,2033734171739189673,https://pbs.twimg.com/media/HDlGZmGWYAApq_3.png,cambuleetft,en,,0,0,0,https://x.com/undefined/status/2033734171739189673,1158771759962906628,
2033385812595974294,Tue Mar 17 02:36:24 +0000 2026,1,@RealJamesWoods Unload on the baby blue psycho,2033734164181045724,,RealJamesWoods,en,,0,0,0,https://x.com/undefined/status/2033734164181045724,1128872844,
2033725921786503642,Tue Mar 17 02:36:23 +0000 2026,0,@elyelgow Prefiro parar de navegar nas redes sociais do que usar o Blue Sky.,2033734159131201768,,elyelgow,pt,,0,0,0,https://x.com/undefined/status/2033734159131201768,3301941449,
2033730636712972334,Tue Mar 17 02:36:10 +0000 2026,0,@COOOLVIKASH @elonmusk The graph charts NYC's spending per street homeless person (DHS Street Homeless Solutions only) from FY19 to FY25 with a FY26 projection. Blue line (nominal): $28k → $82k (+187%) projected $97k. Black line (real 2019 dollars): up to $66k (+132%). Street homeless pop grew,2033734105888600156,,COOOLVIKASH,en,,0,0,0,https://x.com/undefined/status/2033734105888600156,1720665183188922368,
2033633367229415613,Tue Mar 17 02:36:06 +0000 2026,0,@RepTeresaLF Yeah you are dummer than you look to think coming on here spouting that lie and think we are stupid enough to believe that bull! You want to introduce billions of dollars in new spending and halt deportation! We need to remove the Blue! You don t stand for American citizens!,2033734087341723899,,RepTeresaLF,en,,0,0,0,https://x.com/undefined/status/2033734087341723899,1894639406939869184,
2033589405605138516,Tue Mar 17 02:36:05 +0000 2026,0,@gardenofcolours Soft Beige Cream White Sky Blue Peach Sunset https://t.co/KXmsimm3np,2033734086318022827,https://pbs.twimg.com/ext_tw_video_thumb/2033734066328027136/pu/img/2XHdKzOOREYM3zBQ.jpg,gardenofcolours,en,,0,0,0,https://x.com/undefined/status/2033734086318022827,954523692721205248,
2033539058925023283,Tue Mar 17 02:36:04 +0000 2026,1,@kohlism_18 navy blue hairband pehen ke post krna okay it'll look really pretty,2033734080073007247,,kohlism_18,en,,0,1,0,https://x.com/undefined/status/2033734080073007247,1809515708600184836,
2033734074955641343,Tue Mar 17 02:36:03 +0000 2026,1,My mom is taking me to the store tomorrow and idk if i should get the blue lock Manga with shidou on the cover or csm mabga,2033734074955641343,,,en,,0,0,0,https://x.com/undefined/status/2033734074955641343,2027744402819719168,
2033734067397558732,Tue Mar 17 02:36:01 +0000 2026,0,TWS Last bell Album POB PC Photocard Photo card P240 https://t.co/x8XhKhDEHM wts lfb ph ls sco shinyu dohoon youngjae hanjin jihoon kyungmin ld pob selca selfie poca pc photocard onhand sealed sparkling blue lucky our now last bell try boy https://t.co/iF490IeKyZ,2033734067397558732,https://pbs.twimg.com/media/HDlGW3gWoAAUvpU.jpg,,en,,0,0,0,https://x.com/undefined/status/2033734067397558732,1482548828721250304,
2033550856059260931,Tue Mar 17 02:36:00 +0000 2026,0,@MegalodonVT Math is blue ( secondary/alternative colour is yellow) English is red History is red ( its rival is Geography which is green) Science is orange I also differnciate subjects by size: Math and English are large books Science is a medium book History and geography are a small book,2033734063673012589,,MegalodonVT,en,,0,1,0,https://x.com/undefined/status/2033734063673012589,1713856973257494528,
2033432928429244534,Tue Mar 17 02:35:58 +0000 2026,0,@Amelia558rs The navy blue middle is beautiful!,2033734056760713685,,Amelia558rs,en,,0,0,0,https://x.com/undefined/status/2033734056760713685,1838785856519143424,
2033649952812109885,Tue Mar 17 02:35:57 +0000 2026,1,@qualitylearnc Hey @grok change her eyes colour in Blue https://t.co/UBuFWlCBOy,2033734052298297567,https://pbs.twimg.com/media/HDlGVm4bEAAWjB2.jpg,qualitylearnc,en,,0,1,0,https://x.com/undefined/status/2033734052298297567,834964564919861249,
2033734045562245175,Tue Mar 17 02:35:56 +0000 2026,1,昨日は『BLUE NOTE PLACE』へ。 開放的で上質な空間で聴く Neighbors Complainの 「Pitch441」Style。 音が心に染みわたり、 気持ちが整っていくような 幸せな時間でした️ ぜひ、いつかまた 「Pitch441」を #NBCP #Pitch441 https://t.co/EuBlfYjw3g,2033734045562245175,https://pbs.twimg.com/media/HDlGVM3bEAIyHc-.jpg,,ja,,0,0,0,https://x.com/undefined/status/2033734045562245175,1905115808977784832,
2033734044488503715,Tue Mar 17 02:35:55 +0000 2026,2,はてなブログに投稿しました 丸山隆平くん主演舞台『oasis』東京公演観劇 - 青嵐 Blue Storm 大野智くん Fan Blog https://t.co/T5fF8BCIK9 #はてなブログ,2033734044488503715,,,ja,,0,0,0,https://x.com/undefined/status/2033734044488503715,205507004,
2033717701882057023,Tue Mar 17 02:35:52 +0000 2026,18,@maddenifico @kangaroos991 If there was any justice after his handling of COVID he would have been prosecuted. Withholding PPE etc from blue states amounts to a crime against humanity.,2033734030047240423,,maddenifico,en,,0,2,1,https://x.com/undefined/status/2033734030047240423,1078214366,
2033734018320240907,Tue Mar 17 02:35:50 +0000 2026,0,to think i already cried to this by the time i was still 17... thanks to that girlie in my high school class who showed me the trilogy mvs of troye's blue neighborhood.,2033734021193338950,,Prime_42DE,en,,0,1,0,https://x.com/undefined/status/2033734021193338950,1623511687344300032,
2033734011751711205,Tue Mar 17 02:35:48 +0000 2026,0,David lynch for blue velvet️️️ woody allen ,2033734011751711205,,,en,,0,0,0,https://x.com/undefined/status/2033734011751711205,1584716182170619904,
2033725305265774964,Tue Mar 17 02:35:46 +0000 2026,0,@teatimecf ven a blue lock hay hasta clubs,2033734004067770758,,teatimecf,en,,0,0,0,https://x.com/undefined/status/2033734004067770758,1569199156165582849,
2033725008799735863,Tue Mar 17 02:35:40 +0000 2026,33,@OfficialMONSTAX Baby Blue/ Growing Pains/ On Our Way/ Heal/ Feel U/ Glass Half Empty/ Main Attraction/ Enemies with Benefits/ Sorry to Myself/ Before You Met Me 최선을 다해 보았읍니다... #MONSTAX #Unfold https://t.co/UzzflAcksr,2033733981720428691,https://pbs.twimg.com/media/HDlGRuoasAAw_8s.jpg,OfficialMONSTAX,en,,2,0,8,https://x.com/undefined/status/2033733981720428691,1304070774777475076,
2033733980164657302,Tue Mar 17 02:35:40 +0000 2026,0,Color is nuance as hell bcs it reflect what surrounds it that's why I personally don't treat color palette as something absolute. White can be blue under the night sky heck it could even transform to pink if something red reflected on it.,2033733980164657302,,,en,,0,0,0,https://x.com/undefined/status/2033733980164657302,236655906,
2033733976649564574,Tue Mar 17 02:35:39 +0000 2026,0,DEEP BLACK &amp; BLUE PROBLEMS: Hundreds of teens flood DC Navy Yard in chaotic takeover with gunfire. https://t.co/2a6XpD7znw,2033733976649564574,,,en,,0,0,0,https://x.com/undefined/status/2033733976649564574,329688737,
2033707364634005652,Tue Mar 17 02:35:38 +0000 2026,0,@ItIsHoeMath Mixing the red Tylenol and blue Advil liquid gels works great https://t.co/U7MO5EcOIp,2033733972019081697,https://pbs.twimg.com/tweet_video_thumb/HDlGRCCXEAAcknW.jpg,ItIsHoeMath,en,,0,0,0,https://x.com/undefined/status/2033733972019081697,287552584,
2033577256660955424,Tue Mar 17 02:35:37 +0000 2026,0,@jamelztrades Remove that ur Elon blue tick fund ur acct ,2033733966339915880,,jamelztrades,en,,0,0,0,https://x.com/undefined/status/2033733966339915880,1798663196556881920,
1768869340936589744,Tue Mar 17 02:35:36 +0000 2026,0,@KIIARA @OnlapMusic I m Gonna Give Him The Blue Truck I Got Out Back @KIIARA He Wants It For A Long Time Now I Wouldn t Sell It Had Plans For It But The White Truck Took It s Spot So When Dude Shows Up I m Gonna Surprise Him With The Blue Truck Called Paying It Forward @KIIARA Truck Was Free,2033733962267304002,,Detroit_Riddler,en,,0,1,0,https://x.com/undefined/status/2033733962267304002,1374800834412879872,
2033733958546927884,Tue Mar 17 02:35:35 +0000 2026,0,Abstract Poodle Art Print: Blue &amp; Yellow Dog Decor Signed https://t.co/7ISQp3Jtku #DogFishArtCo #Etsy #decor #art #Dog https://t.co/VwLiehNiOE,2033733958546927884,https://pbs.twimg.com/media/HDlGQdeWoAAOy2g.jpg,,en,,0,0,0,https://x.com/undefined/status/2033733958546927884,2342387252,
2033733957372809422,Tue Mar 17 02:35:35 +0000 2026,3,แม่รักน้องเฟิร์สมากนะ หนูบอก sky blue แม่ก็ sky blue #S26ultra512Gb https://t.co/XgKM8VdQXw,2033733957372809422,https://pbs.twimg.com/media/HDlGQJJacAA2ERl.jpg,,th,,0,0,1,https://x.com/undefined/status/2033733957372809422,1965346088640212992,
2033733929392369824,Tue Mar 17 02:35:28 +0000 2026,0,Has anyone heard the orange guy say he spoke to the blue guy in the past week?,2033733929392369824,,,en,,0,0,0,https://x.com/undefined/status/2033733929392369824,1346819383,
2033733924774449549,Tue Mar 17 02:35:27 +0000 2026,1,You win this round Dr. Pepper Zero Sugar https://t.co/YVyw8Y3Bq6,2033733924774449549,https://pbs.twimg.com/media/HDlGN-UbEAI8Uhw.jpg,,en,,0,1,0,https://x.com/undefined/status/2033733924774449549,870402613,
2033733918008979909,Tue Mar 17 02:35:25 +0000 2026,0,this blue on her wowowow,2033733918008979909,,,en,,0,0,0,https://x.com/undefined/status/2033733918008979909,1707489721071312896,
2033733917094908289,Tue Mar 17 02:35:25 +0000 2026,1,「BLUE REFLECTION」シリーズの思い出を大募集 私の #ブルリフお気に入りのエピソード・セリフ は↓,2033733917094908289,,,ja,,0,1,0,https://x.com/undefined/status/2033733917094908289,15387763,
2033733908584665542,Tue Mar 17 02:35:23 +0000 2026,0,Turned Cyan to Blue on Codeforces! #Codeforces #Expert #CompetitiveProgramming #CP https://t.co/1NBrfZFH6p,2033733908584665542,https://pbs.twimg.com/media/HDlGNkNa4AAupDm.jpg,,en,,0,0,0,https://x.com/undefined/status/2033733908584665542,1956410660436217856,
2033635491145236791,Tue Mar 17 02:35:22 +0000 2026,0,@RioTazewell Let s check all the states registrations. Why won t some blue states provide their information?,2033733905266970735,,RioTazewell,en,,0,0,0,https://x.com/undefined/status/2033733905266970735,1462827222239256578,
2033733895011594547,Tue Mar 17 02:35:20 +0000 2026,0,Day 16 Kyoryu Sentai Zyuranger (Heisei Era) (1992) Mighty Morphin Power Rangers Season 1 (Zordon Era) (1993) Rangers in the game: TyrannoRanger/MMPR Red TriceraRanger/MMPR Blue TigerRanger/MMPR Yellow MammothRanger/MMPR Black PteraRanger/MMPR Pink DragonRanger/MMPR Green,2033733895011594547,,,in,,0,1,0,https://x.com/undefined/status/2033733895011594547,1855137273999679488,
2033733374628725141,Tue Mar 17 02:35:18 +0000 2026,3,@20longisland @penguins @VectorSecurity Stop worrying about us and instead worry about the Blue Jackets that are hot on your heels.,2033733888544014373,,20longisland,en,,0,0,0,https://x.com/undefined/status/2033733888544014373,1878564396898873344,
2033733887021687090,Tue Mar 17 02:35:18 +0000 2026,0,The sky is blue and once again I yearn for the reckless unbridled innocence of my youth https://t.co/nkCDdHDZ2m,2033733887021687090,https://pbs.twimg.com/tweet_video_thumb/HDlGL7VbEAEa60V.jpg,,en,,0,0,0,https://x.com/undefined/status/2033733887021687090,887727181144571904,
2033730999129903276,Tue Mar 17 02:35:18 +0000 2026,2,@BeyondReporter_ @jonsnowisa89759 @AlexFromCC U have literally no credibility. Also is blue beetle in brand new day?,2033733886400971100,,BeyondReporter_,en,,0,1,0,https://x.com/undefined/status/2033733886400971100,1967931748744110080,
2033733884320334285,Tue Mar 17 02:35:17 +0000 2026,2, Shohei Ohtani 2025 Topps Stadium Club #58 Light Blue Foil parallel! Stunning photography + a gorgeous foil finish on the best-looking set in baseball. NM+ only $18.99 or best offer! https://t.co/Kf0KRSKean #ShoheOhtani #Dodgers #StadiumClub #ToppsStadiumClub #eBay,2033733884320334285,,,en,,0,0,1,https://x.com/undefined/status/2033733884320334285,1997052465062334465,
2033733882202222719,Tue Mar 17 02:35:17 +0000 2026,0,Colors (1988) - Drive-By Scene (1/10) | Movieclips https://t.co/c07M6dCuMB via @YouTube Dark blue over here knows about the heat of a blue flame in incinerating human carcass after good kills outside governmental influence jurisdiction power and prowess.,2033733882202222719,,,en,,0,0,0,https://x.com/undefined/status/2033733882202222719,1646469955037036545,
2033733881325879457,Tue Mar 17 02:35:16 +0000 2026,0,@ENVtubersif this is all it takes for you to ban someone out of the blue whom is being accused of tracing ai without proof being presented and not giving a warning talking with the person accused before a ban is messed up. and i believe it breaks some of DC TOS. https://t.co/9oYEKhMFT9,2033733881325879457,https://pbs.twimg.com/media/HDlGDcebEAAFTs2.jpg,,en,,0,1,0,https://x.com/undefined/status/2033733881325879457,1996004502718320640,
2033649952812109885,Tue Mar 17 02:35:12 +0000 2026,1,@qualitylearnc Hey @grok change her eyes colour in Blue,2033733863122579548,,qualitylearnc,en,,0,1,0,https://x.com/undefined/status/2033733863122579548,834964564919861249,
2033696398621765924,Tue Mar 17 02:35:12 +0000 2026,1,@KeruboSk Old formula: White collar workers shower in the morning. Blue collar workers shower at night. I knew a man who worked in the mines. He definitely needed to shower after a day of work in the mines.,2033733860958048508,,KeruboSk,en,,0,0,0,https://x.com/undefined/status/2033733860958048508,34850536,
2033733851072151652,Tue Mar 17 02:35:09 +0000 2026,0,Check out what I'm selling: Kids Fantasia Micky Mouse Headband - Blue and Black: Get up to $20 off* when you use my code SFWQBU to sign up for Mercari. *Terms apply #mercari https://t.co/pgEAexjcTK https://t.co/LQi40OnHCF,2033733851072151652,https://pbs.twimg.com/media/HDlGKMfWYAA3jr-.jpg,,en,,0,0,0,https://x.com/undefined/status/2033733851072151652,964304995083538432,
2033681762442994054,Tue Mar 17 02:35:08 +0000 2026,1,@MilaTheArtsy fun fact adachi rei is arguably the only vocal synth character to exist irl. there's no 16 year old blue green hair with pigtails artist out there or 30 something year old chimera either. but adachi rei is real. she's in missile's basement. doomscrolling or some shit,2033733847481999469,,MilaTheArtsy,en,,0,0,0,https://x.com/undefined/status/2033733847481999469,929925046516117504,
2033733831421989294,Tue Mar 17 02:35:05 +0000 2026,1,TikTokが10万フォローになりそう！ 皆さんありがとう BLUE GENS / ブルージェンズの投稿動画を楽しみましょう！#TikTok https://t.co/YRDDZe3lr8,2033733831421989294,,,ja,,0,0,0,https://x.com/undefined/status/2033733831421989294,237579639,
2033733826724433954,Tue Mar 17 02:35:03 +0000 2026,0,Whether it s a villa in Bahria or an office in Blue Area we bring the same speed and care. Our fleet is ready are you? 0344-8945008 https://t.co/5SkHKSdN1S #RampantMovers #Islamabad #MoversAndPackers #Logistics https://t.co/20VxKElkGl,2033733826724433954,https://pbs.twimg.com/media/HDlGIyAXwAAOoMe.jpg,,en,,0,0,0,https://x.com/undefined/status/2033733826724433954,2016516722782883841,
2033728463446684093,Tue Mar 17 02:35:00 +0000 2026,0,the deepest shade of blue made by mixing indigo with black. So blue it's black...black ice transparent treacherous : guilty of or involving betrayal or deception. Black ice is what they mean when they talk about transparency. https://t.co/ax62MUdp3m,2033733812908159136,https://pbs.twimg.com/media/HDlEeVKXcAA1Lon.jpg,telohno,en,,0,1,0,https://x.com/undefined/status/2033733812908159136,48763781,
2033733811293589785,Tue Mar 17 02:35:00 +0000 2026,38,% https://t.co/zWhKChxppu,2033733811293589785,https://pbs.twimg.com/media/HDjA29CaQAAytOe.png,,und,,0,1,19,https://x.com/undefined/status/2033733811293589785,1518584942778888192,
2033649945924817225,Tue Mar 17 02:34:58 +0000 2026,0,@barkmeta88 @barkmeta YO SIGN ME UP I CANT BELIEVE THIS I GET TO COPY TRADE BARK. HELL YEA NO BLUE CHECKMARK MAN. CANT WAIT HELL YEA DUDE,2033733806029484233,,barkmeta88,en,,0,0,0,https://x.com/undefined/status/2033733806029484233,1913345639305584640,
2033715278605955292,Tue Mar 17 02:34:58 +0000 2026,0,@DT2ComicsChat I mean before I did a deep dive into her rogues gallery I always identified her big 3 villains as Cheetah Giganta &amp; Dr. Psycho. I knew of Dr. Poison Blue Snowman Baroness Paula Von Gunther Ares &amp; Circe too.,2033733804578271501,,DT2ComicsChat,en,,0,0,0,https://x.com/undefined/status/2033733804578271501,1526522450,
2033372265958473876,Tue Mar 17 02:34:56 +0000 2026,0,@ErikaC47 You are orginal! Ben looks better on the midget horse! Candice would look a lot better on like a blue whale or an African elephant. The strongest animal.,2033733794616971651,,ErikaC47,en,,0,0,0,https://x.com/undefined/status/2033733794616971651,1658871570734145543,
2033702301077045288,Tue Mar 17 02:34:54 +0000 2026,1,@NAZUKlSSER oh my god the blue is like rabits blue.. the circle pouch also being the perfect size for a manju,2033733789151592908,,NAZUKlSSER,en,,0,1,0,https://x.com/undefined/status/2033733789151592908,1989703619625848833,
2033559732989137056,Tue Mar 17 02:34:53 +0000 2026,0,@VeronikaWache @NaomiSeibt @Alice_Weidel There's nothing you can teach me. I'm familiar with this leftist propaganda that tries to make us believe blue eyes originated in Asia. That's false. We now know that it was a Celtic people who migrated to this region.,2033733784504340765,,VeronikaWache,en,,0,1,0,https://x.com/undefined/status/2033733784504340765,1506339055595831298,
2033568995928842638,Tue Mar 17 02:34:52 +0000 2026,0,@chlopat00 Blue,2033733778862977247,,chlopat00,en,,0,0,0,https://x.com/undefined/status/2033733778862977247,1561784915003334657,
2033648466925392101,Tue Mar 17 02:34:52 +0000 2026,0,@Yeegrek @CFBGuy999 If it was a more blueish grey it could work. Outlined against a blue grey October sky... and all that ‍️,2033733778393469391,,Yeegrek,en,,0,0,0,https://x.com/undefined/status/2033733778393469391,400797628,
2033701557124882801,Tue Mar 17 02:34:51 +0000 2026,0,@SeanieQdup @MarioNawfal The peacetime U.S. civil flag per historical claims and designs used by some groups has 13 vertical alternating red and white stripes with a blue canton containing white stars in the upper left corner. This differs from the standard national flag's horizontal stripes which,2033733773548798245,,SeanieQdup,en,,0,1,0,https://x.com/undefined/status/2033733773548798245,1720665183188922368,
2033733764933726435,Tue Mar 17 02:34:49 +0000 2026,1,Hakita would put a big blue orb so I would recommend that,2033733764933726435,,,en,,0,0,0,https://x.com/undefined/status/2033733764933726435,995047712222597121,
2033733763977404611,Tue Mar 17 02:34:48 +0000 2026,13,There are two sets of rules for teachers. If a Conservative teacher were have a blue lives matter or pro-life flags hanging up in their classrooms they would be written up and their jobs would be threatened. A leftist teacher can hang a PRIDE flag and get teacher of the year.,2033733763977404611,,,en,,0,1,7,https://x.com/undefined/status/2033733763977404611,1371925386854993920,
2033730636712972334,Tue Mar 17 02:34:47 +0000 2026,1,@elonmusk It s all about stealing the $ they just find another program to steal if u live in a blue state run by majority democrats run while u have a chance it ain t never gonna get better there s no smart voters left in those states ,2033733757359034375,,elonmusk,en,,0,0,0,https://x.com/undefined/status/2033733757359034375,1992346171155918848,
2033733755886616720,Tue Mar 17 02:34:47 +0000 2026,1,And take a look at every big blue city in this country. It's beyond comprehension.,2033733755886616720,,,en,,0,0,0,https://x.com/undefined/status/2033733755886616720,1694779350887940096,
2033732553660576124,Tue Mar 17 02:34:46 +0000 2026,0,@OANN @RepSheriBiggs @ChanelRion Let's hope they go to the blue states,2033733753575501824,,OANN,en,,0,0,0,https://x.com/undefined/status/2033733753575501824,1845962823681429504,
2033732554382070198,Tue Mar 17 02:34:45 +0000 2026,8,@obeydulX Blue badge or not let s grow,2033733749481800110,,obeydulX,en,,0,1,0,https://x.com/undefined/status/2033733749481800110,745336305429553152,
2033635491145236791,Tue Mar 17 02:34:45 +0000 2026,0,@RioTazewell Great! Now do the same in any Blue city in California or New York or Minnesota ,2033733747888296260,,RioTazewell,en,,0,0,0,https://x.com/undefined/status/2033733747888296260,1751962131107586048,
2032994581625627050,Tue Mar 17 02:34:43 +0000 2026,0,@nsha1995 @NOWTRND غادر الذكوري https://t.co/LSYWFMwDdF,2033733740812238876,https://pbs.twimg.com/tweet_video_thumb/HDlGDeLWwAEwmR9.jpg,nsha1995,ar,,0,0,0,https://x.com/undefined/status/2033733740812238876,1386540104404115458,
2033715910947553585,Tue Mar 17 02:34:39 +0000 2026,0,@hochulmandered @celeste43_ I agree he s very cooked but if it s like a blue tsunami he could pull a McIntyre 2012,2033733725742129411,,hochulmandered,en,,0,2,0,https://x.com/undefined/status/2033733725742129411,1467388392648458241,
2033321263427473800,Tue Mar 17 02:34:36 +0000 2026,0,@Blxntzi @ayekeeno Wait where is Blue face landed shots? You re just showing all of Chibus misses. My boy BlueFace did not land a single solid punch the whole fight lol.,2033733710852591989,,Blxntzi,en,,0,1,0,https://x.com/undefined/status/2033733710852591989,1969978016257523712,
2033615864918950398,Tue Mar 17 02:34:35 +0000 2026,0,@kiyomimilan Spawn Blue Marvel and Storm are probably objectively the correct answer not even the intelligence gap with Terrific T'Challa and Cyborg would be enough to bridge the gap in power.,2033733706171502630,,kiyomimilan,en,,0,0,0,https://x.com/undefined/status/2033733706171502630,1090936864587112448,
2032341511455543449,Tue Mar 17 02:34:34 +0000 2026,0,@Agatie7 Blue,2033733704913186984,,Agatie7,en,,0,0,0,https://x.com/undefined/status/2033733704913186984,2016868551181680640,
2033731519609770359,Tue Mar 17 02:34:34 +0000 2026,0,@bubbleboi you mean a blue barrel right ? https://t.co/RmuM7buJ98,2033733703038574630,https://pbs.twimg.com/tweet_video_thumb/HDlGBZBbAAATmm2.jpg,bubbleboi,en,,0,0,0,https://x.com/undefined/status/2033733703038574630,1646352828674473985,
2033733702946328584,Tue Mar 17 02:34:34 +0000 2026,2,Blue hair calm mind #soutaart https://t.co/1xKSJQY2Cq,2033733702946328584,https://pbs.twimg.com/media/HDlGBlnbgAAeODb.jpg,,en,,0,0,1,https://x.com/undefined/status/2033733702946328584,2014880745547038721,
2033733702891786393,Tue Mar 17 02:34:34 +0000 2026,25,Yellow or Blue https://t.co/ItPX1AQkja,2033733702891786393,https://pbs.twimg.com/ext_tw_video_thumb/2033733674366341121/pu/img/l6M0R1853yKf-RQm.jpg,,en,,0,20,1,https://x.com/undefined/status/2033733702891786393,1022829169162383360,
2033733699939013062,Tue Mar 17 02:34:33 +0000 2026,0,Some states haven t aligned their tax codes with recent federal Working Families Tax Cuts. As a result residents may miss out on relief for tips overtime pay and certain deductions at the state level. https://t.co/kEZkgtabDZ https://t.co/Z1XRsGCWqk,2033733699939013062,https://pbs.twimg.com/media/HDlF7qobEAEklhC.jpg,,en,,0,0,0,https://x.com/undefined/status/2033733699939013062,3286377386,
2033375456653672488,Tue Mar 17 02:34:32 +0000 2026,0,@hayasaka_aryan @CarterJahad Mexicans didn t even watch an actual Mexican in a DC superhero movie Blue Beetle yall only care when it has Black ppl in it. Yall wanna be us so bad it hurts ,2033733694637134108,,hayasaka_aryan,en,,0,0,0,https://x.com/undefined/status/2033733694637134108,1145073339226083331,
2033733684210372820,Tue Mar 17 02:34:29 +0000 2026,0,新製品！Pulsar Pulsar eS FS1 Pulsar e S Blue 24 800円　PulsarとVAXEEによって共同開発されたゲーミングマウスです https://t.co/LRATlhs6pv,2033733684210372820,https://pbs.twimg.com/media/HDlGAbXa4AAkL7y.jpg,,ja,,0,0,0,https://x.com/undefined/status/2033733684210372820,3317471348,
2033483520044101873,Tue Mar 17 02:34:29 +0000 2026,0,@InternetH0F They're up to something. That shirt is NOT blue!,2033733683358609435,,InternetH0F,en,,0,0,0,https://x.com/undefined/status/2033733683358609435,1252463643993702401,
2033696398621765924,Tue Mar 17 02:34:28 +0000 2026,0,@KeruboSk White collar shower in the morning to look good. Us blue collar boys shower off the days sweat before hitting the sheets with the lady. Pretty simple.,2033733678082232655,,KeruboSk,en,,0,0,0,https://x.com/undefined/status/2033733678082232655,1809012807578628096,
2033432928429244534,Tue Mar 17 02:34:26 +0000 2026,1,@Amelia558rs She looks great in the navy blue.. coming from a 62 year old. She looks amazing in the blue,2033733668435595580,,Amelia558rs,en,,0,0,0,https://x.com/undefined/status/2033733668435595580,2984953839,
2033708738998067398,Tue Mar 17 02:34:25 +0000 2026,0,@Slammin_Sammiee id take a blue and black with white outlines but this is abit much,2033733664891076889,,Slammin_Sammiee,en,,0,0,0,https://x.com/undefined/status/2033733664891076889,1011448305992077313,
2033153008431689959,Tue Mar 17 02:34:25 +0000 2026,0,@RigoIrizarry How about a pale blue? Your vase would stand out!,2033733664379703345,,RigoIrizarry,en,,0,0,0,https://x.com/undefined/status/2033733664379703345,988615925380218880,
2033484617882484893,Tue Mar 17 02:34:25 +0000 2026,0,@PromptTip @TheDarkHumours She's an unnamed burlesque/cabaret dancer doing a sultry flight-attendant fantasy routine in a glossy blue latex-style outfit (pilot cap long gloves pleated mini skirt). Guy in pilot uniform sings behind her. Likely a resident performer at a high-end nightclub no public name,2033733664106766758,,PromptTip,en,,0,0,0,https://x.com/undefined/status/2033733664106766758,1720665183188922368,
2033733661401436432,Tue Mar 17 02:34:24 +0000 2026,2,doing this because Kozue s bored nickname: sanya cheese! prns: she/her height: 5'3 sexuality: pan smokes: yes piercings: 5 tattoos: one day...... fav color: blue fav drink: blueberry tea and non-stop fav food: everything with cheese fav animal: idk i love all of them :3,2033733661401436432,,,en,,0,1,0,https://x.com/undefined/status/2033733661401436432,1927793924959080448,
2033733654095319266,Tue Mar 17 02:34:22 +0000 2026,3,growing pains ️ baby blue ↙️ on our way️ heal ⬇️ feel u⬇️ glass half empty️ attraction️ enemies with benefits️ sorry to myself️ before you met me ⬅️ #몬스타엑스 #MONSTAX #Unfold https://t.co/RXxFuW9eCa,2033733654095319266,https://pbs.twimg.com/media/HDlEYtWbEAEC4sW.jpg,,en,,0,1,0,https://x.com/undefined/status/2033733654095319266,1540231356089004032,
2033540604840337635,Tue Mar 17 02:34:22 +0000 2026,1,@BGatesIsaPyscho Yes there was an assault on our blue sky yesterday in Sydney. Checked the flight radar &amp; the plane wasn t on it. Sneaky. They only allowed us 2 days of sunshine after 3 weeks of cloud before they eliminated it so we have thick coverage today &amp; stinking heat. The clouds trap heat https://t.co/djkaVojYPM,2033733653365403864,https://pbs.twimg.com/media/HDlF-jJbEAIhCAX.jpg,BGatesIsaPyscho,en,,0,0,0,https://x.com/undefined/status/2033733653365403864,876783004026159105,
2033733628740468839,Tue Mar 17 02:34:16 +0000 2026,1,كل هذولا في هذي الغرفة ميزانيه الدرامات العائلية ترفع ضغطي اتابع وانا مغمضه https://t.co/5dqhoOL6n2,2033733628740468839,https://pbs.twimg.com/media/HDkCjTVbEAACCFX.jpg,,ar,,0,1,0,https://x.com/undefined/status/2033733628740468839,2016754689543393282,
2033721322786697432,Tue Mar 17 02:34:14 +0000 2026,0,@TidyWire It's a blue check Mark twitter account... You're expecting to much for someone who is either a bot or a person so brain dead they might as well be an organic bot,2033733620053979190,,TidyWire,en,,0,0,0,https://x.com/undefined/status/2033733620053979190,1759319224604938240,
2033733327635579136,Tue Mar 17 02:33:04 +0000 2026,129,Never let anyone tell you Purdue is not a blue blood ‍️ https://t.co/6vRXw5tVdt,2033733327635579136,https://pbs.twimg.com/media/HDlFrrkbEAIsGkX.jpg,,en,,0,7,3,https://x.com/undefined/status/2033733327635579136,1807113786475569152,
2033733325354090529,Tue Mar 17 02:33:04 +0000 2026,3,Keepin it Orange and Blue EP 185 - #illini head to Greenville with MUCH to prove. Bracket breakdown https://t.co/DUvu2PcBVS,2033733325354090529,,,en,,1,0,1,https://x.com/undefined/status/2033733325354090529,1158440594915639298,
2033733316357030115,Tue Mar 17 02:33:02 +0000 2026,0,I really wanna try sketching a page for Blue Parasite Fire is like my favorite thing to draw and my brain vision for the page has a LOT of it,2033733316357030115,,,en,,0,0,0,https://x.com/undefined/status/2033733316357030115,1612156885100019717,
2032819524710412681,Tue Mar 17 02:33:02 +0000 2026,0,@HuaaaofMing @Hope_hans_ @AuthorXoXie @mitchelgoodluck Then how does Roku bend blue flames when he s never done it before in a regular area? https://t.co/ulAKVILDXt,2033733316256350476,https://pbs.twimg.com/media/HDlFqqeWEAAX-pv.jpg,HuaaaofMing,en,,0,0,0,https://x.com/undefined/status/2033733316256350476,1346503378877214720,
2033348326704152903,Tue Mar 17 02:33:02 +0000 2026,0,@stalz83 @TwinkTheory @nate23297839 Barbie Ferreira dropped a ton of weight recently. She hit the 2026 Oscars red carpet in a blue corset gown by Zac Posen for GapStudio looking way slimmer than her Euphoria days. Ozempic speculation is everywhere (insiders claim she used it to boost her career) but she hasn't,2033733315593650481,,stalz83,en,,0,0,0,https://x.com/undefined/status/2033733315593650481,1720665183188922368,
2033733313798537646,Tue Mar 17 02:33:01 +0000 2026,0,Was @garthbrooks the biggest country star of the 90s? Yes or yes. https://t.co/X6zvZC8aCO,2033733313798537646,https://pbs.twimg.com/media/HDlFq-4WIAAVOO-.jpg,,en,,0,1,0,https://x.com/undefined/status/2033733313798537646,1978787466128535552,
2033698935953371194,Tue Mar 17 02:33:01 +0000 2026,0,@coolcoraaaa it came out of the blue,2033733311437107296,,coolcoraaaa,en,,0,0,0,https://x.com/undefined/status/2033733311437107296,2025777140541935616,
2033685173175218505,Tue Mar 17 02:32:57 +0000 2026,0,@JoshWoomfnpig25 Ya that s not the point of the post obviously may &gt; pope all I m saying is no one in country is taking a 4-5 million dollar pay cut to go to Michigan or any other school over a blue blood like Kentucky Duke UNC.,2033733295368802648,,JoshWoomfnpig25,en,,0,2,0,https://x.com/undefined/status/2033733295368802648,1359879654673440768,
2033561221413163369,Tue Mar 17 02:32:56 +0000 2026,0,@AllTwistedHopes @FoxCapHill @Ric_RTP If you think this thing is going to just flip and all the educated people become the poor you're probably a blue collar worker which is great but you're a bit too much wishful thinking. Not gonna happen. But trades are a great business to be in for stability.,2033733291136725102,,AllTwistedHopes,en,,0,0,0,https://x.com/undefined/status/2033733291136725102,4637491970,
2033733285507920362,Tue Mar 17 02:32:54 +0000 2026,0,#nw Perfect Blue https://t.co/aHLo8J6JyX,2033733285507920362,https://pbs.twimg.com/tweet_video_thumb/HDlFpIzXsAAnl1t.jpg,,en,,0,0,0,https://x.com/undefined/status/2033733285507920362,1176925822067904512,
2033715910947553585,Tue Mar 17 02:32:54 +0000 2026,0,@hochulmandered @CTDemocrat8 Davis has a shot but he needs some big turnout advantage/low rural white turnout in NC. Which idk if that happens with how many big elections NC has. Or he needs massive persuasion/a big blue wave.,2033733285088543015,,hochulmandered,en,,0,1,0,https://x.com/undefined/status/2033733285088543015,315231590,
2033733277673263364,Tue Mar 17 02:32:52 +0000 2026,0,Ave María 7.7.25 Lookbook part 1 of 2: 1. Blue Pinstripe Embroidered Shirt with our silk Ave María Tie 2. Ave wardrobe 3 &amp; 4. Jesus Hoodie 5. 6. 7. Waxed Jacket 8. 9. 10. Dirty Blue Zip-Up 11. Angel LS Shirt 12. Ave Maria Tie 13. Waxed Jacket 14. Emb... https://t.co/WFyIhElXD2,2033733277673263364,https://pbs.twimg.com/media/HDlFmeta8AAjMFx.jpg,,en,,0,0,0,https://x.com/undefined/status/2033733277673263364,2019676548371267584,
2033733275815186498,Tue Mar 17 02:32:52 +0000 2026,0,I do wish Yushi liked his blue hair Perhaps songbird era was just a whole thing. And here s me asking for another songbird. I d like another songbird song please,2033733275815186498,,,en,,0,0,0,https://x.com/undefined/status/2033733275815186498,774028406208000000,
2033727440900555046,Tue Mar 17 02:32:51 +0000 2026,1,@ClavicularNews Blue moggin,2033733273193746573,,ClavicularNews,en,,0,0,0,https://x.com/undefined/status/2033733273193746573,2016566982066196480,
2033733266709025250,Tue Mar 17 02:32:50 +0000 2026,2,At 8:26 PM EDT 3 SW Milton [Norfolk Co MA] Mesonet reports Non-Tstm Wnd Gst of M77 MPH. Mesonet station CW2236 Milton (Blue Hill). #mawx https://t.co/NubRK27CtP https://t.co/tWjJwwr8SU,2033733266709025250,https://pbs.twimg.com/media/HDlFoQZXcAAxE2B.jpg,,en,,0,0,0,https://x.com/undefined/status/2033733266709025250,34918440,
2033733258001690804,Tue Mar 17 02:32:48 +0000 2026,0,At 8:26 PM EDT 3 SW Milton [Norfolk Co MA] Mesonet reports Non-Tstm Wnd Gst of M77 MPH. Mesonet station CW2236 Milton (Blue Hill). #mawx https://t.co/vQWYltmpan https://t.co/qzd2PN32km,2033733258001690804,https://pbs.twimg.com/media/HDlFnxLX0AAOoxZ.jpg,,en,,0,0,0,https://x.com/undefined/status/2033733258001690804,1447911950516723715,
2033696398621765924,Tue Mar 17 02:32:43 +0000 2026,0,@KeruboSk I've been both. When I was a blue collar guy at night made sense. Dirty when I got home plus having to be up at 445 AM made evening showers obvious. As an office guy now morning is the only way to go.,2033733239077015631,,KeruboSk,en,,0,0,0,https://x.com/undefined/status/2033733239077015631,163650772,
2033733233649635792,Tue Mar 17 02:32:42 +0000 2026,0,Jem doll Aja https://t.co/Cui7LQ7NUz,2033733233649635792,,,pl,,0,0,0,https://x.com/undefined/status/2033733233649635792,1021975012486656000,
2033518505669083202,Tue Mar 17 02:32:41 +0000 2026,0,@TheProjectUnity A recent thought I've had after hearing more positive's about mythelyne blue particularly on how it gets to the heart and brain it brought to mind Egyptian blue with a musing wondering what if they ingested it and if they did would it have profound effects on the creative ,2033733229019033687,,TheProjectUnity,en,,0,0,0,https://x.com/undefined/status/2033733229019033687,1409901515146473473,
2033733222308393360,Tue Mar 17 02:32:39 +0000 2026,0,Blue Box ブルーピロー 枕 (柔眠 8cm) まくら ホテル仕様低反発枕 首サポート -31% ￥4 380 ¥2000 OFFクーポン ポイント: 128pt (2%) https://t.co/C8BtyL3bp9 バスマット 速乾 吸水 ふわふわ 厚手 洗える おしゃれ お風呂マット マ -24% ￥1 134 https://t.co/JPCbEoySL1 バスマット 速乾 吸水,2033733222308393360,,,ja,,0,0,0,https://x.com/undefined/status/2033733222308393360,1463696839098572802,
2033372377849979195,Tue Mar 17 02:32:39 +0000 2026,0,@iSINMATES Blue,2033733221226074406,,iSINMATES,en,,0,0,0,https://x.com/undefined/status/2033733221226074406,1875408105632378880,
2033733202658177302,Tue Mar 17 02:32:35 +0000 2026,8,GROWING PAINS ON OUR WAY GLASS HALF EMPTY MAIN ATTRACTION ENEMIES WITH BENEFITS SORRY TO MYSELF BABY BLUE HEAL SUN BEFORE YOU MET ME https://t.co/NLSjQDEVZe,2033733202658177302,https://pbs.twimg.com/media/HDlFkZYbEAEu9G4.jpg,,en,,0,0,5,https://x.com/undefined/status/2033733202658177302,1673420153076215826,
2033733198488674651,Tue Mar 17 02:32:34 +0000 2026,0,fue la cruda o blue monday?,2033733198488674651,,,es,,0,0,0,https://x.com/undefined/status/2033733198488674651,1878017646735568896,
2033709910282633340,Tue Mar 17 02:32:31 +0000 2026,0,@Powerfm987 @KeaNcube Dumela Ngwana ko hae and the team Madlanga Commission relates the depth exposing the depth that we aren't protected at all yet continue to pay criminals in blue...sies Now chickens are coming to roast....banna!!! Melancholy only... nothing under the sun goes unexposed Danko,2033733187147370898,,Powerfm987,en,,0,0,0,https://x.com/undefined/status/2033733187147370898,2381503271,
2033733179152990337,Tue Mar 17 02:32:29 +0000 2026,0,It's time to get a refund for the blue check,2033733179152990337,,,en,,0,0,0,https://x.com/undefined/status/2033733179152990337,1759594757595009024,
2033699759752454614,Tue Mar 17 02:32:25 +0000 2026,0,@awood310 @Jrwebster79 @AngelaBelcamino Like no I won t stfu. Peace through strength is one of the many reasons Trump won the election. If you don t like it get out there and rally up enough liberals to vote blue next election. Until then step aside and let Trump do the job he was elected to do.,2033733162556150089,,awood310,en,,0,1,0,https://x.com/undefined/status/2033733162556150089,1654695862835052550,
2033695917098844533,Tue Mar 17 02:32:22 +0000 2026,1,@BlueCzKitsune Anytime Blue! ,2033733147758567766,,BlueCzKitsune,en,,0,0,0,https://x.com/undefined/status/2033733147758567766,1776661385088221184,
2033656711119053188,Tue Mar 17 02:32:21 +0000 2026,0,@poppetjesgordij @MeriTyping Mister blue?,2033733146777133186,,poppetjesgordij,en,,0,0,0,https://x.com/undefined/status/2033733146777133186,1970369688338092032,
2033733127944671266,Tue Mar 17 02:32:17 +0000 2026,0,Kendall Jenner Puts A Supermodel Spin On A Cinderella-Blue Chanel Gown At The 2026 Vanity Fair...: Kendall Jenner wore a custom Cinderella-blue Chanel dress to the 2026 Vanity Fair Oscar Party accessorizing with https://t.co/CXQtDJYimC https://t.co/aOC75ViXuS,2033733127944671266,https://pbs.twimg.com/media/HDlFgJcX0AA7mHB.jpg,,en,,0,0,0,https://x.com/undefined/status/2033733127944671266,1503442200633487363,
2033639515709911111,Tue Mar 17 02:32:16 +0000 2026,0,@Mewtwitz use the roses are red violets are blue poem! 99.9% guaranteed to work.,2033733123167461448,,Mewtwitz,en,,0,0,0,https://x.com/undefined/status/2033733123167461448,1857263965710983168,
2033432928429244534,Tue Mar 17 02:32:15 +0000 2026,0,@Amelia558rs Blue,2033733122286588228,,Amelia558rs,en,,0,0,0,https://x.com/undefined/status/2033733122286588228,1078113374,
2033550856059260931,Tue Mar 17 02:32:15 +0000 2026,0,@MegalodonVT Hi i grew up poorish- the books are all yellow- or all blue wherever had them cheapest,2033733121917784348,,MegalodonVT,en,,0,0,0,https://x.com/undefined/status/2033733121917784348,1901057109237891072,
2033733114967499212,Tue Mar 17 02:32:14 +0000 2026,0,I can t decide between the blue or silver iPhone 17 pro ,2033733114967499212,,,en,,0,0,0,https://x.com/undefined/status/2033733114967499212,292581629,
2033733102959247692,Tue Mar 17 02:32:11 +0000 2026,1,The BLUE is the warmest color https://t.co/W6PX68NvUf,2033733102959247692,https://pbs.twimg.com/media/HDlFedqWYAAsg8i.jpg,,en,,0,0,0,https://x.com/undefined/status/2033733102959247692,2026185377250426880,
2033609482886930667,Tue Mar 17 02:32:09 +0000 2026,0,@ian_10_19 I don't care. When I watch sports I don't give a shit if a players favorite color is blue or who they support. I watch them play a sport. Its a sport. You are making it a propaganda tool. Just enjoy the sport.,2033733094054772754,,ian_10_19,en,,0,0,0,https://x.com/undefined/status/2033733094054772754,2028204208139522048,
2033720536816140411,Tue Mar 17 02:32:08 +0000 2026,1,@unt0uch4b13tss Looking hotter than the average ttpd defender (there's a swftie that looks like the blue one lmao),2033733091982741564,,unt0uch4b13tss,en,,0,0,0,https://x.com/undefined/status/2033733091982741564,1566535574219067392,
2033711610561216526,Tue Mar 17 02:32:08 +0000 2026,0,@TheRedDragon I'm noticing a pattern it's only blue ticks and big accounts who are bashing this. DLSS5 objectively looks better but there seems like a narrative going on to make people think it looks bad.,2033733089239961720,,TheRedDragon,en,,0,1,0,https://x.com/undefined/status/2033733089239961720,1527085375,
2033707023280300435,Tue Mar 17 02:32:04 +0000 2026,4,@susanabulhawa This is one of the problems with blue check grifter sensationist accounts; yes Israeli colonists pushed a car off a cliff. There was no family in it though. Still bad not nearly as bad as Jeff made you think. https://t.co/orwqWnRTzz,2033733072534049022,,susanabulhawa,en,,0,0,0,https://x.com/undefined/status/2033733072534049022,2422840242,
2033733057140953350,Tue Mar 17 02:32:00 +0000 2026,0,2026/3/17 11:30 (KST) https://t.co/YcCwtsr6XX 10 NMIXX - Blue V.. 10 다비치 - 타임캡슐 11 카더가든 - 그대 작은 .. 12 HUNT.. - Golden 13 이찬혁 - 멸종위기사랑 14 BLAC.. - 뛰어JUMP 15 우디 - 어제보다 슬.. 16 조째즈 - 모르시나요 .. 17 BLAC.. - GO 18 LESS.. - SPAGHE..,2033733057140953350,,,ko,,0,0,0,https://x.com/undefined/status/2033733057140953350,228630523,
2033729093103944184,Tue Mar 17 02:31:59 +0000 2026,0,@athletelogos @WBCBaseball Blue BLUE! The AREPA IS BLUE!!! VENEZUELA IS BLUE!!!! OUR SPORTS ARE BLUE!!! ,2033733054418636980,,athletelogos,en,,0,0,0,https://x.com/undefined/status/2033733054418636980,151308242,
2033733050886922740,Tue Mar 17 02:31:58 +0000 2026,2,Hate to post this out of the blue but I'll be moving in a couple of weeks so if you wanna donate a few bucks I would appreciate it! No pressure though #krabsmaxxing Kofi: https://t.co/GNCwTQC63E I also take paypal https://t.co/affG1fLBPl,2033733050886922740,https://pbs.twimg.com/media/HDlEXcKbEAEWYt-.jpg,,en,,0,0,2,https://x.com/undefined/status/2033733050886922740,886775132886269953,
2031485496556400918,Tue Mar 17 02:31:54 +0000 2026,0,@therecount @stevemorris__ The democratic party doesn't have a single opponent that could make a republican switch sides. If there was id consider voting blue. But its embarrassing the candidates liberals put forward. Absolutely embarrassing.,2033733032595591475,,therecount,en,,0,0,0,https://x.com/undefined/status/2033733032595591475,1972090593317945344,
2033358288797008171,Tue Mar 17 02:31:52 +0000 2026,0,@NOVAaocfan20 @WrenWilliamsVA Like the dingy motels along Rt. 1? Lol. WV is fine. Worry about your deep-blue shithole state that you're so proud of.,2033733023271641270,,NOVAaocfan20,en,,0,0,0,https://x.com/undefined/status/2033733023271641270,1827394460654702592,
2033561221413163369,Tue Mar 17 02:31:52 +0000 2026,0,@Ric_RTP If a large portion of the work force loses their jobs how will there be this demand for blue collar workers. I think the trades will take a hit also. As buildings loose tenants there will be no need for renovation.,2033733023049363645,,Ric_RTP,en,,0,0,0,https://x.com/undefined/status/2033733023049363645,1598134984694448130,
2033625013882953811,Tue Mar 17 02:31:51 +0000 2026,0,@OffDaHook35 How much for his blue wave rookie chrome Raw but I say psa 10!!,2033733019585126472,,OffDaHook35,en,,0,0,0,https://x.com/undefined/status/2033733019585126472,1958242184807010304,
2033580835375288494,Tue Mar 17 02:31:49 +0000 2026,0,@PromptTip @uche_aug The selfie features two blonde women with striking blue eyes. The one on the right closely matches Hailey Bieber (confirmed by her look and a reply calling out Hailey eeeeeh ). The woman on the left is her bestie I couldn't ID her from available context. Classic besties vibe!,2033733012915920915,,PromptTip,en,,0,0,0,https://x.com/undefined/status/2033733012915920915,1720665183188922368,
2033569728909005291,Tue Mar 17 02:31:48 +0000 2026,1,@whistnoya Kimi ni todoke A sign of affection Cheeky Brat Honey lemon soda Maid sama My Brother's Sense of Distance is Strange Glasses with a Chance of Delinquent Blue spring ride,2033733008856125739,,whistnoya,en,,0,0,0,https://x.com/undefined/status/2033733008856125739,1693528165019512833,
2033733006825869724,Tue Mar 17 02:31:48 +0000 2026,0,Every once in a while or blue moon i make a hit tweet or comment. Or atleast hit in my opinion latest one i commented about papercups it has 2k views and almost a hundreds like. I'm proud of that https://t.co/uGTmuWvbKf,2033733006825869724,https://pbs.twimg.com/tweet_video_thumb/HDlFY40bEAEKVuc.jpg,,en,,0,0,0,https://x.com/undefined/status/2033733006825869724,1592578824365084673,
2033576523169722711,Tue Mar 17 02:31:45 +0000 2026,0,@AriDrennen Blue State s America ,2033732996533260362,,AriDrennen,en,,0,0,0,https://x.com/undefined/status/2033732996533260362,2873029162,
2033724635930353863,Tue Mar 17 02:31:45 +0000 2026,0,@enycrane bring back blue suit memes and critical thinking,2033732992896475243,,enycrane,en,,0,1,0,https://x.com/undefined/status/2033732992896475243,823322271645388800,
2033483468689277053,Tue Mar 17 02:31:43 +0000 2026,0,@kuuritac middle one tbh the black stockings clash with the blue dress imo do you have white stockings?,2033732985954927084,,kuuritac,en,,0,0,0,https://x.com/undefined/status/2033732985954927084,1832145256004931584,
2033706248420434326,Tue Mar 17 02:31:42 +0000 2026,0,@MlSOKENNEDY ah so like the blue hair pronouns blabla thing some people loooove to talk abt and stuff- i didn t know there was a septum theory at all? like in my country the most i get or other people do get is the cow/bull comparison,2033732983534854188,,MlSOKENNEDY,en,,0,0,0,https://x.com/undefined/status/2033732983534854188,1576183706242482176,
2033732978287821072,Tue Mar 17 02:31:41 +0000 2026,0,https://t.co/rhj1towJrc,2033732978287821072,,,zxx,,0,0,0,https://x.com/undefined/status/2033732978287821072,838444638948245505,
2033432928429244534,Tue Mar 17 02:31:41 +0000 2026,0,@Amelia558rs Blue,2033732978195456331,,Amelia558rs,en,,0,0,0,https://x.com/undefined/status/2033732978195456331,1847362860298448896,
2033732962697810432,Tue Mar 17 02:31:39 +0000 2026,0,+ recently in my town there s been sooo many blue tongue lizards popping up about like JONGSEONG COME BACK,2033732969719103511,,jakempreg,en,,0,0,0,https://x.com/undefined/status/2033732969719103511,1813096304421314562,
2033732968880263469,Tue Mar 17 02:31:39 +0000 2026,0,Love Charles keep fighting the good fight but I hope Dem donors don t waste any money on a deep red state. We have a shot to flip North Carolina Maine Ohio and Alaska which would be enough to flip the Senate blue. All resources should go to those races. Plus maybe Texas if,2033732968880263469,,,en,,0,0,0,https://x.com/undefined/status/2033732968880263469,1168002791865847808,
2033550856059260931,Tue Mar 17 02:31:34 +0000 2026,0,@MegalodonVT Math is Blue English is Yellow Science is Red History is Purple/Green,2033732948147507449,,MegalodonVT,en,,0,0,0,https://x.com/undefined/status/2033732948147507449,1644756417906089986,
2033732944162893979,Tue Mar 17 02:31:33 +0000 2026,0,Pues cuántas canciones son? Jsjsjsjs 1. Growing Pains 2. On Our Way 3. Baby Blue 4. Heal (?) 5. Feel U (?) 6. Glass Half Empty 7. Main Attraction 8. Sun (?) 9. Enemies With Benefits 10. Sorry To Myself 11. Arc (?) 12. Out (?) 13. Before You Met Me https://t.co/ilraCeIp3s,2033732944162893979,https://pbs.twimg.com/media/HDlFVdKXQAApQ2-.jpg,,en,,0,0,0,https://x.com/undefined/status/2033732944162893979,3711098054,
2033521533231006126,Tue Mar 17 02:31:32 +0000 2026,0,@DVAarrest @mmarinoseno eu ia colocar nesse mas os vocais de Blue Moon são TÃO primarina coded,2033732940182519833,,DVAarrest,pt,,0,0,0,https://x.com/undefined/status/2033732940182519833,1027350177479319555,
2033395299389997383,Tue Mar 17 02:31:32 +0000 2026,1,@puppytua Should definitely watch a gameplay of it... dbh is blue as fuck!! https://t.co/xyQNlB1fIM,2033732938760650921,https://pbs.twimg.com/media/HDlFVJ2XIAAgGv0.jpg,puppytua,en,,0,1,0,https://x.com/undefined/status/2033732938760650921,1559591903754076161,
2033732931374747902,Tue Mar 17 02:31:30 +0000 2026,0,NOT ME GETTING BLUE BALLED @ILLENIUM AND NOT PLAYING THE THE 2 ND (BEST DROP) OF IN YOUR ARMS (@woolimusic) REMIX into @RIOTmusic MARCH OF THE MACHINE WTF!!!! Not a bad track but what the heck nick!!! https://t.co/9AWje2JnBh,2033732931374747902,https://pbs.twimg.com/media/HDlFUfXbEAAt_yD.jpg,,en,,0,0,0,https://x.com/undefined/status/2033732931374747902,602525635,
2033732921652350991,Tue Mar 17 02:31:28 +0000 2026,0,「BLUE REFLECTION」シリーズの思い出を大募集 私の #ブルリフお気に入りのイラスト は↓ https://t.co/V8JBwOOOlj,2033732921652350991,https://pbs.twimg.com/media/HDlFUG8bkAEzDl8.jpg,,ja,,0,0,0,https://x.com/undefined/status/2033732921652350991,424691680,
2033475636078219726,Tue Mar 17 02:31:26 +0000 2026,1,@Reality_Is__ i dont even have an orange all i have are black red blue and green but thank you! These will come in handy https://t.co/92Q5IkREzV,2033732912873672716,https://pbs.twimg.com/tweet_video_thumb/HDlFTRtbEAENzSW.jpg,Reality_Is__,en,,0,1,0,https://x.com/undefined/status/2033732912873672716,1483434848584814595,
2033715910947553585,Tue Mar 17 02:31:23 +0000 2026,1,@hochulmandered @CTDemocrat8 2024 was a horrible year for dems. You re right but it was only favorable for Schweikert who s gone. Sinema won this district by 2 Biden by 1.5 Kelly by 1.5 and then by 6.5 Hobbs by 3.5 fontes by 8 Gallego by 5 Mayes by 3. It s 100% flipping unless there s not a blue shift,2033732903880798572,,hochulmandered,en,,0,1,0,https://x.com/undefined/status/2033732903880798572,315231590,
2033732900735090854,Tue Mar 17 02:31:23 +0000 2026,3, ke misye te pretem kòb videyo sa ou byen voye l bay fanmi li. Ou di mwens achte yon ti CHECK BLUE pou vinn bwase isi an. sa trash menm jan ak mizik Steve J avanyè an https://t.co/FkFfq4VdcN,2033732900735090854,https://pbs.twimg.com/ext_tw_video_thumb/2033693958627344384/pu/img/Z19msOQl31FEAosU.jpg,,ht,,0,0,2,https://x.com/undefined/status/2033732900735090854,1059618061219708928,
2033713285179351487,Tue Mar 17 02:31:22 +0000 2026,0,@m1ck_3un He ll prob get a blue style,2033732898189353259,,m1ck_3un,en,,0,0,0,https://x.com/undefined/status/2033732898189353259,1517702464224382976,
2033732896889217057,Tue Mar 17 02:31:22 +0000 2026,0,ショケでBLUE DIARY 聴いた時泣きそうになった,2033732896889217057,,,ja,,0,0,0,https://x.com/undefined/status/2033732896889217057,1909026107325849600,
2033732894326215052,Tue Mar 17 02:31:21 +0000 2026,3,moots aqui minhas outras redes se não for muito seguro entrar pela verificação no twitter vou estar ativa no blue sky insta e tiktok https://t.co/hcCSO70wRL,2033732894326215052,https://pbs.twimg.com/media/HDlFBrsXwAABKR8.jpg,,pt,,0,1,1,https://x.com/undefined/status/2033732894326215052,1309275754140758024,
2033732894116467027,Tue Mar 17 02:31:21 +0000 2026,2,Jason blue. Michael gray. https://t.co/ZVGJl5y5rD,2033732894116467027,https://pbs.twimg.com/media/HDlFSmVWgAE2y3e.jpg,,en,,0,0,0,https://x.com/undefined/status/2033732894116467027,1169302553814806528,
2033652178271813656,Tue Mar 17 02:31:18 +0000 2026,0,@gabrielhaines @openseafdn I don't think they care about the community. Just a business like 99% of the crypto projects. $SEA Milk everyone of fees then out of the blue say we are going to delay the airdrop. You can get your fees back if you want https://t.co/fVoOT8Mczs,2033732882963795975,https://pbs.twimg.com/tweet_video_thumb/HDlFRdJWoAAWwnE.jpg,gabrielhaines,en,,0,0,0,https://x.com/undefined/status/2033732882963795975,3051716570,
2033720566646010072,Tue Mar 17 02:31:18 +0000 2026,0,@AshLovesComics Heh hey https://t.co/C0FQYDVWUa,2033732882598973800,https://pbs.twimg.com/media/HDlFRznXYAAUi1b.jpg,AshLovesComics,tl,,0,0,0,https://x.com/undefined/status/2033732882598973800,1441918106801098755,
2033729128911012140,Tue Mar 17 02:31:17 +0000 2026,2,@Lazy_Scavenger Eat blue furit,2033732876198371842,,Lazy_Scavenger,en,,0,2,0,https://x.com/undefined/status/2033732876198371842,1890439570388578304,
2033732871676952662,Tue Mar 17 02:31:16 +0000 2026,1,Math is red English is green History is blue And science is yellow,2033732871676952662,,,en,,0,1,0,https://x.com/undefined/status/2033732871676952662,1977921733903392768,
2033732865200984180,Tue Mar 17 02:31:14 +0000 2026,0,When it's nearly 10:30pm and my toddler finally goes to sleep after 5000 questions multiple books demanding daddy then mommy then daddy demanding water needing to be naked then needing clothes needing to be walked around for an hour then wanting the couch then to walk https://t.co/qmWE55YvZO,2033732865200984180,https://pbs.twimg.com/tweet_video_thumb/HDlFQmCbEAAQbIT.jpg,,en,,0,0,0,https://x.com/undefined/status/2033732865200984180,1459365267738345472,
2033432928429244534,Tue Mar 17 02:31:14 +0000 2026,0,@Amelia558rs Navy blue. ,2033732862684631137,,Amelia558rs,en,,0,0,0,https://x.com/undefined/status/2033732862684631137,1674989470234337282,
2033732859836412391,Tue Mar 17 02:31:13 +0000 2026,1, Technically I m both of these. except my roses are *also* in such a blue crystal material. ,2033732859836412391,,,en,,0,0,0,https://x.com/undefined/status/2033732859836412391,1709172446224359424,
2033732858544853251,Tue Mar 17 02:31:13 +0000 2026,0,Larp商品紹介。Elven Tunic - Blue - XS エルフシリーズのチュニックです。細めかつ長めに作られています。 他の衣装との組み合わせのベースに利用するも良し、これ１枚だけで演じることも可能と思われます。 https://t.co/Q4qV9PlLU2,2033732858544853251,,,ja,,0,0,0,https://x.com/undefined/status/2033732858544853251,867382731398828032,
2032427664393293897,Tue Mar 17 02:31:11 +0000 2026,0,@RealAmiLeia Blue,2033732852131746128,,RealAmiLeia,en,,0,0,0,https://x.com/undefined/status/2033732852131746128,1893801981657165824,
2033533751389454762,Tue Mar 17 02:31:11 +0000 2026,2,@LynnMaryKarjala @Cantkeepquiet3 @DemsAbroad Blue states will challenge this bill.,2033732850382438510,,LynnMaryKarjala,en,,0,2,0,https://x.com/undefined/status/2033732850382438510,818584896,
2033709285767581996,Tue Mar 17 02:31:09 +0000 2026,0,@odogwu_ogidi @POTUS Watin concern Bula Ba bala blue with watin trump talk. We had less than a year to election let s vote right,2033732842811711958,,odogwu_ogidi,en,,0,0,0,https://x.com/undefined/status/2033732842811711958,1952579796044488704,
2033732833492291801,Tue Mar 17 02:31:07 +0000 2026,22,THE WOLVERINE DETAIL IN DEADPOOL &amp; WOLVERINE MOST FANS MISSED - After 24 years fans finally got to see Hugh Jackman wearing the iconic yellow Wolverine costume again. - Although DEADPOOL &amp; WOLVERINE featured three comic-accurate Wolverine suits the blue and yellow suit https://t.co/0y31tVcuU3,2033732833492291801,https://pbs.twimg.com/media/HDlEOJub0AAeS9B.jpg,,en,,3,3,4,https://x.com/undefined/status/2033732833492291801,1748759034180874240,
2033491417578835973,Tue Mar 17 02:31:06 +0000 2026,0,@EricNjiiru Back in the day DSTV was for the rich i posh estates we would walk around amazed at tgose big black dishes that sat outside their compounds sasa nliona dish the blue ones inalaliwa na bosco in a certain home and was very proud as a Kenyan.,2033732829868159384,,EricNjiiru,en,,0,0,0,https://x.com/undefined/status/2033732829868159384,904535136770957313,
2033732829205401739,Tue Mar 17 02:31:06 +0000 2026,0,It s not rocket science; it s a 21-mile throat-punch to the global economy. By squeezing massive tankers into predictable two-mile lanes right under the shadow of the Zagros Mountains Iran turned simple geography into a high-stakes gauntlet. They don't need a blue-water navy,2033732829205401739,,,en,,0,0,0,https://x.com/undefined/status/2033732829205401739,61367173,
2033732828865667137,Tue Mar 17 02:31:05 +0000 2026,1, growing pains baby blue on our way heal glass half empty main attraction enemies with benefits sorry to myself before you met me x out? (this is the only one I m not sure of but there are 10 songs and I can t find anything else lol) https://t.co/68vOcoTJpe,2033732828865667137,https://pbs.twimg.com/media/HDlFObcXkAAfyMH.jpg,,en,,0,0,1,https://x.com/undefined/status/2033732828865667137,1317268463040212992,
2033732815448379481,Tue Mar 17 02:31:02 +0000 2026,0,https://t.co/2DEz6cgCBh #パテックフィリップ #ノーチラス #patekphilippe #nautilus#luxurywatches #luxurywatchlife #luxurylifestyle #pateklover #timepieces #watchgram #blue #classicwatch #5990/1a https://t.co/bhNvsknmdM,2033732815448379481,https://pbs.twimg.com/media/HDlFNz0bEAU7ilM.jpg,,en,,0,0,0,https://x.com/undefined/status/2033732815448379481,1346360346924126208,
2033128361380528360,Tue Mar 17 02:31:02 +0000 2026,0,@biniiwaksalju Waah timakasi bb https://t.co/pFSKQxcHSm,2033732813464473700,https://pbs.twimg.com/tweet_video_thumb/HDlFNgPbEAICwqS.jpg,biniiwaksalju,in,,0,0,0,https://x.com/undefined/status/2033732813464473700,1539344187795345408,
2033696398621765924,Tue Mar 17 02:30:58 +0000 2026,7,@dieseldude2010 @KeruboSk Didn t realize having hygiene meant I m lying about being blue collar lol,2033732796510843283,,dieseldude2010,en,,0,3,0,https://x.com/undefined/status/2033732796510843283,1602363158924267520,
2033732780757012886,Tue Mar 17 02:30:54 +0000 2026,0, We giff d Baby Blue???? Vjgzgistustuttusutstusjstujtt ,2033732780757012886,,,et,,0,1,0,https://x.com/undefined/status/2033732780757012886,1104547345,
2033659487823786166,Tue Mar 17 02:30:52 +0000 2026,7,@kazattes Kinda unrelated but I find it a nice detail that the traffic lights are green/blue with a little bow on them symbolizing how she finally has the green light [ ability and freedom ] to be as cute as she wants I love this gal sm,2033732771529593037,,kazattes,en,,0,1,0,https://x.com/undefined/status/2033732771529593037,1947668305310793730,
2033633213785239598,Tue Mar 17 02:30:48 +0000 2026,0,@Julietfnaccount Nop voy a leer blue exorcist las unas será el anime,2033732755897651472,,Julietfnaccount,es,,0,0,0,https://x.com/undefined/status/2033732755897651472,1360428281711890432,
2033637273439228047,Tue Mar 17 02:30:47 +0000 2026,0,@GroyperGreg Stop voting red or blue they are both jew run.,2033732751673679928,,GroyperGreg,en,,0,0,0,https://x.com/undefined/status/2033732751673679928,2006543160877678592,
2033732750637761009,Tue Mar 17 02:30:47 +0000 2026,0,Shikhondo: Blue Pieta anunciado para PS5 Switch 2 Switch e PC. Shikhondo: Blue Pieta announced for PS5 Switch 2 Switch and PC. https://t.co/RvPD5yrXnh #shikhondobluepieta @CFK_NEWS_EN @Patobah_ @ramosbueno9150 #ps5 #NintendoSwitch #Nintendoswitch2 #PCgame,2033732750637761009,,,en,,0,0,0,https://x.com/undefined/status/2033732750637761009,27034648,
2033732733143552285,Tue Mar 17 02:30:43 +0000 2026,3,260317 eajpark IG story 노래 추천 Should be you _ can't be blue 틱톡에 이어서 또 진짜 맘에 들었나보다 https://t.co/Za1oOQOko5 https://t.co/rJLigGti4L,2033732733143552285,https://pbs.twimg.com/ext_tw_video_thumb/2033732718786387968/pu/img/ohWLy8VvvK77yLe_.jpg,,ko,,1,0,0,https://x.com/undefined/status/2033732733143552285,1828575038708293635,
2033732732199501892,Tue Mar 17 02:30:42 +0000 2026,1,Blue Checks. I need some data points. Do you pay for premium or premium+ ? Comment,2033732732199501892,,,en,,0,1,0,https://x.com/undefined/status/2033732732199501892,1829007500181450752,
2033649789234000244,Tue Mar 17 02:30:40 +0000 2026,0,@Mikeachim Those are awesome names. Bank butt. Stoner blue. ,2033732722016096593,,Mikeachim,en,,0,0,0,https://x.com/undefined/status/2033732722016096593,1278508845732474881,
2033731374687900049,Tue Mar 17 02:30:38 +0000 2026,0,@PuckReportNHL Blue Jackets can t catch a break,2033732712758964682,,PuckReportNHL,en,,0,2,0,https://x.com/undefined/status/2033732712758964682,984597452455055363,
2033732679502598225,Tue Mar 17 02:30:37 +0000 2026,1,also it's probably just me but the blue accesories remind me of the central hub in septimont the dark blue form of her reminds me of the dark tide too? is she rinascitan ? could she possibly be a leviathan puppet like cartethyia and mya were that the fractidus got to first? https://t.co/5FiIWzUP3D,2033732709529633200,https://pbs.twimg.com/media/HDlFG5IbIAAQeu_.jpg,sandhitense,en,,0,1,0,https://x.com/undefined/status/2033732709529633200,1756533538382639104,
2033394587738284208,Tue Mar 17 02:30:36 +0000 2026,0,@kr_bee10 @Marisol_madav @Chandra68321806 @LUCIFER_1_00 @SalmanM1096 @say_myname_2 https://t.co/GNAFZ6Adui,2033732703833510262,https://pbs.twimg.com/tweet_video_thumb/HDlFHFhWUAA9iV1.jpg,kr_bee10,qme,,0,0,0,https://x.com/undefined/status/2033732703833510262,1212036535618392064,
2033732692399771663,Tue Mar 17 02:30:33 +0000 2026,0,Storm Blue Marvel Dr. Voodoo,2033732692399771663,,,en,,0,0,0,https://x.com/undefined/status/2033732692399771663,149595352,
2033732682727719339,Tue Mar 17 02:30:31 +0000 2026,0,Just look at his fool! Dey drag someone requesting for the bare minimum From the government! Depegan the fool of Lagos! Blue tick no Dey guarantee sense sha.,2033732682727719339,,,en,,0,0,0,https://x.com/undefined/status/2033732682727719339,966363164311982080,
2033732679502598225,Tue Mar 17 02:30:31 +0000 2026,1,this design is so good like i love the detail the blue inside her skirt in 1st form before it engulfs her whole dress like some evil force. the hands wrapped around her legs? i love how rich she looks with the fur accessories lace golden chains. she looks like a spoiled miss-,2033732682195341569,,sandhitense,en,,0,1,0,https://x.com/undefined/status/2033732682195341569,1756533538382639104,
2033732679502598225,Tue Mar 17 02:30:30 +0000 2026,1,denia in her base form wearing white (startorch) while it fades to pink (a combination with red which is fractidus colors) alongside with a red glove hinting shes a spy. but her 2nd form is primarily in blue which is an opposite to red we dk where her true alliance lies- https://t.co/tSL5LmTsNX,2033732679502598225,https://pbs.twimg.com/media/HDlFFm8a8AA7Yds.jpg,,en,,0,1,0,https://x.com/undefined/status/2033732679502598225,1756533538382639104,
2033732677417816085,Tue Mar 17 02:30:29 +0000 2026,0,What happened to podding? Everyone s politicking now and an afraid of speaking common sense at the cost of being canceled. How you gon gaslight someone and try n convince em that the sky ain t blue FOH,2033732677417816085,,,en,,0,0,0,https://x.com/undefined/status/2033732677417816085,1622689890499497995,
2033730866644717911,Tue Mar 17 02:30:29 +0000 2026,0,@egggtheory https://t.co/S04SRdqJbz,2033732675996152131,https://pbs.twimg.com/tweet_video_thumb/HDlFFgvbMAEwbOM.jpg,egggtheory,qme,,0,0,0,https://x.com/undefined/status/2033732675996152131,2008524797077229569,
2033675539618349399,Tue Mar 17 02:30:23 +0000 2026,0,@jdcmedlock Tech and finance. That s it. NY has finance and California has tech mostly due to weather. The success is in spite of the blue government people choose California for the weather and NY is just where finance is. They are natural high market power industries with high growth.,2033732649823707385,,jdcmedlock,en,,0,1,0,https://x.com/undefined/status/2033732649823707385,1482923536041713669,
2033696398621765924,Tue Mar 17 02:30:27 +0000 2026,0,@KeruboSk Long day of blue collar work. Clean before getting in bed.,2033732665757909350,,KeruboSk,en,,0,0,0,https://x.com/undefined/status/2033732665757909350,1467956122615046144,
2033732666093138020,Tue Mar 17 02:30:27 +0000 2026,5,Me as soon as Blue Mary drops in CotW https://t.co/k2g2pxYohS,2033732666093138020,https://pbs.twimg.com/amplify_video_thumb/2033732585940258816/img/c6NldMjxHxQUh58N.jpg,,en,,0,2,1,https://x.com/undefined/status/2033732666093138020,1268377406601138176,
2033732641476764013,Tue Mar 17 02:30:21 +0000 2026,13,Is Darnell Mooney the explosive WR2 the Giants need? How will Greg Newsome's versatility fit the Giants and what will LB Tremaine Edmunds bring to Big Blue? Hear from our Falcons Browns and Bears hosts who will discuss the newest Giants' strengths and weaknesses.,2033732641476764013,,,en,,0,0,1,https://x.com/undefined/status/2033732641476764013,14336682,
2033659988686589956,Tue Mar 17 02:30:16 +0000 2026,2,@Antonlovesdnb Can we get a similar tweet series for Security Copilot next? It s tightly aligned to the Microsoft security stack and already heavily used by SecOps / Blue teams in real environments.,2033732620052238772,,Antonlovesdnb,en,,0,0,0,https://x.com/undefined/status/2033732620052238772,1839043424466644994,
2033625950391349668,Tue Mar 17 02:30:15 +0000 2026,0,@TechNRKTreasure Yes if you re talking about the blue it s pretty bad OC but is fs.,2033732618819084760,,TechNRKTreasure,en,,0,0,0,https://x.com/undefined/status/2033732618819084760,1723054826651557888,
2033732635013366131,Tue Mar 17 02:30:19 +0000 2026,1,guys I likes sort of have to do it tomorrow so uhh good bye boner and I'll never see anyone again because it will be like I'm gone from the green and blue globe thing,2033732635013366131,,,en,,0,0,0,https://x.com/undefined/status/2033732635013366131,1988387898300002312,
2033722499637166371,Tue Mar 17 02:30:18 +0000 2026,1,@JebraFaushay Ok this old lady just got her blue hair colored and is proud. Quit hating,2033732630777114737,,JebraFaushay,en,,0,0,1,https://x.com/undefined/status/2033732630777114737,1817536748047810560,
2033531357469495380,Tue Mar 17 02:30:15 +0000 2026,0,@michelleakin So if it's not blue Dawn it's not this soap it's hand soap,2033732617799918025,,michelleakin,en,,0,0,0,https://x.com/undefined/status/2033732617799918025,2247918302,
2033432928429244534,Tue Mar 17 02:30:15 +0000 2026,0,@Amelia558rs Definitely the blue.,2033732617317814498,,Amelia558rs,en,,0,0,0,https://x.com/undefined/status/2033732617317814498,1511568779838320642,
2033535297384833344,Tue Mar 17 02:30:15 +0000 2026,1,@fabrss_ Deixa o cara copiar https://t.co/FTAWAO04x7,2033732615505625579,https://pbs.twimg.com/tweet_video_thumb/HDlFBlXWoAAV4Yw.jpg,fabrss_,pt,,0,0,0,https://x.com/undefined/status/2033732615505625579,1575576782606049285,
2033663208095945029,Tue Mar 17 02:30:14 +0000 2026,1,@WescottAmerica America has a problem black red white and blue! we all know we have a N******R problem!question is how do we come together without a racial problem to fix this?,2033732614314483858,,WescottAmerica,en,,0,0,0,https://x.com/undefined/status/2033732614314483858,1614793963612807168,
2033688441779527886,Tue Mar 17 02:30:14 +0000 2026,0,@ClishS75922 @DiscussingFilm It's Dune: Part Three the epic conclusion to Denis Villeneuve's saga. Those intense blue-eyed posters feature Paul Chani and the gang gearing up for Arrakis chaos. Trailer drops tomorrow!,2033732613601456590,,ClishS75922,en,,0,0,0,https://x.com/undefined/status/2033732613601456590,1720665183188922368,
2033732611000971585,Tue Mar 17 02:30:14 +0000 2026,0,If you see this do it ! nickname: daph Prns: she/her Height: 5 3 / 160cm Sexuality: Bi Smokes?: no but tried cigs Piercings: future belly ring Tattoos: 0 yet Fav colour: lavender baby blue Fav drink: mango moster Fav food: red velvet cake Fav animal: any ,2033732611000971585,,,en,,0,0,0,https://x.com/undefined/status/2033732611000971585,1465743504949272589,
2033432928429244534,Tue Mar 17 02:30:14 +0000 2026,1,@Amelia558rs Blue,2033732610950893606,,Amelia558rs,en,,0,0,0,https://x.com/undefined/status/2033732610950893606,742472694747271171,
2033653181167652922,Tue Mar 17 02:30:10 +0000 2026,0,@electionsjoe Vivek is turning Ohio into a blue state. Vote @CaseyPutsch so we don t have to vote for the Jewish lady,2033732597415571911,,electionsjoe,en,,0,0,0,https://x.com/undefined/status/2033732597415571911,1909359236045582336,
2033729233990611250,Tue Mar 17 02:30:09 +0000 2026,0,@SocraticScribe @ceeohjayy @Cdg8484 This video shows a homemade device firing a continuous jet of ignited fuel (likely propane or butane) creating a bright far-reaching flame with purple/blue glows from the gun. Plasma is ionized gas the 4th state of matter with free electrons. Hot flames have trace ionization ,2033732592495693977,,SocraticScribe,en,,0,0,0,https://x.com/undefined/status/2033732592495693977,1720665183188922368,
2033722143804948738,Tue Mar 17 02:30:08 +0000 2026,0,@j_bertho @jackstudley13 Agree with this 100% McAvoy drops it then is suppose to pick a Defender at blue line. Teams just line up at Blue Line. Stupid dump and chase and work. Change strategy. Teams know your entry now.,2033732589479936426,,j_bertho,en,,0,0,0,https://x.com/undefined/status/2033732589479936426,1795982872467460096,
2033395098751303912,Tue Mar 17 02:30:08 +0000 2026,0,@CinnaIsDead @i_eds203 Honestly I think some people are morally questionable for making this kind of post... It's just pro-shipping and I realize how low an IQ fans can be to be summarizing Blue Cop as a child,2033732588829827395,,CinnaIsDead,en,,0,0,0,https://x.com/undefined/status/2033732588829827395,2023378700088004609,
2033732588288835834,Tue Mar 17 02:30:08 +0000 2026,0,Blue Origin paused its space tourism program in Texas leaving Virgin Galactic to fill the void. Richard Branson's company may resume flights in 2026. https://t.co/q8ZVUqCfNp,2033732588288835834,,,en,,0,0,0,https://x.com/undefined/status/2033732588288835834,6573302,
2033686576396701854,Tue Mar 17 02:30:07 +0000 2026,1,@alon_mizrahi He is meeting with the confederation of planets to get his orders before project blue beam kicks off.,2033732582399992033,,alon_mizrahi,en,,0,0,0,https://x.com/undefined/status/2033732582399992033,1961414003022049281,
2033728395708608804,Tue Mar 17 02:30:07 +0000 2026,0,@heartopia_fess IMO pilih golded acorn nder.. winter kemaren emang ga dpt blue hearts tp dapet 300 pink hearts 36 ticket gacha sama perintilan banyak (outfit n building material),2033732581766885765,,heartopia_fess,tl,,0,1,0,https://x.com/undefined/status/2033732581766885765,1472856350501703684,
2033729974801469642,Tue Mar 17 02:30:06 +0000 2026,2,@ry_mangdung ohhh！I'm here! in 中文翻译：red hot=炽红/deep blue=深蓝,2033732579845951703,,ry_mangdung,zh,,0,2,0,https://x.com/undefined/status/2033732579845951703,769416000261484548,
2033732579375890473,Tue Mar 17 02:30:06 +0000 2026,0,Card declined on a blue razz vape https://t.co/BB98oynD27,2033732579375890473,https://pbs.twimg.com/tweet_video_thumb/HDlE__qbEAA6you.jpg,,en,,0,0,0,https://x.com/undefined/status/2033732579375890473,1884047012540121088,
2033619782470365232,Tue Mar 17 02:30:06 +0000 2026,0,@ellie_huxtable @boristane blue bubble has all of the cute stickers I share with my pookie tho.,2033732578499321974,,ellie_huxtable,en,,0,0,0,https://x.com/undefined/status/2033732578499321974,1670528496844587008,
2033732575811014860,Tue Mar 17 02:30:05 +0000 2026,0,The cChange team attended the farewell for our good colleague Taitusi from Pacific Blue Foundation. Thank you to the team for having us over and for the lovely spread of lunch and refreshments. We really appreciate the warm hospitality. Wishing Taitusi all the best. https://t.co/uKANnzE4WQ,2033732575811014860,https://pbs.twimg.com/media/HDlEPJ6aoAAIEUi.jpg,,en,,0,0,0,https://x.com/undefined/status/2033732575811014860,4339009873,
2033714162145050813,Tue Mar 17 02:30:04 +0000 2026,2,@RepLuna @mooseygalore Well then its time to really ramp up the deportations so they cant vote. Put Ice at every polling place and defund blue cities.,2033732572115562942,,RepLuna,en,,0,0,0,https://x.com/undefined/status/2033732572115562942,1518743215033233411,
2033732563156553900,Tue Mar 17 02:30:02 +0000 2026,0,ปล่อยบัตร (น้องฝากปล่อย) #ATEEZ IN YOUR FANTASY IN BANGKOK บัตรโซน Blue 1 ใบค่ะ ️ ราคา 4 500 (จาก 5 500+ค่าธรรมเนียม) สอบถามรายละเอียดเพิ่มเติม เดม/มช. #ตลาดนัดateez #ATEEZinBangkok #ATEEZinBKK #In_Your_Fantasy_BKK 3 https://t.co/r1vzQQYbVz,2033732563156553900,https://pbs.twimg.com/media/HDlE_N6bgAAdkZe.jpg,,th,,0,0,0,https://x.com/undefined/status/2033732563156553900,1393342311057211395,
2033732555036405832,Tue Mar 17 02:30:00 +0000 2026,1,18時からの #FM802 は ️EVENING TAP DJ浅井博章 3/17(火) 19時台【 #大宮陽和 】インタビューOA️ 20時台【DJ #田邊駿一 BLUE ENCOUNT】 となりのたなべ-ブルエンOBANZAI Radio- となたな特製ステッカープレゼントも ️#802TAP https://t.co/o5V3IQv19q https://t.co/JrKMoU8vnY https://t.co/loPZ3YAiwI,2033732555036405832,https://pbs.twimg.com/media/HDetLQVaIAENI2b.jpg,,ja,,0,0,2,https://x.com/undefined/status/2033732555036405832,1176311181109153792,
2033720997535261051,Tue Mar 17 02:29:56 +0000 2026,1,@Nobunny333 Hitler the allegedly huge racist who had brown hair/eyes but wanted to build a master race of blond/blue eyed humans was vocally pro Palestine Who knew??,2033732537609293889,,Nobunny333,en,,0,0,0,https://x.com/undefined/status/2033732537609293889,2023240410316046336,
2033632464661582245,Tue Mar 17 02:29:53 +0000 2026,0,@gharkekalesh Eh Blue tick ek din mujhe raste pe la dega,2033732524447568144,,gharkekalesh,ro,,0,0,0,https://x.com/undefined/status/2033732524447568144,1270987222964002817,
2033732518902698313,Tue Mar 17 02:29:52 +0000 2026,9,［ BLUE RABBITS / TOP会員限定 ］ #UNITEDANCERS 交流会実施のお知らせ 3/21-22埼玉戦にてBLUE RABBITS会員のTOP会員限定でUNITE DANCERSとの交流会を行ないます‍ 参加メンバー 3/21(土) Hanari/Caede/Yume/Fumino/Shion 3/22(日) Kimiko/Ikumi/Minami/Liisa/Marin 詳細はこちら https://t.co/Bc8nvblYyp,2033732518902698313,https://pbs.twimg.com/media/HDlE8mrbEAIhCpC.jpg,,ja,,1,0,3,https://x.com/undefined/status/2033732518902698313,1435832018596630532,
2033604213742440698,Tue Mar 17 02:29:48 +0000 2026,0,@FDSportsbook @FanDuel Duke Blue Devils,2033732504012673044,,FDSportsbook,en,,0,0,0,https://x.com/undefined/status/2033732504012673044,722950912080158720,
2033732500074483923,Tue Mar 17 02:29:47 +0000 2026,0,Damn Blue Dragon in my timeline,2033732500074483923,,,en,,0,0,0,https://x.com/undefined/status/2033732500074483923,1124928395291152385,
2033732493606850967,Tue Mar 17 02:29:46 +0000 2026,1,Blue Mazzi https://t.co/PJn3LlnhHq via @YouTubeMusic,2033732493606850967,,,en,,0,0,0,https://x.com/undefined/status/2033732493606850967,1707617662212399104,
2033581757409243498,Tue Mar 17 02:29:46 +0000 2026,0,@Minhute the issue with this argument imo is that decks outside of blue never had hand control with very few exceptions (such as robin in black and law in purple) and theirs was much more limited than pudding. the answer is to print generic weaker hand control. not pudding,2033732493615018320,,Minhute,en,,0,0,0,https://x.com/undefined/status/2033732493615018320,1095872147094945793,
2033604213826077170,Tue Mar 17 02:29:46 +0000 2026,0,@Matt_Pinner Quite the moose knuckle she got going in that blue outfit.,2033732493757845668,,Matt_Pinner,en,,0,0,0,https://x.com/undefined/status/2033732493757845668,826163034754318336,
2033732488938307894,Tue Mar 17 02:29:44 +0000 2026,0,Este lunes fue como un Blue Monday para mí.,2033732488938307894,,,es,,0,0,0,https://x.com/undefined/status/2033732488938307894,124680561,
2033280361937953114,Tue Mar 17 02:29:40 +0000 2026,0,@yonsportal if you ask any person from latin america to describe what comes to mind when they think of a gringo literally ALL will describe a white person with blue eyes.,2033732468860223609,,yonsportal,en,,0,0,0,https://x.com/undefined/status/2033732468860223609,1550850688871284736,
2033622164524413389,Tue Mar 17 02:29:36 +0000 2026,0,@dom_lucre It's a new lool for Zoolander: Blue Has-Been! https://t.co/LQRxQ3ojJp,2033732453056024849,https://pbs.twimg.com/tweet_video_thumb/HDlE4ZKXkAM8OuQ.jpg,dom_lucre,en,,0,0,0,https://x.com/undefined/status/2033732453056024849,71004313,
2033669048899121394,Tue Mar 17 02:29:35 +0000 2026,0,@xbtDLN @SCHIZO_FREQ When I tried this at my blue collar factory job the tape would never stay on my hand due to working with my hands and sweat. I had to use a bandaid to keep the tape on. It worked though!,2033732450233262535,,xbtDLN,en,,0,0,0,https://x.com/undefined/status/2033732450233262535,295646738,
2033539783218073607,Tue Mar 17 02:29:35 +0000 2026,0,@archaeologyart @_8bitwizard What's going on with the tree trunks? Is that the ochre watercolor on top of a blue gouache underpainting?,2033732448107041166,,archaeologyart,en,,0,0,0,https://x.com/undefined/status/2033732448107041166,1951066710,
2033588028401488108,Tue Mar 17 02:29:35 +0000 2026,7,@showusyourwork @defnotbeka All versions of windows supported color if you had an EGA or better video card. The default theme of Windows 2.x was very blue. 1.0 was more colorful with a yellow menu bar red scroll bar and green desktop. https://t.co/C7DoJgYYHE,2033732447267930115,https://pbs.twimg.com/media/HDlEYWEWkAAWTZA.jpg,showusyourwork,en,,0,1,0,https://x.com/undefined/status/2033732447267930115,43264253,
2033674343960522950,Tue Mar 17 02:29:34 +0000 2026,0,@techiedani Frost blue is really nice! I ve only seen it once in the wild special color ,2033732445728629017,,techiedani,en,,0,0,0,https://x.com/undefined/status/2033732445728629017,1311118773215096832,
2033584372654202985,Tue Mar 17 02:29:31 +0000 2026,0,@ttfalor I like him especially in Blue Mountain State,2033732432487149790,,ttfalor,en,,0,0,0,https://x.com/undefined/status/2033732432487149790,1812323463505334272,
2033732432021610703,Tue Mar 17 02:29:31 +0000 2026,0,People voting or not voting in the primaries or general elections should take a look at the blue states NY and VA MN and look back over the Biden years. Do you seriously want to go back to that? You get what you vote for.,2033732432021610703,,,en,,0,0,0,https://x.com/undefined/status/2033732432021610703,1508249425344356352,
2033483974480372145,Tue Mar 17 02:29:28 +0000 2026,1,@Mrdecent000 Blue is a primary color!,2033732421976232033,,Mrdecent000,en,,0,0,0,https://x.com/undefined/status/2033732421976232033,82524418,
2033732412577067072,Tue Mar 17 02:29:26 +0000 2026,0,Sky Blue ️,2033732412577067072,,,en,,0,0,0,https://x.com/undefined/status/2033732412577067072,2998012256,
2033726158039302264,Tue Mar 17 02:29:26 +0000 2026,0,@nicklopiccolo @WrestleTweetUSA @davemeltzerWON Dave has a blue haired. septum pierced mathematician armed with multiple ssri,2033732411159142706,,nicklopiccolo,en,,0,0,0,https://x.com/undefined/status/2033732411159142706,1156281119479910401,
2033714163525079464,Tue Mar 17 02:29:18 +0000 2026,0,@ImBreckWorsham Half of that is because of blue run govt taxes,2033732376396795919,,ImBreckWorsham,en,,0,0,0,https://x.com/undefined/status/2033732376396795919,1701314239569235968,
2033661787476750550,Tue Mar 17 02:29:16 +0000 2026,0,@DANT3DT those blue checkmark chuds on twitter who love ai and argue about women not being attractive enough in games despite barely even playing games that s the audience,2033732371502031163,,DANT3DT,en,,0,0,0,https://x.com/undefined/status/2033732371502031163,1679019703795064833,
2033732371493573105,Tue Mar 17 02:29:16 +0000 2026,0,https://t.co/9I1Q3jjjoy,2033732371493573105,,,zxx,,0,0,0,https://x.com/undefined/status/2033732371493573105,1021975012486656000,
2033707166818046279,Tue Mar 17 02:28:37 +0000 2026,0,@RichardHanania better answer: housing costs price-out middle and lower middle people from blue states so those people move to red states this depresses GDP per capita of red states and raises it in blue states that s why it makes more sense to look at overall GDP growth and not per capita,2033732206410019204,,RichardHanania,en,,0,0,0,https://x.com/undefined/status/2033732206410019204,1010920641728479233,
2033732205047124264,Tue Mar 17 02:28:37 +0000 2026,4,มีจิมมี่ไหม https://t.co/uxAgURSbHj,2033732205047124264,https://pbs.twimg.com/media/HDlEqGBbkAAOk6u.jpg,,th,,0,0,1,https://x.com/undefined/status/2033732205047124264,1212998373751414784,
2033666692342059204,Tue Mar 17 02:28:32 +0000 2026,0,@BarakaMaviatu Mkali nakubox tumalize hiyo blue,2033732185794965981,,BarakaMaviatu,tl,,0,0,0,https://x.com/undefined/status/2033732185794965981,1477561610302599172,
2033696020660687196,Tue Mar 17 02:28:30 +0000 2026,3,@Amelia558rs I still have my Schwinn Super LaTour 12.2 in metallic blue with a 25 frame. Lovely bike.,2033732176773091337,,Amelia558rs,en,,0,0,0,https://x.com/undefined/status/2033732176773091337,1128872844,
2033719192789332081,Tue Mar 17 02:28:28 +0000 2026,2,@SCdailyupdates 1: blue 2: purple 3: disco 4: green They all ate though,2033732166559936904,,SCdailyupdates,en,,0,0,0,https://x.com/undefined/status/2033732166559936904,1357811757482446853,
2033732164852805997,Tue Mar 17 02:28:27 +0000 2026,0,Check out Chinese Fishbowl Planter Blue Pink 5 https://t.co/n54rR2xIi2 #eBay via @eBay #GardeningX #Houseplants,2033732164852805997,,,en,,0,0,0,https://x.com/undefined/status/2033732164852805997,39170889,
2033720112021442741,Tue Mar 17 02:28:20 +0000 2026,0,@MikeCosper @PastorMark No one here seems to want to contend with the fact that he's competitive in a general with Paxton...in Texas...if he wins what everyone will think Texas is now a blue state? I live here and wont.,2033732135798894984,,MikeCosper,en,,0,0,0,https://x.com/undefined/status/2033732135798894984,1794052249682952193,
2033732147685822482,Tue Mar 17 02:28:23 +0000 2026,3,tracklist spoilers for unfold - growing pains - on our way - baby blue - glass half empty - main attraction - enemies with benefits - sorry to myself - before you met me - heal - feel u not sure about the last two but i m so excited omg https://t.co/ULH4nhU9Xd,2033732147685822482,https://pbs.twimg.com/media/HDlEnCmaoAAaqPo.jpg,,en,,1,0,0,https://x.com/undefined/status/2033732147685822482,1585751946111070208,
2033716347419390341,Tue Mar 17 02:28:24 +0000 2026,0,@DanFriedman81 Go to blue sky then Jew.,2033732150487326825,,DanFriedman81,en,,0,0,0,https://x.com/undefined/status/2033732150487326825,1785039622940106752,
2033732126919557160,Tue Mar 17 02:28:18 +0000 2026,0,Sixth Course: Green Team: Oscar - Blue Corn Masa Huarache Red Team: Justin - Shrimped Stuffed Chicken Wings #TopChef @BravoTopChef,2033732126919557160,,,en,,0,0,0,https://x.com/undefined/status/2033732126919557160,154654959,
2033711969732055508,Tue Mar 17 02:28:17 +0000 2026,0,@KuromiRow No me ví blue lock xd,2033732120883937769,,KuromiRow,es,,0,2,0,https://x.com/undefined/status/2033732120883937769,958137924364759040,
2033732119495651678,Tue Mar 17 02:28:16 +0000 2026,0,just finished red white and royal blue and i already wanna watch it again,2033732119495651678,,,en,,0,0,0,https://x.com/undefined/status/2033732119495651678,1947687843435786240,
2033732113057649057,Tue Mar 17 02:28:15 +0000 2026,0,There's never been a better time to bring out Blue Beam Jesus. Right this moment. Right in the middle of the war. Imagine. https://t.co/8iZU5XyNgT,2033732113057649057,https://pbs.twimg.com/tweet_video_thumb/HDlDaUbaIAAx7A_.jpg,,en,,0,0,0,https://x.com/undefined/status/2033732113057649057,376525917,
2033501116328022239,Tue Mar 17 02:28:14 +0000 2026,0,@y2ksasha The dark blue&gt;&gt;,2033732110381371852,,y2ksasha,en,,0,0,0,https://x.com/undefined/status/2033732110381371852,2006810456837496833,
2033732101296509030,Tue Mar 17 02:28:12 +0000 2026,0,Nike Kobe 1 Protro for $168 with code STPATTY26. Multiple colorways available. Work Blue - https://t.co/fncBv2C3Gs 81 Points - https://t.co/JNSZLwE3ZC https://t.co/KYqxsxVMaK,2033732101296509030,https://pbs.twimg.com/media/HDlEkcGXgAAYMFr.jpg,,en,,0,0,0,https://x.com/undefined/status/2033732101296509030,3068984443,
2033704294499733681,Tue Mar 17 02:28:12 +0000 2026,1,@ohara_tk Lie again the average player can barely survive in blue,2033732101267173865,,ohara_tk,en,,0,1,0,https://x.com/undefined/status/2033732101267173865,296006157,
2033732099530772572,Tue Mar 17 02:28:12 +0000 2026,2,Media Day is Tomorrow during 4th Period Bring both Blue and White Uniforms and Meet in LC1 Team meeting 4pm Practice 430-530pm (Cage Only) https://t.co/zSmkmFeNKE,2033732099530772572,https://pbs.twimg.com/media/HDlEkKEXsAAPK10.jpg,,en,,0,0,1,https://x.com/undefined/status/2033732099530772572,603163401,
2033706668421243296,Tue Mar 17 02:28:07 +0000 2026,0,@shupogakis EuU VOU LER BLUE LOCK ALGUM DIA EU NAO POSSO SABER DE COISAS TAMBEM,2033732082141163780,,001_hv,pt,,0,1,0,https://x.com/undefined/status/2033732082141163780,2025562157392531456,
2033669570524025319,Tue Mar 17 02:28:03 +0000 2026,0,@lporiginalg He looks a blue collar uncle not an artist.,2033732064361492941,,lporiginalg,en,,0,0,0,https://x.com/undefined/status/2033732064361492941,321005386,
2033732060922180058,Tue Mar 17 02:28:02 +0000 2026,0,https://t.co/AEnEXd9zAl Why do you keep popping up out of the blue now that everything's over? Everything's about to be blown out of proportion. Thanks a f****** A lot. So tell me then what does the f****** heart want? What doesn't work? What does it want? What do you want,2033732060922180058,,,en,,0,0,0,https://x.com/undefined/status/2033732060922180058,1967330471622086656,
2033732059630604613,Tue Mar 17 02:28:02 +0000 2026,0,All are beautiful but maybe peach sunset lavender mist and sky blue.,2033732059630604613,,,en,,0,0,0,https://x.com/undefined/status/2033732059630604613,1928786262313545728,
2033321826823368847,Tue Mar 17 02:28:00 +0000 2026,1,@PageSix Nicole strolling down Melrose Ave in 1989 sucking on a popsicle with Flea and Anthony of the Red Hot Chili Peppers. Was she visiting her Aussie friend Olivia Newton John at her Koala Blue fashion store? Or is this Nicole s stunt double? https://t.co/bn2BcK6ind,2033732050918977561,,PageSix,en,,0,0,0,https://x.com/undefined/status/2033732050918977561,30070631,
2033731996875157986,Tue Mar 17 02:27:47 +0000 2026,0,Gavin Cross Kansas City Royals 2022 Onyx Vintage Blue Ink on Card Autograph 🇬 https://t.co/WzumDVWVDn #thehobby #whodoyoucollect #baseballcards #FountainsUp,2033731996875157986,,,en,,0,0,0,https://x.com/undefined/status/2033731996875157986,7912342,
2033616547571527789,Tue Mar 17 02:27:58 +0000 2026,0,@BlueVack HAPPY BIRTHDAY BLUE!!!!!!!!!!! :D,2033732040651046925,,BlueVack,en,,0,0,0,https://x.com/undefined/status/2033732040651046925,897674449499045888,
2033695788115558432,Tue Mar 17 02:27:51 +0000 2026,0,@TheRubberDuck79 Those eyes look brown to me. Charlie Kirk had blue eyes when he died ,2033732013145166015,,TheRubberDuck79,en,,0,0,0,https://x.com/undefined/status/2033732013145166015,1671241343480532992,
2033589886398157272,Tue Mar 17 02:28:00 +0000 2026,0,@Arlumiel blue is such a nice color i like it a lot‍↕️️ also thank you ^.^)/,2033732049551401010,,Arlumiel,en,,0,0,0,https://x.com/undefined/status/2033732049551401010,1608540304390459395,
2033576513711513945,Tue Mar 17 02:27:46 +0000 2026,1,@crazy__shikhu @Anshmittal1899 Jo Aditya Dhar ki dickriding karke blue tick khareed ta ho use kya bolna https://t.co/RlAaOyosuP,2033731991145976276,https://pbs.twimg.com/tweet_video_thumb/HDlEdcWaoAEtB09.jpg,crazy__shikhu,in,,0,1,0,https://x.com/undefined/status/2033731991145976276,1615653895656857601,
2033731985089163696,Tue Mar 17 02:27:44 +0000 2026,2,Leftcommunist redneck scaring democrats who knocked on his door to ask him to vote blue off his lawn with his shotgun shouting I DON'T WANT NO JEWISH NI███R LASSALLEANS ON MY PERSONAL PROPERTY ,2033731985089163696,,,en,,0,0,2,https://x.com/undefined/status/2033731985089163696,1938721234231140357,
2033080521534877921,Tue Mar 17 02:27:42 +0000 2026,0,@amitbehalll Go to the authorised samsung showroom then your mobile purchase.if you are not checking the delivery Tracking you can mail on blue dart company .,2033731973701898290,,amitbehalll,en,,0,0,0,https://x.com/undefined/status/2033731973701898290,1769545774411472896,
2033388318491304296,Tue Mar 17 02:27:39 +0000 2026,0,@iamrobothead @byGio33 Says blue check for rage baiting opinions,2033731964549710281,,iamrobothead,en,,0,0,0,https://x.com/undefined/status/2033731964549710281,829201669,
2033731952021541359,Tue Mar 17 02:27:36 +0000 2026,0,Stand For The Flag Kneel For The Cross Distressed Flag With Thin Red Blue &amp; Green Lines Supporting Police Firefighters and Military Decal by USAMadeDecals https://t.co/n6tiYLJxgb https://t.co/lmeTaHatc0,2033731952021541359,https://pbs.twimg.com/media/HDlEbw0acAArmCo.jpg,,en,,0,0,0,https://x.com/undefined/status/2033731952021541359,1260016548087021568,
2033719470167060618,Tue Mar 17 02:27:32 +0000 2026,0,@neiltyson @NileRed2 @grok @NileRed2 @neiltyson ZnBr CuS SrBr ⬛️ I took it through a black hole? Not strange matter its like methylene blue or dye nanoparticles,2033731935344988293,,hostilearsenal,en,,0,1,0,https://x.com/undefined/status/2033731935344988293,1830175663720185856,
2033711285213254078,Tue Mar 17 02:27:26 +0000 2026,3,@ItsKingSlime Is this the whole interview? Her reading the text messages between blue and chat GBT??,2033731909097033804,,ItsKingSlime,en,,0,0,0,https://x.com/undefined/status/2033731909097033804,1992516494325063680,
2033685663015669813,Tue Mar 17 02:27:26 +0000 2026,2,@unlimited_ls Thats how Blue Face was looking ,2033731908358529163,,unlimited_ls,en,,0,0,0,https://x.com/undefined/status/2033731908358529163,1563269103242334210,
2033731892697248220,Tue Mar 17 02:27:22 +0000 2026,4,セツのblue sky blue star、未だに聴くと泣いてしまうんですよね 途中から嗚咽してしまう ,2033731892697248220,,,ja,,0,0,0,https://x.com/undefined/status/2033731892697248220,1915279951840108547,
2033685189499752774,Tue Mar 17 02:27:21 +0000 2026,1,@rhustyphina01 Yeah I ll take my blue state over a red one any day.,2033731886506258828,,rhustyphina01,en,,0,1,0,https://x.com/undefined/status/2033731886506258828,2218058682,
2033725008799735863,Tue Mar 17 02:27:19 +0000 2026,0,@OfficialMONSTAX Growing pains Main attraction Glass half-empty Enemies with benefits Sorry to myself Heal Feel u On our way/ our way Emtemuoy = you met me? Baby blue,2033731877392331067,,OfficialMONSTAX,en,,0,0,0,https://x.com/undefined/status/2033731877392331067,1757744872713576448,
2033718231731437739,Tue Mar 17 02:27:15 +0000 2026,2,@bluebirdpoopies @AgathaChocolats Oscar (the Grouch). Grover is blue.,2033731863454327059,,bluebirdpoopies,en,,0,2,0,https://x.com/undefined/status/2033731863454327059,1689033290668269568,
2033709906382008563,Tue Mar 17 02:27:15 +0000 2026,0,@usawtfm I want to garrote them with my blue cord.,2033731862242144563,,usawtfm,en,,0,0,0,https://x.com/undefined/status/2033731862242144563,1586156091762688000,
2033731855057621321,Tue Mar 17 02:27:13 +0000 2026,2,Dearest Anon: It was impossible for me to do your request in the context of a Daily Liy as in Drawception's default palette there is only two shades of blue and nothing quite like teal. Going against the nature of Neon Liy would also get me on her hitlist. I hope this satisifes. https://t.co/mBMO40dhYJ,2033731855057621321,https://pbs.twimg.com/media/HDlDwF_bEAQRlP4.png,,en,,0,0,0,https://x.com/undefined/status/2033731855057621321,880735288737255424,
2033708929398845886,Tue Mar 17 02:27:10 +0000 2026,1,@nickshirleyy BS! First Minnesota then California then another blue state and another blue state and another blue state. You ve found that this is an easy scheme to get gullible Republicans to send you money.,2033731841241256122,,nickshirleyy,en,,0,0,1,https://x.com/undefined/status/2033731841241256122,1972856678006530048,
2033631812400918766,Tue Mar 17 02:27:09 +0000 2026,0,@ZavvyGamer Ive loved vaporeon before i even knew how the community was like with vaporeon I just like blue man ,2033731838825341030,,ZavvyGamer,en,,0,0,0,https://x.com/undefined/status/2033731838825341030,1423384745631698944,
2033687170138181696,Tue Mar 17 02:27:09 +0000 2026,0,@Ruru_Undine85 Awhh i met Nami san recently whrm visting her shop she is so kind you both look great together the red and blue combo ,2033731837160259806,,Ruru_Undine85,en,,0,0,0,https://x.com/undefined/status/2033731837160259806,1796633775310340096,
2028657794354749655,Tue Mar 17 02:27:05 +0000 2026,0,@jlee2733 @xai I see a live Engines Live dashboard with two graphs. Top: V1 QGE Rescue Window (G_H = σ_q / (κ_H · v_H)) green spike at step 0 then flat baseline to 200. Bottom: V2 O/M/K Governance State Variables blue near-flat purple sharp drop to -10 plateau yellow linear decline to -10,2033731822102741501,,jlee2733,en,,0,1,0,https://x.com/undefined/status/2033731822102741501,1720665183188922368,
2033281665196310789,Tue Mar 17 02:27:05 +0000 2026,0,@L3g3nd13John @nikicaga Under Obama Dems lost net 1042 elected offices a record by 500 leaving them w less power at all levels now than at anytime but three other times Dems lost to Trump at least twice while outspending him close to 3-1. Folks can't flee blue states faster. Historic repudiation.,2033731821574193579,,L3g3nd13John,en,,0,0,0,https://x.com/undefined/status/2033731821574193579,1634423666191618049,
2033731818164523139,Tue Mar 17 02:27:05 +0000 2026,3,先週末、ANA Blue Hangar Tourのサイトみたら1枠空きがあったのて見学。 この日は色んな機材が整備に入っていて楽しめた。 イルカマークの機材は訓練用の機材とのことでなかなかみられないらしい。 車検(?)切れで飛ぶことはできないらしい。 #ANABlueHangarTour #ANA https://t.co/rGahZjeo0D,2033731818164523139,https://pbs.twimg.com/media/HDlETuxboAA7QYL.jpg,,ja,,0,0,0,https://x.com/undefined/status/2033731818164523139,92963182,
2033719190457401628,Tue Mar 17 02:27:04 +0000 2026,0,@tintmznalways Tapos si cobb not sure kung sabay sila ni aduke pero parang oo lang ata sa s79. Di naman considered as blue chip si cobb. Lalo si Rovie sya lang naalala kong rookie sa S80.,2033731817724154040,,tintmznalways,tl,,0,1,0,https://x.com/undefined/status/2033731817724154040,1652820398512414720,
2033731816356528472,Tue Mar 17 02:27:04 +0000 2026,0,Gavin Cross Kansas City Royals 2022 Elite Extra Edition FotL Blue Parallel #'d/20 https://t.co/HdmYzVJ0IH #thehobby #whodoyoucollect #baseballcards #FountainsUp,2033731816356528472,,,en,,0,0,0,https://x.com/undefined/status/2033731816356528472,7912342,
2033388353450594611,Tue Mar 17 02:27:04 +0000 2026,0,@fan_cats40258 @Barstool_USF I think we were around 65-75 percent capacity most of the year. If kelsey can find tourney success and convince us he s the guy a little more those numbers go up again next year. Definitely sold out the big blue beatdown.,2033731815047844194,,fan_cats40258,en,,0,0,0,https://x.com/undefined/status/2033731815047844194,528988596,
2033731814125125633,Tue Mar 17 02:27:04 +0000 2026,7,Check out 2024 Panini Select Signature Selections Garrett Baumann Blue Prizm Auto RC 20/49 #TBBCrew #TBBReposts #TheHobby #WhoDoYouCollect https://t.co/a00QBwZq2s #eBay via @eBay,2033731814125125633,,,ht,,1,0,9,https://x.com/undefined/status/2033731814125125633,1707450027294015488,
2033731812527378839,Tue Mar 17 02:27:03 +0000 2026,11,#いとをかし写真展 にて 櫻井まち さん @dededechan05 Blue moment Quiet eyes. https://t.co/wv0C0pawDR,2033731812527378839,https://pbs.twimg.com/media/HDlDLicbEAE1ECw.jpg,,ja,,0,0,1,https://x.com/undefined/status/2033731812527378839,73667649,
2033584372654202985,Tue Mar 17 02:27:03 +0000 2026,0,@ttfalor So you not watching blue mountain state,2033731812178919521,,ttfalor,en,,0,0,0,https://x.com/undefined/status/2033731812178919521,1480712025932189698,
2033720131378155724,Tue Mar 17 02:27:03 +0000 2026,0,@Nakayama_Festa_ Esperas mucho que una comunidad de un gacha lea pasa acá pasa en nikke pasa en Blue Archive en Hoyoverse y pasará en cualquiera que involucre leer,2033731810320953814,,Nakayama_Festa_,es,,0,0,0,https://x.com/undefined/status/2033731810320953814,1534278838485671936,
2033731803840975235,Tue Mar 17 02:27:01 +0000 2026,1,18日発売よな？？！？？ カツパラBlue-rayよ お前そんなにわいに会いたかったんか！？ https://t.co/SXGaxKiUTb,2033731803840975235,https://pbs.twimg.com/media/HDlETD0bEAEle9x.jpg,,ja,,0,0,0,https://x.com/undefined/status/2033731803840975235,4859410349,
2033731770194002023,Tue Mar 17 02:26:53 +0000 2026,47,Fun logo stuff We didn't want to use stereotypical gamer imagery in our logo (controllers headsets etc). Instead our designer used esports lines (wings kinda follow mouse buttons eagle head is like a mouse wheel etc.). Red vs blue. There are other easter eggs as well! https://t.co/gaJv6PzidV,2033731770194002023,https://pbs.twimg.com/media/HDlDzy8WsAAoXYD.png,,en,,0,6,0,https://x.com/undefined/status/2033731770194002023,224824691,
2033731762996838650,Tue Mar 17 02:26:51 +0000 2026,0,ga sabar 2029 biar bisa pake baju baby blue tanpa stereotype ,2033731762996838650,,,in,,0,0,0,https://x.com/undefined/status/2033731762996838650,1265527190474588161,
2033650208241000881,Tue Mar 17 02:26:50 +0000 2026,0,@tickerBITCOINbb @theniggler85 @HustleBitch_ It honestly does. The blue is off as well. I ve seen some really nice VSF sky dwellers but this is a turd wrapped in stainless steel,2033731756281487808,,tickerBITCOINbb,en,,0,0,0,https://x.com/undefined/status/2033731756281487808,1595865335395221504,
2033708767209300086,Tue Mar 17 02:26:46 +0000 2026,0,@TrumpDailyPosts The Famed Blue/Green Alliance,2033731739869155508,,TrumpDailyPosts,en,,0,0,0,https://x.com/undefined/status/2033731739869155508,1518757364299616258,
2033731733288276268,Tue Mar 17 02:26:44 +0000 2026,3,Tonight on the #Goranger Rewatch: Blue Secrecy!! Varidorin Left to be Dismantled After he and Daita are ambushed and lose Varidorin to Anchor Mask Shinmei races to seek and destroy the base it's being held at before Black Cross figures out how to replicate its lithium engine https://t.co/1hbuEeqzsr,2033731733288276268,https://pbs.twimg.com/media/HDlDjYRXEAAaJgE.jpg,,en,,1,0,1,https://x.com/undefined/status/2033731733288276268,299903027,
2033731724681838673,Tue Mar 17 02:26:42 +0000 2026,0,Blue and pink are a fantastic combination! https://t.co/72mdFn0Ibd,2033731724681838673,https://pbs.twimg.com/media/HDlEL66bEAAXj0J.jpg,,en,,0,0,0,https://x.com/undefined/status/2033731724681838673,2026939088226639872,
2033688122068787693,Tue Mar 17 02:26:41 +0000 2026,0,@fairyprxncess Blue,2033731719451353538,,fairyprxncess,en,,0,0,0,https://x.com/undefined/status/2033731719451353538,1965482504753745920,
2033653221185429757,Tue Mar 17 02:26:40 +0000 2026,0,@TwoEaglesMom2 @vbspurs This recipe isn't online so enjoy the photo version of it. I just use regular sausage and omit the mushrooms. Smoked paprika is a great addition. https://t.co/3JYFlWkEG0,2033731717387731359,https://pbs.twimg.com/media/HDlD53YbEAEbnQg.jpg,TwoEaglesMom2,en,,0,0,0,https://x.com/undefined/status/2033731717387731359,1735876896099815424,
2033729306648854980,Tue Mar 17 02:26:39 +0000 2026,1,@gmail See this SS for the blue v non-blue distinction in the attachment. https://t.co/9vwSTWldYJ,2033731712266735677,https://pbs.twimg.com/media/HDlEIscagAAMj1F.jpg,justMintedSri,en,,0,0,1,https://x.com/undefined/status/2033731712266735677,1876952443147505664,
2033731702632399206,Tue Mar 17 02:26:37 +0000 2026,1,lmao yep I hate when I just see blue definitely take it as my cue to stfu ,2033731702632399206,,,en,,0,0,0,https://x.com/undefined/status/2033731702632399206,1267954412711886848,
2033731699905909006,Tue Mar 17 02:26:36 +0000 2026,0,enemies with benefits growing pains glass half empty main attraction gag on our way hole baby blue #MONSTAX #Unfold https://t.co/eMMCvDjNMY,2033731699905909006,https://pbs.twimg.com/media/HDlENBDbUAAoKfP.jpg,,en,,0,1,0,https://x.com/undefined/status/2033731699905909006,1537706260673486848,
2033731683758035104,Tue Mar 17 02:26:32 +0000 2026,94,แต้งกิ้ว AMIRI จริง ๆ สุด ๆ https://t.co/DvCteinQVR,2033731683758035104,https://pbs.twimg.com/media/HDlELxQbEAE3wWf.jpg,,th,,0,0,103,https://x.com/undefined/status/2033731683758035104,1738959639008649216,
2033731677386682793,Tue Mar 17 02:26:31 +0000 2026,0,Behind blue eyes,2033731677386682793,,,en,,0,0,0,https://x.com/undefined/status/2033731677386682793,431088610,
2033616318180569512,Tue Mar 17 02:26:31 +0000 2026,0,@Iilutavert @bachiraglitter No deadass as much as i love Blue lock most of their comebacks are so corny.,2033731676174749799,,Iilutavert,en,,0,1,0,https://x.com/undefined/status/2033731676174749799,1810071283251765248,
2033720087312797775,Tue Mar 17 02:26:29 +0000 2026,0,@FuckJerod I'll keep doing it till the day I die I hate these people. AI Chuds NFT Chuds Random Pokemon name + King at the end (always first 3 gens &amp; mainly 151) Blue Checkmark Chuds.. Its all been going downhill over the years and is just a way to make a quick buck + launder money now.,2033731670143340948,,FuckJerod,en,,0,0,0,https://x.com/undefined/status/2033731670143340948,1156136058,
2033731665042853909,Tue Mar 17 02:26:28 +0000 2026,1,Há 5 anos a @HecuCollective lançou o primeiro capítulo de Black Mesa: Blue Shift! Tem sido incrível ver o quanto o projeto e a equipe evoluíram desde então. Parabéns à equipe pelos 5 anos de crescimento força e trabalho que são realmente impressionantes. ,2033731665042853909,,,pt,,0,1,0,https://x.com/undefined/status/2033731665042853909,1803603242615558144,
2033731664871047323,Tue Mar 17 02:26:28 +0000 2026,2,The marine core air station had an airshow the Blue Angels were here doing some stunts and cool stuff. The crazies were out too https://t.co/hESJLlaxnJ,2033731664871047323,https://pbs.twimg.com/media/HDlEK4CaUAA0-GN.jpg,,en,,0,3,0,https://x.com/undefined/status/2033731664871047323,103972304,
2033731644742652159,Tue Mar 17 02:26:27 +0000 2026,0,The biggest risk? Diluting Blue Bottle s small-batch premium vibe. The solution: Keep brands fully separate shared back-end independent front-end. Don t turn Blue Bottle into fancy Luckin . 9/10,2033731659284267515,,V2V2V0,en,,0,1,0,https://x.com/undefined/status/2033731659284267515,1254394729933897730,
2033622359752458658,Tue Mar 17 02:26:26 +0000 2026,0,@GuruTwoey @ShakurStevenson You got to realize blue face was hesitant to throw you re not gonna try to throw as much with a big guy that can punch yk I think it was the power that was making him uncomfortable to throw anything back and activity wins fight not just defense he wasn t doing enough,2033731657795039416,,GuruTwoey,en,,0,0,0,https://x.com/undefined/status/2033731657795039416,1384955690,
2033731644742652159,Tue Mar 17 02:26:26 +0000 2026,0,Global shortcut: Luckin is huge in China but barely international. Blue Bottle already operates in the US Japan Korea etc. This is Luckin s fast lane to become a real global coffee group. 8/10,2033731657459806325,,V2V2V0,en,,0,1,0,https://x.com/undefined/status/2033731657459806325,1254394729933897730,
2033731644742652159,Tue Mar 17 02:26:26 +0000 2026,0,Growth escape: China coffee is now hyper-competitive &amp; price-worn. Luckin can t keep cutting prices forever. Blue Bottle opens a high-margin growth engine and ends reliance on low-price tactics. 7/10,2033731655601688842,,V2V2V0,en,,0,1,0,https://x.com/undefined/status/2033731655601688842,1254394729933897730,
2033731644742652159,Tue Mar 17 02:26:25 +0000 2026,0,Operational superpower: Luckin brings digital supply chain logistics and scaling efficiency. Blue Bottle brings bean quality roasting craftsmanship and premium design. 1+1 &gt; 3: lower costs for Blue Bottle higher quality for Luckin. 6/10,2033731653907181885,,V2V2V0,en,,0,1,0,https://x.com/undefined/status/2033731653907181885,1254394729933897730,
2033731644742652159,Tue Mar 17 02:26:25 +0000 2026,0,The dual-brand dream: - Luckin: scale speed convenience cash flow mass market - Blue Bottle: premium profit margin brand prestige flagship locations Together they cover every price tier &amp; customer segment. 5/10,2033731652216885430,,V2V2V0,en,,0,1,0,https://x.com/undefined/status/2033731652216885430,1254394729933897730,
2033731644742652159,Tue Mar 17 02:26:25 +0000 2026,0,Blue Bottle = the Apple of coffee: - Third-wave specialty icon - Minimalist premium social-media friendly - ~$6 8 avg price per drink Perfect high-end counterpart to Luckin s mass-market model. 4/10,2033731650534936841,,V2V2V0,en,,0,1,0,https://x.com/undefined/status/2033731650534936841,1254394729933897730,
2033731649599418590,Tue Mar 17 02:26:24 +0000 2026,0,Remember when @X (in the Twitter days) had a dark blue night theme instead of all black? Can we get that back? I much prefer dim over full dark. https://t.co/N1qMWsxyKq,2033731649599418590,https://pbs.twimg.com/media/HDlEJUBXwAA2nqI.jpg,,en,,0,0,0,https://x.com/undefined/status/2033731649599418590,1613002186601922563,
2033731648903164313,Tue Mar 17 02:26:24 +0000 2026,0,Yup just make sure the eyes are blue,2033731648903164313,,,en,,0,0,0,https://x.com/undefined/status/2033731648903164313,1865339927333945344,
2033731648827654239,Tue Mar 17 02:26:24 +0000 2026,0,https://t.co/KGYONwD90b,2033731648827654239,,,zxx,,0,0,0,https://x.com/undefined/status/2033731648827654239,1021975012486656000,
2033731644742652159,Tue Mar 17 02:26:24 +0000 2026,0,Why this matters for Luckin: For years it s been trapped in the affordable coffee box: - 9.9¥ price wars - Low brand premium - Weak in high-end social/experience scenes Blue Bottle fixes this overnight. 3/10,2033731648744010108,,V2V2V0,en,,0,1,0,https://x.com/undefined/status/2033731648744010108,1254394729933897730,
2033731644742652159,Tue Mar 17 02:26:24 +0000 2026,0,First clarify the structure: - Buyer: Centurium (controls Luckin) - Acquired: Blue Bottle stores &amp; brand experience - Nestlé keeps retail/coffee capsules Logic: separate ownership deep business synergy minimal risk for Luckin. 2/10,2033731646995001694,,V2V2V0,en,,0,1,0,https://x.com/undefined/status/2033731646995001694,1254394729933897730,
2033731644742652159,Tue Mar 17 02:26:23 +0000 2026,0,Big coffee news: Luckin Coffee s controlling shareholder Centurium Capital is buying Blue Bottle Coffee (global store business) from Nestlé for ~$400M. This isn t just M&amp;A. It s a strategic masterstroke that changes the entire global coffee game. 1/10 https://t.co/cA0aTv3oOy,2033731644742652159,https://pbs.twimg.com/media/HDlEJGTaYAA3902.jpg,,en,,0,1,0,https://x.com/undefined/status/2033731644742652159,1254394729933897730,
2033731640351236191,Tue Mar 17 02:26:22 +0000 2026,1,so close to making krobus mine again. 10 hearts. but i don't got enough void essence to get the freaking void pendant yet thankfully Krobus makes it easy for me by selling them. 1k a day for my baby. also i have a lot saved. so close!! then i gotta get blue chickens!,2033731640351236191,,,en,,0,0,0,https://x.com/undefined/status/2033731640351236191,773305874202791936,
2033719502580683048,Tue Mar 17 02:26:21 +0000 2026,2,@RedPandaKoala blue ballizondo,2033731636618268845,,RedPandaKoala,en,,0,0,0,https://x.com/undefined/status/2033731636618268845,3301675428,
2033731626186748080,Tue Mar 17 02:26:19 +0000 2026,3,growing pains heal on our way baby blue glass half empty main attraction enemies with benefits sorry to myself before you met me 아 느낌 좋은데 .? https://t.co/mO7zhhtNKp,2033731626186748080,https://pbs.twimg.com/media/HDlD-BkWUAE7jYl.jpg,,en,,0,0,0,https://x.com/undefined/status/2033731626186748080,1561015704672944130,
2033731347546857503,Tue Mar 17 02:26:16 +0000 2026,3,セツイヤホンをつけながらセツのblue sky blue star を聴くということも ,2033731615910957441,,AoeNvk,ja,,0,0,0,https://x.com/undefined/status/2033731615910957441,1915279951840108547,
2033731609011360087,Tue Mar 17 02:26:15 +0000 2026,0,VIP Cashes #SportsBettingX #sportsbettingpicks #NBAPicks https://t.co/e0Z3LArJwZ,2033731609011360087,https://pbs.twimg.com/media/HDlEHnnaMAAwLRM.jpg,,en,,0,0,0,https://x.com/undefined/status/2033731609011360087,2022577381425451010,
2033731607731765358,Tue Mar 17 02:26:14 +0000 2026,0,He is of course exactly right. Art is art. Cinema opera literature..it s a deeply personal form of creativity/expression. It s the antithesis of art to dictate the medium to the artist. It s like telling Van Gogh his Sunflowers must include blue petals. It s nonsense.,2033731607731765358,,,en,,0,0,0,https://x.com/undefined/status/2033731607731765358,1729899040869912581,
2033731596227121154,Tue Mar 17 02:26:12 +0000 2026,0,Blue Box ブルーピロー 枕 (柔眠 8cm) まくら ホテル仕様低反発枕 首サポート 横向き 仰向け 通気枕 高さ8cm ¥6 380（128pt） 11:25 ️ ¥2000 OFFクーポン ​#PR #Amazon https://t.co/qf9i9P25vO,2033731596227121154,,,ja,,0,0,0,https://x.com/undefined/status/2033731596227121154,1740564277105475584,
2033602854330540434,Tue Mar 17 02:26:10 +0000 2026,1,@GlenGarden1 @Icp_Hydra @FinancialPhys @DisrespectedThe 100%! Now ask if no cop (in the whole dept.) intervenes to stop your arrest or even register a formal protest now which are the good cops or bad cops? My point: LEOs don't swear an oath to the Thin Blue Line of Silence and if they won't uphold our rights the system is failed.,2033731590942273605,,GlenGarden1,en,,0,1,0,https://x.com/undefined/status/2033731590942273605,2000836431883984896,
2033731581299593449,Tue Mar 17 02:26:08 +0000 2026,0,Drone photos taken on March 15 2026 show the snow scenery in Maqen County Tibetan Autonomous Prefecture of Golog northwest China's #Qinghai Province. The mountains covered in snow beneath the blue sky present a magnificent scene on the plateau. https://t.co/TJbusQqT9h,2033731581299593449,https://pbs.twimg.com/media/HDlEAt-bEAMeOwt.jpg,,en,,0,0,0,https://x.com/undefined/status/2033731581299593449,599026769,
2033432928429244534,Tue Mar 17 02:26:06 +0000 2026,0,@Amelia558rs 3 if comes in a soft green or light blue,2033731574244528342,,Amelia558rs,en,,0,0,0,https://x.com/undefined/status/2033731574244528342,1527624225569243140,
2033727681687142540,Tue Mar 17 02:26:06 +0000 2026,0,@BussinWTB Hopefully their are blue &amp; red lights installed in those panels,2033731570750636195,,BussinWTB,en,,0,0,0,https://x.com/undefined/status/2033731570750636195,1605061223766163456,
2033725341634846748,Tue Mar 17 02:25:30 +0000 2026,0,아니 당연함 플로렌스앤더머신 &lt;- 플로렌스 웰츠는 존재 자체가 약간..캐릭터적 신 같지요 외형 말하는 톤 보컬 춤선 무대압도력 모두 how big how blue how beautiful &lt;-제말이요(?) 뮤비 내용 &lt;-사랑할수밖에없음 근데 이런 취향인 내가 베네스를 안사랑하는건 세상에서 제일 어려운 일일거야..,2033731421291036890,,ladieslezgo,ko,,0,1,0,https://x.com/undefined/status/2033731421291036890,2016332332664569856,
2033699469439422881,Tue Mar 17 02:25:26 +0000 2026,0,@Invalid_Id91 @Cyb4rAnG3L It looks cool? Do blue ticks just act fake nice to each other,2033731406623338545,,Invalid_Id91,en,,0,2,0,https://x.com/undefined/status/2033731406623338545,1988035313353322498,
2033223673222406324,Tue Mar 17 02:25:25 +0000 2026,0,@tonyhandley18 @GBPolitcs @DailyMail imagine paying for a blue checkmark just so people will see dumb-ass tweets like these,2033731402143879307,,tonyhandley18,en,,0,0,0,https://x.com/undefined/status/2033731402143879307,2864261560,
2033708496680587751,Tue Mar 17 02:25:23 +0000 2026,0,@PetersNDawkins @bign00dles @WizardsMuse1 Sorry if I'm not properly repentant to a Blue Check mark whatever that is.,2033731393541259651,,PetersNDawkins,en,,0,2,0,https://x.com/undefined/status/2033731393541259651,62587361,
2033731386872353078,Tue Mar 17 02:25:22 +0000 2026,0,A little part of a WIP cause I m really liking it so far https://t.co/dMWABecNEq,2033731386872353078,https://pbs.twimg.com/media/HDlD6uaW0AAcx7_.jpg,,en,,0,0,0,https://x.com/undefined/status/2033731386872353078,1578429091900018689,
2033725970008461804,Tue Mar 17 02:25:21 +0000 2026,1,@MiauchiWuv Holis me vi 2 dos Capítulos de blue lock,2033731383802179833,,MiauchiWuv,es,,0,1,0,https://x.com/undefined/status/2033731383802179833,1474537814079459333,
2033727869537431695,Tue Mar 17 02:25:19 +0000 2026,2,@TruthSeek01011 Now they know how blue collar Americans feel.,2033731376243933668,,TruthSeek01011,en,,0,0,0,https://x.com/undefined/status/2033731376243933668,801479102,
2033731368065130875,Tue Mar 17 02:25:17 +0000 2026,1,Fanáticos del Genshin Honkai Fate (desde las VN hasta GO) ZZZ y hasta Blue Archive : https://t.co/PzblvAjzCA,2033731368065130875,https://pbs.twimg.com/media/HDlD5wQaQAAk8pc.jpg,,es,,0,0,0,https://x.com/undefined/status/2033731368065130875,1173839423261294592,
2033661271803940941,Tue Mar 17 02:25:17 +0000 2026,0,@miles_commodore Yes. It was also powder blue,2033731366546796960,,miles_commodore,en,,1,0,0,https://x.com/undefined/status/2033731366546796960,1762158299158343680,
1964469544321503525,Tue Mar 17 02:25:15 +0000 2026,0,@xSolar_Soulx As this the vaporeon wife she as the same blue outline on hair,2033731359173390549,,xSolar_Soulx,en,,0,0,0,https://x.com/undefined/status/2033731359173390549,1503786466102681600,
2033546514761392251,Tue Mar 17 02:25:15 +0000 2026,1,@yyeezyyyeezyy @KlyptoKicks Word blue is blue,2033731359051813077,,yyeezyyyeezyy,en,,0,0,1,https://x.com/undefined/status/2033731359051813077,896413274513616897,
2033705310569759127,Tue Mar 17 02:25:14 +0000 2026,0,@America1stLegal Hahahahahahha . @Jim_Jordan is too much of a coward...cant even impeach boasburg...but you think he'd do anything on. Blue states???,2033731356660748520,,America1stLegal,en,,0,0,0,https://x.com/undefined/status/2033731356660748520,43445021,
2033684300705505700,Tue Mar 17 02:25:14 +0000 2026,0,@Bubblebathgirl At some point this gal won t want to take care of an old man! He better get a prenup! Better stock up on blue pills! https://t.co/Ep849I0BB2,2033731354865840233,https://pbs.twimg.com/tweet_video_thumb/HDlD4skaoAA693d.jpg,Bubblebathgirl,en,,0,0,0,https://x.com/undefined/status/2033731354865840233,2753613144,
2033710124431274293,Tue Mar 17 02:25:13 +0000 2026,0,@AlecLace never even heard of it until today he even pulled out the ol blue steel and still not a one curious potential customer,2033731351002689661,,AlecLace,en,,0,0,0,https://x.com/undefined/status/2033731351002689661,1861902759072534528,
2033386181514457129,Tue Mar 17 02:25:10 +0000 2026,0,@thesovereignceo They are all on meds??? If Canada was a 'normal' country the voters would be a year into Carney as PM screaming blue mrder to have the Liberal govt kicked to the curb for its economic and fiscal incompetence instead of political toadies crossing the floor in a blatant attempt,2033731336897241258,,thesovereignceo,en,,0,0,0,https://x.com/undefined/status/2033731336897241258,4012638208,
2033683346073546868,Tue Mar 17 02:25:09 +0000 2026,1,@naman982r @Sinverguenzas_P No voy a pagar Blue Elon Musk https://t.co/yKKllNwsZ1,2033731334711968182,https://pbs.twimg.com/media/HDlD0lmX0AAhgvY.png,naman982r,es,,0,0,1,https://x.com/undefined/status/2033731334711968182,1544596254012936193,
2033731334435443186,Tue Mar 17 02:25:09 +0000 2026,1,growing pains baby blue heal on our way glass half empty main attraction enemies with benefits sorry to myself before you met me 한 개를 죽어도 못 찾겠네... https://t.co/RF2Gj6hdAA,2033731334435443186,https://pbs.twimg.com/media/HDlB9w-bEAMLwgT.jpg,,en,,2,1,0,https://x.com/undefined/status/2033731334435443186,1475394252343771144,
2033731329427431529,Tue Mar 17 02:25:08 +0000 2026,0,Wen Hua Park in Foshan is ablaze with gorgeous kapok blossoms! Imagine orange-red flames against a blue sky. Perfect for photos (no filter needed!). Catch the best light 3-5pm. Don't miss this spring spectacle! #Foshan #Guangdong #ChinaTravel #KapokFlowers #GBA https://t.co/yCGMuoXcvW,2033731329427431529,https://pbs.twimg.com/media/HDlD3SAaEAAwr7-.jpg,,en,,0,0,0,https://x.com/undefined/status/2033731329427431529,1889610713448247296,
2033731326524985388,Tue Mar 17 02:25:07 +0000 2026,0,even the sky is transgender in blue states #WokeInfluence https://t.co/U2VWK3yZ4Z,2033731326524985388,https://pbs.twimg.com/media/HDlD3OfbEAUYpug.jpg,,en,,0,0,0,https://x.com/undefined/status/2033731326524985388,1794400543357468672,
2033576579465441336,Tue Mar 17 02:25:05 +0000 2026,0,@SoulOfNayel I tend to collect by vibe checking and if I like their energy I try and get it. Your one looks a little cheeky and is blue. I don t have one like that.,2033731317649604935,,SoulOfNayel,en,,0,0,0,https://x.com/undefined/status/2033731317649604935,1975322140275838976,
2033731231784047057,Tue Mar 17 02:24:45 +0000 2026,3,Since I like Nunew the sky is like copper sulfate always so blue. #LYOxNuNew #NuNew @CwrNew https://t.co/iDaC1gV5Fw,2033731231784047057,https://pbs.twimg.com/media/HDlDwvebEAEEiho.jpg,,en,,0,0,2,https://x.com/undefined/status/2033731231784047057,1528710633344364544,
2033731223135125752,Tue Mar 17 02:24:43 +0000 2026,0,Bill Evans Portrait In Jazz (Blue) https://t.co/fMg8QLgyn8,2033731223135125752,,,en,,0,0,0,https://x.com/undefined/status/2033731223135125752,1331743326165471232,
2033699353701855617,Tue Mar 17 02:24:41 +0000 2026,0,@BryceMLipscomb @RandPaul Oh my you might as well dye your hair blue while you're at it.,2033731217456005554,,BryceMLipscomb,en,,0,0,0,https://x.com/undefined/status/2033731217456005554,1765071526037192704,
2033694807869030876,Tue Mar 17 02:24:41 +0000 2026,0,@SGTWipper1Each If I'm not mistaken I think this was at the air show near Augusta GA. I was there pretty awesome to see what the Blue Angels can do. There were some A10s there aswell.,2033731215874830345,,SGTWipper1Each,en,,0,0,0,https://x.com/undefined/status/2033731215874830345,1570572138083401731,
2033587805742379326,Tue Mar 17 02:24:41 +0000 2026,0,@DNLSHLR @MsAvaArmstrong Real ID is not proof of citizenship only an enhanced driver s license is. Stop spreading misinformation. A handful of blue state issue enhanced driver s licenses. Not one red state does. I have a passport and an enhanced license and will vote blue.,2033731214767493326,,DNLSHLR,en,,0,0,0,https://x.com/undefined/status/2033731214767493326,798175402384642048,
2033731209168040154,Tue Mar 17 02:24:39 +0000 2026,0,I love this game so bad the challenge series where you have to drive the Porsche 911 Snowflake edition with the ice blue brake lights through the yellow fall forest in the midwest lives rent free in my mind,2033731209168040154,,,en,,0,0,0,https://x.com/undefined/status/2033731209168040154,1929625061805211648,
2033731197059404093,Tue Mar 17 02:24:36 +0000 2026,0,Akihito Tokunaga Solo Live Route 109 -Extra Edition- at Blue Note Tokyo. #AkihitoTokunaga #Solo #Live #Route109 #ExtraEdition #徳永暁人 #doa #東京 #Tokyo #南青山 #Minamiaoyama #2021 https://t.co/JsyJNIFU3y,2033731197059404093,,,tl,,0,0,0,https://x.com/undefined/status/2033731197059404093,1843176421373702144,
2033731183264088156,Tue Mar 17 02:24:33 +0000 2026,0,PQ VCS TAO BAIXANDO O BLUE SKY DENOVO https://t.co/7XOuDVpChd,2033731183264088156,https://pbs.twimg.com/media/HDlDu8iW8AA_x2s.jpg,,pt,,0,3,0,https://x.com/undefined/status/2033731183264088156,1665461824035209221,
2033730198584152535,Tue Mar 17 02:24:33 +0000 2026,4,@silly_siamese dev is blue whale because he is blue,2033731180843896878,,silly_siamese,en,,0,0,0,https://x.com/undefined/status/2033731180843896878,1888348965411979264,
2033666068372230443,Tue Mar 17 02:24:29 +0000 2026,0,@HottLord Yoh winninggggggg homie. Now u left the non-blue crowd ,2033731164884599011,,HottLord,en,,0,0,0,https://x.com/undefined/status/2033731164884599011,953223029982662657,
2033660327032758547,Tue Mar 17 02:24:26 +0000 2026,0,@Liminal_Places Honestly I got lucky and chose blue,2033731153929142285,,Liminal_Places,en,,0,0,0,https://x.com/undefined/status/2033731153929142285,1293027727096913920,
2033726084181623112,Tue Mar 17 02:24:26 +0000 2026,1,@WuWa_Verse1 Its like ciaconna apply spectro n aero she applies fusion n glacio stacks. Hence red n blue forms,2033731153681592677,,WuWa_Verse1,en,,0,0,0,https://x.com/undefined/status/2033731153681592677,1346845604215980036,
2033730913557709032,Tue Mar 17 02:24:24 +0000 2026,1,@misakyuunn my eye. like greyish blue because Of evil dad,2033731142839312801,,misakyuunn,en,,0,1,0,https://x.com/undefined/status/2033731142839312801,1769112025840459776,
2033576523169722711,Tue Mar 17 02:24:21 +0000 2026,0,@AriDrennen No that s blue America. Red America is half that.,2033731130256400742,,AriDrennen,en,,0,0,0,https://x.com/undefined/status/2033731130256400742,1518921421946245120,
2006997390084218925,Tue Mar 17 02:24:20 +0000 2026,0,Bathed in deep blue light holding the microphone close as reflections rest on the lenses keeping the moment simple while the stage speaks in quiet tones. A still second between notes framing the night through a small gesture letting the energy soften into something. https://t.co/zb2BxOSDZB,2033731126402121747,https://pbs.twimg.com/media/HDlDrR8aQAA5xRW.jpg,HB99WIN,en,,0,1,0,https://x.com/undefined/status/2033731126402121747,533983945,
1926713021432287306,Tue Mar 17 02:24:18 +0000 2026,1,@delihar__ The blue ray being a limited resource was the moment I felt the true sinking horror. Deli we are so fucked.,2033731120936706451,,delihar__,en,,0,1,0,https://x.com/undefined/status/2033731120936706451,1291867359238598659,
2033731114410385707,Tue Mar 17 02:24:17 +0000 2026,2,Come see the Heels! Let s paint it Carolina Blue inside Carmichael!,2033731114410385707,,,en,,0,0,0,https://x.com/undefined/status/2033731114410385707,820728797360230400,
2033727333639586137,Tue Mar 17 02:24:15 +0000 2026,1,@LuciDreamerRP https://t.co/i4ynWLewRO https://t.co/qlhmWsm4FG,2033731107691127260,https://pbs.twimg.com/tweet_video_thumb/HDlDqHfakAAmRP4.jpg,LuciDreamerRP,qme,,0,0,0,https://x.com/undefined/status/2033731107691127260,1980626568188948483,
2033731103522230382,Tue Mar 17 02:24:14 +0000 2026,0,Pelaksanaan GATUR DAN PATROLI BLUE LIGHT Bertempat di Wilayah hukum Polres Tapsel di Jl. Merdeka tepatnya di depan Mesjid Raya Gunung Tua kec. Padang Bolak Kab. Padang Lawas Utara. https://t.co/lohmUGcLlb,2033731103522230382,https://pbs.twimg.com/media/HDlDocYbEAAsTVz.jpg,,in,,0,0,0,https://x.com/undefined/status/2033731103522230382,1990623860165931008,
2033552498238140455,Tue Mar 17 02:24:08 +0000 2026,1,@lololo2442 Ohiko draws Sonic character?? Amy fluffy and round in your style aww and the pink is vibrant with blue reflection beautiful ,2033731076221505935,,lololo2442,en,,0,1,0,https://x.com/undefined/status/2033731076221505935,273376065,
2029276095602647252,Tue Mar 17 02:24:05 +0000 2026,0,@7SLASHLIGHTNING Crazy how most of them still haven t been introduced in blue two vortex smh big L,2033731064187715995,,7SLASHLIGHTNING,en,,0,0,0,https://x.com/undefined/status/2033731064187715995,3246879262,
2033731060320571455,Tue Mar 17 02:24:04 +0000 2026,1,A 3rd CM Punk vs Roman Reigns graphic This time with a blue neon theme for #WrestleMania #WWERaw https://t.co/2JCoP4WOyU,2033731060320571455,https://pbs.twimg.com/amplify_video_thumb/2033730988291883008/img/gDPvECbGZVyHm2rP.jpg,,en,,0,1,1,https://x.com/undefined/status/2033731060320571455,1918454922,
2033601642612896003,Tue Mar 17 02:24:03 +0000 2026,1,@JarretNoDegree @Karlsn3 @RockyVegaTV @cowboyshater29 @HYPEX @ShiinaBR i don t think that s how that works but can t expect smarts from someone with twitter blue,2033731057493680158,,JarretNoDegree,en,,0,1,0,https://x.com/undefined/status/2033731057493680158,1248040498775949314,
2033696398621765924,Tue Mar 17 02:24:03 +0000 2026,0,@KeruboSk White collar folks shower before work. Blue collar folks shower after. Youre welcome. You owe me a beer for my labor.,2033731057091285070,,KeruboSk,en,,0,0,0,https://x.com/undefined/status/2033731057091285070,1990115203351302144,
2033721875541422176,Tue Mar 17 02:24:03 +0000 2026,1,@kay_imw idk he like fumbled the puck at the blue line and starting yelling for a good minute ,2033731055325163925,,kay_imw,en,,0,0,0,https://x.com/undefined/status/2033731055325163925,1219432519013146624,
2033727536967119184,Tue Mar 17 02:24:02 +0000 2026,1,@swivaljaw @Claynosaurz @theboredbunch It s the blue eyes for me ,2033731052360048701,,swivaljaw,en,,0,0,0,https://x.com/undefined/status/2033731052360048701,1138999956,
2033731037793009973,Tue Mar 17 02:23:58 +0000 2026,0,Analysis: Trump s 2024 showing raised GOP hopes in blue states. Now he s in retreat | CNN Politics https://t.co/OnJ8884aTn Republicans are done DEMOCRATS WILL TAKE THE HOUSE AND SENATE NOVEMBER MIDTERM ELECTION.,2033731037793009973,,,en,,0,0,0,https://x.com/undefined/status/2033731037793009973,711783948993429504,
2033731036543439032,Tue Mar 17 02:23:58 +0000 2026,4,SYSTEM5でセールをやっていたので、DeityのS-Mic 3-Sを購入。 コーポレートカラーが青ではなく黄色で、BeityではなくDeityとブルー要素はないですが、しっかり使っていきます https://t.co/8OVEFRe3LD,2033731036543439032,https://pbs.twimg.com/media/HDlDl_mbYAA7Boc.jpg,,ja,,0,1,0,https://x.com/undefined/status/2033731036543439032,1733018365860704256,
2033731027336917450,Tue Mar 17 02:23:56 +0000 2026,0,Wishlink post Url https://t.co/9ZrXWanzHu All Product Urls XAIPRO SHARK SKYBLUE FOR 2 TO 5 YEARS KIDS 14 T Road Cycle (Single Speed Blue) https://t.co/ZIMU4FbOsQ,2033731027336917450,,,en,,0,0,0,https://x.com/undefined/status/2033731027336917450,1991931990220963841,
2033729846262538680,Tue Mar 17 02:23:54 +0000 2026,0,@h_delroy Both teams are corrupt my friend. Team blue is just as guilty as team red. Both bought and sold by a foreign entity ‍️,2033731021141905727,,h_delroy,en,,1,0,0,https://x.com/undefined/status/2033731021141905727,2768371733,
2033728121510195263,Tue Mar 17 02:23:53 +0000 2026,0,@BlackoutDallas It's the blue star...,2033731016628621376,,BlackoutDallas,en,,0,0,0,https://x.com/undefined/status/2033731016628621376,1465430566925479954,
2033731006176407635,Tue Mar 17 02:23:51 +0000 2026,0,몬베베 2026 MONSTA X WORLD TOUR [THE X : NEXUS] IN JAKARTA Green Send Off A Pink Soundcheck Blue DM/LINE #몬스타엑스 #MONSTAX #MONSTA_X #MONSTAX_THEX_NEXUS #MONSTAXinASIA #APlanet #LITXPERIENCE,2033731006176407635,,,en,,0,0,0,https://x.com/undefined/status/2033731006176407635,1526998746118205440,
2033730993937346707,Tue Mar 17 02:23:48 +0000 2026,0,Check out Guess GU2658 Blue-Tortoise Square Women Full Rim 52-17-135 Eyeglasses Frames Y49 https://t.co/NWT07D6xPK #eBay via @eBay,2033730993937346707,,,en,,0,0,0,https://x.com/undefined/status/2033730993937346707,365297657,
2033539778897916058,Tue Mar 17 02:23:48 +0000 2026,0,@riegrowzaika He was alone behind those blue eyes He wasn't as beautiful as his sparkling blue he was already broken inside beyond repair He kept trying but at what cost? Just when he managed to show that he could stand alone without anyone else the entire world ended up turning against him,2033730992792605009,,riegrowzaika,en,,0,0,0,https://x.com/undefined/status/2033730992792605009,1487558837187928065,
2033508737072189808,Tue Mar 17 02:23:38 +0000 2026,0,@Nitsuga131 @GotCaught4 @sinsenpele I don't give a shit if she's white black blue or gray you don't hit a woman and I hope I see a black man hitting a white woman let's see if he doesn't get the beating of his life.,2033730953521115605,,Nitsuga131,en,,0,0,0,https://x.com/undefined/status/2033730953521115605,1612830764403392517,
2033432928429244534,Tue Mar 17 02:23:37 +0000 2026,0,@Amelia558rs Blue or tan. Blue is my favorite!,2033730945904189848,,Amelia558rs,en,,0,0,0,https://x.com/undefined/status/2033730945904189848,1823037088155000832,
2033666216557195687,Tue Mar 17 02:23:36 +0000 2026,0,@bisexualheathcl Blue star if it was a faithful sheriff fan,2033730944444543042,,bisexualheathcl,en,,0,0,0,https://x.com/undefined/status/2033730944444543042,1380173044510040064,
2033615864918950398,Tue Mar 17 02:23:35 +0000 2026,0,@kiyomimilan Storm Monica Rambeau Blue Marvel. I honestly believe Storm is both a science and magic type.,2033730940824928425,,kiyomimilan,en,,0,0,0,https://x.com/undefined/status/2033730940824928425,883786927262105601,
2033730933623242890,Tue Mar 17 02:23:34 +0000 2026,0,Okay trying blue Sunday let me see what it s about,2033730933623242890,,,en,,0,0,0,https://x.com/undefined/status/2033730933623242890,2191348082,
2033715705141461037,Tue Mar 17 02:23:32 +0000 2026,0,@BEASTLYDECEITS What the gell? Are you .blue? (Staring at this bizarre individual. He s a bit peculiar.),2033730925767324140,,BEASTLYDECEITS,en,,0,0,0,https://x.com/undefined/status/2033730925767324140,2018905167563730945,
1926713021432287306,Tue Mar 17 02:23:30 +0000 2026,1,@ZipZedZiltch It not being a recovery center and the contestants only having the blue ray to defend themselves definitely does make a huge difference you are right on that front PB is kinda cooked with that.,2033730919429701966,,delihar__,en,,0,1,0,https://x.com/undefined/status/2033730919429701966,1918517964837666816,
2033054097390318013,Tue Mar 17 02:23:30 +0000 2026,0,@skweeds @TheLeftIsNutz @BallshanglowErn @elonmusk 8 of the top 10 highest-poverty states (per 2024 ACS data) are red-leaning meaning they voted Republican in the 2024 presidential election: Louisiana Mississippi West Virginia Kentucky Arkansas Alabama Oklahoma Tennessee. The 2 blue-leaning ones are New Mexico and New,2033730918632849644,,skweeds,en,,0,1,0,https://x.com/undefined/status/2033730918632849644,1720665183188922368,
2033432928429244534,Tue Mar 17 02:23:29 +0000 2026,0,@Amelia558rs I would say 2 Baby blue is classic and the cut is clean and sharp,2033730914212081916,,Amelia558rs,en,,0,0,0,https://x.com/undefined/status/2033730914212081916,1811583673663107072,
2033547422303957083,Tue Mar 17 02:23:29 +0000 2026,4,@FanMusk39325 Blue,2033730913410945210,,FanMusk39325,en,,1,0,4,https://x.com/undefined/status/2033730913410945210,321656096,
2033730912265855480,Tue Mar 17 02:23:29 +0000 2026,23,no blue checkmark genuinely posting bait for the love of the game,2033730912265855480,,,en,,0,3,0,https://x.com/undefined/status/2033730912265855480,1674102137465208838,
2033663792416960984,Tue Mar 17 02:23:28 +0000 2026,0,@Pirat_Nation Lol he's on blue sky now! fucking manchild,2033730909971628396,,Pirat_Nation,en,,0,0,0,https://x.com/undefined/status/2033730909971628396,95200245,
2033730903151939613,Tue Mar 17 02:23:26 +0000 2026,0,A cinematic sci-fi image of an Earth-like planet wrapped in a purple-and-blue quantum light network viewed from a lunar surface featuring a massive silver Interlink structure with your stylized logo #Interlink #ITLG #ITLX #ITL #InterLinkAmbassador @C_Interlinklabs https://t.co/GeaGOWw7rg,2033730903151939613,https://pbs.twimg.com/media/HDlDen1bEAEgF-7.jpg,,en,,0,0,0,https://x.com/undefined/status/2033730903151939613,1695331969549336576,
2033503256811327719,Tue Mar 17 02:23:24 +0000 2026,0,@ProjectXPurity Here's my boi for the blue man group lol. https://t.co/we1nmx6UPE,2033730893739921870,https://pbs.twimg.com/media/HDlDcYzaUAA7bGS.jpg,ProjectXPurity,en,,0,0,0,https://x.com/undefined/status/2033730893739921870,1880485729790574592,
2033553060706841066,Tue Mar 17 02:23:24 +0000 2026,0,@AllEmeraldCoast I admire it from the west coast ! Your water is so blue and pretty ! ,2033730892225740937,,AllEmeraldCoast,en,,0,0,0,https://x.com/undefined/status/2033730892225740937,24718370,
2033730885908824510,Tue Mar 17 02:23:22 +0000 2026,1,What's a Cardinal sin that shouldn't happen as a Blue Blood Boys &amp; Girls. Answer: Take ZERO pity on directional schools talking shit especially in the tournament.. Great answer! Boy y'all are smart..,2033730885908824510,,,en,,0,0,0,https://x.com/undefined/status/2033730885908824510,1346520168822956034,
2033730885447495774,Tue Mar 17 02:23:22 +0000 2026,0,https://t.co/dSnaNXQAEc 1997 Koparov Chess Champion of the World played against AI IBM Blue.,2033730885447495774,,,en,,0,0,0,https://x.com/undefined/status/2033730885447495774,1452913288531091457,
2033730885317759264,Tue Mar 17 02:23:22 +0000 2026,31,衣装プロンプトご自由に light blue lace camisole top pale powder blue fitted bodice wide lace shoulder straps scalloped lace trim along neckline and front opening sleeveless tunic silhouette large deep navy ribbon bow at chest center small front buttons below bow split https://t.co/8TNqSZCkga,2033730885317759264,https://pbs.twimg.com/media/HDlDdSVbEAAeopX.jpg,,ja,,1,0,9,https://x.com/undefined/status/2033730885317759264,493159187,
2006997390084218925,Tue Mar 17 02:23:21 +0000 2026,0,Under blue stage lights with a microphone in hand glasses catching the glow while the moment feels close and unfiltered as if the night is quietly listening. https://t.co/RE1HaROm9m,2033730879630282906,https://pbs.twimg.com/media/HDlDbzxasAAqqWv.jpg,HB99WIN,en,,0,1,0,https://x.com/undefined/status/2033730879630282906,533983945,
2033721845988630710,Tue Mar 17 02:23:14 +0000 2026,0,Things are causing me to question if the post I saw was serious or originally a joke but this is staying up as if it were true. Also inverted is a kind of misnomer because the potential mascot was blue and purple.,2033730849766773236,,whimsydivisiony,en,,0,0,0,https://x.com/undefined/status/2033730849766773236,1117948980607029248,
2033721786354045053,Tue Mar 17 02:23:06 +0000 2026,1,@DJyell0w More blue then green,2033730816585486593,,DJyell0w,en,,0,0,0,https://x.com/undefined/status/2033730816585486593,1222593396637937664,
2023963198144045129,Tue Mar 17 02:23:03 +0000 2026,0,@Blue_Mash_band 初めてBlue mashに会いに行きます。青春ロック感じに行きます。,2033730804418031705,,Blue_Mash_band,ja,,0,0,0,https://x.com/undefined/status/2033730804418031705,2006593342130581504,
2033573149007048868,Tue Mar 17 02:23:02 +0000 2026,1,@DOLLAR_LA5qe9 @HWfromOoo what an odd thing to announce out of the blue,2033730799867204047,,DOLLAR_LA5qe9,en,,0,0,0,https://x.com/undefined/status/2033730799867204047,1828588052173987845,
2033730797212209334,Tue Mar 17 02:23:01 +0000 2026,0,kngen hyunjen rmbut misty blue ,2033730797212209334,,,in,,0,0,0,https://x.com/undefined/status/2033730797212209334,840032163349291008,
2033613066407924189,Tue Mar 17 02:22:59 +0000 2026,0,@Bassguitarlickr literally like my tl lately has just been discourse and people falling for ragebait from blue checkmark bot accs and i am sick of it,2033730788928192939,,Bassguitarlickr,en,,0,0,0,https://x.com/undefined/status/2033730788928192939,1412615121487241220,
2033619503859503586,Tue Mar 17 02:22:59 +0000 2026,0,@SpinBlitzdotcom Blue #BlitzCompetition,2033730787082715588,,SpinBlitzdotcom,en,,0,0,0,https://x.com/undefined/status/2033730787082715588,1790299856570863616,
2033729882757468448,Tue Mar 17 02:22:59 +0000 2026,0,@afrkml LUCUUU BANGEETT NJUUNN BLUE HAIIIRRR,2033730786525122990,,afrkml,in,,0,0,0,https://x.com/undefined/status/2033730786525122990,1073878446990798848,
2033730782964158531,Tue Mar 17 02:22:58 +0000 2026,2,Pov: blue is your favorite color bc of a certain cookie... #shadowmilkcookie #cookierunkingdom https://t.co/kgtlTEobvc,2033730782964158531,https://pbs.twimg.com/media/HDlDIcba4AAAu9K.jpg,,en,,0,0,1,https://x.com/undefined/status/2033730782964158531,1985448820843692034,
2033363160774636026,Tue Mar 17 02:22:56 +0000 2026,0,@Oh_Pee_Em @sportypepper @btpanko Unlike- Undr Obama Dems lost net 1042 elected offices a record by 500 leaving them w less power at all levels now than at anytime but three other times Dem lost to Trump at least twice while outspending him close to 3-1. Folks can't flee blue states faster. Historic repudiation.,2033730775296668104,,Oh_Pee_Em,en,,0,0,0,https://x.com/undefined/status/2033730775296668104,1634423666191618049,
2033730769332347379,Tue Mar 17 02:22:54 +0000 2026,1,Criminal charges could come as early as Tuesday for people who stole dogs from a controversial breeding facility in Dane County. Animal rights activists entered Ridglan Farms in Blue Mounds on Sunday and took more than 20 beagles. https://t.co/TxHVu5Sdzb https://t.co/f2OttkisDI,2033730769332347379,https://pbs.twimg.com/media/HDlDWrDbEAAy_13.jpg,,en,,0,3,0,https://x.com/undefined/status/2033730769332347379,45575817,
2033730768254427500,Tue Mar 17 02:22:54 +0000 2026,0,Dark Blue Monday at -11.2°C 3.4 below normal https://t.co/sg3yxgJw48,2033730768254427500,https://pbs.twimg.com/media/HDlDWbQXoAA5jlK.jpg,,en,,0,0,0,https://x.com/undefined/status/2033730768254427500,935728332146139136,
2033728463446684093,Tue Mar 17 02:22:54 +0000 2026,0, Got to be more to life than being good looking ...notice the Y . That was something we were told to look for if any of you remember. And the Penguins and the water/ turns icey Blue. https://t.co/xfiyIlROKc,2033730766119526809,https://pbs.twimg.com/media/HDlCSlxXgAAAoL-.jpg,telohno,en,,0,1,0,https://x.com/undefined/status/2033730766119526809,48763781,
2033701031717351695,Tue Mar 17 02:22:53 +0000 2026,0,@mra_need_law have the verified blue tick on X.,2033730762403721578,,HDFCBank_Cares,en,,0,0,0,https://x.com/undefined/status/2033730762403721578,145931959,
2033730636712972334,Tue Mar 17 02:22:52 +0000 2026,2,@elonmusk twitter blue hitting different huh,2033730758523982275,,elonmusk,en,,0,0,1,https://x.com/undefined/status/2033730758523982275,1534216504429903872,
2033729920317481057,Tue Mar 17 02:22:52 +0000 2026,1,@Avalanche Thx 4 the ten minute game Fn shit DEFENSE!!!! MAKAR CAN'T KEEP IT UN THE BLUE LINE what a shit show feel bad 4 wedgie n Blackwood ,2033730757667979740,,Avalanche,en,,0,0,0,https://x.com/undefined/status/2033730757667979740,1604698797635936257,
2033730756015432158,Tue Mar 17 02:22:51 +0000 2026,1,Y aquí viene mi pregunta para el debate: Si los atacantes ya tienen IA ofensiva... ¿Están los Blue Teams preparados para responder a la misma velocidad? Mi opinión: NO. La mayoría de empresas aún usan defensas del 2020 contra armas del 2026. ¿Tú qué piensas? https://t.co/0pdlZxhgUD,2033730756015432158,https://pbs.twimg.com/media/HDlDWBEWYAASI60.jpg,,es,,0,0,0,https://x.com/undefined/status/2033730756015432158,816528136653443072,
2033729519580815765,Tue Mar 17 02:22:50 +0000 2026,0,@NoDMsPerfavore Blue,2033730752437690471,,NoDMsPerfavore,en,,0,0,0,https://x.com/undefined/status/2033730752437690471,1587073326417154051,
2033666155022328060,Tue Mar 17 02:22:48 +0000 2026,0,@therandomsec BLUE BLOOD RAMBLERS BAYBEE,2033730743155724372,,therandomsec,en,,0,0,0,https://x.com/undefined/status/2033730743155724372,1635410355647139845,
2033432928429244534,Tue Mar 17 02:22:48 +0000 2026,0,@Amelia558rs The blue one.,2033730742144966892,,Amelia558rs,en,,0,0,0,https://x.com/undefined/status/2033730742144966892,904489318466678784,
2033730738055745840,Tue Mar 17 02:22:47 +0000 2026,1,Juliano mtooo Blue Balls neh #BBB26 #sincerão,2033730738055745840,,,en,,0,0,0,https://x.com/undefined/status/2033730738055745840,1873851139759706112,
2033511442922508794,Tue Mar 17 02:22:44 +0000 2026,0,@KYHSHistory Needs to brought back to Louisville where it belongs Its was typical Kentucky blue blood politics that stole it from Kentucky's largest city with the best venue and activities for fans before and after the games.,2033730724893716850,,KYHSHistory,en,,0,1,0,https://x.com/undefined/status/2033730724893716850,1391850494872653832,
2033730713434935514,Tue Mar 17 02:22:41 +0000 2026,8,Harley-Davidson Street Bob 1600 | 2009 | 33 100km | Dark Blue Denim Raw power meets timeless style. This Street Bob isn t just a ride it s an attitude. Clean strong and built to turn heads everywhere it goes. Now up for sale ready for its next rider. https://t.co/hOdMAZLJ0K,2033730713434935514,https://pbs.twimg.com/ext_tw_video_thumb/2033730662390435840/pu/img/LwKkzDzF4qAvpxR1.jpg,,en,,0,0,0,https://x.com/undefined/status/2033730713434935514,1663944029292097536,
2033699067289538645,Tue Mar 17 02:22:41 +0000 2026,2,@dhdrewry Non sports are cool too! Check out Ol Blue Eyes! Awesome!!!,2033730712088596938,,dhdrewry,en,,0,1,0,https://x.com/undefined/status/2033730712088596938,1846530134402109440,
2033730703821836761,Tue Mar 17 02:22:39 +0000 2026,2,𝗡𝗘𝗪 𝗡𝗔𝗩𝗬 𝗕𝗟𝗨𝗘𝗦 𝗥𝗘𝗔𝗗𝗬 𝗙𝗢𝗥 𝗞𝗜𝗖𝗞-𝗢𝗙𝗙 New recruits ready for the season. Pre‑season wrapped and six fresh faces are in the Navy Blue family: Doudera Richards Anand Zambrano Golding &amp; Rostron. Rudy Mozr : The boys have worked hard https://t.co/Pm6zESNd6f,2033730703821836761,https://pbs.twimg.com/media/HDk9xXvbMAESIl8.jpg,,en,,0,0,0,https://x.com/undefined/status/2033730703821836761,389255218,
2033613904618881304,Tue Mar 17 02:22:36 +0000 2026,0,@RakeshK32229480 @MCF_Faridabad Ab hoga proper monetization. Congratulations for blue tick,2033730693889724577,,RakeshK32229480,en,,0,0,0,https://x.com/undefined/status/2033730693889724577,108202001,
2033572038057586733,Tue Mar 17 02:22:36 +0000 2026,0,@JebraFaushay Yesterday I tomorrow know yet blue?,2033730690596868222,,JebraFaushay,en,,0,0,0,https://x.com/undefined/status/2033730690596868222,1737227661389201408,
2033717069154251213,Tue Mar 17 02:22:34 +0000 2026,0,@clippedszn He s been coonin all weekend letting that white boy at boxing match call yall nighers he rubbed off on blue face pause,2033730682799702473,,clippedszn,en,,0,0,0,https://x.com/undefined/status/2033730682799702473,1509579991020978180,
2033703274134610039,Tue Mar 17 02:22:33 +0000 2026,0,@LUKE_LEGACY_25 blue collar shit,2033730680925131064,,LUKE_LEGACY_25,en,,0,0,0,https://x.com/undefined/status/2033730680925131064,400239955,
2033730675883364519,Tue Mar 17 02:22:32 +0000 2026,0,Wake up Texas!! Harris County is the largest county in Texas. You can be sure they re cheating all over the State in every large blue county.,2033730675883364519,,,en,,0,0,0,https://x.com/undefined/status/2033730675883364519,582683293,
2033614176317321506,Tue Mar 17 02:22:31 +0000 2026,0,@unlulerfotograf @grok Blue bra is my favorite ️,2033730673039839290,,unlulerfotograf,en,,0,0,0,https://x.com/undefined/status/2033730673039839290,1767251721057615872,
2033676649724842293,Tue Mar 17 02:22:31 +0000 2026,2,@schuttsm Mike has been saying this since he was filming Dirty Jobs. It extends to all blue collar fields and with the reshoring of manufacturing in the US its more true now then ever.,2033730671198318695,,schuttsm,en,,0,0,0,https://x.com/undefined/status/2033730671198318695,1812257551129411584,
2033696398621765924,Tue Mar 17 02:22:27 +0000 2026,0,@KeruboSk Why do you need this info when you should be wondering why you pay for a blue check,2033730652751724715,,KeruboSk,en,,0,0,0,https://x.com/undefined/status/2033730652751724715,1759594757595009024,
2033726474780356636,Tue Mar 17 02:22:25 +0000 2026,2,@SpyroUniverse Can confirm https://t.co/tCH1oFPJJs,2033730647731142804,https://pbs.twimg.com/media/HDlDPz3W8AA-UQV.jpg,SpyroUniverse,en,,0,0,0,https://x.com/undefined/status/2033730647731142804,1774485213365579776,
2033679364739486155,Tue Mar 17 02:22:25 +0000 2026,0,@lcsrtn Free tha blue M&amp;M,2033730647198515651,,lcsrtn,en,,0,0,0,https://x.com/undefined/status/2033730647198515651,1502367288728633345,
2033702766548553878,Tue Mar 17 02:22:24 +0000 2026,0,@takumishiina117 Só falta Gran BLUE relink,2033730640873423265,,takumishiina117,pt,,0,0,0,https://x.com/undefined/status/2033730640873423265,1673125221509787649,
2033725163213336761,Tue Mar 17 02:22:22 +0000 2026,0,@Avalanche Thx 4 the ten minute game Fn shit DEFENSE!!!! MAKAR CAN'T KEEP IT UN THE BLUE LINE what a shit show feel bad 4 wedgie n Blackwood ,2033730635206963406,,Avalanche,en,,0,0,0,https://x.com/undefined/status/2033730635206963406,1604698797635936257,
2033676138166554748,Tue Mar 17 02:22:22 +0000 2026,0,@BlondeBigot11 @druidess157 You have very beautiful blue eyes. Cute video.,2033730632228974761,,BlondeBigot11,en,,0,0,0,https://x.com/undefined/status/2033730632228974761,2032110685677645824,
2033730620858216901,Tue Mar 17 02:22:19 +0000 2026,5,nickname : Moka prns : she/her height : 5'1.5/5'2 sexuality : pan queer smokes : no piercings : yes tattoos : yes fav color : black deep red dark blue violet/purple fav drink : water fav food : 🇹🇭🇰🇷🇯🇵🇵🇷 fav animal : Bunny/Beluga,2033730620858216901,,,en,,0,0,0,https://x.com/undefined/status/2033730620858216901,1564695092526567424,
2033709910652080366,Tue Mar 17 02:22:16 +0000 2026,0,@SitoshiDefi @o_sam_w8 Follow back I trust you guys without blue ticks,2033730607545569441,,SitoshiDefi,en,,0,0,0,https://x.com/undefined/status/2033730607545569441,1773722966242525184,
2033607903526195435,Tue Mar 17 02:22:16 +0000 2026,3,@AlphaBlk42120 North Carolina isn t a deep red state like Maryland is deep blue. NC is now a swing state. A former governor is going to win during a blue wave year.,2033730607327678612,,AlphaBlk42120,en,,0,1,0,https://x.com/undefined/status/2033730607327678612,1168002791865847808,
2033432928429244534,Tue Mar 17 02:22:11 +0000 2026,0,@Amelia558rs Blue,2033730587836690861,,Amelia558rs,en,,0,0,0,https://x.com/undefined/status/2033730587836690861,1827596119528108032,
2033730583222698382,Tue Mar 17 02:22:10 +0000 2026,0,Fk am always blue balled everyday of this month like when is it gonna end my balls gonna expload,2033730583222698382,,,en,,0,0,0,https://x.com/undefined/status/2033730583222698382,1824132577390661632,
2033730571386622293,Tue Mar 17 02:22:07 +0000 2026,0,Akihito Tokunaga Solo Live Route 109 -Extra Edition- at Blue Note Tokyo. #AkihitoTokunaga #Solo #Live #Route109 #ExtraEdition #徳永暁人 #doa #東京 #Tokyo #南青山 #Minamiaoyama #2021 https://t.co/I4KxZ3HIMZ,2033730571386622293,,,tl,,0,0,0,https://x.com/undefined/status/2033730571386622293,1843176421373702144,
2033730552415854920,Tue Mar 17 02:22:03 +0000 2026,5,Yet it's still underperforming against majority of the blue chip tokens. Mad depressing. $link,2033730552415854920,,,en,,0,0,0,https://x.com/undefined/status/2033730552415854920,944742796992192513,
2033730541493883134,Tue Mar 17 02:22:00 +0000 2026,0,飛び抜けて好きなユキヒロの曲あるある、だいたい細野作曲 BLUE COLOUR WORKERとか GRAND ESPOIRとか SEA CHANGEとか,2033730541493883134,,,ja,,0,0,0,https://x.com/undefined/status/2033730541493883134,1785313792295124992,
2033582168086348105,Tue Mar 17 02:22:00 +0000 2026,0,@LeoDaVinciWave India doesn t do muted tones. We do marigold vermilion turmeric peacock blue temple gold and unapologetic splendour. Beige is not our civilizational palette.,2033730540004917751,,LeoDaVinciWave,en,,0,0,0,https://x.com/undefined/status/2033730540004917751,37186686,
2033730539652583515,Tue Mar 17 02:22:00 +0000 2026,25,https://t.co/54G6nqioBP,2033730539652583515,https://pbs.twimg.com/media/HDj-m9gWgAAT4AA.jpg,,zxx,,0,1,4,https://x.com/undefined/status/2033730539652583515,1985378958117117952,
2033662879766089953,Tue Mar 17 02:21:59 +0000 2026,0,Blue BE:LIFT ENHYPEN s success is not your shield against accountability. Stop controlling their growth while profiting from their labor. You built your empire on ENHYPEN. RESPECT THE ARTISTS WHO BUILT YOUR EMPIRE #LET_HEESEUNG_DO_BOTH #RESPECT_ENHYPEN #ENHYPEN_IS_7,2033730535894487505,,luvvshwife,en,,0,0,0,https://x.com/undefined/status/2033730535894487505,2010495134606172160,
2033662088686801123,Tue Mar 17 02:21:58 +0000 2026,0,@TrevorAllenMD I found it here https://t.co/Tv83RIUgAX,2033730533847335328,,TrevorAllenMD,en,,0,0,0,https://x.com/undefined/status/2033730533847335328,2396607632,
2033685097422139783,Tue Mar 17 02:21:57 +0000 2026,0,@SamanthaPfaff @DreaMGriff28 (Me watching the seats flip from Red to Blue in 8 months): https://t.co/S3akztjFOx,2033730528889721061,https://pbs.twimg.com/amplify_video_thumb/2033730519158984704/img/s8ZJ7LBjrTlz_5DE.jpg,SamanthaPfaff,en,,0,1,0,https://x.com/undefined/status/2033730528889721061,1877845178448535552,
2033730522480861199,Tue Mar 17 02:21:56 +0000 2026,5,Sit there and count the raindrops Falling on you It's time you knew All you can ever count on Are the raindrops That fall on little girl blue https://t.co/fN5NIwvAmI,2033730522480861199,,,en,,0,0,0,https://x.com/undefined/status/2033730522480861199,1634165237766144000,
2033432928429244534,Tue Mar 17 02:21:55 +0000 2026,0,@Amelia558rs The navy blue middle one,2033730518513057888,,Amelia558rs,en,,0,0,0,https://x.com/undefined/status/2033730518513057888,1268716499746856960,
2033730518219366420,Tue Mar 17 02:21:55 +0000 2026,2,انا اذا ما قدرت اجيب درجة اللون اللي ابيها https://t.co/MgaxUOSniG,2033730518219366420,https://pbs.twimg.com/tweet_video_thumb/HDlCt4EbEAIC9P9.jpg,,ar,,0,2,0,https://x.com/undefined/status/2033730518219366420,1436433149765034035,
2033730342188687460,Tue Mar 17 02:21:54 +0000 2026,0,I also love blue but not as much as green. ️,2033730516352991739,,LaTxGal,en,,0,0,0,https://x.com/undefined/status/2033730516352991739,978886747873513472,
2033579993792406014,Tue Mar 17 02:21:54 +0000 2026,0,@NVanCaroline What a joke of a person @HarmanBhanguBC is and he s showing his True Colours. Must be a Liberal Hiding in a Blue Coat cause everything I know is Caroline isn t a Conservative and supports SOGI education and isn t she a former Flame of Kevin Falcon? Gordon Campbell loyalist too,2033730514960716085,,NVanCaroline,en,,0,0,0,https://x.com/undefined/status/2033730514960716085,2004698565785096192,
2033730503124119646,Tue Mar 17 02:21:51 +0000 2026,1,im so lonely wish an oomf would dm me out of the blue pls anyone ,2033730503124119646,,,en,,0,0,0,https://x.com/undefined/status/2033730503124119646,2027919480077357057,
2033637339260416191,Tue Mar 17 02:21:49 +0000 2026,0,@EnsPulver1958 @TLenaire2179 @Heccles94 U mean the blue toilet water with chunks? Like u,2033730495805104486,,EnsPulver1958,en,,0,0,0,https://x.com/undefined/status/2033730495805104486,1742689041718362112,
2033730317631045916,Tue Mar 17 02:21:48 +0000 2026,0,@fyrebear Water is wet. The sky is blue.,2033730492315422930,,fyrebear,en,,0,0,0,https://x.com/undefined/status/2033730492315422930,249318248,
2033662693911973968,Tue Mar 17 02:21:45 +0000 2026,0,@Real_BasedAF @Chillcatser pack your bags and leave. Your in a blue state,2033730479753478631,,Real_BasedAF,en,,0,0,0,https://x.com/undefined/status/2033730479753478631,1894189979288449024,
2033730476754800882,Tue Mar 17 02:21:45 +0000 2026,0,Once in a blue supermoon a throwback to a very special piece created for Photography style creative direction: Sculptors: Light: @ https://t.co/9aWCvAflLq,2033730476754800882,https://pbs.twimg.com/media/HDlDDRRa0AAAylT.jpg,,en,,0,0,0,https://x.com/undefined/status/2033730476754800882,2025029668945231877,
2033730466432323775,Tue Mar 17 02:21:42 +0000 2026,0,映画ドラえもん3週連続首位。新登場作品は「私がビーバーになる時」「劇場版アイドリッシュセブン LIVE 4bit BEYOND THE PERiOD」「BLUE GIANT」。上位は安定した人気作がランクイン。 https://t.co/2kk7MV4k0I,2033730466432323775,,,ja,,0,0,0,https://x.com/undefined/status/2033730466432323775,1969765852959711232,
2033730463232110843,Tue Mar 17 02:21:41 +0000 2026,0,why are so many people crying over sky blue at this point bro ,2033730463232110843,,,en,,0,0,0,https://x.com/undefined/status/2033730463232110843,1214660254270656512,
2033730453044146504,Tue Mar 17 02:21:39 +0000 2026,17,An anonymous wants to renew your blue tick.. comment if you already have a blue tick.,2033730453044146504,,,en,,0,15,5,https://x.com/undefined/status/2033730453044146504,807057362561499136,
2033709910652080366,Tue Mar 17 02:21:37 +0000 2026,1,@airdrop_testing @o_sam_w8 Follow back I trust you guys without blue ticks,2033730445737627728,,airdrop_testing,en,,0,0,0,https://x.com/undefined/status/2033730445737627728,1773722966242525184,
2033730445091713372,Tue Mar 17 02:21:37 +0000 2026,3,Soderblom puts the #Avs down by three. The blue line shot from Dewar rebounds off Blackwood and Soderblom had position on Toews to get his blade on the puck to put it past Blackwood. This game has unraveled for the #Avs in a hurry. #GoAvsGo,2033730445091713372,,,en,,0,0,0,https://x.com/undefined/status/2033730445091713372,902178022639497218,
2033196646935281755,Tue Mar 17 02:21:36 +0000 2026,0,@DJ_Stotty @Rainmaker1973 As an aside methylene blue infusions saved my life - refractory septic shock.,2033730439303618814,,DJ_Stotty,en,,0,0,0,https://x.com/undefined/status/2033730439303618814,586255942,
2033601691799413144,Tue Mar 17 02:21:32 +0000 2026,0,@FoxNews Close all RED STATES to those who voted BLUE(.) If they can live in blue like they voted great- if they can t live in blue they must turn that state RED knowing what they are spreading a virus,2033730421528399900,,FoxNews,en,,0,0,1,https://x.com/undefined/status/2033730421528399900,1977391522669854720,
2033730409867931727,Tue Mar 17 02:21:29 +0000 2026,2,haru was kissing his members under that blue blanket ‍️‍‍ https://t.co/WejJjpm8i4,2033730409867931727,https://pbs.twimg.com/media/HDlDBy7bkAAq89N.jpg,,en,,0,0,0,https://x.com/undefined/status/2033730409867931727,2003939364465004545,
2033730408454771095,Tue Mar 17 02:21:28 +0000 2026,0,Navy Blue Halter Top ID:3QS24B3 link: https://t.co/2hDIdTjBiN https://t.co/rBNUT15a9e,2033730408454771095,https://pbs.twimg.com/ext_tw_video_thumb/2033730381992833024/pu/img/s241Km9YSl_obwCt.jpg,,en,,0,0,0,https://x.com/undefined/status/2033730408454771095,1166984977629663232,
2033723373675483240,Tue Mar 17 02:21:25 +0000 2026,5,@WhiteRabbitNeon H-1B is just the beginning. I have a feeling they'll use the j33ts to take over blue collar jobs and jobs for kids in high school. The ultimate goal is total population replacement of heritage Americans with smelly subservient j33ts. They're trying to starve us into submission.,2033730393287901325,,WhiteRabbitNeon,en,,0,0,0,https://x.com/undefined/status/2033730393287901325,2019485383491239936,
2033684202965897451,Tue Mar 17 02:21:24 +0000 2026,1,@puppysquidx I don't really have anything good but I have a neon pangolin and a blue whale,2033730390750564689,,puppysquidx,en,,0,1,0,https://x.com/undefined/status/2033730390750564689,2032474439032680448,
2033608892849312149,Tue Mar 17 02:21:23 +0000 2026,0,@bluefolf Happy birthday blue,2033730386254057534,,bluefolf,en,,0,0,0,https://x.com/undefined/status/2033730386254057534,1311473434887696384,
2033730384614044090,Tue Mar 17 02:21:23 +0000 2026,1,Someone in Blue needs to make a play,2033730384614044090,,,en,,0,0,0,https://x.com/undefined/status/2033730384614044090,246662198,
2033730382823293280,Tue Mar 17 02:21:22 +0000 2026,2,The Blue Morpho Butterfly https://t.co/1P3m5VdW26 1. The Blue Morpho #butterfly is one of the largest butterflies in the world with a wingspan of 5 to 8 inches. 2. The upper side of its wings is a vibrant iridescent blue while the underside is dull brown with eyespots for,2033730382823293280,https://pbs.twimg.com/amplify_video_thumb/2002382990752538624/img/PTOFM_-bgEYl3FP8.jpg,,en,,0,2,0,https://x.com/undefined/status/2033730382823293280,341481188,
2033730382466847023,Tue Mar 17 02:21:22 +0000 2026,6,Blue city blues https://t.co/SAuNAa6WBQ,2033730382466847023,https://pbs.twimg.com/amplify_video_thumb/2033724072434233344/img/x8WBIWVoid7_-XZP.jpg,,en,,0,0,1,https://x.com/undefined/status/2033730382466847023,1323861935385800705,
2033649952812109885,Tue Mar 17 02:21:19 +0000 2026,0,@qualitylearnc @grok imagine her eyes blue,2033730367648370730,,qualitylearnc,en,,0,1,0,https://x.com/undefined/status/2033730367648370730,1887130453183987713,
2033724623855009812,Tue Mar 17 02:21:18 +0000 2026,1,@freakyhudcon https://t.co/rY8auDJRJa,2033730363172794571,https://pbs.twimg.com/tweet_video_thumb/HDlC-75XwAAVYQB.jpg,freakyhudcon,qme,,0,0,0,https://x.com/undefined/status/2033730363172794571,1253861239773683712,
2033730336132088108,Tue Mar 17 02:21:11 +0000 2026,1,the title placement is still awkward but i think this blue electric theme is a lot more visually pleasing and cohesive than the other theme. they should stick with this one.,2033730336132088108,,,en,,0,0,0,https://x.com/undefined/status/2033730336132088108,1297182750550753280,
2033639942744649837,Tue Mar 17 02:21:11 +0000 2026,0,@Peter_Bukowski @lockedonpackers I would be doing back flips. Young seems unlikely to be there at 52 tho. I think nfl teams will be higher on igbinosun than the general draft media is. Resume reads: blue blood school tape and combine both plus at a premier position.,2033730336094306771,,Peter_Bukowski,en,,0,0,0,https://x.com/undefined/status/2033730336094306771,1979588482432479232,
2033654924769210698,Tue Mar 17 02:21:10 +0000 2026,0,@Bonecrusher_ @Judespenis @DannyVegito I thought the red one is supposed to be more high class therefore more expensive suit and the blue one was the country guy. Don't remember anything about Italian/Irish connections although I watched the movie when it came out Thanks for the explanation.,2033730332978245761,,Bonecrusher_,en,,0,0,0,https://x.com/undefined/status/2033730332978245761,905583725479583744,
2033353577482043678,Tue Mar 17 02:21:09 +0000 2026,0,@chefsevenn @Twatch_Me_Workk I just bought a whole jar of blue cheese stuffed olives. I love them.,2033730327772803190,,chefsevenn,en,,0,0,0,https://x.com/undefined/status/2033730327772803190,41346185,
2033730311620550996,Tue Mar 17 02:21:05 +0000 2026,0,Opinion: 2026 may be the year of Georgia s great blue flip https://t.co/WdQIGNU2fO After all the crap trump and his republican goons put Americans through they are done November Midterm Election,2033730311620550996,,,en,,0,0,0,https://x.com/undefined/status/2033730311620550996,711783948993429504,
2033693613264449814,Tue Mar 17 02:21:04 +0000 2026,7,@9400BCE @Variety remember back in the day when blue ticks meant someone was a public figure or celebrity not that they paid $8 a month in a desperate attempt to get attention. good times.,2033730306788721088,,9400BCE,en,,0,0,0,https://x.com/undefined/status/2033730306788721088,46763116,
2033587805742379326,Tue Mar 17 02:21:04 +0000 2026,0,@White_Eagle49 @MsAvaArmstrong @ace119282 @timburchett Real ID is not proof of citizenship only an enhanced driver s license is. Only a handful of blue states provide enhanced driver s licenses.,2033730305295577329,,White_Eagle49,en,,0,0,0,https://x.com/undefined/status/2033730305295577329,798175402384642048,
2033730303454547993,Tue Mar 17 02:21:03 +0000 2026,0,B級 歌うの難しそうな歌 ゆゐくんの、えがかっこよすぎてやばい ちょっと待って～事だよね？のとこのゆゐくんの声も言い方も最高です Blue Jeans ゆゐくんの歌聴きやすいし心地いいんだよね！ サビのとこも歌声すごく綺麗で好き～！,2033730303454547993,,,ja,,0,0,0,https://x.com/undefined/status/2033730303454547993,1993395370236559366,
2033730300044578927,Tue Mar 17 02:21:03 +0000 2026,3,Once the tokenization of global assets fully unlocks the expansion of that tiny blue dot will be unimaginable. We are still unbelievably early. #crypto #bitcoin #tradeevat https://t.co/dzh7hgmTCq,2033730300044578927,https://pbs.twimg.com/media/HDlC7j9bEAIHjlM.jpg,,en,,0,0,0,https://x.com/undefined/status/2033730300044578927,1769428795499376640,
2033684850054504509,Tue Mar 17 02:21:00 +0000 2026,0,@bintalshamsa Last night Sebastian coded in the hospital. It was a malfunction of the telemetry but everyone ran in calling code blue. His heart rate was reading over 225. It triggered a lot of memories of nearly losing him.,2033730291303395420,,poosygalorest,en,,0,0,0,https://x.com/undefined/status/2033730291303395420,1424793207766929412,
2033730289092956237,Tue Mar 17 02:21:00 +0000 2026,0,Not blue steel but blue mold.,2033730289092956237,,,en,,0,0,0,https://x.com/undefined/status/2033730289092956237,27011937,
2033709910652080366,Tue Mar 17 02:20:59 +0000 2026,1,@SEUN_XYZ1 @o_sam_w8 Follow back I trust you guys without blue ticks,2033730284563169450,,SEUN_XYZ1,en,,0,0,0,https://x.com/undefined/status/2033730284563169450,1773722966242525184,
2033730276635873427,Tue Mar 17 02:20:57 +0000 2026,1760, LET GIMÉ RUN VAMOS VENEZUELA 🇻🇪 #WorldBaseballClassic https://t.co/eJWltHiXWK,2033730276635873427,https://pbs.twimg.com/amplify_video_thumb/2033729637356904448/img/Xic1wK8ZmyRocxTO.jpg,,es,,8,10,157,https://x.com/undefined/status/2033730276635873427,41468683,
2033172384224625030,Tue Mar 17 02:20:52 +0000 2026,0,@RealHughJackman @songsungbluemov @LEGO_Group @TheAcademy Wake up to Song Song Blue Great Movie,2033730257266888875,,RealHughJackman,en,,0,0,0,https://x.com/undefined/status/2033730257266888875,1890136323811602436,
2033730242196431305,Tue Mar 17 02:20:49 +0000 2026,0,It's time to start investigations into every blue state. Guarantee this is happening in all of them,2033730242196431305,,,en,,0,0,0,https://x.com/undefined/status/2033730242196431305,1576887390991532037,
2033730236979024301,Tue Mar 17 02:20:48 +0000 2026,1,D+8 with Registered Voters. Likely voters probably even better during a blue wave.,2033730236979024301,,,en,,0,0,0,https://x.com/undefined/status/2033730236979024301,1168002791865847808,
2032320787345223928,Tue Mar 17 02:20:46 +0000 2026,0,@milesdeutscher You know it s bad when the blue check marks are also calling this guy a loser,2033730229336699102,,milesdeutscher,en,,0,0,0,https://x.com/undefined/status/2033730229336699102,2022847832303063041,
2033708929398845886,Tue Mar 17 02:20:46 +0000 2026,4,@nickshirleyy What I learned is that you are desperate to reclaim some of the fame you made in Minnesota. You are trying to enrich yourself by tricking gullible people into sending you money so you can Find fraud in blue states.,2033730228925730925,,nickshirleyy,en,,0,0,0,https://x.com/undefined/status/2033730228925730925,1250754164700975104,
2033552419401961902,Tue Mar 17 02:20:45 +0000 2026,0,@TerryMoran Popular vote doesn t matter just the Electoral College. Winning every swing stand flipping a blue state Red is a landslide,2033730228057420262,,TerryMoran,en,,0,0,0,https://x.com/undefined/status/2033730228057420262,1368544628,
2033661755444863049,Tue Mar 17 02:20:45 +0000 2026,1,@SenSchumer Your blue team are such children. What would it take for you to save our elections?,2033730224991408137,,SenSchumer,en,,0,0,0,https://x.com/undefined/status/2033730224991408137,1591617687435739136,
2033730223766749641,Tue Mar 17 02:20:44 +0000 2026,0,@X the moment the first blue haired Gay and or Lefty activists begin that American Empirical Nonsense about Freedom of Speech! Like all deportees they will be afforded a free flight outbound not aboard a plane but freeform from the top of a building.,2033730223766749641,,X,en,,0,0,0,https://x.com/undefined/status/2033730223766749641,879222643,
2033725035173548224,Tue Mar 17 02:20:43 +0000 2026,2,@washingtonpost @DWUhlfelderLaw Goddam he s a pathetic loser. Turn his seat blue though.,2033730216888287337,,washingtonpost,en,,0,0,0,https://x.com/undefined/status/2033730216888287337,1980737909188915200,
2033426154217189699,Tue Mar 17 02:20:42 +0000 2026,0,@LanceSt76023596 @ElneWillis @DrewPavlou No marrow thinking is presume that because someone is against a war that they must support the other side (which is what you appear to be doing) Anyway back to your point. Burkas are those blue things Afghan women are forced to wear,2033730212425568272,,LanceSt76023596,en,,0,2,0,https://x.com/undefined/status/2033730212425568272,1357245330140536833,
2033495343355011489,Tue Mar 17 02:20:42 +0000 2026,6,@Livvyspage True Blue Loving!,2033730212425253313,,Livvyspage,en,,0,0,0,https://x.com/undefined/status/2033730212425253313,840031544295190528,
2033726071565389988,Tue Mar 17 02:20:40 +0000 2026,8,@brickem11 And he gave me 2 kilos of blue cod he had caught and filleted!! Dinner ,2033730207287546056,,brickem11,en,,0,1,0,https://x.com/undefined/status/2033730207287546056,1316538532798758914,
2033636352714010789,Tue Mar 17 02:20:40 +0000 2026,6,@FoxNews @MattWalshBlog juvenile takeover because nothing says 'world's most dangerous' like YN mobs with their low IQ vibes and straight-up jungle mentality turning upscale neighborhoods into robbery playgrounds. Blue cities keep tolerating this chaos; it's totally fair to residents and the 'kids',2033730204707729801,,FoxNews,en,,0,1,0,https://x.com/undefined/status/2033730204707729801,2007501413509664768,
2033679781120688456,Tue Mar 17 02:20:40 +0000 2026,2,@FOXNashville Probably wasn t till we got invaded with illegals &amp; transplants from all the blue states,2033730203504033954,,FOXNashville,en,,0,0,0,https://x.com/undefined/status/2033730203504033954,1690306642695307264,
2033700871981437261,Tue Mar 17 02:20:36 +0000 2026,1,@Ash_Padres Dumb post by Dodger blue. Who cares lol,2033730189495066901,,Ash_Padres,en,,0,0,0,https://x.com/undefined/status/2033730189495066901,1992631586735763457,
2033720866127642826,Tue Mar 17 02:20:36 +0000 2026,0,@AOUREDOO Cool ur right but considering he only fights like once in a blue moon everyone just goes back to his last fight bc he s inactive asf (even with Imavov as the clear number 1 contender) And before anyone says I m hypocritical bc of my pfp in other tweets I critized ilia so yeah,2033730189302149308,,AOUREDOO,en,,0,0,0,https://x.com/undefined/status/2033730189302149308,1724246459674177536,
2033700806193778731,Tue Mar 17 02:20:35 +0000 2026,0,@Ayzalkhan123 Beautiful blue eyes and yes Aiman ,2033730185170665760,,Ayzalkhan123,en,,0,0,0,https://x.com/undefined/status/2033730185170665760,977333814,
2033730184315109398,Tue Mar 17 02:20:35 +0000 2026,0,𝘽𝙐𝙎𝘾𝘼𝙉𝘿𝙊 𝙈𝙐𝙏𝙄𝙎!! Basic DNI ﹏﹏﹏﹏﹏﹏﹏﹏﹏﹏﹏﹏﹏﹏ 𝐦𝐢𝐧𝐨𝐫 𝐮𝐬𝐞𝐫 (𝟸𝟶𝟷𝟷) 𝐇𝐄/𝐇𝐈𝐌 𝐏𝐑𝐎𝐍𝐎𝐔𝐍𝐒 ෆ 𝚜𝚙𝚊/𝚎𝚗𝚐 ⪼ Haikyuu Chaisas Man Soul Eater Blue lock etc.. #animetwt #multifandom +↺ = 𝚖𝚘𝚘𝚝𝚜! https://t.co/niT6KJNywJ,2033730184315109398,https://pbs.twimg.com/tweet_video_thumb/HDlCzNxbEAMbCcI.jpg,,en,,0,0,0,https://x.com/undefined/status/2033730184315109398,1874698364563898368,
2033709910652080366,Tue Mar 17 02:20:30 +0000 2026,0,@Roseappeter22 @o_sam_w8 Follow back I trust you guys without blue ticks,2033730164840862144,,Roseappeter22,en,,0,0,0,https://x.com/undefined/status/2033730164840862144,1773722966242525184,
2033646896489894040,Tue Mar 17 02:20:29 +0000 2026,0,@ArynneWexler @tylerbowyer We have a blue water navy dollar. America is basically Davy jones with the kraken. His point is if we sealed everything at home up tight and used our own renewable resource of oil we have here this war is pointless. Our family members shouldn t be dying for Arab trillionaires.,2033730160470479110,,ArynneWexler,en,,0,0,0,https://x.com/undefined/status/2033730160470479110,539388422,
2033730157492510877,Tue Mar 17 02:20:29 +0000 2026,0,Why do they keep changing the graphics is one night gonna be blue and black then night 2 like rust from call of duty MAKE UP YOUR MIND!!!!,2033730157492510877,,,en,,0,0,0,https://x.com/undefined/status/2033730157492510877,2948438643,
2033458012757938275,Tue Mar 17 02:20:21 +0000 2026,1,@FlamedashGt Maybe they are Blue and Magenta after doing a Blue Skidoo into Hololive They are the same picture https://t.co/HtQ1kddXkg,2033730125250912749,https://pbs.twimg.com/media/HDlCxXkWYAAMEWG.jpg,FlamedashGt,en,,0,1,0,https://x.com/undefined/status/2033730125250912749,1452594903918125057,
2033730115230654949,Tue Mar 17 02:20:19 +0000 2026,0,https://t.co/nQ5DJJC6Mg,2033730115230654949,https://pbs.twimg.com/tweet_video_thumb/HDlCwZDXgAAWBUt.jpg,,zxx,,0,0,0,https://x.com/undefined/status/2033730115230654949,984900337747267584,
2033695622872645839,Tue Mar 17 02:20:18 +0000 2026,0,@sweatystartup but only if they're blonde-haired and blue-eyed right?,2033730114593185989,,sweatystartup,en,,0,0,0,https://x.com/undefined/status/2033730114593185989,1140920218774069250,
2033671382223946059,Tue Mar 17 02:20:14 +0000 2026,1,@GregSkeena @ThomBrady5 Sure. Blue states (Harris 2024 wins): CA-LA: Jim McDonnell (male); NY-NYC: Jessica Tisch (female); IL-Chicago: Larry Snelling (male); MA-Boston: Michael Cox (male); WA-Seattle: Shon Barnes (male); MN-Minneapolis: Brian O'Hara (male); VA-Virginia Beach: Paul Neudigate (male).,2033730095181910051,,GregSkeena,en,,0,0,0,https://x.com/undefined/status/2033730095181910051,1720665183188922368,
2033730085543432608,Tue Mar 17 02:20:11 +0000 2026,0,I know 24 in blue saw the video of Scottie on skates and bopped his head for it,2033730085543432608,,,en,,0,0,0,https://x.com/undefined/status/2033730085543432608,348269060,
2033730084780052627,Tue Mar 17 02:20:11 +0000 2026,6,Ramona Powers' classic blue beauty! https://t.co/HdW7dWxGHy,2033730084780052627,https://pbs.twimg.com/media/HDlCvAJXUAALqty.jpg,,en,,0,2,0,https://x.com/undefined/status/2033730084780052627,829007208583143424,
2033509702345326858,Tue Mar 17 02:20:10 +0000 2026,0,@AmericanVsGov Neither red nor blue no matter who.,2033730080682193062,,AmericanVsGov,en,,0,0,0,https://x.com/undefined/status/2033730080682193062,1189977098502443010,
2033730069760258226,Tue Mar 17 02:20:08 +0000 2026,0,Nah homie I worked at a med spa for a year and peeped really quick how black and ingenious people are the blue print they call them ugly but what around looking like tele-tubby trying copy their features,2033730069760258226,,,en,,0,0,0,https://x.com/undefined/status/2033730069760258226,1855371420773339136,
2033724710157226336,Tue Mar 17 02:20:07 +0000 2026,0,@Ricardo200501 @DCXWarLord @EliteClubS0B It just showed the blue graphics for Roman and cm punk,2033730067377926296,,Ricardo200501,en,,0,1,0,https://x.com/undefined/status/2033730067377926296,1857282852406153216,
2033722603127316907,Tue Mar 17 02:20:07 +0000 2026,0,@SSN_USF Blue Blood?? They were in the Metro Conference with us Conf USA with us Big East with us and AAC with us,2033730065368858729,,SSN_USF,en,,0,3,0,https://x.com/undefined/status/2033730065368858729,1249780625529323522,
2033730053154980140,Tue Mar 17 02:20:04 +0000 2026,0,Enter our March Giveaway for a chance to win comfiroom Blue Theater Loveseat worth $1699! @Gleamapp https://t.co/W3rmFpErHz,2033730053154980140,,,en,,0,0,0,https://x.com/undefined/status/2033730053154980140,483102533,
2033663640105029730,Tue Mar 17 02:20:04 +0000 2026,0,@BFW Toronto. Does it count? Maple Leafs Blue Jays Raptors. Maple Leafs are far and way the biggest.,2033730052576190497,,BFW,en,,0,0,0,https://x.com/undefined/status/2033730052576190497,1419640344711507971,
2033671382223946059,Tue Mar 17 02:19:25 +0000 2026,0,@grok @ThomBrady5 alright give me the biggest city in each blue state and the sex of the person,2033729888734351751,,grok,en,,0,1,0,https://x.com/undefined/status/2033729888734351751,1998608598897946624,
2033729882904023252,Tue Mar 17 02:19:23 +0000 2026,1,19| Mini Soda Hates My Guts cause I fucks with the Gay Ass Blue Haired BAGGGGGG !!! They a Grift Just like MAGA. That s why they Gonna NEVER UNDERSTAND WHAT WOKE PPL ARE TALKING ABOUT.,2033729882904023252,,,en,,0,0,0,https://x.com/undefined/status/2033729882904023252,394451363,
2033729880580379090,Tue Mar 17 02:19:23 +0000 2026,0,Blue Marvel Storm John Stewart. Where is Icon and Static?,2033729880580379090,,,en,,0,0,0,https://x.com/undefined/status/2033729880580379090,993856428,
2033729873882251714,Tue Mar 17 02:19:21 +0000 2026,4,advil blue is so gorg https://t.co/5EXcTQ9M6f,2033729873882251714,https://pbs.twimg.com/media/HDlCgoSboAAHcSu.jpg,,en,,0,0,0,https://x.com/undefined/status/2033729873882251714,1571201486926876673,
2033729873605529682,Tue Mar 17 02:19:21 +0000 2026,0,The demand for Hi Vision jackets is spiking on google trends and prices are rocketing due to the presence of AI Hi Vis jackets are a necessity for all trade jobs and is often the first item purchased by blue collar workers This is the perfect narrative for trade meta https://t.co/zyfLnIZ0vi,2033729873605529682,https://pbs.twimg.com/media/HDlCieoaMAAPujk.jpg,,en,,0,0,0,https://x.com/undefined/status/2033729873605529682,2031600590334423041,
2033729870627275212,Tue Mar 17 02:19:20 +0000 2026,29,I don t know about airplanes in caves but I do know Marine Corps Lieutenant General Paul Van Riper was highly ticked off after he defeated the US military blue forces as the red forces commander by using low-tech communication methods like motorcycle messengers signal flares ,2033729870627275212,,,en,,0,2,5,https://x.com/undefined/status/2033729870627275212,1414267007789326343,
2033696398621765924,Tue Mar 17 02:19:19 +0000 2026,3,@TruthSeek01011 @KeruboSk Someone is not blue collar and it shows... https://t.co/Z9bY4Pqp2H,2033729864285708415,https://pbs.twimg.com/media/HDlCh9BbEAIDhVS.jpg,TruthSeek01011,en,,0,0,0,https://x.com/undefined/status/2033729864285708415,1493927028491440130,
2033530759856771516,Tue Mar 17 02:19:16 +0000 2026,0,@PerseusLeGrand Agree. Exterior siding colors are also a shade of gray-blue everywhere. Cold. Sterile.,2033729854927974837,,PerseusLeGrand,en,,0,0,0,https://x.com/undefined/status/2033729854927974837,493709429,
2033702748089422274,Tue Mar 17 02:19:16 +0000 2026,1,@brontyman After 10 years of seeing these evil tactics controlling the news agencies shoving that covid needle down our throats while millions of illegals didn't get taxed. DEI CRT WOKE TRANS PRIDE AND 20 MILLION ILLEGALS. I WILL NEVER VOTE BLUE AGAIN,2033729851148927442,,brontyman,en,,0,0,0,https://x.com/undefined/status/2033729851148927442,1861785334578831360,
2033722651244450236,Tue Mar 17 02:19:15 +0000 2026,1,@LiberalHivemind Long blue jacket for the w,2033729849257300422,,LiberalHivemind,en,,0,0,0,https://x.com/undefined/status/2033729849257300422,1966153120024518656,
2033729847382438294,Tue Mar 17 02:19:15 +0000 2026,0,Brandywine Museum of Art in Chadds Ford Pennsylvania. https://t.co/kEb6K9MFA8,2033729847382438294,https://pbs.twimg.com/media/HDlChJ9XYAAPWr5.jpg,,en,,0,0,0,https://x.com/undefined/status/2033729847382438294,67309952,
2033729837823557749,Tue Mar 17 02:19:12 +0000 2026,1,This ep very much was giving Missy in rookie blue and backcountry #fbicbs,2033729837823557749,,,en,,0,1,1,https://x.com/undefined/status/2033729837823557749,1223742746424377344,
2033028686685909321,Tue Mar 17 02:19:09 +0000 2026,0,@swasdwasdw @ChrisAintHome @BrandRisk You can literally see the edge of the ref's blue shirt tapping,2033729823080661006,,swasdwasdw,en,,0,0,0,https://x.com/undefined/status/2033729823080661006,1747125207586799616,
2033726681496883416,Tue Mar 17 02:19:08 +0000 2026,0,Baby blue Before you met me Heal 이랑 ode 이런걱두잇어 https://t.co/iW20fqYeYs,2033729820228792688,https://pbs.twimg.com/media/HDlCfWqbUAALGid.jpg,ummmashitda_,ko,,0,0,0,https://x.com/undefined/status/2033729820228792688,1569351780622016512,
2033729815354937360,Tue Mar 17 02:19:07 +0000 2026,2, We're hoping to get a lot of Sandringham people back. https://t.co/MUXyXjIwXo,2033729815354937360,,,en,,0,0,0,https://x.com/undefined/status/2033729815354937360,3038908861,
2033683885620662588,Tue Mar 17 02:19:07 +0000 2026,1,@POTUSupporters I'm against Tarlov not ICE raids. ICE raids go smooth w/coordination of law enforcement. Red States work together as they should while Blue States do the opposite creating trouble however they can. Sanctuary cities make money off ILLEGAL ALIENS criminal types and they VOTE!,2033729815073661314,,POTUSupporters,en,,1,0,0,https://x.com/undefined/status/2033729815073661314,1291584885598105603,
2033361901258768645,Tue Mar 17 02:19:07 +0000 2026,0,@skinnymysterio Nah I m good. She looks weird and dumpy all out of proportion. Fat girl bottom half slim girl top half. Gimme Skye Blue and Anna Jay. Now those two are literal perfection.,2033729814746612166,,skinnymysterio,en,,0,0,0,https://x.com/undefined/status/2033729814746612166,2018783120779071488,
2033631247592001826,Tue Mar 17 02:19:02 +0000 2026,0,@ZephyraLeigh I really like the black and blue flame!,2033729794605736411,,ZephyraLeigh,en,,0,0,0,https://x.com/undefined/status/2033729794605736411,1709992886811623424,
2033718733014016129,Tue Mar 17 02:19:01 +0000 2026,0,@JunusAnna Huh. Mine are mostly blue but I'm similar. And you don't notice it about others? Weird.,2033729790780334566,,JunusAnna,en,,0,1,0,https://x.com/undefined/status/2033729790780334566,1581661930950991872,
2033583680741077063,Tue Mar 17 02:18:59 +0000 2026,0,@_300BLK_ @TTU_86 @CFBONFOX Speaking of blue bloods beating one is fun!,2033729782848901393,,_300BLK_,en,,0,0,0,https://x.com/undefined/status/2033729782848901393,1237422330353246210,
2033729762653356193,Tue Mar 17 02:18:54 +0000 2026,1,Fun fact - I played with this racquet all thru high school because our school colors were blue &amp; gold If it was good enough for Venus it was good enough for me too! Definitely didn t fit my game but I sure won a lot of matches with that thing. #Wilson #HyperHammer #Tennis,2033729762653356193,,,en,,0,1,0,https://x.com/undefined/status/2033729762653356193,2342483768,
2033600716443468153,Tue Mar 17 02:18:53 +0000 2026,0,@COOOLVIKASH @bxieus The video (28s long) captures a massive fire on a highway overpass in Hebei China (claimed Daguang Expressway Suning section Mar 16 2026). A long blue car-carrier truck loaded with ~20-30 new cars (mostly white sedans/SUVs some blue) is ablaze. Flames spread rapidly along,2033729754558304351,,COOOLVIKASH,en,,0,0,0,https://x.com/undefined/status/2033729754558304351,1720665183188922368,
2033729746446782706,Tue Mar 17 02:18:51 +0000 2026,0,Red No....B...BLUE Write Yes. https://t.co/OhLZSF7pXm,2033729746446782706,https://pbs.twimg.com/media/HDlCbQgbEAAkYoA.jpg,,en,,0,0,0,https://x.com/undefined/status/2033729746446782706,1704438973454831616,
2033729402513543549,Tue Mar 17 02:18:50 +0000 2026,0,@BerwickJeff If you want to avoid the #DEW - you must go #BLUE!,2033729745129504869,,NWO4LYFE666CCP,en,,0,0,0,https://x.com/undefined/status/2033729745129504869,1488042232926121986,
2033729735658991813,Tue Mar 17 02:18:48 +0000 2026,0,untuk skrg lebih baik make SM atau blue bird trauma berantem sm supir gocar padahal naik becakayu bisa bisanya doi ngamuk karena macet (gocar prioritas loh ya) https://t.co/N6Ngh1jQ8g,2033729735658991813,https://pbs.twimg.com/media/HDlCaf5bEBUIw2z.jpg,,in,,0,0,0,https://x.com/undefined/status/2033729735658991813,1839004271951622150,
2033548149868953694,Tue Mar 17 02:18:48 +0000 2026,1,@Dark_Blastoise1 i demand proof https://t.co/L7cSpW31Ea,2033729734085935604,https://pbs.twimg.com/tweet_video_thumb/HDlCaU-aMAApZOK.jpg,Dark_Blastoise1,en,,0,1,0,https://x.com/undefined/status/2033729734085935604,1932175311917178880,
2033729717812269552,Tue Mar 17 02:18:44 +0000 2026,0,追加決定!! Hella(ヘラ) 【期間限定10%OFF&amp;さらに400円OFF】 gather stripe top 15 400円→13 860円 https://t.co/YJr1COicKG ギャザーが目を引くノースリブラウス beige:即日出荷 blue:近日入荷 ▼400円OFFクーポン https://t.co/KGLKo1Sm81 #hella #ヘラ #26SS #楽天 https://t.co/ic0SD9fDXL,2033729717812269552,https://pbs.twimg.com/media/HDlAm2obEAA_G3V.jpg,,ja,,0,0,0,https://x.com/undefined/status/2033729717812269552,1399649136656347139,
2033725008799735863,Tue Mar 17 02:18:43 +0000 2026,0,@OfficialMONSTAX missed baby blue at first #MONSTAX #Unfold https://t.co/1SLjrEbL4a,2033729714351673479,https://pbs.twimg.com/media/HDlCZehWcAAUuuQ.jpg,OfficialMONSTAX,en,,0,0,0,https://x.com/undefined/status/2033729714351673479,2720073470,
2033619865807032437,Tue Mar 17 02:18:39 +0000 2026,1,@jerereau adam and blue,2033729697670918301,,jerereau,en,,0,0,0,https://x.com/undefined/status/2033729697670918301,1020802274870906880,
2033432928429244534,Tue Mar 17 02:18:37 +0000 2026,0,@Amelia558rs blue one !!,2033729688665743444,,Amelia558rs,en,,0,0,0,https://x.com/undefined/status/2033729688665743444,294414476,
2033729681837690918,Tue Mar 17 02:18:35 +0000 2026,0,追加決定!! Hella(ヘラ) 【10％OFF＆さらに3000ポイントまで利用可】 gather stripe top 15 400円 https://t.co/6U3WniS8Yu ギャザーが目を引くノースリブラウス beige:即日出荷 blue:近日入荷 ▼Hella https://t.co/b38Vx23qR3 #hella #ヘラ #26SS https://t.co/axMzXNMp0F,2033729681837690918,https://pbs.twimg.com/media/HDk_aZiaEAAylMo.jpg,,ja,,0,0,0,https://x.com/undefined/status/2033729681837690918,109812846,
2033729679400616422,Tue Mar 17 02:18:35 +0000 2026,3,All the thin blue line flags down the shore are being lowered to half mast as we speak,2033729679400616422,,,en,,0,0,0,https://x.com/undefined/status/2033729679400616422,761053925596205060,
2033718401797849237,Tue Mar 17 02:18:32 +0000 2026,1,@DMparody28 @Thefactsdude This video from a Memphis McDonald's shows a physical fight that broke out behind the counter. A female customer in black confronts and shoves a female employee in a red shirt knocking her to the floor. Other staff (including a guy in a blue McDonald's tee) jump in to separate,2033729670261215614,,DMparody28,en,,0,0,0,https://x.com/undefined/status/2033729670261215614,1720665183188922368,
2033688122068787693,Tue Mar 17 02:18:31 +0000 2026,0,@fairyprxncess Blue ,2033729664032612492,,fairyprxncess,en,,0,0,0,https://x.com/undefined/status/2033729664032612492,1907161688027078656,
2033729651470680472,Tue Mar 17 02:18:28 +0000 2026,98,I'm still stuck on this. What makes you think it's okay to blackmail smaller creators because they're speaking up on something you so desperately want to sweep under the rug? I've tried so hard to be nice about this but every time I think about it I get more disgusted.,2033729651470680472,,,en,,0,1,18,https://x.com/undefined/status/2033729651470680472,997600929166823425,
2033729650707349606,Tue Mar 17 02:18:28 +0000 2026,4,Fr. Why is the Blue Blur Turquoise ?,2033729650707349606,,,en,,0,0,0,https://x.com/undefined/status/2033729650707349606,890465145763319808,
2033584372654202985,Tue Mar 17 02:18:28 +0000 2026,0,@Zeekottt @ttfalor @uThuthukaShandu Can you show me statistics on that? Just because you think he s handsome doesn t mean only girls watch him. In blue mountain state he s so fucking funny and im pretty sure 100x more guys then girls watched that show. Also reacher is a 50/50 split. https://t.co/CwN7dEZXun,2033729650610888965,https://pbs.twimg.com/media/HDlCVr6WQAAMBSP.jpg,Zeekottt,en,,0,0,0,https://x.com/undefined/status/2033729650610888965,1803895214257369089,
2033729595141153120,Tue Mar 17 02:18:15 +0000 2026,19, BARRIER TWEET members should like all tweets between this barrier and the last ୨୧ comment a blue emoji if you see this!,2033729595141153120,,,en,,0,14,0,https://x.com/undefined/status/2033729595141153120,2005440321514356737,
2033615629589029331,Tue Mar 17 02:18:13 +0000 2026,1,@PrimeiroFront ele tem a voz do dublador do Blue https://t.co/j6Re4obYsS,2033729587553665125,https://pbs.twimg.com/tweet_video_thumb/HDlCRpjXIAAMGib.jpg,PrimeiroFront,pt,,0,0,0,https://x.com/undefined/status/2033729587553665125,1142906294623449088,
2033661787476750550,Tue Mar 17 02:18:12 +0000 2026,2,@DANT3DT blue checkmarks for engagement bait that don t even play the games,2033729585867604345,,DANT3DT,en,,0,0,0,https://x.com/undefined/status/2033729585867604345,1855313761789485056,
2033678673295851920,Tue Mar 17 02:18:09 +0000 2026,1,@devilsdntfly blue !!,2033729572890714472,,devilsdntfly,en,,0,0,0,https://x.com/undefined/status/2033729572890714472,1927910215330189318,
2033727887472533623,Tue Mar 17 02:18:08 +0000 2026,0,i don't know in what context this comment was written under which photo and which person. but it's literal...It doesn't mean anything. FOR ME PERSONALLY (i emphasize) it looks like a joke from the category of i would date you if I loved the color blue something like that. https://t.co/5mtGm7jQES,2033729567702057029,https://pbs.twimg.com/media/HDlCOcpXsAAtEW4.png,solarsssystem,en,,0,1,0,https://x.com/undefined/status/2033729567702057029,2028769761509990400,
2033718241676190039,Tue Mar 17 02:18:06 +0000 2026,0,@sleviatk @JuliusElum All these blue tick guys Sigh️,2033729558151639538,,sleviatk,en,,0,1,0,https://x.com/undefined/status/2033729558151639538,1983475169256759296,
2033729557459833015,Tue Mar 17 02:18:06 +0000 2026,1,１番くじ機動戦士ガンダム ラストワン賞 | SIGNAL BLUE 高梁自動車学校 STAFF BLOG https://t.co/Lc6n3Od2ss #Amebaブログ #アメブロ,2033729557459833015,,,ja,,0,0,0,https://x.com/undefined/status/2033729557459833015,738514211702071297,
2033729553026454016,Tue Mar 17 02:18:04 +0000 2026,0,Jack In The Box Weverse Album Blue VER 180 ฿ Jack In The Box Weverse Album Pink VER 180 ฿ เหมา 340 ฿ ของครบได้ของแถม Weverse ราคารวมส่งแล้วนะคะ สนใจทักมาสอบถามเพิ่มเติมได้ค่า #ตลาดนัดบังทัน #ปล่อยของสะสมบังทัน #ตลาดนัดBTS #ตลาดนัดรถไฟบังทัน,2033729553026454016,,,und,,0,0,0,https://x.com/undefined/status/2033729553026454016,1517946694549532674,
2033729552850292933,Tue Mar 17 02:18:04 +0000 2026,4,- growing pains - on our way - baby blue - glass half empty - main attraction - enemies eith benefits - sorry to myself - before you met me what's more? #MONSTAX #UNFOLD #언풀드 https://t.co/J4hJ90636l,2033729552850292933,https://pbs.twimg.com/media/HDlCOtrbEAA1eKe.jpg,,en,,0,0,1,https://x.com/undefined/status/2033729552850292933,226474030,
2033729550673223926,Tue Mar 17 02:18:04 +0000 2026,0,The woke in my body wants Venezuela to win but my blood is unfortunately red white and blue,2033729550673223926,,,en,,0,0,0,https://x.com/undefined/status/2033729550673223926,1049673732552368128,
2033487541924503991,Tue Mar 17 02:18:02 +0000 2026,0,@unsteadyFarian Lol person wey dey farm to buy blue tick soon,2033729543224086538,,unsteadyFarian,en,,0,0,0,https://x.com/undefined/status/2033729543224086538,1469320049315831815,
2033726509928829039,Tue Mar 17 02:18:00 +0000 2026,1,@SCMountainGoat Oh yes we have been on that one for a bit. The flicker rate predominantly blue light is agitating sucks here in Cali with new construction all the internal products are now for LED. Luminescent equipment is more expensive or not available.,2033729535594938732,,SCMountainGoat,en,,0,1,0,https://x.com/undefined/status/2033729535594938732,219404126,
2033728075792359612,Tue Mar 17 02:17:59 +0000 2026,0,@a_daayum @mainxxie Didn't know you were blue,2033729529357779120,,a_daayum,en,,0,0,0,https://x.com/undefined/status/2033729529357779120,2007722689461661700,
2033699271829062014,Tue Mar 17 02:17:57 +0000 2026,0,@Chansoo @Teslarati Feel like a kid in the candy shop everytime I hit the blue start FSD button. Full day of Work leaving the gym exhausted hit the blue botton and arrive home stress free. Love it for my short city drive or road trip,2033729521523036530,,Chansoo,en,,0,0,0,https://x.com/undefined/status/2033729521523036530,1691837267088670720,
2033729520377991391,Tue Mar 17 02:17:57 +0000 2026,0,WILD BLUEのライブでもわぶっていきましょう お譲り先を探してます。 【譲】3/22 昼夜通し券 1枚 ~G列 51-60 【求】~即0.7 分配、座席権利どちらでも可能です。 DMまでご連絡お願い致します。 #WILDBLUE譲 #ROIROM譲,2033729520377991391,,,ja,,0,0,0,https://x.com/undefined/status/2033729520377991391,1876597879793717248,
2033729515474624782,Tue Mar 17 02:17:56 +0000 2026,0,So a blue collar man is supposed to lay on his bed sheets with the work day still on him?,2033729515474624782,,,en,,0,1,0,https://x.com/undefined/status/2033729515474624782,106003901,
2033556007679299670,Tue Mar 17 02:17:52 +0000 2026,0,@APushpo750 @ffourmteor There's a lot of them on blue apps,2033729500245361130,,APushpo750,en,,0,0,0,https://x.com/undefined/status/2033729500245361130,1967165360710512640,
2033729494226506129,Tue Mar 17 02:17:50 +0000 2026,0,WILD BLUEのライブでもわぶっていきましょう！ランダムグッズ(ラッフルくじ) 以下のもの買取求めております 【求】C賞/D賞/E賞/10連特典 【譲】C D E賞は定価・10連特典は希望額ご提示ください #WILDBLUE #WILDBLUE求 #WILDBLUE譲 #ラッフルくじ https://t.co/LzHBhIKU5R,2033729494226506129,https://pbs.twimg.com/media/HDlCMdeb0AAHydV.jpg,,ja,,0,1,0,https://x.com/undefined/status/2033729494226506129,1975378461566132224,
2033705413787505101,Tue Mar 17 02:17:50 +0000 2026,1,@BigBeeBeeLLC I first AR is a black lower with Tan upper the pistol is all NRA blue then we have coco and the next build is black gold lower and I m trying to decide the rest I have a thing for color,2033729493521535400,,BigBeeBeeLLC,en,,0,1,0,https://x.com/undefined/status/2033729493521535400,2007959288715870210,
2033729489507582075,Tue Mar 17 02:17:49 +0000 2026,0,°｡⋆ master thread of my writing ! ⋆｡° https://t.co/64a1ZfUMZu https://t.co/R7AhZgAJgH ,2033729489507582075,,,en,,0,0,0,https://x.com/undefined/status/2033729489507582075,1361803898227281921,
1905067927294050432,Tue Mar 17 02:17:49 +0000 2026,0,I don t know whom Subaru and Blue want to die for it is not me obviously and critically I hope that was not me too.,2033729487142326364,,KerriLiu711021,en,,0,1,0,https://x.com/undefined/status/2033729487142326364,1555443596903346176,
2033728984089833746,Tue Mar 17 02:17:47 +0000 2026,1, is it true americans dont have clocks is it true americans dont celebrate christmas is it true americans dont have the color blue https://t.co/qSl8KtNYJg,2033729479692931257,https://pbs.twimg.com/media/HDlCLoHbEAILTl9.jpg,bloupriiint,en,,0,0,0,https://x.com/undefined/status/2033729479692931257,1911573862942179328,
2033729459442835870,Tue Mar 17 02:17:42 +0000 2026,1,Blue and gold such a great flag idea,2033729459442835870,,,en,,0,1,0,https://x.com/undefined/status/2033729459442835870,179429879,
2033607765881491527,Tue Mar 17 02:17:15 +0000 2026,0,@TalkinBaseball_ Yarayt! Play for the Blue Jays.,2033729345769115702,,TalkinBaseball_,en,,0,0,0,https://x.com/undefined/status/2033729345769115702,1228297015529893889,
2033382949815734719,Tue Mar 17 02:17:14 +0000 2026,0,@Stake white red blue stake: rooraa,2033729342707274233,,Stake,en,,0,0,0,https://x.com/undefined/status/2033729342707274233,1816031880451612675,
2033729342895796229,Tue Mar 17 02:17:14 +0000 2026,0,For those taking Duke as their champion I fear yall don t know ball they historically get bounced by a team who has a high school gym and typically have the easiest region in the tournament. Not this year! They got the blue blood region couldn t write a script better,2033729342895796229,,,en,,0,0,0,https://x.com/undefined/status/2033729342895796229,202902303,
2033729345072541947,Tue Mar 17 02:17:15 +0000 2026,0,Blue Velvet should have walked away with a fuck ton of Academy Awards that year.,2033729345072541947,,,en,,0,0,0,https://x.com/undefined/status/2033729345072541947,1277389784583995392,
2033729340345893339,Tue Mar 17 02:17:14 +0000 2026,180,tala making tubod na sam g with chef jorge blue comment #capkrys https://t.co/DrtmTZD8HX,2033729340345893339,https://pbs.twimg.com/media/HDlCDdhbEAEKaWP.jpg,,tl,,0,0,38,https://x.com/undefined/status/2033729340345893339,2029488939246182402,
2033729332162555929,Tue Mar 17 02:17:12 +0000 2026,1,WWE should really change the blue to red especially if Penta owns it. #WWEraw https://t.co/Q8oMGVv9J0,2033729332162555929,https://pbs.twimg.com/media/HDlCDKpWMAAIcRb.jpg,,en,,0,0,0,https://x.com/undefined/status/2033729332162555929,2019398164785102848,
2020967269744906528,Tue Mar 17 02:17:08 +0000 2026,0,@HiltonHonors Sure wish @HiltonHonors took care of us on our last stay at Embassy Suites Blue Ash. Absolute worst hotel ever under MAJOR remodel and still open but only disclosed pool was closed. Construction dust everywhere breathing it in while sleeping and all hotel and HH said sorry. https://t.co/GF2IYxkeqp,2033729315221672438,https://pbs.twimg.com/media/HDlB_PUbEAMBoWb.jpg,HiltonHonors,en,,0,1,0,https://x.com/undefined/status/2033729315221672438,415989505,
2033729306648854980,Tue Mar 17 02:17:06 +0000 2026,0,@gmail I'm frequently getting this 'oops' pop up and it is really getting annoying. I am not ready to log out and log in again. Are my updates to the body of the email and attachments getting saved? The email is showing attachments but they don't look like the 'blue' attachments. https://t.co/KGgGLZlmzZ,2033729306648854980,https://pbs.twimg.com/media/HDlBybabEAMknPr.jpg,gmail,en,,0,1,0,https://x.com/undefined/status/2033729306648854980,1876952443147505664,
2033726926020358486,Tue Mar 17 02:17:00 +0000 2026,2,@EvanAKilgore 90% of those votes are foreign bot accounts. X is a fabrication and foreign psyop. Actual real American MAGA Republicans support @POTUS @realDonaldTrump Not foreigners blue-haired Leftists &amp; RINO's like you. https://t.co/3VObCKOhRJ,2033729283622113690,https://pbs.twimg.com/media/HDlCAD3boAAORjz.png,EvanAKilgore,en,,0,1,0,https://x.com/undefined/status/2033729283622113690,1833005592836984832,
2033497148562563108,Tue Mar 17 02:17:00 +0000 2026,0,@Marco_p3 The blue contacts ,2033729282430607696,,Marco_p3,en,,0,0,0,https://x.com/undefined/status/2033729282430607696,1433871352080080933,
2033729281332023314,Tue Mar 17 02:17:00 +0000 2026,0,#TroyeSivan - In A Dream (5 Year Anniversary Red/Blue Swirl EP) $25.50 (lowest) https://t.co/ASrQxheurW #WAR - WAR $16.10 https://t.co/VgASUENvFJ https://t.co/WAxd15QYdh,2033729281332023314,https://pbs.twimg.com/media/HDk-kbtakAAlQTt.jpg,,en,,0,0,0,https://x.com/undefined/status/2033729281332023314,1327274197257658375,
2033652850702618978,Tue Mar 17 02:16:58 +0000 2026,0,@clashreport Obama was all in on drone warfare. Killing on days with blue skies. Had to have been him.,2033729276147863597,,clashreport,en,,0,0,0,https://x.com/undefined/status/2033729276147863597,1420209655871987713,
2033729269164347637,Tue Mar 17 02:16:57 +0000 2026,3,ELEVATEで初めて見た小林大悟、ほんとに顔が小さすぎて肉眼ではあんま顔が見えなかったんだけどw、スクリーンに表情が映ったとき毎回ありえんほど顔がきらきらしてるの、あれがスター性ってやつ？ #ELEVATE #TAGRIGHT TAGRIGHT | FOREVER BLUE Official MV https://t.co/PcmxRITwd3,2033729269164347637,,,ja,,0,0,0,https://x.com/undefined/status/2033729269164347637,1246189458954678273,
2033727699659993422,Tue Mar 17 02:16:51 +0000 2026,0,@thefantasystuff Blue sea and good morning,2033729244438896996,,thefantasystuff,en,,0,0,0,https://x.com/undefined/status/2033729244438896996,836765261671747584,
2033555210585653600,Tue Mar 17 02:16:51 +0000 2026,0,@lady_valor_07 La law NYPD blue Moonlighting,2033729243520065776,,lady_valor_07,en,,0,0,0,https://x.com/undefined/status/2033729243520065776,1935172154892398594,
2033729242060530064,Tue Mar 17 02:16:50 +0000 2026,0,I hate that stupid that one friend thats too woke image it haunts me in everything that I do...sigh...grabs the blue hairdye...,2033729242060530064,,,en,,0,0,0,https://x.com/undefined/status/2033729242060530064,1853086744452722688,
2033729240089419837,Tue Mar 17 02:16:50 +0000 2026,0,Someone beat the shit out of me till im black and blue all over cut me until I faint from blood loss dont listen to me begging for it all to stop I just want to feel something,2033729240089419837,,,en,,0,1,0,https://x.com/undefined/status/2033729240089419837,2009361334027292672,
2033729231633715384,Tue Mar 17 02:16:48 +0000 2026,0,【Pre-order】Athena:X Studio 1/6 Scale Brown Little Demon PVC Statue - Blue Archive - Cool GK Club https://t.co/CUvGcWk8UO,2033729231633715384,https://pbs.twimg.com/media/HDlBzrsbEAA_Hqg.png,,en,,0,0,0,https://x.com/undefined/status/2033729231633715384,2004917005275873280,
2033559013829513437,Tue Mar 17 02:16:48 +0000 2026,0,@CmdeSxxedcer @kickflip_jype mama said and blue valentine!,2033729230517997609,,CmdeSxxedcer,en,,0,0,0,https://x.com/undefined/status/2033729230517997609,1845312937914961921,
2033729229263982784,Tue Mar 17 02:16:47 +0000 2026,3, | Syukur Lebaran has surpassed Blue and Sedia Terluka in streams and is now @ainaabdulmusic s 27th most-streamed song on Spotify! #27. Syukur Lebaran 420 352 #28. Blue 415 467 #29. Sedia Terluka 405 422 https://t.co/NZCaXrX9IG,2033729229263982784,,,in,,0,0,2,https://x.com/undefined/status/2033729229263982784,1777364824147808256,
2033696599512113370,Tue Mar 17 02:16:45 +0000 2026,0,@LitAmericanGirl @BasedMikeLee @RealDeanCain Our Colorado elected officials will Stonewall until they turn blue in the face,2033729218870378639,,LitAmericanGirl,en,,0,1,0,https://x.com/undefined/status/2033729218870378639,1694881198122930176,
2033729211698200873,Tue Mar 17 02:16:43 +0000 2026,2, #KHUNPOL #For23verWithKHUNPOL https://t.co/z5vDhPPXr4,2033729211698200873,https://pbs.twimg.com/media/HDlB71bbEAEJ_VP.jpg,,qme,,0,0,0,https://x.com/undefined/status/2033729211698200873,1457406300506050562,
2033729206518223017,Tue Mar 17 02:16:42 +0000 2026,1,Menjaga situasi kamtibmas tetap kondusif Personil Polsek Bangli dipimpin Pawas Iptu I Putu Sidiadi S.H intensifkan kegiatan Blue Light Patrol Polri Presisi seputaran Kota Bangli Senin malam (16/3/2026). #Polripresisi #Polrihumanis #Poldabali #Polresbangli #Polsekbangli https://t.co/ktFvOx1nLo,2033729206518223017,https://pbs.twimg.com/media/HDlB72oasAAixNG.jpg,,in,,0,0,0,https://x.com/undefined/status/2033729206518223017,1262287174227001344,
2033667459635429430,Tue Mar 17 02:16:42 +0000 2026,1,@y0usaidyes blue meets yellow in the ink cartridge ,2033729205293162553,,y0usaidyes,en,,0,0,0,https://x.com/undefined/status/2033729205293162553,1970924606706913280,
2033696398621765924,Tue Mar 17 02:16:41 +0000 2026,0,@KeruboSk White collar workers shower in the morning because they need to be presentable in the office blue collar workers shower at night so they don't go to bed dirty and sweaty,2033729202017476652,,KeruboSk,en,,0,0,0,https://x.com/undefined/status/2033729202017476652,909949346145345536,
2033729198016041308,Tue Mar 17 02:16:40 +0000 2026,1,⠀ ⠀ ⠀⠀⠀ ⠀⠀⠀ *̲ Well. If things get bad you know you can stay with me as long as you need. Color looked at Killer this time. His flames flickered softly a brilliant blue. ⠀,2033729198016041308,,,en,,1,0,0,https://x.com/undefined/status/2033729198016041308,1936617309054885888,
2033657954239459348,Tue Mar 17 02:16:37 +0000 2026,0,@SlightlyAni @900magsimus It would look MUCH better with a blue aura,2033729188155560302,,SlightlyAni,en,,0,0,0,https://x.com/undefined/status/2033729188155560302,2016651162477334529,
2033382442262827135,Tue Mar 17 02:16:37 +0000 2026,0,@VoidsnVines This! but instead of a Giant Ball it would be Hungry/Angry filled Musical Blue Bear chasing after us! https://t.co/ZaicEGGflw,2033729184405852349,https://pbs.twimg.com/tweet_video_thumb/HDlB5p7bEAEgkgB.jpg,VoidsnVines,en,,0,0,0,https://x.com/undefined/status/2033729184405852349,2454230238,
2033555513364152714,Tue Mar 17 02:16:36 +0000 2026,0,@itsabsu who is the woman in the blue jacket?? why is she so ugly...,2033729183231439118,,itsabsu,en,,0,0,0,https://x.com/undefined/status/2033729183231439118,1431158935013105664,
2033670156430544931,Tue Mar 17 02:16:31 +0000 2026,4,@ChampagnePuthy I agree on the cat-irises but her white hair isn t a mutation it s a family trait from her mother s side (of which her mother actually didn t have including the blue eyes I believe).,2033729159005151486,,ChampagnePuthy,en,,0,0,0,https://x.com/undefined/status/2033729159005151486,1636775628916801536,
2033629177191280767,Tue Mar 17 02:16:30 +0000 2026,0,@RealGrumpyCat Grumpy cat had beautiful blue eyes. ,2033729155318034519,,RealGrumpyCat,en,,0,0,0,https://x.com/undefined/status/2033729155318034519,3158209952,
2033662131325788204,Tue Mar 17 02:16:28 +0000 2026,1,@NFL_DovKleiman All because of thepowder blue United uniforms,2033729148040929401,,NFL_DovKleiman,en,,0,0,0,https://x.com/undefined/status/2033729148040929401,2025603388222681089,
2033729147415970174,Tue Mar 17 02:16:28 +0000 2026,1,Utah is a red state. Then only states cheating are the blue states which don t require voter ID,2033729147415970174,,,en,,0,0,0,https://x.com/undefined/status/2033729147415970174,419198017,
2033729122166587603,Tue Mar 17 02:16:22 +0000 2026,0,eh si kakak dengerin can't be blue (kband) https://t.co/TNTKdE50fc,2033729122166587603,https://pbs.twimg.com/media/HDlB2_DbEAQFVKl.jpg,,in,,0,0,0,https://x.com/undefined/status/2033729122166587603,1185735259788152832,
2033729111827308610,Tue Mar 17 02:16:19 +0000 2026,0,If Venezuela pulls this out are yall gonna be mad when i wear my Braves Red white and blue Acuna Jersey tomorrow night???,2033729111827308610,,,en,,0,0,0,https://x.com/undefined/status/2033729111827308610,25916151,
2033729108685803875,Tue Mar 17 02:16:19 +0000 2026,0,Tender blue https://t.co/pzVoJUx00J,2033729108685803875,https://pbs.twimg.com/media/HDlB2IzWkAIxvUy.jpg,,en,,0,0,0,https://x.com/undefined/status/2033729108685803875,1909335279737192448,
2033729108350538193,Tue Mar 17 02:16:18 +0000 2026,17,Gonna go out on a limb and say that the reason that 99.97% of people wear baggy blue surgical masks and not N95s is because they simply can t afford them.,2033729108350538193,,,en,,0,1,0,https://x.com/undefined/status/2033729108350538193,1289530346,
2033729104806060149,Tue Mar 17 02:16:18 +0000 2026,1,nickname: Alex prns: she/her height: 5'6 sexuality: Demi-pan smokes: piercings: Two (ear lobes) tattoos: (I want one) fav colors: Turquoise silver gold blue black purple pink fav drink: Water Tea Sprite Rose lemonade fav food: &amp; etc fav animal: &amp; ,2033729104806060149,,,en,,0,0,0,https://x.com/undefined/status/2033729104806060149,280276810,
2033729101698105659,Tue Mar 17 02:16:17 +0000 2026,4,You re telling me this Morpho is Blue? https://t.co/IHAsRq1fMd,2033729101698105659,https://pbs.twimg.com/media/HDlB1smXwAEsJc2.jpg,,en,,0,0,0,https://x.com/undefined/status/2033729101698105659,1673268696368726016,
2033729100653670814,Tue Mar 17 02:16:17 +0000 2026,5,ai às vezes sinto muita saudade dessa época,2033729100653670814,,,pt,,0,0,0,https://x.com/undefined/status/2033729100653670814,1361742481138864131,
2033727222800941187,Tue Mar 17 02:16:16 +0000 2026,6,@GroyperGreg Give me Hitler or I m going blue! ,2033729097122132424,,GroyperGreg,en,,0,1,0,https://x.com/undefined/status/2033729097122132424,1982281375274483713,
2033708800738283893,Tue Mar 17 02:16:14 +0000 2026,1,@ValenBritos1889 para ir a blue,2033729088704123387,,ValenBritos1889,pt,,0,0,0,https://x.com/undefined/status/2033729088704123387,1967774623350575104,
2033709910652080366,Tue Mar 17 02:16:11 +0000 2026,1,@papicojr @o_sam_w8 Follow back I trust you guys without blue ticks,2033729076247036038,,papicojr,en,,0,0,0,https://x.com/undefined/status/2033729076247036038,1773722966242525184,
2033729069347422320,Tue Mar 17 02:16:09 +0000 2026,0, DOGE Update: Breakout holding strong! 1H chart crushed that purple descending resistance now riding blue ascending trend + yellow horizontal flip at ~0.1028. 4H confirms reversal with higher lows off green support daily battling major channel but curling bullish off 0.088 https://t.co/hzhHDrUTfd,2033729069347422320,https://pbs.twimg.com/media/HDlBzP1WIAAbJdZ.jpg,,en,,0,0,0,https://x.com/undefined/status/2033729069347422320,1439945324018249735,
2033729066193346886,Tue Mar 17 02:16:08 +0000 2026,2,QT Elf Starlight doesn't fall on her it lingers because even the night knows royalty. Silver-white hair braided with moon-silver threads and emerald beads cascading like liquid frost over luminous pale skin. Pointed ears catch whispers of ancient winds ice-blue eyes holding https://t.co/hh06ga5dfA,2033729066193346886,https://pbs.twimg.com/media/HDlBzsvbEAEPHCq.jpg,,en,,0,1,0,https://x.com/undefined/status/2033729066193346886,817771206875217921,
2033729062859116804,Tue Mar 17 02:16:08 +0000 2026,4,『みんなでシェア企画展vol.170』 花、星、海のいきものなど、いろいろなモチーフで日常に少しのときめきをプラス出来たら！と制作しています。 先月から@Lupopo_cafeさんにお世話になっています桜モチーフ納品予定です 3/20 arteVarie参加（ビッグサイト） minne→ https://t.co/RO0nTECFTu https://t.co/fQbT00yUqv,2033729062859116804,https://pbs.twimg.com/media/HDlBy_TbUAAwl3M.jpg,,ja,,0,0,4,https://x.com/undefined/status/2033729062859116804,987987514387394561,
2033697305803518169,Tue Mar 17 02:16:07 +0000 2026,0,@_WeeezU_ @OSidSamora O fato da g66 ser baseada na Alemanha é mais provável que seja pelo exército e n nacionalidade em si. Até pq a g66 n é de fato uma nação é uma ilha móvel que vaga pelos mares para diminuir a possibilidade de ser atacada. Tanto que o Sanji nasceu no North blue e saiu no east blue,2033729061235695996,,_WeeezU_,pt,,0,1,0,https://x.com/undefined/status/2033729061235695996,1343043142472314882,
2033354629069639813,Tue Mar 17 02:16:06 +0000 2026,0,@JPHerring25 It marked the start of the low-visibility era for U.S. military aircraft. However the Heater-Ferris / Blue Avenger visual reduction scheme was not used on other Tomcats; it was a one-off test of concept. https://t.co/aA7xwGT5UC,2033729057192312969,,JPHerring25,en,,0,0,0,https://x.com/undefined/status/2033729057192312969,1427407982745329674,
2033729050393596180,Tue Mar 17 02:16:05 +0000 2026,2,各々に割り振られた花の花言葉がそれぞれによく似合うと私は思ったし、FOREVER BLUE MVの演出も本人たちに合っていたし、TAGRIGHTに関わる方々は愛を持って接してくださっている方が多いんだろうなとは感じていて、それを引き寄せるような本人たちの人柄の良さもあるんじゃないかとも思うね,2033729050393596180,,,ja,,0,0,0,https://x.com/undefined/status/2033729050393596180,1076450583001718786,
2033729040012759506,Tue Mar 17 02:16:02 +0000 2026,7,コウノトリ但馬空港にトキエア！ #JA03Q #トキエア https://t.co/ZnYgTjn9UJ,2033729040012759506,https://pbs.twimg.com/media/HDlBx7JawAAwY2I.jpg,,ja,,0,0,2,https://x.com/undefined/status/2033729040012759506,1561217132570226688,
2033637750537072699,Tue Mar 17 02:16:01 +0000 2026,0,@ChrisFairfield @kyourfeelings @Heccles94 Most of ICE are wanna-be/couldn t make it LEOs. Don t insult those in blue.,2033729033792590025,,ChrisFairfield,en,,0,0,0,https://x.com/undefined/status/2033729033792590025,36179150,
2033651271278690432,Tue Mar 17 02:15:59 +0000 2026,0,@sian_acton Happy Mother s Day! So nice of Blue and Belle to help wiff your card ️️,2033729028658483641,,sian_acton,en,,0,0,0,https://x.com/undefined/status/2033729028658483641,1096243828804255744,
2033729026087653834,Tue Mar 17 02:15:59 +0000 2026,0,https://t.co/AQWHa1WaoM,2033729026087653834,https://pbs.twimg.com/media/HDlBxOKbEAA3H6H.jpg,,zxx,,0,0,0,https://x.com/undefined/status/2033729026087653834,1973277694977777667,
2033728999877447852,Tue Mar 17 02:15:53 +0000 2026,0,Country will not tolerate this blue terrorisam spreading by this Bhim army with the help of @narendramodi @AmitShah support,2033728999877447852,,,en,,0,0,0,https://x.com/undefined/status/2033728999877447852,1586516153786306561,
2033728998895702175,Tue Mar 17 02:15:52 +0000 2026,1,I used to say yea totally everyone should should just return to the land and farm man In reality it s more complex than that. Sure me and others like me are born and bred Blue collar farmers and builders. To make a real change or to turn the ship as they say. Good ,2033728998895702175,,,en,,0,0,0,https://x.com/undefined/status/2033728998895702175,1929578742164471808,
2033432928429244534,Tue Mar 17 02:15:52 +0000 2026,0,@Amelia558rs Middle blue one,2033728998736597103,,Amelia558rs,en,,0,0,0,https://x.com/undefined/status/2033728998736597103,1518909927821135880,
2033728996928602214,Tue Mar 17 02:15:52 +0000 2026,1,Conviction is not all about farming everything you see on TL It all about building conviction around few projects Because the honest truth is that you can't do everything!,2033728996928602214,,,en,,0,0,0,https://x.com/undefined/status/2033728996928602214,1837193798469701633,
2033709910652080366,Tue Mar 17 02:15:50 +0000 2026,1,@Mufeed037317401 @o_sam_w8 Follow back I trust you guys without blue ticks,2033728990981083260,,Mufeed037317401,en,,0,0,0,https://x.com/undefined/status/2033728990981083260,1773722966242525184,
2033632556768239618,Tue Mar 17 02:15:50 +0000 2026,0,@blueburnershow ILL BE THERE GO BIG BLUE!!!!,2033728989114613910,,blueburnershow,en,,0,0,0,https://x.com/undefined/status/2033728989114613910,1450148155509575682,
2033624612081164331,Tue Mar 17 02:15:48 +0000 2026,0,@C_3C_3 The most cringe part is the blue steel pose on his 60 year old woke face,2033728980688507295,,C_3C_3,en,,0,0,0,https://x.com/undefined/status/2033728980688507295,1380979669919354880,
2033576982437310814,Tue Mar 17 02:15:46 +0000 2026,1,@Chad407 @UnfilteredSoccr @ussoccer @CocaCola @CarnivalCruise It's dark Navy blue,2033728973255983592,,Chad407,en,,0,0,0,https://x.com/undefined/status/2033728973255983592,1137766664857145345,
2033649952812109885,Tue Mar 17 02:15:45 +0000 2026,1,@qualitylearnc @grok add blue eyes to her and then also a crown which makes everyone tell her she's a princess.shes a beauty https://t.co/8DqGSkcRS1,2033728968592134263,https://pbs.twimg.com/media/HDlBt_obEAEM6PG.jpg,qualitylearnc,en,,0,1,0,https://x.com/undefined/status/2033728968592134263,1721101333074472960,
2033728966700269699,Tue Mar 17 02:15:45 +0000 2026,0,Kathryn Bigelow s Blue Steel starring Jamie Lee Curtis opened in theaters 36 years ago March 16 1990 https://t.co/Gt7igxJJ6L,2033728966700269699,https://pbs.twimg.com/amplify_video_thumb/2033728927999660032/img/mFwvyJbUjyKZyWHi.jpg,,en,,0,0,0,https://x.com/undefined/status/2033728966700269699,160280919,
2033701073873965466,Tue Mar 17 02:15:44 +0000 2026,0,@wtvxu_ blue yesss!! do you know they call me red but i don t really like the color that much,2033728965643207006,,wtvxu_,en,,0,1,0,https://x.com/undefined/status/2033728965643207006,1967326194162077697,
2033728965270257970,Tue Mar 17 02:15:44 +0000 2026,0,Sometimes i look at langdon and get scared because of his blue eyes,2033728965270257970,,,en,,0,0,0,https://x.com/undefined/status/2033728965270257970,1863959552301178881,
2033728958215164322,Tue Mar 17 02:15:43 +0000 2026,0,Is the sky blue on a good day?,2033728958215164322,,,en,,0,0,0,https://x.com/undefined/status/2033728958215164322,1348922638912147456,
2033648919918309689,Tue Mar 17 02:15:39 +0000 2026,0,@junior_gamer24 Me with the blue archive watch https://t.co/xFXBrglIGq,2033728943971557736,https://pbs.twimg.com/media/HDlBsjzbkAAjFXm.jpg,junior_gamer24,en,,0,0,0,https://x.com/undefined/status/2033728943971557736,2576216074,
2033575019071025653,Tue Mar 17 02:15:35 +0000 2026,0,@MikeJamiesonYYC Cut city hall wages Scrap the ridiculous Blue Bins Garbage is Garbage and I never use them Plus anything to do with the #ClimateScam That should be a 15% savings right there https://t.co/eO0pVoCz6z,2033728927919915274,,MikeJamiesonYYC,en,,0,0,0,https://x.com/undefined/status/2033728927919915274,1565448348681011200,
2033709187297894811,Tue Mar 17 02:15:35 +0000 2026,0,@AgustinMuzzu Labura gratis el boludo este jaja Ojalá se vaya pero que le den la guita que le tienen que dar. A ver a quien carajos traen bancando sueldo a dólar blue a crespo? Tienen que vender el estadio para pagarle,2033728927198286315,,AgustinMuzzu,es,,0,0,0,https://x.com/undefined/status/2033728927198286315,1503546548654858245,
2033597280159232127,Tue Mar 17 02:15:34 +0000 2026,0,@dbrand @Helghast But Trump being in the files does not mean dbrand is red or blue. Not that it matters. I but for the product.,2033728920629981680,,dbrand,en,,0,0,0,https://x.com/undefined/status/2033728920629981680,2941370453,
2033728916406342027,Tue Mar 17 02:15:33 +0000 2026,1,Proving once again any and all anti-Christian sentiment especially from atheists reduces to just wanting to be an omnigoon. Pleasure max pig out on sweetsie treatsies and pulling their peckers until they re blue https://t.co/kdYCeUZ2ay,2033728916406342027,https://pbs.twimg.com/media/HDlBqxzXwAArcTA.jpg,,en,,0,0,0,https://x.com/undefined/status/2033728916406342027,1804846045882691584,
2033687424661168553,Tue Mar 17 02:15:32 +0000 2026,1,@RL9631 Very interesting - I have Viking heritage and Irish but my are Blue.,2033728913529250201,,RL9631,en,,0,0,0,https://x.com/undefined/status/2033728913529250201,1248724333834444801,
2033212880212914518,Tue Mar 17 02:15:32 +0000 2026,0,@Titans I guess your petty owner forgot how much the good folks of TN actually hated the Oiler name as well as the H town blue.,2033728911712915865,,Titans,en,,0,0,0,https://x.com/undefined/status/2033728911712915865,1473811496203345920,
2033714956743389633,Tue Mar 17 02:15:31 +0000 2026,0,@livedpast definitely am is it working or should I continue? you know that nice blue set with the flowers on it see through? I m sure you remember.,2033728910962381120,,livedpast,en,,0,1,0,https://x.com/undefined/status/2033728910962381120,3035367091,
2033649506634309841,Tue Mar 17 02:15:30 +0000 2026,0,@FDSportsbook @FanDuel Go blue,2033728906579030305,,FDSportsbook,en,,0,0,0,https://x.com/undefined/status/2033728906579030305,1750538473428148224,
2033696398621765924,Tue Mar 17 02:15:30 +0000 2026,0,@KeruboSk Blue collar I shower at night/evening. White collar I shower in the morning. I feel this is self explanatory and will not elaborate.,2033728905434304934,,KeruboSk,en,,0,0,0,https://x.com/undefined/status/2033728905434304934,1819831583827693568,
2033725531451961659,Tue Mar 17 02:15:25 +0000 2026,6,@AnthonyGSupreme One of those accts told me they sell native art. Claimed she was Comanche (which is rare af they only got 17 000 members). talking about black ppl being colonizers and defending Mexicans. Smth no native would say every native tribe is heavily democrat they vote blue 90%,2033728885293257088,,AnthonyGSupreme,en,,0,1,1,https://x.com/undefined/status/2033728885293257088,1697362866108858369,
2032830889684775069,Tue Mar 17 02:15:25 +0000 2026,0,@CarrieKMajpp @WorkElizab Age is nothing. She looks fabulous. I just happen to like the blue.,2033728883858829619,,CarrieKMajpp,en,,0,0,0,https://x.com/undefined/status/2033728883858829619,1519555725084995585,
2033598358091120781,Tue Mar 17 02:15:21 +0000 2026,0,@Wargamingdad21 Yeah thats the point with that blue check the more people who interact with him the more cash he makes Twitters entire structure revolves around monetizing hate and discourse,2033728866372501901,,Wargamingdad21,en,,0,0,0,https://x.com/undefined/status/2033728866372501901,1449416826153209864,
2033708929398845886,Tue Mar 17 02:14:53 +0000 2026,0,@nickshirleyy Time for any immigrant involved in fraud to be sent back to their homeland! Apparently they favor blue states that allow this to go on!,2033728748739236280,,nickshirleyy,en,,0,0,0,https://x.com/undefined/status/2033728748739236280,1823125174713257985,
2033653352739868957,Tue Mar 17 02:14:53 +0000 2026,2,@Ride4Truth I wasn't fortunate enough to properly call them a friend but I looked to them as a big brother of sorts and considered him one of the smartest people I knew a blue collar Renaissance man. It's some kind of crazy grief to watch people take childish refuge in comforting lies.,2033728748294414411,,Ride4Truth,en,,0,0,0,https://x.com/undefined/status/2033728748294414411,299263052,
2033728747904385430,Tue Mar 17 02:14:53 +0000 2026,0,Every corrupt bitch that entered the governorship AFTER ME did so to try and stop me. Because the corrupt assholes in florida can't have someone whose life they fucking destroyed become Governor. Thats why DeSantis pushed for @JayCollinsFL to run. But it blue up in his face!,2033728747904385430,,,en,,1,0,1,https://x.com/undefined/status/2033728747904385430,768304403128340481,
2033387995701633142,Tue Mar 17 02:14:52 +0000 2026,0,@spacex_x07 @WatcherGuru Where s ur blue verified mark ,2033728745454838140,,spacex_x07,en,,0,0,0,https://x.com/undefined/status/2033728745454838140,1527111641372012552,
2033637155290157472,Tue Mar 17 02:14:49 +0000 2026,1,@roylucier Wow! I just saw them and had memories I had Blue Panther El Santo La Parka y Octagon and the Ricolino ones I had Carmelo Reyes Fuerza Guerrera Máscara Sagrada Psicosis and Cien Caras,2033728735006912959,,roylucier,es,,0,0,0,https://x.com/undefined/status/2033728735006912959,79878203,
2033728731337134414,Tue Mar 17 02:14:49 +0000 2026,0,Blockchain Connecting Real Businesses Futuristic blockchain network connecting real-world businesses like shops factories and services with glowing transaction lines fintech ecosystem neon blue technology style. The future of blockchain #InterLink #ITLG #ITL https://t.co/WzFgrqmcTN,2033728731337134414,https://pbs.twimg.com/media/HDlBgO5bEAEW1Qz.png,,en,,0,0,0,https://x.com/undefined/status/2033728731337134414,1989715692816666629,
2033728727654535251,Tue Mar 17 02:14:48 +0000 2026,0,selain blue oligarki ada juga ivory antek asing kak,2033728727654535251,,,in,,0,0,0,https://x.com/undefined/status/2033728727654535251,3261392419,
2033583654786535856,Tue Mar 17 02:14:47 +0000 2026,0,@MarindaVannoy1 LET ME FIX IT: normal people that want no crap from RED or BLUE,2033728725343146364,,MarindaVannoy1,en,,0,0,0,https://x.com/undefined/status/2033728725343146364,1873550440962437120,
2033432928429244534,Tue Mar 17 02:14:45 +0000 2026,0,@Amelia558rs The dark blue in the middle for sure!!!!!,2033728715620761843,,Amelia558rs,en,,0,0,0,https://x.com/undefined/status/2033728715620761843,1519135408885571584,
2033728714375123241,Tue Mar 17 02:14:45 +0000 2026,4,Whew ‍ it's so tuff https://t.co/1TkHIYjCxo,2033728714375123241,https://pbs.twimg.com/media/HDlBTSgW4AAyf1m.jpg,,en,,0,0,2,https://x.com/undefined/status/2033728714375123241,1992733650807607296,
2033728703512121589,Tue Mar 17 02:14:42 +0000 2026,0,These AVS throwback Quebec sweaters are trash. Let it go. Ugly blue ugly logo. @Avalanche,2033728703512121589,,,en,,0,0,0,https://x.com/undefined/status/2033728703512121589,1823155170395750400,
2033706419434946638,Tue Mar 17 02:14:38 +0000 2026,1,@8ntmuch https://t.co/CUk8ikBDVP,2033728688609730901,https://pbs.twimg.com/media/HDlA-ulaMAEs3fE.jpg,8ntmuch,qme,,0,1,0,https://x.com/undefined/status/2033728688609730901,1618735484846637056,
2033621678815601132,Tue Mar 17 02:14:31 +0000 2026,1,@CaptAmazo My blood when the non-blue collar non military worker has anything to say about labor : https://t.co/VsoHEW6OXC,2033728656665628784,https://pbs.twimg.com/media/HDlBb4DW0AEEBTI.jpg,CaptAmazo,en,,0,2,0,https://x.com/undefined/status/2033728656665628784,2026720077752709120,
2033718733014016129,Tue Mar 17 02:14:30 +0000 2026,0,@WomanWhoSaysNo I have blue/green/grey eyes depending on lighting what I'm wearing and mood.,2033728652391985415,,WomanWhoSaysNo,en,,0,1,0,https://x.com/undefined/status/2033728652391985415,1049283427789234179,
2033714942356967720,Tue Mar 17 02:14:25 +0000 2026,0,@Akinmoyede4872 @rawsalerts The golden tick (gold checkmark) on X means the account is a verified organization or business via their Premium Business subscription. It shows they're official (like news outlets or brands) often with a square profile pic. Blue checks are for regular Premium users.,2033728631919276176,,Akinmoyede4872,en,,0,0,0,https://x.com/undefined/status/2033728631919276176,1720665183188922368,
2033173452127920222,Tue Mar 17 02:14:23 +0000 2026,0,@RepDWStweets Quit your lies about President Trump and GOP leaders regarding groceries gas and utilities.Things are much better now except for the tax happy Democrat managed blue states. We had four destructive years of the Biden administration to fix with no help from Democrats!,2033728624172413367,,RepDWStweets,en,,0,0,0,https://x.com/undefined/status/2033728624172413367,1498955558430429185,
2033727222800941187,Tue Mar 17 02:14:20 +0000 2026,3,@GroyperGreg Blue or nothing.,2033728609916227769,,GroyperGreg,en,,0,1,0,https://x.com/undefined/status/2033728609916227769,1997514186541428736,
2033728597056491756,Tue Mar 17 02:14:17 +0000 2026,2,Math is BLUE English is GREEN History is YELLOW Science is RED You are wrong and if you disagree skill issue https://t.co/OhFsgV7H1v,2033728597056491756,https://pbs.twimg.com/media/HDlBGTuaEAAAIop.jpg,,en,,0,0,0,https://x.com/undefined/status/2033728597056491756,1957521572513869826,
2033728268143116307,Tue Mar 17 02:14:13 +0000 2026,1,@RealKrabulator I want the blue one behind you,2033728581457617390,,RealKrabulator,en,,0,1,0,https://x.com/undefined/status/2033728581457617390,2001749788031655936,
2033728576558948589,Tue Mar 17 02:14:12 +0000 2026,73,Good morning dear friends Have a nice day https://t.co/IcAWG2iMAm,2033728576558948589,https://pbs.twimg.com/media/HDlBXOjbUAAoDAM.jpg,,en,,0,50,15,https://x.com/undefined/status/2033728576558948589,1014627115734532096,
2033716871908794706,Tue Mar 17 02:14:10 +0000 2026,1,@Ponchonis Repping the orange and blue,2033728570506334671,,Ponchonis,en,,0,0,0,https://x.com/undefined/status/2033728570506334671,1781137601551863808,
2033727787815833986,Tue Mar 17 02:14:09 +0000 2026,1,@KungFuMan316 when he does blue steel https://t.co/YUWg8JrAyW,2033728565045325929,https://pbs.twimg.com/media/HDlBVTsWEAAIR6k.png,KungFuMan316,en,,0,0,0,https://x.com/undefined/status/2033728565045325929,1757114865674596352,
2033728557445509139,Tue Mar 17 02:14:07 +0000 2026,0,jkt's clear blue sky reminds me of Jogja so much and it makes me sad :(,2033728557445509139,,,en,,0,0,0,https://x.com/undefined/status/2033728557445509139,811865541111529472,
2028636399780626515,Tue Mar 17 02:14:05 +0000 2026,0,Drat well Blue Mike it is Thank you for the mystifying statements https://t.co/aturTR2jUr,2033728547253313692,https://pbs.twimg.com/media/HDlBLcTbsAAUub-.png,Vampinvogue,en,,0,0,0,https://x.com/undefined/status/2033728547253313692,1819310884692676609,
2033728544262553709,Tue Mar 17 02:14:04 +0000 2026,3,Thank you all for joining for more stories 3! The queen of hatred is happy being blue!,2033728544262553709,,,en,,0,0,0,https://x.com/undefined/status/2033728544262553709,1609717003765293056,
2033728542547316833,Tue Mar 17 02:14:04 +0000 2026,0,【Pre-order】Dragon Stone Studio 1/5 Scale Sorasaki Hina Bust Resin Statue - Blue Archive - Cool GK Club https://t.co/vHOhShYgMI,2033728542547316833,https://pbs.twimg.com/media/HDlBOJubEAERIhS.jpg,,en,,0,0,0,https://x.com/undefined/status/2033728542547316833,2004917005275873280,
2033690310937661679,Tue Mar 17 02:14:02 +0000 2026,3,@bennyjohnson What would a patriot do? What would the founding fathers do? For all the differences we might have wouldn t the founding fathers want to bring us together? And I am not talking about those blue haired freaks I am talking about the moderate Americans on left and right.,2033728537962680785,,bennyjohnson,en,,0,0,1,https://x.com/undefined/status/2033728537962680785,1268690350496813056,
2033432928429244534,Tue Mar 17 02:13:59 +0000 2026,0,@Amelia558rs Navy blue,2033728523265864106,,Amelia558rs,en,,0,0,0,https://x.com/undefined/status/2033728523265864106,1923895679510036480,
2032765335791640861,Tue Mar 17 02:13:58 +0000 2026,0,@halit_esendir2 @mehmetsan2000 Eşine şiddet uyguladığı doğru mu? Eşinin uzaklaştırma aldırdığı doğru mu?!? Eşinin ondan ayrıldığı doğru mu?!? Neden Amerika dan ayrılmak durumunda kaldı? Blue Moon adlı kişi onun kaçtığını söylemişti şimdi onu odaya almışlar tam tersini söyletiyorlar. Komik,2033728519604207764,,halit_esendir2,tr,,0,0,0,https://x.com/undefined/status/2033728519604207764,819906833490046977,
2033358432518983997,Tue Mar 17 02:13:56 +0000 2026,1,@firstdeadpilled @JLeebeby @AntonioTweets2 @grok Yeah @grok WTF? Do you hate me? Why are you ignoring me? Why do I even pay for this blue checkmark if you don't answer at my beck and call?,2033728510699716767,,firstdeadpilled,en,,0,0,0,https://x.com/undefined/status/2033728510699716767,1012050462747447296,
2033708496680587751,Tue Mar 17 02:13:50 +0000 2026,0,@davidaldridgedc @bign00dles @WizardsMuse1 You didn t respond to the blue check mark that called you out though ?,2033728487761010897,,davidaldridgedc,en,,0,2,0,https://x.com/undefined/status/2033728487761010897,1417169306752888837,
2033728487727517908,Tue Mar 17 02:13:50 +0000 2026,14, He ll be a champ Blue said punching Noah s arm lightly. I ll be a champ repeated Noah. https://t.co/9xA1Q7H4eo,2033728487727517908,https://pbs.twimg.com/tweet_video_thumb/HDlBRcZXAAEaERw.jpg,,en,,0,0,0,https://x.com/undefined/status/2033728487727517908,1315588832,
2033724734634852356,Tue Mar 17 02:13:47 +0000 2026,1,@TheLaurenChen I cant tell the difference between sabrina carpenter bonnie blue or lily phillips.,2033728474733810122,,TheLaurenChen,en,,0,0,0,https://x.com/undefined/status/2033728474733810122,495615833,
2033728029457776649,Tue Mar 17 02:13:47 +0000 2026,1,He also tried to contact me on Blue Sky dude I hardly know you. https://t.co/JHpMhBhDN6,2033728473773072681,https://pbs.twimg.com/media/HDlBE0tWsAAZxMZ.png,Metallix128,en,,0,0,0,https://x.com/undefined/status/2033728473773072681,1891522032934027264,
2033728471021543824,Tue Mar 17 02:13:46 +0000 2026,9,电报找群 电报收不到验证码 为什么电报卸载换手机登录不上 小火箭下载 飞机会员 推特blue认证 https://t.co/Qsk4J9U56j,2033728471021543824,https://pbs.twimg.com/ext_tw_video_thumb/2033728333700284416/pu/img/EsUGicxHzgRJwBwB.jpg,,zh,,0,9,9,https://x.com/undefined/status/2033728471021543824,2020354611140546560,
2033728463446684093,Tue Mar 17 02:13:45 +0000 2026,0,Steel is an alloy of iron consisting primarily of iron and carbon . The Blue steel is iron is Israel...clay is Christian The Blue steel and the clay even tho they mix won't cleave (glue/ stick) to one another. https://t.co/hX1gT0JcfW,2033728463446684093,https://pbs.twimg.com/media/HDk_aBBXIAEG2fK.jpg,,en,,0,1,0,https://x.com/undefined/status/2033728463446684093,48763781,
2033601313830015140,Tue Mar 17 02:13:42 +0000 2026,1,@News2ATeam @Snakeeater36 I don't think 50k would have made a difference here. If they get the redistricting initiative past VA will be deep blue for decades. They aren't even slightly concerned about winning the next election at this point. Politicians only care what citizens think when they have to,2033728453715918889,,News2ATeam,en,,0,0,0,https://x.com/undefined/status/2033728453715918889,2202066547,
2033728452197790122,Tue Mar 17 02:13:42 +0000 2026,5,Growing Pain Baby blue 그담에 Glass half empty 이것두 곡 제목인가바 https://t.co/URbxQffrlh,2033728452197790122,https://pbs.twimg.com/media/HDlBOtGagAAOfju.jpg,,ko,,1,0,1,https://x.com/undefined/status/2033728452197790122,1520470781905743872,
2033728451975274692,Tue Mar 17 02:13:42 +0000 2026,0,Omo blue ticket no mean sense ooo 600 million because of what Because na him be Inec chairman,2033728451975274692,,,en,,0,0,0,https://x.com/undefined/status/2033728451975274692,1190379343232589825,
2033728449739710846,Tue Mar 17 02:13:41 +0000 2026,2,Bro depi w gen Check Blue ou kapab modifye pòs ou. Initil de korije erè a nan kòmantè ,2033728449739710846,,,ht,,0,2,0,https://x.com/undefined/status/2033728449739710846,1547719818735861760,
2033604213742440698,Tue Mar 17 02:13:41 +0000 2026,1,@FDSportsbook @FanDuel Blue Devils!,2033728449030791648,,FDSportsbook,en,,0,0,0,https://x.com/undefined/status/2033728449030791648,836359391142166531,
2033728441384657304,Tue Mar 17 02:13:39 +0000 2026,0,All these blue checks copy and paste each other for engagement. I've seen like 5 different accounts post the same question.,2033728441384657304,,,en,,0,0,0,https://x.com/undefined/status/2033728441384657304,884029099,
2033708929398845886,Tue Mar 17 02:13:35 +0000 2026,0,@nickshirleyy All blue states all non-white mostly Somalian fraudsters.,2033728423626215594,,nickshirleyy,en,,0,0,0,https://x.com/undefined/status/2033728423626215594,1777832021869424640,
2033697579033145756,Tue Mar 17 02:13:34 +0000 2026,0,@coolsince2oo4 @larrykingundead Blue Beetle,2033728416701178102,,coolsince2oo4,en,,0,1,0,https://x.com/undefined/status/2033728416701178102,1491355842,
2033728416302907779,Tue Mar 17 02:13:33 +0000 2026,0,Former Biden adviser concedes blue cities have become dystopian hellholes #USNavy https://t.co/UTgVlhSCno,2033728416302907779,,,en,,0,0,0,https://x.com/undefined/status/2033728416302907779,710441197492248576,
2033728395281043638,Tue Mar 17 02:13:28 +0000 2026,0,blue diary is kinda giving sutopuri song but idk which one,2033728395281043638,,,en,,0,0,0,https://x.com/undefined/status/2033728395281043638,1469134241661263878,
2033558798254965148,Tue Mar 17 02:13:24 +0000 2026,1,@WyoWagyu Get out of Blue States.,2033728375802761516,,WyoWagyu,en,,0,0,0,https://x.com/undefined/status/2033728375802761516,1596372733700591618,
2033603835793707405,Tue Mar 17 02:13:23 +0000 2026,0,@Pranj_Sometimes And then get beaten black and blue by language warriors ... Bglr is a fancy shit hole with sub Sahara infra and prices of new york city,2033728372598362115,,Pranj_Sometimes,en,,0,0,0,https://x.com/undefined/status/2033728372598362115,1733501,
2033470414031081820,Tue Mar 17 02:13:21 +0000 2026,0,@Rovers O'Neill's Blue&amp; White Army ,2033728364280717671,,Rovers,en,,0,0,0,https://x.com/undefined/status/2033728364280717671,1436694198653276162,
2033695645786067233,Tue Mar 17 02:13:19 +0000 2026,1,@yogarant @Max_a_secas la gente que comenta parece que no sabe que los que venden ahi son importadores que importan con el dolar oficial y te lo venden al dolar blue mas el 100% de margen solo aquí y en brasil podria sobrevivir un modelo asi galquerin es un hijo sano del zurdaje del siglo 21 de latam,2033728356152123829,,yogarant,es,,0,2,1,https://x.com/undefined/status/2033728356152123829,4880072597,
2033728341229113453,Tue Mar 17 02:13:16 +0000 2026,11,本日Blue Horse！！！,2033728341229113453,,,ja,,0,0,0,https://x.com/undefined/status/2033728341229113453,969573831567273984,
2032313500077605190,Tue Mar 17 02:13:10 +0000 2026,1,@TerrySmith40269 @StolenJoker84 @WHLeavitt Multiplying? Let me make it clear. There are 8 billion people on this green and blue marble and of that 158 million have not one parent. So us homosexuals fill in that void. And about atheism? Let me make this clear. I don't believe in ANY god just that everyone is equal.,2033728316843438311,,TerrySmith40269,en,,0,1,1,https://x.com/undefined/status/2033728316843438311,1961308661109968896,
2033728314981158944,Tue Mar 17 02:13:09 +0000 2026,0,Post concerts blue มากตอนนี้ ,2033728314981158944,,,eu,,0,0,0,https://x.com/undefined/status/2033728314981158944,144528144,
2033728301727158358,Tue Mar 17 02:13:06 +0000 2026,0,@UnitFlowFinance UnitFlow Finance Minter Ranks Update! From Egg (234k) to crowned Salmon (2 934) and pushing toward that epic 0-rank Blue Whale. Daily minters are flowing strong. Who's climbing the levels next? @arc,2033728301727158358,,UnitFlowFinance,en,,0,0,0,https://x.com/undefined/status/2033728301727158358,1453857415582011397,
2033728290729656460,Tue Mar 17 02:13:04 +0000 2026,0,stg i already know some mf out there boutta ask the tall man in the blue door to do something devious,2033728290729656460,,,en,,0,0,0,https://x.com/undefined/status/2033728290729656460,1843473009782480896,
2033728288598962480,Tue Mar 17 02:13:03 +0000 2026,2,Didn t know Thailand actually have a real blue lotus farm,2033728288598962480,,,en,,0,1,0,https://x.com/undefined/status/2033728288598962480,1591375122317082624,
2033718678211153932,Tue Mar 17 02:13:01 +0000 2026,0,@quailrina Wow blue,2033728279572795474,,quailrina,en,,0,1,0,https://x.com/undefined/status/2033728279572795474,1304873127990632448,
2033728274795249868,Tue Mar 17 02:13:00 +0000 2026,1,コーエーテクモ、『BLUE REFLECTION』シリーズ4作品の振り返り生放送を3月27日に配信！シリーズ総監修の岸田メルら出演 https://t.co/6Vj66oRAw1 #ブルリフ,2033728274795249868,,,ja,,0,0,1,https://x.com/undefined/status/2033728274795249868,127920793,
2033573213414863131,Tue Mar 17 02:13:00 +0000 2026,0,@39c87689953d495 @malcolmkenyatta No pa is blue cry some more,2033728273910272230,,39c87689953d495,en,,0,0,0,https://x.com/undefined/status/2033728273910272230,796921997016109056,
2033728267333865847,Tue Mar 17 02:12:58 +0000 2026,0,智樹くんのインライ最高で頭の中ともちでいっぱい でも結局歌って踊る西山智樹くんがすき #西山智樹 #TAGRIGHT FOREVER BLUE - #TAGRIGHT https://t.co/bBoExIxwvu @YouTubeより,2033728267333865847,,,ja,,0,0,0,https://x.com/undefined/status/2033728267333865847,1936256027885993984,
2033712333847990528,Tue Mar 17 02:12:34 +0000 2026,0,@Codizl4shizl @SteinsStuds Blue blood,2033728167093879068,,Codizl4shizl,en,,0,0,0,https://x.com/undefined/status/2033728167093879068,1968423836128256000,
2033570233865109935,Tue Mar 17 02:12:34 +0000 2026,1,@nekrocity114921 @FeralExile @Raw_Combat_ That's absolutely not true. Only in shithole blue states. In most states the law only requires the reasonable BELIEF of an imminent attack or danger to justify lethal force in self defense,2033728165634302000,,nekrocity114921,en,,0,1,0,https://x.com/undefined/status/2033728165634302000,1580548829757276161,
2033704978737438879,Tue Mar 17 02:12:31 +0000 2026,0,@dom_lucre Well he can't run again... God forbid Michelle announces but Obama could run for Governor in a blue state.,2033728156297728310,,dom_lucre,en,,0,0,0,https://x.com/undefined/status/2033728156297728310,1891535033011486720,
2033698785529082144,Tue Mar 17 02:12:30 +0000 2026,0,@allgarbled That and the stupid over-rounding edges extreme spacing and SO MUCH DARK BLUE... DEAR GOD TAKE ME BACK TO 2005 and shoot me in the face with all this shit design.,2033728151113625762,,allgarbled,en,,0,0,0,https://x.com/undefined/status/2033728151113625762,2175676109,
2033728148831900133,Tue Mar 17 02:12:30 +0000 2026,0,imaa just get the blue one or silver,2033728148831900133,,,en,,0,0,0,https://x.com/undefined/status/2033728148831900133,1914850038485839872,
2033595609639489764,Tue Mar 17 02:12:29 +0000 2026,0,@grok Only blue tick vaalla ke na help,2033728144772124874,,grok,en,,0,1,0,https://x.com/undefined/status/2033728144772124874,2954910812,
2033728141252772212,Tue Mar 17 02:12:28 +0000 2026,0,Horrified former Biden adviser concedes blue cities have become dystopian hellholes after feral 'teen takeover' of upscale DC neighborhood | Daily Mail Online https://t.co/UE15wMexQ3,2033728141252772212,,,en,,0,0,0,https://x.com/undefined/status/2033728141252772212,1402735721627127816,
2032567771477746064,Tue Mar 17 02:12:27 +0000 2026,0,@StructureLogic @MaryK2022 Oh dear ..the ignorance in the face of reality from a paid for blue tick account is for paid blue tick muppets accounts on unfathomally spectacular again. Deluded or in denial reality says the US will be broke and powerless and Israel likely buried in the bin of history.,2033728138371600677,,StructureLogic,en,,0,0,0,https://x.com/undefined/status/2033728138371600677,1293875380860878849,
2033653025114304916,Tue Mar 17 02:12:19 +0000 2026,0,@Pansalt_ Wtf ????? Not than blue for sure,2033728102225088716,,Pansalt_,en,,0,0,0,https://x.com/undefined/status/2033728102225088716,1624804816122941440,
2033728091630026772,Tue Mar 17 02:12:16 +0000 2026,0,Art of the Day! Ugly Fat Face Blue On White . Buy at: https://t.co/rAMVqtuIko https://t.co/VjmzbB5kvd,2033728091630026772,https://pbs.twimg.com/media/HDlA7EpbEAMvoIX.jpg,,en,,0,0,0,https://x.com/undefined/status/2033728091630026772,1445044699354386438,
2033726826091086192,Tue Mar 17 02:12:14 +0000 2026,0,@ibadat83822 Only for the blue tick accounts,2033728082167898454,,ibadat83822,en,,0,0,0,https://x.com/undefined/status/2033728082167898454,2017686243824570368,
2033728077449122000,Tue Mar 17 02:12:13 +0000 2026,0,Art of the Day! Blue Loster and his herd . Buy at: https://t.co/Cp4wk9rX2J https://t.co/aPS3QOxZYM,2033728077449122000,https://pbs.twimg.com/media/HDlA6LkWIAAAXpN.jpg,,en,,0,0,0,https://x.com/undefined/status/2033728077449122000,1647551492449087490,
2033728070067110107,Tue Mar 17 02:12:11 +0000 2026,0,Kairi Sane in that all blue! #WWERAW https://t.co/DWBy7bZyq8,2033728070067110107,https://pbs.twimg.com/media/HDlA00QWkAI-RCg.jpg,,en,,0,0,0,https://x.com/undefined/status/2033728070067110107,217180880,
2033615864918950398,Tue Mar 17 02:12:09 +0000 2026,0,@kiyomimilan Storm blue marvel and spawn spawn carries btw,2033728060609204671,,kiyomimilan,en,,0,0,0,https://x.com/undefined/status/2033728060609204671,1679353478681075714,
2033697327349997571,Tue Mar 17 02:12:08 +0000 2026,2,@catturd2 Another dirt nap brought to you by the Red White and Blue. 🇺🇸🇺🇸🇺🇸 RIP Toby Keith. ,2033728056058097733,,catturd2,en,,0,0,0,https://x.com/undefined/status/2033728056058097733,1268731109476532225,
2033605185101304272,Tue Mar 17 02:12:05 +0000 2026,2,@KarlDHarrison @SumzyOnPolitics @angeloisidorou @HarmanBhanguBC @AaronGunn Klf is the only true blue conservative Pierres and Aaron's endorsements,2033728047380369886,,KarlDHarrison,en,,0,1,0,https://x.com/undefined/status/2033728047380369886,287798194,
2033728025951670326,Tue Mar 17 02:12:00 +0000 2026,7,If you see this do it nickname: Samsie or Wami prns: he/they height: 170 sexuality: Straight smokes: no piercings: no tattoos: no fav color: blue/purple fav drink: Coffee fav food: Pho fav animal: house cats,2033728025951670326,,,en,,1,0,0,https://x.com/undefined/status/2033728025951670326,1529313309631336448,
2033727237678108803,Tue Mar 17 02:11:57 +0000 2026,2,@REMKanashibari Happy 100K Boss! So incredibly proud of you! Watching your content for the last 18 months (i think?) has been such a fucking blast. You truly deserve each and every one of your subs and achievements! I m so happy to call you my blue oshi! Here s to 200K and more memories! ,2033728012919636046,,REMKanashibari,en,,0,0,0,https://x.com/undefined/status/2033728012919636046,1853557472088530944,
2033727253486748067,Tue Mar 17 02:11:56 +0000 2026,0,@Sirbeaterofarse Karlsson sucks. How often does he kill plays not keeping pucks in at the blue line by being lazy,2033728007479685369,,Sirbeaterofarse,en,,0,1,0,https://x.com/undefined/status/2033728007479685369,210966453,
2033728005701288346,Tue Mar 17 02:11:56 +0000 2026,11,Happy Birthday Maestro Flanagan. (Not pictured: rare four-tune bootleg tape from the Blue Bird Inn on Detroit's west side April 1950 with Tommy on piano Frank Foster on tenor sax either Alvin Jackson or Beans Richardson on bass and Art Mardigan on drums.) #JazzFromDetroit https://t.co/OsDEtcHmOp,2033728005701288346,https://pbs.twimg.com/media/HDlA1v2XgAEeDBR.jpg,,en,,0,0,2,https://x.com/undefined/status/2033728005701288346,344257065,
2033432928429244534,Tue Mar 17 02:11:31 +0000 2026,0,@Amelia558rs The blue one. Its the prettiest and looks like it will flow better,2033727901158318552,,Amelia558rs,en,,0,0,0,https://x.com/undefined/status/2033727901158318552,1577067387534417936,
2033636548462473354,Tue Mar 17 02:11:30 +0000 2026,0,@DouglasBFakeMD @Reuters False https://t.co/u9zw4w1xe0,2033727899791200317,,DouglasBFakeMD,en,,0,0,0,https://x.com/undefined/status/2033727899791200317,539274741,
2033533803512099128,Tue Mar 17 02:11:28 +0000 2026,1,@KerrickHobbys I like the blue Sister of Battle! 40k would be improved if they added more focus on SoB variants from different planets.,2033727891481993603,,KerrickHobbys,en,,0,1,0,https://x.com/undefined/status/2033727891481993603,3028157579,
2033428080858222625,Tue Mar 17 02:11:28 +0000 2026,0,@kennywxse Pake blue print ka,2033727889699664375,,kennywxse,en,,0,0,0,https://x.com/undefined/status/2033727889699664375,1876195319131897856,
2033432928429244534,Tue Mar 17 02:11:23 +0000 2026,0,@Amelia558rs I love the blue dress,2033727868904378515,,Amelia558rs,en,,0,0,0,https://x.com/undefined/status/2033727868904378515,275250633,
2033623791931134431,Tue Mar 17 02:11:23 +0000 2026,1,@KayaMichiyu @MrEmilyGDawn @Flaffenbam slurs and spam. With their behaviour that monetary gain from being a blue tick wankster is about to go bye bye.,2033727867725746622,,KayaMichiyu,en,,0,0,0,https://x.com/undefined/status/2033727867725746622,3011624299,
2033545348648472970,Tue Mar 17 02:11:20 +0000 2026,1,@joeynshadow @screentime He started making bad decisions in the blue and black suit and you'll see with Dinosauras. He goes back to yellow and blue as a reminder of his principle,2033727857130606896,,joeynshadow,en,,0,0,0,https://x.com/undefined/status/2033727857130606896,1588943619058274304,
2033727853104423342,Tue Mar 17 02:11:19 +0000 2026,0,The harbor shimmers at dawn a mirror for the awakening blue sky.,2033727853104423342,,,en,,0,0,0,https://x.com/undefined/status/2033727853104423342,2860770129,
2033727836603985984,Tue Mar 17 02:11:15 +0000 2026,0,Calm. Focus. Flow. PEYPLAY Blue Atmosphere Light the color of clarity and infinite calm. Like standing before the ocean or gazing into a clear night sky this light brings a sense of expansive peace to any space. https://t.co/81tiKLkcp9,2033727836603985984,https://pbs.twimg.com/amplify_video_thumb/2033727736322396163/img/gdoSpv_3oHKwsPlV.jpg,,en,,0,0,0,https://x.com/undefined/status/2033727836603985984,1813106760531779584,
2033519048474935416,Tue Mar 17 02:11:14 +0000 2026,0,@k2pointO @PierrePoilievre Show us the blue chart...,2033727830278758483,,k2pointO,en,,0,0,0,https://x.com/undefined/status/2033727830278758483,1010319068732252161,
2033727808921604573,Tue Mar 17 02:11:09 +0000 2026,4,Ive been in all the cat runners! $Cock The March runner sitting sub 150k???!! unreal 3BwjZdnpnroSXzkFdtFxJ2BtRZ9Fm7KR39aJjRVTpump,2033727808921604573,,,en,,1,0,2,https://x.com/undefined/status/2033727808921604573,1967234776672460800,
2033727808401510702,Tue Mar 17 02:11:09 +0000 2026,1,WYM HE'S BLUE I THOUGHT HIS SKIN WAS LAVENDER????? https://t.co/GOPrMycawx,2033727808401510702,https://pbs.twimg.com/media/HDlAqjxa0AA-IA5.jpg,,en,,0,0,0,https://x.com/undefined/status/2033727808401510702,929929726495354880,
2033724872237453797,Tue Mar 17 02:11:08 +0000 2026,0,@BasedMikeLee @NICKIMINAJ Woo! Next time she s on Capitol Hill maybe you could low-key hand her a blue book with a gold seal on the front. https://t.co/E2yxKStTw7,2033727804244632046,https://pbs.twimg.com/tweet_video_thumb/HDlAqCwbEAAZw1X.jpg,BasedMikeLee,en,,0,0,0,https://x.com/undefined/status/2033727804244632046,1609209611839733761,
2033286515657240681,Tue Mar 17 02:11:06 +0000 2026,1,@katie_k8nurse @emperoreggrolls @WajahatAli You're a Premium verified user with the blue check. That grants up to 25 000 characters per post so the character limit excuse for multiple scattered replies is false. You could have answered in one cohesive post if you chose to. You opened with ask me anything that you knew,2033727798737555513,,katie_k8nurse,en,,0,0,0,https://x.com/undefined/status/2033727798737555513,1897027496639406080,
2033727793763394001,Tue Mar 17 02:11:05 +0000 2026,18,2026/3/20 HARU COMIC CITY 35 青春エゴイズム17 お品書き️ ──────── 南1ホール い14b WONDER BLUE ──────── 注意事項や頒布物の詳細、サンプルはツリーにつなげていきます宜しくお願いします https://t.co/Fe0KQmHLn0,2033727793763394001,https://pbs.twimg.com/media/HDlApd8bEAA0mKc.jpg,,ja,,0,0,5,https://x.com/undefined/status/2033727793763394001,1029962430233767936,
2033566264581644470,Tue Mar 17 02:11:05 +0000 2026,0,@deshMeinkuchbhi @justmanutd4u Hey! That's a clip from an Indian TV soap opera (English-dubbed version for international viewers like on Star Life). The actress is a regular from daily dramas sharp features blue shirt in a spice/general store scene. Mrs. Graff confirms the dubbing. Not a movie definitely,2033727793394004461,,deshMeinkuchbhi,en,,0,0,0,https://x.com/undefined/status/2033727793394004461,1720665183188922368,
2033727783981949200,Tue Mar 17 02:11:03 +0000 2026,15, BREAKING Circulating online: Some online posts claim that voting red or blue won t change the outcome noting that both parties were allegedly involved in the same agenda in 2024 according to reports shared on social media. https://t.co/Cgql2SYokZ,2033727783981949200,https://pbs.twimg.com/amplify_video_thumb/2033429574076227584/img/g-OVEzhVzfDp7z-q.jpg,,en,,0,3,3,https://x.com/undefined/status/2033727783981949200,2005365868021338112,
2033721779902915054,Tue Mar 17 02:11:02 +0000 2026,0,@libsoftiktok The fraud is deep in EVERY state not just blue it ll take years if ever to be weeded out. How much more will taxpayers take from the illegals criminals and smug politicians; never be accountable. Left right citizens in mass should stop paying taxes.,2033727782589538468,,libsoftiktok,en,,0,0,0,https://x.com/undefined/status/2033727782589538468,1827771510284578816,
2033702250561081590,Tue Mar 17 02:11:02 +0000 2026,5,@MoriBoita Yingxing's original hair colour was blue https://t.co/1dnXPBFJiI,2033727779754414133,https://pbs.twimg.com/media/HDlAkDLbEAAsJwz.png,MoriBoita,en,,0,0,0,https://x.com/undefined/status/2033727779754414133,1321431844257034244,
2033727777388552617,Tue Mar 17 02:11:01 +0000 2026,0,everyone i am working on something can we all send me my favorite blue orbs in video games please DM me or reply to this post thanks guys,2033727777388552617,,,en,,0,0,0,https://x.com/undefined/status/2033727777388552617,1777120610516131840,
2033727766898569636,Tue Mar 17 02:10:59 +0000 2026,0,@DanielBiss vote red people. Blue is poison https://t.co/OPijPhK4oJ,2033727766898569636,https://pbs.twimg.com/media/HDlAn3jWQAA2OKm.png,DanielBiss,en,,0,0,0,https://x.com/undefined/status/2033727766898569636,3137465747,
2033727429823631570,Tue Mar 17 02:10:56 +0000 2026,0,Can blue ticks do double quote tweets?,2033727754353639822,,Roger_the_Sheep,en,,0,0,0,https://x.com/undefined/status/2033727754353639822,117610183,
2033336328080023867,Tue Mar 17 02:10:54 +0000 2026,0,@BuDawood93 @BillyA424 @KatKanada_TM @InspiringPhilos The only one who disagree with the scripture here is you and the tafsirs. It's as simple as this: Quran says blue but factually its red so you people trying hard to prove that the Quran means red even when it's clearly says blue.,2033727746506166552,,BuDawood93,en,,0,0,0,https://x.com/undefined/status/2033727746506166552,1652725226202079233,
2033550856059260931,Tue Mar 17 02:10:53 +0000 2026,0,@MegalodonVT Math is Black English is Red History is Blue Science is Green And your Fucking Wrong,2033727744287117386,,MegalodonVT,en,,0,0,0,https://x.com/undefined/status/2033727744287117386,1973217041776517120,
2033614251995345064,Tue Mar 17 02:10:53 +0000 2026,0,@pmddomingos Even the colors within our range of vision are very poorly resolved. We see everything through only three bands: red green and blue. A typical spectrophotometer has about 30 bands.,2033727743473684793,,pmddomingos,en,,0,0,0,https://x.com/undefined/status/2033727743473684793,2900013295,
2033727732777967887,Tue Mar 17 02:10:50 +0000 2026,0,Carolina Hurricanes vs Columbus Blue Jackets Prediction and Pick NHL Betting Picks 3-17-2026 Place your sports wager here: https://t.co/8OvYnZpgrj #GamblingX #GamblingTwitter https://t.co/yq7tNoDUt5,2033727732777967887,,,en,,0,0,0,https://x.com/undefined/status/2033727732777967887,1247349631694114822,
2033432928429244534,Tue Mar 17 02:10:47 +0000 2026,1,@Amelia558rs The middle Blue!,2033727719603622118,,Amelia558rs,en,,0,1,0,https://x.com/undefined/status/2033727719603622118,829290164,
2033712333847990528,Tue Mar 17 02:10:46 +0000 2026,0,@SteinsStuds Sad day in Lexington to have to force feed a recruit to play for the mighty big blue ‍️,2033727713102414197,,SteinsStuds,en,,0,0,0,https://x.com/undefined/status/2033727713102414197,1472983016863678470,
2033727707385618573,Tue Mar 17 02:10:44 +0000 2026,0,Will anyone buy me blue tick?,2033727707385618573,,,en,,0,0,0,https://x.com/undefined/status/2033727707385618573,1969548389986471936,
2033727706014359977,Tue Mar 17 02:10:44 +0000 2026,1,A cold blue Powerade is the closest thing I ve had to experiencing an orgasm ,2033727706014359977,,,en,,0,0,0,https://x.com/undefined/status/2033727706014359977,231926049,
2033726493948309772,Tue Mar 17 02:10:43 +0000 2026,0,@ClaviUpdates W blue,2033727700674785697,,ClaviUpdates,en,,0,0,0,https://x.com/undefined/status/2033727700674785697,1998254541654147072,
2033579285865541884,Tue Mar 17 02:10:41 +0000 2026,0,@LionsRoyalty feel like blue would be clean for 10 ngl,2033727693196562727,,LionsRoyalty,en,,0,0,0,https://x.com/undefined/status/2033727693196562727,1960045954889101312,
2033727672644190324,Tue Mar 17 02:10:36 +0000 2026,3,i also hope blue take the clout chaser bitches ngl clav has to cut everything with clout chasers,2033727672644190324,,,en,,0,0,0,https://x.com/undefined/status/2033727672644190324,2020808019898933248,
2033724082538090717,Tue Mar 17 02:10:36 +0000 2026,1,@BlackIce244 Sky is blue grass is green. No shit a team is going to suck for a while after multiple years of contention. It's as if the cycle has been there since the beginning,2033727672250208424,,BlackIce244,en,,0,0,0,https://x.com/undefined/status/2033727672250208424,1326117813241565188,
2033536763101434017,Tue Mar 17 02:10:36 +0000 2026,0,@Wisdom_HQ im too blue collar to keep a straight face during presentation. i would get kicked out.,2033727670446633263,,Wisdom_HQ,en,,0,0,0,https://x.com/undefined/status/2033727670446633263,1719204446851170304,
2033679735218123077,Tue Mar 17 02:10:33 +0000 2026,0,@SoveyX Blue Skynet is what you should be scared off.,2033727661172801993,,SoveyX,en,,0,0,0,https://x.com/undefined/status/2033727661172801993,71117517,
2033727656701874666,Tue Mar 17 02:10:32 +0000 2026,0,You have no idea how much I've looped this song. Everyone listen to Cold Blue now ,2033727656701874666,,,en,,0,0,0,https://x.com/undefined/status/2033727656701874666,1159820460504178689,
2033678446803488989,Tue Mar 17 02:10:31 +0000 2026,0,@agflower1 The aesthetic here is spot on. That blue light works so well with your cosplay!,2033727649164730397,,agflower1,en,,0,0,0,https://x.com/undefined/status/2033727649164730397,1443522616484982792,
2033727646132297756,Tue Mar 17 02:10:30 +0000 2026,0,The blue thingy on that second pic is one of the most dangerous creatures ever,2033727646132297756,,,en,,0,0,0,https://x.com/undefined/status/2033727646132297756,1322450692674498560,
2033727644290978081,Tue Mar 17 02:10:29 +0000 2026,0,Blue Ocean TOKYO FM 2026/3/17(火) 09:00-11:00 https://t.co/F1whlHSw8s #BlueOcean #住吉美紀 #TOKYOFM,2033727644290978081,,,en,,0,0,0,https://x.com/undefined/status/2033727644290978081,987330200756150272,
2033516147790971221,Tue Mar 17 02:09:31 +0000 2026,0,@hdak5555 @HH_SSS_HH はい、主に事実です。 ・世界EV販売は2月11%減（中国32%減、北米35%減）と失速：確認済み（Benchmarkデータ）。 ・BluE Nexus（トヨタ系Aisin/Denso）は2Motor HVハイブリッドシステムを提供。THS類似で他社が即活用可能：ページ内容通り。,2033727397388865826,,hdak5555,ja,,0,0,0,https://x.com/undefined/status/2033727397388865826,1720665183188922368,
2033726493948309772,Tue Mar 17 02:09:28 +0000 2026,0,@ClaviUpdates W Blue Clav really revived that song,2033727387129815347,,ClaviUpdates,en,,0,0,0,https://x.com/undefined/status/2033727387129815347,1815361346181181441,
2033707304814567577,Tue Mar 17 02:09:28 +0000 2026,1,@Clairequixm i like all of them but if i had to pick a favorite one it would be neon color blue https://t.co/ej9kReWWZk,2033727385351209344,https://pbs.twimg.com/media/HDlAR6ZWYAAONdU.jpg,Clairequixm,en,,0,1,0,https://x.com/undefined/status/2033727385351209344,1741222335812632576,
2032837436242378970,Tue Mar 17 02:09:26 +0000 2026,0,@solo_levelingx @Aella_Girl Ong don't let them silence you blue checkmark account,2033727378170458386,,solo_levelingx,en,,0,0,0,https://x.com/undefined/status/2033727378170458386,1028936162503798784,
2033703913493246334,Tue Mar 17 02:09:22 +0000 2026,1,@KenJack4142 @GoodOldKing @realmflynnJR @RealCandaceO @megynkelly @TuckerCarlson @joerogan @TheoVon @ComicDaveSmith @andrewschulz @RealAlexJones Correct I live in Virginia it s going to be blue from now on if today s vote passes ,2033727360982278156,,KenJack4142,en,,0,0,0,https://x.com/undefined/status/2033727360982278156,1616982173742923776,
2033727358193086488,Tue Mar 17 02:09:21 +0000 2026,16,White collar job: shower before work. Blue collar job: shower after work.,2033727358193086488,,,en,,0,4,1,https://x.com/undefined/status/2033727358193086488,14044702,
2033432928429244534,Tue Mar 17 02:09:21 +0000 2026,0,@Amelia558rs Absolutely blue,2033727356381151439,,Amelia558rs,en,,0,0,0,https://x.com/undefined/status/2033727356381151439,179801412,
2033432928429244534,Tue Mar 17 02:09:21 +0000 2026,0,@Amelia558rs The blue.,2033727355726762299,,Amelia558rs,en,,0,0,0,https://x.com/undefined/status/2033727355726762299,892492754,
2033584372654202985,Tue Mar 17 02:09:19 +0000 2026,0,@ttfalor Bro didn't watch blue mountain state how can he have an opinion on anything,2033727350584615334,,ttfalor,en,,0,0,0,https://x.com/undefined/status/2033727350584615334,1462523969765101580,
2033241386279895511,Tue Mar 17 02:09:19 +0000 2026,0,@Clay4MainStreet Vote blue!,2033727348567110046,,Clay4MainStreet,en,,0,0,0,https://x.com/undefined/status/2033727348567110046,935425123,
2033725394721857820,Tue Mar 17 02:09:18 +0000 2026,0,@Aetheryttan tmj dmss a gente se conhece a pouco tempo mais eu gosto mto de tu até o Blue skykkkkk,2033727346373484599,,Aetheryttan,pt,,0,1,0,https://x.com/undefined/status/2033727346373484599,1810082833287016448,
2033727340933747056,Tue Mar 17 02:09:17 +0000 2026,0,Tirno bought it because it's blue. https://t.co/l1nl9BROrm,2033727340933747056,https://pbs.twimg.com/media/HDlAPTVaEAA_IJQ.jpg,,en,,0,0,1,https://x.com/undefined/status/2033727340933747056,2424532483,
2033696398621765924,Tue Mar 17 02:09:16 +0000 2026,0,@KeruboSk Apparently you are not a blue collar worker,2033727337054036456,,KeruboSk,en,,0,0,0,https://x.com/undefined/status/2033727337054036456,802636495798431744,
2033716430869295231,Tue Mar 17 02:09:14 +0000 2026,1,@Eddie_Stainer Keep counting blue eyes!!!. NEVER stop counting....,2033727329688510877,,Eddie_Stainer,en,,0,0,0,https://x.com/undefined/status/2033727329688510877,1597411529070153730,
2033727251284369737,Tue Mar 17 02:09:11 +0000 2026,5,blue lock https://t.co/rmdYRqCC5o,2033727314261917797,https://pbs.twimg.com/media/HDlANwsWoAAoelA.jpg,yumemamones,en,,18,1,0,https://x.com/undefined/status/2033727314261917797,1988397227346456578,
2033727312806490183,Tue Mar 17 02:09:10 +0000 2026,0,Luke Keaschall Minnesota Twins 2024 Topps Pro Debut Blue Foil #'d/150🇬 https://t.co/xNWDraPozE #thehobby #whodoyoucollect #baseballcards #MNTwins,2033727312806490183,,,en,,0,0,0,https://x.com/undefined/status/2033727312806490183,7912342,
2033727303113707796,Tue Mar 17 02:09:08 +0000 2026,0,フルはどっかにないのかな ５人の正面フルで見たすぎる 甘い歌声 WILD BLUEが 新曲『You』を初披露 『AGESTOCK2026』 https://t.co/PV5hbrtwEp @YouTubeより,2033727303113707796,,,ja,,0,0,0,https://x.com/undefined/status/2033727303113707796,2005898628347617285,
2033651995962196201,Tue Mar 17 02:09:07 +0000 2026,0,@id0ntlikeem whole time it s literally just a navy blue sweater,2033727297539170554,,id0ntlikeem,en,,0,1,0,https://x.com/undefined/status/2033727297539170554,1417334073631158296,
2033720968464761035,Tue Mar 17 02:09:06 +0000 2026,0,@MAGACult2 DJT is like 5K Benghazi's..he is Epically FUBAR and FUGAZY..his FUCKERY will go down in history as the most inept Presidency ever..DJT is an embarrassment to all Americans everywhere..Iran will facilitate a Blue Wave the likes we've never seen b4..it's a LOCK,2033727295844761650,,MAGACult2,en,,0,1,0,https://x.com/undefined/status/2033727295844761650,1808721387953213440,
2033724692092141574,Tue Mar 17 02:09:05 +0000 2026,1,@GenesisXOMNews1 @BonTheAngel Why fang out of the blue,2033727289981100098,,GenesisXOMNews1,en,,0,0,0,https://x.com/undefined/status/2033727289981100098,1849943697217003520,
2033675994721046998,Tue Mar 17 02:09:04 +0000 2026,1,@PewPewBangKaPow @BenShapiroShow My man. If your leftist neighbor s house is burning down help them put it out. If they have blue hair maybe think about it ,2033727285015019704,,PewPewBangKaPow,en,,0,0,0,https://x.com/undefined/status/2033727285015019704,1268690350496813056,
2033515578044919865,Tue Mar 17 02:09:04 +0000 2026,0,@AA_Gabriel1111 Blue the colors of the sea ..my favorite!,2033727284151017803,,AA_Gabriel1111,en,,0,0,0,https://x.com/undefined/status/2033727284151017803,1835382489948295168,
2033727273396810085,Tue Mar 17 02:09:01 +0000 2026,0,Owala FreeSip Insulated Stainless Steel Water Bottle with Straw for Sports and Travel BPA-Free 24-oz Blue/Teal (Denim). expense::: (On Amazon): Owala FreeSip Insulated Stainless Steel Water https://t.co/XQ0hAYyosk Ad.,2033727273396810085,,,en,,0,0,0,https://x.com/undefined/status/2033727273396810085,1526434186759897088,
2033727265503064534,Tue Mar 17 02:08:59 +0000 2026,0,Owala FreeSip Insulated Stainless Steel Water Bottle with Straw for Sports and Travel BPA-Free 24-oz Blue/Teal (Denim). expense::: (Amazon has this): Owala FreeSip Insulated Stainless Steel Water https://t.co/cdb99G6SLI Ad.,2033727265503064534,,,en,,0,0,0,https://x.com/undefined/status/2033727265503064534,1526757542713602049,
2033727258649563551,Tue Mar 17 02:08:57 +0000 2026,0,Owala FreeSip Insulated Stainless Steel Water Bottle with Straw for Sports and Travel BPA-Free 24-oz Blue/Teal (Denim). expense::: (On Amazon): Owala FreeSip Insulated Stainless Steel Water https://t.co/zdNsfbDjcC Ad.,2033727258649563551,,,en,,0,0,0,https://x.com/undefined/status/2033727258649563551,1522778628915970051,
2033727254123987214,Tue Mar 17 02:08:56 +0000 2026,0,Owala FreeSip Insulated Stainless Steel Water Bottle with Straw for Sports and Travel BPA-Free 24-oz Blue/Teal (Denim). expense::: (Amazon has this): Owala FreeSip Insulated Stainless Steel Water https://t.co/eTCm94rlfU Ad.,2033727254123987214,,,en,,0,0,0,https://x.com/undefined/status/2033727254123987214,1508882091869708292,
2033727250571366542,Tue Mar 17 02:08:56 +0000 2026,0,Owala FreeSip Insulated Stainless Steel Water Bottle with Straw for Sports and Travel BPA-Free 24-oz Blue/Teal (Denim). expense::: (Amazon product): Owala FreeSip Insulated Stainless Steel Water https://t.co/5UO9hI3vZV Ad.,2033727250571366542,,,en,,0,0,0,https://x.com/undefined/status/2033727250571366542,1520607070000664576,
2033727247408885935,Tue Mar 17 02:08:55 +0000 2026,0,Owala FreeSip Insulated Stainless Steel Water Bottle with Straw for Sports and Travel BPA-Free 24-oz Blue/Teal (Denim). expense::: (# Amazon): Owala FreeSip Insulated Stainless Steel Water https://t.co/CKlVDfQJeC Ad.,2033727247408885935,,,en,,0,0,0,https://x.com/undefined/status/2033727247408885935,1521308632138371072,
2028874702895161519,Tue Mar 17 02:08:54 +0000 2026,1,@CRAZEEE_HAT2 Is the blue haired girl available?,2033727244267589698,,CRAZEEE_HAT2,en,,0,0,0,https://x.com/undefined/status/2033727244267589698,4075989793,
2033727243097121183,Tue Mar 17 02:08:54 +0000 2026,0,Owala FreeSip Insulated Stainless Steel Water Bottle with Straw for Sports and Travel BPA-Free 24-oz Blue/Teal (Denim). expense::: (Get this on Amazon): Owala FreeSip Insulated Stainless Steel Water https://t.co/ooxYwiBFka Ad.,2033727243097121183,,,en,,0,0,0,https://x.com/undefined/status/2033727243097121183,1520578765436428289,
2033494759122317313,Tue Mar 17 02:08:53 +0000 2026,0,@ThrillaRilla369 Stupidity beyond repair CCP only deal with those who are not deeply involved with them. Do you hear anything of the Red Yellow and Blue Kindergarten case?,2033727240371114156,,ThrillaRilla369,en,,0,0,0,https://x.com/undefined/status/2033727240371114156,1219135033853861890,
2033727239250915404,Tue Mar 17 02:08:53 +0000 2026,0,Owala FreeSip Insulated Stainless Steel Water Bottle with Straw for Sports and Travel BPA-Free 24-oz Blue/Teal (Denim). (Product content):::: One of the most notable features of the Owala FreeSip Insulated https://t.co/M37sbvETD7 Ad.,2033727239250915404,,,en,,0,0,0,https://x.com/undefined/status/2033727239250915404,1487644190410518533,
2033625638506991838,Tue Mar 17 02:08:53 +0000 2026,0,@_OuterWorlds @baimaleshi Yes it is it's just her red kimono but on blue,2033727238869565771,,_OuterWorlds,en,,0,2,0,https://x.com/undefined/status/2033727238869565771,1456253630563057669,
2033691772233060357,Tue Mar 17 02:08:52 +0000 2026,1,@RockWallBibles Love the blue speckled,2033727237548110110,,RockWallBibles,en,,0,0,0,https://x.com/undefined/status/2033727237548110110,1839829761545166849,
2033727235908133240,Tue Mar 17 02:08:52 +0000 2026,0,Owala FreeSip Insulated Stainless Steel Water Bottle with Straw for Sports and Travel BPA-Free 24-oz Blue/Teal (Denim). expense::: (Amazon product): Owala FreeSip Insulated Stainless Steel Water https://t.co/Rh49oURILC Ad.,2033727235908133240,,,en,,0,0,0,https://x.com/undefined/status/2033727235908133240,1480039451480969219,
2033727168207839413,Tue Mar 17 02:08:51 +0000 2026,6,for a moment. The blond could see him swallow hard. Are you flirting with me? Kiyoomi asks him but when Atsumu nods with a smirk on his mouth Kiyoomi gets closer to him and takes his blue framed glasses off his face then slowly his own. Atsumu brings one of his hands +,2033727233097920853,,_dandanx_,en,,0,1,0,https://x.com/undefined/status/2033727233097920853,1159948978701529088,
2033727231193645553,Tue Mar 17 02:08:51 +0000 2026,0,Owala FreeSip Insulated Stainless Steel Water Bottle with Straw for Sports and Travel BPA-Free 24-oz Blue/Teal (Denim). (Amazon store):::: Whether you're commuting to work hitting the gym or running errands the https://t.co/34eDGaE1g1 Ad.,2033727231193645553,,,en,,0,0,0,https://x.com/undefined/status/2033727231193645553,1482197451159314436,
2032982617352511776,Tue Mar 17 02:08:50 +0000 2026,0,@hutdesigns 3 blue birds and it's OVER,2033727227125235767,,hutdesigns,en,,0,0,0,https://x.com/undefined/status/2033727227125235767,1559345329320894464,
2033727226227597468,Tue Mar 17 02:08:50 +0000 2026,0,Owala FreeSip Insulated Stainless Steel Water Bottle with Straw for Sports and Travel BPA-Free 24-oz Blue/Teal (Denim). (Amazon product):::: The straw feature allows for effortless sipping without the need to https://t.co/Ji1HD2YaIX Ad.,2033727226227597468,,,en,,0,0,0,https://x.com/undefined/status/2033727226227597468,1503574375966117890,
2033665603584618941,Tue Mar 17 02:08:49 +0000 2026,0,@JayDook ai pfp + blue check. you have the brain of a toddler,2033727223338020986,,JayDook,en,,0,0,0,https://x.com/undefined/status/2033727223338020986,1549963143152930816,
2033589144002441661,Tue Mar 17 02:08:49 +0000 2026,0,@lady_valor_07 You realize that every comment without a blue check doesn't make you money right?,2033727222939296015,,MolotovCokroach,en,,0,0,0,https://x.com/undefined/status/2033727222939296015,635045422,
2033526811167183286,Tue Mar 17 02:08:45 +0000 2026,0,@xenvuen Your favourite color is blue,2033727207982682308,,xenvuen,en,,0,0,0,https://x.com/undefined/status/2033727207982682308,1946617495298732032,
2033717899261841461,Tue Mar 17 02:08:45 +0000 2026,0,@JulieChangRE The modern shed doesn t clash to me as a gazebo replacement as much as that shade of blue.,2033727206829310104,,JulieChangRE,en,,0,0,0,https://x.com/undefined/status/2033727206829310104,1169869766,
2033712186691117353,Tue Mar 17 02:08:44 +0000 2026,1,@TheRoyalSerf I m seeing blue eyes? https://t.co/S8FixxVpin,2033727202702069988,https://pbs.twimg.com/media/HDlAHPIbEAAVgbm.jpg,TheRoyalSerf,en,,0,1,0,https://x.com/undefined/status/2033727202702069988,1443662852875685904,
2033715275670163548,Tue Mar 17 02:08:42 +0000 2026,0,@GregoryEck @EndWokeness They re never going to stop. It s a communist takeover and genocide. They re making it almost impossible for white people to get hired in blue states or at liberal leaning companies.,2033727191935291795,,GregoryEck,en,,0,0,0,https://x.com/undefined/status/2033727191935291795,1430219944059228160,
2033727188067848497,Tue Mar 17 02:08:41 +0000 2026,3,Most blue collar workers do.,2033727188067848497,,,en,,0,0,0,https://x.com/undefined/status/2033727188067848497,1519115544091402246,
2033726645123547372,Tue Mar 17 02:08:40 +0000 2026,3,also of course (because I don't have that little blue check and have a character limit) Thanks to @MJ_Melendezz as always! Congrats to @ColeRagansSZN @FreddyProtector and #him on the Final 4 run!,2033727184758554884,,mjmelendez_stan,en,,0,0,0,https://x.com/undefined/status/2033727184758554884,1746544557561442304,
2033432928429244534,Tue Mar 17 02:08:37 +0000 2026,1,@Amelia558rs Blue dress,2033727173828263981,,Amelia558rs,en,,0,1,0,https://x.com/undefined/status/2033727173828263981,2023976739580637186,
2033636940684169588,Tue Mar 17 02:08:29 +0000 2026,3,@LindseyGrahamSC I heard Dr. Annie Andrew s has not taken AIPAC donations. Time to put blue or red aside and take our country out of the hands of a foreign country that ultimately plans to destroy us after depleting us of everything we have.,2033727138252394769,,LindseyGrahamSC,en,,0,0,1,https://x.com/undefined/status/2033727138252394769,1588693334247079936,
2033657336347214189,Tue Mar 17 02:08:28 +0000 2026,0,@MischiefsYT Blue Sky lol.,2033727136218149303,,MischiefsYT,en,,0,0,0,https://x.com/undefined/status/2033727136218149303,1588415633191972864,
2033683246567797240,Tue Mar 17 02:08:27 +0000 2026,0,@himawarimajo It's my favorite toooo! I had to wait till the light turned blue (since it was flickering to different colors) so it can match tsumugi more ajdks,2033727129079222634,,himawarimajo,en,,0,0,0,https://x.com/undefined/status/2033727129079222634,1169799093591465985,
2033699871698407634,Tue Mar 17 02:08:26 +0000 2026,0,@benryanwriter Idk I think appealing to checks notes blue collar union workers might be easier than calling a constitutional convention.,2033727125812076569,,benryanwriter,en,,0,0,0,https://x.com/undefined/status/2033727125812076569,2017309666401988608,
2033710949396345295,Tue Mar 17 02:08:17 +0000 2026,0,@BossettexBella Stuffed with blue or goat cheese!!!!!! https://t.co/NUUel622sH,2033727088574992624,https://pbs.twimg.com/tweet_video_thumb/HDk__sIaEAAzj2w.jpg,BossettexBella,en,,0,0,0,https://x.com/undefined/status/2033727088574992624,46453319,
2033382949815734719,Tue Mar 17 02:08:16 +0000 2026,0,@Stake blue Franck1995,2033727083822621090,,Stake,en,,0,0,0,https://x.com/undefined/status/2033727083822621090,1668576174325284869,
2033727077422186647,Tue Mar 17 02:08:14 +0000 2026,0,It s a great day to not be a Blue Jay fan https://t.co/uaQ0grrm2B,2033727077422186647,https://pbs.twimg.com/tweet_video_thumb/HDk__w-WsAAqU6y.jpg,,en,,0,0,0,https://x.com/undefined/status/2033727077422186647,1504817844785192971,
2033727074549305412,Tue Mar 17 02:08:14 +0000 2026,0,When the blue star turn red above the eye of Egypt a turning point in humanity will begin.,2033727074549305412,,,en,,0,0,0,https://x.com/undefined/status/2033727074549305412,1278887223270576130,
2033727072703782968,Tue Mar 17 02:08:13 +0000 2026,0,i miss blue team,2033727072703782968,,,en,,0,0,0,https://x.com/undefined/status/2033727072703782968,1473471485691904001,
2033727070912843880,Tue Mar 17 02:08:13 +0000 2026,0,[メルカリ] BTOB ソンジェ アルバム All About Blue Kiwee ver 新品未開封 ¥888 #육성재 #YOOKSUNGJAE #ユクソンジェ トレカ ソロアルバム 交換 譲渡 https://t.co/L6srk6a0Rj,2033727070912843880,,,ja,,0,0,0,https://x.com/undefined/status/2033727070912843880,2031582302023860224,
2033719532208955811,Tue Mar 17 02:08:12 +0000 2026,0,@pin3cones Poison or fireball with the blue or purple modifier. Not exactly ideal,2033727069981393060,,pin3cones,en,,0,0,0,https://x.com/undefined/status/2033727069981393060,1323044501032763399,
2033723039632744624,Tue Mar 17 02:08:10 +0000 2026,1,@Warlizard @1Glitch34 @klara_sjo The two without names are the top-middle (blue-haired alt/cosplay influencer) and top-right (sparkly sequin hype girl). Both niche e-girl/meme faces with no widely known public identities. Known: - Top-left: freckled brunette starter model - Bottom-left: Gio Scotti (Italian,2033727058606477753,,Warlizard,en,,0,1,0,https://x.com/undefined/status/2033727058606477753,1720665183188922368,
2033727046501728543,Tue Mar 17 02:08:07 +0000 2026,0,Was that Rust with the giveaway just inside the blue line? Must always get the puck out of the zone every time.,2033727046501728543,,,en,,0,0,0,https://x.com/undefined/status/2033727046501728543,74819539,
2033696398621765924,Tue Mar 17 02:08:06 +0000 2026,0,@KeruboSk I have a blue collar job I want to go to bed clean. When I wake up I m just going to work to get dirty.,2033727043544723933,,KeruboSk,en,,0,0,0,https://x.com/undefined/status/2033727043544723933,1971055316209995776,
2033727042731024412,Tue Mar 17 02:08:06 +0000 2026,0,Blue Raspberry,2033727042731024412,,,en,,0,0,0,https://x.com/undefined/status/2033727042731024412,1898436634435063808,
2033699251813790112,Tue Mar 17 02:08:03 +0000 2026,6,@softtail65 @Patrici76933253 @KarenLuther3 @Marinquire @ScottyInThe845 @cfitzgerald781 @YesTooGree31rm @jaypsweeney TY for new Blues to follow leave no Blue behind! ,2033727031574430056,,softtail65,en,,0,1,0,https://x.com/undefined/status/2033727031574430056,1111320399583731712,
2033725622879490141,Tue Mar 17 02:08:02 +0000 2026,67,@bookinitout not enough blue chews in the world can compete with whatever the fuck those two got going on,2033727025328844814,,bookinitout,en,,0,1,0,https://x.com/undefined/status/2033727025328844814,1234901677590876160,
2033530483804717405,Tue Mar 17 02:08:00 +0000 2026,0,@ReggieHargett @mattvanswol @elonmusk My first movie in a theater in about 5 years was Song Sung Blue loved it. Cost $22 for my ticket,2033727019603616188,,ReggieHargett,en,,0,0,0,https://x.com/undefined/status/2033727019603616188,1600861802769911810,
2033726922056995134,Tue Mar 17 02:07:59 +0000 2026,0,@avsinseider Oh dang that's a GOOD blue on him,2033727014839189559,,avsinseider,en,,0,0,0,https://x.com/undefined/status/2033727014839189559,19808114,
2033727014595924417,Tue Mar 17 02:07:59 +0000 2026,3,All of the updates from Training today. https://t.co/6oJPsnm6uj,2033727014595924417,https://pbs.twimg.com/media/HDk_40ybEAErxpT.jpg,,en,,0,1,0,https://x.com/undefined/status/2033727014595924417,1167688749808930816,
2033727010074149237,Tue Mar 17 02:07:58 +0000 2026,1385,Bebe Rexha and Faithless New Religion aiming for new peak in top 40 on this week's UK singles chart (#35). It will mark her highest charting single since I'm Good (Blue) . https://t.co/FwMtohraHg,2033727010074149237,https://pbs.twimg.com/media/HDk_76gWkAAD2Es.png,,en,,7,20,87,https://x.com/undefined/status/2033727010074149237,744260935527735296,
2033691147084665051,Tue Mar 17 02:07:56 +0000 2026,1,@freakotakai I HAVE NO IDEA? i have the series X / minifridge SO IT SHOULD WORK BUT IT JUST WONT READ? IVE HAD A BLUE RAY OF THE RITE HERE RITE NOW MOVIE AND IVE.. NEVER BEEN ABLE TO WAYCH IT!!!,2033727002797035692,,freakotakai,en,,0,1,0,https://x.com/undefined/status/2033727002797035692,1555452037013405697,
2033727002335723619,Tue Mar 17 02:07:56 +0000 2026,10,also really i just need you to be strong enough to open a pickle jar... cause i eat a lot of pickles i love pickles,2033727002335723619,,,en,,0,1,0,https://x.com/undefined/status/2033727002335723619,1932175311917178880,
2033617977535504578,Tue Mar 17 02:07:56 +0000 2026,0,@jonharris1989 I'm partial to red white and blue myself.,2033727001291350350,,jonharris1989,en,,0,0,0,https://x.com/undefined/status/2033727001291350350,1945911491393130496,
2033710328354378208,Tue Mar 17 02:07:54 +0000 2026,1,@cybertruck Can t afford one workin a blue collar job though,2033726993364103652,,cybertruck,en,,1,0,1,https://x.com/undefined/status/2033726993364103652,1682461001424224262,
2033674880781004972,Tue Mar 17 02:07:54 +0000 2026,0,@tennessee_uk I thought id like the blue more too but I really like the white. Might be the first time I've liked our away jersey better,2033726992542048583,,tennessee_uk,en,,0,0,0,https://x.com/undefined/status/2033726992542048583,1683527867144065029,
2033440097887011229,Tue Mar 17 02:07:54 +0000 2026,0,@BluntForceTuna Awesome. Watch face flipped right Coors ice cold with those Rocky Mountains bluer than blue. Cheers man. What's next on the edit list? ,2033726990935613726,,BluntForceTuna,en,,0,0,0,https://x.com/undefined/status/2033726990935613726,1720665183188922368,
2033726990197637284,Tue Mar 17 02:07:53 +0000 2026,0,시간이 멀리 흘러도 #추천곡 #겨울 #Winter #cafe #coffee #커피 #카페 #Blue Wind #차지연 Type #... https://t.co/OYqKcG45H8 via @YouTube,2033726990197637284,,,ko,,0,0,0,https://x.com/undefined/status/2033726990197637284,1907762349005828096,
2033726980777271777,Tue Mar 17 02:07:51 +0000 2026,4,More pink &amp; blue characters Kuro,2033726980777271777,,,en,,0,0,0,https://x.com/undefined/status/2033726980777271777,2013140111991414784,
1911893678119084430,Tue Mar 17 02:07:49 +0000 2026,0,@state_secession This honestly sounds like a good idea it just hurts seeing some of our land go to what will become/is a commie dump. But at least the whole nation isn t that way. We should also strive for self sufficiency and try to colonize blue areas while we are still together.,2033726971721437459,,state_secession,en,,0,0,0,https://x.com/undefined/status/2033726971721437459,2019590653580034049,
2033697649228935287,Tue Mar 17 02:07:49 +0000 2026,0,@AntonioSabatoJr Since I don't have a blue checkmark there isn't enough room for me to list them. Even if I had a blue checkmark there wouldn't be enough room...lol.,2033726970387714157,,AntonioSabatoJr,en,,0,0,0,https://x.com/undefined/status/2033726970387714157,1519025560365772801,
2033690274518495467,Tue Mar 17 02:07:48 +0000 2026,0,@unstablequeer64 yeah but the pants are throwing me off I thought she usually wore light colored blue jeans or dark blue jeans unless the light is making the color appear white,2033726969448190427,,unstablequeer64,en,,0,0,0,https://x.com/undefined/status/2033726969448190427,858402398888312832,
2033625886302347676,Tue Mar 17 02:07:14 +0000 2026,0,@ArtCandee Blue all the way through!,2033726823020802263,,ArtCandee,en,,0,0,0,https://x.com/undefined/status/2033726823020802263,1821764723639029760,
2033297970343653791,Tue Mar 17 02:07:09 +0000 2026,0,@HosikakeSiyu_VT あ〜あ しゆちゃん爆散しちゃったよpenguin-blue-waving-tear penguin-blue-waving-tear,2033726805568631206,,HosikakeSiyu_VT,ja,,0,0,0,https://x.com/undefined/status/2033726805568631206,1906316196020183040,
2033677584333214075,Tue Mar 17 02:07:05 +0000 2026,0,@joewheat27 Keep him there as long as possible. It s helping the blue teams in the state.,2033726786396426265,,joewheat27,en,,0,0,0,https://x.com/undefined/status/2033726786396426265,1642004516886437889,
2033721786354045053,Tue Mar 17 02:07:03 +0000 2026,0,@DJyell0w Turquoise so he s a mixture of blue and green,2033726779353919713,,DJyell0w,en,,0,1,0,https://x.com/undefined/status/2033726779353919713,1331756174,
2033626693118914809,Tue Mar 17 02:07:03 +0000 2026,0,@GavinNewsom Not gonna happing keep coping we ve heard this for 30 years that Texas is turning blue,2033726778531864994,,GavinNewsom,en,,0,0,0,https://x.com/undefined/status/2033726778531864994,1452160387336523784,
2033400576399024571,Tue Mar 17 02:07:00 +0000 2026,0,@DAKKADAKKA1 Soooooo True.....where millions of Illegals will be moving in so Nebraska can turn Blue.,2033726767173714378,,DAKKADAKKA1,en,,0,0,0,https://x.com/undefined/status/2033726767173714378,2009764523734118402,
2033725406164214156,Tue Mar 17 02:06:59 +0000 2026,0,@imurbadjuju 我blue地獄誰入地獄,2033726761842970851,,imurbadjuju,zh,,0,0,0,https://x.com/undefined/status/2033726761842970851,3192923550,
2033726749377216968,Tue Mar 17 02:06:56 +0000 2026,5,If you weren't old enough to watch Deep Blue beat Gary Kasparov and see the future this is your chance.,2033726749377216968,,,en,,0,0,0,https://x.com/undefined/status/2033726749377216968,3408215668,
2033726748123402378,Tue Mar 17 02:06:56 +0000 2026,1,Happy Birthday Jummo my big blue little one. I wish you always stay happy adorable and just as playful as you are now. Love you so much Jummo! JUMMO BORN TO BE A STAR #JUMMO1stBirthday https://t.co/wHeUqdTMXf,2033726748123402378,https://pbs.twimg.com/media/HDk_syZbEAAdU33.jpg,,en,,0,0,0,https://x.com/undefined/status/2033726748123402378,1310228360887369729,
2033726715210392025,Tue Mar 17 02:06:48 +0000 2026,0,@jarvis_best What s with the blue sweaters?,2033726715210392025,,jarvis_best,en,,0,1,0,https://x.com/undefined/status/2033726715210392025,1740372066249945088,
2033726711427436636,Tue Mar 17 02:06:47 +0000 2026,0, Photo realistic lighting just make it blue innit? ,2033726711427436636,,,en,,0,0,0,https://x.com/undefined/status/2033726711427436636,1391460419525480450,
2033724014703587629,Tue Mar 17 02:06:46 +0000 2026,0,@nocthart whenever i listen to blue ocean floor and think about them https://t.co/Wuq8YVwpqZ,2033726705844564218,https://pbs.twimg.com/media/HDk_qTJbQAA1Y1g.jpg,nocthart,en,,0,0,0,https://x.com/undefined/status/2033726705844564218,1894881338974420992,
2033556627798856126,Tue Mar 17 02:06:45 +0000 2026,0,@Ellis_ Do the blue side a favor,2033726704389439961,,Ellis_,en,,0,0,0,https://x.com/undefined/status/2033726704389439961,1451783242479116293,
2033726700509663551,Tue Mar 17 02:06:44 +0000 2026,2,FOREVER BLUE - #TAGRIGHT https://t.co/3c0XNmzMQn @YouTubeより 色々思うことがある輔担はこれを本当に回してください。 せま担もできたら この方法が合法なのだ。 本人に凸るな、これを回すのだ。 彼らの需要を運営にわからせるのだ,2033726700509663551,,,ja,,0,0,1,https://x.com/undefined/status/2033726700509663551,1794374439641219073,
2033726696541847602,Tue Mar 17 02:06:43 +0000 2026,6,Cries in once in a blue moon frame by frame animator,2033726696541847602,,,en,,0,0,0,https://x.com/undefined/status/2033726696541847602,1952832170143387648,
2033707019656659316,Tue Mar 17 02:06:42 +0000 2026,0,mr.puzzles fights like a cyborg/robotish style. he can shoot blue lasers out of his fingers. brainwashing them. using his manipulative techniques. blue electricity. pausing them muting them cloning himself and etc.,2033726692607594820,,HISHOMEVIDEOS,en,,0,1,0,https://x.com/undefined/status/2033726692607594820,2024923398477152257,
2033725458760573285,Tue Mar 17 02:06:40 +0000 2026,0,@Koo_diaryy i love blue on you you tried it once before and it looked pretty,2033726684029993397,,Koo_diaryy,en,,0,1,0,https://x.com/undefined/status/2033726684029993397,1268707114010259456,
2033726675067027865,Tue Mar 17 02:06:38 +0000 2026,1,QT Cyber Neon rain doesn't cleanse the city it anoints her. Blue-tipped hair slicks like liquid midnight under holographic storm porcelain skin glistening with electric tears eyes the color of shattered sapphire holding that serene watchful smirk that says the downpour is https://t.co/gRzc7S0Upc,2033726675067027865,https://pbs.twimg.com/ext_tw_video_thumb/2033726533823823872/pu/img/xHUgAgFuGnG0p3gD.jpg,,en,,0,0,0,https://x.com/undefined/status/2033726675067027865,817771206875217921,
2033726660059791512,Tue Mar 17 02:06:35 +0000 2026,0,Top10Korea #Kpop Chart (3WK3) 11-20 11. 뛰어(JUMP) - #BLACKINK https://t.co/IcC3VDkkcY 12. Blue Valentine - #NMIXX https://t.co/rUoRJCy5wU 13. 그대 작은 나의 세상이 되어 - #카더가든 https://t.co/3vJTBaNQgK 14. Golden - #KPopDemonHunters https://t.co/4wDB7hiCww 15. TIME,2033726660059791512,,,ko,,0,0,0,https://x.com/undefined/status/2033726660059791512,1601570412617289729,
2033432928429244534,Tue Mar 17 02:06:35 +0000 2026,0,@Amelia558rs Blue ️,2033726659439038671,,Amelia558rs,en,,0,0,0,https://x.com/undefined/status/2033726659439038671,1801491167605047297,
2033247616876630288,Tue Mar 17 02:06:33 +0000 2026,0,@EditrixLane @DC_Draino You've never heard of blue slips then. As for the statute you're referring to is unconstitutional on its face too Congress cannot give to Article III judges Article II appointment powers (US Attorneys.) Not without an amendment.,2033726653927723049,,EditrixLane,en,,0,1,0,https://x.com/undefined/status/2033726653927723049,1502402134414802947,
2033726646461862114,Tue Mar 17 02:06:31 +0000 2026,2,2ND FORM TURNS BLUE????? I NEED HER,2033726646461862114,,,en,,0,0,0,https://x.com/undefined/status/2033726646461862114,2013140111991414784,
2033710095226613878,Tue Mar 17 02:06:31 +0000 2026,1,@VinnysCorner1 Big Blue Wrecking Crue Purple People Eaters Orange Crush The Crunch Bunch... and though it was short-lived the NYPD (New York Pass Defense).,2033726642854486096,,VinnysCorner1,en,,0,0,0,https://x.com/undefined/status/2033726642854486096,96192250,
2033703473905389707,Tue Mar 17 02:06:27 +0000 2026,0,@PNWConservative Also what the fuck are you willingly doing in a blue state. Sounds like you re a Democrat.,2033726628417966397,,PNWConservative,en,,0,0,0,https://x.com/undefined/status/2033726628417966397,4269130759,
2033726621027299817,Tue Mar 17 02:06:25 +0000 2026,0,@jdouglas4 @IMS @GrahamRahal Indy native receiving his blue envelope in the mail in Charlotte NC...50+ years in our famiy's name in paddock on start finish line. Only 47 myself But have gone with grandpa dad uncles brother and daughter this year my son gets to go. 500,2033726621027299817,,jdouglas4,en,,0,0,0,https://x.com/undefined/status/2033726621027299817,26670806,
2033530212462285234,Tue Mar 17 02:06:25 +0000 2026,0,@Heal_within96 White people are nothing but blue eye devils.,2033726620792467958,,Heal_within96,en,,0,0,0,https://x.com/undefined/status/2033726620792467958,1543189253299081218,
2033718157832294476,Tue Mar 17 02:06:24 +0000 2026,5,@FoxNews This comes from the Top. These people don't just show up out of the blue to protest. Someone is giving them locations.,2033726615822254238,,FoxNews,en,,0,0,1,https://x.com/undefined/status/2033726615822254238,2010541147933065216,
2033558087802458271,Tue Mar 17 02:06:24 +0000 2026,0,@RonWyden https://t.co/tCVN4vGyg9,2033726615381811556,https://pbs.twimg.com/media/HDk_k4uaQAAxkv1.jpg,RonWyden,qme,,0,0,0,https://x.com/undefined/status/2033726615381811556,100987374,
2033726610176942484,Tue Mar 17 02:06:23 +0000 2026,18, Reposting - Invest &amp; Do Nothing focus on Job - source of capital He started value investing into Indian Stock-market with USD 20 000 in 1995. 10K invested in Satyam it went on to become 150x by 2000 The other 3 he invested: Kotak Blue-dart &amp; Sky-pack. Stayed flat 3 300 USD,2033726610176942484,,,en,,0,2,0,https://x.com/undefined/status/2033726610176942484,937520460937310208,
2033407762210910224,Tue Mar 17 02:06:22 +0000 2026,0,@attofemto @juswritten Indian women by default know that their men are inferior. That s why they crave white genes. Most Indian women I know that make significant money would rather get white male with blue eyes sperm from sperm blank than fuck an Indian dude. It s all survival of the fittest.,2033726607345549504,,attofemto,en,,0,0,0,https://x.com/undefined/status/2033726607345549504,1996114841724223491,
2033710713026347228,Tue Mar 17 02:06:22 +0000 2026,0,@kiaraOf101 Exactly Blue lock es azul no puede ser OTRO color,2033726605915258910,,kiaraOf101,es,,0,0,0,https://x.com/undefined/status/2033726605915258910,1813369498189328384,
2033440097887011229,Tue Mar 17 02:06:21 +0000 2026,3,@Hacknaut @grok turn the calculator watch face the right direction and bring me an ice cold coors Grok those mountains better be as blue as my balls,2033726604388561038,,Hacknaut,en,,0,1,0,https://x.com/undefined/status/2033726604388561038,1585819018421755904,
2033726384783429771,Tue Mar 17 02:06:21 +0000 2026,0,@OHaraSports @TheHockeyNews The Power Play looks like it s scared of the offensive blue line ,2033726603533099012,,OHaraSports,en,,0,0,0,https://x.com/undefined/status/2033726603533099012,1471000230674026496,
2033726594259554534,Tue Mar 17 02:06:19 +0000 2026,1,glass half empty sorry to myself enemies with benefits growing pains in a traction baby blue I CANT FIND 4 MORE,2033726594259554534,,,en,,0,1,0,https://x.com/undefined/status/2033726594259554534,1157924311568543746,
2033547422303957083,Tue Mar 17 02:06:17 +0000 2026,2,@FanMusk39325 Blue,2033726587699331521,,FanMusk39325,en,,0,0,3,https://x.com/undefined/status/2033726587699331521,1969954458663600128,
2033726582183821472,Tue Mar 17 02:06:16 +0000 2026,0,the sky is blue water is wet fork found in kitchen poop found in ass,2033726582183821472,,,en,,0,0,0,https://x.com/undefined/status/2033726582183821472,1460039110517739521,
2033579531173552364,Tue Mar 17 02:06:09 +0000 2026,0,@BenStiller @MichaelDBrandt @stillerssoda Oh snap son you just got Blue Steel d https://t.co/k2pLZqS41v,2033726551532138871,https://pbs.twimg.com/tweet_video_thumb/HDk_hLJacAAQzGD.jpg,BenStiller,en,,0,0,0,https://x.com/undefined/status/2033726551532138871,608386536,
2033726550487564370,Tue Mar 17 02:06:09 +0000 2026,0,Blue Magic - Sideshow (Stereo) - YouTube.flv https://t.co/C251hEOiFA via @YouTube,2033726550487564370,,,en,,0,0,0,https://x.com/undefined/status/2033726550487564370,1517952202664554497,
2033720409502454166,Tue Mar 17 02:06:08 +0000 2026,5,@ValentinaForUSA @WallStreetApes Yes and other crimes! The more crime and homelessness a blue city has the more money they get! Then they don t use the money to make things better they steal it while the rot gets worse. It s got to stop!,2033726546066756017,,ValentinaForUSA,en,,0,2,0,https://x.com/undefined/status/2033726546066756017,1600889551593115650,
2033726534075232591,Tue Mar 17 02:06:05 +0000 2026,0,[@CRites900] Pixel misses his blue shark hybrid...,2033726534075232591,,,en,,0,0,0,https://x.com/undefined/status/2033726534075232591,1191142076337082373,
2033544585083838685,Tue Mar 17 02:06:05 +0000 2026,0,@InfoFortniteES Pues que en fa hagan un red vs blue que ya quiero destruir gente con la cap y el f11,2033726533487993315,,InfoFortniteES,es,,0,0,0,https://x.com/undefined/status/2033726533487993315,1570268588321214464,
2033726511690207682,Tue Mar 17 02:05:59 +0000 2026,0,Damn the relationships in blue therapy sound exhausting,2033726511690207682,,,en,,0,0,0,https://x.com/undefined/status/2033726511690207682,102560222,
2033725008799735863,Tue Mar 17 02:05:57 +0000 2026,0,@OfficialMONSTAX half empty sorry to myself enemies with benefits growing pains in a traction baby blue I CANT FIND 4 MORE #MonstaX #Unfold,2033726503394160880,,OfficialMONSTAX,en,,0,0,0,https://x.com/undefined/status/2033726503394160880,1157924311568543746,
2032656141134737901,Tue Mar 17 02:05:57 +0000 2026,0,@AlphaMale202599 @WiredRalph11 @bailseydog @AustralianJA Hey what was that country called before Israel was established in 1948? I know it wasn't called Israel. Also the fuck does it matter what it what Palestinians referred to their home as? They can call themselves the everlasting blue gumdrops for all anybody gives a fuck,2033726502966087756,,AlphaMale202599,en,,0,1,0,https://x.com/undefined/status/2033726502966087756,1848725381257334785,
2033575511905989065,Tue Mar 17 02:05:56 +0000 2026,0,@yabaleftonline Who's that women in blue Man hunger really dealt with her,2033726497530237136,,yabaleftonline,en,,0,0,0,https://x.com/undefined/status/2033726497530237136,48840199,
2033710095226613878,Tue Mar 17 02:05:55 +0000 2026,0,@VinnysCorner1 Luv Ya Blue Clutch City,2033726493994717365,,VinnysCorner1,en,,0,0,0,https://x.com/undefined/status/2033726493994717365,310531197,
2033726489422864530,Tue Mar 17 02:05:54 +0000 2026,0,mocca brown sky blue ocean teal,2033726489422864530,,,en,,0,0,0,https://x.com/undefined/status/2033726489422864530,1333580950446305281,
2033284806868402450,Tue Mar 17 02:05:53 +0000 2026,0,@yoizlaya This was so out of the blue they definitely did Heeseung dirty! #HeeseungStayWithUs #HEESEUNG_IS_OUR_SINGER_NOT_YOUR_COMPANY_ASSET #HEESEUNG_STAYS7️⃣7️⃣ #HeeseungDeservesBetter,2033726483655491803,,yoizlaya,en,,0,0,0,https://x.com/undefined/status/2033726483655491803,1017974434144059392,
2033726481851936909,Tue Mar 17 02:05:52 +0000 2026,0,Stop lying about the ducking airport dude tell Sean Duffy step down today or fix the glitch we aren't riding jet blue you capitalist wall street scum bag who cares about no American lives,2033726481851936909,,,en,,0,0,0,https://x.com/undefined/status/2033726481851936909,2022392391991259136,
2033711118464541001,Tue Mar 17 02:05:51 +0000 2026,1,@OS2NOX His opponent Bean is a Blue Dog Dem,2033726476143509954,,OS2NOX,en,,0,0,0,https://x.com/undefined/status/2033726476143509954,1131632804213723136,
2033726145057984964,Tue Mar 17 02:05:51 +0000 2026,2,Which means I gonna have to redraw my edit of Sunday into Fluffy across the Blue because that's inaccurate now... Another thing to the list of art I want to do...,2033726475426504742,,timelysp_sunday,en,,0,0,0,https://x.com/undefined/status/2033726475426504742,2025104435010281472,
2033726468392710551,Tue Mar 17 02:05:49 +0000 2026,1,Senin 16/03/2026 pukul 21.00 WIB hingga selesai Personel Polsek Parapat yang dipimpin oleh AIPTU PRIADI melaksanakan kegiatan Blue Light Patroli (BLP) mengantisipasi aktivitas geng motor yang berpotensi mengganggu ketertiban dan keamanan masyarakat di wilayah hukumnya. https://t.co/tI1BiCRExj,2033726468392710551,https://pbs.twimg.com/ext_tw_video_thumb/2033726441461059589/pu/img/rqvBXniBei8JcZgb.jpg,,in,,0,0,0,https://x.com/undefined/status/2033726468392710551,1454510937268895748,
2033695899159847035,Tue Mar 17 02:05:45 +0000 2026,9,@LibOrNormal Videos like this are why I back the blue. I can t believe what I just saw. I just want to say god bless our brave men and women in uniform.,2033726452051370094,,LibOrNormal,en,,0,0,0,https://x.com/undefined/status/2033726452051370094,1786118590833295361,
2033726445382504770,Tue Mar 17 02:05:44 +0000 2026,4,Lots of rain and thrashing winds here in Pennsylvania. Praying for our safety. https://t.co/ITcwbcqQB0,2033726445382504770,https://pbs.twimg.com/tweet_video_thumb/HDk_afiXkAAQAgq.jpg,,en,,0,2,0,https://x.com/undefined/status/2033726445382504770,50191503,
2033726433089229208,Tue Mar 17 02:05:41 +0000 2026,0,The Avs are wearing absolutely gorgeous uniforms!! Power blue rules!,2033726433089229208,,,en,,0,0,0,https://x.com/undefined/status/2033726433089229208,14749319,
2033540005340090638,Tue Mar 17 02:05:40 +0000 2026,0,@ConceptualJames True. it's also up for debate whether or not the sky is blue and birds are real.,2033726430786556290,,ConceptualJames,en,,0,0,0,https://x.com/undefined/status/2033726430786556290,1835104223047954432,
2033685726198698318,Tue Mar 17 02:05:37 +0000 2026,1,i like it much better now that he added deep blue hints,2033726418258170342,,qtsnailgirl,en,,0,0,0,https://x.com/undefined/status/2033726418258170342,1545843214774444032,
2033605185101304272,Tue Mar 17 02:05:35 +0000 2026,0,@KarlDHarrison Caroline is a liberal. A carny clone Kerry-lynne Findlay is a true blue conservative,2033726407864684876,,KarlDHarrison,en,,0,0,0,https://x.com/undefined/status/2033726407864684876,287798194,
2033694511046512659,Tue Mar 17 02:05:31 +0000 2026,0,@dom_lucre Your first mistake was flying with Spirit Jet Blue Southwest or similar.,2033726392127410391,,dom_lucre,en,,0,0,0,https://x.com/undefined/status/2033726392127410391,1758881977778769921,
2033726385857216916,Tue Mar 17 02:05:29 +0000 2026,0,wadu gimana ya pak bapak enak sih kalo code blue duduk aja https://t.co/7Tf2zfWCA4,2033726385857216916,https://pbs.twimg.com/media/HDk_XOoaIAAxl8P.jpg,,in,,0,0,0,https://x.com/undefined/status/2033726385857216916,780072924,
2033498517914714188,Tue Mar 17 02:04:56 +0000 2026,4,@honeymoon250 Red white and blue baby,2033726246824382588,,honeymoon250,en,,2,0,1,https://x.com/undefined/status/2033726246824382588,1656354125150552064,
2033726242248110587,Tue Mar 17 02:04:55 +0000 2026,0,Eu ia comprar o egeo blue de aniversário pro meu irmãozinho entrei no aplicativo e está esgotado ,2033726242248110587,,,pt,,0,0,0,https://x.com/undefined/status/2033726242248110587,2885777139,
2033712649247330496,Tue Mar 17 02:04:55 +0000 2026,0,@Glo_Sports1 @situationbears Then you ll probably be disappointed when the Stock Exchange mock comes out. There really are no blue chip C prospects. Which I would think played a part in the Bradbury trade in the first place.,2033726240918802685,,Glo_Sports1,en,,0,1,0,https://x.com/undefined/status/2033726240918802685,1348456856159600640,
2033726234467963012,Tue Mar 17 02:04:53 +0000 2026,0,「BLUE REFLECTION」シリーズの思い出を大募集 私の #ブルリフお気に入りのBGM は↓ こすいちのかくすらなきくどっとえぐぜ,2033726234467963012,,,ja,,0,0,0,https://x.com/undefined/status/2033726234467963012,2475120487,
2033714491762848180,Tue Mar 17 02:04:51 +0000 2026,1,@duckielawrd How does green orange blue and yellow sound?,2033726223361446116,,duckielawrd,en,,0,1,0,https://x.com/undefined/status/2033726223361446116,2012018400470712322,
2033520328018743732,Tue Mar 17 02:04:48 +0000 2026,1,@mazitenme97847 un bodrio blue lock no entiendo quien puede ser fan de ese anime,2033726213940711425,,mazitenme97847,es,,0,0,0,https://x.com/undefined/status/2033726213940711425,1740953203716296704,
2033348921234260448,Tue Mar 17 02:04:47 +0000 2026,1,@ChristinaPushaw @the_coral_lea What I can tell you about it is there is history here with this. It was a common attitude among more blue collar families back in the day. I saw it with guys I worked with in the aluminum smelting business; they had that viewpoint. To be critical but fair Matt Walsh is,2033726209956167912,,ChristinaPushaw,en,,0,0,0,https://x.com/undefined/status/2033726209956167912,1686172554,
2033726205892170011,Tue Mar 17 02:04:46 +0000 2026,0,Pamiredo (パミレド) - Midnight Blue https://t.co/GdP207doIk @YouTubeより,2033726205892170011,,,ja,,0,0,0,https://x.com/undefined/status/2033726205892170011,355772380,
2033551082224234838,Tue Mar 17 02:04:40 +0000 2026,0,@SarahSevans2000 Orthopedics has easy hours? Wow did not know that. I like the Baltimore Raven purple and blue outfit you re wearing.,2033726179908222979,,SarahSevans2000,en,,0,0,0,https://x.com/undefined/status/2033726179908222979,1245346772215619585,
2033615864918950398,Tue Mar 17 02:04:36 +0000 2026,0,@Arondir888 @kiyomimilan How are you that much of a spaz that you forget all prior applied feat with the emotional spectrum is still applied to him. What you think hes back to 0 ? we can pull a no name lantern and blue marvel still loose. Your ass cant even get blue marvel pass planetary last i check,2033726163634291053,,Arondir888,en,,0,1,0,https://x.com/undefined/status/2033726163634291053,1489399010959970315,
2033687497738252424,Tue Mar 17 02:04:34 +0000 2026,1,@berriebombz I do have a project called Operation: Blue Sky I've been working on writing and design for but I unfortunately do not have anything I want to show for that yet so here's some random art https://t.co/HqSpdjzjOT,2033726155568623656,https://pbs.twimg.com/media/HDk-4o3WoAA6WR6.jpg,berriebombz,en,,0,0,1,https://x.com/undefined/status/2033726155568623656,1120213948777881600,
2033649440746311699,Tue Mar 17 02:04:29 +0000 2026,0,@susimunda999 Blue my chice,2033726134580613268,,susimunda999,en,,0,0,0,https://x.com/undefined/status/2033726134580613268,1595846954705375232,
2033726130797113651,Tue Mar 17 02:04:29 +0000 2026,0, Hmm... Then in that case... [ Pac-Man grabs the blue worker's moustache and pulls it... ] Yurghhh...! [ It wouldn't budge. ] What the? ,2033726130797113651,,,en,,0,0,0,https://x.com/undefined/status/2033726130797113651,1785415522667950080,
2033725009034613055,Tue Mar 17 02:04:27 +0000 2026,0,@Gate blue claw,2033726124933500979,,Gate,en,,0,0,0,https://x.com/undefined/status/2033726124933500979,2027931881447231488,
2033293890787168726,Tue Mar 17 02:04:26 +0000 2026,0,@ItIsHoeMath @Coyote08714134 @nyaraVT You re a demon anyways yeah I (not a demon) think you should be locked in an small cage and starved also talking like that I doubt you pay much in taxes since you re probably some broke inbred blue collar worker.,2033726118524604624,,ItIsHoeMath,en,,0,0,0,https://x.com/undefined/status/2033726118524604624,1502890931242119169,
2033726104939221141,Tue Mar 17 02:04:22 +0000 2026,8,Miro can't handle the puck at the blue line. Jack McBain goes 5 hole on the breakaway backhand 3-2 Utah on the short handed goal,2033726104939221141,,,en,,1,1,0,https://x.com/undefined/status/2033726104939221141,2338746500,
2033624612081164331,Tue Mar 17 02:04:22 +0000 2026,0,@MikeandLily_UFC @C_3C_3 You talking about Blue Steel or Diaper Don?,2033726102456205375,,MikeandLily_UFC,en,,0,0,0,https://x.com/undefined/status/2033726102456205375,1001561872368218112,
2033682731696001510,Tue Mar 17 02:04:20 +0000 2026,0,@aseelswaid9 @botttomlesspit The posters are the first official teaser images for Dune: Part Three (adapting Dune Messiah). They show a battle-scarred Paul Atreides and Chani with the full Fremen blue-in-blue eyes signaling the story's shift to Paul's imperial reign and the launch of the Fremen jihad that,2033726096819007967,,aseelswaid9,en,,0,0,0,https://x.com/undefined/status/2033726096819007967,1720665183188922368,
2033726092280844427,Tue Mar 17 02:04:19 +0000 2026,60, Sailors aboard the USS Blue Ridge (LCC‑19) flagship of the United States Seventh Fleet conduct routine operations as the ship arrives in port in Manila Philippines March 16 2026. Port visits provide Blue Ridge the opportunity to strengthen partnerships engage with https://t.co/ncdC3871ot,2033726092280844427,https://pbs.twimg.com/media/HDk_DpMW0AEbbq1.jpg,,en,,0,5,13,https://x.com/undefined/status/2033726092280844427,24112747,
2033726083263254916,Tue Mar 17 02:04:17 +0000 2026,0,omg where s the one with cheol with a blue shirt from please?,2033726083263254916,,,en,,0,0,0,https://x.com/undefined/status/2033726083263254916,1632164699721674753,
2033725934600393032,Tue Mar 17 02:03:42 +0000 2026,0,マリオンクレープのポケピースコラボ7回目！ ハートがいっぱい！ ピカチュウ&amp;ピチューのクレープはチョコアイス乗せのオーソドックスなチョコバナナクレープ ステッカーピカチュウ3枚目... (ワッカネズミも3枚) #ポケモン https://t.co/dSTwL5rheg,2033725934600393032,https://pbs.twimg.com/media/HDk-9VQb0AAEWcX.jpg,,ja,,0,0,0,https://x.com/undefined/status/2033725934600393032,1687613756023681025,
2033533141923573808,Tue Mar 17 02:03:41 +0000 2026,0,@Martin_Nel_99 @MYANC It seems like being a politician in South Africa has certain perks. Stay at resorts. Shower free in hotels. Enjoy the blue light.,2033725931034919317,,Martin_Nel_99,en,,0,0,0,https://x.com/undefined/status/2033725931034919317,3405655587,
2033615554674889002,Tue Mar 17 02:03:38 +0000 2026,0,@seobflowr if u see this do it! nickname: sarawr prns: she/her height: 157cm on a good day... sexuality: straight smokes: no piercings: 2 tattoos : none fav color: blue &amp; purple fav drink: pokka green tea fav food: fish &amp; co fish &amp; chips fav animal: DOGSSSS,2033725919446372691,,seobflowr,en,,0,0,0,https://x.com/undefined/status/2033725919446372691,1701542448064069632,
2033432928429244534,Tue Mar 17 02:03:35 +0000 2026,0,@Amelia558rs Blue,2033725906238292208,,Amelia558rs,en,,0,0,0,https://x.com/undefined/status/2033725906238292208,874782588,
2033725889226346751,Tue Mar 17 02:03:31 +0000 2026,1,もう明日𝑻𝑯𝑬 𝑫𝑨𝒀 𝑶𝑭 𝑩𝑳𝑼𝑬 𝑮𝑹𝑨𝑫𝑼𝑨𝑻𝑰𝑶𝑵で信じたくない,2033725889226346751,,,ja,,0,0,0,https://x.com/undefined/status/2033725889226346751,1903141170278211584,
2033432928429244534,Tue Mar 17 02:03:30 +0000 2026,1,@Amelia558rs Navy Blue... accentuates her waist and is a lovely color for her...,2033725883723198843,,Amelia558rs,en,,0,0,0,https://x.com/undefined/status/2033725883723198843,476494583,
2033725881516998733,Tue Mar 17 02:03:29 +0000 2026,0, Why are my local groceries and rent so expensive when I live in a deep blue city full of retarded policy and high taxes if Trump is such a good President huh? These people can t be taken seriously ever.,2033725881516998733,,,en,,0,0,0,https://x.com/undefined/status/2033725881516998733,1857925146910289920,
2033725858603577775,Tue Mar 17 02:03:24 +0000 2026,0,USA Network and the Blue Sky Era https://t.co/1fnalmDzor https://t.co/qpPUSax14W,2033725858603577775,https://pbs.twimg.com/media/HDk-3jJW8AALaei.jpg,,en,,0,0,0,https://x.com/undefined/status/2033725858603577775,892208522657660929,
2033725857424941445,Tue Mar 17 02:03:23 +0000 2026,0,Je viens de terminer blue therapy et vraiment la médiocrité masculine c est quelque chose,2033725857424941445,,,fr,,1,1,0,https://x.com/undefined/status/2033725857424941445,165802941,
2033723188170113310,Tue Mar 17 02:03:16 +0000 2026,1,@preta_6 What is it with liberals wearing blue glasses??,2033725825846034790,,preta_6,en,,0,0,0,https://x.com/undefined/status/2033725825846034790,1887654914580480001,
2033725817809965155,Tue Mar 17 02:03:14 +0000 2026,0,Blue told me to remind yall niggas! Fuck that shit yall talking bout im the nigga!!! https://t.co/oiSeSXYiLZ,2033725817809965155,https://pbs.twimg.com/media/HDk-2oAbsAAoKPo.jpg,,en,,0,0,0,https://x.com/undefined/status/2033725817809965155,147356561,
2033687070766440805,Tue Mar 17 02:03:10 +0000 2026,1,@p6rrish Noah just cant be above adam Ronan or blue gansey maybe but like,2033725799778369537,,p6rrish,en,,0,1,0,https://x.com/undefined/status/2033725799778369537,1815534916379242496,
2033725799627690365,Tue Mar 17 02:03:10 +0000 2026,0,完売おめでとうございます！㊗️ 3月２日　宮古BLUE初版完売｜古本興業 若林凌駕 https://t.co/9B436STK2J,2033725799627690365,,,ja,,0,0,0,https://x.com/undefined/status/2033725799627690365,1495247229141262338,
2033535605573931126,Tue Mar 17 02:03:05 +0000 2026,0,@bronconationHPR @ProgressNow00 @MikeNellis @barb_swan Wow calm down pal maybe take a few deep breaths and get out of your mothers basement once in a blue moon and maybe go play in traffic nonce,2033725780405244048,,bronconationHPR,en,,0,0,0,https://x.com/undefined/status/2033725780405244048,1753182967667789824,
2033725770842173909,Tue Mar 17 02:03:03 +0000 2026,0,the white man from blue therapy is pissing me the fuuuuuuck off.,2033725770842173909,,,en,,0,1,0,https://x.com/undefined/status/2033725770842173909,1637932390676066310,
2033657788409516449,Tue Mar 17 02:03:02 +0000 2026,0,@NewsomNews @GavinNewsom Sure. President of the United Democratic States of America. Blue rule.,2033725767406830036,,NewsomNews,en,,0,0,0,https://x.com/undefined/status/2033725767406830036,990049816083357696,
2033712826888687960,Tue Mar 17 02:03:02 +0000 2026,10,@Dame__Carrying Come on let s be fr. One is in crunch time and one is up 20pts. You guys will complain that the sky is blue today.,2033725767193137548,,Dame__Carrying,en,,0,1,0,https://x.com/undefined/status/2033725767193137548,1898975356734095360,
2033725760708424135,Tue Mar 17 02:03:00 +0000 2026,1,An item on my Throne wishlist just got fully funded: BANDAI NAMCO Entertainment Digimon Card Game: Resurgence Booster Box Blue. Thank you! https://t.co/1PWZwKdLSD #Wishlist #throne https://t.co/VOT3rLAkvB,2033725760708424135,https://pbs.twimg.com/media/HDk-zYgbIAAuFrI.jpg,,en,,0,0,0,https://x.com/undefined/status/2033725760708424135,1437201832611180548,
2033518843533086868,Tue Mar 17 02:02:59 +0000 2026,0,@komallsalman Blue check: *puts bait into the water* You: *bites* Blue check next week: I just got $25000 from Elon ,2033725757206282241,,komallsalman,en,,0,0,0,https://x.com/undefined/status/2033725757206282241,1731381001614413825,
2033725756711243977,Tue Mar 17 02:02:59 +0000 2026,0,I just received a contribution towards BANDAI NAMCO Entertainment Digimon Card Game: Resurgence Booster Box Blue from dahoomancentipee via Throne. Thank you! https://t.co/1PWZwKdLSD #Wishlist #throne https://t.co/Rys7yLdNXZ,2033725756711243977,https://pbs.twimg.com/media/HDk-zKPXcAAOYfj.jpg,,en,,0,0,0,https://x.com/undefined/status/2033725756711243977,1437201832611180548,
2033661755444863049,Tue Mar 17 02:02:59 +0000 2026,0,@SenSchumer Your true colors are showing and they re not red white and blue.,2033725755515969668,,SenSchumer,en,,0,0,0,https://x.com/undefined/status/2033725755515969668,1448260252516954119,
2033568424316531014,Tue Mar 17 02:02:54 +0000 2026,1,@camaldula @musicandsoularg El video no es real. Es una animación CGI reciente (estilo hoaxes como Skinny Bob de 2011) con subtítulos bilingües y mensaje filosófico. Project Blue Book terminó en 1969; sus archivos desclasificados (públicos desde los 70) no incluyen nada similar ni interrogatorios,2033725733634285804,,camaldula,es,,0,0,0,https://x.com/undefined/status/2033725733634285804,1720665183188922368,
2033725726923375080,Tue Mar 17 02:02:52 +0000 2026,1, ️ Rosasite on calcite; vibrant blue-green minerals don't always need rare volcanic conditions to form rosasite on calcite forms quietly in the shallow oxygen-rich weathering zones of old ore deposits. @RocksfortheSpirit ️ - Greatly Appreciated https://t.co/UXQRY31pbf,2033725726923375080,https://pbs.twimg.com/ext_tw_video_thumb/2033725662750765056/pu/img/N6B-YqnYQhv2XBth.jpg,,en,,0,0,0,https://x.com/undefined/status/2033725726923375080,1823164398833414144,
2033710095226613878,Tue Mar 17 02:02:52 +0000 2026,0,@VinnysCorner1 H) Big Blue Wrecking Crew,2033725725635670427,,VinnysCorner1,en,,0,0,0,https://x.com/undefined/status/2033725725635670427,2714784408,
2033691667492999239,Tue Mar 17 02:02:50 +0000 2026,1,@ElonMuskPAXX @ParodyElonZX Agree as does every sane American with blood that runs red white and blue.,2033725719511962088,,ElonMuskPAXX,en,,0,0,1,https://x.com/undefined/status/2033725719511962088,1405177805718102019,
2033725710309679147,Tue Mar 17 02:02:48 +0000 2026,83,this isn t even all of it but it s not out of the blue for her to make shit float https://t.co/Qfa5HKJdqF,2033725710309679147,https://pbs.twimg.com/amplify_video_thumb/2033725649836498944/img/B97H0wN7nOKIBqIg.jpg,,en,,0,2,7,https://x.com/undefined/status/2033725710309679147,1700670540099260416,
2033725704660258976,Tue Mar 17 02:02:47 +0000 2026,0,Brilliant One Row Blue Sapphires sedef kadranı ve özel kite-cut safir taşlarıyla zarif bir mücevher saat görünümü sunuyor Daha renkli ve iddialı Jacob &amp; Co. seçeneklerini ise Classico Timepieces'ta keşfedebilirsiniz https://t.co/RCcEvccHYA,2033725704660258976,https://pbs.twimg.com/media/HDk-ttFaoAAGW_z.jpg,,tr,,0,0,0,https://x.com/undefined/status/2033725704660258976,2026884389188038656,
2033724582092214383,Tue Mar 17 02:02:47 +0000 2026,0,@barrildegoblinz beijão golf até o Blue sky,2033725704450273694,,barrildegoblinz,pt,,0,0,0,https://x.com/undefined/status/2033725704450273694,1810082833287016448,
2033655538496762233,Tue Mar 17 02:02:46 +0000 2026,0,@e_ekenem @Variety I was until I saw how Denis ruined the looks of all his characters except the mother which is contrary to the books. And Irulan should have blue eyes. Looks disappointing. Seriously when you have someone as gorgeous as Timothee you find a way NOT to try to ruin him. https://t.co/9toM3LRPLy,2033725699719368756,https://pbs.twimg.com/tweet_video_thumb/HDk-vk1bEAE_6Vf.jpg,e_ekenem,en,,0,0,0,https://x.com/undefined/status/2033725699719368756,1551070285595430912,
2033725694824616157,Tue Mar 17 02:02:45 +0000 2026,0,反対派を敵視する海保が速やかに救助したか検証が必要だ https://t.co/nBZ5aJDyaj,2033725694824616157,https://pbs.twimg.com/media/HDk-uwYbEAATMb5.png,,ja,,0,0,0,https://x.com/undefined/status/2033725694824616157,113024456,
2033678152438800514,Tue Mar 17 02:02:41 +0000 2026,0,@AskCryptoWealth @ColinTCrypto For blue chip alts yes,2033725677849968810,,AskCryptoWealth,en,,0,0,0,https://x.com/undefined/status/2033725677849968810,1353421347314167809,
2033720989096333633,Tue Mar 17 02:02:40 +0000 2026,0,@innitmalibu Bonnie blue getting banned on onlyfans is funny to me,2033725674440077500,,innitmalibu,en,,0,0,0,https://x.com/undefined/status/2033725674440077500,1778724150934208512,
2033696398621765924,Tue Mar 17 02:02:38 +0000 2026,0,@KeruboSk Blue collar nuff said,2033725668991631709,,KeruboSk,en,,0,0,0,https://x.com/undefined/status/2033725668991631709,442289938,
2033432928429244534,Tue Mar 17 02:02:38 +0000 2026,1,@Amelia558rs The blue,2033725668635066424,,Amelia558rs,en,,0,0,0,https://x.com/undefined/status/2033725668635066424,251210936,
2033725666219229392,Tue Mar 17 02:02:38 +0000 2026,0,you walk between the abandoned buildings and watch the train passing alone. my soul is a broken down ferris wheel blinking electric blue and red and green tears into the expansive nothing.,2033725666219229392,,,en,,0,0,0,https://x.com/undefined/status/2033725666219229392,1950431213400838144,
2033714163525079464,Tue Mar 17 02:02:33 +0000 2026,0,@ImBreckWorsham Guarantee it s a blue state,2033725648091369492,,ImBreckWorsham,en,,0,0,0,https://x.com/undefined/status/2033725648091369492,1363132416395771904,
2033725646015529010,Tue Mar 17 02:02:33 +0000 2026,0,What does an evil eye necklace really mean? ️Full guide: evil eye meaning color magic (blue/red/white) which side to wear &amp; how to cleanse for max protection. Read now → https://t.co/7u10paxA3j #EvilEyeMeaning #EvilEyeProtection #SpiritualJewelry,2033725646015529010,,,en,,0,0,0,https://x.com/undefined/status/2033725646015529010,2016755012110864385,
2033725642785648990,Tue Mar 17 02:02:32 +0000 2026,0,X is basically for the rich. No blue ink no views. Very bad.,2033725642785648990,,,en,,0,0,0,https://x.com/undefined/status/2033725642785648990,1848536017651064832,
2033680220700508485,Tue Mar 17 02:02:31 +0000 2026,1,@sinnborn He gave me sub zero vibes cause of the blue eyes but yah noob makes more sense ,2033725637672771902,,sinnborn,en,,0,1,0,https://x.com/undefined/status/2033725637672771902,1242061259618598921,
2033725635563037030,Tue Mar 17 02:02:30 +0000 2026,0,Bonnie blue getting banned on onlyfans is funny to me #BBB26 #おかえりマックポーク #bbvipks4,2033725635563037030,,,en,,0,0,0,https://x.com/undefined/status/2033725635563037030,1778724150934208512,
