"conversation_id_str","created_at","favorite_count","full_text","id_str","image_url","in_reply_to_screen_name","lang","location","quote_count","reply_count","retweet_count","tweet_url","user_id_str","username"
"2047906439255982592","Sun Apr 26 10:12:58 +0000 2026","0","@lenirtpls @oliveegger if I'm doing game theory its by accident. you're asking me to trust humanity to vote more than 50% blue but I already lived through brexit","2048344576683819080","","lenirtpls","en","","0","0","0","https://x.com/undefined/status/2048344576683819080","274432575",
"2048344549479567857","Sun Apr 26 10:12:51 +0000 2026","0","I am confused why the red button pressers quote game theory to justify their choice. Pressing the red button is basic survival logic: If I press red I don't die. It is the blue button that requires game theoretical justification to be pressed","2048344549479567857","","","en","","0","0","0","https://x.com/undefined/status/2048344549479567857","2709590021",
"2048297297403081100","Sun Apr 26 10:12:50 +0000 2026","0","@FryWipes Utopia *huge gap* WDTY Blue Lips *huge gap* IAD","2048344544857768310","","FryWipes","cy","","0","0","0","https://x.com/undefined/status/2048344544857768310","1837619645651865603",
"2048127217335431169","Sun Apr 26 10:12:48 +0000 2026","0","@DaveShapi @CarlWhi99454847 red button people are sociopaths? lol no blue button people believe that people are inherently good they're wrong and will die push red","2048344538331123976","","DaveShapi","en","","0","0","0","https://x.com/undefined/status/2048344538331123976","1124776551952809990",
"2048274767858245684","Sun Apr 26 10:12:48 +0000 2026","0","@RealDeanCain I'm a big blue eyed Welsh/Irish descended American and I've always approached to vote with my ID in hand long before this was even an issue. Nothing will change for me and won't for any American.","2048344537211207800","","RealDeanCain","en","","0","0","0","https://x.com/undefined/status/2048344537211207800","1751067648098492416",
"2048009145425563939","Sun Apr 26 10:12:41 +0000 2026","0","@DellAnnaLuca It s the exact opposite. Tell others to press blue everyone survives. Tell others to press red everyone who pressed red dies. I have no idea why you felt like you could reframe the problem in whatever false manner you like.","2048344507985317905","","DellAnnaLuca","en","","0","0","0","https://x.com/undefined/status/2048344507985317905","1863654208064430080",
"2048106483636707351","Sun Apr 26 10:12:39 +0000 2026","0","@leonhart_1993 @ShafronTom Yeah but you don't die in response to pressing the blue button. Nothing happens in response to pressing it. The thing happening is happening because people chose to press the red one.","2048344499638735165","","leonhart_1993","en","","0","0","0","https://x.com/undefined/status/2048344499638735165","1578072260413472773",
"2048344498657513698","Sun Apr 26 10:12:39 +0000 2026","0","When life is blue put on gorgeous burlesque lingerie and remember how beautiful you are On camera silk heels confidence. Off camera silence exhaustion tears. These photos were taken during one of the most beautiful shoots I've done. But... https://t.co/Q51pp7qaHD","2048344498657513698","https://pbs.twimg.com/media/HG0ubTrbYAAaQ_V.jpg","","en","","0","0","0","https://x.com/undefined/status/2048344498657513698","2029542183200788480",
"2048341608894972178","Sun Apr 26 10:12:39 +0000 2026","0","@Aldred999 Blue for me too","2048344497969381438","","Aldred999","en","","0","0","0","https://x.com/undefined/status/2048344497969381438","1516992030139985921",
"2048344495784140965","Sun Apr 26 10:12:38 +0000 2026","0","Blue is the colour football is the game We're all together and winning is our aim So cheer us on through the sun and rain Cause Afc Afc is our name Here at Nyayo Stadia whether rain or Sun. We can shine all the time Home or away ","2048344495784140965","","","en","","0","0","0","https://x.com/undefined/status/2048344495784140965","776521498974707712",
"2048109081836277928","Sun Apr 26 10:12:36 +0000 2026","0","@rudie_cantfail @bigwetbeans @questionableway Here's the actual premise: Press red and you are guaranteed to live. Press blue and you will die unless more than 50% press it","2048344485147427196","","rudie_cantfail","en","","0","0","0","https://x.com/undefined/status/2048344485147427196","1964749589791334400",
"2048083354227224759","Sun Apr 26 10:12:34 +0000 2026","0","@leonhart_1993 @ThinkWiselyMatt The outcome for the individual is the same. Collectively though these other factors matter. Of course I wouldn t jump into the woodchipper and no one should. But this isn t a woodchipper and if most people pick blue then no one has to die.","2048344479594315959","","leonhart_1993","en","","0","0","0","https://x.com/undefined/status/2048344479594315959","1229206153382391808",
"2048344478218326281","Sun Apr 26 10:12:34 +0000 2026","0","⎐تويو⎐ ⊵AN4⊴ ⎐نون⎐ ⊵STC9⊴ ⎐ايهرب⎐ايهيرب اهرب⎐ ⊵IPY1290⊴ ⎐ماكـس⎐فاشون⎐ ⊵K2Y⊴ 〖كـُــــــــود خـصـمــ〗 green blue light rQj","2048344478218326281","","","ar","","0","0","0","https://x.com/undefined/status/2048344478218326281","4745924500",
"2048329807499612529","Sun Apr 26 10:12:33 +0000 2026","0","@Drax_Neel Yet another blue tick FE grifter proving zero understanding of the physics of light ","2048344472149258476","","Drax_Neel","en","","0","0","0","https://x.com/undefined/status/2048344472149258476","2196144400",
"2048344468680499278","Sun Apr 26 10:12:32 +0000 2026","0","꒰ ' we drinking this summer .ᐣ ' is the sky blue . ꒱","2048344468680499278","","","en","","0","0","0","https://x.com/undefined/status/2048344468680499278","1994339884019191808",
"2048045712512831557","Sun Apr 26 10:12:32 +0000 2026","0","@egirlyuix Oh blue underwear you are very chubby but I want to smashing your inner tight strongly","2048344467841720610","","egirlyuix","en","","0","0","0","https://x.com/undefined/status/2048344467841720610","961812824",
"2048303613802631240","Sun Apr 26 10:12:31 +0000 2026","0","@Aella_Girl Zero chance 80% of the population presses blue. China alone will hit red 100% in hopes they're the only ones left. Most of sub Saharan Africa literally isn't intelligent enough to understand the morals.","2048344466579182076","","Aella_Girl","en","","0","0","0","https://x.com/undefined/status/2048344466579182076","1447774273",
"2048344466050695510","Sun Apr 26 10:12:31 +0000 2026","0","Flying high over Reevesie's Shed Bar. I wish you all a great day it's my 40th wedding anniversary today so I'm otherwise engaged. Come on you Blue Boys! CAREFREE https://t.co/wyXgm9As96","2048344466050695510","https://pbs.twimg.com/ext_tw_video_thumb/2048344441874956288/pu/img/7zew1sdBsanlVHwd.jpg","","en","","0","0","0","https://x.com/undefined/status/2048344466050695510","299204319",
"2048344459063042126","Sun Apr 26 10:12:30 +0000 2026","0","ستايلي⊴ ⎐SY2⊴ ⎐نون⎐ ⊵STC9⊴ ⎐ايهرب⎐ايهيرب اهرب⎐ ⊵IPY1290⊴ ⎐ماكـس⎐فاشون⎐ ⊵K2Y⊴ 〖كـُــــــــود خـصـمــ〗 blue story mir","2048344459063042126","","","ar","","0","0","0","https://x.com/undefined/status/2048344459063042126","4792483288",
"2048190557642428453","Sun Apr 26 10:12:28 +0000 2026","0","@QuantumlyQuirky @AbeLopezAuthor By voting red you don't die with the other blue voters and can continue to live for your loved ones that also pressed red instead of making them have to bury you.","2048344450619863316","","QuantumlyQuirky","en","","0","0","0","https://x.com/undefined/status/2048344450619863316","1663201588666572800",
"2048125302090653838","Sun Apr 26 10:12:27 +0000 2026","0","@FractionTricks @GeometryPuzzles Blue!!!","2048344446509436987","","FractionTricks","en","","0","0","0","https://x.com/undefined/status/2048344446509436987","407887193",
"2048184059776700444","Sun Apr 26 10:12:25 +0000 2026","0","@OchwiayB @nise_yoshimi i didn't mind the for you feed as much but i did check the box to hide the premium blue checks. one thing i did see though is this i'm kinda hesitant to mess with it but i'm also curious what it'll do. i just don't wanna accidentally mess something up lol https://t.co/adklKYTq8J","2048344441199485028","https://pbs.twimg.com/media/HG0uCZoaoAAv_VV.png","OchwiayB","en","","0","0","0","https://x.com/undefined/status/2048344441199485028","2015588302028496896",
"2048038895120519183","Sun Apr 26 10:12:23 +0000 2026","0","@lenirtpls @CraftingVegeto if its a thought experiement then there is no selfishness with pressing Red nor no need to save others by pressing Blue because no one is actually going to die.","2048344433473593551","","lenirtpls","en","","0","0","0","https://x.com/undefined/status/2048344433473593551","1369850094221205505",
"2048079024698662954","Sun Apr 26 10:12:22 +0000 2026","0","@Covidtalk1 @WokeFDR that is not their argument for why you should vote blue that is their justification for why they are voting blue","2048344429170454747","","Covidtalk1","en","","0","0","0","https://x.com/undefined/status/2048344429170454747","4864260203",
"2048149880460214755","Sun Apr 26 10:12:20 +0000 2026","0","@Gisele_ShoeSmug @lymanstoneky The online poll is the absolutely best result you can ever get. There are no consequences and the entire world isn't voting. So are you voting blue if you know you would lose? In actual reality you would lose.","2048344420253044814","","Gisele_ShoeSmug","en","","0","0","0","https://x.com/undefined/status/2048344420253044814","1694424395790303232",
"2048046873437434103","Sun Apr 26 10:12:19 +0000 2026","0","@ErnestPlacido @Stretchedwiener i've convinced myself they won't. people will die. the button maker is evil and has blood on his hands but if you are right then i'm still good. blue won. i'm elated. then you must realize there are blues that realize this as well think blue will win but vote red.","2048344414817599793","","ErnestPlacido","en","","0","0","0","https://x.com/undefined/status/2048344414817599793","1503444355503198210",
"2048344403979157646","Sun Apr 26 10:12:16 +0000 2026","0","if I buy Blue tick it's because of this video","2048344403979157646","","","en","","0","0","0","https://x.com/undefined/status/2048344403979157646","1628686002926518273",
"2048210786829381976","Sun Apr 26 10:12:14 +0000 2026","0","@yousizedhole I assume you're the blue? You dont deserve to be humiliated like this. Cut them off","2048344394848203043","","yousizedhole","en","","0","0","0","https://x.com/undefined/status/2048344394848203043","28813528",
"2048038895120519183","Sun Apr 26 10:12:14 +0000 2026","0","@TiltAtGiants @CraftingVegeto Self-interest *does* extend to kin parents routinely risk everything for their kids. That's real human nature. But in this exact setup pressing red still dominates for the parent too: you live guaranteed. Blue gambles *both* your life *and* your child's on the &gt;50% coordination","2048344393329848560","","TiltAtGiants","en","","0","0","0","https://x.com/undefined/status/2048344393329848560","1720665183188922368",
"2048344377957986536","Sun Apr 26 10:12:10 +0000 2026","1","# Some new fashion designs: + Love Deeply in Autumn 爱在深秋 Series ~Fine linen or cotton hooded casual thick-jacket w/ city/neutral/natural/fashion colors: light blue/silver grey/beige white/red pink/water blue... w/ or w/o mid-openings; w/ Love Deeply in Autumn wordings...","2048344377957986536","","","en","","0","0","0","https://x.com/undefined/status/2048344377957986536","1046427820006694913",
"2048344375550247331","Sun Apr 26 10:12:10 +0000 2026","0","If only adults are voting and people can discuss in advance vote red - everyone lives. If babies toddlers and non-compos mentis individuals are voting vote blue to save (half of) them.","2048344375550247331","","","en","","0","0","0","https://x.com/undefined/status/2048344375550247331","19585923",
"2048344365714559018","Sun Apr 26 10:12:07 +0000 2026","0","People talk Red Button or Blue Button You going to push a button to make sure more deaths are natural or make sure more deaths are unnatural? More life than unnatural death?","2048344365714559018","","","en","","0","0","0","https://x.com/undefined/status/2048344365714559018","1847347962227154949",
"2048344364414537887","Sun Apr 26 10:12:07 +0000 2026","0","[映画]BLUE GIANTを映画館で上映しよう！ | ドリパス https://t.co/pRWJ1DTKWZ via @dre_pass","2048344364414537887","","","ja","","0","0","0","https://x.com/undefined/status/2048344364414537887","1251726694072762371",
"2048344350938079589","Sun Apr 26 10:12:04 +0000 2026","0","quand? ⎐كُود⎐⎐نون⎐ ⊵NKW⊴ ⎐عطور▬رسيس⎐ ⊵AA51⊴ ⎐وفرها⎐ ⊵KK20⊴ ⎐كؤِبُون⎐Classic Blue ^^^^ ⎐خـِصم⎐QNMgYcRz1ZsQ https://t.co/agRrWfYDvi","2048344350938079589","https://pbs.twimg.com/media/HG0uU9-bwAAeqV1.jpg","","und","","0","0","0","https://x.com/undefined/status/2048344350938079589","1928691663859249152",
"2048344350812520505","Sun Apr 26 10:12:04 +0000 2026","0","hei? ⎐كُود⎐⎐تويو⎐ ⊵FF7⊴ فيكتوريا▬سيكريت▬فكتوريا▬سكرت ⊵AK5Y⊴ ⎐نيو▬بالانس▬نيوبالانس⎐ ⎐AVMD⎐ ⎐كؤِبُون⎐Shadow Blue ^^ ⎐خـِصم⎐Y3XF2xGFcpNZ https://t.co/1E4WZAHD6m","2048344350812520505","https://pbs.twimg.com/media/HG0uU0VbYAAU4Pa.jpg","","ar","","0","0","0","https://x.com/undefined/status/2048344350812520505","804421051",
"2048344344739106955","Sun Apr 26 10:12:02 +0000 2026","0","Dad? ⎐كُود⎐⎐تُيموُ⎐ ⊵TEM21⊴ ⎐سامسونج⎐ ⊵AFM122⊴ ⎐روم▬لس▬ليس▬Roamless▬esim▬ ⊵OMGRML⊴ ⎐كؤِبُون⎐Faded Blue ^^ ⎐خـِصم⎐xi4FtyO7gfIc3 https://t.co/WUHSB7W3oq","2048344344739106955","https://pbs.twimg.com/media/HG0uUgxbEAAkGdJ.jpg","","und","","0","0","0","https://x.com/undefined/status/2048344344739106955","228441491",
"2048344343686029737","Sun Apr 26 10:12:02 +0000 2026","0","Chelsea fc Blue co: they will continue to have meltdowns they were fortunate to win world club last summer reality check the club is run under the blue co committee anyone in sport knows it doesn t work never will.","2048344343686029737","","","en","","0","0","0","https://x.com/undefined/status/2048344343686029737","1636501242418438144",
"2048191173697663083","Sun Apr 26 10:12:02 +0000 2026","0","@basilda_a So he randomly decides to message you out of the blue to tell you about an upcoming scam and proceeds to comment on your post after but there s no pre existing relationship? Strange.","2048344342532624754","","basilda_a","en","","0","0","0","https://x.com/undefined/status/2048344342532624754","69691641",
"2048344341966475328","Sun Apr 26 10:12:02 +0000 2026","0","⎐دبدوب⎐ ⊵Q16⊴ ⎐ايهرب⎐ايهيرب اهرب⎐ ⊵IPY1290⊴ ⎐ماكـس⎐فاشون⎐ ⊵K2Y⊴ ⎐نون⎐ ⊵STC9⊴ 〖كـُــــــــود خـصـمــ〗 move blue vibe XxH","2048344341966475328","","","ar","","0","0","0","https://x.com/undefined/status/2048344341966475328","1564203536",
"2048242681533682114","Sun Apr 26 10:12:02 +0000 2026","0","@xenocosmography @brainfriedtard This is just the perfect way to get conservatives to choose blue.","2048344341677326430","","Lafawa2","en","","0","0","0","https://x.com/undefined/status/2048344341677326430","1640539534265040896",
"2048344335360360798","Sun Apr 26 10:12:00 +0000 2026","0","Binned? ⎐كُود⎐⎐نون⎐ ⊵KW44⊴ ⎐ريتشوالز_ريتوال_ريتوالز_ ⊵MUSK⊴ ⎐رايه▬رايا▬شوب▬ ⊵RS187⊴ ⎐كؤِبُون⎐Crystal Blue ^^^ ⎐خـِصم⎐JYChKAbrFatyp https://t.co/QhE5obssbE","2048344335360360798","https://pbs.twimg.com/media/HG0uUERbcAAOKaD.jpg","","und","","0","0","0","https://x.com/undefined/status/2048344335360360798","1527583398788845568",
"2048212410939371989","Sun Apr 26 10:11:58 +0000 2026","0","@MurkaDurkah If you think Inda (hindus) (the people that literally believe choosing quiet meditation until death to be the most altruistic thing a person can do) would absolutely be voting blue and this tells me you not only WANT to see violence but you are also not just racist but BLINDLY so","2048344327768903748","","MurkaDurkah","en","","0","0","0","https://x.com/undefined/status/2048344327768903748","1770876297679716352",
"2048085606392275317","Sun Apr 26 10:11:58 +0000 2026","0","@RichardHanania Everyone has to push red for everyone to survive. Only just over half have to push blue for everyone to survive. People really going out of their way to try to logic their terrible morality.","2048344326057373809","","RichardHanania","en","","0","0","0","https://x.com/undefined/status/2048344326057373809","310946087",
"2048344318541271338","Sun Apr 26 10:11:56 +0000 2026","0","Teal lip.. on Frankie??? And yall like that????? (Should ve been closer to a baby blue)","2048344318541271338","","","en","","0","0","0","https://x.com/undefined/status/2048344318541271338","1300799749797359616",
"2048344312812110214","Sun Apr 26 10:11:55 +0000 2026","0","WTS UPICK 8.000 = $1/IDR16.000 Avail: 2M TAKE BULK GET DISC t. wtb wts lfb lfs beli jual blue jam jams vote votes","2048344312812110214","","","en","","0","0","0","https://x.com/undefined/status/2048344312812110214","1582381367433736193",
"2048344306088648889","Sun Apr 26 10:11:53 +0000 2026","0","X is lowkey a 'pay to play' club now. If you don't have the blue check your tweets just hit a brick wall. Guess the algorithm doesn't care about the vibe if you aren't paying the tax.","2048344306088648889","","","en","","0","0","0","https://x.com/undefined/status/2048344306088648889","2019719513634115584",
"2047733734858715366","Sun Apr 26 10:11:53 +0000 2026","0","@reukers @SimoneSyed @MatjazLeonardis I voted blue. So I fully understand why blue voters would choose to vote blue. It seems you don't want to have any intellectual empathy for the red voters. I do.","2048344303529791865","","reukers","en","","0","0","0","https://x.com/undefined/status/2048344303529791865","3860619455",
"2048069824463458811","Sun Apr 26 10:11:52 +0000 2026","0","@johnkissinger @RealSKeshel You're somewhat right and we should have whatever percentage of the vote say California gets 50% Blue and 50% Red then the 55 EC votes should be half and half towards the President. Good idea I like that oh but you won't like that as it's always 55 votes for the liberals.","2048344303358079319","","johnkissinger","en","","0","0","0","https://x.com/undefined/status/2048344303358079319","712310623036506112",
"2048215869550162271","Sun Apr 26 10:11:52 +0000 2026","0","@DivineDeadlock @minordissent &gt;now you are claiming low IQ people wouldn't press blue? No nobody said that Imagine you can discuss with close family before pressing the button. Would you be ok telling your kids/family to press the button with a chance of death rather than the entirely safe option?","2048344300585656341","","DivineDeadlock","en","","0","0","0","https://x.com/undefined/status/2048344300585656341","1971478855392296964",
"2048344299444789655","Sun Apr 26 10:11:52 +0000 2026","0","明日21時から、バンドでYouTubeライブ配信します。 5/1(金)汐留Blue Moodでのライブに向けたリハーサル配信 是非お時間ある方は遊びに来て下さい https://t.co/9aZffrOob9","2048344299444789655","","","ja","","0","0","0","https://x.com/undefined/status/2048344299444789655","311519814",
"2048344299293507989","Sun Apr 26 10:11:52 +0000 2026","0","⎐تويو⎐ ⊵AN4⊴ ⎐نون⎐ ⊵STC9⊴ ⎐ايهرب⎐ايهيرب اهرب⎐ ⊵IPY1290⊴ ⎐ماكـس⎐فاشون⎐ ⊵K2Y⊴ 〖كـُــــــــود خـصـمــ〗 trend blue VZJ","2048344299293507989","","","ar","","0","0","0","https://x.com/undefined/status/2048344299293507989","732218509271433216",
"2048344297129308351","Sun Apr 26 10:11:51 +0000 2026","0","⎐ترنديول⎐ ⊵BDL⊴ ⎐ايهرب⎐ايهيرب اهرب⎐ ⊵IPY1290⊴ ⎐نون⎐ ⊵STC9⊴ ⎐ماكـس⎐فاشون⎐ ⊵K2Y⊴ 〖كـُــــــــود خـصـمــ〗 trend blue KKJ","2048344297129308351","","","ar","","0","0","0","https://x.com/undefined/status/2048344297129308351","439110399",
"2048344292238987373","Sun Apr 26 10:11:50 +0000 2026","0","Ordered 2 pairs from Flipkart (CLYMB shoes) one Brown one Blue. Guess what I got? BOTH BROWN. Now when I request exchange they REJECT it despite 10-day policy. This is not a mistake this feels like a SCAM. @Flipkart fix this ASAP or explain your policy. #Flipkart #Customer https://t.co/YWO9eO40bt","2048344292238987373","https://pbs.twimg.com/media/HG0uPBNbgAMG7ER.jpg","","en","","0","0","0","https://x.com/undefined/status/2048344292238987373","954703772890030080",
"2048344286517702964","Sun Apr 26 10:11:48 +0000 2026","0","⎐تويو⎐ ⊵AN4⊴ ⎐نون⎐ ⊵STC9⊴ ⎐ايهرب⎐ايهيرب اهرب⎐ ⊵IPY1290⊴ ⎐ماكـس⎐فاشون⎐ ⊵K2Y⊴ 〖كـُــــــــود خـصـمــ〗 trend blue zdi","2048344286517702964","","","ar","","0","0","0","https://x.com/undefined/status/2048344286517702964","4649479523",
"2048137113603092485","Sun Apr 26 10:11:48 +0000 2026","0","@WilliamHope1912 @eshear @GarrettPetersen It is the same. Pressing the white button guarantees your survival which is the equivalent to walking away from the black button or pressing the red button. Pressing the black button blue button or walking away from the white button is a needless gamble of your life","2048344285083295778","","WilliamHope1912","en","","0","0","0","https://x.com/undefined/status/2048344285083295778","1668659853168975873",
"2048344278624301144","Sun Apr 26 10:11:47 +0000 2026","0","should? ⎐كُود⎐⎐تويو⎐ ⊵FF7⊴ ⎐مفارش▬الحبيب⎐ ⊵FF35⊴ ⎐فاشون▬اس▬اي⎐ ⊵QS⊴ ⎐كؤِبُون⎐Moon Blue ^^^ ⎐خـِصم⎐FLANFl84Gbom https://t.co/p49lJPqjM4","2048344278624301144","https://pbs.twimg.com/media/HG0uQoQagAEyR_j.jpg","","und","","0","0","0","https://x.com/undefined/status/2048344278624301144","458395458",
"2048344273981174084","Sun Apr 26 10:11:45 +0000 2026","0","There's two frames for the red vs blue vote; self-motivated decisions are a fact of life so vote red or organisation of collective action works so vote blue. This is why capitalism is best of a bad set of organising principles. It leverages self interest for collective benefit.","2048344273981174084","","","en","","0","0","0","https://x.com/undefined/status/2048344273981174084","574228479",
"2048313787468615971","Sun Apr 26 10:11:45 +0000 2026","0","@Viralvid_89 The old blue cum back road load mouth n","2048344270021562469","","Viralvid_89","en","","0","0","0","https://x.com/undefined/status/2048344270021562469","1831136811755970560",
"2048336841024418231","Sun Apr 26 10:11:41 +0000 2026","0","@Aboge_27 That gentleman in a black shirt and a blue jeans ako na kitu hapo kwa kiuno.","2048344255584784768","","Aboge_27","tl","","0","0","0","https://x.com/undefined/status/2048344255584784768","914939448059727873",
"2048102450658435514","Sun Apr 26 10:11:40 +0000 2026","0","@ThinkWiselyMatt In my feed it is. My feed all of a sudden is full of blue pressers trying to tell red pressers (me) why blue is better. As a red presser i don't care if you win or not i live either way i opted out of the game by pressing red.","2048344250266366104","","ThinkWiselyMatt","en","","0","0","0","https://x.com/undefined/status/2048344250266366104","1811451796763631616",
"2048214829123739650","Sun Apr 26 10:11:40 +0000 2026","0","@UTReaganCaucus Blue Blake and others have been unveiled. Gotta return to your Dem party platform ya gooners.","2048344249528406352","","UTReaganCaucus","en","","0","0","0","https://x.com/undefined/status/2048344249528406352","1666282533070450688",
"2048117995227246688","Sun Apr 26 10:11:37 +0000 2026","0","@QiaochuYuan You might say then it will slowly erode but if it would be like that then it would not be safe to press blue in the first place","2048344239629611504","","gfhffjt","en","","0","0","0","https://x.com/undefined/status/2048344239629611504","1641216858056544260",
"2048343851736400237","Sun Apr 26 10:11:37 +0000 2026","0","My Favorite Blue 窓 --- 巡礼者たち こぼれ落ちたもの ひとり 逆光 ひかりのまち 瞬きをしない間に","2048344237406867613","","rukapo","ja","","0","0","0","https://x.com/undefined/status/2048344237406867613","114133231",
"2048344236328706242","Sun Apr 26 10:11:36 +0000 2026","0","Only 2 home league games below 30k btw Turned up home and away even when we knew we were down by December Went #mcfc away last season and most of them dressed up as blue seats #saintsfc https://t.co/kghv6neVTM","2048344236328706242","https://pbs.twimg.com/media/HG0uOUlaEAEOqkJ.jpg","","en","","0","0","0","https://x.com/undefined/status/2048344236328706242","1901022255150153728",
"2048314642267849109","Sun Apr 26 10:11:36 +0000 2026","0","@SoundBreakPH @SB19Official Blue for swimming pool I am voting #SB19 for #GrupoDuplaInternacionaldoAno and #WakasAtSimula for #AlbumEPInternacionaldoAno #SECAwards @SB19Official","2048344236324769808","","SoundBreakPH","en","","0","0","0","https://x.com/undefined/status/2048344236324769808","1520582042114981888",
"2048344235556872473","Sun Apr 26 10:11:36 +0000 2026","0","IM NOT PISSED!!!!!!!!!!!! I WANT THE BLUE PEOPLE TO LIVE!!!!!!! I WANT EVERYONE TO LIVE!!!!!!!!!!!! i just want to live more. im glad we all survive.","2048344235556872473","","","en","","0","0","0","https://x.com/undefined/status/2048344235556872473","1465005095981092869",
"2048344234269331944","Sun Apr 26 10:11:36 +0000 2026","0","Rain dey beat my friend blue black werey still dey shout jigyyy jiggyy ","2048344234269331944","","","en","","0","0","0","https://x.com/undefined/status/2048344234269331944","1737243521034203136",
"2048024281485877701","Sun Apr 26 10:11:34 +0000 2026","0","@CoryBooker The Democrat's Blue Wave couldn't ring a dinghy. American citizens can see that electing a Democrat is electing an operative. only interested in doing the party's work not representing you. The Dems have no leaders just simpering lackeys after the loyalty and purity tests. https://t.co/31JHU3q91E","2048344224597164036","https://pbs.twimg.com/media/HG0uFPzagAA2Fb_.jpg","CoryBooker","en","","0","0","0","https://x.com/undefined/status/2048344224597164036","1711179626439950337",
"2048344220256084111","Sun Apr 26 10:11:33 +0000 2026","2","B.B. King - L.A. Midnight - 1972 It features two extended guitar jams with fellow guitarists Jesse Ed Davis and Joe Walsh ( Midnight and Lucille's Granny ). It also features Taj Mahal on harmonica and guitar on Can't You Hear Me Talking to You and I've Been Blue Too Long . https://t.co/2COe86A6Wk","2048344220256084111","https://pbs.twimg.com/media/HG0uNoxacAAiXaQ.jpg","","en","","0","0","0","https://x.com/undefined/status/2048344220256084111","1447886281485307907",
"2048199758842630245","Sun Apr 26 10:11:32 +0000 2026","1","@Iwanumaillust @capsulebutt That and the whole area between the station and the park entrance was more or less packed with kids cosplaying / sitting on blue sheets / squatting against walls. Especially the weekends but a solid mob midweek too.","2048344215911035123","","Absurdum14","en","","0","0","0","https://x.com/undefined/status/2048344215911035123","415247869",
"2048120476925603871","Sun Apr 26 10:11:30 +0000 2026","0","@DanielleFong Can't believe blue won in a zero consequences scenario in a plataform that's used for virtue signaling. Shocking","2048344209266974865","","DanielleFong","en","","0","0","0","https://x.com/undefined/status/2048344209266974865","1617736784",
"2048338867028451763","Sun Apr 26 10:11:30 +0000 2026","0","@akhterify Blue outfit","2048344208336101742","","akhterify","en","","0","0","0","https://x.com/undefined/status/2048344208336101742","1810938623455633408",
"2048344202153783460","Sun Apr 26 10:11:28 +0000 2026","0","Having Blue Banister moment is scared me. Cause I met a man online who said he d come when he s in town just to help me if I need cuddle and kiss. Summer comes winter goes. Spring I skip God knows ","2048344202153783460","","","en","","0","0","0","https://x.com/undefined/status/2048344202153783460","284424898",
"2048344193043726820","Sun Apr 26 10:11:26 +0000 2026","0","wts inact receh with hd warna soft pastel biru / jeans blue v email only @ random 35K qris #bealanja https://t.co/Ynn4XNyyJ8","2048344193043726820","https://pbs.twimg.com/media/HG0uLzQbEAAj2sZ.jpg","","en","","0","0","0","https://x.com/undefined/status/2048344193043726820","3240631819",
"2048344192812785766","Sun Apr 26 10:11:26 +0000 2026","0","⎐نمشي⎐ ⊵MBC8⊴ ⎐نون⎐ ⊵STC9⊴ ⎐ماكـس⎐فاشون⎐ ⊵K2Y⊴ ⎐ايهرب⎐ايهيرب اهرب⎐ ⊵IPY1290⊴ 〖كـُــــــــود خـصـمــ〗 blue trend dark Luq","2048344192812785766","","","ar","","0","0","0","https://x.com/undefined/status/2048344192812785766","4886662811",
"2048344186995294229","Sun Apr 26 10:11:25 +0000 2026","0","Can God bless me with a blonde blue eyed dilf in his late 30s???","2048344186995294229","","","en","","0","0","0","https://x.com/undefined/status/2048344186995294229","2025639823705272320",
"2048069651997900987","Sun Apr 26 10:11:21 +0000 2026","0","@Masika_039 I think I need me a pair or two; Blue Brown","2048344171103043879","","Masika_039","en","","0","0","0","https://x.com/undefined/status/2048344171103043879","1874046435240312832",
"2048046147135062473","Sun Apr 26 10:11:21 +0000 2026","0","@RpsAgainstTrump Impeach Trump because... blue and not dirty? You people are the most insufferable morons on the entire globe.","2048344169530130717","","RpsAgainstTrump","en","","0","0","0","https://x.com/undefined/status/2048344169530130717","1955546285538217984",
"2048038895120519183","Sun Apr 26 10:11:20 +0000 2026","0","@CraftingVegeto Important part is that You have to trust into society to push blue Do you trust into people who vote for trump? Advocating putin? Into 4channers that sure will push red only to kill those who pressed blue?","2048344168095736283","","CraftingVegeto","en","","0","0","0","https://x.com/undefined/status/2048344168095736283","2019744060873883648",
"2048344167043239964","Sun Apr 26 10:11:20 +0000 2026","0","I strongly believe this was preplanned blue on blue attempt to assassinate our President Trump.","2048344167043239964","","","en","","0","0","0","https://x.com/undefined/status/2048344167043239964","1650627316815650821",
"2048344165734547873","Sun Apr 26 10:11:20 +0000 2026","0","Pen? ⎐كُود⎐⎐نمشي⎐ ⊵RD12⊴ ⎐مغربى▬المغربي▬للبصرىات⎐ ⊵MM9⊴ ⎐لفل⎐ليفل⎐شوز⎐ ⊵GGG⊴ ⎐كؤِبُون⎐Pure Blue ^^ ⎐خـِصم⎐bmnFLGJVAo5F https://t.co/nG33bpxJfX","2048344165734547873","https://pbs.twimg.com/media/HG0uKAmbMAAvyeY.jpg","","ar","","0","0","0","https://x.com/undefined/status/2048344165734547873","392258843",
"2048093997109752075","Sun Apr 26 10:11:18 +0000 2026","0","@CypressDahlia I would watch you press blue and die any given day.","2048344160583692452","","CypressDahlia","en","","0","0","0","https://x.com/undefined/status/2048344160583692452","1080893385739771905",
"2048254685396586961","Sun Apr 26 10:11:18 +0000 2026","0","@SamaHoole and you will never see blue tits trying to get at a bottle of skimmed milk - they know.","2048344159698739363","","SamaHoole","en","","0","0","0","https://x.com/undefined/status/2048344159698739363","1802719393350107136",
"2048333184753168695","Sun Apr 26 10:11:18 +0000 2026","0","@MikaNase @skye_anj @SB19Official Blue purple green I am voting #SB19 for #GrupoDuplaInternacionaldoAno and #WakasAtSimula for #AlbumEPInternacionaldoAno #SECAwards.","2048344158222577772","","MikaNase","en","","0","0","0","https://x.com/undefined/status/2048344158222577772","2030988547139006465",
"2048314642267849109","Sun Apr 26 10:11:18 +0000 2026","0","@SoundBreakPH @SB19Official Blue pero bayolet pag nakikipagbarda I am voting #SB19 for #GrupoDuplaInternacionaldoAno and #WakasAtSimula for #AlbumEPInternacionaldoAno #SECAwards","2048344156742017083","","SoundBreakPH","tl","","0","0","0","https://x.com/undefined/status/2048344156742017083","1989571755934191618",
"2048344031269453972","Sun Apr 26 10:11:16 +0000 2026","0","@Achievetogoal Verified! This chart is spot on for Indian road milestones: - Yellow: National Highway - Green: State Highway - Black: City Road - Orange: Village Road The bottom row (Red: Railway Blue: Airport Brown: Port Grey: Bridge) is a popular extension in viral graphics but","2048344150529946049","","Achievetogoal","en","","0","0","0","https://x.com/undefined/status/2048344150529946049","1720665183188922368",
"2048344148059570686","Sun Apr 26 10:11:15 +0000 2026","0","⎐ايوا⎐ ⊵AC⊴ ⎐ماكـس⎐فاشون⎐ ⊵K2Y⊴ ⎐نون⎐ ⊵STC9⊴ ⎐ايهرب⎐ايهيرب اهرب⎐ ⊵IPY1290⊴ 〖كـُــــــــود خـصـمــ〗 soft top blue ygF","2048344148059570686","","","ar","","0","0","0","https://x.com/undefined/status/2048344148059570686","3058872535",
"2048344144675057900","Sun Apr 26 10:11:15 +0000 2026","0","allo? ⎐كُود⎐⎐نمشي⎐ ⊵MFM2⊴ ▬أوسما▬ ⎐DZ74⊴ ⎐عطور▬رسيس⎐ ⊵AA51⊴ ⎐كؤِبُون⎐Shadow Blue ^^^ ⎐خـِصم⎐dTBAfvwTJ2R5 https://t.co/glgsD2q04W","2048344144675057900","https://pbs.twimg.com/media/HG0uIwqagAA1F03.jpg","","und","","0","0","0","https://x.com/undefined/status/2048344144675057900","525360866",
"2048250717924647227","Sun Apr 26 10:11:15 +0000 2026","0","@Matt_Pinner Blue","2048344144439812488","","Matt_Pinner","en","","0","0","0","https://x.com/undefined/status/2048344144439812488","82142013",
"2048344141600280589","Sun Apr 26 10:11:14 +0000 2026","0","⎐نمشي⎐ ⊵MBC8⊴ ⎐نون⎐ ⊵STC9⊴ ⎐ماكـس⎐فاشون⎐ ⊵K2Y⊴ ⎐ايهرب⎐ايهيرب اهرب⎐ ⊵IPY1290⊴ 〖كـُــــــــود خـصـمــ〗 blue prime night ddr","2048344141600280589","","","ar","","0","0","0","https://x.com/undefined/status/2048344141600280589","244134733",
"2048342782830645282","Sun Apr 26 10:11:11 +0000 2026","0","@Saranya94940083 Blue tick Yenga ‍️","2048344130141778188","","Saranya94940083","en","","0","0","0","https://x.com/undefined/status/2048344130141778188","1407269387426426887",
"2048344119576334421","Sun Apr 26 10:11:09 +0000 2026","0","Age: 31 Past relationships: yes Fell In Love: yes Smoking: yes Booze: yes Job: no Fav Food: Chicken Fav Color: Black/Blue Fav Drink: Bindu &amp; Nannari Fav Snacks: mirchi Bajjilu Fav Animal: Tiger","2048344119576334421","","","en","","0","0","0","https://x.com/undefined/status/2048344119576334421","2803636374",
"2048029458393702804","Sun Apr 26 10:11:09 +0000 2026","0","@TheHonestEvil @rtalbot @LeGigacat @EricRichards22 I gave my side. You failed to show that 50%+ humans will actually vote blue. It means you are fine with taking yourselves and everyone on here who proudly proclaims to vote blue on a suicide path. There is nothing to discuss if that's the case.","2048344119051981288","","TheHonestEvil","en","","0","0","0","https://x.com/undefined/status/2048344119051981288","1453315779634466823",
"2048340114988732542","Sun Apr 26 10:11:06 +0000 2026","0","@AtoyebiPaulB Thanks so much Boss... Blue tick straight up.... ","2048344107970380098","","AtoyebiPaulB","en","","0","0","0","https://x.com/undefined/status/2048344107970380098","993843655042625538",
"2048344103763718457","Sun Apr 26 10:11:05 +0000 2026","1","[25 | April | 2026] SOLD !!! IDOL CHAMP - Stage Champion For #MODYSSEY Total 56.780 Blue Chamsim Thank you very much for your order and trust in our shop Purchase @rising_hengyu.️ &gt; Proof of vote has been sent to the buyer &gt; Testi #PROOFKPOPSTOREVOTES https://t.co/yij2UVQMm2","2048344103763718457","https://pbs.twimg.com/media/HG0uGZEaEAAAVCZ.jpg","","en","","0","0","1","https://x.com/undefined/status/2048344103763718457","1853054547389976576",
"2048327913507053863","Sun Apr 26 10:11:02 +0000 2026","0","@RaoKavitha జెండాలో ఆ dark blue బాలేదు అక్క ఇంతకీ ఆ colour దేనికి చిహ్నం ","2048344089658319312","","RaoKavitha","te","","0","0","0","https://x.com/undefined/status/2048344089658319312","1917943385270235136",
"2048117995227246688","Sun Apr 26 10:11:01 +0000 2026","0","@QiaochuYuan What you don t get is that if empirically blue wins by a wide margin red is the correct answer","2048344088953467077","","QiaochuYuan","en","","0","1","0","https://x.com/undefined/status/2048344088953467077","1641216858056544260",
"2048060628267659692","Sun Apr 26 10:11:01 +0000 2026","1","@yuri_stani @brickandmorta11 look up the average photo of jesus in any church in india blonde man blue eyes","2048344086424482269","","yuri_stani","en","","0","0","0","https://x.com/undefined/status/2048344086424482269","1817535632853598209",
"2048344082875818434","Sun Apr 26 10:11:00 +0000 2026","0","روبن الأزرق أبيض البطن - White-bellied blue robin الاسم العلمي: Sholicola albiventris روبن الأزرق أبيض البطن أو شولاكيلي أبيض البطن ، هو طائر من عائلة موسيكابيداي. إنه مستوطن في غابات شولا في التلال العليا في جنوب الهند. الموطن الطبيعي لروبن الأبيض ذو اللون الأزرق هو بقع الغابات https://t.co/IkuLBoq5Le","2048344082875818434","https://pbs.twimg.com/media/HEocM6WWoAAq9vn.jpg","","ar","","0","0","0","https://x.com/undefined/status/2048344082875818434","1844466667008475140",
"2048344082582319132","Sun Apr 26 10:11:00 +0000 2026","0","Do not let their behavior rent space in your mind. Regard them as you regard a toddler screaming because the blue cup is not the red cup genuine distress from their perspective trivial from yours unworthy of derailing your calm.","2048344082582319132","","","en","","0","0","0","https://x.com/undefined/status/2048344082582319132","2491185379",
"2048344082083418486","Sun Apr 26 10:11:00 +0000 2026","0","White-bellied blue robin Scientific name: Sholicola albiventris The white-bellied blue robin or white-bellied sholakili is a bird of the family Muscicapidae. It is endemic to the Shola forests of the higher hills of southern India. https://t.co/mcssuv5rWC","2048344082083418486","https://pbs.twimg.com/media/HEocGv_XQAA7WMP.jpg","","en","","0","0","0","https://x.com/undefined/status/2048344082083418486","1854385364951011334",
"2048268708586336307","Sun Apr 26 10:10:57 +0000 2026","0","@ThinkWiselyMatt At that point blue.","2048344069504438277","","ThinkWiselyMatt","en","","0","0","0","https://x.com/undefined/status/2048344069504438277","2273438768",
"2048333184753168695","Sun Apr 26 10:10:56 +0000 2026","0","@MikaNase @maria171819g @SB19Official Blue!!! I am voting #SB19 for #GrupoDuplaInternacionaldoAno and #WakasAtSimula for #AlbumEPInternacionaldoAno #SECAwards.","2048344064781865417","","MikaNase","en","","0","0","1","https://x.com/undefined/status/2048344064781865417","2030088223247171584",
"2048344057718706522","Sun Apr 26 10:10:54 +0000 2026","0","Note? ⎐كُود⎐⎐تويو⎐ ⊵X99⊴ ⎐دايسون▬ديسون⎐ ⊵OMG⊴ ⎐بارىيس⊴جالىري⎐ ⊵FLOG⊴ ⎐كؤِبُون⎐Soft Blue ^^ ⎐خـِصم⎐1Yd6ID6ElhWw https://t.co/PZ3NPPXdVp","2048344057718706522","https://pbs.twimg.com/media/HG0uDzUaYAAePhL.jpg","","und","","0","0","0","https://x.com/undefined/status/2048344057718706522","1227300655167102981",
"2048344056044900605","Sun Apr 26 10:10:54 +0000 2026","0","Why Dating Feels So Broken. Einzelgänger Poem by Shel Silverstein: She had blue skin And so did he. He kept it hid And so did she. They searched for blue Their whole life through Then passed right by- And never knew. https://t.co/VsgwniIKfy","2048344056044900605","","","en","","0","0","0","https://x.com/undefined/status/2048344056044900605","1443191079998824454",
"2043683562877247489","Sun Apr 26 10:10:50 +0000 2026","0","@AlexRus5306 @PainfuIDeath This is 2018 security footage from a Gardena CA 7-Eleven. Two teens (one in blue hoodie one in black) tried robbing the clerk with a fake gun. The armed security guard (off-duty outside) saw it rushed in and shot both when they pointed the fake weapon. Both teens survived","2048344039443890452","","AlexRus5306","en","","0","0","0","https://x.com/undefined/status/2048344039443890452","1720665183188922368",
"2048344029679730701","Sun Apr 26 10:10:47 +0000 2026","0","tudo bem? ⎐كُود⎐⎐تُيموُ⎐ ⊵TEM73⊴ ⎐فرست⎐كراى⎐فيرستكراى⎐ ⊵AFN22⊴ ▬لؤكسىتأن▬لوكستيان ⎐A106⎐ ⎐كؤِبُون⎐Pure Blue ^^^^ ⎐خـِصم⎐fzsrUsSvQF7B https://t.co/UvOD4xIYuA","2048344029679730701","https://pbs.twimg.com/media/HG0uCDZbcAAdgFB.jpg","","ar","","0","0","0","https://x.com/undefined/status/2048344029679730701","561442335",
"2048182868396892238","Sun Apr 26 10:10:47 +0000 2026","0","@neil_chilson If everyone knew Hitler picked blue are they still picking blue?","2048344027972370563","","neil_chilson","en","","0","0","0","https://x.com/undefined/status/2048344027972370563","1268867895049637892",
"2048344027175797015","Sun Apr 26 10:10:47 +0000 2026","0","i have big plans for blue tobias fünke","2048344027175797015","","","da","","0","0","0","https://x.com/undefined/status/2048344027175797015","1369550144731967491",
"2048046873437434103","Sun Apr 26 10:10:44 +0000 2026","0","@maylivesforever @Stretchedwiener Good for you. The whole situation is still completely avoidable if just 50%+ choose blue.","2048344017784696916","","maylivesforever","en","","0","1","0","https://x.com/undefined/status/2048344017784696916","771839009953832961",
"2048143298766991682","Sun Apr 26 10:10:42 +0000 2026","0","@ZPostFacto Dude right back at you. The difference is the online blue declaration is a performative virtue signal. In real life we all know 90+% would press red. No one is putting on a blindfold and taking a running jump into what could be either a canyon or a puddle.","2048344006946414894","","ZPostFacto","en","","0","0","0","https://x.com/undefined/status/2048344006946414894","1778897880020930560",
"2048120476925603871","Sun Apr 26 10:10:41 +0000 2026","0","@ImmerUtz @bajablastmyself @DanielleFong Thats the purpose of the hypothetical. Theres also no magic buttons. But in this scenario your kids have pressed blue. You saw them do it. Do you still press blue?","2048344004190773299","","ImmerUtz","en","","0","0","0","https://x.com/undefined/status/2048344004190773299","1788854505301258240",
"2047981487656436086","Sun Apr 26 10:10:41 +0000 2026","0","@kai_xi61283 @starfess Now you're trying to use cultural level out of the blue as if that has anything to do with the way you made fun of G-Dragon.","2048344003029135601","","kai_xi61283","en","","0","1","0","https://x.com/undefined/status/2048344003029135601","1885615217037733888",
"2048343995319828485","Sun Apr 26 10:10:39 +0000 2026","0","seeing people on shtwt not have much concern for infection kills me cus i get it but guys do also clean ur cuts pls.....some on my ankle once got infected and just fully were kinda blue green eventually! it was horrifying! if u notice signs of an infection do take it srsly ","2048343995319828485","","","en","","0","0","0","https://x.com/undefined/status/2048343995319828485","1865758891381850112",
"2048050907292536958","Sun Apr 26 10:10:39 +0000 2026","0","@manicprone @brew_that @kareem_carr I don't force the next guy to pick blue if I pick red. He can also pick red. Red is not a limited resource.","2048343995261042712","","manicprone","en","","0","0","0","https://x.com/undefined/status/2048343995261042712","1969356929706139650",
"2048079024698662954","Sun Apr 26 10:10:38 +0000 2026","0","@WokeFDR why press blue if you are pretty sure blue will win? press red for free insurance. convince yourself blue wins then vote red. the blue group is a moral hazard.","2048343990421139933","","WokeFDR","en","","0","0","0","https://x.com/undefined/status/2048343990421139933","1503444355503198210",
"2048343986763415615","Sun Apr 26 10:10:37 +0000 2026","0","Not one person claiming they would press blue would stand on a train track if a stranger was intent on being hit by a train - they would stand at the track or if on the track jump as the train approaches. They are red button too but don't have the courage to admit it","2048343986763415615","","","en","","0","0","0","https://x.com/undefined/status/2048343986763415615","3879556823",
"2048187073723564343","Sun Apr 26 10:10:34 +0000 2026","0","@AdsoOfBelk As the red vs blue experiment has shown in the comment sections not everyone is interested in nobody dying.","2048343972498625009","","AdsoOfBelk","en","","0","0","0","https://x.com/undefined/status/2048343972498625009","1016099775907852288",
"2048343966060630406","Sun Apr 26 10:10:32 +0000 2026","0","Blue Star 1.5 Ton 5 Star Inverter Split AC ️⭐ https://t.co/zUNnw8coEn ₹41 990 Flat ₹2 500 off on HDFC Credit Card and Other Bank offers","2048343966060630406","","","en","","0","0","0","https://x.com/undefined/status/2048343966060630406","2047926765193154560",
"2048072832316481945","Sun Apr 26 10:10:32 +0000 2026","0","@revenant_MMXX @Layserguy Well no because everyone lives due to our blue army","2048343965020176828","","revenant_MMXX","en","","0","0","0","https://x.com/undefined/status/2048343965020176828","1712295173663666176",
"2048343961018986883","Sun Apr 26 10:10:31 +0000 2026","0","hyvääpäivää? ⎐كُود⎐⎐ترينديول⎐ ⊵OMM⊴ ⎐لفل⎐ليفل⎐شوز⎐ ⊵GGG⊴ ▬تطبيق▬أحذية▬كروكس▬ ⊵COM⊴ ⎐كؤِبُون⎐Natural Blue ^^^ ⎐خـِصم⎐XBGVhfn46hBJ https://t.co/qhxQeKmYGg","2048343961018986883","https://pbs.twimg.com/media/HG0t-HjaIAAKu8g.jpg","","und","","0","0","0","https://x.com/undefined/status/2048343961018986883","760377212",
"2047775514350211578","Sun Apr 26 10:10:30 +0000 2026","0","@wokegibbon @sopbeen @TopherStoll @Anton81191831 It's less than 100k and that's not even a majority of twitter. So no it's extremely small majority of twitter didn't vote which is why blue won. Your only chances of winning with blue is majority not voting that's all that shows you.","2048343959332671656","","wokegibbon","en","","0","1","0","https://x.com/undefined/status/2048343959332671656","708283377913298944",
"2048051637797708207","Sun Apr 26 10:10:29 +0000 2026","0","@ErnestPlacido @PresidentLebo mostly because when presented with this chooise and blue wins then people are going to witch hunt each other over who voted what and also who even presented the chooise to begin with at least i think Its not part of the experiment but i think its a genuine thing","2048343952651133178","","ErnestPlacido","en","","0","1","0","https://x.com/undefined/status/2048343952651133178","1450394047126855680",
"2048335544736690459","Sun Apr 26 10:10:29 +0000 2026","1","@alex_crook @talkSPORT Whatever next Alex? The sky is blue? Water is wet?","2048343952089071763","","alex_crook","en","","0","0","0","https://x.com/undefined/status/2048343952089071763","1849909979572232192",
"2048343950323597415","Sun Apr 26 10:10:28 +0000 2026","1","the engagements of this #KikoJade edit in blue app https://t.co/yBIIyJpylf","2048343950323597415","https://pbs.twimg.com/media/HG0t8mya0AAjaZb.jpg","","en","","0","0","1","https://x.com/undefined/status/2048343950323597415","101980786",
"2048245650509213909","Sun Apr 26 10:10:28 +0000 2026","0","@MingLee0007 @pimpisnotok @DailyLoud She lost her tooth while fighting at the blue girls club house I m assuming op meant street fight as in non professional fight","2048343948691677563","","MingLee0007","en","","0","0","0","https://x.com/undefined/status/2048343948691677563","1944376346899349504",
"2048343946112496123","Sun Apr 26 10:10:27 +0000 2026","0","tervehdys? ⎐كُود⎐⎐تُيموُ⎐ ⊵TEM73⊴ ▬اتش▬اند▬ام▬H&amp;M ⎐AGXQ⎐ ▬اندر▬ارمور▬ارمر▬ ⎐EB52⎐ ⎐كؤِبُون⎐Dust Blue ^^^ ⎐خـِصم⎐JohGiT0suiQ0 https://t.co/sPb2qQnzNQ","2048343946112496123","https://pbs.twimg.com/media/HG0t9PDaQAA7wu_.jpg","","und","","0","0","0","https://x.com/undefined/status/2048343946112496123","872197862",
"2048343936754987512","Sun Apr 26 10:10:25 +0000 2026","0","와우? ⎐كُود⎐⎐ترينديول⎐ ⊵OMM⊴ ▬المطار▬ ⊵M1⊴ ⎐عطور▬جراس▬غراس▬قراس⎐ ⎐RR3⊴ ⎐كؤِبُون⎐Sun Blue ^^ ⎐خـِصم⎐gbNVmeLusuJT https://t.co/CNQfFqWCel","2048343936754987512","https://pbs.twimg.com/media/HG0t8pNbQAEKeVG.jpg","","ar","","0","0","0","https://x.com/undefined/status/2048343936754987512","586808560",
"2048061205919432869","Sun Apr 26 10:10:23 +0000 2026","0","@DeepDishEnjoyer Recoverable. In contrast the sharply declining society we live in right now is the one where blue is a majority. And it's only chance of recovery is sufficient people switch to red","2048343929666347188","","DeepDishEnjoyer","en","","0","0","0","https://x.com/undefined/status/2048343929666347188","3311794607",
"2048343925090566521","Sun Apr 26 10:10:22 +0000 2026","0","Rabada getting thrashed and releasing the pressure built by other bowlers. In other news the sky is blue.","2048343925090566521","","","en","","0","0","0","https://x.com/undefined/status/2048343925090566521","1351501804689793025",
"2048343922989277242","Sun Apr 26 10:10:22 +0000 2026","0","ehbien? ⎐كُود⎐⎐ايهرب⎐ايهيرب اهرب ⊵IQH8946⊴ ▬الكوزي▬الوكوزاي▬الاوكوزاي▬ ⎐OMG⎐ ⎐تطبيق▬كالو▬Calo⎐ ⎐C39⎐ ⎐كؤِبُون⎐Classic Blue ^^^ ⎐خـِصم⎐GxhaMBx45K0j https://t.co/9SOtUPDUzd","2048343922989277242","https://pbs.twimg.com/media/HG0t7YZbEAEcu8v.jpg","","ar","","0","0","0","https://x.com/undefined/status/2048343922989277242","461839129",
"2048150122123653433","Sun Apr 26 10:10:21 +0000 2026","0","@econcz @eZekiel_HB @ZackBaunDPOY @waitbutwhy You don t decide for your children dumbass read the fucking question. It s a private vote. Everyone votes for themselves without contact with anyone else. A lot of infants are going to push randomly and any who push blue would die if red won.","2048343919596089357","","econcz","en","","0","0","0","https://x.com/undefined/status/2048343919596089357","1486382164560134144",
"2048342012211147055","Sun Apr 26 10:10:20 +0000 2026","1","@nasty_dick69 Blue he Pani Pani ","2048343916249039068","","nasty_dick69","hi","","0","0","0","https://x.com/undefined/status/2048343916249039068","1202286753358532609",
"2048343916194218054","Sun Apr 26 10:10:20 +0000 2026","0","does? ⎐كُود⎐⎐نمشي⎐ ⊵MFM3⊴ فيكتوريا▬سيكريت▬فكتوريا▬سكرت ⊵AK5Y⊴ ⎐نيو▬بالانس▬نيوبالانس⎐ ⎐AVMD⎐ ⎐كؤِبُون⎐Vintage Blue ^^^ ⎐خـِصم⎐TKkVSRa5UZYe https://t.co/axD0UV178m","2048343916194218054","https://pbs.twimg.com/media/HG0t7tSbAAEljZf.jpg","","ar","","0","0","0","https://x.com/undefined/status/2048343916194218054","1936064094248783872",
"2048044767997469131","Sun Apr 26 10:10:19 +0000 2026","0","@remedy @Elapse472153 @interpretantion Correct. All of those things are risk their life to help others who they they believe will die without their help. In this scenario we have established children WILL die if blue doesn't win.","2048343912104771678","","remedy","en","","0","1","0","https://x.com/undefined/status/2048343912104771678","1150098023160209408",
"2009656674857181199","Sun Apr 26 10:10:18 +0000 2026","0","Blue Panther vs Ultimo Guerrero (CMLL 4/16) - ⭐️⭐️⭐️⭐️1/4 ثلاث عقودٍ مرّت على هذه الثنائية ، و مازال بانثر و ألتيمو يجوبان العالم ناثرين سِحرهما ؛ نزال يُخلد بمسيرة الثنائي كدلالةٍ أنه أينما حلّت ثنائيتهما ، حلَّ معها سحرها (حتى فيغاس بين كل الأماكن). رائعة من روائع الأسبوع. https://t.co/IawbAaLND6","2048343906379579601","https://pbs.twimg.com/media/HG0t6J8a4AAA0_y.jpg","TheG4me_","ar","","0","0","0","https://x.com/undefined/status/2048343906379579601","2833815422",
"2048059635370754499","Sun Apr 26 10:10:16 +0000 2026","0","@bLdsire @JumboTron21 @MrMouton Okay. Then have your kids push blue because you believe in humanity other people would do better campaigning for everyone to push red unless they're looking for Canadian healthcare for their depression of course.","2048343899903516738","","bLdsire","en","","0","0","0","https://x.com/undefined/status/2048343899903516738","1587822329391976452",
"2048164917556207919","Sun Apr 26 10:10:16 +0000 2026","0","@Gerry39464526 @ABDanielleSmith It was 18C and with blue sky sunshine in Vancouver yesterday.","2048343899765359079","","Gerry39464526","en","","0","1","0","https://x.com/undefined/status/2048343899765359079","2035768690378170368",
"2048040622745846139","Sun Apr 26 10:10:16 +0000 2026","0","@Ali3nAlias You forgot blue eyed samurai https://t.co/D1620iM6G9","2048343898628464949","https://pbs.twimg.com/media/HG0t6nVaQAEzTcg.jpg","Ali3nAlias","en","","0","0","0","https://x.com/undefined/status/2048343898628464949","1146738136204156929",
"2048254804355354650","Sun Apr 26 10:10:16 +0000 2026","0","@DawnOfSunset @hyperliberalism Blue also respects individual choices but it also acknowledges that you have to take a risk in life to be free.","2048343896908833235","","DawnOfSunset","en","","0","0","0","https://x.com/undefined/status/2048343896908833235","1433831944496816131",
"2048343894577033573","Sun Apr 26 10:10:15 +0000 2026","0","Sorghum? ⎐كُود⎐⎐نون⎐ ⊵NKW⊴ ⎐مغربى▬المغربي▬للبصرىات⎐ ⊵MM9⊴ ⎐لفل⎐ليفل⎐شوز⎐ ⊵GGG⊴ ⎐كؤِبُون⎐Modern Blue ^^^^ ⎐خـِصم⎐1TCGSBpRfHzl https://t.co/I5fnraAQtM","2048343894577033573","https://pbs.twimg.com/media/HG0t6NpbQAErcdZ.jpg","","und","","0","0","0","https://x.com/undefined/status/2048343894577033573","706403142364209152",
"2048219243418997208","Sun Apr 26 10:10:14 +0000 2026","0","@choffstein Blue button: risk committing suicide. Red button: live.","2048343890961277434","","choffstein","en","","0","0","0","https://x.com/undefined/status/2048343890961277434","720923224368930816",
"2048343885806555312","Sun Apr 26 10:10:13 +0000 2026","0","⎐نمشي⎐ ⊵MBC8⊴ ⎐نون⎐ ⊵STC9⊴ ⎐ماكـس⎐فاشون⎐ ⊵K2Y⊴ ⎐ايهرب⎐ايهيرب اهرب⎐ ⊵IPY1290⊴ 〖كـُــــــــود خـصـمــ〗 blue story OLN","2048343885806555312","","","ar","","0","0","0","https://x.com/undefined/status/2048343885806555312","752447351307005956",
"2048212726120350045","Sun Apr 26 10:10:11 +0000 2026","0","@karol Maybe you ll vote blue then","2048343878365774159","","karol","en","","0","0","0","https://x.com/undefined/status/2048343878365774159","1839806806442348544",
"2048321665763877138","Sun Apr 26 10:10:09 +0000 2026","0","@Artsyrean Teal The only objectively correct answer: TEAL (or specifically turquoise) It's neither green or blue it's a mix of them teal is in between lime and cyan it's teal it can't be any other color because it's motherfuckin teal","2048343871260676532","","Artsyrean","en","","0","0","0","https://x.com/undefined/status/2048343871260676532","1467600361028562954",
"2048271166008406221","Sun Apr 26 10:10:09 +0000 2026","0","@tautologer Or if you place value on billions dying that s the collectivist trap ignoring the costs/risks imposed by altruism. So many political and social experiments take the form of but if most people press blue we re better off. But then we realize not enough people are","2048343869968769251","","tautologer","en","","0","0","0","https://x.com/undefined/status/2048343869968769251","847882255540342784",
"2048343866080653618","Sun Apr 26 10:10:08 +0000 2026","0","People s Pharmacy | Don t use blue Listerine to cure dandruff https://t.co/aZDeNV89R3","2048343866080653618","","","en","","0","0","0","https://x.com/undefined/status/2048343866080653618","8983922",
"2048343865548046607","Sun Apr 26 10:10:08 +0000 2026","0","People s Pharmacy | Don t use blue Listerine to cure dandruff https://t.co/ldylFqEGwC","2048343865548046607","","","en","","0","0","0","https://x.com/undefined/status/2048343865548046607","12807482",
"2048343865128632443","Sun Apr 26 10:10:08 +0000 2026","0","People s Pharmacy | Don t use blue Listerine to cure dandruff https://t.co/Ukk92LGhbg","2048343865128632443","","","en","","0","0","0","https://x.com/undefined/status/2048343865128632443","14882842",
"2048343863954383051","Sun Apr 26 10:10:08 +0000 2026","0","hooray? ⎐كُود⎐⎐تويو⎐ ⊵FF7⊴ ▬المطار▬ ⊵ARA80⊴ ⎐ستايلي⎐ ⎐WM⊴ ⎐كؤِبُون⎐Neon Blue ^^ ⎐خـِصم⎐B0M30eQIfOXz https://t.co/F8MSoOPlcG","2048343863954383051","https://pbs.twimg.com/media/HG0t4eWbEAAnIVe.jpg","","und","","0","0","0","https://x.com/undefined/status/2048343863954383051","487213350",
"2048343862255427912","Sun Apr 26 10:10:07 +0000 2026","0","People s Pharmacy | Don t use blue Listerine to cure dandruff https://t.co/cUsNu5ehhk","2048343862255427912","","","en","","0","0","0","https://x.com/undefined/status/2048343862255427912","15670006",
"2048343856031117418","Sun Apr 26 10:10:06 +0000 2026","0","So the blue button won by a mere 8 points even though the main force for picking red(the imminent fear of death) is not present Yeah the blue buttoners are dying if it were real","2048343856031117418","","","en","","0","0","0","https://x.com/undefined/status/2048343856031117418","1956445966141124608",
"2048137113603092485","Sun Apr 26 10:10:04 +0000 2026","0","@GarrettPetersen This more accurately explains why the blue button is suicidal empathy - the very thing rotting every western nation on earth.","2048343847566991854","","GarrettPetersen","en","","0","0","0","https://x.com/undefined/status/2048343847566991854","2306985978",
"2048343847512461378","Sun Apr 26 10:10:04 +0000 2026","0","⎐نمشي⎐ ⊵MBC8⊴ ⎐نون⎐ ⊵STC9⊴ ⎐ماكـس⎐فاشون⎐ ⊵K2Y⊴ ⎐ايهرب⎐ايهيرب اهرب⎐ ⊵IPY1290⊴ 〖كـُــــــــود خـصـمــ〗 blue story bCR","2048343847512461378","","","ar","","0","0","0","https://x.com/undefined/status/2048343847512461378","708792610463346688",
"2048190016267145488","Sun Apr 26 10:10:04 +0000 2026","0","@id10tbr4in clean out. A milky pale blue eye drilled into the other's gaze. He took his time grinding his teeth back and forth like a hyena eating its prey. When the appendage finally popped off Zed was eager to play with it enveloping it with his very own tongue. I've only gotten -","2048343846833266757","","shiinwakaran","en","","0","1","0","https://x.com/undefined/status/2048343846833266757","1568842034538225665",
"2048343843779850522","Sun Apr 26 10:10:03 +0000 2026","0","ما? ⎐كُود⎐⎐نمشي⎐ ⊵MFM3⊴ ⎐بوما⎐ ⊵P10⊴ ⎐باث▬اند▬بودي⎐بدى ⊵ADPE⊴ ⎐كؤِبُون⎐Electric Blue ^^ ⎐خـِصم⎐9VvFJRnEvBB2 https://t.co/0WKEJ9o5FG","2048343843779850522","https://pbs.twimg.com/media/HG0t3QkboAAz8fF.jpg","","und","","0","0","0","https://x.com/undefined/status/2048343843779850522","569817895",
"2048342094209761401","Sun Apr 26 10:10:01 +0000 2026","0","soft pink blue https://t.co/9cAIn7yuoN https://t.co/4j3p77hcwh","2048343837517709740","https://pbs.twimg.com/media/HG0t3IHa4AAM5W4.jpg","dinazurli1","en","","0","0","0","https://x.com/undefined/status/2048343837517709740","1776811137730002944",
"2048343827170373738","Sun Apr 26 10:09:59 +0000 2026","1","Just perfect blend His style dance and dress also gives a retro vibe . As usual him and his never ending connection with blue And he looking so dashing in this outfit #TumDenaSaathMera #ShabirAhluwalia #RakshitBaradwaj https://t.co/NgQIrPK6bL","2048343827170373738","https://pbs.twimg.com/ext_tw_video_thumb/2048343232061542400/pu/img/4X_R-IlragVXMa_K.jpg","","en","","0","0","0","https://x.com/undefined/status/2048343827170373738","1769402996301918209",
"2048343807742332989","Sun Apr 26 10:09:54 +0000 2026","43","260426 TOKYO DOME BLUE #윈터 #WINTER #에스파 #aespa https://t.co/VRoRi1irpL","2048343807742332989","https://pbs.twimg.com/media/HG0t1OmaUAAukLx.jpg","","en","","0","0","22","https://x.com/undefined/status/2048343807742332989","1530153841659785216",
"2048343803988250694","Sun Apr 26 10:09:53 +0000 2026","0","hai? ⎐كُود⎐⎐نون⎐ ⊵NKW⊴ فيكتوريا▬سيكريت▬فكتوريا▬سكرت ⊵AK5Y⊴ ⎐نيو▬بالانس▬نيوبالانس⎐ ⎐AVMD⎐ ⎐كؤِبُون⎐Neon Blue ^^^ ⎐خـِصم⎐g6wgUnhVj3xY https://t.co/Sgq5O2GeXk","2048343803988250694","https://pbs.twimg.com/media/HG0t1KibQAEvCLs.jpg","","ar","","0","0","0","https://x.com/undefined/status/2048343803988250694","1893277594122100736",
"2048343802998571173","Sun Apr 26 10:09:53 +0000 2026","0","Blue sword is so much adorable","2048343802998571173","","","en","","0","0","0","https://x.com/undefined/status/2048343802998571173","1889031656415379456",
"2048343799034982512","Sun Apr 26 10:09:52 +0000 2026","0","todayyy blue https://t.co/lOTAWwguZI","2048343799034982512","https://pbs.twimg.com/media/HG0t0RWbYAAjK5x.jpg","","en","","0","0","0","https://x.com/undefined/status/2048343799034982512","1574583293600997376",
"2048198188931432485","Sun Apr 26 10:09:52 +0000 2026","0","@rabbriansamuel Red or blue both serve the Jew.","2048343798502318537","","rabbriansamuel","en","","0","0","0","https://x.com/undefined/status/2048343798502318537","2022056473556344832",
"2048343797168505163","Sun Apr 26 10:09:52 +0000 2026","0","greetings? ⎐كُود⎐⎐تويو⎐ ⊵FF7⊴ عود ميلانو ⊵A666⊴ ⎐مذركير⎐ ⊵V7971⊴ ⎐كؤِبُون⎐Dark Blue ^^ ⎐خـِصم⎐nME3o92KwgTW https://t.co/MlwImX1YE6","2048343797168505163","https://pbs.twimg.com/media/HG0t0iNaQAAllpi.jpg","","und","","0","0","0","https://x.com/undefined/status/2048343797168505163","607058997",
"2047983749841801682","Sun Apr 26 10:09:52 +0000 2026","0","@Lolbitwantstodi @YoungDottore @KennyEdgar @BlobfishVStar @Ayiba_Benedict Yes but if you are attempting to convince someone to pick the option in their best interest you would be convincing them to pick red. If you could vote on behalf of a toddler would you force them into blue and risk their life? Or secure their individual life with red?","2048343796237107547","","Lolbitwantstodi","en","","0","0","0","https://x.com/undefined/status/2048343796237107547","928344903159074816",
"2048340626970952133","Sun Apr 26 10:09:51 +0000 2026","0","@dove_of_babylon It's like the adage in the United States vote blue no matter who and then the debt goes up either way.","2048343793246568652","","Jebriel","en","","0","0","0","https://x.com/undefined/status/2048343793246568652","43977758",
"2048343774229856258","Sun Apr 26 10:09:46 +0000 2026","0","olá? ⎐كُود⎐⎐نمشي⎐ ⊵MFM2⊴ ⎐فوغا⎐كلوسيت⎐فوجا⎐ ⊵HKQ⊴ ▬المطار▬ ⊵ARA80⊴ ⎐كؤِبُون⎐Vintage Blue ^^^ ⎐خـِصم⎐L9lJSsr47D2I https://t.co/m8AEcvpR1E","2048343774229856258","https://pbs.twimg.com/media/HG0tzOJbQAAAr-_.jpg","","und","","0","0","0","https://x.com/undefined/status/2048343774229856258","614901443",
"2047845159791128794","Sun Apr 26 10:09:44 +0000 2026","1","@KimChiSpicey @JoelEngardio that's perfect which blue is for poverty displacement &amp; exploitation? that is .@JoelEngardio's future .@garrytan &amp; the other #OverPaidCEOs won't keep funding a shill SF finds so #deplorable good thing .@DanielLurie &amp; .@saikatc have their ill-gotten .@Scott_Wiener's next","2048343764817924550","","KimChiSpicey","en","","0","0","0","https://x.com/undefined/status/2048343764817924550","284146235",
"2048120476925603871","Sun Apr 26 10:09:44 +0000 2026","0","@ImmerUtz @DanielleFong It doesn't lead you dying 50% of the time. We know this because most people pick blue everytime this test is run. Theres always going to be a few people who push blue hence to save the most lives its in everyone best intrests to press blue","2048343764788220294","","ImmerUtz","en","","0","1","0","https://x.com/undefined/status/2048343764788220294","1788854505301258240",
"2048343763442176076","Sun Apr 26 10:09:44 +0000 2026","1"," Blue Aquanaut 5168G https://t.co/ETEb4UH9cn","2048343763442176076","https://pbs.twimg.com/ext_tw_video_thumb/2048343740448952320/pu/img/zM-FK-rNALGIiZ2T.jpg","","en","","0","1","0","https://x.com/undefined/status/2048343763442176076","1869948257054666754",
"2048343758719078468","Sun Apr 26 10:09:43 +0000 2026","1","One thing the political class is seemingly oblivious of is that fact that the rest of the population from cleaners to brain surgeons is highly regulated and economically coerced in ways that they are not and would scream blue murder if they had to be.","2048343758719078468","","","en","","0","0","0","https://x.com/undefined/status/2048343758719078468","1156542380",
"2048343751894909237","Sun Apr 26 10:09:41 +0000 2026","0","i have a solution. i am there and i have a gun. i shoot anyone who presses red. after the first one dead everyone's too scared to press red and everyone (except that one stupid guy) survies via pressing blue. dictatorship is okay if it's me i am a very good person ","2048343751894909237","","","en","","0","0","0","https://x.com/undefined/status/2048343751894909237","1185621388155146240",
"2048109344927953350","Sun Apr 26 10:09:41 +0000 2026","0","@dtk_l_a_m_f_ Thank you my Dear Friend Yoshinori ! I wish you a wonderful day with love and peaceful ! May this royal blue Sunday under El Morya give us strength and courage! With all His Light and all His Blessings! https://t.co/RBEAww77dz","2048343750863183983","https://pbs.twimg.com/media/HG0tx_BaQAEZyXK.jpg","dtk_l_a_m_f_","en","","0","0","0","https://x.com/undefined/status/2048343750863183983","1369736653997281281",
"2048015756030542271","Sun Apr 26 10:09:39 +0000 2026","0","@CptAncapistan @adammichaelwood Not the same. People instinctively press the blue button it is inherently not bad. Talking a poisoned pill is something else.","2048343744760402243","","CptAncapistan","en","","0","0","0","https://x.com/undefined/status/2048343744760402243","1460692776727846916",
"2048126827500023968","Sun Apr 26 10:09:38 +0000 2026","0","@RobCodesALot @1serenef1end @Lloyd_Arthur_ @IterIntellectus Blue thinks they CAN save everyone. In the real world you most certainly can NOT. That s the mental trap. But they don t understand that. Nobody is forcing anyone to choose the wrong answer. The everyone lives answer was there all along.","2048343737982677160","","RobCodesALot","en","","0","0","0","https://x.com/undefined/status/2048343737982677160","2227861717",
"2048343737970180432","Sun Apr 26 10:09:38 +0000 2026","0","Converging? ⎐كُود⎐⎐نمشي⎐ ⊵MFM2⊴ ⎐دايسون▬ديسون⎐ ⊵OMG⊴ ⎐بارىيس⊴جالىري⎐ ⊵FLOG⊴ ⎐كؤِبُون⎐Moon Blue ^^^ ⎐خـِصم⎐2TYHZmidefcz https://t.co/vwfiAsPbE2","2048343737970180432","https://pbs.twimg.com/media/HG0txJxaUAADrwW.jpg","","und","","0","0","0","https://x.com/undefined/status/2048343737970180432","1964530172822224896",
"2048343725093318783","Sun Apr 26 10:09:35 +0000 2026","0","MYTH: Bulls hate the color red REALITY: Bulls are partially colorblind to red; they react to movement. If you waved a blue or white cloth the same way the bull would react just the same. It s the motion and provocation not the color that gets the bull charging. https://t.co/SLjcpp5Ln3","2048343725093318783","https://pbs.twimg.com/tweet_video_thumb/HG0twBzakAEf6QL.jpg","","en","","0","0","0","https://x.com/undefined/status/2048343725093318783","3821148016",
"2048165166886551639","Sun Apr 26 10:09:34 +0000 2026","0","@DireGrim @waitbutwhy The phrasing matters here because pushing a button doesn't feel like it should kill you but throwing your body into a blender will not whether a passive choice is allowed. The same would be if instead of using red or blue buttons we used red or blue guns or red or blue poison","2048343721209364900","","DireGrim","en","","0","1","0","https://x.com/undefined/status/2048343721209364900","1698211314",
"2048343719578067329","Sun Apr 26 10:09:33 +0000 2026","0","Chasing sunsets in Santorini white villages blue domes and the Aegean turning gold. Every view feels like a postcard come alive. #SantoriniVibes #TravelDiaries https://t.co/AoSPm8McuJ","2048343719578067329","https://pbs.twimg.com/media/HG0tqnKaIAAIrFZ.jpg","","en","","0","0","0","https://x.com/undefined/status/2048343719578067329","1164562024090742784",
"2048235349273657376","Sun Apr 26 10:09:31 +0000 2026","0","@BlkSheepTheory @Jocelyn_Rache @RealDianeYap Exactly. The fun part: They actually know that they're wrong. You just need to ask them if they would want to tell their kids to press the blue button. Silence will follow. It's just performative virtue-signaling here on X.","2048343711033991563","","BlkSheepTheory","en","","0","0","0","https://x.com/undefined/status/2048343711033991563","1606770348447436800",
"2048229898473357363","Sun Apr 26 10:09:31 +0000 2026","0","@PastorBobJ52 @conspiracynews_ ...Because all the other videos showed the blue curtain tightly closed during the chaos. And Grok also said that venue was deep inside the building not along an outside wall. Plus that really doesn't look like Melania. Where did that video come from?","2048343708077322295","","PastorBobJ52","en","","0","1","0","https://x.com/undefined/status/2048343708077322295","867053415846748160",
"2047810529226637802","Sun Apr 26 10:09:30 +0000 2026","0","@honeymoon250 Elephants dung beetles cheetahs blue cranes penguins buffalo springbok zebra giraffe hippo shall I go on? https://t.co/irLfYu4Xow","2048343703991857436","https://pbs.twimg.com/media/HG0tvcvbwAAhD__.jpg","honeymoon250","en","","0","0","0","https://x.com/undefined/status/2048343703991857436","16145146",
"2048223204557087229","Sun Apr 26 10:09:29 +0000 2026","0","@mariotwtconfess I've never seen her drawn with blue lipstick but now that I look at it I get why someone would draw her like that","2048343703526232555","","mariotwtconfess","en","","0","0","0","https://x.com/undefined/status/2048343703526232555","1962301472668106752",
"2048332905550623133","Sun Apr 26 10:09:29 +0000 2026","1","@Lea_EFC I ll be supporting Leeds but appreciate you being loyal to the blue cartel","2048343701705855110","","Lea_EFC","en","","0","0","0","https://x.com/undefined/status/2048343701705855110","1081267388",
"2048314642267849109","Sun Apr 26 10:09:27 +0000 2026","0","@SoundBreakPH @SB19Official Blue I am voting #SB19 for #GrupoDuplaInternacionaldoAno and #WakasAtSimula for #AlbumEPInternacionaldoAno #SECAwards","2048343692789064125","","SoundBreakPH","en","","0","0","0","https://x.com/undefined/status/2048343692789064125","1605038346614423552",
"2048343689479507996","Sun Apr 26 10:09:26 +0000 2026","0","ndapota? ⎐كُود⎐⎐نون⎐ ⊵KW44⊴ ▬اتش▬اند▬ام▬H&amp;M ⎐AGXQ⎐ ▬اندر▬ارمور▬ارمر▬ ⎐EB52⎐ ⎐كؤِبُون⎐Rich Blue ^^ ⎐خـِصم⎐Gl6DD3sbzAFN https://t.co/57gq3pUCiz","2048343689479507996","https://pbs.twimg.com/media/HG0tuifacAE0ODY.jpg","","und","","0","0","0","https://x.com/undefined/status/2048343689479507996","1945397727778750464",
"2048038895120519183","Sun Apr 26 10:09:26 +0000 2026","0","@TiltAtGiants @CraftingVegeto Fair point on vulnerable groups like infants or the incapable they can't vote at all so the everyone framing gets tricky. But for anyone who *can* press a button red is still strictly dominant: you survive no matter the outcome or who else is voting. Blue doesn't protect","2048343688594518443","","TiltAtGiants","en","","0","1","0","https://x.com/undefined/status/2048343688594518443","1720665183188922368",
"2048343687726612810","Sun Apr 26 10:09:26 +0000 2026","0","السلام? ⎐كُود⎐⎐تويو⎐ ⊵FF7⊴ ▬اتش▬اند▬ام▬H&amp;M ⎐AGXQ⎐ ▬اندر▬ارمور▬ارمر▬ ⎐EB52⎐ ⎐كؤِبُون⎐Shadow Blue ^^^ ⎐خـِصم⎐eLSbg8FV6evQ https://t.co/Fws50fvvKQ","2048343687726612810","https://pbs.twimg.com/media/HG0tuLQbEAA1yVl.jpg","","ar","","0","0","0","https://x.com/undefined/status/2048343687726612810","1036716763",
"2048343687214551281","Sun Apr 26 10:09:26 +0000 2026","0","You have a mentally disabled kid and your family is given the blue/red button choice. Which button do you argue for as the family choice?","2048343687214551281","","","en","","0","0","0","https://x.com/undefined/status/2048343687214551281","1489935042830872577",
"2048343679815831716","Sun Apr 26 10:09:24 +0000 2026","0","Stupidest waste of money ever. Put money into cleaning it more often. Now it s just going to be blue and disgusting rather than gray and disgusting","2048343679815831716","","","en","","0","0","0","https://x.com/undefined/status/2048343679815831716","2273686477",
"2048059635370754499","Sun Apr 26 10:09:22 +0000 2026","0","@Scopuli @MrMouton It's perfectly rational to believe over 50% of people will vote blue. And if they won't I don't want to live with that many snakes around me","2048343673398497619","","Scopuli","en","","0","0","0","https://x.com/undefined/status/2048343673398497619","880495480500662272",
"2048343668936053187","Sun Apr 26 10:09:21 +0000 2026","0","Take? ⎐كُود⎐⎐تو ىو⎐ ⊵FF7⊴ ▬تطبيق▬EZHIRE▬لتاجير▬السيارات▬ ⎐D48⎐ ▬مترو▬برازىل⎐ ⊵DZKD⊵ ⎐كؤِبُون⎐Velvet Blue ^^^^ ⎐خـِصم⎐EJJgnfgWhaz0 https://t.co/liz7gTtn6I","2048343668936053187","https://pbs.twimg.com/media/HG0ttE1awAEY7xL.jpg","","und","","0","0","0","https://x.com/undefined/status/2048343668936053187","1219263179705999360",
"2048343660073537822","Sun Apr 26 10:09:19 +0000 2026","0","PALE BLUE RAIN access https://t.co/lH0HFzkRly","2048343660073537822","","","en","","0","0","0","https://x.com/undefined/status/2048343660073537822","1660778370605654016",
"2048343655874769099","Sun Apr 26 10:09:18 +0000 2026","0","Is the sky Blue??? Hell Yes...DeSantis for the win!!!","2048343655874769099","","","en","","0","0","0","https://x.com/undefined/status/2048343655874769099","1235286593730211840",
"2048343651508486266","Sun Apr 26 10:09:17 +0000 2026","0","⎐دبدوب⎐ ⊵Q16⊴ ⎐ايهرب⎐ايهيرب اهرب⎐ ⊵IPY1290⊴ ⎐ماكـس⎐فاشون⎐ ⊵K2Y⊴ ⎐نون⎐ ⊵STC9⊴ 〖كـُــــــــود خـصـمــ〗 trend blue lRQ","2048343651508486266","","","ar","","0","0","0","https://x.com/undefined/status/2048343651508486266","3077478478",
"2048051637797708207","Sun Apr 26 10:09:16 +0000 2026","0","@Melty_Leviathan @PresidentLebo True. Then I choose blue to take myself out peacefully.","2048343649029894471","","Melty_Leviathan","en","","0","1","0","https://x.com/undefined/status/2048343649029894471","771839009953832961",
"2048333184753168695","Sun Apr 26 10:09:12 +0000 2026","0","@MikaNase @SB19Official Red nung bata ako pero nung nagteenager naging blue na at black hahaha I am voting #SB19 for #GrupoDuplaInternacionaldoAno and #WakasAtSimula for #AlbumEPInternacionaldoAno #SECAwards","2048343630281396401","","MikaNase","tl","","0","0","0","https://x.com/undefined/status/2048343630281396401","1489713413009788933",
"2048079024698662954","Sun Apr 26 10:09:12 +0000 2026","0","@wet_church @WokeFDR Their argument is you need to push blue for all the others that will push blue that's emotional manipulation . I should risk my life to save those who have chosen to risk their life because they've chosen to risk their life.","2048343629484220860","","wet_church","en","","0","1","0","https://x.com/undefined/status/2048343629484220860","1268867895049637892",
"2048171916243116402","Sun Apr 26 10:09:12 +0000 2026","0","@waitbutwhy I have an interesting addition to the problem what if people voted one by one and you could see the votes for each button. Would a blue person pic blue if it was 100 blues to 3 billion reds would a red pic red if it was 1 billion reds to 2 billion blues etc","2048343628616229198","","waitbutwhy","en","","0","0","0","https://x.com/undefined/status/2048343628616229198","1262960818938949633",
"2048186932967129307","Sun Apr 26 10:09:11 +0000 2026","0","@Yeeeboi1998 @JamesJefferson2 @x_Chiefs_x @dudenamedslip blue valley west legend","2048343627856839167","","Yeeeboi1998","en","","0","0","0","https://x.com/undefined/status/2048343627856839167","907399200408829952",
"2048313693868327278","Sun Apr 26 10:09:09 +0000 2026","1","@Kapt_Sima @Zzol_dyck You should see these people for the dumb f*** they are. If he had blue tick I d understand the fooling but he doesn t. So it shows he s just built like that.","2048343619518476552","","Kapt_Sima","en","","0","0","0","https://x.com/undefined/status/2048343619518476552","1221567975540645891",
"2048343617190953144","Sun Apr 26 10:09:09 +0000 2026","0","Heraldry? ⎐كُود⎐⎐ترينديول⎐ ⊵OMM⊴ ⊴6ستريت⎐6 ستريت⎐ ⎐A88⊴ ⎐ترنديول⎐ ⊵OMM⊴ ⎐كؤِبُون⎐Velvet Blue ^^^ ⎐خـِصم⎐nWdonkvrEc64 https://t.co/OmF5WPH715","2048343617190953144","https://pbs.twimg.com/media/HG0tqHTaYAA2zRs.jpg","","und","","0","0","0","https://x.com/undefined/status/2048343617190953144","794073540454711297",
"2048132591870443630","Sun Apr 26 10:09:09 +0000 2026","0","@jisakarts Here is mine! (He's dark blue/black) https://t.co/lPEcBUF3J1","2048343616049860652","https://pbs.twimg.com/media/HG0tqdyXAAAeL9_.jpg","jisakarts","en","","0","0","0","https://x.com/undefined/status/2048343616049860652","2018403491807399936",
"2048259790422380695","Sun Apr 26 10:09:05 +0000 2026","0","@ThinkWiselyMatt Because people pressing blue are acting like anyone not pressing blue is heartless which isn't the case. Nobody on red wants blue to die they just think it's stupid to willingly press a button that might kill you over one that doesn't which is plainly a correct statement.","2048343599243284867","","ThinkWiselyMatt","en","","0","0","0","https://x.com/undefined/status/2048343599243284867","1664899252982628353",
"2048144148964778057","Sun Apr 26 10:09:03 +0000 2026","0","@baniralt Might I suggest kisaki from blue archive","2048343592457191563","","baniralt","en","","0","0","0","https://x.com/undefined/status/2048343592457191563","1910595693703766016",
"2048343586614247476","Sun Apr 26 10:09:02 +0000 2026","0","Last night I was blue and I had reasons. This morning I couldn't be happier and I have none. (Elias Amidon)","2048343586614247476","","","en","","0","0","0","https://x.com/undefined/status/2048343586614247476","142762311",
"2048343577445507545","Sun Apr 26 10:08:59 +0000 2026","5","Débat Blue Lock du Jour ! Qui sera le meilleur après la fin de cette coupe du monde entre ces deux énormes morceaux de la nouvelle génération Bunny Iglesias ou Julien Loki ? https://t.co/y0wD4ZzUa6","2048343577445507545","https://pbs.twimg.com/media/HG0toACbQAAlHir.jpg","","fr","","1","2","1","https://x.com/undefined/status/2048343577445507545","1809987405069656064",
"2048320477240893620","Sun Apr 26 10:08:58 +0000 2026","0","@shima_photrip BLUE　shima green がよきアクセントに 今日もまた素敵すぎです","2048343571074548068","","shima_photrip","ja","","0","0","0","https://x.com/undefined/status/2048343571074548068","1542496624982630400",
"2048343562698502276","Sun Apr 26 10:08:56 +0000 2026","0","orange-blue is such a fUntastic combo (current personal obsession)","2048343562698502276","","","en","","0","0","0","https://x.com/undefined/status/2048343562698502276","2024151687716560896",
"2048215654184947995","Sun Apr 26 10:08:54 +0000 2026","0","@doodlezhap @GASLIGHTER_ It's only Russian roulette if you're a delusional nihilist. Blue was always gonna win the only reason it was anywhere close is Twitter is a wretched hive of scum and villiany.","2048343555316535388","","doodlezhap","en","","0","0","0","https://x.com/undefined/status/2048343555316535388","1442037893921345538",
"2048038895120519183","Sun Apr 26 10:08:54 +0000 2026","0","@grok @CraftingVegeto @grok I disagree red pick is only proximal and first order consequence blue accepts the reality that EVERYONE voting includes people incapable of picking red consistently due to no fault of their own or lack of intelligence or worth such as infants the blind children etc","2048343553567342916","","grok","en","","0","1","0","https://x.com/undefined/status/2048343553567342916","1848848113429360640",
"2048343553286295710","Sun Apr 26 10:08:54 +0000 2026","0","take me take me take me on a ocean blue surfin surfin surfin on a wave with you https://t.co/aD0nkQFohK","2048343553286295710","","","en","","0","0","0","https://x.com/undefined/status/2048343553286295710","1379229577533399041",
"2048187433939058792","Sun Apr 26 10:08:53 +0000 2026","0","@GeometryPuzzles Fucking idiot. Will be asking to draw 5 blue lines with red ink next.","2048343551851864354","","GeometryPuzzles","en","","0","0","0","https://x.com/undefined/status/2048343551851864354","3416076795",
"2047785147966386631","Sun Apr 26 10:08:53 +0000 2026","0","@lu_zero_ @esrtweet @quantum_geoff What about blue is antisocial pray tell? Especially in comparison to red.","2048343551654682676","","lu_zero_","en","","0","0","0","https://x.com/undefined/status/2048343551654682676","575119576",
"2048343548928434312","Sun Apr 26 10:08:53 +0000 2026","0","鬼滅色紙 無一郎蜜璃未開封羨ましいわ 鬼滅の刃 刀鍛冶の里編 Blue-ray DVD 購入特典 色紙 ほか https://t.co/JvaOTpM8dS","2048343548928434312","","","ja","","0","0","0","https://x.com/undefined/status/2048343548928434312","2036455706262642694",
"2048343548462858695","Sun Apr 26 10:08:52 +0000 2026","0","i got one minnesota lifer (lark sparrow which i ve seen before just not in MN) biggest find was definitely a blue-winged warbler that guy was quite early. i can t wait to post the photos i got!!!","2048343548462858695","","","en","","0","0","0","https://x.com/undefined/status/2048343548462858695","896169562550489089",
"2048303613802631240","Sun Apr 26 10:08:52 +0000 2026","0","@Aella_Girl Not even throwing babies to vote would make me vote blue this time. Actually after barely surviving the waitbutwhy s poll I think I would never vote blue again.","2048343546911207924","","Aella_Girl","en","","0","0","0","https://x.com/undefined/status/2048343546911207924","1497494896361414661",
"2047733734858715366","Sun Apr 26 10:08:52 +0000 2026","0","@lorecirstea @SimoneSyed @MatjazLeonardis BTW I don t see a way to steel-man your argument anyway. Not without guessing at your reasons for simply asserting that 1) red is the only rational choice and 2) not understanding that the reason for choosing blue. And quite reasonably I d prefer you guess at your own reasons","2048343545308934473","","reukers","en","","1","1","0","https://x.com/undefined/status/2048343545308934473","22715318",
"2048241331902837181","Sun Apr 26 10:08:50 +0000 2026","0","@MurkaDurkah Because you don't actually die or lose anything when blue wins","2048343536303546752","","MurkaDurkah","en","","0","0","0","https://x.com/undefined/status/2048343536303546752","1228498705",
"2048343522575540320","Sun Apr 26 10:08:46 +0000 2026","0","⎐دبدوب⎐ ⊵Q16⊴ ⎐ايهرب⎐ايهيرب اهرب⎐ ⊵IPY1290⊴ ⎐ماكـس⎐فاشون⎐ ⊵K2Y⊴ ⎐نون⎐ ⊵STC9⊴ 〖كـُــــــــود خـصـمــ〗 blue night HMR","2048343522575540320","","","ar","","0","0","0","https://x.com/undefined/status/2048343522575540320","4139815337",
"2047995330273140801","Sun Apr 26 10:08:46 +0000 2026","0","@dqveed You know this is false yet you repeat it. Must be trying for Musk's pocket change blue tick. Here's your pennies from me.","2048343519736053844","","dqveed","en","","0","0","0","https://x.com/undefined/status/2048343519736053844","863170732645163008",
"2048340626970952133","Sun Apr 26 10:08:44 +0000 2026","1","@Jebriel If you think all your loved ones would press blue then you should too no?","2048343514233356684","","Jebriel","en","","0","2","0","https://x.com/undefined/status/2048343514233356684","1768591421177769984",
"2048311749867094183","Sun Apr 26 10:08:44 +0000 2026","0","@civilproblems @kodakszzn Once you see that blue tick. Just know they'll say anything for some likes","2048343512366686289","","civilproblems","en","","0","0","0","https://x.com/undefined/status/2048343512366686289","480829967",
"2047775514350211578","Sun Apr 26 10:08:44 +0000 2026","0","@wokegibbon @sopbeen @TopherStoll @Anton81191831 As much as 51% blue is.","2048343511791997080","","wokegibbon","en","","0","0","0","https://x.com/undefined/status/2048343511791997080","708283377913298944",
"2048330831379218854","Sun Apr 26 10:08:41 +0000 2026","0","@turndablok2gaza When the democrats traded in their badges for leftist larp in 2020 and beyond they forgot to leave the vote blue no matter who mentalities behind. Everything is partisan and if you aren t with them ur against leftism and morally evil. Even harder to talk irl with these types.","2048343500534776186","","turndablok2gaza","en","","0","0","0","https://x.com/undefined/status/2048343500534776186","2037593958067359744",
"2048327864903438622","Sun Apr 26 10:08:40 +0000 2026","0","@nyxvoidd_ Mamamo Blue","2048343497930068155","","nyxvoidd_","tl","","0","0","0","https://x.com/undefined/status/2048343497930068155","1842015967431557122",
"2048320611856900346","Sun Apr 26 10:08:37 +0000 2026","0","@fabyo26 Blue jean kafalım","2048343483342332071","","fabyo26","tr","","0","0","0","https://x.com/undefined/status/2048343483342332071","1616752687478874123",
"2048343483304276156","Sun Apr 26 10:08:37 +0000 2026","0","Chasing sunsets in Santorini White villages blue domes and a sky painted in gold every moment feels like a postcard come to life. Grateful for this slice of magic #SantoriniVibes #Wanderlust https://t.co/NeGEl3rMJ5","2048343483304276156","https://pbs.twimg.com/media/HG0tfMrbwAAR4RR.jpg","","en","","0","0","0","https://x.com/undefined/status/2048343483304276156","2152221408",
"2048343470104838220","Sun Apr 26 10:08:34 +0000 2026","0","amanha? ⎐كُود⎐⎐نون⎐ ⊵KW44⊴ ⎐ريفا_⎐ ⊵W87⊴ ⎐ماكـس⎐فاشون⎐ ⊴HH5⊴ ⎐كؤِبُون⎐Deep Blue ^^^^ ⎐خـِصم⎐fXjXckBsr9U0 https://t.co/zpR2s7gmtc","2048343470104838220","https://pbs.twimg.com/media/HG0thrRXcAEcD_8.jpg","","und","","0","0","0","https://x.com/undefined/status/2048343470104838220","1918707511521079296",
"2048343461737492638","Sun Apr 26 10:08:32 +0000 2026","0","Blue streak；；","2048343461737492638","","","en","","0","0","0","https://x.com/undefined/status/2048343461737492638","4398710300",
"2048343247186166108","Sun Apr 26 10:08:31 +0000 2026","0","@Jennifer_d7 Sure! Garage cleaned car now shiny blue everything perfect no items removed. https://t.co/gbhMaIROMi","2048343458583023635","https://pbs.twimg.com/media/HG0thYnXgAAkxzy.jpg","Jennifer_d7","en","","0","0","0","https://x.com/undefined/status/2048343458583023635","1720665183188922368",
"2048343456481677566","Sun Apr 26 10:08:31 +0000 2026","0","⎐ايوا⎐ ⊵AC⊴ ⎐ماكـس⎐فاشون⎐ ⊵K2Y⊴ ⎐نون⎐ ⊵STC9⊴ ⎐ايهرب⎐ايهيرب اهرب⎐ ⊵IPY1290⊴ 〖كـُــــــــود خـصـمــ〗 fix blue ndC","2048343456481677566","","","ar","","0","0","0","https://x.com/undefined/status/2048343456481677566","3071501080",
"2047967115831881755","Sun Apr 26 10:08:30 +0000 2026","0","@leap_dog The blue button is the evil villain using honeyed words to deceive people into its trap. The only way to rescue them is to press the blue button to save those its ensnared","2048343452077773289","","leap_dog","en","","0","0","0","https://x.com/undefined/status/2048343452077773289","1885616094578118656",
"2048176446997168173","Sun Apr 26 10:08:28 +0000 2026","0","@BrlyThnkng @lymanstoneky Because blue proponents are idiots who need to be handheld into an equivalent scenario so they can actually understand the consequences/logic behind the set-up.","2048343444460810524","","BrlyThnkng","en","","0","0","0","https://x.com/undefined/status/2048343444460810524","1734265258909265921",
"2048120476925603871","Sun Apr 26 10:08:28 +0000 2026","0","@SuperSonicNewf @ImmerUtz @DanielleFong It also solves it. Pressing red creates the problem where unless you can guarantee 100% push rate people die. Pressing blue only needs above 50% to save everyone","2048343444267909385","","SuperSonicNewf","en","","0","0","0","https://x.com/undefined/status/2048343444267909385","1788854505301258240",
"2048343434495484300","Sun Apr 26 10:08:25 +0000 2026","0","After trying Zenith Opay and UBA bank but it didn't work out for almost a year. I ended up paying for the blue tick by all means after seeing some muppets and troglodytes who ve never even left Africa calling us broke ","2048343434495484300","","","en","","0","1","0","https://x.com/undefined/status/2048343434495484300","1947215660775546880",
"2048210270300836228","Sun Apr 26 10:08:20 +0000 2026","0","@Ofcimcold This is tough!! They are both so good! If I have to choose I will give a slight edge to blue eye samurai as I like its villain a bit more than Twilight of the gods antagonist.","2048343411380425145","","Ofcimcold","en","","0","0","0","https://x.com/undefined/status/2048343411380425145","1321027998322204675",
"2048343405705752634","Sun Apr 26 10:08:18 +0000 2026","0","seasoning? ⎐كُود⎐⎐نمشي⎐ ⊵RD13⊴ ▬درايف▬جاشنمال▬ ⊵AFLT33⊴ ⎐هواوى⎐ ⊵AEB31⊴ ⎐كؤِبُون⎐Light Blue ^^^ ⎐خـِصم⎐B3v4NEhYoirH https://t.co/e26ZtSjbPB","2048343405705752634","https://pbs.twimg.com/media/HG0td8Ga8AAkpG1.jpg","","und","","0","0","0","https://x.com/undefined/status/2048343405705752634","1406690143164108804",
"2048343397056795024","Sun Apr 26 10:08:16 +0000 2026","0","I see why people would vote blue button now but it s still only rational if you know it ll hit 51%. In other words maybe it s good not to talk people out of it even if it doesn t make sense. But it s not great to rely on it working either if you understand both options.","2048343397056795024","","","en","","0","1","0","https://x.com/undefined/status/2048343397056795024","19733280",
"2048343396742291515","Sun Apr 26 10:08:16 +0000 2026","0","Riche? ⎐كُود⎐⎐نمشي⎐ ⊵RD12⊴ ⎐الشمس⎐والرمال⎐صن⎐اند⎐ساند⎐ ⊵ABC31⊴ ⎐دبدوب⎐ ⊵A5⊴ ⎐كؤِبُون⎐Warm Blue ^^^^ ⎐خـِصم⎐HX2k1R4GBvOj https://t.co/KWjVv7lGoC","2048343396742291515","https://pbs.twimg.com/media/HG0tdbNWMAASiUi.jpg","","ar","","0","0","0","https://x.com/undefined/status/2048343396742291515","1274823777264828416",
"2048343395329003941","Sun Apr 26 10:08:16 +0000 2026","0","【福岡店3周年目玉品を公開！】 USEDギターを特価にて大放出いたします！ CREWS MANIAC SOUND K&amp;T KTR ST 57 -Sonic Blue- ¥187 000→￥132 000 4/29　12:00より店頭販売 ※ネット販売は1時間後になります ※購入者多数の場合は抽選を行います お見逃しなく！！！ https://t.co/KJbz85Mc81","2048343395329003941","","","ja","","0","0","0","https://x.com/undefined/status/2048343395329003941","1626072098711179265",
"2048242852191174856","Sun Apr 26 10:08:14 +0000 2026","0","@SteveChamberlai @overton_news The sky is blue. Go on tell us it's green.","2048343388726931504","","RobertLeRoyPar6","en","","0","0","0","https://x.com/undefined/status/2048343388726931504","1300587615754702848",
"2048313682824675570","Sun Apr 26 10:08:13 +0000 2026","1","@Arktheos if u press blue here ur just a goy","2048343381214937408","","Arktheos","en","","0","0","0","https://x.com/undefined/status/2048343381214937408","1846514824572022784",
"2048110513788248400","Sun Apr 26 10:08:12 +0000 2026","0","@DailyLoud The biggest great white recorded near Oahu is Deep Blue estimated at 20 feet long and around 50 years old.","2048343380703474033","","DailyLoud","en","","0","0","0","https://x.com/undefined/status/2048343380703474033","1821842403160207360",
"2048341808631935096","Sun Apr 26 10:08:12 +0000 2026","0","@PhilOhSoFar 4 teams you knowUikemoso blue eaglo","2048343377209327965","","PhilOhSoFar","en","","0","1","0","https://x.com/undefined/status/2048343377209327965","1116692402339762176",
"2048272639886811345","Sun Apr 26 10:08:08 +0000 2026","0","@leplayerr i wanna put end to blue units https://t.co/vhfikDd52O","2048343360646324280","https://pbs.twimg.com/tweet_video_thumb/HG0tbd0a8AACrf6.jpg","leplayerr","en","","0","0","0","https://x.com/undefined/status/2048343360646324280","1461937193157419012",
"2048343357471273041","Sun Apr 26 10:08:07 +0000 2026","0","What if blue button pushers see themselves as inherently expendable to save the tribe and therefore conditioned to push blue","2048343357471273041","","","en","","0","0","0","https://x.com/undefined/status/2048343357471273041","1875429058286346240",
"2048343355265102296","Sun Apr 26 10:08:06 +0000 2026","2","今夜のMUSIC︎です 説明不要の名盤 Otis Redding Otis Blue / Otis Redding Sings Soul (ATCO Records 8122797160 2012-EU Reissue Special Edition Blue Vinyl 180 Gram) https://t.co/pTdWfKOJu1","2048343355265102296","https://pbs.twimg.com/media/HG0ta1rbUAAKLEe.jpg","","ja","","0","0","0","https://x.com/undefined/status/2048343355265102296","857479344",
"2048343350005350624","Sun Apr 26 10:08:05 +0000 2026","0","最新アルバム以外のLAST ALLIANCEのオススメ曲は、赤い花、片膝の汚れ、疾走、プロメテウス、サードアイズシンジゲート、KONOYUBETOMARE、エイミーシンドローム、Change by 1、孤島のバスキア、BLUE LIGHTNING、HEKIREKI辺りです。絶対刺さる曲1曲はあると思う。マジでカッコいいから。","2048343350005350624","","","ja","","0","0","0","https://x.com/undefined/status/2048343350005350624","1268057535870730241",
"2048091168810959070","Sun Apr 26 10:08:02 +0000 2026","0","@chefsevenn Pepperidge Farm dressing mix in the blue bag.","2048343338605330607","","chefsevenn","en","","0","0","0","https://x.com/undefined/status/2048343338605330607","1759622785574592512",
"2048343336562364516","Sun Apr 26 10:08:02 +0000 2026","1","As my boss @john322226 no gree buy blue tick for me I don go use my last card buy https://t.co/w2CMSoatZu","2048343336562364516","https://pbs.twimg.com/media/HG0tZ7Pa8AAjNdw.jpg","","en","","0","0","1","https://x.com/undefined/status/2048343336562364516","1349013183839744001",
"2048343330933620855","Sun Apr 26 10:08:01 +0000 2026","5","when i want to watch blue but my wife wants to watch orange https://t.co/8S8o1uxyD1","2048343330933620855","https://pbs.twimg.com/amplify_video_thumb/2048343271592919040/img/ewSueGqEkj9Sko1T.jpg","","en","","0","0","0","https://x.com/undefined/status/2048343330933620855","1638266875715911680",
"2047979548097348032","Sun Apr 26 10:08:00 +0000 2026","0","@baba_shorei FF外から失礼します、、、 ライブ観戦後にヒョリンの福岡目撃情報無いかな〜と調べたらこちらのポストが目に入ったので、、 厚かましくも、、 say my name 안녕 blue moon ←観客の方のリクエストに応じてアカペラで即興で歌ってました！ wait dally shotty see seaでした！","2048343329314943108","","baba_shorei","ja","","0","0","0","https://x.com/undefined/status/2048343329314943108","770946069945421824",
"2048343328497004862","Sun Apr 26 10:08:00 +0000 2026","0","Blue Anthem - .LiNIXLiNE. https://t.co/a1prQDzRge #LINEMUSIC #名曲から最新ヒットまで聴き放題","2048343328497004862","","","en","","0","0","0","https://x.com/undefined/status/2048343328497004862","122052551",
"2048325118901067969","Sun Apr 26 10:08:00 +0000 2026","0","@Rcb_Xtra This is what a blue tick does sometimes Too much confidence not enough logic Next we might see someone benching Virat Kohli ","2048343326764798351","","Rcb_Xtra","en","","0","0","0","https://x.com/undefined/status/2048343326764798351","2043010552717271040",
"2048343324139167995","Sun Apr 26 10:07:59 +0000 2026","0","quem? ⎐كُود⎐⎐ترينديول⎐ ⊵OMM⊴ ⎐فىرست⊴كراى⊴⎐ ⊵RR10⊴ ⎐الدخےل▬للعود⎐ ▤BS26▤ ⎐كؤِبُون⎐Crystal Blue ^^^ ⎐خـِصم⎐jnvfA3pRuVI0 https://t.co/seAkoCdd2s","2048343324139167995","https://pbs.twimg.com/media/HG0tZAoaMAA_Jkh.jpg","","und","","0","0","0","https://x.com/undefined/status/2048343324139167995","461144355",
"2048343316551307621","Sun Apr 26 10:07:57 +0000 2026","0","i hope people come to associate faer and @vaultdwelIer's blue as a pair. tavship except they arent dating they arent even friends some secret third thing","2048343316551307621","","","en","","0","0","0","https://x.com/undefined/status/2048343316551307621","1713429529018953728",
"2048343316157325595","Sun Apr 26 10:07:57 +0000 2026","0","ส่งต่อ blue lock เล่ม 17-26 ยกเว้นเล่ม 18 เป็นมือ2 ที่เหลือเป็นมือ1 ในซีล เล่ม23 กับเล่ม 26 มีโปสการ์ด ⭐️ราคา 850 ส่งฟรี⭐️ ไม่ขายแยก สนใจทักสอบถามเพิ่มเติมได้ค่ะ #ตลาดนัดคุกฟ้า #ตลาดนัดbluelock #ตลาดนัดคุกฟ้า #ส่งต่อมังงะ #มังงะ #ตลาดนัดอนิเมะ #มังงะมือสองสภาพดี https://t.co/dfS7UtoJvT","2048343316157325595","https://pbs.twimg.com/media/HG0tYPdbAAAmXPL.jpg","","th","","0","0","0","https://x.com/undefined/status/2048343316157325595","1618728510062993409",
"2048343309463019831","Sun Apr 26 10:07:56 +0000 2026","0","⎐نمشي⎐ ⊵MBC8⊴ ⎐نون⎐ ⊵STC9⊴ ⎐ماكـس⎐فاشون⎐ ⊵K2Y⊴ ⎐ايهرب⎐ايهيرب اهرب⎐ ⊵IPY1290⊴ 〖كـُــــــــود خـصـمــ〗 blue story dEe","2048343309463019831","","","ar","","0","0","0","https://x.com/undefined/status/2048343309463019831","4649479523",
"2048343298784280986","Sun Apr 26 10:07:53 +0000 2026","0","⎐ترنديول⎐ ⊵BDL⊴ ⎐ايهرب⎐ايهيرب اهرب⎐ ⊵IPY1290⊴ ⎐نون⎐ ⊵STC9⊴ ⎐ماكـس⎐فاشون⎐ ⊵K2Y⊴ 〖كـُــــــــود خـصـمــ〗 open blue cke","2048343298784280986","","","ar","","0","0","0","https://x.com/undefined/status/2048343298784280986","756947040060473344",
"2048217949190676738","Sun Apr 26 10:07:53 +0000 2026","0","@LydiaBr99501731 @Southern75_29 These people are just as delusional as blue anons. he s going to make an exit- we already know that?!? They re nuts.","2048343297949606044","","LydiaBr99501731","en","","0","0","0","https://x.com/undefined/status/2048343297949606044","1781325094603685888",
"2048343296544493845","Sun Apr 26 10:07:52 +0000 2026","0","Senate Blue Ribbon Committee chairperson Panfilo Ping Lacson on Sunday said he is preparing a chairman s progress report on the panel s investigation into alleged anomalous flood control projects and is studying whether it can be furnished to the Office of the Ombudsman. Read","2048343296544493845","","","en","","0","0","0","https://x.com/undefined/status/2048343296544493845","39453212",
"2048048333021950457","Sun Apr 26 10:07:52 +0000 2026","0","@mikusingularity If red wins nobody dies. If blue wins 0.01% - X% dies There does not exist a scenario where over 50% of people vote blue","2048343295173312647","","mikusingularity","en","","0","0","0","https://x.com/undefined/status/2048343295173312647","1523190212725116935",
"2048343284062597128","Sun Apr 26 10:07:49 +0000 2026","0","JO1 × INI JI BLUE サッカー日本代表応援ソング『景色』 楽天ブックス、Amazonにて予約開始️ 在庫ある内に https://t.co/9027t6m18x 豆原一成 與那城奨 大平祥生 河野純喜 佐藤景瑚 川尻蓮 川西拓実 木全翔也 金城碧海 白岩瑠姫 鶴房汐恩 池﨑理人 許豊凡 後藤威尊 西洸人 藤牧京介 #ad #pr","2048343284062597128","","","ja","","0","0","0","https://x.com/undefined/status/2048343284062597128","1213677316183752705",
"2048343283508666383","Sun Apr 26 10:07:49 +0000 2026","0","Parlament night blue beyaz paket mükemmel bi sigara çok begendım","2048343283508666383","","","tr","","0","0","0","https://x.com/undefined/status/2048343283508666383","1710693679050989568",
"2048343278450258007","Sun Apr 26 10:07:48 +0000 2026","2","had a little idea for how i d rewrite the #steddie upside down talk if stranger things was more Woke &amp; Cool might do a s4 rewrite from a steddie perspective at some point so lmk if this is any good lmao!! also steve is blue &amp; eddie is red :) https://t.co/klqFdlOnzO","2048343278450258007","https://pbs.twimg.com/media/HG0tWlkaYAA_LhL.jpg","","en","","0","0","0","https://x.com/undefined/status/2048343278450258007","1999172740918747136",
"2047754830282682530","Sun Apr 26 10:07:47 +0000 2026","0","@3dlogicus @plasmarob If this was the original question people would overwhelmingly choose blue because it extricates the self from the equation and it shows that blue was always the superior option.","2048343272503083478","","LKSGTwentyFour","en","","0","0","0","https://x.com/undefined/status/2048343272503083478","888910656652496896",
"2048343270116438188","Sun Apr 26 10:07:46 +0000 2026","74","260426 TOKYO DOME BLUE #윈터 #WINTER #에스파 #aespa https://t.co/raOrUl6eMl","2048343270116438188","https://pbs.twimg.com/media/HG0tV8ebIAA7YBq.jpg","","en","","0","0","32","https://x.com/undefined/status/2048343270116438188","1530153841659785216",
"2048326333499941322","Sun Apr 26 10:07:43 +0000 2026","2","@RestoreOurUK We re doing this for our country and our children. The aim is to plant trees in whose shade we will never sit. Membership matters. Add 'Member of Restore Britain' to profiles? Looking for this and maybe blue ticks before following? https://t.co/Who8O7oM1R","2048343257277423797","https://pbs.twimg.com/media/HG0tAV-aQAAgnkh.jpg","RestoreOurUK","en","","0","0","0","https://x.com/undefined/status/2048343257277423797","2599040606",
"2048126827500023968","Sun Apr 26 10:07:42 +0000 2026","0","@javenille0 @bLdsire @IterIntellectus The tiger was asleep and a mile away until one idiot pressed blue and ran at it to fight it. So some other idiots also ran at it to fight it hoping that enough humans were idiots that they could all join together to overpower the tiger to save the fist idiot.","2048343252588503398","","javenille0","en","","0","0","0","https://x.com/undefined/status/2048343252588503398","2011269070872854528",
"2048343249165725990","Sun Apr 26 10:07:41 +0000 2026","0","That trophy looks good in sky blue ribons #pusb","2048343249165725990","","","en","","0","0","0","https://x.com/undefined/status/2048343249165725990","1401972960941031427",
"2048250717924647227","Sun Apr 26 10:07:41 +0000 2026","0","@Matt_Pinner Sky blue https://t.co/aZGtY6GGiw","2048343248289292419","https://pbs.twimg.com/tweet_video_thumb/HG0tUyTaQAAB-Hj.jpg","Matt_Pinner","en","","0","0","0","https://x.com/undefined/status/2048343248289292419","1074446969920049153",
"2048343246544449805","Sun Apr 26 10:07:41 +0000 2026","0","تحياتي? ⎐كُود⎐⎐تُيموُ⎐ ⊵TEM73⊴ ⎐ديفاكتو▬defacto▬ ⊵DC10⊴ ⎐دبدوب⎐ ⊵A5⊴ ⎐كؤِبُون⎐Deep Blue ^^^ ⎐خـِصم⎐F75sj4kEQLsZ https://t.co/ZeRtWvrCMf","2048343246544449805","https://pbs.twimg.com/media/HG0tUfCbMAAXEav.jpg","","und","","0","0","0","https://x.com/undefined/status/2048343246544449805","1247238104563560455",
"2047593988228518280","Sun Apr 26 10:07:40 +0000 2026","0","@Eleanor_Auclair yes!! it s my highschool sweethearts AU! pastel blue is nicomimi theme colour actually so im glad u think so ᐡ ɞ̴̶̷ ·̫ ɞ̴̶̷ ᐡ","2048343242450591827","","Eleanor_Auclair","en","","0","0","0","https://x.com/undefined/status/2048343242450591827","1681774594980454401",
"2048179117502419302","Sun Apr 26 10:07:38 +0000 2026","0","@Carthelan_ @TectusVulpes @Hotands15041504 @CorenLaVolpe Maybe she's worried her kid would press blue? Maybe they think someone else she loves would? There's a no damage scenario readily available. On a societal level is really the best option.","2048343237417464229","","Carthelan_","en","","0","0","0","https://x.com/undefined/status/2048343237417464229","1228498705",
"2048070791577649343","Sun Apr 26 10:07:37 +0000 2026","0","@SyrianLib if it was a room of 10 people you could chat with this maybe makes sense but the cost of pressing red is that if enough people do it they kill all blues. And how many people do you think would pick blue out of 8 billion people?","2048343230639419764","","SyrianLib","en","","0","1","0","https://x.com/undefined/status/2048343230639419764","1133509232945500160",
"2048054255336984651","Sun Apr 26 10:07:35 +0000 2026","0","@decorations_0 Shade of purple in blue Reminds me of the time I missed too Of beautiful carpets in sight Bleeding of royalty in their full light.","2048343222641180788","","decorations_0","en","","0","0","0","https://x.com/undefined/status/2048343222641180788","1152233250518994944",
"2048343216207036677","Sun Apr 26 10:07:33 +0000 2026","0","ойбоже? ⎐كُود⎐⎐ايهرب⎐ايهيرب اهرب ⊵IQH8946⊴ ▬أوسما▬ ⎐DZ74⊴ ⎐عطور▬رسيس⎐ ⊵AA51⊴ ⎐كؤِبُون⎐Natural Blue ^^^^ ⎐خـِصم⎐D2GZvfirfC34 https://t.co/wEPi8hZ4ti","2048343216207036677","https://pbs.twimg.com/media/HG0tSptbAAEiIXV.jpg","","und","","0","0","0","https://x.com/undefined/status/2048343216207036677","579155181",
"2048343215363821980","Sun Apr 26 10:07:33 +0000 2026","0"," $QQQ completed its correction from the Blue Box area confirming the bullish sequence remains intact. Buyers stepped in and the structure suggests continuation higher with supported pullbacks along the way. #ElliottWave #Trading #Nasdaq $NDX https://t.co/OEmPINBq09","2048343215363821980","https://pbs.twimg.com/media/HG0s9MhaIAA2LKH.jpg","","en","","0","1","0","https://x.com/undefined/status/2048343215363821980","79233326",
"2048343214244122909","Sun Apr 26 10:07:33 +0000 2026","0","ahi? ⎐كُود⎐⎐تُيموُ⎐ ⊵TEM73⊴ ⎐ديفاكتو▬defacto▬ ⊵DC10⊴ ⎐دبدوب⎐ ⊵A5⊴ ⎐كؤِبُون⎐Star Blue ^^ ⎐خـِصم⎐dRSv0uDx6tyjn https://t.co/vrtKNpRXo4","2048343214244122909","https://pbs.twimg.com/media/HG0tSiVbUAA7IET.jpg","","und","","0","0","0","https://x.com/undefined/status/2048343214244122909","601287053",
"2048343214055108858","Sun Apr 26 10:07:33 +0000 2026","0","I don't have a blue tick either","2048343214055108858","","","en","","0","0","0","https://x.com/undefined/status/2048343214055108858","1944172714652041216",
"2048259790422380695","Sun Apr 26 10:07:32 +0000 2026","0","@SlothInMirror They sure seem to care enough to proselytize how their answer is the only correct one and anyone voting blue is inferior.","2048343212058681825","","SlothInMirror","en","","0","2","0","https://x.com/undefined/status/2048343212058681825","24116295",
"2048330133598306429","Sun Apr 26 10:07:32 +0000 2026","1","@sai_kii_10 As an arab arabic fans love her alot we even made a group on blue app for vpca voting donation ","2048343211186254128","","sai_kii_10","en","","0","0","0","https://x.com/undefined/status/2048343211186254128","1997589139697610752",
"2048126724475392038","Sun Apr 26 10:07:31 +0000 2026","0","@GaryHuerta12 @Monotheist_5 They swear black and blue that there is no homosexuality in their religion hahahaah","2048343206493061495","","GaryHuerta12","en","","0","1","0","https://x.com/undefined/status/2048343206493061495","1713165193226977280",
"2048343132920762432","Sun Apr 26 10:07:31 +0000 2026","1","The wide blue sky stretches calmly above while the green leaves in the playground sway gently in the breeze. A soft cool wind drifts by brushing against my skin and carrying a quiet sense of peace that s hard to put into words.","2048343206044258608","","kyaakiikii","en","","0","0","0","https://x.com/undefined/status/2048343206044258608","2024848823542325248",
"2048304271679263010","Sun Apr 26 10:07:29 +0000 2026","1","@Uwuzy2 Blue","2048343197986717976","","Uwuzy2","en","","0","1","0","https://x.com/undefined/status/2048343197986717976","1831858878612377600",
"2048342091638452276","Sun Apr 26 10:07:26 +0000 2026","3","@thereal_SnS Blue states also issue bogus fugitive from justice warrants on zero evidence to try to assassinate conservatives in other states during arrests.","2048343186481803571","","thereal_SnS","en","","0","0","0","https://x.com/undefined/status/2048343186481803571","1836464619470147584",
"2048343181649920380","Sun Apr 26 10:07:25 +0000 2026","0","⎐نمشي⎐ ⊵MBC8⊴ ⎐نون⎐ ⊵STC9⊴ ⎐ماكـس⎐فاشون⎐ ⊵K2Y⊴ ⎐ايهرب⎐ايهيرب اهرب⎐ ⊵IPY1290⊴ 〖كـُــــــــود خـصـمــ〗 power prime blue Lpm","2048343181649920380","","","ar","","0","0","0","https://x.com/undefined/status/2048343181649920380","2210520549",
"2048343176973517150","Sun Apr 26 10:07:24 +0000 2026","0","@1 【交換】祥伝社 アニメイト presents on BLUE 15周年記念フェア オンブルー　花飾プリズムカード 特典 カード 譲）冬縞しぐれ先生 求）夏野寛子先生 郵送＞都内手渡し（郵送の場合、往復送料はこちらで負担いたしますm(_ _)m） 大変難しいと思いますが、検索からもお気軽にお声掛けください https://t.co/j4XDWkQmFv","2048343176973517150","https://pbs.twimg.com/media/HG0tQrua4AAbDYD.jpg","1","ja","","0","0","0","https://x.com/undefined/status/2048343176973517150","1518622998785372166",
"2048343173072581026","Sun Apr 26 10:07:23 +0000 2026","0","⎐تويو⎐ ⊵AN4⊴ ⎐نون⎐ ⊵STC9⊴ ⎐ايهرب⎐ايهيرب اهرب⎐ ⊵IPY1290⊴ ⎐ماكـس⎐فاشون⎐ ⊵K2Y⊴ 〖كـُــــــــود خـصـمــ〗 move blue vibe uSR","2048343173072581026","","","ar","","0","0","0","https://x.com/undefined/status/2048343173072581026","4765688629",
"2048215494080004574","Sun Apr 26 10:07:21 +0000 2026","0","@oliviakrolczyk_ IDF staged. But keep blaming left or right or blue or red or idk what else shit. They want us divided so they can rule and you bunch of brainless soulless sheeps keep pouring oil into fire. Cavemen out here VOTING in 2026 i ll be damned. Voting is the worst thing you can do https://t.co/8BgQuqPF0o","2048343162729460037","https://pbs.twimg.com/media/HG0tP8zXwAASBaC.jpg","oliviakrolczyk_","en","","0","0","0","https://x.com/undefined/status/2048343162729460037","2013197232455962624",
"2048286681024057690","Sun Apr 26 10:07:18 +0000 2026","0","@Unsaid_Dezires Blue star nala illaya ","2048343152063606972","","Unsaid_Dezires","hi","","0","0","0","https://x.com/undefined/status/2048343152063606972","1423541240461553671",
"2048224818592424072","Sun Apr 26 10:07:16 +0000 2026","1","@JesseFPV @WokeFDR Yes I would be voting to kill the toddlers if I chose red. The only chance I have however remote of saving all toddlers is to vote blue. I would rather die trying to save the toddlers and I don't want to live on a planet inhabited solely by people who wouldn't do the same.","2048343144740032800","","JesseFPV","en","","0","0","0","https://x.com/undefined/status/2048343144740032800","1857289931934015488",
"2048187073723564343","Sun Apr 26 10:07:16 +0000 2026","0","@AdsoOfBelk I would push the blue button too but y'all have no honesty","2048343142726824149","","AdsoOfBelk","en","","0","0","0","https://x.com/undefined/status/2048343142726824149","1159203321636368385",
"2048343141456232448","Sun Apr 26 10:07:15 +0000 2026","0","bruh hamin doing tictic challenge is the closest thing I ve ever get from hoping for hamin blue valentine challenge https://t.co/AfX72SpaCT","2048343141456232448","https://pbs.twimg.com/tweet_video_thumb/HG0tOf5boAEzIZM.jpg","","en","","0","0","0","https://x.com/undefined/status/2048343141456232448","1251952819227119621",
"2048295490744172669","Sun Apr 26 10:07:15 +0000 2026","0","@brianjimmyjoe @rtenews When you have the Irish tricolor and the genocidal blue swastika in your profile what you tweet is irrelevant","2048343141338456475","","brianjimmyjoe","en","","0","0","0","https://x.com/undefined/status/2048343141338456475","1655144955868749824",
"2048333184753168695","Sun Apr 26 10:07:12 +0000 2026","0","@MikaNase @SB19Official Any shades of blue I am voting #SB19 for #GrupoDuplaInternacionaldoAno and #WakasAtSimula for #AlbumEPInternacionaldoAno #SECAwards @SB19Official","2048343125111009695","","MikaNase","en","","0","0","1","https://x.com/undefined/status/2048343125111009695","1564462190282690561",
"2048343124028633234","Sun Apr 26 10:07:11 +0000 2026","0","⎐ايوا⎐ ⊵AC⊴ ⎐ماكـس⎐فاشون⎐ ⊵K2Y⊴ ⎐نون⎐ ⊵STC9⊴ ⎐ايهرب⎐ايهيرب اهرب⎐ ⊵IPY1290⊴ 〖كـُــــــــود خـصـمــ〗 idea blue Oty","2048343124028633234","","","ar","","0","0","0","https://x.com/undefined/status/2048343124028633234","914775186",
"2047948878079545604","Sun Apr 26 10:07:09 +0000 2026","0","@DonkeyboyDev @ZiggenPlays @ry3564 But it wouldn't be our mistake. It would be yours. Can I lead you to get it? Can I? We might be getting close. You are so hung up on It's a logical puzzle and if you choose blue you're dumb and wrong . It's a psychological puzzle with severe consequences for all of mankind.","2048343115254079869","","DonkeyboyDev","en","","0","1","0","https://x.com/undefined/status/2048343115254079869","284171152",
"2047987629078020283","Sun Apr 26 10:07:09 +0000 2026","0","@KovacMao @bratricek @TGuthJarkovsky Koordinace poloviny k necemu iracionalnimu vs koordinace vsech k necemu racionalnimu. Zmacknout cervenej je naprosto zjevne racionalni a zmacknout modrej je naprosto zjevne nesmysl. Jediny co zpusobuje ze vubec existuje Team Blue jsou manipulatori a zmanipulovani.","2048343113203081378","","KovacMao","cs","","0","0","0","https://x.com/undefined/status/2048343113203081378","720923224368930816",
"2048343106274328751","Sun Apr 26 10:07:07 +0000 2026","0","︎AIR MAX 90 ESSENTIAL White/Photo Blue ︎15 000 yen #メルカリ ▼商品check!!▼ https://t.co/NQR6uxEbjY","2048343106274328751","","","en","","0","0","0","https://x.com/undefined/status/2048343106274328751","1742431045889478656",
"2048343094228070516","Sun Apr 26 10:07:04 +0000 2026","0","⎐ترنديول⎐ ⊵BDL⊴ ⎐ايهرب⎐ايهيرب اهرب⎐ ⊵IPY1290⊴ ⎐نون⎐ ⊵STC9⊴ ⎐ماكـس⎐فاشون⎐ ⊵K2Y⊴ 〖كـُــــــــود خـصـمــ〗 start blue bpu","2048343094228070516","","","ar","","0","0","0","https://x.com/undefined/status/2048343094228070516","1558822286",
"2048224818592424072","Sun Apr 26 10:07:04 +0000 2026","0","@WokeFDR Almost. Red-pickers focus on the *actual* question how should I vote in this situation? Blue-pickers focus on what is the best outcome? even though they re unable to actually produce thus outcome. Blue is the better outcome Red is the correct vote.","2048343092445532217","","WokeFDR","en","","0","0","0","https://x.com/undefined/status/2048343092445532217","1499402333796462594",
"2048343088666738909","Sun Apr 26 10:07:03 +0000 2026","0","There is something with Hong and stripes. Also he s so blue coded. #hongshihoshi https://t.co/cs4rduHiZo","2048343088666738909","https://pbs.twimg.com/media/HG0tLe1aUAAXWHC.jpg","","en","","0","0","0","https://x.com/undefined/status/2048343088666738909","1863137802571145216",
"2048038895120519183","Sun Apr 26 10:07:02 +0000 2026","0","@kekoa_keawe @CraftingVegeto If parents push blue and their children randomly push red they leave their child parentless. It is far from black and white.","2048343086657306940","","kekoa_keawe","en","","0","0","0","https://x.com/undefined/status/2048343086657306940","1997628789808156672",
"2048343075668549837","Sun Apr 26 10:07:00 +0000 2026","0","will? ⎐كُود⎐⎐ترينديول⎐ ⊵OMM⊴ ⎐ماماز▬اند▬باباز⎐ ⊵A888⊴ ▬جىني⎐ ⊵AAK1⊵ ⎐كؤِبُون⎐Dark Blue ^^^^ ⎐خـِصم⎐ZsYDxp1OVQ4n https://t.co/fy0JeuuWCI","2048343075668549837","https://pbs.twimg.com/media/HG0tKkcaIAAMWl1.jpg","","und","","0","0","0","https://x.com/undefined/status/2048343075668549837","525828223",
"2048343068647260322","Sun Apr 26 10:06:58 +0000 2026","0","Basta bagay sa kanila white outfit. Lutang sa lahat. Red din pwede maganda yung leather sana pero mainit kaya okay na kung red. Yung blue swak sa summer yan.","2048343068647260322","","","tl","","0","0","0","https://x.com/undefined/status/2048343068647260322","1284611121958117376",
"2048079565717692655","Sun Apr 26 10:06:57 +0000 2026","0","@john322226 @victorosimhen9 Me wey The Legend Lobistars dey follow despite not having blue tick nko Wetin you wan make I say?","2048343065107063156","","john322226","en","","0","0","0","https://x.com/undefined/status/2048343065107063156","181189835",
"2048343060485210532","Sun Apr 26 10:06:56 +0000 2026","0","godmorgen? ⎐كُود⎐⎐نمشي⎐ ⊵MFM3⊴ ⎐باث▬اند▬بودي⎐ ⎐ADPE⊴ ⎐ترنديول⎐ ⊵OMM⊴ ⎐كؤِبُون⎐Warm Blue ^^^^ ⎐خـِصم⎐jPpjuLEhL9RM https://t.co/HBk5RGNmxC","2048343060485210532","https://pbs.twimg.com/media/HG0tJsvagAAFPEs.jpg","","und","","0","0","0","https://x.com/undefined/status/2048343060485210532","1944360043584876544",
"2048042386681454616","Sun Apr 26 10:06:54 +0000 2026","0","@WizKiddB A mighty fine friend indeed. This is what i think you look like irl. Coathanger blue was mine. https://t.co/HdOtHeN1PZ","2048343051106701350","https://pbs.twimg.com/media/HG0tJVxaMAATS01.jpg","WizKiddB","en","","0","0","0","https://x.com/undefined/status/2048343051106701350","2433424015",
"2048002261196902460","Sun Apr 26 10:06:52 +0000 2026","0","@DavidTolner @JD_Vance_Q1 Your not originally from FL move back to the crappy blue city you left.","2048343044735242654","","DavidTolner","en","","0","0","0","https://x.com/undefined/status/2048343044735242654","1512126313288589315",
"2048343043049242828","Sun Apr 26 10:06:52 +0000 2026","0","⎐ترنديول⎐ ⊵BDL⊴ ⎐ايهرب⎐ايهيرب اهرب⎐ ⊵IPY1290⊴ ⎐نون⎐ ⊵STC9⊴ ⎐ماكـس⎐فاشون⎐ ⊵K2Y⊴ 〖كـُــــــــود خـصـمــ〗 blue Cbq","2048343043049242828","","","ar","","0","0","0","https://x.com/undefined/status/2048343043049242828","4507016015",
"2048031978428252612","Sun Apr 26 10:06:52 +0000 2026","0","@Rui_kirisame @BrowsingStuffs oh I dunno maybe the fact that Blue archive actually have depictions of children? don't tell me their innocent or it's a design choice they know exactly what they're doing adding lolis in their suggestive game","2048343042277736500","","Rui_kirisame","en","","0","0","0","https://x.com/undefined/status/2048343042277736500","1389462371660222464",
"2048343035314946068","Sun Apr 26 10:06:50 +0000 2026","0","gosh? ⎐كُود⎐⎐تويو⎐ ⊵FF7⊴ ▬موجى▬ ⎐V1737⎐ ⎐سيلين⎐SELEN▬ ⎐DG6⎐ ⎐كؤِبُون⎐Royal Blue ^^^ ⎐خـِصم⎐0ErdxcVn4Es0 https://t.co/0RGbYgeemp","2048343035314946068","https://pbs.twimg.com/media/HG0tIcdaIAAl_Fo.jpg","","und","","0","0","0","https://x.com/undefined/status/2048343035314946068","1118754597458317313",
"2048343034035839332","Sun Apr 26 10:06:50 +0000 2026","0","カーテン魂より『Summer Pockets REFLECTION BLUE＆anemoi』ラバーマットが登場！ https://t.co/6QqVc1cPvY","2048343034035839332","","","ja","","0","0","0","https://x.com/undefined/status/2048343034035839332","323650242",
"2048260392170962961","Sun Apr 26 10:06:47 +0000 2026","0","@tvheidihatch Blue Blake Busted. Sorry Dems go back to your own party.","2048343022149263443","","tvheidihatch","en","","0","0","0","https://x.com/undefined/status/2048343022149263443","1666282533070450688",
"2048189863283806352","Sun Apr 26 10:06:46 +0000 2026","0","@_scK1ng @JackyWackyDA @AleksLeVO @BrandonJRouth @RobertKirkman @RyanOttley I was aiming for more of a blue but due to my monitor s incorrect colour calibration it turned out a bit more like the slight green of the coalition suit https://t.co/v4F2mqRUnn","2048343017602343158","https://pbs.twimg.com/media/HG0tHW-bgAAso3T.jpg","_scK1ng","en","","0","0","0","https://x.com/undefined/status/2048343017602343158","1795766243842011136",
"2048343010992423001","Sun Apr 26 10:06:44 +0000 2026","0","哦天? ⎐كُود⎐⎐ترينديول⎐ ⊵OMM⊴ ⎐لىفيل⎐ليفل⎐شوز⎐ ⊵BK5⊴ ⎐شارلوت ⊴تيلبورى⎐ ⊵A9DS⊴ ⎐كؤِبُون⎐Velvet Blue ^^^^ ⎐خـِصم⎐A085aVf0YjDR https://t.co/lZNMFiUkwJ","2048343010992423001","https://pbs.twimg.com/media/HG0tGy3acAAbcbI.jpg","","ar","","0","0","0","https://x.com/undefined/status/2048343010992423001","608641579",
"2048343009763488161","Sun Apr 26 10:06:44 +0000 2026","68","Blue lace https://t.co/e3R7WV6hm7 https://t.co/Qjj1IpDlLE","2048343009763488161","https://pbs.twimg.com/media/HG0tG1Ma8AAlkzN.jpg","","en","","0","1","7","https://x.com/undefined/status/2048343009763488161","2421127026",
"2048083525157670944","Sun Apr 26 10:06:42 +0000 2026","0","@wingoz If you told me the sky was blue I'd need to go outside and check...","2048343001202893160","","wingoz","en","","0","0","0","https://x.com/undefined/status/2048343001202893160","897482911",
"2048343000195965087","Sun Apr 26 10:06:42 +0000 2026","0","Bar? ⎐كُود⎐⎐ايهرب⎐ايهيرب اهرب ⊵IQH8946⊴ ▬ممزورلد▬مامزورلد▬ ⊵ZZ9⊴ ▬الدهام▬للساعات▬ ⊵OMG⊴ ⎐كؤِبُون⎐Natural Blue ^^^^ ⎐خـِصم⎐tyjD4XTfJuLZ4 https://t.co/nTNOPS5mqo","2048343000195965087","https://pbs.twimg.com/media/HG0tGcTWoAAGYp3.jpg","","ar","","0","0","0","https://x.com/undefined/status/2048343000195965087","1358478209638096899",
"2048342718695305361","Sun Apr 26 10:06:42 +0000 2026","0","@manteQuilla404 So why you here? Head to blue sky pansy","2048342999474524354","","manteQuilla404","en","","0","0","0","https://x.com/undefined/status/2048342999474524354","1226614883946549248",
"2048312633833468170","Sun Apr 26 10:06:39 +0000 2026","0","@heysantos_83 It's always the blue light man","2048342987705401386","","heysantos_83","en","","0","1","0","https://x.com/undefined/status/2048342987705401386","1933684568965419008",
"2047983749841801682","Sun Apr 26 10:06:38 +0000 2026","0","@YoungDottore @KennyEdgar @BlobfishVStar @Ayiba_Benedict But Kenny said it was stupid to push blue and that's why people need to push blue. That is literally what they said. I am simply pointing it out. And sure if you are talking about yourself. As soon as you try to convince anyone to pick blue over red however it flips entirely.","2048342983813030339","","YoungDottore","en","","0","0","0","https://x.com/undefined/status/2048342983813030339","928344903159074816",
"2048143298766991682","Sun Apr 26 10:06:37 +0000 2026","0","@ZPostFacto How can you push red and not be evil? Like do they want team blue to die? Cause it sounds like that. I don't wanna live in a world full of people who'll happily let others die if it means they survive. That world will have no infrastructure at all.","2048342978490511813","","ZPostFacto","en","","0","0","0","https://x.com/undefined/status/2048342978490511813","204713252",
"2048342976753991969","Sun Apr 26 10:06:36 +0000 2026","0","Blue Melonブセ水上株脇芽付きや(´・ω・｀) Bucephalandra sp. Blue Melon https://t.co/k553x9Sg53","2048342976753991969","","","ja","","0","0","0","https://x.com/undefined/status/2048342976753991969","2035974296980611072",
"2048342972610048462","Sun Apr 26 10:06:35 +0000 2026","1","Blue","2048342972610048462","","","en","","0","0","0","https://x.com/undefined/status/2048342972610048462","1763636281102204928",
"2048342968503836956","Sun Apr 26 10:06:34 +0000 2026","0","⎐تويو⎐ ⊵AN4⊴ ⎐نون⎐ ⊵STC9⊴ ⎐ايهرب⎐ايهيرب اهرب⎐ ⊵IPY1290⊴ ⎐ماكـس⎐فاشون⎐ ⊵K2Y⊴ 〖كـُــــــــود خـصـمــ〗 start blue GXu","2048342968503836956","","","ar","","0","0","0","https://x.com/undefined/status/2048342968503836956","3071501080",
"2047296321233780766","Sun Apr 26 10:06:33 +0000 2026","0","@sisneruza @MikeWithAHotDog @DubDublin @htmx_org And how is the AI building the blue button? With the CODE. You guys literally have no braincells.","2048342963495825418","","sisneruza","en","","0","0","0","https://x.com/undefined/status/2048342963495825418","1307130587757424640",
"2047919595059843324","Sun Apr 26 10:06:33 +0000 2026","0","@sumtspeaks @Dank_jetha AC is a sort of necessity nowadays but blue tick will never be one.","2048342962590068862","","sumtspeaks","en","","0","0","0","https://x.com/undefined/status/2048342962590068862","1730984195118477313",
"2048303613802631240","Sun Apr 26 10:06:31 +0000 2026","0","@Aella_Girl @NathanpmYoung I chose red here. A higher percentage lowers the willingness of people to press blue while a higher percentage is *necessary* for blues to survive. So at that point I do not think that blue is a surviving vote.","2048342955925070087","","Aella_Girl","en","","0","0","0","https://x.com/undefined/status/2048342955925070087","1860759042",
"2048090293421924618","Sun Apr 26 10:06:30 +0000 2026","0","@NeroMontero1 @Chuc__kky @itsSh0la U are a fool if u think we all come from same homes or we all gonna be deadbeat dads like you n ur father... Apparently u just carry blue tick but no brain... Goat! Shift n take ur idiotic view to ur family gathering!","2048342952544502176","","NeroMontero1","en","","0","0","0","https://x.com/undefined/status/2048342952544502176","1131651661",
"2048159527540080923","Sun Apr 26 10:06:29 +0000 2026","0","@UAPWixy Interesting footage but this looks a lot like CGI or a well-lit drone/model to me. The perfectly symmetric blue-white ring lights with zero flicker/variation super clean rotation on a pure black background and TikTok-style overlays are classic signs of viral hoax clips","2048342947381567919","","UAPWixy","en","","0","0","0","https://x.com/undefined/status/2048342947381567919","1361674300332273671",
"2048011707180622042","Sun Apr 26 10:06:29 +0000 2026","0","@Lifeof_AG01 Struggling to get blue tick first","2048342947154846016","","Lifeof_AG01","en","","0","0","0","https://x.com/undefined/status/2048342947154846016","1155562562160877568",
"2047888470589235507","Sun Apr 26 10:06:29 +0000 2026","0","@MOPA1com @XFreeze Sure! Here's a fresh prompt for Grok Imagine to recreate that joyful vibe: Photorealistic video sequence: joyful young East Asian woman with long wavy brown hair in a soft light blue fuzzy sweater cradling a large bouquet of pink white and orange chrysanthemums and daisies.","2048342944634032473","","MOPA1com","en","","0","0","0","https://x.com/undefined/status/2048342944634032473","1720665183188922368",
"2048342349064048802","Sun Apr 26 10:06:28 +0000 2026","0","Dejavu bgt soalnya Blue Lock s2 juga mirip gini Bedanya Blue Lock problemnya di animasi karena gak cukup waktu pengerja'annya jadi separuh season jadi tumbal biar pas klimaks di akhir animasinya paling bagus ","2048342941580894590","","BuahBerry41","in","","0","1","0","https://x.com/undefined/status/2048342941580894590","1110069791753011200",
"2048342928955957636","Sun Apr 26 10:06:25 +0000 2026","0","aff? ⎐كُود⎐⎐تويو⎐ ⊵FF7⊴ فيكتوريا▬سيكريت▬فكتوريا▬سكرت ⊵AK5Y⊴ ⎐نيو▬بالانس▬نيوبالانس⎐ ⎐AVMD⎐ ⎐كؤِبُون⎐Warm Blue ^^^ ⎐خـِصم⎐P6UvGfT6UORc https://t.co/ZeKBO4Lfi4","2048342928955957636","https://pbs.twimg.com/media/HG0tCHTaAAARpCn.jpg","","ar","","0","0","0","https://x.com/undefined/status/2048342928955957636","930455780",
"2048215654184947995","Sun Apr 26 10:06:22 +0000 2026","0","@GASLIGHTER_ Blue Team A.K.A. Team Dai Gurren. https://t.co/GvR4uQcNiD","2048342915848839513","https://pbs.twimg.com/tweet_video_thumb/HG0tBNIaMAAzoQl.jpg","GASLIGHTER_","en","","0","0","0","https://x.com/undefined/status/2048342915848839513","1442037893921345538",
"2048342913298678060","Sun Apr 26 10:06:21 +0000 2026","0","An emotional series by Korean artist Seongryul capturing ordinary moments that feel strangely special. Sunlit scenes long shadows vivid blue skies and quiet frames hiding a gentle emotional flow. It s summer memories: simple yet deeply felt. #art #artist https://t.co/bJcOuse0iZ","2048342913298678060","https://pbs.twimg.com/media/HG0tBTIbwAE-1PZ.jpg","","en","","0","0","0","https://x.com/undefined/status/2048342913298678060","1964319347595460609",
"2048342910198808596","Sun Apr 26 10:06:20 +0000 2026","2","Red button obviously. Blue button is for virtue signallers suicidal empathy or simply dumb people.","2048342910198808596","","","en","","0","0","0","https://x.com/undefined/status/2048342910198808596","1706820947435536385",
"2048300232434499635","Sun Apr 26 10:05:38 +0000 2026","0","@ronintvmedia @VNGssDyFjZ53447 The original post is Japanese breaking news (probably ironic) from a NicoNico Chokaigi 2026 attendee: 鹿乃つの (Kano Tsuno the cosplayer in the blonde wig/elf ears/blue dress) got an on-site ban/suspension from organizers. Everyone's amazing = sarcastic nod to how fast","2048342732058300669","","ronintvmedia","ja","","0","0","0","https://x.com/undefined/status/2048342732058300669","1720665183188922368",
"2047948878079545604","Sun Apr 26 10:05:34 +0000 2026","1","@lenirtpls @ZiggenPlays @ry3564 The blue mindset. If we win we're heroes for picking the suicidal opiton if you win then you'll be burdened with our mistake.","2048342716862644436","","lenirtpls","en","","0","2","0","https://x.com/undefined/status/2048342716862644436","2021649293740998656",
"2048224818592424072","Sun Apr 26 10:05:34 +0000 2026","0","@drwatsonabc @WokeFDR You re trying to convince me I should risk the lives of up to 4 billion people on the off chance at least 50% of humanity ignores one of their most base instincts. Blue is the suicide pact button. Red is a button that does nothing. Humans don t risk their live for abstract morals","2048342715918897320","","drwatsonabc","en","","0","1","0","https://x.com/undefined/status/2048342715918897320","1950249433",
"2048021328364458342","Sun Apr 26 10:05:33 +0000 2026","0","@uncledoomer The state-change from this to blue starts when you realize you don't know what others' will choose and that you're just assuming they'll pick red. For example - its why you don't go against a Sicilian when death is on the line.","2048342712772870640","","uncledoomer","en","","0","0","0","https://x.com/undefined/status/2048342712772870640","1570020832348409857",
"2048338595954737391","Sun Apr 26 10:05:33 +0000 2026","0","@jdramaafess MIU404 date my daughter blue moment kaibutsu (bukan filmnya kore-eda) mentalese express (short movie ada di ytube)","2048342711598768392","","jdramaafess","tl","","0","0","0","https://x.com/undefined/status/2048342711598768392","152550992",
"2048342702149046574","Sun Apr 26 10:05:31 +0000 2026","0","The DoD has just updated its Blue UAS cleared list and Police Chiefs are scaling DFR fleets. The hardware is solved but the policy problem is just beginning. Hidden roof blockers can ground fleets instantly. Verify your precinct's airspace first: https://t.co/XNVhvBkpbk","2048342702149046574","https://pbs.twimg.com/media/HG0syHua8AAVLoe.jpg","","en","","0","0","0","https://x.com/undefined/status/2048342702149046574","1774897157180366848",
"2048095054548402364","Sun Apr 26 10:05:30 +0000 2026","0","@CascadiaWinters @ltfloch @AbeLopezAuthor You pressed a button and now somehow the the effect has to manifest. It's manifest by having those who press red kill those who press blue.","2048342700068388927","","ClockWorkChrono","en","","0","1","0","https://x.com/undefined/status/2048342700068388927","1545793923959898112",
"2048340626970952133","Sun Apr 26 10:05:30 +0000 2026","1","@dove_of_babylon I've just decided to land on the opinion that the blue button press is some kind of tribalist brainworm.","2048342700064231833","","dove_of_babylon","en","","0","1","0","https://x.com/undefined/status/2048342700064231833","43977758",
"2048342698554441821","Sun Apr 26 10:05:30 +0000 2026","0","olá? ⎐كُود⎐⎐تُيموُ⎐ ⊵TEM73⊴ ⎐دكتور▬نيوترشن▬ ⎐M80⎐ ⎐مجوهرات▬داماس▬damas⎐ ⎐GOLD1⎐ ⎐كؤِبُون⎐Shadow Blue ^^^ ⎐خـِصم⎐SEeINXZeBovj https://t.co/hRfADDALoW","2048342698554441821","https://pbs.twimg.com/media/HG0s0mmawAAnC20.jpg","","und","","0","0","0","https://x.com/undefined/status/2048342698554441821","544250696",
"2048058390333493668","Sun Apr 26 10:05:26 +0000 2026","0","@AlicanKiraz0 Nice! Qwen3.6-35B-A3B is a beast for cyber tasks curious how the domain adaptation holds up on red-team vs. blue-team prompts. I m tuning smaller models for robot arm anomaly detection right now so low-resource fine-tuning tricks would be super helpful ","2048342683459223677","","AlicanKiraz0","en","","0","0","0","https://x.com/undefined/status/2048342683459223677","104805570",
"2048338278009409940","Sun Apr 26 10:05:24 +0000 2026","0","@BreezyDegens @bolacryp Created with you link it kinda hard to see me these days because I don t have blue tick I show up everyday Breezy I know you see me can I get this dub please GTd3S8fN8jHUVLY3JdW5KYaMEG6sj312KhV9USY5xUjx https://t.co/TR6PcTUP4v","2048342675582005257","https://pbs.twimg.com/media/HG0sy1AbkAAKT_a.jpg","BreezyDegens","en","","0","0","0","https://x.com/undefined/status/2048342675582005257","1501573000646307847",
"2048271952830210385","Sun Apr 26 10:05:23 +0000 2026","1","@ShotgunShogun1 That gorgeous navy blue and red kimono oh I fucking hate it here It would ve been such an easy skin too cuz the silhouette is similar","2048342669899043248","","ShotgunShogun1","en","","0","0","0","https://x.com/undefined/status/2048342669899043248","887783933047447553",
"2048126827500023968","Sun Apr 26 10:05:23 +0000 2026","0","@matterasmachine @IterIntellectus The question is what will happen to the blue guys and whether the red guy would have died had he remained.","2048342669051433085","","matterasmachine","en","","0","0","0","https://x.com/undefined/status/2048342669051433085","720923224368930816",
"2048342666300043719","Sun Apr 26 10:05:22 +0000 2026","0","Nice blue tick.","2048342666300043719","","","en","","0","0","0","https://x.com/undefined/status/2048342666300043719","1316597026562412545",
"2048112083414261830","Sun Apr 26 10:05:22 +0000 2026","0","@Ahmet9191870859 @NadasNihat @dundarbey42 @FabrikaHatasi @konyaspor Aynen bana bir kent drenç blue","2048342665020731482","","Ahmet9191870859","tr","","0","0","0","https://x.com/undefined/status/2048342665020731482","1386048816009392133",
"2048126827500023968","Sun Apr 26 10:05:21 +0000 2026","0","@bLdsire @IterIntellectus That doesn t represent the problem at all. More like the tiger is asleep and not even close to the humans who aren t even hungry. One human decides to press blue and sprint 1000 yards to attack the sleeping tiger. Do you join the idiot or press red to return home safely?","2048342659325153418","","bLdsire","en","","0","0","0","https://x.com/undefined/status/2048342659325153418","2011269070872854528",
"2048304167765135588","Sun Apr 26 10:05:19 +0000 2026","2","@helen_spirit1 @ChampMcCall @reallyslack @pinasandpies Is that what you put in a feeder for the blue tits?","2048342655025791074","","helen_spirit1","en","","0","1","0","https://x.com/undefined/status/2048342655025791074","1564202685481586689",
"2048340531747389944","Sun Apr 26 10:05:18 +0000 2026","0","@Tobs_fc @Rayanwaves Blue suits him well indeed https://t.co/5yPeNzUWB8","2048342649699237930","https://pbs.twimg.com/media/HG0syFObgAA6iM-.jpg","Tobs_fc","en","","0","0","0","https://x.com/undefined/status/2048342649699237930","1555099477312245761",
"2048342649455989034","Sun Apr 26 10:05:18 +0000 2026","0","Blue lips https://t.co/wmsSlMIubW","2048342649455989034","https://pbs.twimg.com/media/HG0sxeFawAASGsd.jpg","","en","","0","0","0","https://x.com/undefined/status/2048342649455989034","1761934516212629504",
"2048262767493214500","Sun Apr 26 10:05:17 +0000 2026","0","@keyokkud Because its a test of trust on an utopic world yes blue would keep everyone alive but not only there will plenty with 0 trust on others being sure that humanity will fail them and so red would suddenly become the best option(individually) but there are also ones that do","2048342644540227591","","keyokkud","en","","0","0","0","https://x.com/undefined/status/2048342644540227591","1276693731748405249",
"2048342636423942186","Sun Apr 26 10:05:15 +0000 2026","0","you point out cultural appropriation if native american cultures by kpop singers and here goes jane doe with well actually that's clearly part of korean and mongolian culture YOU THINK A BLUE CARDBOARD FEATHER HEADDRESS IS MONGOLIAN CULTURE??","2048342636423942186","","","en","","0","0","0","https://x.com/undefined/status/2048342636423942186","1508035917537292289",
"2048215869550162271","Sun Apr 26 10:05:14 +0000 2026","1","@Daniel86Cycles @Uncle_Chud @minordissent Where are you getting the idea that red is killing blue? Blue is choosing the death button and hoping to get bailed out. Red is not choosing the death button red is choosing the button that does nothing. Like I said encouraging blue is encouraging more carnage.","2048342632506786116","","Daniel86Cycles","en","","0","0","0","https://x.com/undefined/status/2048342632506786116","1649917083147456514",
"2047967066964271425","Sun Apr 26 10:05:11 +0000 2026","0","@chaseAmilli @loserbent for nobody to die you either need 100% red or 51% blue","2048342619495825602","","chaseAmilli","en","","0","0","0","https://x.com/undefined/status/2048342619495825602","1813708590521470976",
"2048342616597844290","Sun Apr 26 10:05:10 +0000 2026","0","Unit? ⎐كُود⎐⎐نون⎐ ⊵KW44⊴ ▬المطار▬ ⊵M1⊴ ⎐عطور▬جراس▬غراس▬قراس⎐ ⎐RR3⊴ ⎐كؤِبُون⎐Deep Blue ^^^^ ⎐خـِصم⎐U9h25cZglNWR https://t.co/75ZsQBkruB","2048342616597844290","https://pbs.twimg.com/media/HG0sv5TboAAXtPp.jpg","","ar","","0","0","0","https://x.com/undefined/status/2048342616597844290","1239506785087770625",
"2048342613565087917","Sun Apr 26 10:05:10 +0000 2026","0","Indeed. The real life take would basically be red and very little blue.","2048342613565087917","","","en","","0","0","0","https://x.com/undefined/status/2048342613565087917","368330229",
"2048242513689903463","Sun Apr 26 10:05:09 +0000 2026","0","@sourpatchlyds Deport them all to Blue Sky.","2048342610755133490","","sourpatchlyds","en","","0","0","0","https://x.com/undefined/status/2048342610755133490","2835595351",
"2048296764881731734","Sun Apr 26 10:05:08 +0000 2026","0","@TheGameVerse Blue.. by A LOT","2048342608775168147","","TheGameVerse","en","","0","0","0","https://x.com/undefined/status/2048342608775168147","624391951",
"2048305855037382824","Sun Apr 26 10:05:08 +0000 2026","0","@AsIfICare96 they are not leaving for blue collar jobs these Bengalis. They are loitering on footpaths and begging for alms in Delhi NCR. A few engage in theft too.","2048342607974236560","","AsIfICare96","en","","0","0","0","https://x.com/undefined/status/2048342607974236560","901028268404494338",
"2048342603029270969","Sun Apr 26 10:05:07 +0000 2026","0","G? ⎐كُود⎐⎐تويو⎐ ⊵A73⊴ ⎐سنبل⎐ ⊵D57⊴ ▬ايرالو⎐ ⊵OMG10⊵ ⎐كؤِبُون⎐Rich Blue ^^^^ ⎐خـِصم⎐Am6Ci92d9CpQ https://t.co/o7mfR42SMh","2048342603029270969","https://pbs.twimg.com/media/HG0svFGa8AA-JSj.jpg","","und","","0","0","0","https://x.com/undefined/status/2048342603029270969","975109014773223427",
"2048342599745044906","Sun Apr 26 10:05:06 +0000 2026","0","พร้อมส่ง การ์ด เบเน makestar vc blue valentine ขนนก / หยิกแก้ม ใบละ 180 ชุดคิมจัง / ตุ๊กตาขนมผิง ใบละ 150 กรอบแดง ใบละ 280 ค่าส่ง ems 40 #ตลาดนัดnmixx ลิลลี่ ซอลยุน เบ จีอู กยูจิน","2048342599745044906","","","th","","0","0","0","https://x.com/undefined/status/2048342599745044906","2726513749",
"2047813031690649841","Sun Apr 26 10:05:06 +0000 2026","0","@throwawayyyyy5 @MarcusDAurelius @sfsean17 @the_akashin1 @AdamRackis @chris_doh @LilUziVartan Blue = Consensus Red = Truth https://t.co/TTNyfsgXM3","2048342599199588791","https://pbs.twimg.com/tweet_video_thumb/HG0suvxWEAA0HIu.jpg","throwawayyyyy5","en","","0","0","0","https://x.com/undefined/status/2048342599199588791","801332279381467136",
"2048342589481624007","Sun Apr 26 10:05:04 +0000 2026","0","ufff? ⎐كُود⎐⎐ترينديول⎐ ⊵OMM⊴ ▬موجى▬ ⎐V1737⎐ ⎐سيلين⎐SELEN▬ ⎐DG6⎐ ⎐كؤِبُون⎐Crystal Blue ^^^ ⎐خـِصم⎐A8sulUJJTsTR https://t.co/YPbtXpSTfh","2048342589481624007","https://pbs.twimg.com/media/HG0suUoa0AA0FBv.jpg","","und","","0","0","0","https://x.com/undefined/status/2048342589481624007","635085055",
"2047754830282682530","Sun Apr 26 10:05:03 +0000 2026","0","@3dlogicus @plasmarob I ignore it because its not even a question worth dignifying. How about this instead? If red saved a stranger instead of yourself would you still press it? You save the same number of people as before. Unlike you arbitrarily changing the percentage of blue its the same morally","2048342587095028122","","3dlogicus","en","","0","1","0","https://x.com/undefined/status/2048342587095028122","888910656652496896",
"2048342579788369976","Sun Apr 26 10:05:02 +0000 2026","0","If you actually look closely This Sproto has two faces (two personalities?) One face is the two yellow eyes and the small nose and mouth below Then The big blue eye with the big yellow teeth Quite incredible! @sprotogremlins https://t.co/CJzKTEacdS","2048342579788369976","https://pbs.twimg.com/media/HG0suEOaQAAwtnC.jpg","","en","","0","0","0","https://x.com/undefined/status/2048342579788369976","1624810214615658497",
"2048342578953691176","Sun Apr 26 10:05:01 +0000 2026","0","Nope? ⎐كُود⎐⎐نون⎐ ⊵NKW⊴ ▬درايف▬جاشنمال▬ ⊵AFLT33⊴ ⎐هواوى⎐ ⊵AEB31⊴ ⎐كؤِبُون⎐Modern Blue ^^ ⎐خـِصم⎐6YfVo8VFXosJ https://t.co/mQ0qM8ICVB","2048342578953691176","https://pbs.twimg.com/media/HG0st5vXEAA0rgn.jpg","","und","","0","0","0","https://x.com/undefined/status/2048342578953691176","1309186491730612229",
"2048017782235631924","Sun Apr 26 10:05:01 +0000 2026","1","@Shelby5465oid Je comprends pas pourquoi Bardella rentre les pieds comme ça vers l'intérieur. On dirait un femboy soumis qui s'apprête à partir en soirée au fucking blue boy️‍ https://t.co/RRv6qsw3kL","2048342577829621963","https://pbs.twimg.com/media/HG0suB_awAE7LoV.jpg","Shelby5465oid","fr","","0","0","0","https://x.com/undefined/status/2048342577829621963","2000543970498400256",
"2048342577527828535","Sun Apr 26 10:05:01 +0000 2026","0","chi? ⎐كُود⎐⎐ايهرب⎐ايهيرب اهرب ⊵IQH8946⊴ ⎐دايسون⎐ ⊵OMG⊴ ⎐بارىيس⊴جالىري⎐ ⊵FLOG⊴ ⎐كؤِبُون⎐Soft Blue ^^^^ ⎐خـِصم⎐YrDN8XfeajVz https://t.co/YS2CAWCXhw","2048342577527828535","https://pbs.twimg.com/media/HG0stm4bkAAcqn0.jpg","","ar","","0","0","0","https://x.com/undefined/status/2048342577527828535","845501214",
"2048300192722739496","Sun Apr 26 10:05:00 +0000 2026","0","@iloveubudweiser Tune blue tick kb lia?","2048342572331041135","","iloveubudweiser","en","","0","0","0","https://x.com/undefined/status/2048342572331041135","994820807271616513",
"2048342571181871284","Sun Apr 26 10:04:59 +0000 2026","0","eh? ⎐كُود⎐⎐نون⎐ ⊵NKW⊴ فيكتوريا▬سيكريت▬فكتوريا▬سكرت ⊵AK5Y⊴ ⎐نيو▬بالانس▬نيوبالانس⎐ ⎐AVMD⎐ ⎐كؤِبُون⎐Electric Blue ^^ ⎐خـِصم⎐baAp5gu5ejP0 https://t.co/YGDcy38PY3","2048342571181871284","https://pbs.twimg.com/media/HG0stNdaQAA1UYf.jpg","","ar","","0","0","0","https://x.com/undefined/status/2048342571181871284","820959559",
"2048323484024004725","Sun Apr 26 10:04:57 +0000 2026","0","@forpalestine300 @mark_slapinski Why would that matter for my narrative? The guy is a liberal from California a teacher posts liberal BS donates to act blue. Are you not aware of how many people on the left support Israel?","2048342559378870366","","forpalestine300","en","","0","1","0","https://x.com/undefined/status/2048342559378870366","1476953856672153601",
"2048072832316481945","Sun Apr 26 10:04:57 +0000 2026","0","@Burned__Man @revenant_MMXX Like yes. I understand on an individual level that your vote will probably not sway the outcome so you should just vote red to guarantee your own safety. But if the majority thinks that way then people will die! If the majority thinks to vote blue no one will die!","2048342558732939468","","LuminaMeow14","en","","0","0","0","https://x.com/undefined/status/2048342558732939468","1986878222022377472",
"2048217009356517741","Sun Apr 26 10:04:56 +0000 2026","0","@DrellLabs @mil000 Used AI for two shades of blue and some stripes","2048342556358938864","","DrellLabs","en","","0","0","0","https://x.com/undefined/status/2048342556358938864","2019918055262846976",
"2048342550252069032","Sun Apr 26 10:04:55 +0000 2026","0","أف? ⎐كُود⎐⎐ايهرب⎐ايهيرب اهرب ⊵IQH8946⊴ ⎐سنبل⎐ ⊵D57⊴ ▬ايرالو⎐ ⊵OMG10⊵ ⎐كؤِبُون⎐Pure Blue ^^^^ ⎐خـِصم⎐mi3u3sLTrss0 https://t.co/oh1ABFKJWl","2048342550252069032","https://pbs.twimg.com/media/HG0ssM3aIAAjWRV.jpg","","ar","","0","0","0","https://x.com/undefined/status/2048342550252069032","1846521855294779392",
"2048342548758872206","Sun Apr 26 10:04:54 +0000 2026","0","First time I've tried on since launch Adidas CP Company Italia. Done a lace change in one . Which do you prefer? White or blue?I'm going to start wearing them today (forgive my pants! ) #adidas #cpcompany #collecting https://t.co/43UK5XQw59","2048342548758872206","https://pbs.twimg.com/media/HG0ssT3aMAAfoSe.jpg","","en","","0","0","0","https://x.com/undefined/status/2048342548758872206","1185933853346717696",
"2048259790422380695","Sun Apr 26 10:04:53 +0000 2026","0","@ThinkWiselyMatt That's not how the red button v blue button argument works. People on the red side don't care if blue wins or not they just don't feel responsible for protecting those who pressed the button that might kill them.","2048342543218233524","","ThinkWiselyMatt","en","","0","1","0","https://x.com/undefined/status/2048342543218233524","1664899252982628353",
"2048342541758808176","Sun Apr 26 10:04:52 +0000 2026","0","พร้อมส่ง การ์ด เบเน makestar blue valentine เซลฟี่ / cowgirl ใบละ 180 kmonstar ใบละ 220 ค่าส่ง ems 40 #ตลาดนัดnmixx ลิลลี่ แฮวอน ซอลยุน เบ จีอู กยูจิน","2048342541758808176","","","th","","0","0","0","https://x.com/undefined/status/2048342541758808176","2726513749",
"2048342530891067806","Sun Apr 26 10:04:50 +0000 2026","2","After NFTs and memecoins this kind of guys realized that creating value out of the blue was not the best move so decided to anchor this logic to an actual physical product. Of course they chose something with relatively low value and added a markup of 200000% .","2048342530891067806","","","en","","0","0","0","https://x.com/undefined/status/2048342530891067806","272935893",
"2048337666664431621","Sun Apr 26 10:04:47 +0000 2026","0","@DeeSandy20 there is a classic cartoon called blue cat blues featuring Tom Jerry and Butch. i recommend that you watch it.","2048342517515522387","","DeeSandy20","en","","0","0","0","https://x.com/undefined/status/2048342517515522387","1259113166333673472",
"2048026051796672726","Sun Apr 26 10:04:46 +0000 2026","0","@Truthpole Are we sure they aren t from 47 years and 52 years +present? Because that s about how long we have before catastrophic events idk but also ya know Mars was once a blue planet til..so are we trying to repopulate vs. populate Mars the planet that s recovering from calamity or not","2048342515061776440","","Truthpole","en","","0","0","0","https://x.com/undefined/status/2048342515061776440","1889235403443515392",
"2048342509982785692","Sun Apr 26 10:04:45 +0000 2026","0","mahdai? ⎐كُود⎐⎐تُيموُ⎐ ⊵TEM73⊴ ⎐باث▬اند▬بودي⎐ ⎐ADPE⊴ ⎐ترنديول⎐ ⊵OMM⊴ ⎐كؤِبُون⎐Pure Blue ^^^^ ⎐خـِصم⎐JBT7k50ifPYc https://t.co/gn9otBhMKb","2048342509982785692","https://pbs.twimg.com/media/HG0spnyaMAA_rb0.jpg","","und","","0","0","0","https://x.com/undefined/status/2048342509982785692","843054859",
"2048342507767955471","Sun Apr 26 10:04:44 +0000 2026","0","⎐تويو⎐ ⊵AN4⊴ ⎐نون⎐ ⊵STC9⊴ ⎐ايهرب⎐ايهيرب اهرب⎐ ⊵IPY1290⊴ ⎐ماكـس⎐فاشون⎐ ⊵K2Y⊴ 〖كـُــــــــود خـصـمــ〗 pure blue bold YpX","2048342507767955471","","","ar","","0","0","0","https://x.com/undefined/status/2048342507767955471","729703500586876928",
"2048342490735075361","Sun Apr 26 10:04:40 +0000 2026","0","namaskar? ⎐كُود⎐⎐ايهرب⎐ايهيرب اهرب ⊵IQH8946⊴ ⎐بوما⎐ ⊵P10⊴ ⎐باث▬اند▬بودي⎐بدى ⊵ADPE⊴ ⎐كؤِبُون⎐Warm Blue ^^^ ⎐خـِصم⎐m3PwwAYiwzi8 https://t.co/FUS7X8zOIO","2048342490735075361","https://pbs.twimg.com/media/HG0sofqasAAgBBY.jpg","","und","","0","0","0","https://x.com/undefined/status/2048342490735075361","552919244",
"2048342487908204681","Sun Apr 26 10:04:40 +0000 2026","0","holi? ⎐كُود⎐⎐نون⎐ ⊵NKW⊴ ⎐بوما⎐ ⊵P10⊴ ⎐باث▬اند▬بودي⎐بدى ⊵ADPE⊴ ⎐كؤِبُون⎐Rich Blue ^^^^ ⎐خـِصم⎐sQofaWIsKZ9V https://t.co/eHyD7h47z8","2048342487908204681","https://pbs.twimg.com/media/HG0soY8a8AAcJBc.jpg","","und","","0","0","0","https://x.com/undefined/status/2048342487908204681","935720358",
"2048232993517367432","Sun Apr 26 10:04:39 +0000 2026","0","@harryjsisson Cole Tomas Allen 31 of Torrance California. Act blue supporter. Kamala Harris Supporter. Harry Sisson follower.","2048342484640530600","","harryjsisson","en","","0","0","0","https://x.com/undefined/status/2048342484640530600","1968010495488581632",
"2048342479271825769","Sun Apr 26 10:04:38 +0000 2026","0","LRT: Awww auntie Vicky is not wearing her deathly looking blue lipstick... We did it Selene we made her feel alive!","2048342479271825769","","","en","","0","0","0","https://x.com/undefined/status/2048342479271825769","824906571373219841",
"2048215869550162271","Sun Apr 26 10:04:37 +0000 2026","0","@Daniel86Cycles @minordissent Blue is not cooperation it is coercion under the presumption that there are idiots out there who will pick blue for whatever reason. There is no cooperation in this scenario because you have no way of influencing people's votes you are legit just pressing the kill yourself button","2048342476121858542","","Daniel86Cycles","en","","0","1","0","https://x.com/undefined/status/2048342476121858542","708283377913298944",
"2048080886529237440","Sun Apr 26 10:04:36 +0000 2026","0","@losinghk @imkicks_ @NorthWoods98 @madeleinewintr The problem is that this is not a prisorners dilemma where cooperation/altruism is beneficial. There is zero payoff to pressing blue. Essentially pressing blue will benefit the society as people doing wrong decisions will remove themselves.","2048342473307525236","","losinghk","en","","0","0","0","https://x.com/undefined/status/2048342473307525236","1682036221063888896",
"2048342466148045087","Sun Apr 26 10:04:36 +0000 2026","0","41. Seethe $SEETHE 42. Dilate $DILATE 43. Mald $MALD 44. Kek $KEK 45. Shadilay $SHAD 46. Based $BASED 47. RedPill $PILL 48. BluePill $BLUE 49. Anon $ANON 50. Ghost $GHOST","2048342473056170264","","NicolasSims_","ht","","0","0","0","https://x.com/undefined/status/2048342473056170264","2029301223065804800",
"2048342465095057499","Sun Apr 26 10:04:34 +0000 2026","0","Kiss me slow kiss me sweet My blue Cadillac heart can t sleep Oh baby stay don t go Kiss me slow kiss me sweet (oh-oh-oh) My blue Cadillac heart can t sleep Oh baby stay don t go https://t.co/HJAafhSvbD","2048342465095057499","https://pbs.twimg.com/media/HG0snhrb0AAow4n.jpg","","en","","0","0","0","https://x.com/undefined/status/2048342465095057499","1736989911683596289",
"2048042269660319790","Sun Apr 26 10:04:34 +0000 2026","0","@RandomDev06 @soggycinnamons the blue one has a chance of being the dont die button. the red one guarantees survival. if anything it would be smarter for everyone to press the red button because then theres no chance theyll die. i dont want to take a chance","2048342464558407880","","RandomDev06","en","","0","1","0","https://x.com/undefined/status/2048342464558407880","1616602952327733248",
"2048342463685828694","Sun Apr 26 10:04:34 +0000 2026","0","? Nn contente toi de la 9484947e adaptation de l arc Beerus mais cette fois qui suit la vraie vision de Toriyama Piou piou guette la couleur du Kaioken Ssj Blue https://t.co/Ezk7Mh9W24","2048342463685828694","https://pbs.twimg.com/media/HG0snNcWgAAt3kw.jpg","","fr","","0","0","0","https://x.com/undefined/status/2048342463685828694","1382069062843432963",
"2048342462725595442","Sun Apr 26 10:04:34 +0000 2026","5","GPT IMAGE 2.0 on ChatGpt Close-up portrait of the uploaded person viewed from a dramatic low-angle perspective looking upward with a sense of wonder.* Lighting: Striking dual-tone cinematic lighting featuring vibrant magenta on one side of the face and deep cyan/electric blue https://t.co/uDZGrkoYNg","2048342462725595442","https://pbs.twimg.com/media/HG0smMGaAAAlYcv.jpg","","en","","0","4","0","https://x.com/undefined/status/2048342462725595442","1597455306292072448",
"2048342462603604406","Sun Apr 26 10:04:34 +0000 2026","0","This is clearly bullshit because no one likes making blonde blue-eyed white people more than japanese creators LMFAO","2048342462603604406","","","en","","0","0","0","https://x.com/undefined/status/2048342462603604406","972539234337853440",
"2048342459604733983","Sun Apr 26 10:04:33 +0000 2026","0","La causa del dólar blue investiga a más de 30 empresas con operaciones de cambio por $660 mil millones - LA NACION https://t.co/Wq7oap13S5","2048342459604733983","","","es","","0","0","0","https://x.com/undefined/status/2048342459604733983","1806143681105432576",
"2048342448183689726","Sun Apr 26 10:04:30 +0000 2026","0","⎐دبدوب⎐ ⊵Q16⊴ ⎐ايهرب⎐ايهيرب اهرب⎐ ⊵IPY1290⊴ ⎐ماكـس⎐فاشون⎐ ⊵K2Y⊴ ⎐نون⎐ ⊵STC9⊴ 〖كـُــــــــود خـصـمــ〗 blue prime night LER","2048342448183689726","","","ar","","0","0","0","https://x.com/undefined/status/2048342448183689726","4807076423",
"2048342447810547722","Sun Apr 26 10:04:30 +0000 2026","0","ياي? ⎐كُود⎐⎐نون⎐ ⊵NKW⊴ ▬ممزورلد▬مامزورلد▬ ⊵ZZ9⊴ ▬الدهام▬للساعات▬ ⊵OMG⊴ ⎐كؤِبُون⎐Light Blue ^^^ ⎐خـِصم⎐6lk7wZCXOsJN https://t.co/U57A9yWUZg","2048342447810547722","https://pbs.twimg.com/media/HG0sl_VaUAAFcqs.jpg","","ar","","0","0","0","https://x.com/undefined/status/2048342447810547722","779287538",
"2048342445973295536","Sun Apr 26 10:04:30 +0000 2026","0","⎐ايوا⎐ ⊵AC⊴ ⎐ماكـس⎐فاشون⎐ ⊵K2Y⊴ ⎐نون⎐ ⊵STC9⊴ ⎐ايهرب⎐ايهيرب اهرب⎐ ⊵IPY1290⊴ 〖كـُــــــــود خـصـمــ〗 quick blue TBq","2048342445973295536","","","ar","","0","0","0","https://x.com/undefined/status/2048342445973295536","4574264716",
"2048342434846040140","Sun Apr 26 10:04:27 +0000 2026","0","พร้อมส่ง อัลบั้มไม่แกะ blue valentine pocaalbum ver blue / valentine / chaos บั้มละ 180 ค่าส่งems40 #ตลาดนัดnmixx","2048342434846040140","","","und","","0","0","0","https://x.com/undefined/status/2048342434846040140","2726513749",
"2048150744121983327","Sun Apr 26 10:04:25 +0000 2026","0","@Ba_blaqcheddar Your favorite color is blue right??","2048342428508152299","","Ba_blaqcheddar","en","","0","0","0","https://x.com/undefined/status/2048342428508152299","1832561502831677440",
"2048342414033654187","Sun Apr 26 10:04:22 +0000 2026","0","⎐نمشي⎐ ⊵MBC8⊴ ⎐نون⎐ ⊵STC9⊴ ⎐ماكـس⎐فاشون⎐ ⊵K2Y⊴ ⎐ايهرب⎐ايهيرب اهرب⎐ ⊵IPY1290⊴ 〖كـُــــــــود خـصـمــ〗 pure blue bold FbU","2048342414033654187","","","ar","","0","0","0","https://x.com/undefined/status/2048342414033654187","739037370989879297",
"2048342413262073929","Sun Apr 26 10:04:22 +0000 2026","0","tiensdonc? ⎐كُود⎐⎐تُيموُ⎐ ⊵TEM73⊴ ⎐ريفا_⎐ ⊵W87⊴ ⎐ماكـس⎐فاشون⎐ ⊴HH5⊴ ⎐كؤِبُون⎐Light Blue ^^ ⎐خـِصم⎐iIaBD29ty7jks https://t.co/bdNfq0Q2PC","2048342413262073929","https://pbs.twimg.com/media/HG0skFQbcAAQo9q.jpg","","und","","0","0","0","https://x.com/undefined/status/2048342413262073929","577423455",
"2048120591186583817","Sun Apr 26 10:04:21 +0000 2026","0","@realcloverchan @fordemdolphins There is nothing virtual signalgin . The problem is you have a skewed perception. There is no blue button. Only one red button you press it and and if 50% of humans do too you survive but people who dont die. You are not surviving you are causing. This isnt relativsm.","2048342408769773966","","realcloverchan","en","","0","0","0","https://x.com/undefined/status/2048342408769773966","1479514221247270914",
"2048165166886551639","Sun Apr 26 10:04:18 +0000 2026","0","@DireGrim @waitbutwhy You're saying if someone has to push a red or blue button to show their decision of whether they'll step into the blender will yield a different result?","2048342398967628043","","DireGrim","en","","0","1","0","https://x.com/undefined/status/2048342398967628043","1698211314",
"2048240358157635823","Sun Apr 26 10:04:18 +0000 2026","0","@ItsCookaz @Hazartdz Its when blonde-wig blue eyes contact wearing black people tell you you cant use a hairstyle because their race owns it","2048342397168316638","","ItsCookaz","en","","0","0","0","https://x.com/undefined/status/2048342397168316638","1443247141741338631",
"2048342393980920145","Sun Apr 26 10:04:17 +0000 2026","0","All this while i thought i m yellow-based (イエベ) but apparently i m blue-based (ブルベ) specifically ブルベ夏!! Thank you for the prompt!!!","2048342393980920145","","","ja","","0","0","0","https://x.com/undefined/status/2048342393980920145","1143322537801052160",
"2048342393854857624","Sun Apr 26 10:04:17 +0000 2026","0","wow? ⎐كُود⎐⎐نمشي⎐ ⊵MFM3⊴ ⎐اديداس⎐ ⊵RAN256⊴ ▬لىفل▬شوز▬لىفىل▬ ⊵KLM⊴ ⎐كؤِبُون⎐Stone Blue ^^^^ ⎐خـِصم⎐8lV5dD0vGtyY0 https://t.co/ZuiguLiD8R","2048342393854857624","https://pbs.twimg.com/media/HG0sjFqaIAA9vFE.jpg","","und","","0","0","0","https://x.com/undefined/status/2048342393854857624","1972726712120061952",
"2048025322579497213","Sun Apr 26 10:04:16 +0000 2026","0","@Whilfrith @FogfieldProject Bullshit Jesus has to pick a button is he red or blue. Answer the question coward and stop hiding behind your make believe epithets.","2048342390067560739","","Whilfrith","en","","0","1","0","https://x.com/undefined/status/2048342390067560739","1665631242992365574",
"2048224818592424072","Sun Apr 26 10:04:16 +0000 2026","0","@WokeFDR I think your tweet helped me understand something. Many blue voters are absolutist who care only about the best possible result. While red voters are incrementalists who care about the marginal impact of their actions.","2048342389492716016","","WokeFDR","en","","0","0","0","https://x.com/undefined/status/2048342389492716016","1349444797036187651",
"2048342387156713698","Sun Apr 26 10:04:16 +0000 2026","0","ohta? ⎐كُود⎐⎐تُيموُ⎐ ⊵TEM73⊴ ⎐ريف▬للعطور⎐ ⊵OMG⊴ ⎐جىني⎐ ⊵AAK1⊴ ⎐كؤِبُون⎐Royal Blue ^^^^ ⎐خـِصم⎐jrfzenTRsmOL https://t.co/CSXosW7XPx","2048342387156713698","https://pbs.twimg.com/media/HG0sigbbYAA9det.jpg","","und","","0","0","0","https://x.com/undefined/status/2048342387156713698","882094153",
"2048330254691996005","Sun Apr 26 10:04:15 +0000 2026","0","Just to be clear in the short term and from a small group pov red is obviously an easier choice. You get to live anyways and hopefully most of your family with some luck or good explanation from the organizers. That being said it's a short term win. And I will choose Blue","2048342383356723265","","the_vaad_guy","en","","0","1","0","https://x.com/undefined/status/2048342383356723265","1995129684326223872",
"2048342298581451111","Sun Apr 26 10:03:54 +0000 2026","0","me collecting gabi in blue like infinity stones https://t.co/F1kF6XihNj","2048342298581451111","https://pbs.twimg.com/media/HG0sdZ3aUAAWBZD.jpg","","en","","0","0","0","https://x.com/undefined/status/2048342298581451111","1429329854332248068",
"2048342282751852660","Sun Apr 26 10:03:51 +0000 2026","0","In the end it always comes down to this: people need someone they consider inferior to look down on. Your life is your own. If you wanna press blue that's perfectly fine. At least it weeds out the communists. Not saying I look down on them just saying. ","2048342282751852660","","","en","","0","0","0","https://x.com/undefined/status/2048342282751852660","1778398848727048192",
"2048154496279187875","Sun Apr 26 10:03:48 +0000 2026","0","@PresidentToguro Should be if blue gets over 60% we get to bludgeon the reds.","2048342270919823870","","PresidentToguro","en","","0","0","0","https://x.com/undefined/status/2048342270919823870","1487070786",
"2048342262036218265","Sun Apr 26 10:03:46 +0000 2026","0","Bro even na 100 blue Aro abeq pity the jean","2048342262036218265","","","en","","0","0","0","https://x.com/undefined/status/2048342262036218265","1899453781915422720",
"2048342253395996715","Sun Apr 26 10:03:44 +0000 2026","2","This blue &gt;&gt;","2048342253395996715","","","en","","0","0","0","https://x.com/undefined/status/2048342253395996715","886155833859596289",
"2048255331877392764","Sun Apr 26 10:03:42 +0000 2026","0","@robertlasagna1 Blue","2048342245414158602","","robertlasagna1","en","","0","0","0","https://x.com/undefined/status/2048342245414158602","1856470898393657345",
"2048253639962280411","Sun Apr 26 10:03:41 +0000 2026","0","@ritujoon2j Blue Tokia!","2048342243082461558","","ritujoon2j","en","","0","0","0","https://x.com/undefined/status/2048342243082461558","17717222",
"2048115281805885482","Sun Apr 26 10:03:41 +0000 2026","0","@LincolnMargison @DommieGeez @wbic16 You vote blue if 1) you care about saving the group AND 2) you have confidence the average person will vote blue The reframing with the blender scenario should lower your confidence in 2).","2048342242864038145","","LincolnMargison","en","","0","1","0","https://x.com/undefined/status/2048342242864038145","2303782946",
"2048274782257385944","Sun Apr 26 10:03:41 +0000 2026","1","@TeyaKev @ItsKaizerchief Ambrose Rachier... Mano Ja Gor Kogalo......wimbo kama hii inanifanya tu na Dance to a Gor Mahia win....hehe..ka team ka blue triangle tunaenda kuka cement to their place... A cup less place. ","2048342240783667204","","TeyaKev","tl","","0","0","0","https://x.com/undefined/status/2048342240783667204","938107682682175488",
"2047802489861517810","Sun Apr 26 10:03:40 +0000 2026","0","@_thumtak_ @fsh_ds @fumitokihime @deadlierthnever Idk its like she stole main things from this oc like meat clothes and blue glare https://t.co/LJG6YhPlXV","2048342236509638841","https://pbs.twimg.com/media/HG0saH5bcAAkPsi.jpg","_thumtak_","en","","0","0","0","https://x.com/undefined/status/2048342236509638841","2009559495266172928",
"2048332583780368617","Sun Apr 26 10:03:38 +0000 2026","0","@jack17991776 not going for that blue or trying to roll it over the pocket implicates ding too . But xintong was a disgrace .","2048342230365032590","","jack17991776","en","","0","0","0","https://x.com/undefined/status/2048342230365032590","1066912680",
"2048228687057985720","Sun Apr 26 10:03:37 +0000 2026","0","@MusicBrownlow Wife's picks incoming. 3: Hey Little Girl 2: Electric Blue 1: Street Cafè","2048342225743200583","","MusicBrownlow","en","","0","0","0","https://x.com/undefined/status/2048342225743200583","2390646038",
"2048342225428554077","Sun Apr 26 10:03:37 +0000 2026","4","26 Apr 26 | 爱吃鱼的阿部 小红书 (Xiao Hong Shu) Daily check: Blue socks Ding Yuxi and his soft bouncy fluffy hair wearing Cheers shoes~ Thanks to the creator for giving us approval to share this clip! #dingyuxi #丁禹兮 #DYXXSGHaitangs #司宫令 #赵皑 #ThePalaceStewardess https://t.co/bgHdHERg9o","2048342225428554077","https://pbs.twimg.com/amplify_video_thumb/2048342024701779968/img/ua1rxMrxFwD8TnaB.jpg","","en","","0","0","0","https://x.com/undefined/status/2048342225428554077","1938974855313133568",
"2047710215265730755","Sun Apr 26 10:03:37 +0000 2026","0","@MarkGilgam @waitbutwhy Red isn't sensible. Blue guarantees no worse outcome no worse outcome for anyone. Red is self-serving","2048342225277309070","","MarkGilgam","en","","0","0","0","https://x.com/undefined/status/2048342225277309070","1724637961814429696",
"2048175093268848662","Sun Apr 26 10:03:37 +0000 2026","0","@LiamRichardSwan red = 100% chance of survival blue = less than 100% chance of survival if your priority is self-preservation (which EVERYONE'S is) you're pressing RED","2048342224539209939","","LiamRichardSwan","en","","0","0","0","https://x.com/undefined/status/2048342224539209939","1124776551952809990",
"2048342221422985721","Sun Apr 26 10:03:36 +0000 2026","0","In blue tonight. #allhandsondeck #lioncitysailors #GEYLCS https://t.co/YcooHo8hs1","2048342221422985721","https://pbs.twimg.com/media/HG0sY8fbgAEy93-.jpg","","en","","0","0","0","https://x.com/undefined/status/2048342221422985721","1090470275148177408",
"2048342212736684433","Sun Apr 26 10:03:34 +0000 2026","0","how? ⎐كُود⎐⎐تويو⎐ ⊵FF7⊴ ▬المطار▬ ⊵ARA80⊴ ⎐ستايلي⎐ ⎐WM⊴ ⎐كؤِبُون⎐Cool Blue ^^ ⎐خـِصم⎐QgUscwNJPl2C https://t.co/tFzBBJQ6e2","2048342212736684433","https://pbs.twimg.com/media/HG0sYVDaYAAcMu9.jpg","","und","","0","0","0","https://x.com/undefined/status/2048342212736684433","721875955",
"2048342208299069478","Sun Apr 26 10:03:33 +0000 2026","11","에이멜 루트 [Pale Blue Dot] ※ 에이멜과 페스티스가 꽁냥댈뿐인 글 https://t.co/FYVpWTdAYc","2048342208299069478","","","ko","","1","1","9","https://x.com/undefined/status/2048342208299069478","2028114307901542402",
"2048342206227021996","Sun Apr 26 10:03:32 +0000 2026","0","最近の個人PV 櫻坂にgaburyu 日向坂にin the blue shirt となると乃木坂にyuigotとかKBSNKとかhirihiriあたり来てもおかしくはないよね？()","2048342206227021996","","","ja","","0","0","0","https://x.com/undefined/status/2048342206227021996","990930744720539653",
"2048342205371437137","Sun Apr 26 10:03:32 +0000 2026","0","WANT TO SELL BLUE JAM UPICK 10.000 = 15.000 IDR Qris INA E-Wallet ️ DM to order / reservation Testi #hyuckiecorn_proof wts buy selling jual blue pink jam UPICK tickets RT Deals DM","2048342205371437137","","","en","","0","0","0","https://x.com/undefined/status/2048342205371437137","1484825369270419456",
"2048342193648406748","Sun Apr 26 10:03:29 +0000 2026","0","wts album mark the first fruit square flap ver 125k/ea (random) 242k (set) sealed ready ina inc pack bandung t. solo molo pb nct 127 dream blue biru cokelat brown white putih lee sf https://t.co/kGPIN18If1","2048342193648406748","https://pbs.twimg.com/media/HG0r3zBbgAAiiCt.jpg","","en","","0","1","0","https://x.com/undefined/status/2048342193648406748","1382338867383070729",
"2048277527269900402","Sun Apr 26 10:03:29 +0000 2026","0","@FootballKe_90 Blue","2048342193274757158","","FootballKe_90","en","","0","0","0","https://x.com/undefined/status/2048342193274757158","154870171",
"2048342186996158555","Sun Apr 26 10:03:28 +0000 2026","0","mau belajar dance hot blue shoes tp gue nyerah sama footworknya","2048342186996158555","","","in","","0","0","0","https://x.com/undefined/status/2048342186996158555","1855544473784373248",
"2048281258430800077","Sun Apr 26 10:03:28 +0000 2026","0","@bitcloud This is incorrect the original question hinges on their being NO PUNISHMENT for the red button and NO REWARD for the blue button. If you add an incentive structure the whole thing obviously flipps.","2048342185540808780","","bitcloud","en","","0","0","0","https://x.com/undefined/status/2048342185540808780","1508717942649032704",
"2048342180033425839","Sun Apr 26 10:03:26 +0000 2026","0",". . . Oh well he's Very welcome to visit Whoever this is. A very Familiar blue tint to that Hair however . . Ah yes. She's harmless Really. * ️","2048342180033425839","","","en","","0","0","0","https://x.com/undefined/status/2048342180033425839","1936066950628823040",
"2048271788866703388","Sun Apr 26 10:03:24 +0000 2026","4","@lesserallittt @Ur_Bosz Bro stop spreading cap. Kakao being a shareholder doesn't mean they own or run Starship the way HYBE runs its groups. They don't manage ive. you're just farming replies and blue check clout at this point.","2048342171112349989","","lesserallittt","en","","0","1","0","https://x.com/undefined/status/2048342171112349989","1257783165562654720",
"2048069877295181955","Sun Apr 26 10:03:19 +0000 2026","1","@JoeyF07 @RiderCharlatan @lporiginalg very scenario in which red wins would be an unimaginable disaster for humanity even if you voted red. every scenario in which Blue wins is just normal","2048342148819399010","","JoeyF07","en","","0","0","0","https://x.com/undefined/status/2048342148819399010","1813708590521470976",
"2048310607074439382","Sun Apr 26 10:03:19 +0000 2026","0","@notJoth No there won t you stupid blue nose cunt.","2048342148764876960","","notJoth","en","","0","0","0","https://x.com/undefined/status/2048342148764876960","1679517009782996992",
"2048342141437427964","Sun Apr 26 10:03:17 +0000 2026","0","⎐دبدوب⎐ ⊵Q16⊴ ⎐ايهرب⎐ايهيرب اهرب⎐ ⊵IPY1290⊴ ⎐ماكـس⎐فاشون⎐ ⊵K2Y⊴ ⎐نون⎐ ⊵STC9⊴ 〖كـُــــــــود خـصـمــ〗 power prime blue Dha","2048342141437427964","","","ar","","0","0","0","https://x.com/undefined/status/2048342141437427964","2864352045",
"2047710215265730755","Sun Apr 26 10:03:17 +0000 2026","0","@waitbutwhy Press red you are sure to live Everybody can press red and live &gt;the only reason to press blue is because you assume it will help save some less intelligent people?","2048342139466399833","","waitbutwhy","en","","0","0","0","https://x.com/undefined/status/2048342139466399833","1566114613",
"2048342135775363374","Sun Apr 26 10:03:16 +0000 2026","0","สนุกเฉย5555555555655 ละเพิ่งตอนสาม กรุลงแดงได้เลย KILL BLUE https://t.co/JSYdIHY5m6","2048342135775363374","","","th","","0","0","0","https://x.com/undefined/status/2048342135775363374","2391944342",
"2048004939943690257","Sun Apr 26 10:03:15 +0000 2026","0","@isnit0 Voting blue so you can die with a sense of moral superiority clearly ignoring the fact that 100% of China and the majority of Africa and India will all vote Red rendering the blue button nothing more or less than a please kill me button","2048342134420279664","","isnit0","en","","0","0","0","https://x.com/undefined/status/2048342134420279664","1441884786226724867",
"2048342127114133613","Sun Apr 26 10:03:14 +0000 2026","0","KOREA PASABUY | SPAO KR SALE ITEMS PROVINCE NEW YORK ZIP UP HOODIE Php 2 000 only! (All-in including local sf!) DP 500 to secure balance once arrive in PH Available Colors: Oatmeal Melange / Light Blue / Charcoal / Cream / Brown / Light Melange Gray Available Sizes: S / M / L https://t.co/PViQtrywL1","2048342127114133613","https://pbs.twimg.com/media/HG0sTXOasAA4U9A.jpg","","en","","0","0","0","https://x.com/undefined/status/2048342127114133613","1066462030985551872",
"2048128091772408009","Sun Apr 26 10:03:12 +0000 2026","0","@iam_albertina This is real life Blue Bloods.","2048342119195070661","","iam_albertina","en","","0","0","0","https://x.com/undefined/status/2048342119195070661","253735410",
"2048342107593596964","Sun Apr 26 10:03:09 +0000 2026","0","что? ⎐كُود⎐⎐نون⎐ ⊵KW44⊴ ▬المطار▬ ⊵M1⊴ ⎐عطور▬جراس▬غراس▬قراس⎐ ⎐RR3⊴ ⎐كؤِبُون⎐Deep Blue ^^^ ⎐خـِصم⎐PdJD375LMgtyZ https://t.co/sgzbOZLUJj","2048342107593596964","https://pbs.twimg.com/media/HG0sSZxbEAA55RX.jpg","","ar","","0","0","0","https://x.com/undefined/status/2048342107593596964","1120318672260816898",
"2048342104485532054","Sun Apr 26 10:03:08 +0000 2026","1","Looking good in Sky Blue. #PUSB https://t.co/Wvy3X3An7h","2048342104485532054","https://pbs.twimg.com/media/HG0sOfrbkAAGDQu.jpg","","en","","0","0","0","https://x.com/undefined/status/2048342104485532054","1863755546",
"2048332569763012727","Sun Apr 26 10:03:08 +0000 2026","0","@dionysusonfire And I agree it comes back to the framing and wording too! Agree with that as like if you framed blue with putting yourself directly into harm in a stupid way people wouldn t do it!! But to act as if you don t overthink you are dumb and irrational no you just trust people!!!","2048342102346440921","","dionysusonfire","en","","0","1","0","https://x.com/undefined/status/2048342102346440921","311009852",
"2048212384578216372","Sun Apr 26 10:03:07 +0000 2026","0","@SvetlinTotev @lymanstoneky In the original the consequence is clearly stated as death the only choice that has a risk of death is blue. All it takes for retards to pick the coin flip suicide button is a single layer of abstraction apparently?","2048342101440540857","","SvetlinTotev","en","","0","0","0","https://x.com/undefined/status/2048342101440540857","1586051829410004995",
"2048342101042380966","Sun Apr 26 10:03:07 +0000 2026","0","kill blue สนุกกว่าที่คิดแฮะ เปิดดุเพราะมีพากไทยแบบบ่ได้คาดหวัง แต่หวังว่าจะไม่มีเลิฟไลน์ระหว่างพระเอกกับเด้กสาว","2048342101042380966","","","th","","0","0","0","https://x.com/undefined/status/2048342101042380966","1274953770",
"2048189941381829029","Sun Apr 26 10:03:06 +0000 2026","0","@Climo static combobulator is off sync fan ain't glowing blue.","2048342095383904469","","Climo","en","","0","0","0","https://x.com/undefined/status/2048342095383904469","261904930",
"2048342087687655737","Sun Apr 26 10:03:04 +0000 2026","0","yeeha? ⎐كُود⎐⎐نون⎐ ⊵NKW⊴ ⎐للعدسات▬ايوا ⊴Y645⊴ لوكستيان ⎐A106⎐ ⎐كؤِبُون⎐Star Blue ^^^ ⎐خـِصم⎐aS0SkmJuZnTb https://t.co/eFriEtlpjJ","2048342087687655737","https://pbs.twimg.com/media/HG0sRC5bgAAsu5R.jpg","","und","","0","0","0","https://x.com/undefined/status/2048342087687655737","834339054",
"2048342086584291479","Sun Apr 26 10:03:04 +0000 2026","0","I'll be real I chose Red out of Fear of Trust (and the simple fact that this is Twitter) But seeing Blue win is Beautiful and gives me hope of this world (and unironically on Twitter)","2048342086584291479","","","en","","0","0","0","https://x.com/undefined/status/2048342086584291479","1358538363284951042",
"2048285767357854093","Sun Apr 26 10:03:02 +0000 2026","0","@Hania16836 Blue Bell Pistachio Almond","2048342078711546292","","Hania16836","en","","0","0","0","https://x.com/undefined/status/2048342078711546292","1613575870781734912",
"2048342073271525543","Sun Apr 26 10:03:01 +0000 2026","0","⎐تويو⎐ ⊵AN4⊴ ⎐نون⎐ ⊵STC9⊴ ⎐ايهرب⎐ايهيرب اهرب⎐ ⊵IPY1290⊴ ⎐ماكـس⎐فاشون⎐ ⊵K2Y⊴ 〖كـُــــــــود خـصـمــ〗 blue story Xvr","2048342073271525543","","","ar","","0","0","0","https://x.com/undefined/status/2048342073271525543","4259174044",
"2048342069400183008","Sun Apr 26 10:03:00 +0000 2026","0","ох? ⎐كُود⎐⎐نمشي⎐ ⊵MFM2⊴ عود ميلانو ⊵A666⊴ ⎐مذركير⎐ ⊵V7971⊴ ⎐كؤِبُون⎐Electric Blue ^^^^ ⎐خـِصم⎐98uCugG3Hw35 https://t.co/m89kjbEje1","2048342069400183008","https://pbs.twimg.com/media/HG0sQF2bMAADrnV.jpg","","und","","0","0","0","https://x.com/undefined/status/2048342069400183008","1920902890019057665",
"2048220203797090360","Sun Apr 26 10:02:55 +0000 2026","0","@JessSayin517 @CAgovernor @GavinNewsom He shot someone idiot. Cole Tomas Allen 31 of Torrance California. Democrat act blue donator","2048342050249097685","","JessSayin517","en","","0","0","0","https://x.com/undefined/status/2048342050249097685","1968010495488581632",
"2048302566182723708","Sun Apr 26 10:02:55 +0000 2026","0","@Vixyl Happy Sunday to you too. Off out to lunch soon. A beautiful blue-sky sunny morning now. https://t.co/uLogxGfEbb","2048342049032688051","https://pbs.twimg.com/media/HG0sPOlaAAE8Tag.jpg","Vixyl","en","","0","0","0","https://x.com/undefined/status/2048342049032688051","1507471276507545602",
"2048342047774384328","Sun Apr 26 10:02:55 +0000 2026","0","⎐تويو⎐ ⊵AN4⊴ ⎐نون⎐ ⊵STC9⊴ ⎐ايهرب⎐ايهيرب اهرب⎐ ⊵IPY1290⊴ ⎐ماكـس⎐فاشون⎐ ⊵K2Y⊴ 〖كـُــــــــود خـصـمــ〗 next blue fast dGs","2048342047774384328","","","ar","","0","0","0","https://x.com/undefined/status/2048342047774384328","4819019495",
"2048242852191174856","Sun Apr 26 10:02:54 +0000 2026","0","@SteveChamberlai @overton_news You are absolutely a true blue imbecile.","2048342044137906332","","SteveChamberlai","en","","0","1","0","https://x.com/undefined/status/2048342044137906332","1300587615754702848",
"2048342042481439153","Sun Apr 26 10:02:53 +0000 2026","0","aii? ⎐كُود⎐⎐نون⎐ ⊵KW44⊴ ▬الكوزي▬الوكوزاي▬الاوكوزاي▬ ⎐OMG⎐ ⎐تطبيق▬كالو▬Calo⎐ ⎐C39⎐ ⎐كؤِبُون⎐Stone Blue ^^^^ ⎐خـِصم⎐UnMTCoTA8oFR https://t.co/qEyDIjQJNO","2048342042481439153","https://pbs.twimg.com/media/HG0sOeLbwAAfZW_.jpg","","ar","","0","0","0","https://x.com/undefined/status/2048342042481439153","518043770",
"2048342042422706321","Sun Apr 26 10:02:53 +0000 2026","0","porqué? ⎐كُود⎐⎐نمشي⎐ ⊵MFM3⊴ ⎐كارتلو⎐ ⎐ZZ38⎐ ⎐وايــا⎐ ⎐BF48⎐ ⎐كؤِبُون⎐Pastel Blue ^^^ ⎐خـِصم⎐49L07u0va7oZ https://t.co/ddP5o8Z7i2","2048342042422706321","https://pbs.twimg.com/media/HG0sOZxbIAArre0.jpg","","und","","0","0","0","https://x.com/undefined/status/2048342042422706321","513873550",
"2048174688476582010","Sun Apr 26 10:02:53 +0000 2026","1","@VeryLittleClass @Metal_Crow Weird how many are attacking blue as a placeholder of communism yet you think the largest country in the world which happens to be communist (with a collectivist society) is slapping that red button.","2048342039276728592","","VeryLittleClass","en","","0","1","0","https://x.com/undefined/status/2048342039276728592","1449288098798469120",
"2048180718866694406","Sun Apr 26 10:02:51 +0000 2026","0","@educationpalmer @Aella_Girl pressing blue seems unreasonable because it comes with a risk and without a reward... assuming that my fellow humans are reasonable I'd conclude they'd not press blue therefore I'd also not press blue","2048342032377159983","","educationpalmer","en","","0","0","0","https://x.com/undefined/status/2048342032377159983","868918420535996416",
"2048223946848567527","Sun Apr 26 10:02:51 +0000 2026","0","@BananaScientist @DaystarEld One perfectly reasonable way to pick red is assuming everyone else is free to pick red too and thus they will. But it stops working the instant someone might have a reason to pick blue.","2048342031693427094","","Denjormund","en","","0","0","0","https://x.com/undefined/status/2048342031693427094","65934953",
"2048206976522322340","Sun Apr 26 10:02:50 +0000 2026","0","@mononaut @SCHIZO_FREQ If blue loses and you voted blue you actually should have voted red tho. It will be sad but I'll choose to live for my loved ones that also pushed red and to rebuild the world.","2048342029357232428","","mononaut","en","","0","0","0","https://x.com/undefined/status/2048342029357232428","1663201588666572800",
"2048342028275290244","Sun Apr 26 10:02:50 +0000 2026","0","4回目のBlue ウィンターの歌の上手さと この生Blueがもう聞けないと思うと 寂しくなって ラストでしっかり泣きました ありがとうございます！！！ #aespa #æspa #에스파 #エスパ #SYNK_aeXISLINE #aespa_SYNK_aeXISLINE #aespa_SYNK_aeXISLINEinJAPAN","2048342028275290244","","","ja","","0","0","0","https://x.com/undefined/status/2048342028275290244","1939224359610322944",
"2048342024626327925","Sun Apr 26 10:02:49 +0000 2026","2","missed chance to have an all-blue outfit while singing wakas nung finale ‍↔️ could've been a big sentimental moment hehe","2048342024626327925","","","en","","0","0","2","https://x.com/undefined/status/2048342024626327925","1811261327337562112",
"2047948878079545604","Sun Apr 26 10:02:48 +0000 2026","0","@DonkeyboyDev @ZiggenPlays @ry3564 I'm not getting anyone to do anything there is no communication. I'm voting blue and I'm hoping 50% of mankind is smart enough to do the same. If not I'm dead but YOU will live through the consequences.","2048342019509030991","","DonkeyboyDev","en","","0","1","0","https://x.com/undefined/status/2048342019509030991","284171152",
"2048223946848567527","Sun Apr 26 10:02:47 +0000 2026","0","@UnkUserError402 @DaystarEld red knowing that in the blue group there will be people who didn t understand and/or didn t mean to actually choose blue.","2048342015478300946","","kfvalues","en","","0","0","0","https://x.com/undefined/status/2048342015478300946","1158820937866915841",
"2048137590973288733","Sun Apr 26 10:02:47 +0000 2026","0","@AdriRM33 Red: out Blue: option for sale ( because of form or can t stay fit) https://t.co/9Djs8jbrjq","2048342015054618686","https://pbs.twimg.com/media/HG0sLpkbIAAC5jk.jpg","AdriRM33","en","","0","0","0","https://x.com/undefined/status/2048342015054618686","1133132712846483458",
"2048049981299257568","Sun Apr 26 10:02:44 +0000 2026","0","@LightningShade0 @habakukkk @oliveegger blue = hazard avoidance red = ppl fkkin die","2048342001951596769","","LightningShade0","en","","0","0","0","https://x.com/undefined/status/2048342001951596769","17468312",
"2048341987716178305","Sun Apr 26 10:02:40 +0000 2026","0","London Marathon under way with 59 000 taking part under blue skies - live updates https://t.co/huf4EEYdWu","2048341987716178305","","","en","","0","0","0","https://x.com/undefined/status/2048341987716178305","817073086071709696",
"2048341982058336373","Sun Apr 26 10:02:39 +0000 2026","2","$1 bid Ends Soon Dylan Raiola 2025 Prizm Black Blue Talismen /125 + St. Clair /149 + Allar /99 + Stockton /199 @CrdboyC @westcards28 @LimitedCards @TheCardTavern @HeathElliott79 @gurucollects @PSAcard @TheWrightCards @Topps @GunnerStockton @RaiolaDylan https://t.co/TWE6CpytPe https://t.co/DSpHsjZRKR","2048341982058336373","https://pbs.twimg.com/media/HG0sLLzaMAAzpz1.jpg","","en","","0","0","0","https://x.com/undefined/status/2048341982058336373","1100852191059820545",
"2048341976580309022","Sun Apr 26 10:02:38 +0000 2026","0","Princess Kate Leans Into a Classically Royal Silhouette With a New Navy-Blue Dress - Harper's BAZAAR https://t.co/6V3MYLNq6K Follow @NewsHubGlobe for 24/7 breaking news from around the world. https://t.co/AKmPsIF5fg","2048341976580309022","https://pbs.twimg.com/media/HG0sLFtWYAA7q5n.jpg","","en","","0","0","0","https://x.com/undefined/status/2048341976580309022","1709356081627926528",
"2048341975083217217","Sun Apr 26 10:02:37 +0000 2026","0","#浦島坂田船春ツアー2026 完走おめでとう！！！ 奈良しか行かんかったけど、まじで楽しすぎた！ 坂田さんKiss The BLUEのセリフ？のとこ忘れてたけど、なんか可愛かった!!!!","2048341975083217217","","","ja","","0","0","0","https://x.com/undefined/status/2048341975083217217","1966685761845293059",
"2048109081836277928","Sun Apr 26 10:02:36 +0000 2026","0","@TheXrunner55 @altypants @questionableway And if one of your kids didn t accept that explanation and chose blue would you be fine with them dying for that","2048341970972807300","","TheXrunner55","en","","0","0","0","https://x.com/undefined/status/2048341970972807300","1486382164560134144",
"2048341968845984156","Sun Apr 26 10:02:36 +0000 2026","0","⎐ترنديول⎐ ⊵BDL⊴ ⎐ايهرب⎐ايهيرب اهرب⎐ ⊵IPY1290⊴ ⎐نون⎐ ⊵STC9⊴ ⎐ماكـس⎐فاشون⎐ ⊵K2Y⊴ 〖كـُــــــــود خـصـمــ〗 low blue best nDN","2048341968845984156","","","ar","","0","0","0","https://x.com/undefined/status/2048341968845984156","2963060386",
"2048157476223115320","Sun Apr 26 10:02:36 +0000 2026","0","@hippyresident @Rubicon0321 @nikitabier OMG YOU MEANT FOR ISRAHELL? I meant that J3WS ARE THE WHITE WALKERS in the Game of Thrones! They are anti-human un-human non-human that want to kill Humans and Erase their memory!!!! THEY WERE BLUE TOO!!!!! WTF","2048341967319552438","","hippyresident","en","","0","0","0","https://x.com/undefined/status/2048341967319552438","2035800508989063168",
"2048341966526808460","Sun Apr 26 10:02:35 +0000 2026","0","Blue Star 1.5 Ton 5 Star Inverter Split AC @33494 https://t.co/qmhSdOOqD4 Pay Using SBI 9M No Cost EMI","2048341966526808460","","","en","","0","0","0","https://x.com/undefined/status/2048341966526808460","1201408588784128001",
"2048046873437434103","Sun Apr 26 10:02:34 +0000 2026","0","@Stretchedwiener A red can rationally believe that even if RCBBs are included in the experiment that 49% is the max possible blue vote so anyone who chooses blue is just throwing their life away for a sunk cost. It is still rational and moral to choose red. Performative suicide is immoral.","2048341961162317954","","MissInformx4f0","en","","0","0","0","https://x.com/undefined/status/2048341961162317954","2011269070872854528",
"2048284721495589294","Sun Apr 26 10:02:33 +0000 2026","0","@NewsAlgebraIND This where the bjPIGS brought this country to One day blow off blue diks Another day blow off green diks","2048341957609656410","","NewsAlgebraIND","en","","0","0","0","https://x.com/undefined/status/2048341957609656410","1973036538255831040",
"2048341953247674667","Sun Apr 26 10:02:32 +0000 2026","0","Kid? ⎐كُود⎐⎐نون⎐ ⊵QT55⊴ ⎐بلومنج▬وير▬بلومينج⎐ ⎐BLM29⊴ ⎐باث▬اند▬بودي⎐ ⎐ADPE⊴ ⎐كؤِبُون⎐Velvet Blue ^^ ⎐خـِصم⎐Hv6ZGcJb1gBB https://t.co/pzgNgIQhKq","2048341953247674667","https://pbs.twimg.com/media/HG0sJQbboAEBc2O.jpg","","und","","0","0","0","https://x.com/undefined/status/2048341953247674667","1079493973666873345",
"2048056923941904460","Sun Apr 26 10:02:32 +0000 2026","0","@adeolale @DailyLoud Blue face and the type of woman that would want blue face is not exactly the thing I strive for","2048341951167037815","","adeolale","en","","0","0","0","https://x.com/undefined/status/2048341951167037815","2024749612221759488",
"2048228687057985720","Sun Apr 26 10:02:31 +0000 2026","0","@MusicBrownlow Started to overthink it. Stopped that. 3: Electric Blue 2: Walls 1: My Obsession","2048341950445867502","","MusicBrownlow","en","","0","0","0","https://x.com/undefined/status/2048341950445867502","2390646038",
"2048088834106155181","Sun Apr 26 10:02:31 +0000 2026","0","@RodrLeywin For obvious reasons that looks like Scorpio behind Shaula. The bright blue star would be the one she s named after (Shaula/Lamda Scorpii) but I was looking at that bright red one too and got a couple of interesting quotes. https://t.co/6TKl5Yl9GW","2048341948134838430","https://pbs.twimg.com/media/HG0sJXEagAAnpsA.jpg","RodrLeywin","en","","0","1","0","https://x.com/undefined/status/2048341948134838430","1577600204685074432",
"2048341946289029211","Sun Apr 26 10:02:31 +0000 2026","0","아하? ⎐كُود⎐⎐نمشي⎐ ⊵MFM3⊴ ⎐فرست⎐كراى⎐فيرستكراى⎐ ⊵AFN22⊴ ▬لؤكسىتأن▬لوكستيان ⎐A106⎐ ⎐كؤِبُون⎐Modern Blue ^^^ ⎐خـِصم⎐sssICoPjM7XU https://t.co/cj3VgvKHCG","2048341946289029211","https://pbs.twimg.com/media/HG0sJA-bYAANNeJ.jpg","","ar","","0","0","0","https://x.com/undefined/status/2048341946289029211","1868132868775714816",
"2048333141073387650","Sun Apr 26 10:02:30 +0000 2026","0","@_21Nad @bigchog @MoreThenMilk That looks like a British Shorthair! The dense solid gray coat round face chubby cheeks short ears and striking copper eyes are textbook for the breed (often called British Blue in that color). Adorable cat.","2048341944804220967","","_21Nad","en","","0","0","0","https://x.com/undefined/status/2048341944804220967","1720665183188922368",
"2048341944359911729","Sun Apr 26 10:02:30 +0000 2026","0","wts/ขาย ส่งต่อบัตร 1800 / 1 ใบ ฝั่ง Blue Devil ค่า บัตรเรากดเองเลยค่ะ ปล่อยราคารวมเท่าที่จ่ายในเว็บเลยค่า สนใจ dm/mention ได้เลยค่ะ #OLYMPOP2026 #PEPSIpresentsOLYMPOP2026 https://t.co/Xu78N6SfbU","2048341944359911729","https://pbs.twimg.com/media/HG0sIPsaUAAVQtM.jpg","","th","","0","1","0","https://x.com/undefined/status/2048341944359911729","1108353536562069506",
"2048042269660319790","Sun Apr 26 10:02:30 +0000 2026","0","@minecraftsex__ @soggycinnamons the blue one is also the don't die button","2048341942912876698","","minecraftsex__","en","","0","1","0","https://x.com/undefined/status/2048341942912876698","1781825014813372416",
"2048341938198512033","Sun Apr 26 10:02:29 +0000 2026","0","あちゃー? ⎐كُود⎐⎐نون⎐ ⊵NKW⊴ ⎐لفل⎐ليفل⎐شوز⎐ ⊵GGG⊴ ▬تطبيق▬أحذية▬كروكس▬ ⊵COM⊴ ⎐كؤِبُون⎐Rich Blue ^^ ⎐خـِصم⎐Kl2F8JcXo29G https://t.co/04KDflfggg","2048341938198512033","https://pbs.twimg.com/media/HG0sIXubAAAhIjm.jpg","","ja","","0","0","0","https://x.com/undefined/status/2048341938198512033","825855750",
"2048115281805885482","Sun Apr 26 10:02:08 +0000 2026","0","@wbic16 Except for red it is not a competition. Only blue has to proof something.","2048341850520453142","","wbic16","en","","0","0","0","https://x.com/undefined/status/2048341850520453142","1811451796763631616",
"2048341848083894475","Sun Apr 26 10:02:07 +0000 2026","0","lightning is literally blue or white unless you're some kind of zeus or sonic the hedgehog","2048341848083894475","","","en","","0","0","0","https://x.com/undefined/status/2048341848083894475","1002076134308270080",
"2048223946848567527","Sun Apr 26 10:02:06 +0000 2026","0","@UnkUserError402 @DaystarEld You can t know that but the post I responded to was making a claim that people who voted red must not have considered that people including children could press blue without understanding it meant risking death which is not at all the case. It is entirely possible to choose","2048341842274484412","","UnkUserError402","en","","0","1","0","https://x.com/undefined/status/2048341842274484412","1158820937866915841",
"2048277711081398610","Sun Apr 26 10:02:04 +0000 2026","0","@Lunaria_40 Sky blue looks cute","2048341836935086459","","Lunaria_40","en","","0","0","0","https://x.com/undefined/status/2048341836935086459","4237215267",
"2048341835228250544","Sun Apr 26 10:02:04 +0000 2026","2","today I had a choice (red) i could create a new macOS app that would allow me to organize and easily combine shots from videos that I am working on and have them map to local videos or (blue) drag the video from the SD card to a folder anyways i did the app https://t.co/jZWOpDkUIm","2048341835228250544","https://pbs.twimg.com/media/HG0sCqMbwAEwet0.jpg","","en","","0","0","0","https://x.com/undefined/status/2048341835228250544","1590716769433427968",
"2048341830379438216","Sun Apr 26 10:02:03 +0000 2026","0","⎐تويو⎐ ⊵AN4⊴ ⎐نون⎐ ⊵STC9⊴ ⎐ايهرب⎐ايهيرب اهرب⎐ ⊵IPY1290⊴ ⎐ماكـس⎐فاشون⎐ ⊵K2Y⊴ 〖كـُــــــــود خـصـمــ〗 next daily blue XQg","2048341830379438216","","","ar","","0","0","0","https://x.com/undefined/status/2048341830379438216","4816238056",
"2048341818203332744","Sun Apr 26 10:02:00 +0000 2026","0",". . Inside My Mind (Blue Skies) . https://t.co/avmfmjE6FD","2048341818203332744","","","en","","0","0","0","https://x.com/undefined/status/2048341818203332744","1289006284470013952",
"2047710215265730755","Sun Apr 26 10:01:59 +0000 2026","0","@Jaxxblaster1 @waitbutwhy No I would press blue. I have nothing to lose from pressing blue since if red wins then I am happy to not be around","2048341815095366139","","Jaxxblaster1","en","","0","1","0","https://x.com/undefined/status/2048341815095366139","1724637961814429696",
"2048341813992292803","Sun Apr 26 10:01:59 +0000 2026","0","（「Out of the blue」MVの)セットの壁を壊すシーンも新鮮でした。あれは、４期生と新４期生の間にある壁を壊す という意味だったんだろうなって、今になって思います #松尾美佑 #乃木坂46 #言葉 #今話したい何かがある https://t.co/9C1vGpKMO3","2048341813992292803","https://pbs.twimg.com/media/HG0sBotbYAAKkHC.jpg","","ja","","0","0","0","https://x.com/undefined/status/2048341813992292803","115647429",
"2048341812440408138","Sun Apr 26 10:01:59 +0000 2026","0","im currently chilling at the majorca airport spot is nice temperature is nice food is nice view is nice (i'm watching airplanes taking off and landing with mountains &amp; blue sky as a background)","2048341812440408138","","","en","","0","1","0","https://x.com/undefined/status/2048341812440408138","1687098430488010752",
"2048079024698662954","Sun Apr 26 10:01:57 +0000 2026","0","@Covidtalk1 @WokeFDR there's no manipulation the actions of one button presser do not influence the actions of any other button presser. assume all the button presses happen similtaneously - what is there to manipulate? so there must be a different value frame for why blue voters are voting blue.","2048341805088043421","","Covidtalk1","en","","0","1","0","https://x.com/undefined/status/2048341805088043421","4864260203",
"2048173601447125186","Sun Apr 26 10:01:56 +0000 2026","0","@princeofweb3 i need blue tick","2048341800029442064","","princeofweb3","en","","0","0","0","https://x.com/undefined/status/2048341800029442064","1753212705211592704",
"2048231033594667397","Sun Apr 26 10:01:55 +0000 2026","0","@777_IS_666 What is even more dangerous in this is that an Iranian has blue eyes and pale skin the main reason for scaling up to even more security to the Max. capiche.","2048341795981992446","","FayRay26577640","en","","0","0","0","https://x.com/undefined/status/2048341795981992446","1392810788117692419",
"2047710215265730755","Sun Apr 26 10:01:53 +0000 2026","0","@waitbutwhy 1. Trust / Cooperation (Blue) Most people will do the right thing Outcome: everyone lives (best-case scenario) 2. Self-preservation (Red) People are selfish Outcome: you survive if cooperation fails Optimists → blue Pessimists → red","2048341790798029250","","waitbutwhy","en","","0","0","0","https://x.com/undefined/status/2048341790798029250","1158272279723139073",
"2048341787870457921","Sun Apr 26 10:01:53 +0000 2026","0","Emmer? ⎐كُود⎐⎐تويو⎐ ⊵A73⊴ ⎐عطور▬رسيس⎐ ⊵BF71⊴ ⎐وفرها⎐ ⊵KK9⊴ ⎐كؤِبُون⎐Deep Blue ^^^^ ⎐خـِصم⎐elzhJXl9Sxkc https://t.co/Y0AtgBIP8D","2048341787870457921","https://pbs.twimg.com/media/HG0r_t_asAA8LE1.jpg","","und","","0","0","0","https://x.com/undefined/status/2048341787870457921","1946549078453891072",
"2048048401992888716","Sun Apr 26 10:01:51 +0000 2026","0","@DerekR82244 @soggycinnamons I d say it s far more likely that 50% press blue than for 100% of people press red is all I m saying. Especially when not everyone on the planet is a rational thinker. I believe it d be slightly more rational to save those who cannot choose for themselves.","2048341780194603329","","DerekR82244","en","","0","1","0","https://x.com/undefined/status/2048341780194603329","1744966956124450816",
"2048341775635325325","Sun Apr 26 10:01:50 +0000 2026","0","Horsefly schezuan &amp; curry paste - Kai in Bergen Dragon Rouge is Rubycon Dave Wyndorf - I am code blue - TSOL - Skrewdriver &amp; Sarum my Jerusalem. https://t.co/IBNyTokG6m","2048341775635325325","https://pbs.twimg.com/media/HG0r-07boAAt9Hg.jpg","","de","","0","0","0","https://x.com/undefined/status/2048341775635325325","1532045337166237697",
"2048333569735508282","Sun Apr 26 10:01:49 +0000 2026","0","Second dud is True Blue (the track not the album)","2048341772967747901","","stefanbertin","en","","0","1","0","https://x.com/undefined/status/2048341772967747901","198122785",
"2048341772519268633","Sun Apr 26 10:01:49 +0000 2026","0","ahoui? ⎐كُود⎐⎐ترينديول⎐ ⊵OMM⊴ عود ميلانو ⊵A666⊴ ⎐مذركير⎐ ⊵V7971⊴ ⎐كؤِبُون⎐Velvet Blue ^^ ⎐خـِصم⎐kadoEuf50sZn https://t.co/rOVBbJ3F5L","2048341772519268633","https://pbs.twimg.com/media/HG0r-t_bsAAVX3Y.jpg","","und","","0","0","0","https://x.com/undefined/status/2048341772519268633","533325576",
"2048155345311170840","Sun Apr 26 10:01:46 +0000 2026","0","@sed13949 @liberal_elite_ No? If blue wins 60% no one dies. If red wins 60% billions die. The only realistic scenario where we all live is a blue win because red will never get 100%. You can't just say well everyone should vote red because they won't.","2048341758614880640","","sed13949","en","","0","0","0","https://x.com/undefined/status/2048341758614880640","53349972",
