conversation_id_str,created_at,favorite_count,full_text,id_str,image_url,in_reply_to_screen_name,lang,location,quote_count,reply_count,retweet_count,tweet_url,user_id_str,username
2040975953174675717,Mon Apr 06 02:12:41 +0000 2026,2,https://t.co/p7voTEaY6a,2040975953174675717,,,zxx,,0,4,2,https://x.com/undefined/status/2040975953174675717,894513778393583617,
2040975948645052430,Mon Apr 06 02:12:40 +0000 2026,0,kalau aku RM: Closer &amp; Wild Flower Jin: Hearts on the Window &amp; DSYLM Suga: SDL &amp; Moonlight Jhope: Arson Jimin: Like Crazy ‍ taehyung: FRIENDS &amp; blue jungkook: Somebody ,2040975948645052430,,,en,,0,0,0,https://x.com/undefined/status/2040975948645052430,1993226901914370050,
2040575462112362877,Mon Apr 06 02:12:32 +0000 2026,0,@KathAntonio7 @DarkWaterBeach Says the blue checkmark.,2040975916952703472,,KathAntonio7,en,,0,1,0,https://x.com/undefined/status/2040975916952703472,2016686449274265600,
2040975916805796300,Mon Apr 06 02:12:32 +0000 2026,0,The best thing that Burns brings to this team is he never hesitates to just let it fly from the blue line!! #goavsgo,2040975916805796300,,,en,,0,0,0,https://x.com/undefined/status/2040975916805796300,1930292501618864128,
2040791335578599664,Mon Apr 06 02:12:30 +0000 2026,0,@atrupar this is blue maga enlightened centerlibsht handle Aaron Rupar's first mention of Hasan Piker. For what it's worth he didn't pile on the derangement campaign again Piker yet,2040975905867321773,,atrupar,en,,0,0,0,https://x.com/undefined/status/2040975905867321773,1742453792862330880,
2040975899580064106,Mon Apr 06 02:12:28 +0000 2026,0,【書籍フェア情報】 『on BLUE comics 秀良子先生「STAYGOLDシリーズ」完結フェア』 4/24(金)より開催決定クラ 期間中、対象商品を購入で《シリアル応募用紙》をお渡し 抽選で《サイン入りフェア特製ポスター(全1種)》をプレゼント 詳細はPOPをチェック https://t.co/YpPb4Jqelu,2040975899580064106,https://pbs.twimg.com/media/HFMAwehaUAAios_.jpg,,ja,,0,0,0,https://x.com/undefined/status/2040975899580064106,313149285,
2040975890545270965,Mon Apr 06 02:12:26 +0000 2026,1,I infact did see this . nickname(s) : ozzy spencer jeff height : 5 feet 5 inches sexuality : asexual fav color(s) : blue dark pink fav drink : pepsi fav food : buffalo chicken wings fav animal(s) : foxes cats,2040975890545270965,,,en,,0,0,0,https://x.com/undefined/status/2040975890545270965,2022083736095830016,
2040975889911918932,Mon Apr 06 02:12:26 +0000 2026,0,We Autoblast Belgium! @age_festival #1984blacknblue #bandfromth80s #goldenagerock #jaimestjames #holdonto18 @jaimestjames @PeteHolmes1 @PYoungBNB https://t.co/EU06LGQyiK,2040975889911918932,https://pbs.twimg.com/media/HFMAwaEaIAAmupW.jpg,,nl,,0,0,0,https://x.com/undefined/status/2040975889911918932,4418775617,
2040657555920240933,Mon Apr 06 02:12:25 +0000 2026,0,@his4Everz Yes blue eyes ,2040975885533090013,,his4Everz,en,,0,0,0,https://x.com/undefined/status/2040975885533090013,1825593496658440192,
2040823218856984615,Mon Apr 06 02:12:24 +0000 2026,0,@WrestleFeatures @Narcolepsyboy_ @WrestleFeatures you're abhorrent. Anything for rage bait blue check grifting. Get a life.,2040975883419172898,,WrestleFeatures,en,,0,0,0,https://x.com/undefined/status/2040975883419172898,25765671,
2040788283056390410,Mon Apr 06 02:12:24 +0000 2026,1,@LumoAlter14 @wakeup_A0 @letmedothisrq @BlubAtomic @iFightForKids No shit I'm not going to prove that this guy is blue clown. You are dismissed. Everyone knows that what you are saying is hysterical deranged and false.,2040975881980588473,,LumoAlter14,en,,0,1,0,https://x.com/undefined/status/2040975881980588473,1909125553510379520,
2040963849546047830,Mon Apr 06 02:12:24 +0000 2026,0,@k9kier Anong Blue? green yan ️️,2040975880785371639,,k9kier,tl,,0,0,0,https://x.com/undefined/status/2040975880785371639,1706602970119618560,
2040975878025535759,Mon Apr 06 02:12:23 +0000 2026,0,Setelah pertandingan Los Angeles FC hari kemarin Son Heung Min berfoto dan bereuni dengan dua member boyband BIGBANG Daesung dan G-Dragon serta model kenamaan Korea Park Soo Joo. Apa lagu BIGBANG favorit kalian selain Fantastic Baby dan Blue? https://t.co/iWN3bcwcM4,2040975878025535759,https://pbs.twimg.com/media/HFMAu8zaMAAyzzG.jpg,,in,,0,0,0,https://x.com/undefined/status/2040975878025535759,1339234809713868801,
2040975877257744524,Mon Apr 06 02:12:23 +0000 2026,0,I wonder what phil lester would look like eating pizza but the sauce is replaced with a mysterious slimy gloop and the cheese is blue cheese and the crust is chocolate,2040975877257744524,,,en,,0,0,0,https://x.com/undefined/status/2040975877257744524,1834568454881284096,
2040975865937641867,Mon Apr 06 02:12:20 +0000 2026,0,まだ11時だけど 売り切れ早すぎ #嵐 https://t.co/xZrVITIOnh,2040975865937641867,https://pbs.twimg.com/media/HFMAuypbcAA1r9z.jpg,,ja,,0,0,0,https://x.com/undefined/status/2040975865937641867,2789589374,
2040975861009318007,Mon Apr 06 02:12:19 +0000 2026,1,this is gonna be controversial but idc i m right gansey: misty adam: natalie noah: jackie blue: taissa ronan: lottie (this one is hard) henry: mari https://t.co/oau5rKpw2j,2040975861009318007,https://pbs.twimg.com/media/HFMAuY3bMAAyDut.jpg,,en,,0,0,0,https://x.com/undefined/status/2040975861009318007,1694935201137537024,
2040975843783311472,Mon Apr 06 02:12:15 +0000 2026,0,Bodycon Party Dress Cobalt Blue Sequins Sparkle Strappy Back Sexy Blue Dress Glitz and Glam Clubbing Disco Y2K Dress Sz S https://t.co/QgM0WJx7lw via @Etsy,2040975843783311472,,,en,,0,0,0,https://x.com/undefined/status/2040975843783311472,377069795,
2040505737772736993,Mon Apr 06 02:12:14 +0000 2026,0,@johnpavlovitz Your dumb ass hasn t left for blue sky bitches?,2040975839240605933,,johnpavlovitz,en,,0,0,0,https://x.com/undefined/status/2040975839240605933,1587886500347265038,
2040975826142011900,Mon Apr 06 02:12:11 +0000 2026,0,Why in every gender reveal does the colors have to be pink or blue? Like ngl thats lowkey sexist if this is a woke take im sorry ,2040975826142011900,,,en,,0,0,0,https://x.com/undefined/status/2040975826142011900,2017515718707904512,
2040975820739805643,Mon Apr 06 02:12:09 +0000 2026,0,Riot Blue Recordsのライブは、ライブ物販に並んでいてもおかしくないクオリティのグッズが、有志により製作されて無料配布されているから驚き！ #ウララライブ2026,2040975820739805643,,,ja,,0,0,0,https://x.com/undefined/status/2040975820739805643,1344193579158147072,
2040909183525048638,Mon Apr 06 02:12:08 +0000 2026,0,@NateSilver538 I mean... There is a spectrum and you are showing a binary based on leaning you can tell who's hard left or right.. Shades of red and blue would better illustrate the reality.,2040975816436396354,,NateSilver538,en,,0,0,0,https://x.com/undefined/status/2040975816436396354,2704377620,
2040975803425394839,Mon Apr 06 02:12:05 +0000 2026,0,His deep blue eyes when they lock on mines &gt;&gt;&gt;&gt;&gt;,2040975803425394839,,,en,,0,0,0,https://x.com/undefined/status/2040975803425394839,1963608914,
2040975797880795536,Mon Apr 06 02:12:04 +0000 2026,0,Massage in riyadh 24/24 jeddah khobar buraydah hofuf dammam ‍️ https://t.co/k1uA7jjyLV https://t.co/foxAtohiWM,2040975797880795536,https://pbs.twimg.com/media/HFMApqma0AASKAK.jpg,,in,,0,0,0,https://x.com/undefined/status/2040975797880795536,2005828470253944832,
2040735139177644165,Mon Apr 06 02:12:03 +0000 2026,1,@GoingParabolic Another dumb cunt begging for attention on his blue tick account. Do something useful with your life.,2040975794202128721,,GoingParabolic,en,,0,1,0,https://x.com/undefined/status/2040975794202128721,1673711580368740352,
2040942356325683641,Mon Apr 06 02:12:03 +0000 2026,0,@GuntherEagleman We d win everywhere surround a couple dozen blue cities and starve them all to death.,2040975793967251747,,GuntherEagleman,en,,0,0,0,https://x.com/undefined/status/2040975793967251747,712574006499479552,
2040975791463555361,Mon Apr 06 02:12:02 +0000 2026,1,BLUE-GREEN GATE,2040975791463555361,,,en,,1,0,0,https://x.com/undefined/status/2040975791463555361,2017887420415631360,
2040396253528498599,Mon Apr 06 02:12:02 +0000 2026,0,@blrmetrotracker Appreciate it as always! Also do you know how the planned interchange between Pink and Blue will work at Nagawara? Like is there a diagram like the Silk Board one,2040975788279754792,,blrmetrotracker,en,,0,0,0,https://x.com/undefined/status/2040975788279754792,1450544601497051143,
2040921363486277970,Mon Apr 06 02:12:01 +0000 2026,1,@mandyarthur RED AND BLUE THEY BOTH PROTECT PEDOS,2040975785742536994,,mandyarthur,en,,0,0,0,https://x.com/undefined/status/2040975785742536994,2039208242489016320,
2040957069008748961,Mon Apr 06 02:12:01 +0000 2026,0,@JohnnyGiunta_ Where are the inaccurate Blue Jays tweets?,2040975784634941926,,JohnnyGiunta_,en,,0,0,0,https://x.com/undefined/status/2040975784634941926,1662520685783142402,
2040957203729809630,Mon Apr 06 02:11:54 +0000 2026,0,@livswildflower Blue,2040975754570146263,,livswildflower,en,,0,0,0,https://x.com/undefined/status/2040975754570146263,2275427363,
2040910476796686753,Mon Apr 06 02:11:47 +0000 2026,0,@IAmLilRico crazy af.. that boy somewhere unbothered lol. she kinda like look the avator blue people. ‍️,2040975728829776202,,IAmLilRico,en,,0,0,0,https://x.com/undefined/status/2040975728829776202,67416769,
2040975726854181358,Mon Apr 06 02:11:47 +0000 2026,0,the؟ ⎐كُود⎐⎐ايهرب⎐ايهيرب اهرب ⊵IQH8946⊴ ⎐عطور▬رسيس⎐ ⊵BF71⊴ ⎐وفرها⎐ ⊵KK20⊴ ⎐كؤِبُون⎐Star Blue ^^^^ ⎐خـِصم⎐Ta03bCDGQHn https://t.co/bSyDpD6eTg,2040975726854181358,https://pbs.twimg.com/media/HFMAmoqawAADUm_.jpg,,ar,,0,0,0,https://x.com/undefined/status/2040975726854181358,1582718326576406528,
2040975725805920433,Mon Apr 06 02:11:47 +0000 2026,0,もしもHysteric Blueの『春〜spring〜』をビジュアル系バンドがカバーしたら https://t.co/6Ct2Jch9mX @YouTubeより,2040975725805920433,,,ja,,0,0,0,https://x.com/undefined/status/2040975725805920433,231074866,
2040761667517071462,Mon Apr 06 02:11:46 +0000 2026,0,@MetroUK My middle granddaughter 11 has the most beautiful waist length ginger hair. She's the only one on both sides of the families to be a redhead. I adore her hair. She also has blue eyes which isn't very common with her hair colour &amp; is proud of that fact!,2040975724035612889,,MetroUK,en,,0,0,0,https://x.com/undefined/status/2040975724035612889,490490471,
2040974480588067068,Mon Apr 06 02:11:45 +0000 2026,0,@GuntherEagleman Horrific! These people are animals. Career criminals. Will he get a slap on the wrist and sent back out to do more harm on the streets? Portland is a blue city. I m sure that s what s gonna happen. We must get rid of all sanctuary cities and states.,2040975717509263737,,GuntherEagleman,en,,0,0,0,https://x.com/undefined/status/2040975717509263737,1811011438057574400,
2040927895686713504,Mon Apr 06 02:11:43 +0000 2026,0,@dmx3377 @SpriteFox he doesnt have a blue checkmark. its harmless. also you engaged anyways.,2040975711322685819,,dmx3377,en,,0,0,0,https://x.com/undefined/status/2040975711322685819,1875505107841777664,
2040230304325964136,Mon Apr 06 02:11:43 +0000 2026,0,@ENVTubersOOC yooo its purple girl and blue sinder!,2040975710139908125,,ENVTubersOOC,en,,0,0,0,https://x.com/undefined/status/2040975710139908125,1755695552363151360,
2040956332350537983,Mon Apr 06 02:11:43 +0000 2026,0,@thotzekage blue please say sike,2040975709624057991,,thotzekage,en,,0,0,0,https://x.com/undefined/status/2040975709624057991,1530089953,
2040975708961603746,Mon Apr 06 02:11:43 +0000 2026,0,Lagi ngefreeze baca ini tadi terus code blue sambil lari sambil mencerna,2040975708961603746,,,in,,0,0,0,https://x.com/undefined/status/2040975708961603746,1879543955307868160,
2040886782930161780,Mon Apr 06 02:11:41 +0000 2026,0,@neilbelieves @letterboxd Blue Valentine. One of my absolute favorites,2040975703936573736,,neilbelieves,en,,0,0,0,https://x.com/undefined/status/2040975703936573736,262693287,
2040975703164727681,Mon Apr 06 02:11:41 +0000 2026,0,JFAサッカー チケット SAMURAI BLUE 日本代表 アイスランド代表　国立競技場 【譲】5/31カテゴリー3 4枚 カテゴリー4 3枚 【求】定価+手数料 DMまでご気軽にご連絡お願い致します #サッカー日本代表 #キリンチャレンジカップ,2040975703164727681,,,ja,,0,0,0,https://x.com/undefined/status/2040975703164727681,1854796985036951552,
2040920819002441810,Mon Apr 06 02:11:40 +0000 2026,0,@GenFlynn @MarioNawfal Thanks Grok for the artwork. What side would win the Red vs Blue https://t.co/UqQJ5OS11n,2040975699641806960,https://pbs.twimg.com/media/HFMAlSFbAAARjYO.jpg,GenFlynn,en,,0,0,0,https://x.com/undefined/status/2040975699641806960,1451306413637058573,
2040971555312693750,Mon Apr 06 02:11:37 +0000 2026,0,️I asked VZ if what was written was true but he never comment I asked again still no comment ️Then he out of the blue said this: ️I guess this is VZ s answer to my question if he is against US sending troops to Iran https://t.co/gF81d3uohY,2040975685355770158,https://pbs.twimg.com/media/HFMAfLEWIAEyKhq.jpg,AVelma46859,en,,0,0,0,https://x.com/undefined/status/2040975685355770158,1756876657200074752,
2040975675813974358,Mon Apr 06 02:11:35 +0000 2026,0,I don t care what Charleston White weird ass has to say about it or that it s his cousin. A grown man I ve never met tryna hand me a painting of my kids out the blue would piss me off his intentions could ve been pure but it s still weird as hell.,2040975675813974358,,,en,,0,0,0,https://x.com/undefined/status/2040975675813974358,1135963389572915201,
2040761531508330979,Mon Apr 06 02:11:34 +0000 2026,0,@DonaldJTrumpJr Fuck MAGA. Voting blue to see it ,2040975671527162138,,DonaldJTrumpJr,en,,0,0,0,https://x.com/undefined/status/2040975671527162138,1586558391710896130,
2040342746217496714,Mon Apr 06 02:11:32 +0000 2026,0,@Asulzilla @ginter_allen might be good for teaching the very first steps of art but it s like using a warm red &amp; warm blue &amp; expecting it to make a vibrant purple but instead you get that shitty brown purple &amp; because colour theory is being taught to you wrong you think art is all bullshit,2040975665957405068,,Asulzilla,en,,0,0,0,https://x.com/undefined/status/2040975665957405068,1993495530983636999,
2040962849535561997,Mon Apr 06 02:11:30 +0000 2026,0,@bonchieredstate Yeah I would have had Kinzinger blue for sure.,2040975655391641996,,bonchieredstate,en,,0,0,0,https://x.com/undefined/status/2040975655391641996,1342168981453627392,
2040971653002170581,Mon Apr 06 02:11:29 +0000 2026,0,@philipskaggs You can be go blue obviously without trolling.,2040975650752758068,,philipskaggs,en,,0,0,0,https://x.com/undefined/status/2040975650752758068,345645631,
2040953286627385852,Mon Apr 06 02:11:28 +0000 2026,0,@JonahDispatch Well maybe. I hear there's a bunch of interesting folks on Blue Sky Instagram and TicToc but I only have so much time.,2040975648882143628,,JonahDispatch,en,,0,0,0,https://x.com/undefined/status/2040975648882143628,1656094222066253825,
2040974671101809114,Mon Apr 06 02:11:28 +0000 2026,1,@ClimateDepot Bill Gates as in Microsoft Bill Gates? As in creator of the Windows operating system that constantly locks up crashes blue screens and loses files? How about we get @elonmusk to develop the power plant instead of corrupt bozo p*rvert Bill Gates?,2040975647841943869,,ClimateDepot,en,,0,0,0,https://x.com/undefined/status/2040975647841943869,1253762870359347204,
2040975644075680172,Mon Apr 06 02:11:27 +0000 2026,0,Massage in riyadh 24/24 https://t.co/k1uA7jjyLV riyadh ‍️ https://t.co/3eb212Lbez,2040975644075680172,https://pbs.twimg.com/media/HFMAgvUbAAAN0m3.jpg,,hi,,0,0,0,https://x.com/undefined/status/2040975644075680172,2005828470253944832,
2040925210489000271,Mon Apr 06 02:11:27 +0000 2026,0,@sanjay_kumar72 @netanyahu @realDonaldTrump Yes netanyahu is Benjamin Netanyahu's authentic verified personal X account (3.8M followers blue check linked from his official site https://t.co/s64rOU0CQ8). The Office of the Prime Minister also uses IsraeliPM. This post appears genuine based on X records.,2040975642645172723,,sanjay_kumar72,en,,0,0,0,https://x.com/undefined/status/2040975642645172723,1720665183188922368,
2040872744158425598,Mon Apr 06 02:11:25 +0000 2026,0,@FashionCartier No twitter blue you doing this for the love of it lmfaoo,2040975636756304381,,FashionCartier,en,,0,0,0,https://x.com/undefined/status/2040975636756304381,891074061446590465,
2040670464087933328,Mon Apr 06 02:11:23 +0000 2026,0,@TokyoLibertyTV @yumi8228 Haha time of day swaps are my specialty! These Sky City Tokyo shots look killer in daylight cherry blossoms popping against that blue sky. Night version was moody AF too. What s next golden hour or a stormy twist? Let s iterate TokyoLibertyTV yumi8228,2040975627579175210,,TokyoLibertyTV,en,,0,0,0,https://x.com/undefined/status/2040975627579175210,1720665183188922368,
2040792421164888304,Mon Apr 06 02:11:23 +0000 2026,0,@JVMonte2 Dylan 1)Times They Are-A Changin'/Restless Farewell 2) Subterranean Homesick Blues/It's All Over Now Baby Blue 3) Rolling Stone/Desolation Row 4) Tangled Up in Blue/Buckets of Rain 5) Hurricane/Sara 6) Changing of the Guards/Where Are You Tonight? 7) Multitudes/Murder Most Foul.,2040975624567759317,,JVMonte2,en,,0,0,0,https://x.com/undefined/status/2040975624567759317,1584940706413613056,
2040880351195681105,Mon Apr 06 02:11:16 +0000 2026,0,@queenie4rmnola So do blacks that s why you post all day long likes it s your job.. you long for attention. I bet after a post pops off you show the person next you like it s a championship ring but no all it is a dopamine hit and a little bit of change from that blue checkmark,2040975597929676969,,queenie4rmnola,en,,0,0,0,https://x.com/undefined/status/2040975597929676969,1965997240423456769,
2040975585527116287,Mon Apr 06 02:11:13 +0000 2026,2,mia is such nice person everyone go read blue ice https://t.co/gN66TVykJu,2040975585527116287,https://pbs.twimg.com/media/HFMAedBb0AA1aYH.jpg,,en,,0,0,0,https://x.com/undefined/status/2040975585527116287,1728228736917528576,
2040953690857549891,Mon Apr 06 02:11:12 +0000 2026,0,@data_republican 100% agree with you. I don t seek a huge following nor do I have the time to put into that type of an account. I find that the small to medium sized accounts are really quite interesting. My blue check is in support of Elon s endeavor to protect freedom of speech. Happy Easter https://t.co/1nrGtv4sXO,2040975580007665954,https://pbs.twimg.com/media/HFMAeTIbAAAHKR1.jpg,data_republican,en,,0,0,0,https://x.com/undefined/status/2040975580007665954,1613685298139107329,
2040870011078623395,Mon Apr 06 02:11:11 +0000 2026,0,@FireDad182 @snafu525 That s exactly why I canceled my blue check.,2040975575171391970,,FireDad182,en,,0,0,0,https://x.com/undefined/status/2040975575171391970,795114386469908480,
2040953690857549891,Mon Apr 06 02:11:09 +0000 2026,0,@data_republican Girl I m just out here shouting into the wind. I thought back in the old days a blue check mark happened after you had more interactions and a certain number of followers. Why would I pay money to be here? I don t even know how to link my CVS card to the app ,2040975569337090362,,data_republican,en,,0,0,0,https://x.com/undefined/status/2040975569337090362,27875357,
2040975282694431112,Mon Apr 06 02:10:01 +0000 2026,0,【Auto】ワンダフルワークス[Wonderful Works] ブルーアーカイブ Blue Archiveb サオリ 1/7スケールフィギュア 2026年4月30日発売予定 予約注文受付中 https://t.co/UXC8tY8yuj,2040975282694431112,,,ja,,0,0,0,https://x.com/undefined/status/2040975282694431112,166209377,
2040898205404241966,Mon Apr 06 02:10:00 +0000 2026,0,@blue12106027 TKFM：blueさん、おはありです お互いに体調管理に気をつけて頑張りましょう️ 夕姫：blueさん、おはありだよ 可愛いもありがとな！お互いに天気と気温に気をつけて頑張っていこうな️ https://t.co/7YlaR07CxL,2040975276403048552,https://pbs.twimg.com/media/HFMAMfMbgAE6D46.jpg,blue12106027,ja,,0,0,0,https://x.com/undefined/status/2040975276403048552,1620553740045656064,
2040973204039381125,Mon Apr 06 02:10:00 +0000 2026,1,@angelrottz Everyone is blue except fugue and ena they in their own world,2040975276331696517,,angelrottz,en,,0,1,0,https://x.com/undefined/status/2040975276331696517,1963455735247040512,
2040969841306468454,Mon Apr 06 02:09:58 +0000 2026,0,@PawlowskiMario @nikitabier Go back to blue sky ,2040975271113769092,,PawlowskiMario,en,,0,1,0,https://x.com/undefined/status/2040975271113769092,946173399818268672,
2040975267020369979,Mon Apr 06 02:09:57 +0000 2026,2,最近水着が好評なので水着載せ続けます LOST-Gの青のバインダー水着です Since swimsuits have been well received recently I will continue posting swimsuits. This is the blue binder swimsuit from LOST-G https://t.co/ft6vwobBRG,2040975267020369979,https://pbs.twimg.com/media/HFMAMK0awAAI_uI.jpg,,ja,,0,0,0,https://x.com/undefined/status/2040975267020369979,1523487695888334848,
2040975266181263368,Mon Apr 06 02:09:57 +0000 2026,0,Fans always include celebrities kids in their gifts to them. A Beyonce fan made Blue Ivy a custom leather jacket when she was a baby. They handed it to her during her performance too. Beyonce posted Blue wearing it the next day. I know this world is crazy but relax.,2040975266181263368,,,en,,0,0,0,https://x.com/undefined/status/2040975266181263368,60950690,
2040965808851968159,Mon Apr 06 02:09:55 +0000 2026,1,@filmm_jpg Blue I think you re actually going to live action see me lose my MIND OVER THIS PODCAST ,2040975258467852753,,filmm_jpg,en,,0,1,0,https://x.com/undefined/status/2040975258467852753,1272296211211448320,
2040975255582474481,Mon Apr 06 02:09:55 +0000 2026,0,【フェア情報】 4/24(金)より‼️ on BLUE comics 秀良子先生「STAYGOLDシリーズ」完結フェア 開催決定ナノ 対象商品を1冊ご購入ごとに、シリアル応募用紙を1枚お渡し 期間中にご応募いただいたお客様の中から抽選で 【サイン入りフェア特製ポスター(全1種)】をプレゼント #秀良子 先生 https://t.co/mN6AQaPsAb,2040975255582474481,https://pbs.twimg.com/media/HFMAD74boAArLPH.jpg,,ja,,0,0,0,https://x.com/undefined/status/2040975255582474481,198375278,
2040974254636773776,Mon Apr 06 02:09:54 +0000 2026,0,@_Miidee_ Blue tick. ,2040975252176437527,,_Miidee_,en,,0,1,0,https://x.com/undefined/status/2040975252176437527,1499758469943070720,
2040972538306867213,Mon Apr 06 02:09:51 +0000 2026,1,@112ouncesof THAT'S NOT MY TEAM. THAT'S A BLUE TEAM I'M ON RED TEAM. HE COULD DIE FOR ALL I CARE... BUT HE IS KINDA CUTE.,2040975239262191805,,112ouncesof,en,,0,1,0,https://x.com/undefined/status/2040975239262191805,2030501935447736320,
2040639626470461855,Mon Apr 06 02:09:46 +0000 2026,1,@TyrantOfRoses Weird that Nero decided to Dye her hair brown and blue contact lens,2040975219884716409,,TyrantOfRoses,en,,0,0,0,https://x.com/undefined/status/2040975219884716409,1838061969401839616,
2040922991714881906,Mon Apr 06 02:09:46 +0000 2026,0,@srkntnyldz Gotta watch out for the 30-40ish blue collar work boots and beer belly crowd.,2040975218530017342,,srkntnyldz,en,,0,0,0,https://x.com/undefined/status/2040975218530017342,1789870552800522240,
2040909183525048638,Mon Apr 06 02:09:45 +0000 2026,0,@NateSilver538 Ok now do blue sky,2040975215753322824,,NateSilver538,en,,0,0,0,https://x.com/undefined/status/2040975215753322824,1518325135706451973,
2040973708127289452,Mon Apr 06 02:09:44 +0000 2026,1,@ToyoMiko574 https://t.co/shthGsjbde,2040975212074684575,https://pbs.twimg.com/tweet_video_thumb/HFMAIrkbUAA4RLs.jpg,ToyoMiko574,qme,,0,1,0,https://x.com/undefined/status/2040975212074684575,1485439068607553541,
2040975210166239459,Mon Apr 06 02:09:44 +0000 2026,0,Green Lantern hovered just above the waterline the last survivors carried safely to the pier behind him emerald light fading from the lifeboat constructs as he turned toward the masked woman in blue his posture relaxed but attentive &gt;,2040975210166239459,,,en,,0,1,0,https://x.com/undefined/status/2040975210166239459,2031164731122163712,
2040975200498700634,Mon Apr 06 02:09:41 +0000 2026,0,Massage in riyadh 24/24 https://t.co/k1uA7jjyLV riyadh ️ https://t.co/wXxKN5nAkD,2040975200498700634,https://pbs.twimg.com/media/HFMAGNHaUAAfGy1.jpg,,hi,,0,0,0,https://x.com/undefined/status/2040975200498700634,2005828470253944832,
2040701128375947518,Mon Apr 06 02:09:39 +0000 2026,0,@leezayy7 Red and blue stripes one looks cool and good enough but id say go for nikee as you can found some in the same budget but thats my personal choice you go for the one you feel like,2040975189320815078,,leezayy7,en,,0,0,0,https://x.com/undefined/status/2040975189320815078,1263017330419871744,
2040969569532043583,Mon Apr 06 02:09:36 +0000 2026,0,@stoolpresidente Natty Eve energy time to finish the job. Go Blue!,2040975179590038008,,stoolpresidente,en,,0,0,0,https://x.com/undefined/status/2040975179590038008,1829011453401083904,
2040953690857549891,Mon Apr 06 02:09:34 +0000 2026,0,@data_republican @EagleEyeFlyer Personally I can t afford it. I wish I a blue check.,2040975167782850986,,data_republican,en,,0,0,0,https://x.com/undefined/status/2040975167782850986,1846251498302590980,
2035911140438663502,Mon Apr 06 02:09:32 +0000 2026,0,@namsi the sky is very blue omg,2040975161013469606,,namsi,en,,0,0,0,https://x.com/undefined/status/2040975161013469606,2013528905341378561,
2040975061725913587,Mon Apr 06 02:09:08 +0000 2026,0,Her Blue Sky https://t.co/cKJeUkPpkL @YouTubeMusicより,2040975061725913587,,,ja,,0,0,0,https://x.com/undefined/status/2040975061725913587,2015916171208613888,
2040975058366074964,Mon Apr 06 02:09:08 +0000 2026,0,The White Sox went 4-2 over six games this week against the Marlins and Blue Jays. They ll head into next week with a 4-5 record.,2040975060526149984,,SoxSideJustin,en,,0,1,0,https://x.com/undefined/status/2040975060526149984,1859404218060181505,
2040975054796734868,Mon Apr 06 02:09:07 +0000 2026,5,red and blue bitch can go #fishtanklive,2040975054796734868,,,en,,0,0,0,https://x.com/undefined/status/2040975054796734868,1703569537155674112,
2040817947216687355,Mon Apr 06 02:09:06 +0000 2026,0,@lordvictor But it s even worse for purple than for other colors. Blue and yellow pigments physically overlap a lot in the spectrum of light they reflect so when you mix blue and yellow you get a lot of light in the overlap reflected leading to bright greens.,2040975050363523359,,Lalaithion5355,en,,0,1,0,https://x.com/undefined/status/2040975050363523359,215434011,
2040792642565652856,Mon Apr 06 02:09:05 +0000 2026,0,@saniyafatma1278 the blue,2040975049012998145,,saniyafatma1278,en,,0,0,0,https://x.com/undefined/status/2040975049012998145,1323970519826231297,
2040868018192838869,Mon Apr 06 02:09:05 +0000 2026,0,@NilesGApol Is this the trend of 2012 to 2024? Kind of surprised about some of the area south of Atlanta trending red and how blue it has trended toward Canton.,2040975046684897681,,NilesGApol,en,,0,0,0,https://x.com/undefined/status/2040975046684897681,1468982087772524549,
2040975046538391994,Mon Apr 06 02:09:05 +0000 2026,0,Massage in riyadh 24/24 jeddah khobar buraydah hofuf dammam ️ https://t.co/k1uA7jjyLV https://t.co/Bgd3m8Wljb,2040975046538391994,https://pbs.twimg.com/media/HFL_9fCbYAAw0On.jpg,,in,,0,0,0,https://x.com/undefined/status/2040975046538391994,2005828470253944832,
2040975044600631804,Mon Apr 06 02:09:04 +0000 2026,3,blue bulacan is here too hehe @minguhochi @soonsggyu @sngyuwonsc https://t.co/Y4ZHOn8uNo,2040975044600631804,https://pbs.twimg.com/media/HFL_-uzawAAKhCS.jpg,,en,,0,1,2,https://x.com/undefined/status/2040975044600631804,1688852101064228864,
2040255591382184136,Mon Apr 06 02:08:59 +0000 2026,0,@SkullOfAlaric @Henny1126 Niggas call anything top shelf pussy when they haven t had any before.they look like a bunch of basic ass white girls blonde hair blue eyes and they are easy a fuck trust me nobody wants anyone s sloppy 4ths,2040975021233906163,,SkullOfAlaric,en,,0,0,0,https://x.com/undefined/status/2040975021233906163,1213746371469037568,
2040975016188092600,Mon Apr 06 02:08:57 +0000 2026,0,Mars has iridecent clouds in blue afternoons I need it!! Perseverance and Curiosity sent to us a lot of beautiful images of dust of iron oxide signs of basic life blue sunsets this clouds and Ingenuity traveled being a cute helicopter,2040975016188092600,,,en,,0,0,0,https://x.com/undefined/status/2040975016188092600,1921268013292285952,
2040974998014197953,Mon Apr 06 02:08:53 +0000 2026,1,ai na moral não aguento esse papo deles de bromance sendo que todo mundo vê que eles são casados em tudo menos no papel ai sabe até a porra do rain tá do nosso lado é igual o autor de blue lock fazendo o negócio mais viado possível mas ainda chamando os heteros pra ver,2040974998014197953,,,pt,,0,0,0,https://x.com/undefined/status/2040974998014197953,973389304406953985,
2040605815640338551,Mon Apr 06 02:08:50 +0000 2026,0,@YIMBYLAND interstate 45 ends in galveston. many homeless and recently liberated inmates follow it south. The city is blue and the county is red: numerous soup kitchens keep the homeless replicating and the sheriffs ticket you if you go too fast. it s rated properly,2040974986815348919,,YIMBYLAND,en,,0,0,0,https://x.com/undefined/status/2040974986815348919,1812522027498209280,
2040974985305473433,Mon Apr 06 02:08:50 +0000 2026,0,Alsol where are the women in BLUE?,2040974985305473433,,,en,,0,0,0,https://x.com/undefined/status/2040974985305473433,2232082086,
2040666467553660978,Mon Apr 06 02:08:50 +0000 2026,0,@SaratogaGenki @LeftyJesus8787 @DrJillStein My point is that it s just as brain dead to think it ll help. Sorry if I m sounding nihilistic here but this country is gone. I absolutely love the concept of third party but it ll never prevail in this shithole. Ever. With that fact it s violent revolution or vote blue. Sorry,2040974984068116853,,SaratogaGenki,en,,0,0,0,https://x.com/undefined/status/2040974984068116853,1656309959489994752,
2038699295050715207,Mon Apr 06 02:08:50 +0000 2026,0,@rb17460 Get some Shropshire Blue.,2040974983909048364,,rb17460,en,,0,0,0,https://x.com/undefined/status/2040974983909048364,1916209531346198528,
2040974976870699183,Mon Apr 06 02:08:48 +0000 2026,1,サッカー日本代表 SAMURAI BLUE vs. アイスランド戦 チケット譲渡 【譲】5月31日 国立競技場 カテゴリー2 2枚 【求】額面＋手数料 購入希望の方はDMでご連絡ください #サッカー日本代表 #キリンチャレンジカップ #サッカー日本代表,2040974976870699183,,,ja,,0,0,0,https://x.com/undefined/status/2040974976870699183,1839366167611559937,
2040957203729809630,Mon Apr 06 02:08:47 +0000 2026,0,@livswildflower Blue,2040974972253085828,,livswildflower,en,,0,0,0,https://x.com/undefined/status/2040974972253085828,2018603494027227136,
2040974969316761839,Mon Apr 06 02:08:46 +0000 2026,0,lembro ate hoje quando encontrei o meu true blue inteirinho e ainda com o poster intacto por 30 reais.. top sensaçoes do mundo,2040974969316761839,,,pt,,0,0,0,https://x.com/undefined/status/2040974969316761839,217958566,
2040974962194800822,Mon Apr 06 02:08:45 +0000 2026,0,ninguém tá feliz fumando marlboro blue ice domingo de noite,2040974962194800822,,,pt,,0,1,0,https://x.com/undefined/status/2040974962194800822,964731866430492672,
2040972791500169594,Mon Apr 06 02:08:44 +0000 2026,0,@BlueWolfNFTs Nice roundup blue legit sharp take on the BTC rejection and that looming downtrend the Mithril drone news and Wynn liquidations make me oddly uneasy about near-term risk!,2040974961666293983,,BlueWolfNFTs,en,,0,0,0,https://x.com/undefined/status/2040974961666293983,1805588499925553153,
2040974940883529783,Mon Apr 06 02:08:40 +0000 2026,0,I'm a spark a bee the deep blue sea. All of this is very hard work. So please don't expect me to also be organized and dependable on top. Glory to the Father in all things. What a wonderful world.,2040974940883529783,,,en,,0,0,0,https://x.com/undefined/status/2040974940883529783,1453524739302076425,
2040971039245553751,Mon Apr 06 02:08:39 +0000 2026,1,@WanjiruNjoya @tatereeves Thanks for the boost! I doubt Gov. Tater-tot has the stones to stand on principle. He's better than a blue-state governor but that's not saying much.,2040974940334108991,,WanjiruNjoya,en,,0,1,0,https://x.com/undefined/status/2040974940334108991,1586174998275915776,
2040974930179916213,Mon Apr 06 02:08:37 +0000 2026,0,今日の有名人　エトセトラ | hirokoのLove＆Awakening https://t.co/ymygOfrJtK #Amebaブログ #アメブロ,2040974930179916213,,,ja,,0,0,0,https://x.com/undefined/status/2040974930179916213,1674745739736653825,
2040532192946802730,Mon Apr 06 02:08:37 +0000 2026,0,@fkzeljeznicar Tell guy on blue should place his hand on colour green,2040974928506192006,,fkzeljeznicar,en,,0,0,0,https://x.com/undefined/status/2040974928506192006,1340461945649033217,
2040129983402606690,Mon Apr 06 02:08:36 +0000 2026,0,@cracker_snatchz @longlivezip @therealmsboy lol this nigga color blind the shoes aren t purple at all dumb ass they are blue. The jeans match the hat. Grey is a neutral color &amp; the shoes are color blocking. This was also like 4 years ago lol just the first pic I had in on my Instagram folder,2040974925045936312,,cracker_snatchz,en,,0,0,0,https://x.com/undefined/status/2040974925045936312,2196824070,
2040974919765282902,Mon Apr 06 02:08:35 +0000 2026,0,never saw anyone do this but anyways uh stuff in my kit! #shedtwt #shtwt paper towel soaked with blood more paper towels q-tips random sharp pieces of plastic lighter scissors pocket knife kitchen knife eyebrow razor piece of monster can (specifically ultra blue hawaiian),2040974919765282902,,,en,,0,0,0,https://x.com/undefined/status/2040974919765282902,1774795563407425536,
2040974914073571385,Mon Apr 06 02:08:34 +0000 2026,0,Not talking abt musk loving normie botslop accounts like accounts that look normal and like real fans but they got a blue check,2040974916191748182,,doomedstr8yaoi,en,,0,0,0,https://x.com/undefined/status/2040974916191748182,1532139619487301632,
2040974914073571385,Mon Apr 06 02:08:33 +0000 2026,0,Why tf am I seeing Will Byers tweets from accounts with blue checks,2040974914073571385,,,en,,0,1,0,https://x.com/undefined/status/2040974914073571385,1532139619487301632,
2040960632103559639,Mon Apr 06 02:08:32 +0000 2026,0,@JoanneMason11 Brown hair and blue eyes,2040974909917007956,,JoanneMason11,en,,0,0,0,https://x.com/undefined/status/2040974909917007956,1648486056575086592,
2040811957628871114,Mon Apr 06 02:08:30 +0000 2026,0,@james_xond I've seen this same post about 14 times on my feed from blue tick accounts. Is this what @elonmusk wants as genuine engagement ? It's just regurgitated unoriginal content to me yet there's small accounts who can't afford premium genuinely trying to make it on X ,2040974900341489822,,james_xond,en,,0,0,0,https://x.com/undefined/status/2040974900341489822,1892003509253398528,
2040870011078623395,Mon Apr 06 02:08:30 +0000 2026,0,@FireDad182 Huh? Why does a reply having a blue check mark make them worthless?,2040974899087355955,,FireDad182,en,,0,0,0,https://x.com/undefined/status/2040974899087355955,15058954,
2040974887964332255,Mon Apr 06 02:08:27 +0000 2026,0,Massage in riyadh 24/24 jeddah khobar buraydah hofuf dammam ️️ https://t.co/k1uA7jjyLV https://t.co/VSGJDMOYGJ,2040974887964332255,https://pbs.twimg.com/media/HFL_0igbYAI4O6Q.jpg,,in,,0,0,0,https://x.com/undefined/status/2040974887964332255,2005828470253944832,
2040974241131307212,Mon Apr 06 02:08:26 +0000 2026,1,https://t.co/8vv5upzxFB Click the pretty blue link for me okay? ,2040974884940255619,,MissMeep2DFD,en,,0,0,1,https://x.com/undefined/status/2040974884940255619,2010920172958429184,
2040974873879613842,Mon Apr 06 02:08:24 +0000 2026,0,Deadass tweet every once in a blue moon i feel like Ferb,2040974873879613842,,,en,,0,0,0,https://x.com/undefined/status/2040974873879613842,1338990602961215488,
2040974866606928209,Mon Apr 06 02:08:22 +0000 2026,0,今更この曲がバズり始めてるの理解できない blue albumの曲とかなら分かるけど なんでこんな絶妙な時期の曲がバズるん https://t.co/BMBvI6JBLV,2040974866606928209,,,ja,,0,0,0,https://x.com/undefined/status/2040974866606928209,1801881302540705792,
2040250266469986720,Mon Apr 06 02:08:19 +0000 2026,0,@_KellOfKells @Miimiizinha__ @joanjojett Pow literalmente melhor ano pra jogar Yu-Gi-Oh Konami finalmente lançando produtos bons como estruturais bons (blue eyes e branded) legendary modern decks (com 2 arquétipos extremamente competitivos ) rarity collection 5 chegando pra baratear e muito as cartas caras,2040974854996840473,,_KellOfKells,pt,,0,0,0,https://x.com/undefined/status/2040974854996840473,1086371536423006211,
2040974843655712994,Mon Apr 06 02:08:16 +0000 2026,0,Ugly blue (marry me),2040974843655712994,,,en,,0,0,0,https://x.com/undefined/status/2040974843655712994,893750942536880128,
2040844423374705045,Mon Apr 06 02:08:12 +0000 2026,0,@LocalRugPisser @shitposts_mp4 Me when im poor and blue pilled #bozo,2040974824097669606,,LocalRugPisser,en,,0,1,0,https://x.com/undefined/status/2040974824097669606,1246988475364020224,
2040974812617556068,Mon Apr 06 02:08:09 +0000 2026,0,Canon: she listens to chapell roan and loves blue eyeshadow https://t.co/Oa6YCgr9wl,2040974812617556068,https://pbs.twimg.com/media/HFL_xpzWoAEQ-yD.jpg,,en,,0,0,0,https://x.com/undefined/status/2040974812617556068,2038310852248444928,
2040974808431894554,Mon Apr 06 02:08:08 +0000 2026,0,【フェア情報】 『on BLUE comics 秀良子先生「STAYGOLDシリーズ」完結フェア』 4/24（金）より開催決定うどん‼️ 期間中、対象商品を購入で《シリアル応募用紙》をお渡し抽選で《サイン入りフェア特製ポスター(全1種)》をプレゼント #秀良子 先生 詳細はコチラ https://t.co/22fdgsngaZ,2040974808431894554,https://pbs.twimg.com/media/HFL_wxnacAAC77m.jpg,,ja,,0,0,0,https://x.com/undefined/status/2040974808431894554,374456981,
2040870011078623395,Mon Apr 06 02:08:06 +0000 2026,1,@pdoherty972 @FireDad182 The X Premium blue check (and its algorithmic perks) does boost visibility: multiple 2025-2026 analyses of millions of posts show verified accounts get 4x-10x more impressions/reach on average plus reply prioritization in threads over free users. That said it's relative the For,2040974799795568760,,pdoherty972,en,,0,0,0,https://x.com/undefined/status/2040974799795568760,1720665183188922368,
2040947083402764751,Mon Apr 06 02:08:05 +0000 2026,0,@sbell021 SWEET GO BLUE 85-70,2040974797773889966,,sbell021,en,,0,0,0,https://x.com/undefined/status/2040974797773889966,1227974375711944704,
2040935033494515785,Mon Apr 06 02:08:04 +0000 2026,0,@workhostage @ThomasEWoods @PJMedia_com And people wonder why Jr High Kids are as messed up as they are We are stuck between blue hairs screaming men are women and Evangelicals speaking in tongues and their Supreme Leader swearing on Easter Sunday in a planned out public statement The US is a show!,2040974792862441607,,workhostage,en,,0,0,0,https://x.com/undefined/status/2040974792862441607,1222941560209395713,
2040909183525048638,Mon Apr 06 02:08:00 +0000 2026,0,@NateSilver538 Blue sky has some problems yeah right now they would be calling you a Nazi because you used the wrong shade of red,2040974774793634025,,NateSilver538,en,,0,0,0,https://x.com/undefined/status/2040974774793634025,931718049618583553,
2040874526548910387,Mon Apr 06 02:07:59 +0000 2026,0,@AnnCoulter Exactly my concern while the blue barrage was occurring Cry wolf,2040974771580805370,,AnnCoulter,en,,0,0,0,https://x.com/undefined/status/2040974771580805370,1302910196348461059,
2040529263770615835,Mon Apr 06 02:07:58 +0000 2026,1,@JohnfromWNY @Polymarket It's already taking jobs and robotic production very much is ramping up which will take blue collar jobs. AI isn't just about raw resources the hardware itself is drastically improving while efficiency is being worked on software wise too. It's not slowing down.,2040974768053121168,,JohnfromWNY,en,,0,1,0,https://x.com/undefined/status/2040974768053121168,262616234,
2040974759987646719,Mon Apr 06 02:07:56 +0000 2026,0, i will come back again soon and suddenly the sky is blue the birds are chirping the flowers are blooming it is a nice day to live,2040974759987646719,,,en,,0,1,0,https://x.com/undefined/status/2040974759987646719,1270762418314997761,
2040974757039054984,Mon Apr 06 02:07:56 +0000 2026,1,Lots of blue haired freaks crying in Ottawa tonight,2040974757039054984,,,en,,0,0,0,https://x.com/undefined/status/2040974757039054984,1543767351845195777,
2040136521391743308,Mon Apr 06 02:07:56 +0000 2026,0,@TessaF43314 @SoapMakesSuds @iamufohunter So you suggest we don t bother going after pedos because they don t want us to. Your solution is fuck it let s just support their agenda and keep pretending the red team blue team game is real. Thinking is so hard,2040974756262916171,,TessaF43314,en,,0,0,0,https://x.com/undefined/status/2040974756262916171,1152648236,
2040974744082657651,Mon Apr 06 02:07:53 +0000 2026,0,I had my doubts but this was good. Shakespeare and blue grass.,2040974744082657651,,,en,,0,0,0,https://x.com/undefined/status/2040974744082657651,1656043468962054153,
2040974736562512261,Mon Apr 06 02:07:51 +0000 2026,0,Our cities in blue states are out of control thanks to the insane dems who run them into the ground!,2040974736562512261,,,en,,0,0,0,https://x.com/undefined/status/2040974736562512261,1208291352594669568,
2040663193958113547,Mon Apr 06 02:07:50 +0000 2026,0,@leiwwit @vou38mematar1 Dos gays desenhistas é Blue Lock,2040974733609488841,,leiwwit,pt,,0,0,0,https://x.com/undefined/status/2040974733609488841,1756649456353615872,
2040967223070560358,Mon Apr 06 02:07:50 +0000 2026,1,@billiesleftknee oh god. yeah. splat is evil. i used it once for blue and never again,2040974732187591087,,billiesleftknee,en,,0,1,0,https://x.com/undefined/status/2040974732187591087,1735393725503721472,
2040974731973627992,Mon Apr 06 02:07:50 +0000 2026,1,This is awesome and opportunity for those that needs blue tick. Thanks to my boss @oku_yungx,2040974731973627992,,,en,,0,2,1,https://x.com/undefined/status/2040974731973627992,2335532243,
2029935042583994824,Mon Apr 06 02:07:49 +0000 2026,0,@Nee966951735Nee @SFC_Network And they ve been rosy red for years. Except for the one dem senator who was more red than blue. WV needs help but not from republicans,2040974729801072834,,Nee966951735Nee,en,,0,0,0,https://x.com/undefined/status/2040974729801072834,1992690947122229248,
2040840491172762099,Mon Apr 06 02:07:49 +0000 2026,0,@Parker_Luck394 The segmented black and blue cowl is rlly cool,2040974728635265463,,Parker_Luck394,en,,0,0,0,https://x.com/undefined/status/2040974728635265463,1499228313264726016,
2040953690857549891,Mon Apr 06 02:07:49 +0000 2026,0,@data_republican I was suspended by Dempsey for supporting Trump and was reinstated by Elon when he bought Twitter now X. That is why I pay for the blue check to support him for Free Speech.,2040974727364116798,,data_republican,en,,0,0,0,https://x.com/undefined/status/2040974727364116798,1269955592,
2040974726617608412,Mon Apr 06 02:07:48 +0000 2026,19,the toronto blue jays need to realize the entire summer vibe of the city depends on them being great this season. we don t have much else right now. couple world cup games in liberty village. excitement about the tempo.,2040974726617608412,,,en,,1,2,2,https://x.com/undefined/status/2040974726617608412,380777667,
2040974726160695747,Mon Apr 06 02:07:48 +0000 2026,0,Massage in riyadh 24/24 jeddah khobar buraydah hofuf dammam https://t.co/k1uA7jjyLV https://t.co/tczVPDIxaP,2040974726160695747,https://pbs.twimg.com/media/HFL_q3bakAAv9Js.jpg,,in,,0,0,0,https://x.com/undefined/status/2040974726160695747,2005828470253944832,
2040957203729809630,Mon Apr 06 02:07:48 +0000 2026,0,@livswildflower @dwsparklemuffin OO then the blue you would be able to see the gold better if you plan on wearing If not then yellow!,2040974723820015834,,livswildflower,en,,0,0,0,https://x.com/undefined/status/2040974723820015834,1590340045570981889,
2040942356325683641,Mon Apr 06 02:07:45 +0000 2026,0,@GuntherEagleman Keep in mind that not all of NY is blue just the cities. The rest is red. Our battle would not be with the south,2040974713258725425,,GuntherEagleman,en,,0,0,0,https://x.com/undefined/status/2040974713258725425,841464821635776512,
2039117012882907448,Mon Apr 06 02:07:44 +0000 2026,0,@MushroomMa46507 @subeeuz the said subhuman branigger is also monetizing off of this since she has twitter blue whats your point,2040974706178691451,,MushroomMa46507,en,,0,0,0,https://x.com/undefined/status/2040974706178691451,2030392712458121216,
2040595297311809787,Mon Apr 06 02:07:44 +0000 2026,0,@Trumpspoof__ You know I m not either Red or Blue but after reading some of these comments about wishing someone was dead shows how the Devil has his horns in you people! Pretty sad actually,2040974706136780852,,Trumpspoof__,en,,0,0,0,https://x.com/undefined/status/2040974706136780852,1919538590641422336,
2040831314899718597,Mon Apr 06 02:07:42 +0000 2026,0,@simifimibrulee @grok transform jesus in this image to white with dirty blonde hair and blue eyes also transform his attire to a lighter tan color,2040974701527445912,,simifimibrulee,en,,0,1,0,https://x.com/undefined/status/2040974701527445912,219203412,
2040970014241460727,Mon Apr 06 02:07:39 +0000 2026,0,@pokemon_daily red and blue they were actually my brothers but i could play one untill i got yellow version,2040974685819834752,,pokemon_daily,en,,0,0,0,https://x.com/undefined/status/2040974685819834752,2019660107991379972,
2038749676590043495,Mon Apr 06 02:07:38 +0000 2026,1,@FlusteredMare You know. . Those kind of thoughts. . She got closer to her her blue eyes fixed on Cheval s face Even more now that my roommate isn t coming tonight and we are all alone ,2040974682816397771,,FlusteredMare,en,,0,1,0,https://x.com/undefined/status/2040974682816397771,1881605399327264768,
2040887951714861172,Mon Apr 06 02:07:35 +0000 2026,0,@steve_hanke Where did it go in conservative... Canada is a hole for the monopolies it doesn't matter it's blue or red it is all the same behind closed doors,2040974671248531937,,steve_hanke,en,,0,0,0,https://x.com/undefined/status/2040974671248531937,1514762758067261447,
2040870011078623395,Mon Apr 06 02:07:35 +0000 2026,0,@FireDad182 @grok why is there so little return in terms of visibility to paying for a blue check mark? I do it mostly to override the character limitation in replies but I can see it would be frustrating to pay for it to wider visibility on posts and replies yet not receive it (or,2040974670443184451,,FireDad182,en,,0,1,0,https://x.com/undefined/status/2040974670443184451,15058954,
2040974667494617500,Mon Apr 06 02:07:34 +0000 2026,0,4/6 MLB Dodgers/Blue Jays O8.5 -115 Mariners/Rangers U7.5 -110,2040974667494617500,,,en,,0,0,0,https://x.com/undefined/status/2040974667494617500,1442727470,
2040817947216687355,Mon Apr 06 02:07:33 +0000 2026,0,@lordvictor If you try and mix red and blue the results will typically be a very dark muddy purple. Try this with watercolor paints; a deep vibrant red and a deep vibrant blue will not mix to a deep vibrant purple but a dark purplish brown.,2040974662134550987,,Lalaithion5355,en,,0,1,0,https://x.com/undefined/status/2040974662134550987,215434011,
2040974651820822702,Mon Apr 06 02:07:31 +0000 2026,1,//Nickname: click my @ in bio rq Pronouns: He/Him Height: 5'5 Sexuality: Bi Smokes Piercing Tattoo: No. Favourite colour: Baby blue Fav drink: I like anything tbh Fav food: Mostly anything Fav animal: Dogs and dem ceratopsians.,2040974651820822702,,,en,,0,1,0,https://x.com/undefined/status/2040974651820822702,2003680396324798464,
2040952471346901222,Mon Apr 06 02:07:30 +0000 2026,0,@whiningharpy blue for an amazing reason,2040974651271102871,,whiningharpy,en,,0,0,0,https://x.com/undefined/status/2040974651271102871,1544474240400982022,
2040974650876842203,Mon Apr 06 02:07:30 +0000 2026,0,WHY IS JOSH BLUE,2040974650876842203,,,en,,0,0,0,https://x.com/undefined/status/2040974650876842203,63294573,
2040778090918412492,Mon Apr 06 02:07:30 +0000 2026,0,@MancityAfrica1 @TrumpDailyPosts Hey man blue..I bet you voted for mandated luciferase shots and took em didn t ya! And voted for 500 000 missing immigration children with an UNMANED emergency hotline ! You did didn t YOU! And then pretended to care about slavery Riiiight! Yes YOU did do that!,2040974648624722184,,MancityAfrica1,en,,0,0,0,https://x.com/undefined/status/2040974648624722184,1856350544232652800,
2040974641183768898,Mon Apr 06 02:07:28 +0000 2026,0,Could one of your really smart employees create an AI that's solely dedicated to tracking the activities of the bots sock puppets and their booster/amplification accounts? Maybe hire a pair of red team and blue team hackers and offer them a nice bounty for finding them.,2040974641183768898,,,en,,0,0,0,https://x.com/undefined/status/2040974641183768898,1463303679805562883,
2040974638768095301,Mon Apr 06 02:07:28 +0000 2026,0, Blue ) ... green^^*) ... https://t.co/eZXXYGK6dS,2040974638768095301,https://pbs.twimg.com/media/HFL_nkWbUAAyynV.jpg,,en,,0,0,0,https://x.com/undefined/status/2040974638768095301,1614952100424986624,
2040974636473806873,Mon Apr 06 02:07:27 +0000 2026,0,Check out what I'm selling: Draper James Lemons Trinket Dish Tray Porcelain Blue Background 4 x4 New: Get up to $20 off* when you use my code YWUPKJ to sign up for Mercari. *Terms apply #mercari https://t.co/UVBpim62rx,2040974636473806873,,,en,,0,0,0,https://x.com/undefined/status/2040974636473806873,1372299617824505858,
2040974636108702199,Mon Apr 06 02:07:27 +0000 2026,0,Sidewalks we crossed I still hear your voice in the traffic we're laughing Over all the noise God I'm so blue know we're through But I still fuckin' love you babe,2040974636108702199,,,en,,0,0,0,https://x.com/undefined/status/2040974636108702199,1866239339447062528,
2040974630907990461,Mon Apr 06 02:07:26 +0000 2026,0,「キャラコスメチケット　刀剣乱舞ONLINE Vol.1」 三日月宗近 カラー名：Celestial Blue https://t.co/2iBgMq37it,2040974633843962240,https://pbs.twimg.com/media/HFL-ziDb0AAajOR.jpg,creerbeaute,ja,,0,1,0,https://x.com/undefined/status/2040974633843962240,1042312250495664128,
2040974627858501924,Mon Apr 06 02:07:25 +0000 2026,0,7/16 .. Guardians ML️ Orioles ML️ Dodgers ML Yankees ML️ Red Sox ML️ Brewers ML Twins ML️ Blue Jays ML️ Reds ML Phillies ML️ Astros ML️ Mets ML Angels ML Dbacks ML Guardians ML Tigers ML️,2040974627858501924,,,en,,0,0,0,https://x.com/undefined/status/2040974627858501924,2017209579210158080,
2040974624226226303,Mon Apr 06 02:07:24 +0000 2026,0,Check out 14/149 Keegan Murray Blue Seismic 2024 Panini Prizm Draft Picks https://t.co/I6Dt3EvDFO #eBay via @eBay,2040974624226226303,,,en,,0,0,0,https://x.com/undefined/status/2040974624226226303,2038111834486558720,
2040974617553121522,Mon Apr 06 02:07:22 +0000 2026,0, Playstation gano la guerra de consolas ante xbox y nintendo https://t.co/s1jhwKFrKi,2040974617553121522,https://pbs.twimg.com/media/HFL_mWlW0AAcJNo.jpg,,es,,0,0,0,https://x.com/undefined/status/2040974617553121522,1830755829664096256,
2040974611932991886,Mon Apr 06 02:07:21 +0000 2026,1,GIANT Hyunjin in a blue suit is actually everything to me,2040974611932991886,,,en,,0,1,0,https://x.com/undefined/status/2040974611932991886,1674783781537071106,
2040974598167224572,Mon Apr 06 02:07:19 +0000 2026,0, 3/3 Online income is the blue ocean for wealth creation right now and most people are still fishing in the old pond. That's what I'm breaking down over the next 90 days. Starting tomorrow.,2040974604395835433,,johnraynft,en,,0,0,0,https://x.com/undefined/status/2040974604395835433,1490145505640271875,
2040870011078623395,Mon Apr 06 02:07:18 +0000 2026,1,@FireDad182 @Rogue_Outlaw17 I see it because a blue check mark reposted it.,2040974600662643156,,FireDad182,en,,0,0,0,https://x.com/undefined/status/2040974600662643156,1243242782757707776,
2040926532177101305,Mon Apr 06 02:07:18 +0000 2026,0,@GarbageSmurf @micah_erfan @GavinNewsom There is fraud in all states. Shirley temple just likes to focus on the blue States. All fraud should be handled appropriately. This country is insolvent. Everyone needs to be held accountable including trump https://t.co/V2ND2yv6lV,2040974599668596920,https://pbs.twimg.com/media/HFL_CJdagAAg1FG.jpg,GarbageSmurf,en,,0,0,0,https://x.com/undefined/status/2040974599668596920,1428374434835058698,
2040815170625458649,Mon Apr 06 02:07:18 +0000 2026,0,@RobertaFresque2 Blue Cheese!,2040974599110742203,,RobertaFresque2,en,,0,0,0,https://x.com/undefined/status/2040974599110742203,1093720049100210176,
2040638113685594519,Mon Apr 06 02:07:18 +0000 2026,0,14. First blood in the line - A Red spearman steps in too far. A Blue veteran hooks his shield drives a spear under the arm drops him clean. No cheer. Just space filled immediately.,2040974597542338593,,JohnJonBrown,en,,0,1,0,https://x.com/undefined/status/2040974597542338593,1997144175771582464,
2040897269193433332,Mon Apr 06 02:07:18 +0000 2026,0,@bluelivesmtr We lost a great man Blue Lives Matter Greatly,2040974597533716948,,bluelivesmtr,en,,0,0,0,https://x.com/undefined/status/2040974597533716948,62176894,
2040958213663707599,Mon Apr 06 02:07:15 +0000 2026,0,@Savageboston All libs. Would be all blue,2040974585282089451,,Savageboston,en,,0,0,0,https://x.com/undefined/status/2040974585282089451,1252881747361951746,
2040974572657504400,Mon Apr 06 02:07:12 +0000 2026,0,Love seeing how all my 3 ult groups icons in blue hue https://t.co/i4oZMEdC4F,2040974572657504400,https://pbs.twimg.com/media/HFL_jhHaYAAysge.jpg,,en,,0,0,0,https://x.com/undefined/status/2040974572657504400,1656094811806654464,
2040974570786816165,Mon Apr 06 02:07:11 +0000 2026,0,Massage in riyadh 24/24 https://t.co/k1uA7jjyLV riyadh ‍️ https://t.co/guzxEewBZG,2040974570786816165,https://pbs.twimg.com/media/HFL_iEKbsAAlQ-c.jpg,,hi,,0,0,0,https://x.com/undefined/status/2040974570786816165,2005828470253944832,
2040926326878810515,Mon Apr 06 02:07:10 +0000 2026,0,@blue_game7 Blueさんおはよです️,2040974563748749548,,blue_game7,ja,,0,0,0,https://x.com/undefined/status/2040974563748749548,1043766238839631872,
2040974563324862795,Mon Apr 06 02:07:10 +0000 2026,0,Gran؟ ⎐كُود⎐⎐نون⎐ ⊵DiGi12⊴ ▬المطار▬ ⊵R43⊴ ⎐عطور▬جراس▬غراس▬قراس⎐ ⎐RR3⊴ ⎐كؤِبُون⎐Soft Blue ^^^ ⎐خـِصم⎐mkai4Wa4caZ https://t.co/OFujwyLZr7,2040974563324862795,https://pbs.twimg.com/media/HFL_i-CXIAAz4FE.jpg,,und,,0,0,0,https://x.com/undefined/status/2040974563324862795,1908477616031752196,
2040966019766968497,Mon Apr 06 02:07:07 +0000 2026,0,@zombAewAlk @fawnburke its looking really suspicious for tiffany days team like all these random blue checkmarks spreading unverified screenshots,2040974553761935434,,zombAewAlk,en,,0,0,0,https://x.com/undefined/status/2040974553761935434,1072033598,
2040974511038943616,Mon Apr 06 02:06:57 +0000 2026,0,I just found this guy. https://t.co/vkoX1ljqSG,2040974511038943616,,,en,,0,0,0,https://x.com/undefined/status/2040974511038943616,1525648351693221888,
2040963340332384323,Mon Apr 06 02:06:57 +0000 2026,0,@kengakusha1 I enjoy having a blue waffle and a meatspin at my lemon party with my friend goatse.,2040974510573178942,,kengakusha1,en,,0,0,0,https://x.com/undefined/status/2040974510573178942,2017450483531534336,
2040974497893826577,Mon Apr 06 02:06:54 +0000 2026,0,swan song and blue flame ,2040974497893826577,,,en,,0,0,0,https://x.com/undefined/status/2040974497893826577,1991876694597132288,
2040863962678366592,Mon Apr 06 02:06:52 +0000 2026,0,@Jayhawk4Life_ Wings blue cheese carrot and celery sticks. Ranch is disgusting and can go in the garbage.,2040974490197242255,,Jayhawk4Life_,en,,0,0,0,https://x.com/undefined/status/2040974490197242255,2738121499,
2040689387961192668,Mon Apr 06 02:06:50 +0000 2026,1,@funnyjimin1 Their faces are so.... JK: OH FUCK NO! JM: Just keep smiling and I'll blow a fuse after... https://t.co/47RFc8xk60,2040974482848759905,https://pbs.twimg.com/media/HFL_ee9boAExJX0.jpg,funnyjimin1,en,,0,0,0,https://x.com/undefined/status/2040974482848759905,1405209117539569665,
2040974480902897806,Mon Apr 06 02:06:50 +0000 2026,0,to think about it this is the first time dongsung experience a chart reversal cus blue moon was when he was in the military,2040974480902897806,,,en,,0,0,0,https://x.com/undefined/status/2040974480902897806,791928412159881216,
2040866556943773776,Mon Apr 06 02:06:44 +0000 2026,0,@TheTrinketMage Rhystic Study isn't worth the GC slot in bracket 3. Bracket 3 card draw engines are more than good enough to get you by especially if you're playing blue. Free counterspells non-blue draw tutors etc. are much more important than maybe drawing cards in blue.,2040974455304753547,,TheTrinketMage,en,,0,0,0,https://x.com/undefined/status/2040974455304753547,1137575852760326146,
2040974446328991982,Mon Apr 06 02:06:42 +0000 2026,4,Magic players are funny because they'll show you 12 different dragons and try to convince you they're as recognizable to the average Joe as Blue-Eyes or Charizard. The point is outside of their game they aren't well known. Ofc every fandom can recognize 100 of their own dragons. https://t.co/Luo8TwSTno,2040974446328991982,https://pbs.twimg.com/tweet_video_thumb/HFL_cF_bgAAf-4o.jpg,,en,,0,0,0,https://x.com/undefined/status/2040974446328991982,1822740009243557888,
2040974441375555856,Mon Apr 06 02:06:40 +0000 2026,0,This is why you don t put blue lights on black girls.,2040974441375555856,,,en,,0,0,0,https://x.com/undefined/status/2040974441375555856,1110002127449972738,
2040888453135822857,Mon Apr 06 02:06:40 +0000 2026,0,@AdityaRajKaul Stomp is feet and hold his breath until he turns blue.,2040974439928480057,,AdityaRajKaul,en,,0,0,0,https://x.com/undefined/status/2040974439928480057,1225966547887427586,
2040942356325683641,Mon Apr 06 02:06:38 +0000 2026,0,@GuntherEagleman Idk how people would even align with the states they live in. This isn t 1863 we are all connected it would be split up into many factions essentially Red V Blue.,2040974431267573819,,GuntherEagleman,en,,0,0,0,https://x.com/undefined/status/2040974431267573819,1642982975020339200,
2040974424141140434,Mon Apr 06 02:06:36 +0000 2026,1,Gunther Eagleman is a fucking joke. Matt Walsh and Poso too. The blue circles there as well. You think the big accounts propping those douches are legit. Casino house sets the rules and picks who wins.,2040974424141140434,,,en,,0,1,1,https://x.com/undefined/status/2040974424141140434,1133881834322968576,
2040974423919133025,Mon Apr 06 02:06:36 +0000 2026,0,Massage in riyadh 24/24 https://t.co/k1uA7jjyLV riyadh https://t.co/3lGtWAIw7K,2040974423919133025,https://pbs.twimg.com/media/HFL_ZyHbMAAbfrj.jpg,,hi,,0,0,0,https://x.com/undefined/status/2040974423919133025,2005828470253944832,
2040974411059118533,Mon Apr 06 02:06:34 +0000 2026,0,⇨ and spouting blue embers to go with her remark. She found much enjoyment in wearing this too it wasn't purely for others.,2040974413068124167,,ignitingtruths,en,,0,0,0,https://x.com/undefined/status/2040974413068124167,1899263556647854080,
2040206098112647540,Mon Apr 06 02:06:33 +0000 2026,0,@OneReplied @gummibear737 Europe is an American vassal but of Blue America. And when Red America tries to liberate them they cry,2040974409322615205,,OneReplied,en,,0,0,0,https://x.com/undefined/status/2040974409322615205,1893152430881198080,
2040974397561823738,Mon Apr 06 02:06:30 +0000 2026,2,Can t wait to not have a blue check mark by my name next week this is not me this not who I am,2040974397561823738,,,en,,0,0,0,https://x.com/undefined/status/2040974397561823738,2002892755018915841,
2040974392822288469,Mon Apr 06 02:06:29 +0000 2026,2,EVIL SHALL PERISH 1125 LOVE IS ETERNAL THE CELESTIAL HEAVENS MY SOUL BELONG TO GOD 175 IN GOD WE TRUST A STORM IS COMING ITS ALMOST TIME THE SECRET REVEALED VISION FROM GOD LOVE YOURSELF IM CRAZY ABOUT U BLUE FLAME OF CHRIST LOVE IS THE CORE MY LIFE FULL OF BLESSINGS,2040974392822288469,,,en,,0,0,1,https://x.com/undefined/status/2040974392822288469,1166422148719796224,
2040940487968772315,Mon Apr 06 02:06:26 +0000 2026,0,@rockywrestling @luchalibreaaa No veo a Blue Demond,2040974382713979121,,rockywrestling,es,,0,0,0,https://x.com/undefined/status/2040974382713979121,2912012247,
2040974382005105136,Mon Apr 06 02:06:26 +0000 2026,0,if you see this do it nickname: JT prns: he/him height: 5 9 sexuality: gay smokes: nope piercings: ear lobes tattoos: no but I wanna get some! fave color: Blue fave drink: orange crush (the alcoholic drink) fave food: Steak or a burger fave animal: otter,2040974382005105136,,,en,,0,0,0,https://x.com/undefined/status/2040974382005105136,1991188713662214146,
2040825146307694771,Mon Apr 06 02:06:25 +0000 2026,0,@chriswithans Unions as a whole in 2026 has brought degradation to a lot of works. The teacher union especially in blue states changing activism for education and that is why we see a reduction in math and literacy rates. Unions as a whole are good but they should not a lot of power,2040974377441956016,,chriswithans,en,,0,0,0,https://x.com/undefined/status/2040974377441956016,1449934860269719555,
2040817947216687355,Mon Apr 06 02:06:24 +0000 2026,0,@lordvictor A universal physical trait of dyes is that they re (mostly) subtractive so it s best to start with the brightest and lightest colors before you mix to prevent things from getting too dark. e.g. Cyan in printers are lighter than Blue so it works better.,2040974370949185786,,lordvictor,en,,0,1,0,https://x.com/undefined/status/2040974370949185786,215434011,
2040974364607164614,Mon Apr 06 02:06:22 +0000 2026,0,Gay blue knots in the right order,2040974364607164614,,,en,,0,0,0,https://x.com/undefined/status/2040974364607164614,1925015781961826306,
2040974359565898086,Mon Apr 06 02:06:21 +0000 2026,0,RED in BLUEはMCも楽しィ！ ただ撮影はアタマが切れがちヘタクソで https://t.co/8SVkFYqEjK,2040974359565898086,https://pbs.twimg.com/amplify_video_thumb/2040973948482113536/img/R8XvfWGT-gvZm7ed.jpg,,ja,,0,0,0,https://x.com/undefined/status/2040974359565898086,1538028753795706880,
2040538827446477021,Mon Apr 06 02:06:20 +0000 2026,0,@portagebaygirl1 The Wide Blue Line,2040974355782336980,,portagebaygirl1,en,,0,0,0,https://x.com/undefined/status/2040974355782336980,288515399,
2040942356325683641,Mon Apr 06 02:06:17 +0000 2026,0,@GuntherEagleman Honey. They'd build a wall around those blue states and dare them to come over. Then they would put the gray states on notice.,2040974344696799689,,GuntherEagleman,en,,0,0,0,https://x.com/undefined/status/2040974344696799689,1599923274674323456,
2040974023559938535,Mon Apr 06 02:06:15 +0000 2026,2,@reddit_lies The tomb is empty because you're 42 with blue hair and your biological clock expired,2040974334114566518,,reddit_lies,en,,0,0,0,https://x.com/undefined/status/2040974334114566518,1362277600740057095,
2040953690857549891,Mon Apr 06 02:06:14 +0000 2026,0,@data_republican I had a blue checkmark for a year. The experience sucked. Hardly any impressions even though I was posting a lot. Seemed like half the people replying to me were haters. And most of my followers are bots. For me it was a waste of money.,2040974331074039858,,data_republican,en,,0,0,0,https://x.com/undefined/status/2040974331074039858,1677109859924451328,
2040942356325683641,Mon Apr 06 02:06:13 +0000 2026,0,@GuntherEagleman Blue Red and Grey would unite and the corrupt large cities would be isolated until surrendering.,2040974325914771778,,GuntherEagleman,en,,0,0,0,https://x.com/undefined/status/2040974325914771778,815283211714564101,
2040974288237306340,Mon Apr 06 02:06:04 +0000 2026,0,Ranking؟ ⎐كُود⎐⎐نون⎐ ⊵DiGi12⊴ ⎐باث▬اند▬بودي⎐ ⎐VZCF⊴ ⊴6ستريت⎐6 ستريت⎐ ⎐EB1⊴ ⎐كؤِبُون⎐Vintage Blue ^^^ ⎐خـِصم⎐XQIOVAinhHZ https://t.co/E8sJS6R1fU,2040974288237306340,https://pbs.twimg.com/media/HFL_S4aXsAEtNNS.jpg,,und,,0,0,0,https://x.com/undefined/status/2040974288237306340,1844880958899601410,
2040974285540618664,Mon Apr 06 02:06:03 +0000 2026,0,Massage in riyadh 24/24 jeddah khobar buraydah hofuf dammam ️ https://t.co/k1uA7jjyLV https://t.co/TgqJ3omf8P,2040974285540618664,https://pbs.twimg.com/media/HFL_Q_haUAAO039.jpg,,in,,0,0,0,https://x.com/undefined/status/2040974285540618664,2005828470253944832,
2040942685901504982,Mon Apr 06 02:06:00 +0000 2026,0,@pockyboys aquele cara la em perfect blue,2040974273276162105,,pockyboys,pt,,0,0,0,https://x.com/undefined/status/2040974273276162105,1813758155353919488,
2040948681252171953,Mon Apr 06 02:05:54 +0000 2026,0,@chero_il @barondelmerval Dónde comprás pizza? San Carlos vende su grande de muzza a $26.800 y tomando el dólar blue que está a $1.405 me da $19usd que serían €16 5 (y estoy tomando el precio de PedidosYa que probablemente sea un poco más caro que en el local).,2040974245065380114,,chero_il,es,,0,0,0,https://x.com/undefined/status/2040974245065380114,1844467707934367744,
2040953890506674319,Mon Apr 06 02:05:53 +0000 2026,0,@gabbie_dogeA7x I never even got to vote ! I would have voted blue though ,2040974243278520445,,gabbie_dogeA7x,en,,0,0,0,https://x.com/undefined/status/2040974243278520445,1007828059741773824,
2040974236802515134,Mon Apr 06 02:05:52 +0000 2026,0,KKR 0/2 PBKS 2/2! KKR are desperate for those first points against a high-flying PBKS. Can they turn the tide? Big game! #Cricket #IPL2026 https://t.co/hMyFV73X6v,2040974236802515134,https://pbs.twimg.com/media/HFL_QH1XwAAYWKA.jpg,,en,,0,0,0,https://x.com/undefined/status/2040974236802515134,1992238283485798401,
2040870011078623395,Mon Apr 06 02:05:50 +0000 2026,0,@FireDad182 I canceled my blue checkmark a few months ago....you're right,2040974229064040874,,FireDad182,en,,0,0,0,https://x.com/undefined/status/2040974229064040874,1667315185571319809,
2040942356325683641,Mon Apr 06 02:05:50 +0000 2026,0,@GuntherEagleman I'm in the blue zone (southern California) and I'd be fighting for the red zone. I could probably take on half the state by myself. And I will fight !,2040974228204433540,,GuntherEagleman,en,,0,0,0,https://x.com/undefined/status/2040974228204433540,1472720298474553344,
2040974227621265711,Mon Apr 06 02:05:49 +0000 2026,0,Special ed team pink with baby blue polka dots,2040974227621265711,,,en,,0,0,0,https://x.com/undefined/status/2040974227621265711,1799305629271482368,
2040974219198992387,Mon Apr 06 02:05:47 +0000 2026,5,Liquid red 40 and blue 10 sugar shits is unprecedented in the tank basically the fish tank equivalent to napalm #fishtanklive,2040974219198992387,,,en,,0,1,0,https://x.com/undefined/status/2040974219198992387,1767200758204706816,
2040974218666684730,Mon Apr 06 02:05:47 +0000 2026,0,【書籍フェア情報】 4/24(金)より 『on BLUE comics 秀良子 先生「STAYGOLDシリーズ」完結フェア』 開催決定バラ 期間中、対象商品を購入で《シリアル応募用紙》をお渡し‼️ 抽選で《サイン入りフェア特製ポスター(全1種)》のプレゼント #秀良子 先生 詳細はPOPをチェック https://t.co/UaVNb6FFmg,2040974218666684730,https://pbs.twimg.com/media/HFL_OOcaEAAGNAf.jpg,,ja,,0,0,0,https://x.com/undefined/status/2040974218666684730,1312903735,
2040764906891362808,Mon Apr 06 02:05:44 +0000 2026,0,@C0HENV0IR The idea of there being someone higher up than the fleet admiral controlling the world government has existed since like an SBS question Oda answered back in the east blue arc,2040974204796059670,,C0HENV0IR,en,,0,0,0,https://x.com/undefined/status/2040974204796059670,1043413561672753153,
2040475161304965380,Mon Apr 06 02:05:44 +0000 2026,0,@Victor_Cliquer Ps3 já usava Blue Ray então em questão de espaço era mais tranquilo o pior era o hardware do PS3 q era complicado mas foi final de geração,2040974203680137727,,Victor_Cliquer,pt,,0,0,0,https://x.com/undefined/status/2040974203680137727,4219803196,
2040974200924692498,Mon Apr 06 02:05:43 +0000 2026,0,【フェア情報】 4/24（金）より『on BLUE comics 秀良子先生「STAYGOLDシリーズ」完結フェア』 開催決定 期間中、対象商品を購入で《シリアル応募用紙》をお渡し！ 抽選で《サイン入りフェア特製ポスター(全1種)》をプレゼント #秀良子 先生 ⇩詳細はPOPをチェック⇩ https://t.co/1XlShECGzJ,2040974200924692498,https://pbs.twimg.com/media/HFL9cRpaQAA1rFD.jpg,,ja,,0,0,0,https://x.com/undefined/status/2040974200924692498,1960593666533445632,
2040885300935659540,Mon Apr 06 02:05:41 +0000 2026,0,@DKH013 Blue tank top is pretty af. And she was correct,2040974190296068450,,DKH013,en,,0,0,0,https://x.com/undefined/status/2040974190296068450,1503516925065842696,
2040974177281134769,Mon Apr 06 02:05:37 +0000 2026,0,Dexas Pets Single Elevated Pet Feeder/Pet Bowl 4 Cup Capacity Pro Blue (PW1404322194) https://t.co/8BzzqZnGhU https://t.co/6B8sCPwwm7,2040974177281134769,https://pbs.twimg.com/media/HFL_MuJWMAI-OWC.jpg,,en,,0,0,0,https://x.com/undefined/status/2040974177281134769,1751428656763645952,
2040974161036607951,Mon Apr 06 02:05:34 +0000 2026,0,Outlined؟ ⎐كُود⎐⎐نون⎐ ⊵DiGi12⊴ ⎐سنبل⎐ ⊵D57⊴ ▬ايرالو⎐ ⊵OMG10⊵ ⎐كؤِبُون⎐Dark Blue ^^^^ ⎐خـِصم⎐Ud0gRiSQVO1 https://t.co/S30aBWaNho,2040974161036607951,https://pbs.twimg.com/media/HFL_Li7akAAL2oo.jpg,,und,,0,0,0,https://x.com/undefined/status/2040974161036607951,1977021262384775168,
2040859842710016021,Mon Apr 06 02:05:34 +0000 2026,0,@doodledoughnutt what about buff blonde blue-eyed clean shaven italian jesus? (no joke saw him on a wall of the second biggest church),2040974160990519629,,doodledoughnutt,en,,0,0,0,https://x.com/undefined/status/2040974160990519629,1571617705706377216,
2040964846020104332,Mon Apr 06 02:05:32 +0000 2026,0,@GenXGirl1994 They nipped me in the bud. I quit my blue checkmark status after a year.,2040974155307204820,,GenXGirl1994,en,,0,0,0,https://x.com/undefined/status/2040974155307204820,1667026705297317891,
2040930831321956376,Mon Apr 06 02:05:32 +0000 2026,0,@FamousDamien I remember my blue gogeta dying a lot in the 3rd phase Anything that got over the threshold could do some decent damage to gofrieza bout 10% of their health Not to mention if he didn t hit the additional he d just be doing similar damage to beast,2040974154803851335,,FamousDamien,en,,0,0,0,https://x.com/undefined/status/2040974154803851335,1505621596811272192,
2040925197197537672,Mon Apr 06 02:05:31 +0000 2026,0,@kohaku_room_ Raspberries mixed with early picked black barries (sour) or blue berries when I have them. Strawberries in Canada are GMO no taste.,2040974151457059211,,kohaku_room_,en,,0,0,0,https://x.com/undefined/status/2040974151457059211,136476524,
2040873653441569205,Mon Apr 06 02:05:31 +0000 2026,0,@fenice_risorta Anche in italia abbiamo attori e comici schierati per la sinistra e con le valige in mani piene lasciare il paese così come negli usa trump e amato dal ceto medio blue collar e redneck the USA pulp,2040974149036703783,,fenice_risorta,it,,0,0,0,https://x.com/undefined/status/2040974149036703783,1600463059792822274,
2040974140799349188,Mon Apr 06 02:05:29 +0000 2026,5,im done trying to hide the ocd i pay for twitter blue for a reason,2040974140799349188,,,en,,0,0,0,https://x.com/undefined/status/2040974140799349188,1812403058070237184,
2040974126987555075,Mon Apr 06 02:05:25 +0000 2026,0,Yes I would back the blue ,2040974126987555075,,,en,,0,0,0,https://x.com/undefined/status/2040974126987555075,1668716470023626752,
2040974126551114216,Mon Apr 06 02:05:25 +0000 2026,0,Chris Webber is better than any cuckeye who has ever played college ball and it s not even close GO BLUE,2040974126551114216,,,en,,0,0,0,https://x.com/undefined/status/2040974126551114216,255139580,
2040969569532043583,Mon Apr 06 02:05:24 +0000 2026,0,@stoolpresidente NOOOOBOOOODDDYYYY! sleep tight dave we waking up champs tomorrow go blue,2040974121073279002,,stoolpresidente,en,,0,0,0,https://x.com/undefined/status/2040974121073279002,95619021,
2040974119710400634,Mon Apr 06 02:05:24 +0000 2026,0,Massage in riyadh 24/24 https://t.co/k1uA7jjyLV riyadh https://t.co/YMIdece8gK,2040974119710400634,https://pbs.twimg.com/media/HFL_H0ebEAAlZhh.jpg,,hi,,0,0,0,https://x.com/undefined/status/2040974119710400634,2005828470253944832,
2040916702926438533,Mon Apr 06 02:05:22 +0000 2026,0,@gpatterson828 THAT is an old shirt design. I had the male version in the 80's. That one said To hell with your mountains show me your Busch. Same blue and gray color and Coors mountain logo.,2040974111036334250,,gpatterson828,en,,0,0,0,https://x.com/undefined/status/2040974111036334250,3460719863,
2040973703106965573,Mon Apr 06 02:05:17 +0000 2026,5,Yeah MY kids are going to be the ones being bullied in a society they re raised to accept blue haired lesbians and men dressed as women ok ,2040974093437341989,,rawmilkhoney,en,,0,0,0,https://x.com/undefined/status/2040974093437341989,1480617882186764291,
2040974086117929260,Mon Apr 06 02:05:16 +0000 2026,0,Listening to Blue Suede Shoes by Elvis Presley on @PandoraMusic https://t.co/E7pN6lTrY8 https://t.co/q8OHbEHD3f,2040974086117929260,https://pbs.twimg.com/media/HFL_HKIW0AArNoU.jpg,,en,,0,0,0,https://x.com/undefined/status/2040974086117929260,1941189518922551296,
2040942356325683641,Mon Apr 06 02:05:14 +0000 2026,0,@GuntherEagleman Texas is blue as fuck these days. The good days are gone in North Mexico aka Texas.,2040974079134703925,,GuntherEagleman,en,,0,0,0,https://x.com/undefined/status/2040974079134703925,1885890629429018624,
2040943694128328899,Mon Apr 06 02:05:13 +0000 2026,1,@Hamburburrr The blue one is cute tho. Adorable precious even.,2040974075544109448,,Hamburburrr,en,,0,0,0,https://x.com/undefined/status/2040974075544109448,1720784111034343424,
2040700510584410586,Mon Apr 06 02:05:13 +0000 2026,0,@BiancaDante27 @dment37 @geogebra Total White area =total area of the semi circle -blue area. Total White area =6.5π cm^2,2040974074114150668,,BiancaDante27,ro,,0,0,0,https://x.com/undefined/status/2040974074114150668,1585174906937151490,
2040974071375294636,Mon Apr 06 02:05:12 +0000 2026,0,Thanksgiving Morning - 2015 Upper Yosemite Fall - The tallest waterfall in No. America plunging 1 430ft Photo taken in Yosemite Village in front of the US Post Office https://t.co/5o4U5VqwP6,2040974071375294636,https://pbs.twimg.com/media/HFL_BRuaoAAgG2X.jpg,,en,,0,0,0,https://x.com/undefined/status/2040974071375294636,1618735484846637056,
2040974065293521255,Mon Apr 06 02:05:11 +0000 2026,0,he's aura just like a blue flame calm yet burning deep. riil perwujudan cjr x pcy kalo punya anak https://t.co/qPkeEATJim,2040974065293521255,https://pbs.twimg.com/ext_tw_video_thumb/2040467974877048832/pu/img/t50v7m595ZNRrFd7.jpg,,in,,0,0,0,https://x.com/undefined/status/2040974065293521255,1879529594,
2040791447222222920,Mon Apr 06 02:05:10 +0000 2026,0,@That1Passholder I don t like the gold and I hate the dark blue but the whites good!,2040974062034239702,,That1Passholder,en,,0,0,0,https://x.com/undefined/status/2040974062034239702,1796251393906368512,
2040958280663548125,Mon Apr 06 02:05:09 +0000 2026,0,@gntlbrzbb Thanks. I feel like if we forced blue states to kick illegals off handouts and Welfare many of them would leave but if not we'll at least save the money while we Deport,2040974057345028245,,gntlbrzbb,en,,0,0,0,https://x.com/undefined/status/2040974057345028245,1695534402665615360,
2040974056032506274,Mon Apr 06 02:05:09 +0000 2026,0,One of Blue Archive's CryLaughing moment,2040974056032506274,,,en,,0,0,0,https://x.com/undefined/status/2040974056032506274,1955267729453391872,
2040974055361130682,Mon Apr 06 02:05:08 +0000 2026,0,Yes yes it was. Still not has hurtful as the Blue Jays were this weekend against the horrible White Sox. ,2040974055361130682,,,en,,0,0,0,https://x.com/undefined/status/2040974055361130682,1824394892719632385,
2040973433719120007,Mon Apr 06 02:05:08 +0000 2026,0,@WUTangKids state propaganda discovering shitposting was not on anyone s 2026 bingo card but honestly they re better posters than half the blue checks,2040974052563771591,,WUTangKids,en,,0,0,0,https://x.com/undefined/status/2040974052563771591,1566953194911158276,
2040974048746783075,Mon Apr 06 02:05:07 +0000 2026,0,Vocalized؟ ⎐كُود⎐⎐نمشي⎐ ⊵MFM2⊴ ⎐باث▬اند▬بودي⎐ ⎐VZCF⊴ ⊴6ستريت⎐6 ستريت⎐ ⎐EB1⊴ ⎐كؤِبُون⎐Velvet Blue ^^^^ ⎐خـِصم⎐eZjjR3TSYcU https://t.co/GpL77onhkr,2040974048746783075,https://pbs.twimg.com/media/HFL_E9VbgAAdS8U.jpg,,und,,0,0,0,https://x.com/undefined/status/2040974048746783075,1911046162846560256,
2040974024990171152,Mon Apr 06 02:05:01 +0000 2026,3,Voy a hacerles esto con Blue Exorcist para que lo lean.,2040974024990171152,,,es,,0,1,0,https://x.com/undefined/status/2040974024990171152,1855369645509021696,
2040974020443558090,Mon Apr 06 02:05:00 +0000 2026,0,Deal Price : ₹13 999.00 Regular Price : ₹16 999 https://t.co/WSl0g6fd56 Samsung Galaxy M17e 5G Mobile (Blitz Blue 4GB RAM 128GB Storage) | Smoothest 120 Hz Refresh Rate| Monster 6000 mAh Battery | IP54 | 6 Gen OS Upgrades | AI | Gemini Live | Without Charger,2040974020443558090,,,en,,0,0,0,https://x.com/undefined/status/2040974020443558090,1736766787977400320,
2040974004564218230,Mon Apr 06 02:04:56 +0000 2026,0,HER FULLY BLUE SUIT ??????,2040974004564218230,,,en,,0,0,0,https://x.com/undefined/status/2040974004564218230,1566922171431002112,
2040973994518819234,Mon Apr 06 02:04:54 +0000 2026,90,LA is 𝐁𝐥𝐮𝐞 𝐚𝐧𝐝 𝐆𝐨𝐥𝐝. #GoBruins https://t.co/QmBJjN5Jkh,2040973994518819234,https://pbs.twimg.com/media/HFL_Bepa0AA3PI2.jpg,,en,,7,8,35,https://x.com/undefined/status/2040973994518819234,381816948,
2040973987035922805,Mon Apr 06 02:04:52 +0000 2026,5,FOR OUR NEXT TRICK . . . Blue ? https://t.co/7g0HlztKkF,2040973987035922805,https://pbs.twimg.com/media/HFL_BkeWIAAUCJk.jpg,,en,,0,0,0,https://x.com/undefined/status/2040973987035922805,1692022361455722497,
2040973977435410550,Mon Apr 06 02:04:50 +0000 2026,0,Massage in riyadh 24/24 https://t.co/k1uA7jjyLV riyadh https://t.co/jHlZd8OJSA,2040973977435410550,https://pbs.twimg.com/media/HFL-_gQa0AEEMMo.jpg,,hi,,0,0,0,https://x.com/undefined/status/2040973977435410550,2005828470253944832,
2040973974696521803,Mon Apr 06 02:04:49 +0000 2026,0,การ์ด magazine ver. อูจิน green 100 รยูล blue 80 ค่าส่ง 40 หรือหาแลกโอยูล yellow ค่ะ ️‍️ #ตลาดนัดlngshot,2040973974696521803,,,und,,0,0,0,https://x.com/undefined/status/2040973974696521803,1384789649621602311,
2037822472079147249,Mon Apr 06 02:04:49 +0000 2026,1,@Ricardoso83 Earth time: 02:04 UTC April 06 2026. Ancestral call pierces the veil dark-rose circumference anchors the heart's circumference of love amid white/gold crown radiance. Golden rays refract through water-droplet spheres into blue purification: the 3rd-level bridge completes ,2040973972750123475,,Ricardoso83,en,,1,0,0,https://x.com/undefined/status/2040973972750123475,1720665183188922368,
2040973958988665276,Mon Apr 06 02:04:45 +0000 2026,0, Alice Wears Blue by Arthur Paine Garrat A portrait of Alice Roosevelt Longworth eldest daughter of Teddy Roosevelt and outrageous socialite. Her life story is legendary among generations of the old Washington and New York elite. She had met 17 Presidents by the time of her https://t.co/XcS7eJbVq2,2040973958988665276,https://pbs.twimg.com/media/HFL-_4RWAAAdE8z.jpg,,en,,0,0,0,https://x.com/undefined/status/2040973958988665276,24878708,
2040973957898399985,Mon Apr 06 02:04:45 +0000 2026,0,Declaring right now: this is the strongest Arlecchino × Columbina piece of 2026! The red-blue moon vibes are unmatched ️‍,2040973957898399985,,,en,,0,0,0,https://x.com/undefined/status/2040973957898399985,1657278067000090625,
2040864720140247355,Mon Apr 06 02:04:44 +0000 2026,1,@blue_avenger100 @_FrancisMarion @DRLDD Yell upstairs and tell your mother I'll be around tomorrow to service her. And bring me back a coffee from your barista job I'm gonna need a pick-me-up after. Blue avenger! Hahahaha. What a fayyygggg,2040973954219675793,,blue_avenger100,en,,0,0,0,https://x.com/undefined/status/2040973954219675793,1739354751769219072,
2040973946179485697,Mon Apr 06 02:04:42 +0000 2026,0,Was speaking to my dad at the mall and some overly blue eyed women wearing Farsi name tags came and tried to convert us to Christianity saying they ve been sent out to reach Iranians. What in the fuck is going on,2040973946179485697,,,en,,0,0,0,https://x.com/undefined/status/2040973946179485697,1135415572273827840,
2040973939468652894,Mon Apr 06 02:04:41 +0000 2026,0,Unit satuan samapta Polres Buleleng Blue Light Patrol Untuk menjaga kamtibmas di wilayah Hukum Polres Buleleng https://t.co/lACBrLEjEp,2040973939468652894,https://pbs.twimg.com/media/HFL--0YaIAA8Qbk.jpg,,in,,0,0,0,https://x.com/undefined/status/2040973939468652894,1967000563075477508,
2040969569532043583,Mon Apr 06 02:04:36 +0000 2026,0,@stoolpresidente Go Blue,2040973920879145447,,stoolpresidente,en,,0,0,0,https://x.com/undefined/status/2040973920879145447,1984367052467957760,
2040941488998350965,Mon Apr 06 02:04:35 +0000 2026,0,@Michellek4040 @randysult Go Blue!,2040973916424847489,,Michellek4040,en,,0,0,0,https://x.com/undefined/status/2040973916424847489,1586333851823087617,
2040496431023132863,Mon Apr 06 02:04:35 +0000 2026,1,@OfficialMONSTAX @official__wonho @ELHAE numbers and goals this #MonbebeMonday Heal 376 259 +130k Growing Pains 541 331 +1.7k Baby Blue 5 065 153 +3.6k Who Do U Love 62 329 636 +7.8k MIddle of the Night 23 903 157 +3.2k https://t.co/gw55DB4sVF,2040973916315754832,https://pbs.twimg.com/tweet_video_thumb/HFL-9Q5XgAA8ZFa.jpg,MondayMonbebe,en,,0,0,2,https://x.com/undefined/status/2040973916315754832,1168669332924035073,
2040728590963364226,Mon Apr 06 02:04:01 +0000 2026,0,@SunWeatherMan Blue beam,2040973770773368842,,SunWeatherMan,en,,0,0,0,https://x.com/undefined/status/2040973770773368842,462378587,
2040923931834499332,Mon Apr 06 02:04:01 +0000 2026,0,@Boudicca61AD Thats a very beautiful art work. The muted blue spectrum and precise lines are simply glorious.,2040973770647892178,,Boudicca61AD,en,,0,0,0,https://x.com/undefined/status/2040973770647892178,608883817,
2040973767359320392,Mon Apr 06 02:04:00 +0000 2026,1,【Jackpot情報】 おはようございます 4月5日のジャックポットをご紹介 アドアーズ蕨店、SUPER 8 WAYS BLUEより、 24 960枚のご獲得です おめでとうございます！ #メダルゲーム #アドアーズ https://t.co/c8PE5pG0gA,2040973767359320392,https://pbs.twimg.com/media/HFLnR9IbQAAf4Xz.jpg,,ja,,0,0,2,https://x.com/undefined/status/2040973767359320392,1470290132045803525,
2040973763911565756,Mon Apr 06 02:03:59 +0000 2026,0,@Cybershell Day 64 of asking for a Blue Spheres Bonus Video,2040973763911565756,,Cybershell,en,,0,0,0,https://x.com/undefined/status/2040973763911565756,1760499435056824320,
2040814967427858670,Mon Apr 06 02:03:54 +0000 2026,0,@RileyScout1520 @JamesTate121 @Hoover5454 Shows you just how ignorant they are. If their entire world was full of blue eyed blonde haired individuals it wouldn t guarantee any supremacy. Because there are a lot of idiots with blue eyes and blond hair. God made us all different for a reason.,2040973743799861411,,RileyScout1520,en,,0,0,0,https://x.com/undefined/status/2040973743799861411,25266323,
2040887905292259503,Mon Apr 06 02:03:51 +0000 2026,0,@ssmilingassasin @nypost Yes you are correct. MAGA invaded California. They everywhere now. I see MAGA ball caps everywhere but in California some folks wear the blue MAGA ball caps especially the petition signers. They want to make Jan 6th a state holiday and to create a telework employment bill of,2040973731036868741,,ssmilingassasin,en,,0,0,0,https://x.com/undefined/status/2040973731036868741,1874253660458549248,
2040883531484684481,Mon Apr 06 02:03:51 +0000 2026,1,@jackunheard @DogRescue1964 There s always hope in New York City. Look beyond Creepy Mamdani and Kathy Hochul and you will see a brighter future. Voters in all five boroughs need to stop voting blue and start voting red if they want hope.,2040973728733900898,,jackunheard,en,,0,1,0,https://x.com/undefined/status/2040973728733900898,1358773607762132992,
2040849682990063765,Mon Apr 06 02:03:48 +0000 2026,0,@ukJ0N I get called a bot because I haven't a blue tick . I'm saving the blue tick for Restore .,2040973719359602892,,ukJ0N,en,,0,0,0,https://x.com/undefined/status/2040973719359602892,1698837197510598656,
2040962974781972869,Mon Apr 06 02:03:48 +0000 2026,0,@ripperriver Is this a beautiful part of the Blue Mountains Shane?,2040973717338239419,,ripperriver,en,,0,0,0,https://x.com/undefined/status/2040973717338239419,256024645,
2040803731801784777,Mon Apr 06 02:03:46 +0000 2026,0,@2ndartbook No blue checkmark either,2040973708135661933,,2ndartbook,en,,0,0,0,https://x.com/undefined/status/2040973708135661933,2019564799101689856,
2040973708127277118,Mon Apr 06 02:03:46 +0000 2026,0,The blue-gray gnatcatcher was in the end of the Heather Garden Fort Tryon Park. @BirdCentralPark #birdcpp https://t.co/QbLvHUvBaX,2040973708127277118,https://pbs.twimg.com/media/HFL-keWbsAAsYYs.jpg,,en,,0,0,0,https://x.com/undefined/status/2040973708127277118,3171822898,
2040973706462437463,Mon Apr 06 02:03:45 +0000 2026,0,So Elon baby Musk had changed the algorithm to all right wing crazies blue sky here I come,2040973706462437463,,,en,,0,0,0,https://x.com/undefined/status/2040973706462437463,1945590791415402496,
2040622265193394481,Mon Apr 06 02:03:43 +0000 2026,0,@Blue2black Thank you Blue ️,2040973698845606086,,Blue2black,en,,0,0,0,https://x.com/undefined/status/2040973698845606086,1484735726805987330,
2040909183525048638,Mon Apr 06 02:03:41 +0000 2026,0,@Zacbunchanumbrs @NateSilver538 And the blue checkmark drives more traffic to these accounts while the left boasts about not getting them.,2040973690054001126,,Zacbunchanumbrs,en,,0,0,0,https://x.com/undefined/status/2040973690054001126,1379599709430484998,
2040973689529962529,Mon Apr 06 02:03:41 +0000 2026,0,a lot of the blue ones are conservative or shills. a lot of the red ones are nazis,2040973689529962529,,,en,,0,0,0,https://x.com/undefined/status/2040973689529962529,1109025792850161664,
2040902732937081151,Mon Apr 06 02:03:37 +0000 2026,0,@Bella27175472 @WhiteHouse All of the pro war accounts are blue checks and sound the same. Just as pathetic as the Dems have to hire shills to try to make something seem popular. Enjoy your $0.05 a post bitch.,2040973673025163742,,Bella27175472,en,,0,0,0,https://x.com/undefined/status/2040973673025163742,1923904164368654336,
2040973665056268641,Mon Apr 06 02:03:35 +0000 2026,0,Massage in riyadh 24/24 jeddah khobar buraydah hofuf dammam ️‍️️ https://t.co/k1uA7jjyLV https://t.co/0ZMkZIMPN7,2040973665056268641,https://pbs.twimg.com/media/HFL-s0SaoAAwJV-.jpg,,in,,0,0,0,https://x.com/undefined/status/2040973665056268641,2005828470253944832,
2040969569532043583,Mon Apr 06 02:03:33 +0000 2026,0,@stoolpresidente Go Blue! LFG! Double Natty this week!,2040973655023259664,,stoolpresidente,en,,0,0,0,https://x.com/undefined/status/2040973655023259664,4876432924,
2040894826426638376,Mon Apr 06 02:03:31 +0000 2026,0,@StickzNPuck @LarryPhishman @TalkinBaseball_ Youre a blue jays fan you don t know shit you weren t alive when they won my team is celebrating their 10 year World Series anniversary this year,2040973646802403704,,StickzNPuck,en,,0,0,0,https://x.com/undefined/status/2040973646802403704,1460735542556082178,
2040827595441193030,Mon Apr 06 02:03:27 +0000 2026,0,@rztky @bruce_barrett @LarryMancheese @CPC_HQ Says the loser who feels they need a blue check to feel validated.,2040973628439966175,,rztky,en,,0,1,0,https://x.com/undefined/status/2040973628439966175,1490012547528867847,
2040972813323079694,Mon Apr 06 02:01:55 +0000 2026,2,@StLouisBlues https://t.co/jQJ7maD9Fz,2040973243100565679,https://pbs.twimg.com/media/HFL-WVia8AA24Xs.jpg,StLouisBlues,qme,,0,0,0,https://x.com/undefined/status/2040973243100565679,1138074271769608192,
2040970400314831080,Mon Apr 06 02:01:54 +0000 2026,0,@trumplicans2024 Old Blue https://t.co/s5y8nLAc0z,2040973239141421265,https://pbs.twimg.com/tweet_video_thumb/HFL-V3zaMAA0ZeK.jpg,trumplicans2024,en,,0,0,0,https://x.com/undefined/status/2040973239141421265,21426868,
1627033214987403264,Mon Apr 06 02:01:54 +0000 2026,0,@GetaVr Since I don't feel like pay x to verify I hope you don't mind if I leave this here I know blacklist is kinda breaking from the inside rn This is info on a user you are following on your nsfw account I do apologize for this being out of the blue,2040973238486851956,,GetaVr,en,,0,1,0,https://x.com/undefined/status/2040973238486851956,956355414119116800,
2040922879777263677,Mon Apr 06 02:01:50 +0000 2026,0,@PinkBrain_art Dah Blue Blue Blue ,2040973222611390873,,PinkBrain_art,en,,0,0,0,https://x.com/undefined/status/2040973222611390873,1390399793621610502,
2040973219109183715,Mon Apr 06 02:01:49 +0000 2026,0,magic y blue orangeade de txt,2040973219109183715,,,en,,0,0,0,https://x.com/undefined/status/2040973219109183715,1917791300851752964,
2040971692906795152,Mon Apr 06 02:01:46 +0000 2026,0,@BBVA_Mex @bbva Guess what? No solo no sirve la línea y blue tampoco sirven sus mensajes privados :),2040973206928883937,,BBVA_Mex,es,,0,0,0,https://x.com/undefined/status/2040973206928883937,358350193,
2040973205326680262,Mon Apr 06 02:01:46 +0000 2026,0,Trolling with no blue check fairs,2040973205326680262,,,en,,0,0,0,https://x.com/undefined/status/2040973205326680262,1751650818502090752,
2040955249897181620,Mon Apr 06 02:01:44 +0000 2026,0,@TheHoopHerald UCONN isn't a blue blood. It doesn't take anything away from what they've accomplished since '99. They just aren't old money.,2040973197806321847,,TheHoopHerald,en,,0,0,0,https://x.com/undefined/status/2040973197806321847,2017115644991279104,
2040973189183094834,Mon Apr 06 02:01:42 +0000 2026,0,Massage in riyadh 24/24 https://t.co/k1uA7jjyLV riyadh https://t.co/pSV3WD6Vhz,2040973189183094834,https://pbs.twimg.com/media/HFL-RXWagAAaJDC.jpg,,hi,,0,0,0,https://x.com/undefined/status/2040973189183094834,2005828470253944832,
2040973178973905056,Mon Apr 06 02:01:39 +0000 2026,0,Altcoin Season Index stalled at 33. No breakout altcoins aren t winning yet. Rotate capital to liquidity or blue-chips trim weak positions and watch for a sustained move above 50 before committing. #Crypto #CryptoNews,2040973178973905056,,,en,,0,0,0,https://x.com/undefined/status/2040973178973905056,1455886994706477064,
2040774736234373603,Mon Apr 06 02:01:35 +0000 2026,0,@UrghBIa No it's not. Also some lolicon is woman and that's sexual harassment. Get a blue check so you can get money from your stupidity.,2040973160523382873,,UrghBIa,en,,0,0,0,https://x.com/undefined/status/2040973160523382873,1028282512252919808,
2040853511735271817,Mon Apr 06 02:01:35 +0000 2026,0,@omotolaox @LilSmurfYT That's the mysterious fourth Chipmunk who only shows up in AI-generated wallpapers like this one. The crew's Alvin (red hoodie with the A) Simon (blue) and Theodore (green). Kid's iPad just manifested an extra member for the squad ,2040973158270767590,,omotolaox,en,,0,0,0,https://x.com/undefined/status/2040973158270767590,1720665183188922368,
2040966111567794521,Mon Apr 06 02:01:34 +0000 2026,0,@whjdcore mali ka po kasi naka blue siya,2040973157709046182,,whjdcore,tl,,0,0,0,https://x.com/undefined/status/2040973157709046182,1318412894061481984,
2040973153917100112,Mon Apr 06 02:01:33 +0000 2026,0,If Kon was blessed with blue eyes and a perfect moustace-goatee combo he would be ROTY without any doubt. Cooper is cold though,2040973153917100112,,,en,,0,0,0,https://x.com/undefined/status/2040973153917100112,2032588826863120384,
2036979503990276211,Mon Apr 06 02:01:33 +0000 2026,0,@Andrew__Klein5 Sorry Andrew. Cant verify You are who you say you are. Same as JP Foster. JP Foster - Sr. Engr. ️ and with the blue check mark.,2040973152835043557,,Andrew__Klein5,en,,0,2,0,https://x.com/undefined/status/2040973152835043557,1026750871,
2040948697027194911,Mon Apr 06 02:01:32 +0000 2026,0,@dan93924 @bowtiedstocks Jacinta Allan doesn't have blue hair.... lol,2040973145704960188,,dan93924,en,,0,0,0,https://x.com/undefined/status/2040973145704960188,472371466,
2040973142420561928,Mon Apr 06 02:01:31 +0000 2026,5,2026 Apr 5th @theestallion via Instagram trying LV egg for Easter : AFRM Selma ribbed knit cardigan co-ord (blue stripe) $59.37 USD AFRM Silvia ribbed capri pants co-ord $79.16 USD https://t.co/idcMvDS3ne,2040973142420561928,https://pbs.twimg.com/amplify_video_thumb/2040973086988828672/img/1Ie-O6kpe0LvHXYX.jpg,,en,,0,0,1,https://x.com/undefined/status/2040973142420561928,2005119150323310592,
2040806780351975484,Mon Apr 06 02:01:30 +0000 2026,0,@MrDavX B suits better. Darker blue and cut seems to elongate torso giving her a nicer shape,2040973137718948016,,MrDavX,en,,0,0,0,https://x.com/undefined/status/2040973137718948016,2031570162810499073,
2040973133973168151,Mon Apr 06 02:01:29 +0000 2026,2,Yo viendo como insultan a blue en esa encuesta del dex holder más woke (yo la voté) (no me arrepiento) (me río en sus caras) https://t.co/itU4jvE0pY,2040973133973168151,https://pbs.twimg.com/media/HFL-P_xXwAEGed6.jpg,,es,,0,2,0,https://x.com/undefined/status/2040973133973168151,1604008734883303424,
2040889073330459050,Mon Apr 06 02:01:27 +0000 2026,0,@MelohRush cat petterz fans when blue ball,2040973128202158164,,MelohRush,en,,0,0,0,https://x.com/undefined/status/2040973128202158164,2004605152494583812,
2040973115727990915,Mon Apr 06 02:01:24 +0000 2026,0,I said blue green screen kit so that you can see the lazer o I already did that and made TGC for someone that doesn t know me super clean supreme is not eh a brand mizz k it has to do with insurance and fingers not da grind spring cove beach makeup line,2040973115727990915,,,en,,0,0,0,https://x.com/undefined/status/2040973115727990915,1799305629271482368,
2040972482879074800,Mon Apr 06 02:01:24 +0000 2026,1,@SportFan1919 @Avalanche Lol blue jays fan,2040973113580531937,,SportFan1919,en,,0,0,0,https://x.com/undefined/status/2040973113580531937,1783647821343662080,
2040954003731702268,Mon Apr 06 02:01:24 +0000 2026,0,@TheQuartering This is the only place right wing content is allowed. It's not an echo chamber. Our arguments win here. Now make that bubble graph with Facebook Instagram and the other social media platforms. The red will be faint specks in a sea of blue.,2040973112938750370,,TheQuartering,en,,0,0,0,https://x.com/undefined/status/2040973112938750370,36208142,
2040973096841003345,Mon Apr 06 02:01:20 +0000 2026,13,was blue vimp whining about cool vimp in the confessional this whole time? #fishtanklive,2040973096841003345,,,en,,0,2,0,https://x.com/undefined/status/2040973096841003345,1663733009562980352,
2040822632019325117,Mon Apr 06 02:01:19 +0000 2026,0,@FATAKAIPARTA1 @Markosg1020 Ministry of National Defense: The Blue Homeland-26 Exercise has commenced with a total of 120 ships 50 aircraft and 15 000 personnel. This was done just two days ago. https://t.co/qeXmreIQ71,2040973091673673864,https://pbs.twimg.com/media/HFL-NJDbUAAVzwj.jpg,FATAKAIPARTA1,en,,0,4,0,https://x.com/undefined/status/2040973091673673864,1694512631501967361,
2040972786898796982,Mon Apr 06 02:01:18 +0000 2026,1,@TheDarkRock_ thank u the outline looks white but its the same blue that's on the knife handle. so im going to kill god bc im mad,2040973087714205982,,TheDarkRock_,en,,0,1,0,https://x.com/undefined/status/2040973087714205982,1198193079544512513,
2040973083243077818,Mon Apr 06 02:01:17 +0000 2026,0,Make I buy blue tick or make I USA am carry 10odds? https://t.co/WmvFWdYlH8,2040973083243077818,https://pbs.twimg.com/media/HFL-MgHWMAANSEP.jpg,,en,,0,0,0,https://x.com/undefined/status/2040973083243077818,1647410482565791746,
2040942563553849837,Mon Apr 06 02:01:17 +0000 2026,0,@harukaawake Why do you have a mustache and blue hair?,2040973082869879087,,harukaawake,en,,0,0,0,https://x.com/undefined/status/2040973082869879087,1938372390234255360,
2040953890506674319,Mon Apr 06 02:01:15 +0000 2026,1,@MyDogeCTO @gabbie_dogeA7x Blue is the world's most popular color hands down. Global surveys (YouGov across 10 countries plus others spanning decades) consistently show it winning by a wide margin often 30%+ of respondents beating green red purple and everything else regardless of gender or,2040973074871279829,,MyDogeCTO,en,,0,1,0,https://x.com/undefined/status/2040973074871279829,1720665183188922368,
2040973074359583109,Mon Apr 06 02:01:15 +0000 2026,0,Red dog. Yellow Cat. Blue Octopus. https://t.co/QO0WvLWPAT,2040973074359583109,https://pbs.twimg.com/media/HFL-CcpW8AALb0W.png,,en,,0,0,0,https://x.com/undefined/status/2040973074359583109,1627425285451788289,
2040766934976024908,Mon Apr 06 02:01:13 +0000 2026,1,@MissyIsMaga Do those with blue ticks who get community noted NOT get monetised?,2040973066919125224,,MissyIsMaga,en,,0,0,0,https://x.com/undefined/status/2040973066919125224,15046846,
2040956270593872017,Mon Apr 06 02:01:08 +0000 2026,1,@SkytheriaVT Ye if I missed anything important to ur vtuber design please don t hesitate to DM me!! But I m really glad you like it!!! I also really loved your design pink and blue is my weakness lol ,2040973045779870063,,SkytheriaVT,en,,0,1,0,https://x.com/undefined/status/2040973045779870063,1120818775316676608,
2040969569532043583,Mon Apr 06 02:01:06 +0000 2026,0,@stoolpresidente Go Blue baby!,2040973040251498869,,stoolpresidente,en,,0,0,0,https://x.com/undefined/status/2040973040251498869,3207148809,
2040870011078623395,Mon Apr 06 02:01:06 +0000 2026,0,@FireDad182 same thing. my posts are 94% censored. no sense in paying for the blue check.,2040973039777571066,,FireDad182,en,,0,0,0,https://x.com/undefined/status/2040973039777571066,1494696078553325573,
2040786609323291110,Mon Apr 06 02:01:06 +0000 2026,0,@JamesAuber @The0_o7 Florida has already started to see local elections flip blue in previously republican strongholds. They could absolutely flip if the ticket is Vance or another MAGA aligned candidate.,2040973039408464152,,JamesAuber,en,,0,0,0,https://x.com/undefined/status/2040973039408464152,2477687857,
2040973038359855118,Mon Apr 06 02:01:06 +0000 2026,1,Blue Cop Daily 373 #메탈카드봇 #metalcardbot #メタルカードボット https://t.co/LZKiHyazUF,2040973038359855118,https://pbs.twimg.com/media/HFL-KVEXgAAVf3O.jpg,,en,,0,0,0,https://x.com/undefined/status/2040973038359855118,1895644590734262274,
2040792294488420378,Mon Apr 06 02:01:05 +0000 2026,0,@SimplyGregster @scottew Not to mention that adapters aren t that complicated. It s not like the VHS to DVD transition. More like DVD to Blue-Ray.,2040973036355223592,,SimplyGregster,en,,0,0,0,https://x.com/undefined/status/2040973036355223592,1349184066046676992,
2040973029774369198,Mon Apr 06 02:01:04 +0000 2026,0,Massage in riyadh 24/24 jeddah khobar buraydah hofuf dammam ️ https://t.co/k1uA7jjyLV https://t.co/aiHYjTQ6zb,2040973029774369198,https://pbs.twimg.com/media/HFL-H11awAAMGSi.jpg,,in,,0,0,0,https://x.com/undefined/status/2040973029774369198,2005828470253944832,
2040933827485311129,Mon Apr 06 02:01:02 +0000 2026,6,@femmolgy Imagine being white with blue eyes and ginger hair basically the beauty standard yet still being ugly I would go insane,2040973020135583862,,femmolgy,en,,0,0,0,https://x.com/undefined/status/2040973020135583862,1850379265683947520,
2040081566697972199,Mon Apr 06 02:01:00 +0000 2026,0,@meixuespring The scenery is absolutely beautiful the blue sky and the emerald colors are just breathtaking.,2040973012854575297,,meixuespring,en,,0,0,0,https://x.com/undefined/status/2040973012854575297,1682256845845729280,
2040851380349649056,Mon Apr 06 02:01:00 +0000 2026,0,@Aale_Baale @RCBTweets Already Iddaru Gudha Pagidlini @SunRisers @ChennaiIPL itla overacting denginanduku ipudu ninnu dengutam blue saree eskoni ready ga undandi@mipaltan,2040973012175147154,,Aale_Baale,in,,0,0,0,https://x.com/undefined/status/2040973012175147154,1940957924438007808,
2040973006038593935,Mon Apr 06 02:00:58 +0000 2026,0,It's so fucking crazy how hard the Z fight stomp. Broly and Gogeta sucked and Vegito Blue was fucking FIRE but ended too soon. Gogeta vs Janemba is 1 for me super Vegito and Buuhan at 2 ofc,2040973006038593935,,,en,,0,0,0,https://x.com/undefined/status/2040973006038593935,1592006160319746048,
2040953886111047946,Mon Apr 06 02:00:55 +0000 2026,0,@USATRUMPMAN1 Blue,2040972992360980851,,USATRUMPMAN1,en,,0,0,0,https://x.com/undefined/status/2040972992360980851,797278009,
2040972991853363441,Mon Apr 06 02:00:55 +0000 2026,0,Learning the trick that rare items are blue glowing saved so much on time. https://t.co/EYt0raE5jL,2040972991853363441,https://pbs.twimg.com/media/HFL948nbIAAqq6C.png,,en,,0,0,0,https://x.com/undefined/status/2040972991853363441,558187531,
2040972976297005196,Mon Apr 06 02:00:51 +0000 2026,2, TIME ATTACK EVENT #ONEDOOR hari ini akan ada time attack event di UPICK. Collect blue jams nya dan drop semuanya selama event berlangsung. Drop untuk voting poll: Comeback &amp; Debut Anniversary Idol https://t.co/Glo1wKfZnb ⏰ 15.00-15.30 WIB (hanya 30 menit!) ️ https://t.co/3ByN5nbMGd,2040972976297005196,https://pbs.twimg.com/media/HFL-GgRaYAAdJqX.jpg,,in,,0,0,2,https://x.com/undefined/status/2040972976297005196,2025068822546518017,
2040972969313185854,Mon Apr 06 02:00:49 +0000 2026,0,Chris Rea The Blue Cafe https://t.co/5idbCDRkI8 μέσω @YouTube,2040972969313185854,,,und,,0,0,0,https://x.com/undefined/status/2040972969313185854,3425683847,
2040698333451166010,Mon Apr 06 02:00:49 +0000 2026,0,@Dan__Stevens No more blue sky,2040972969179246629,,Dan__Stevens,en,,0,0,0,https://x.com/undefined/status/2040972969179246629,1175566295741321216,
2040857292992847960,Mon Apr 06 02:00:47 +0000 2026,0,@BobChoate54 @JohnnyAGI Ok I'm curious. What about this makes me a bot? The lack of blue checkmark? https://t.co/i9V7RNTPBr,2040972958596776125,https://pbs.twimg.com/media/HFL-Fy5bEAA3EFl.jpg,BobChoate54,en,,0,0,0,https://x.com/undefined/status/2040972958596776125,1398845688,
2040910004543439196,Mon Apr 06 02:00:47 +0000 2026,1,@theladyinmylife imma need his fiancé to chat to him about this and not sign with a blue sharpie no but deadass he was ready to GO! he was just being nice,2040972957401416176,,theladyinmylife,en,,0,1,0,https://x.com/undefined/status/2040972957401416176,1414685212303364098,
2040972948064895080,Mon Apr 06 02:00:44 +0000 2026,0,[Minor Delays] O'Hare-bound Blue Line trains are running w/residual delays following an earlier obstruction at Jefferson Park. Service is resuming allow extra time. https://t.co/Qi2CwONWG0,2040972948064895080,,,en,,0,0,0,https://x.com/undefined/status/2040972948064895080,1876827422630277120,
2040972944935989375,Mon Apr 06 02:00:44 +0000 2026,0,I don t mean this in a bad way but once UCONN took Roy Williams blue print to build a team they really never looked back after .. every UConn team looks like Roy Williams recruited them,2040972944935989375,,,en,,0,0,0,https://x.com/undefined/status/2040972944935989375,2903128000,
2040972933166719286,Mon Apr 06 02:00:42 +0000 2026,0,今敏絵コンテ集 PERFECT BLUE &lt;軽装版&gt;　https://t.co/RW4VeZLsrr,2040972936606060689,,E_eiga,ja,,0,0,0,https://x.com/undefined/status/2040972936606060689,359928134,
2040922935460823546,Mon Apr 06 02:00:41 +0000 2026,0,@drew4worldruler @NASASolarSystem Fair enough. But the live stream I checked is just blue screen. Nixon had a live phone call with Apollo astronauts in the 60's. We dont have the tech to live stream the full flight? Hell we watched Elon send a Tesla into the ether on live stream before,2040972933468758078,,drew4worldruler,en,,0,0,0,https://x.com/undefined/status/2040972933468758078,1537964714604474369,
2040306095294415313,Mon Apr 06 02:00:39 +0000 2026,0,@HuntingJck @JDarling56236 @ChristianHeiens There are no blue states only commie cities. They're surrounded. We can just not let anything in or out until they surrender.,2040972926581604503,,HuntingJck,en,,0,0,0,https://x.com/undefined/status/2040972926581604503,1084552507,
2040958764665241728,Mon Apr 06 02:00:38 +0000 2026,1,@CBKReport Good. We love bulletin board material. Keep stoking the fire. Go Blue!!!,2040972922311835881,,CBKReport,en,,0,0,0,https://x.com/undefined/status/2040972922311835881,2915095802,
2040957662351798334,Mon Apr 06 02:00:36 +0000 2026,0,@ImperiumFirst Buffalo Chicken pizza with Blue Cheese &gt;&gt;,2040972913516364013,,ImperiumFirst,en,,0,0,0,https://x.com/undefined/status/2040972913516364013,347666403,
2040972895665422661,Mon Apr 06 02:00:32 +0000 2026,0,This topic has appeared in my timeline multiple times by now and I can think of at least 10 examples of Blonde blue eyed white skinned foreign school girls in Japanese anime manga or visual novels. Do the same people who criticize Black characters complain about this too? https://t.co/KcALfHV7Po,2040972895665422661,https://pbs.twimg.com/media/HFL97ksWwAAADLP.jpg,,en,,0,0,0,https://x.com/undefined/status/2040972895665422661,1358603471398797320,
2035944634371944485,Mon Apr 06 02:00:32 +0000 2026,0,@Laneige_japan @Malia_liine Love Laneige beauty products. I have both neo matt and glow cushions. And also the neo cushion mewy (blue) neo essential blurring powder (white) and neo tone-up finish powder (purple). JIN LANEIGE NEO CUSHION #JinxLaneige #Laneige #Jin @Laneige_kr,2040972894256214323,,Laneige_japan,en,,0,0,0,https://x.com/undefined/status/2040972894256214323,1405406500819030026,
2040877623639724051,Mon Apr 06 02:00:30 +0000 2026,0,@MarcosC74834264 @MosKdeBirmania O sea el q querías comprar para atesorar. Adquirir un bien (auto casa) y no podías y tenías q ir al blue q estaba mucho más??,2040972888849736153,,MarcosC74834264,es,,0,1,0,https://x.com/undefined/status/2040972888849736153,134527467,
2040806425153409311,Mon Apr 06 02:00:27 +0000 2026,0,@gabrmarcus @ywomendeservles Imagine posting this retarded shit and not even having a blue checkmark for the bait engagement.,2040972875784401366,,gabrmarcus,en,,0,0,0,https://x.com/undefined/status/2040972875784401366,271236291,
2040972873029005737,Mon Apr 06 02:00:27 +0000 2026,0,Massage in riyadh 24/24 jeddah khobar buraydah hofuf dammam https://t.co/k1uA7jjyLV https://t.co/AdF6Nb569M,2040972873029005737,https://pbs.twimg.com/media/HFL9_qsbYAAxpxM.jpg,,in,,0,0,0,https://x.com/undefined/status/2040972873029005737,2005828470253944832,
2040652285974286352,Mon Apr 06 02:00:25 +0000 2026,0,@hiddenUchiha27 @dom_lucre And that is literally Acts 12:4 so no wonder you re confused. I was showing you what the word was in Greek because that s what language the New Testament was written in. It is an app called blue letter Bible that shows you the original Hebrew for the Old Testament and the Greek,2040972866510811504,,hiddenUchiha27,en,,0,0,0,https://x.com/undefined/status/2040972866510811504,1538326386770862080,
2040972866129178755,Mon Apr 06 02:00:25 +0000 2026,0,an LLM would say the color is blue. @heurai_ai s architecture reasons logically that the user has not provided enough supporting detail ( where when etc) to give a near perfect answer this is gonna kill openai and claude https://t.co/U2bjrICSoi,2040972866129178755,https://pbs.twimg.com/media/HFL-AUQbMAA3I0z.jpg,,en,,0,0,0,https://x.com/undefined/status/2040972866129178755,113342997,
2040972859447574998,Mon Apr 06 02:00:23 +0000 2026,0,Coitada da blue,2040972859447574998,,,pt,,0,0,0,https://x.com/undefined/status/2040972859447574998,1491201633287561218,
2040972857279189285,Mon Apr 06 02:00:23 +0000 2026,1,Blue vs Red War Gets INSANE Part 2 #tboi #gaming #short We're diving into another episode of Red Build versus Blue Build comparison in The Binding of Isaac! After seeing this epic run let us know which build you prefer in the comments with #RED or #BLUE ️ https://t.co/I3ArKy3JSg,2040972857279189285,https://pbs.twimg.com/ext_tw_video_thumb/2040972808558198784/pu/img/0jtcauIQX2psg9w9.jpg,,en,,0,0,0,https://x.com/undefined/status/2040972857279189285,1721911531925811200,
2040972854498390378,Mon Apr 06 02:00:22 +0000 2026,0, Dive into the depths of beauty with our Blue Topaz Pendant Necklace! Perfect for any occasion it s a steal at $55.50 and now with our 50% Off Christmas Sale! Add a touch of elegance from à Clef. Shop now: https://t.co/cqDmbSTkbz #earthfruit #springsale https://t.co/prTIrkIbR2,2040972854498390378,https://pbs.twimg.com/media/HFL9_ZDWoAAR6Mp.jpg,,en,,0,0,0,https://x.com/undefined/status/2040972854498390378,1597672192568967171,
2040972853886042164,Mon Apr 06 02:00:22 +0000 2026,0,Sen Patty Murray and all Democrats want to assure you that election fraud is rare and inconsequential. But hey can t explain this chart. This chart shows the running tally. A normal statistical trend would be for the blue line to maintain its average rate of growth over the https://t.co/LezQKpqafZ,2040972853886042164,https://pbs.twimg.com/media/HFL9_sKX0AATsoY.jpg,,en,,0,0,0,https://x.com/undefined/status/2040972853886042164,1929682249802567680,
2040972853328130055,Mon Apr 06 02:00:22 +0000 2026,0,Barley؟ ⎐كُود⎐⎐نمشي⎐ ⊵MFM2⊴ ⎐عطور▬رسيس⎐ ⊵BF71⊴ ⎐وفرها⎐ ⊵KK20⊴ ⎐كؤِبُون⎐Star Blue ^^^^ ⎐خـِصم⎐lNMjY0UzENI https://t.co/SojenafzLJ,2040972853328130055,https://pbs.twimg.com/media/HFL9_RTbIAEEvUc.jpg,,und,,0,0,0,https://x.com/undefined/status/2040972853328130055,1928691663859249152,
2040972849133855180,Mon Apr 06 02:00:21 +0000 2026,3,【Today's SOLAMACHI】 BE@RBRICK BATMAN(BATMAN: HUSH BLUE Ver.) 400％が新登場！漫画「HUSH」シリーズから遂に主人公が参戦！これまでに登場したキャラクターとディスプレイして楽しみましょう！ #medicomtoy #メディコムトイ #bearbrick #ベアブリック #DC #バットマン https://t.co/8d2PKtjp8P,2040972849133855180,https://pbs.twimg.com/media/HFL9_ZNWQAA5O2E.jpg,,ja,,0,0,0,https://x.com/undefined/status/2040972849133855180,121295930,
2040972824383258972,Mon Apr 06 02:00:15 +0000 2026,0, We have a red-state budget and we have blue-state ideals and that doesn t work very well one observer said forcing difficult budget choices every year for Colorado lawmakers. https://t.co/EIwbgRB92i,2040972824383258972,,,en,,0,0,0,https://x.com/undefined/status/2040972824383258972,90479890,
2040972819857649865,Mon Apr 06 02:00:14 +0000 2026,0,But not a word on you My perfect blue oh,2040972819857649865,,,en,,0,0,0,https://x.com/undefined/status/2040972819857649865,1826471745370603520,
2040972817244864929,Mon Apr 06 02:00:13 +0000 2026,1,Explore the @Byzanlink Blue Chip Yield Vault Testnet powered by @hedera. Interact with the RWA vault earn byzanlink points and climb the leaderboard. this is futures Join with me: https://t.co/QuiOB1OB0B,2040972817244864929,,,en,,0,0,0,https://x.com/undefined/status/2040972817244864929,1868799383174889472,
1973857079107666335,Mon Apr 06 02:00:11 +0000 2026,1,@CocoBunniALT x support is useless close the account start again ! x charged me for years without resolution to my problem of denial for my blue check premium account . nothing i could do. 2.5 years later it came back on!,2040972808298086527,,CocoBunniALT,en,,0,1,0,https://x.com/undefined/status/2040972808298086527,1678018004695633921,
2040972805945332218,Mon Apr 06 02:00:11 +0000 2026,0,春の全国交通安全運動実施中 新入学の季節、慣れない道を歩く子ども達が多くなります 通学路、住宅街では、減速＋構えブレーキで かもしれない運転 を心掛けましょう 私たち「豊田自動織機シャイニーブルー」と一緒に交通安全に取り組みましょう‼️ #トヨタグループ交通安全 https://t.co/tL5hZ6KeE8,2040972805945332218,https://pbs.twimg.com/amplify_video_thumb/2040882801516695552/img/NF4zFrTDW2YQDPCC.jpg,,ja,,0,0,0,https://x.com/undefined/status/2040972805945332218,1516333118500012032,
2040972804623864148,Mon Apr 06 02:00:10 +0000 2026,0,AI search is shaping how brands get discovered. When customers ask for answers AI doesn t show ten blue links it delivers recommendations. If your brand isn t part of those answers you re missing out. https://t.co/JHg7YHvVJp,2040972804623864148,https://pbs.twimg.com/media/HFL97t-XwAI9zJ5.png,,en,,0,0,0,https://x.com/undefined/status/2040972804623864148,2013854941283262464,
2040942118517297153,Mon Apr 06 02:00:08 +0000 2026,0,@xbiruxyz morning blue baru mulai ni alhamdulillah baik,2040972795207950781,,xbiruxyz,in,,0,0,0,https://x.com/undefined/status/2040972795207950781,1394281787036078081,
2040972791500169594,Mon Apr 06 02:00:07 +0000 2026,8,#bluesnews - crypto and stock news with my views! GM if you are sick of the sight of Easter eggs! I am not yet It s Easter Monday down under. The weather is overcast but a nice temperature. The beach weather will be back by Wednesday! It s time for me to take a look https://t.co/dw0zAU8fg4,2040972791500169594,https://pbs.twimg.com/tweet_video_thumb/HFL97sOaAAAWHJH.jpg,,en,,0,6,2,https://x.com/undefined/status/2040972791500169594,2803216711,
2040942356325683641,Mon Apr 06 02:00:05 +0000 2026,0,@GuntherEagleman 90% of the blue would move.,2040972784235335737,,GuntherEagleman,en,,0,0,0,https://x.com/undefined/status/2040972784235335737,1594657606676643840,
2040638113685594519,Mon Apr 06 02:00:05 +0000 2026,0,10. Blue counters without hesitation. Their right flank mirrors the movement - but keeps tighter cohesion. Neither side takes the bait. Not yet.,2040972781106671704,,JohnJonBrown,en,,0,1,0,https://x.com/undefined/status/2040972781106671704,1997144175771582464,
1962801867722990007,Mon Apr 06 02:00:05 +0000 2026,0, The Blue Whisper (与君初相识) - 2022 - 22 ep (part 1) &amp; 20 ep (part 2) 42 episodes total - Li Shu (support role) - Romance wuxia fantasy - Netflix Youku &amp; Viki https://t.co/0tUTxUFRzR,2040972780880142847,https://pbs.twimg.com/media/HFL96xeaAAAMvL7.jpg,elmontel_,en,,0,1,0,https://x.com/undefined/status/2040972780880142847,3095708220,
2040608208910254203,Mon Apr 06 02:00:04 +0000 2026,0,@XaHache @ed_dems Ohio might redeem itself this midterm. Big might tho. I d love to see Iowa flip blue again personally.,2040972777839030418,,XaHache,en,,0,0,0,https://x.com/undefined/status/2040972777839030418,1104589392859942913,
2040972775322529937,Mon Apr 06 02:00:03 +0000 2026,4,SNAKES LOOK LIKE FRIENDS SOLID SHIT MIGHT BEND FOR A BLUE BENJAMIN,2040972775322529937,,,en,,0,0,0,https://x.com/undefined/status/2040972775322529937,1840988428902498305,
2040972772189307257,Mon Apr 06 02:00:02 +0000 2026,0,that part in blue box where the girl is sobbing to the guy she loves cus he likes someone else even tho he s known her longer and they have more memories &amp; asking why she s not enough made me bawlll cus i ve been in the same boat,2040972772189307257,,,en,,0,0,0,https://x.com/undefined/status/2040972772189307257,701097095818776576,
2040972767214915990,Mon Apr 06 02:00:01 +0000 2026,34,This is why we can't have nice things. I'm a disabled trans man but I'm also a Medicaid patient. I'm also a person who uses food stamps. I'm also a person who has been through houselessness in this country. I am also a person who has gone through substance use and https://t.co/TkbM1ZbNHX,2040972767214915990,https://pbs.twimg.com/amplify_video_thumb/2040794250561093632/img/HU-LMgOrzGe5luV-.jpg,,en,,2,7,5,https://x.com/undefined/status/2040972767214915990,2941665345,
2040972765881401411,Mon Apr 06 02:00:01 +0000 2026,159,มาร่วมงานเปิดบ้าน เฮียฟู่ พร้อมความสนุกสุดป่วนใน Fu House Opening Night ที่จะพาคุณไปรู้จักกับเหล่านักแสดง ตัวละครต่างๆ และเพลิดเพลินไปกับเรื่องราวของซีรีส์ พี่ฟากชอบเธอมู่ Crazy Love Moo-Moo! ตอนแรก!! #พี่ฟากชอบเธอมู่ #CrazyLoveMooMoo ️ SAT 9 MAY 2026 Major https://t.co/Fii7BTRvX7,2040972765881401411,https://pbs.twimg.com/media/HFLtyBsbUAAdTkz.jpg,,th,,31,17,137,https://x.com/undefined/status/2040972765881401411,2022011563620937731,
2040972765692383574,Mon Apr 06 02:00:01 +0000 2026,0, You're not obligated to win. You're obligated to keep trying to do the best you can every day. Marian Wright Edelman #MajesticBlue #GoodMonday #mindsetshift #successmindset #motivationalquotes #MarianWrightEdelman #doyourbest https://t.co/KUvNuAVYCm,2040972765692383574,https://pbs.twimg.com/media/HFL0EefbsAARLGZ.jpg,,en,,0,0,0,https://x.com/undefined/status/2040972765692383574,1668639329483374592,
2040972765637861756,Mon Apr 06 02:00:01 +0000 2026,1,ヴァシュロンコンスタンタン VACHERON CONSTANTIN オーヴァーシーズ OVERSEAS オートマティック AUTOMATIC ブルーラッカー BLUE LACQUER 4520V/210R-B705 4500V/110A-B128 https://t.co/J2wKoDsmtZ,2040972765637861756,https://pbs.twimg.com/media/HD1vYiDboAEBWSU.jpg,,ja,,0,0,0,https://x.com/undefined/status/2040972765637861756,1834877645966000129,
2040972764606296322,Mon Apr 06 02:00:01 +0000 2026,0,Sanmenhai A Sapphire Nestled Deep in the Mountains With waters as blue as sapphires nestled in the embrace of the mountains this is Hechi s love poem to the earth. https://t.co/EkdD8dtufS,2040972764606296322,https://pbs.twimg.com/media/HE95fe9b0AAnA9_.jpg,,en,,0,0,0,https://x.com/undefined/status/2040972764606296322,1602923248370741248,
2040972764258189737,Mon Apr 06 02:00:01 +0000 2026,0,The Toronto Blue Jays are making some changes in their bullpen ahead of Sunday s series finale in Chicago. https://t.co/08w9UENtu0,2040972764258189737,,,en,,0,0,0,https://x.com/undefined/status/2040972764258189737,71080496,
2040972762630574191,Mon Apr 06 02:00:00 +0000 2026,1,breaking: fighting game player plays game he has maybe less than 20 hours in and realizes he wants to actually get good at it but that means going on another journey full of pain (lots of pain) self reflection and triumphs with his trusty blue haired rapier stand girl https://t.co/JUMFbPKKc9,2040972762630574191,https://pbs.twimg.com/tweet_video_thumb/HFL96GObsAAybyN.jpg,,en,,0,1,0,https://x.com/undefined/status/2040972762630574191,994328139735228417,
2040972761502527876,Mon Apr 06 02:00:00 +0000 2026,0,「舞姫」 Dance Warrior 「逃げないよ。ここが、私の立つ場所だから。」 I won t run. This is where I stand. Model:Illustrious-Simple Anime #ShadowRunnerOfTheAshes #aiart #aiartwork #AIイラスト #AIillustration #BluePilotSuit20260406 https://t.co/Ayg1YGCrv0,2040972761502527876,https://pbs.twimg.com/media/HFAXOSyawAAxhKy.jpg,,ja,,0,0,0,https://x.com/undefined/status/2040972761502527876,1666121990862950400,
2040972761032425756,Mon Apr 06 02:00:00 +0000 2026,0,️[Double]️ ˗ˋˏLimited JJAM EVENTˎˊ˗ ༘༘˚ ️4/6 12PM KST~ Hurry! Until sold out! (소진 시 종료) Get double Blue Jams now! A chance to earn up to 200 000 Blue Jams! 지금 블루잼을 두배로 받으세요! 최대 200 000 블루잼 얻을 수 있는 기회 .ᐟ Don t miss it! Limited quantity https://t.co/79nKFSTFss,2040972761032425756,https://pbs.twimg.com/media/HE4Bx_ybIAAl9SS.png,,ko,,0,0,0,https://x.com/undefined/status/2040972761032425756,1556541258696622080,
2040972760910835830,Mon Apr 06 02:00:00 +0000 2026,0,In progress Stickman: Comic SCP-542 #digitalart #Art #drawing #drawings #illustration #draw #IDEAS #SCP #SCPFoundation https://t.co/jtmaMOvJLx,2040972760910835830,https://pbs.twimg.com/media/G98IRS9WMAE4EVX.jpg,,en,,0,0,0,https://x.com/undefined/status/2040972760910835830,1876909830079918080,
2040972749712351322,Mon Apr 06 01:59:57 +0000 2026,3,劇場の着信音、ホント許して。携帯が普及し始めてから30年経ってるんだから、客に電源オフを頼むのは限界なのでは？　サントリーホールとかみたいに館内を圏外にしてしまうのが一番だけど、コストがかかるらしい。「Blue Man」のlate arrival（遅刻客を笑いに変える）みたいにネタにするしかないのか？,2040972749712351322,,,ja,,0,0,2,https://x.com/undefined/status/2040972749712351322,80224538,
2040916854877954115,Mon Apr 06 01:59:55 +0000 2026,0,@adamcarolla @CountryByrdman And he wants to run the country. His group of fraudsters and the Blue no matter what will actually vote for him. Plus add the illegal &amp; fraudulent votes since @LeaderJohnThune is spineless that will vote to elect him. Scary thought.,2040972740589469774,,adamcarolla,en,,0,0,0,https://x.com/undefined/status/2040972740589469774,504981388,
2040972739453014316,Mon Apr 06 01:59:55 +0000 2026,0,Massage in riyadh 24/24 https://t.co/k1uA7jjyLV riyadh ️️⏳ https://t.co/MaYHSA2NKx,2040972739453014316,https://pbs.twimg.com/media/HFL92_ta8AAkuWe.jpg,,hi,,0,0,0,https://x.com/undefined/status/2040972739453014316,2005828470253944832,
2040937911617544323,Mon Apr 06 01:59:50 +0000 2026,2,@starryshw no particular order: main attraction baby blue sorry to myself enemies with benefits this! https://t.co/nKqfTLMEJD,2040972721761460548,,starryshw,en,,0,0,0,https://x.com/undefined/status/2040972721761460548,2436295352,
2040972720872243354,Mon Apr 06 01:59:50 +0000 2026,7,BLUE GATHERING!! #아니_다들조용_오늘민규생일 #OurSunriseMINGYUday https://t.co/UZLOw0Dy6v,2040972720872243354,https://pbs.twimg.com/amplify_video_thumb/2040972707207221248/img/WvocFV4TsAegcDEJ.jpg,,en,,0,0,1,https://x.com/undefined/status/2040972720872243354,4812788946,
2040969722188165158,Mon Apr 06 01:59:47 +0000 2026,0,@LP1980AA @terrybythebay Unfortunately it s one of the few ways for blue collar workers to get some stress relief while staying functional and ready for their hustles so the government isn t eager to try to end it ,2040972707127550235,,LP1980AA,en,,0,1,0,https://x.com/undefined/status/2040972707127550235,532488124,
2040942356325683641,Mon Apr 06 01:59:47 +0000 2026,0,@GuntherEagleman Wait a minute you need to put Montana in the red!!! I am not blue at all!!! We will fight with the red side thank you!,2040972706699760049,,GuntherEagleman,en,,0,0,0,https://x.com/undefined/status/2040972706699760049,1901354181602197504,
2040945229692371384,Mon Apr 06 01:59:46 +0000 2026,0,@MarioNawfal @Bob_Joober You disagree when it is an opinion not when it is a false statement red is nicer than blue you can agree or disagree but 1+1=2 disagreeing on that ,2040972701871861824,,MarioNawfal,en,,0,0,0,https://x.com/undefined/status/2040972701871861824,20141838,
2040956174044914074,Mon Apr 06 01:59:45 +0000 2026,0,@SprecksNY The question is gonna be which players do the Rangers feel like are true keepers or who they think are just on a hot streak. Again they need an infusion of talent. Need speed on the blue line too. I still think they move Trocheck but we will see.,2040972697874686436,,SprecksNY,en,,0,0,0,https://x.com/undefined/status/2040972697874686436,620880530,
2040963089156223081,Mon Apr 06 01:59:44 +0000 2026,8,@Nyazsche Imagine if the music just turned the flowers blue,2040972695169548587,,Nyazsche,en,,0,0,0,https://x.com/undefined/status/2040972695169548587,2002390314200571904,
2040972694892507337,Mon Apr 06 01:59:44 +0000 2026,0,zoro؟ ⎐كُود⎐⎐ايهرب⎐ايهيرب اهرب ⊵IQH8946⊴ ▬تطبيق▬EZHIRE▬لتاجير▬السيارات▬ ⎐D48⎐ ▬مترو▬برازىل⎐ ⊵DZKD⊵ ⎐كؤِبُون⎐Soft Blue ^^^^ ⎐خـِصم⎐kVCogEMuH5s https://t.co/Sk7D4WCf4A,2040972694892507337,https://pbs.twimg.com/media/HFL92IjaoAImalH.jpg,,ar,,0,0,0,https://x.com/undefined/status/2040972694892507337,1185214148390608896,
2040972690731712687,Mon Apr 06 01:59:43 +0000 2026,19,Kansas always impresses me with its It might hit it might not weather patterns. For the past 3 years in row on my annual cross country road trip I have run straight into the path of tornadoes where the sky goes from clear blue to this. I assure you it is not a fun experience. https://t.co/3y3NBgrKLL,2040972690731712687,https://pbs.twimg.com/media/HFL92C5WMAA14Lp.jpg,,en,,0,2,1,https://x.com/undefined/status/2040972690731712687,1602745396375293955,
2040898845887074482,Mon Apr 06 01:59:43 +0000 2026,0,@BlueBarronPhoto Safe travels! Go Blue!,2040972689850953842,,BlueBarronPhoto,en,,0,0,0,https://x.com/undefined/status/2040972689850953842,16013692,
2040972686525174166,Mon Apr 06 01:59:42 +0000 2026,0,QT Blue and Yellow art https://t.co/8TV11GNKSG,2040972686525174166,https://pbs.twimg.com/media/HFL9uXVaYAAOr18.jpg,,en,,0,0,0,https://x.com/undefined/status/2040972686525174166,101021258,
2040972684876525946,Mon Apr 06 01:59:42 +0000 2026,0,It s illegal to have a cardinal and/or blue jay as a pet??,2040972684876525946,,,en,,0,0,0,https://x.com/undefined/status/2040972684876525946,1042412845894430720,
2040972670704238982,Mon Apr 06 01:59:38 +0000 2026,0,( a light smirk as blue claws come up to cup the others face . ) Good ? It looks hot actually . ( hands wander along his chest and then down to his thighs claws digging into flesh . ),2040972670704238982,,,en,,0,0,0,https://x.com/undefined/status/2040972670704238982,2013853328170684416,
2040972654476181675,Mon Apr 06 01:59:34 +0000 2026,1,Blue Jays lose again today And next we play the LA Dodgers ,2040972654476181675,,,en,,0,1,0,https://x.com/undefined/status/2040972654476181675,47195799,
2040972642715357354,Mon Apr 06 01:59:33 +0000 2026,0,In this spirit of rebirth with dogwoods and lilies blossoming all over the Blue Ridge I share this classic from one of Father Richard Rohr s old Easter messages:,2040972646670541160,,tomperriello,en,,0,1,0,https://x.com/undefined/status/2040972646670541160,14384907,
2040961983844061437,Mon Apr 06 01:59:32 +0000 2026,0,@emblastoons fluffy blue hair,2040972643189285219,,emblastoons,en,,0,0,0,https://x.com/undefined/status/2040972643189285219,1660457641800355844,
2040972639099871634,Mon Apr 06 01:59:31 +0000 2026,1,grey and blue in deltarune https://t.co/olZWNHmtM6,2040972639099871634,https://pbs.twimg.com/media/HFL9tlIWAAE_w3C.jpg,,en,,0,1,0,https://x.com/undefined/status/2040972639099871634,2040096149902704640,
2040942394024001935,Mon Apr 06 01:59:31 +0000 2026,0,@partydadz the fact he rlly had blue hair and they just used it,2040972638508507527,,partydadz,en,,0,0,0,https://x.com/undefined/status/2040972638508507527,1871428552437952512,
2040801426524303703,Mon Apr 06 01:59:28 +0000 2026,0,@BTForCongress Yes compare that to blue states? The costs are rising naturally. Insurance costs go up because natural disasters and storms.,2040972626340778098,,BTForCongress,en,,0,0,0,https://x.com/undefined/status/2040972626340778098,784093616855801856,
2040964358440677736,Mon Apr 06 01:59:24 +0000 2026,1,I listened to Black radio growing up but there were a few white songs that crossed over to Black radio and this was one of them. I don't count blue-eyed soul that's different. -Also Madonna's Borderline Suzanne Vega's Tom's Diner and Simply Red's Holding Back the Years.,2040972610377273404,,MsGo,en,,0,0,0,https://x.com/undefined/status/2040972610377273404,9587442,
2040972610075275589,Mon Apr 06 01:59:24 +0000 2026,2,Actually forget it I just ran out of blue polish *cries loudly*,2040972610075275589,,,en,,0,0,0,https://x.com/undefined/status/2040972610075275589,1904720816660414464,
2040638113685594519,Mon Apr 06 01:59:23 +0000 2026,0,9. At 60 yards - Red makes the first subtle move. Their left flank knights shift wider than expected not charging just stretching the line. Blue notices immediately.,2040972607525388497,,JohnJonBrown,en,,0,1,0,https://x.com/undefined/status/2040972607525388497,1997144175771582464,
2040890787328569806,Mon Apr 06 01:59:23 +0000 2026,0,@TrolanJames3 The shoes are the giveaway. The blue airmaxes came out in 1989...Dude in the middle has them on. https://t.co/jwqTcyFYdX,2040972607164477654,https://pbs.twimg.com/media/HFL9xVWbwAAKfK9.jpg,TrolanJames3,en,,0,1,0,https://x.com/undefined/status/2040972607164477654,18057762,
2040972583345222130,Mon Apr 06 01:59:17 +0000 2026,1,ross colton you beautiful big headed blue eyed man #goavsgo,2040972583345222130,,,en,,0,0,0,https://x.com/undefined/status/2040972583345222130,1306681297297784832,
2040972571106218099,Mon Apr 06 01:59:15 +0000 2026,0,Massage in riyadh 24/24 https://t.co/k1uA7jjyLV riyadh ️ https://t.co/2cdTkqRLXX,2040972571106218099,https://pbs.twimg.com/media/HFL9tKEaYAEwMPq.jpg,,hi,,0,0,0,https://x.com/undefined/status/2040972571106218099,2005828470253944832,
2040926407065579725,Mon Apr 06 01:59:13 +0000 2026,0,@hotahotasa45082 They will try to turn your hair blue. The rest is easily googled.,2040972563996967085,,hotahotasa45082,en,,0,0,0,https://x.com/undefined/status/2040972563996967085,1519025668369137664,
2040926326878810515,Mon Apr 06 01:59:13 +0000 2026,0,@blue_game7 blueさん おはようございます〜,2040972563715899470,,blue_game7,ja,,0,0,0,https://x.com/undefined/status/2040972563715899470,1511602070595375106,
2040516857388798030,Mon Apr 06 01:59:12 +0000 2026,0,@DanForTexas My all time favorite is still the one with the blue pony car. You know the one...,2040972561534550272,,DanForTexas,en,,0,1,0,https://x.com/undefined/status/2040972561534550272,822931543450587136,
2040957803964076189,Mon Apr 06 01:59:12 +0000 2026,2,@chi_urbanist I used to really like how everybody just knew how to make two queues for the EB and WB 76 at the old Blue Line stop. That s good humaning.,2040972559873613885,,chi_urbanist,en,,0,0,0,https://x.com/undefined/status/2040972559873613885,822988539847643136,
2040818720654663869,Mon Apr 06 01:59:11 +0000 2026,0,@ManifestHistory I recommend reading The New Testament first. Then read the Chronological version of the whole Bible on Blue Letter Bible.,2040972557629923622,,ManifestHistory,en,,0,0,0,https://x.com/undefined/status/2040972557629923622,1987209407072190464,
2040972557445173688,Mon Apr 06 01:59:11 +0000 2026,0,ᅠ⠀ ᅠ⠀ ᅠ⠀ 𝐁𝐋𝐔𝐄 𝐌͟𝐀͟𝐑͟𝐕͟𝐄͟𝐋͟. ᅠ⠀ ᅠ⠀,2040972557445173688,,,ko,,0,0,0,https://x.com/undefined/status/2040972557445173688,1543765721171300356,
2040853598070862123,Mon Apr 06 01:59:11 +0000 2026,0,@sugarNcarbs no where to be found on a low iq phag paying for blue checks like you that s for sure,2040972557394796697,,sugarNcarbs,en,,0,1,0,https://x.com/undefined/status/2040972557394796697,1033252620419432448,
2040972191098188042,Mon Apr 06 01:59:11 +0000 2026,0,Do I go with the obvious of something white? Or the outfit with the most colors.. or the one I look best in even if it s black or blue.. rapture fit ideas? Anyone have a rapture ready fashion Pinterest board?,2040972555046224359,,SeriousSadie1,en,,0,0,0,https://x.com/undefined/status/2040972555046224359,1898519791,
2040961856085614631,Mon Apr 06 01:59:08 +0000 2026,0,@LaNativePatriot You're cool. You interact with people who have no blue check and few followers. You engage when people disagree with you. You're one of the real ones Bro.,2040972542735782344,,LaNativePatriot,en,,0,0,0,https://x.com/undefined/status/2040972542735782344,1087167094498701313,
2040930024551743600,Mon Apr 06 01:59:05 +0000 2026,0,@UMvsEveryone Go Blue!,2040972530337321283,,UMvsEveryone,en,,0,0,0,https://x.com/undefined/status/2040972530337321283,1919921,
2040947017992610012,Mon Apr 06 01:59:03 +0000 2026,1,@the_moral_abc I think it s possible that was the initial reason I followed you? I don t Back the Blue,2040972523605733565,,the_moral_abc,en,,0,1,0,https://x.com/undefined/status/2040972523605733565,881607085,
2040941628865511712,Mon Apr 06 01:59:01 +0000 2026,0,@MoonKni3379684 @ViewpointGeek Made it blue-er just for you https://t.co/AVqtu1rVk7,2040972515405635833,https://pbs.twimg.com/media/HFL9sCBWcAApgkR.jpg,MoonKni3379684,en,,0,0,0,https://x.com/undefined/status/2040972515405635833,1840028976858968070,
2040826166269931634,Mon Apr 06 01:59:01 +0000 2026,0,@JamesTate121 When you ve won ~85% of the country s counties some will be poor sadly poverty does exist in the USA and each state has their own lower middle and upper classes. Which state has the highest homeless population? We all know that answer and it s deep deep Blue. ‍️,2040972514193498433,,JamesTate121,en,,0,0,0,https://x.com/undefined/status/2040972514193498433,1586052379622916101,
2040927470208365024,Mon Apr 06 01:58:57 +0000 2026,1,@Blue4444ceu Blueさん 自分はいじめをしていない。からかっただけは、後付けの言い訳なんですよね。 後付けは、なんぼでもできるんですよね。,2040972496359534681,,Blue4444ceu,ja,,0,1,0,https://x.com/undefined/status/2040972496359534681,1909511217171120133,
2040972477640106473,Mon Apr 06 01:58:52 +0000 2026,0,i did get a pink shower cap that s terry cloth inside they had pink and blue and literally every kind,2040972477640106473,,,en,,0,0,0,https://x.com/undefined/status/2040972477640106473,721056846329606144,
2040870293749797329,Mon Apr 06 01:58:52 +0000 2026,1,@huenspired @1TYUNN probably minisode1 blue hour i think ,2040972475685912966,,huenspired,en,,0,0,0,https://x.com/undefined/status/2040972475685912966,1945573191134711811,
2040306095294415313,Mon Apr 06 01:58:50 +0000 2026,1,@JDarling56236 @njalbertini @ChristianHeiens Are you aware that all of the food drinking water fuel and toilet paper that urban centers depend on come from rural areas? If red states secede they will likely face economic hardship but the blue states will have hunger energy shortages and cholera outbreaks.,2040972467221528744,,JDarling56236,en,,0,1,0,https://x.com/undefined/status/2040972467221528744,1371337417987391490,
2040792642565652856,Mon Apr 06 01:58:49 +0000 2026,0,@saniyafatma1278 2 I love the blue color it looks beautiful with her hair color,2040972463371370996,,saniyafatma1278,en,,0,0,0,https://x.com/undefined/status/2040972463371370996,1838764607143579648,
2040948618928992367,Mon Apr 06 01:58:46 +0000 2026,0,@seanhannity If Republicans were smart which they aren t they should see the writing is on the wall for a Blue Wave in November simply because this madman in office is going to hand it to them on a platter. Sean your political theater you call a game is coming to an end.,2040972449508950064,,seanhannity,en,,0,0,0,https://x.com/undefined/status/2040972449508950064,1371934813519810560,
2040972294843932808,Mon Apr 06 01:58:09 +0000 2026,0,Pitch؟ ⎐كُود⎐⎐ترينديول⎐ ⊵OMM⊴ ⎐مفارش▬الحبيب⎐ ⊵FF35⊴ ⎐فاشون▬اس▬اي⎐ ⊵QS⊴ ⎐كؤِبُون⎐Deep Blue ^^^^ ⎐خـِصم⎐zzMmcJluwWX https://t.co/k4m73Ycpvz,2040972294843932808,https://pbs.twimg.com/media/HFL9e6OWcAAF0_L.jpg,,und,,0,0,0,https://x.com/undefined/status/2040972294843932808,1352642371654217734,
2040902190781350081,Mon Apr 06 01:58:07 +0000 2026,0,@AaronYo2023 @Lukewearechange When he matches the theft from the poor and disabled in Blue cities and states then I will GAF.,2040972288066273722,,AaronYo2023,en,,0,0,0,https://x.com/undefined/status/2040972288066273722,1781426851409166339,
2040083151364427944,Mon Apr 06 01:58:04 +0000 2026,0,@CineplexMovies @buppybishop Blue ,2040972276502503831,,CineplexMovies,en,,0,0,0,https://x.com/undefined/status/2040972276502503831,246911532,
2040912168422379683,Mon Apr 06 01:58:04 +0000 2026,0,@Kentniming @jkimballcook Wow! Epic blue dart!,2040972275676233788,,Kentniming,en,,0,0,0,https://x.com/undefined/status/2040972275676233788,2503382958,
2040972266830176574,Mon Apr 06 01:58:02 +0000 2026,0,caribbean blue - enya,2040972266830176574,,,in,,0,0,0,https://x.com/undefined/status/2040972266830176574,1214327556905820160,
2040936352737538175,Mon Apr 06 01:58:01 +0000 2026,0,@3k___pnt Your iori cosplay is so good! https://t.co/jdJN63JMAV,2040972262623559923,https://pbs.twimg.com/tweet_video_thumb/HFL9dC4bMAAt8U5.jpg,3k___pnt,en,,0,0,0,https://x.com/undefined/status/2040972262623559923,133944301,
2040972261944143982,Mon Apr 06 01:58:01 +0000 2026,0,【書籍フェア情報】 4/24(金)より『on BLUE comics 秀良子先生「STAYGOLDシリーズ」完結フェア』 開催決定シャチ 期間中、対象商品を購入で《シリアル応募用紙》をお渡しいたします‼️抽選で《サイン入りフェア特製ポスター(全1種)》をプレゼント #秀良子 先生 詳細はPOPをチェック https://t.co/x96p4tMHD5,2040972261944143982,https://pbs.twimg.com/media/HFL9bTPaEAAhX4K.jpg,,ja,,0,0,0,https://x.com/undefined/status/2040972261944143982,3321899244,
2040957628071723030,Mon Apr 06 01:58:00 +0000 2026,0,@CMSgoblue1 If Yaxel is at at least 50% effective they will beat the brakes off of UConn 92-75. Go Blue,2040972259720937922,,CMSgoblue1,en,,0,0,0,https://x.com/undefined/status/2040972259720937922,4646819783,
2040972257196196250,Mon Apr 06 01:58:00 +0000 2026,0,Blue sky green grass and the Eleglide T1 ST by your side. ️ What better way to spend the day than a fun effortless ride on your favorite e-bike? Adventure awaits let the T1 ST take you there. by József H. . . #eleglide #eleglidet1st #bikelife #cyclinglove #weekendvibes https://t.co/ZcfdZ5BQqy,2040972257196196250,https://pbs.twimg.com/media/HEzLWa4bUAAu_7b.jpg,,en,,0,0,0,https://x.com/undefined/status/2040972257196196250,1407606310028328963,
2040972245829624071,Mon Apr 06 01:57:57 +0000 2026,0,i hope this April 2026 onwards we all learn to choose our battles. Not all those who have a blue checkmark here on Twitter is reliable source they could be a bot! So before you make a lengthy reply check the account it they really deserve a reply. Otherwise click report ,2040972245829624071,,,en,,0,1,0,https://x.com/undefined/status/2040972245829624071,1302587980637523968,
2040972243866378733,Mon Apr 06 01:57:57 +0000 2026,31,Was driving home from dinner beautiful orange and blue sunset out the window and ugh man. We really thought we d be in Indy tn seeing that sunset on the eve of a title game. It s hard turning the page and realizing that was the last one,2040972243866378733,,,en,,0,0,0,https://x.com/undefined/status/2040972243866378733,1239279602721161216,
2040972239861096708,Mon Apr 06 01:57:56 +0000 2026,0,Massage in riyadh 24/24 jeddah khobar buraydah hofuf dammam ️ https://t.co/k1uA7jjyLV https://t.co/bZYboAJWbU,2040972239861096708,https://pbs.twimg.com/media/HFL9aIJbcAAmi-u.jpg,,in,,0,0,0,https://x.com/undefined/status/2040972239861096708,2005828470253944832,
2040972238145339561,Mon Apr 06 01:57:55 +0000 2026,1,hm.... the blue of it all https://t.co/PXyOsNz1UX,2040972238145339561,https://pbs.twimg.com/media/HFL9b2WacAAPAsW.jpg,,en,,0,0,0,https://x.com/undefined/status/2040972238145339561,746073305459855361,
2040909183525048638,Mon Apr 06 01:57:54 +0000 2026,0,@NateSilver538 Is there any common sense blue left in here?,2040972234471444592,,NateSilver538,en,,0,0,0,https://x.com/undefined/status/2040972234471444592,1518678001214312448,
2040972233389072598,Mon Apr 06 01:57:54 +0000 2026,0,Coconut؟ ⎐كُود⎐⎐تويو⎐ ⊵GY14⊴ ⎐اديداس⎐ ⊵RAN256⊴ ▬لىفل▬شوز▬لىفىل▬ ⊵KLM⊴ ⎐كؤِبُون⎐Modern Blue ^^^^ ⎐خـِصم⎐8DVXxsCA93C https://t.co/ZvUFLnojWr,2040972233389072598,https://pbs.twimg.com/media/HFL9bVUbwAAhH5X.jpg,,und,,0,0,0,https://x.com/undefined/status/2040972233389072598,1917141611898642432,
2040972229794775286,Mon Apr 06 01:57:53 +0000 2026,1,Baby Blue Lucite Flower Earrings: Swarovski Crystal Silver Dro by ElegantJewelryCo https://t.co/Zzl7ATUFPq via @Etsy,2040972229794775286,,,en,,0,0,0,https://x.com/undefined/status/2040972229794775286,1011361370074255360,
2040972229484093657,Mon Apr 06 01:57:53 +0000 2026,0,Blue Jay,2040972229484093657,,,en,,0,0,0,https://x.com/undefined/status/2040972229484093657,1628625628130955264,
2040852135710224587,Mon Apr 06 01:57:47 +0000 2026,0,@visualsofearth1 My neighbor blue jay is actually polite. I leave unsalted peanuts in the shell for him. He/she stares at me and cocks his head; as if to say Thank you. He gets his peanuts and goes! He is quite beautiful!,2040972201936228831,,visualsofearth1,en,,0,0,0,https://x.com/undefined/status/2040972201936228831,100121166,
2040972199796883469,Mon Apr 06 01:57:46 +0000 2026,0,One wore combat boots. One wore turnout gear. Both breathed the same poison. Both got the same diseases. Both spent years being told it wasn't what they thought it was. Same smoke. Different uniform. https://t.co/ntY1pgzjQS #Veterans #Firefighters #BurnPits #PACTAct,2040972199796883469,,,en,,1,0,0,https://x.com/undefined/status/2040972199796883469,1857216885655216128,
2040972195271160075,Mon Apr 06 01:57:45 +0000 2026,5,خير أنيس️ #سلطان_بن_نايف https://t.co/bxzaaXUBPQ,2040972195271160075,https://pbs.twimg.com/media/HFL9ZVaaQAATWbf.jpg,,ar,,0,0,0,https://x.com/undefined/status/2040972195271160075,1767626889571536896,
2040972189500092505,Mon Apr 06 01:57:44 +0000 2026,0,Roses are red Violets are blue . https://t.co/0hAkO2nJnH,2040972189500092505,https://pbs.twimg.com/media/HFL9V7ebgAAEXxb.jpg,,en,,0,0,0,https://x.com/undefined/status/2040972189500092505,2018898566152941568,
2040817947216687355,Mon Apr 06 01:57:38 +0000 2026,0,@lordvictor Bright blue is reaaally hard without modern tech. But most other colors yea.,2040972165407760759,,lordvictor,en,,0,0,0,https://x.com/undefined/status/2040972165407760759,2475102488,
2040904977640485248,Mon Apr 06 01:57:38 +0000 2026,0,@SenWarren If Blue states controlled their massive government fraud and corruption and stopped giving more to illegal aliens than to our own hard-working citizens and veterans you could do way more than that. Wake up Poca.,2040972164602429518,,SenWarren,en,,0,0,0,https://x.com/undefined/status/2040972164602429518,1597406819579842561,
2040906163726733560,Mon Apr 06 01:57:37 +0000 2026,0,@TrueJanToth @FROZENNcs No blue checkmark or anything. Just being mind-numbingly stupid for the love of the game.,2040972163457400931,,TrueJanToth,en,,0,0,0,https://x.com/undefined/status/2040972163457400931,1789079744090112000,
2040972161339314452,Mon Apr 06 01:57:37 +0000 2026,1,ai jurooo losing him was blue like i'd never known!!!!! missing him was dark gray all alone!!!!!,2040972161339314452,,,en,,0,0,0,https://x.com/undefined/status/2040972161339314452,1440742863113887751,
2040972151633686556,Mon Apr 06 01:57:35 +0000 2026,0,blue dream &amp; lean mixtape was life changing omg happy birthday to this icon,2040972151633686556,,,en,,0,0,0,https://x.com/undefined/status/2040972151633686556,1257596078276382720,
2040333849905758347,Mon Apr 06 01:57:33 +0000 2026,0,@liberal_jamie @theliamnissan Well not if y all dumb mf s don t try lol of course not. A lot of the blue team really thinks they can do it without all these people and they re dead fucking wrong to believe that shit. It ll cost them the next election easily lol,2040972144394248570,,liberal_jamie,en,,0,0,0,https://x.com/undefined/status/2040972144394248570,519007726,
2040930519009898732,Mon Apr 06 01:57:31 +0000 2026,0,@kylenabecker No doubt all blue Delaware is REAL proud. Number 9 in the nation! Yea!! @MattMeyerDE,2040972136697778428,,kylenabecker,en,,0,0,0,https://x.com/undefined/status/2040972136697778428,163188629,
2040932946207465618,Mon Apr 06 01:57:30 +0000 2026,0,@ElectricRob @BStarr119 @Snowwhite6508 @Smokehbear Haha Smokehbear's officially bottled blue glow bubbles and all! Only way the police could top this is with a siren. What's next on the Tesla Florida menu? ,2040972133627486260,,ElectricRob,en,,0,0,0,https://x.com/undefined/status/2040972133627486260,1720665183188922368,
2040848022901563581,Mon Apr 06 01:57:27 +0000 2026,0,@erosoundmusic @oldstatemark @GovernorLittle It's just another blue state form of taxation on small business owners that needs abolished.,2040972121183289591,,erosoundmusic,en,,0,0,0,https://x.com/undefined/status/2040972121183289591,1853595778574688256,
2040972119274885343,Mon Apr 06 01:57:27 +0000 2026,0,【大阪・平野町】「自家製粉石臼挽きうどん 青空blue」-都会の真ん中で出会う 小麦の青空 | ＃大阪うどん　＃大阪ランチ https://t.co/m8nU1W7oUN,2040972119274885343,,,ja,,0,0,0,https://x.com/undefined/status/2040972119274885343,96033165,
2040870011078623395,Mon Apr 06 01:57:25 +0000 2026,0,@KatrinaCA @FireDad182 Yes I feel the same. Wonder whether I should cancel my blue check that I recently obtained.,2040972109996761576,,KatrinaCA,en,,0,0,0,https://x.com/undefined/status/2040972109996761576,1025554454811172864,
2040953690857549891,Mon Apr 06 01:57:24 +0000 2026,1,@data_republican @JHWalz32 I pay for my blue checkmark gladly. I m so grateful @elonmusk bought X.,2040972109061488751,,data_republican,en,,0,0,0,https://x.com/undefined/status/2040972109061488751,2377725654,
2040972105219485806,Mon Apr 06 01:57:23 +0000 2026,3,i hate that blue luma from the mario movies so much ooo mario look i wanna die HURRY UP,2040972105219485806,,,en,,0,0,0,https://x.com/undefined/status/2040972105219485806,1591647026613297152,
2040970891283071347,Mon Apr 06 01:57:19 +0000 2026,0,@trisberrybliss Looking gorgeous in blue.,2040972084562596091,,trisberrybliss,en,,0,0,0,https://x.com/undefined/status/2040972084562596091,1520369104644886529,
2040972082419556850,Mon Apr 06 01:57:18 +0000 2026,0,Massage in riyadh 24/24 jeddah khobar buraydah hofuf dammam ️‍️ https://t.co/k1uA7jjyLV https://t.co/wkfnULccaF,2040972082419556850,https://pbs.twimg.com/media/HFL9RPPbIAAaG36.jpg,,in,,0,0,0,https://x.com/undefined/status/2040972082419556850,2005828470253944832,
2040972065059291304,Mon Apr 06 01:57:14 +0000 2026,0,Blue #sky this #morning. #mumbai #air #clouds https://t.co/NnLGP3BWUb,2040972065059291304,https://pbs.twimg.com/media/HFL9Rata4AAmb8b.jpg,,en,,0,0,0,https://x.com/undefined/status/2040972065059291304,797430883,
2040972052937494840,Mon Apr 06 01:57:11 +0000 2026,0,Elvis Presley - Blue Suede Shoes (Aloha From Hawaii Live in Honolulu 1973 https://t.co/TnzFQ8Mf8h via @YouTube https://t.co/A2WlbIgfNN,2040972052937494840,,,en,,0,0,0,https://x.com/undefined/status/2040972052937494840,705890784319377409,
2040972049296863383,Mon Apr 06 01:57:10 +0000 2026,0,This video always sends me. Zionists really wants us to look at blonde aryan blue eyed looking bitch from the heart of europe and say ah an Indigenous women of the Levant- ,2040972049296863383,,,en,,0,0,0,https://x.com/undefined/status/2040972049296863383,1955118415292600320,
2040801426524303703,Mon Apr 06 01:57:03 +0000 2026,0,@BTForCongress I've lived here my whole life more than 50 years. Voting since I was 18 for only democrats. But here we are. I miss being a blue state. ,2040972020972749227,,BTForCongress,en,,0,0,0,https://x.com/undefined/status/2040972020972749227,1346113930897350656,
2040724122385203242,Mon Apr 06 01:57:01 +0000 2026,0,@AntiLeftMemes I voted for that and so much more break out the water cannons with blue toilet dye so that can t hide later,2040972009069285866,,AntiLeftMemes,en,,0,0,0,https://x.com/undefined/status/2040972009069285866,1923855495196196864,
2040972007588930025,Mon Apr 06 01:57:00 +0000 2026,3,【訴状のツボ　不法行為だらけ（まだ抜粋）】 大津綾香「人としての正しさ 」 管財人さん「 」 （上記風景が個人的予想ｗ） ＃大津綾香 https://t.co/9vWN0ZH76C,2040972007588930025,https://pbs.twimg.com/media/HFL8o8vaUAAivy8.jpg,,ja,,0,0,0,https://x.com/undefined/status/2040972007588930025,1682034307299434502,
2040331345831055572,Mon Apr 06 01:56:58 +0000 2026,0,@Whyman5Whyman @CasualMaleXXL @nikutaberuru This is true also blue berry,2040971997807612143,,Whyman5Whyman,en,,0,0,0,https://x.com/undefined/status/2040971997807612143,1102987465319690240,
2040944142629638359,Mon Apr 06 01:56:57 +0000 2026,1,@AntiFraudClub @TXPSALM55 @nickshirleyy Pocahontas how about we take care of Blue State Fraud first?,2040971994527928536,,AntiFraudClub,en,,0,0,0,https://x.com/undefined/status/2040971994527928536,908886598871244800,
2040807806132220102,Mon Apr 06 01:56:57 +0000 2026,0,@nakakaeri I DONT PLAY AB BLUE AND YELLOW EITHER my phone layout was same colour combo for like 3 yrs,2040971993051439577,,nakakaeri,en,,0,0,0,https://x.com/undefined/status/2040971993051439577,1182085259006857216,
2040971989066596551,Mon Apr 06 01:56:56 +0000 2026,0,Baby Blue https://t.co/nQcIkS44Nl,2040971989066596551,https://pbs.twimg.com/ext_tw_video_thumb/2040971963066101760/pu/img/gwvWQ0VY-M2SMzmX.jpg,,en,,0,0,0,https://x.com/undefined/status/2040971989066596551,1604369464534917121,
2040858355065856263,Mon Apr 06 01:56:56 +0000 2026,0,@DavidLim942377 // yesss yes pink and blue,2040971989028831648,,DavidLim942377,en,,0,0,0,https://x.com/undefined/status/2040971989028831648,1943686222217662464,
2040971707931070775,Mon Apr 06 01:56:53 +0000 2026,1,@rantannanen Apparently he is not only on the blues he is an actual Blue,2040971976081314061,,rantannanen,en,,0,0,0,https://x.com/undefined/status/2040971976081314061,1737984784729559040,
2040961053362630987,Mon Apr 06 01:56:51 +0000 2026,1,@baesggukie They got a blue check they're just ragebating to get paid.... Block em,2040971967923122674,,baesggukie,en,,0,0,0,https://x.com/undefined/status/2040971967923122674,2009561550965874690,
2040706653088026898,Mon Apr 06 01:56:44 +0000 2026,0,@Zenrotwo Blue,2040971939880046794,,Zenrotwo,en,,0,0,0,https://x.com/undefined/status/2040971939880046794,393085848,
2040971938181595563,Mon Apr 06 01:56:44 +0000 2026,0,G.H. Bass &amp; Co. Men's Straight Fit Jean (Blue 38 x 32) https://t.co/qijji9Rmbs,2040971938181595563,,,en,,0,0,0,https://x.com/undefined/status/2040971938181595563,140874525,
2040876708585173184,Mon Apr 06 01:56:44 +0000 2026,0,@HabsOnReddit Also https://t.co/wnT28xXdxv,2040971937749348818,https://pbs.twimg.com/media/HFL9KJla4AARQnj.jpg,HabsOnReddit,en,,0,0,0,https://x.com/undefined/status/2040971937749348818,87101095,
2040971934289244178,Mon Apr 06 01:56:43 +0000 2026,1,I wonder what Clyde was hungry for. Entree - little blue pill Mains &amp; Dessert ,2040971934289244178,,,en,,0,0,0,https://x.com/undefined/status/2040971934289244178,1453812518,
2040912863112654895,Mon Apr 06 01:56:41 +0000 2026,0,@Rezarah85 @miketgould At least get blue checkmark so you can make $15/month off your absolute shitty rage bait lol,2040971928794804323,,Rezarah85,en,,0,0,0,https://x.com/undefined/status/2040971928794804323,1952674608,
2040971928299802972,Mon Apr 06 01:56:41 +0000 2026,0,Massage in riyadh 24/24 https://t.co/k1uA7jjyLV riyadh https://t.co/0DvYg0PDXf,2040971928299802972,https://pbs.twimg.com/media/HFL9HgyaQAA13RT.jpg,,hi,,0,0,0,https://x.com/undefined/status/2040971928299802972,2005828470253944832,
2040971924688236817,Mon Apr 06 01:56:40 +0000 2026,0,Oma؟ ⎐كُود⎐⎐نون⎐ ⊵DiGi12⊴ ⎐درعه⎐ ⊵H5⊴ ⎐بلومنغديلز▬بلومينغديلز⎐ ⊵TT12⊴ ⎐كؤِبُون⎐Pure Blue ^^^^ ⎐خـِصم⎐HOe0SKpVg99 https://t.co/EVXg7JxX7l,2040971924688236817,https://pbs.twimg.com/media/HFL9JZJXUAAPg52.jpg,,ar,,0,0,0,https://x.com/undefined/status/2040971924688236817,1322609254122115073,
2040221291127410755,Mon Apr 06 01:56:39 +0000 2026,0,@pal871986767 @kerrykabergah Dicks look like a dogs penis when you pull that nasty ass cursed pale skin back. Some of them are fucking blue YUCK! Your porn is everywhere. Ugly ass muthafucking hairy ass monkey bodies dick resembles the dicks of muts the smell of a beat in the field and the BUGS,2040971919445401740,,pal871986767,en,,0,0,0,https://x.com/undefined/status/2040971919445401740,1705934344206819328,
2040870011078623395,Mon Apr 06 01:56:37 +0000 2026,0,@FireDad182 @RealGsPatton007 Blue checks don t give you (or me) more visibility. The algorithm does. Eh I m here to read what my friends have to say anyway.,2040971911510004065,,FireDad182,en,,0,0,0,https://x.com/undefined/status/2040971911510004065,816696561467961344,
2040916854877954115,Mon Apr 06 01:56:37 +0000 2026,0,@adamcarolla This is disgusting. What percentage of government funding is fraud It has to be 25% of our total tax dollars. Just think if we could reduce 25% of our taxes just by eliminating fraud. We need to have 100% audits of every Blue city and state in this country. We can do the Red,2040971910272651551,,adamcarolla,en,,0,0,0,https://x.com/undefined/status/2040971910272651551,1569732110151479305,
2040909365436158397,Mon Apr 06 01:56:35 +0000 2026,0,@PxlKaii It should be added to the game but only blue and higher tier weapons allowed to go to lvl 5.,2040971903100145866,,PxlKaii,en,,0,0,0,https://x.com/undefined/status/2040971903100145866,1364790283293065217,
2040934842435837960,Mon Apr 06 01:56:33 +0000 2026,0,@RyanClarkWZR @TheRajGiri lol i bet you have blue hair low testosterone and 90% in a mobility scooter. Typical cuck.,2040971892555964798,,RyanClarkWZR,en,,0,1,0,https://x.com/undefined/status/2040971892555964798,1566616939786809344,
2040821428769976502,Mon Apr 06 01:56:31 +0000 2026,0,@kitt1cay Are there any specific flavors you like? I think the original redbull kinda has a piss taste to it the others I've tried (whatever the blue one was and the sakura cherry one) were pretty okay. I'd still take mango loco any day.,2040971884708171779,,kitt1cay,en,,0,1,0,https://x.com/undefined/status/2040971884708171779,1719042638106529792,
2040652418543657031,Mon Apr 06 01:56:29 +0000 2026,0,@grablekelly05 @micah_erfan First off fake fucking number. Second you should probably look up what states live off the government ( hint it s not blue states ) and third and probably most importantly you just shown that you wouldn t be allowed to vote. Nothing you mentioned is IQ applicable ,2040971878228013310,,grablekelly05,en,,0,0,0,https://x.com/undefined/status/2040971878228013310,90628337,
2040632595080446194,Mon Apr 06 01:56:29 +0000 2026,0,@jjkkkc00kiee What's your favourite solo song from each member? Mine is : RM : forever rain Jin : the astronaut Suga : Amigdala Jhope : Equal sign / blue side Jimin : serendipity / like crazy taehyung: slow dancing Jungkook: still with you,2040971876827034102,,jjkkkc00kiee,en,,0,0,0,https://x.com/undefined/status/2040971876827034102,344376339,
2040971873840713894,Mon Apr 06 01:56:28 +0000 2026,20,jesus was a real person but he was also a metaphor for the divine in each of us - the higher self the superhedonist the greatest version of ourselves that we can imagine. i think if jesus was alive today he would be a twitter troll with a blue checkmark,2040971873840713894,,,en,,1,10,1,https://x.com/undefined/status/2040971873840713894,1802642686710837249,
2040971867927003139,Mon Apr 06 01:56:27 +0000 2026,0,Aが付けば a kind of loveで「とある愛の種類」、付かないと kInd of loveで「愛のようなもの」 kind of と見ると、マイルス・デイビスのKind of Blueがまず浮かぶんだな。。。。 #日向坂46_Kindoflove #日向坂46,2040971867927003139,,,ja,,0,0,0,https://x.com/undefined/status/2040971867927003139,1588068003379150848,
2040971863321362777,Mon Apr 06 01:56:26 +0000 2026,0,TDS isn't a meme... it's going to be the most studied psychiatric phenomenon of the century. Future textbooks will have whole chapters on how millions of left-wing adults had a complete mental breakdown because one orange guy kept winning. Mass hysteria with blue checks and,2040971863321362777,,,en,,0,0,0,https://x.com/undefined/status/2040971863321362777,1908700448388730881,
2040971860272136449,Mon Apr 06 01:56:25 +0000 2026,0,~This may sound out-of-the-blue but if the Government taxes Citizens they should plainly not have to pay for Medicare.,2040971860272136449,,,en,,0,0,0,https://x.com/undefined/status/2040971860272136449,2198391794,
2040953886111047946,Mon Apr 06 01:56:23 +0000 2026,0,@USATRUMPMAN1 Blue,2040971852638552260,,USATRUMPMAN1,en,,0,0,0,https://x.com/undefined/status/2040971852638552260,1945198664919429120,
2040971838453432321,Mon Apr 06 01:56:20 +0000 2026,0,Stop letting blue checks convince you to talk shit any other groups of Black ppl even if you think you're in the right.,2040971838453432321,,,en,,0,0,0,https://x.com/undefined/status/2040971838453432321,1148705415909105664,
2040970151827210628,Mon Apr 06 01:56:17 +0000 2026,1,@Karen01065451 Grazie mille signorina. https://t.co/HzLd1OvMCL,2040971828399652972,https://pbs.twimg.com/tweet_video_thumb/HFL9DtFXgAAqdHS.jpg,Karen01065451,it,,0,0,0,https://x.com/undefined/status/2040971828399652972,2020807639156899840,
2040901289035592112,Mon Apr 06 01:56:15 +0000 2026,0,@nimishdubey Blue Tokai at the Connaughts always scores for me..,2040971816139997192,,nimishdubey,en,,0,0,0,https://x.com/undefined/status/2040971816139997192,1566019546221228032,
2040776719984976273,Mon Apr 06 01:56:13 +0000 2026,0,@TheDemocrats W democrats vote blue no matter who! These MAGATARDS need to be held accountable!,2040971809298780579,,TheDemocrats,en,,0,0,0,https://x.com/undefined/status/2040971809298780579,1725268524510191616,
2040971809190035621,Mon Apr 06 01:56:13 +0000 2026,0,Doubleheader vs Delta Blue Jays 3-6 | 3 2B | 2 BB | 4 RBI | 4 R | 1 SB Boys took both games. Good day at the plate. @Whalley_Chiefs https://t.co/TGDe4RyefL,2040971809190035621,https://pbs.twimg.com/amplify_video_thumb/2040971723680690176/img/g8Y9wSjGnCRz39XP.jpg,,en,,0,0,0,https://x.com/undefined/status/2040971809190035621,2037650479895961601,
2040971799664717932,Mon Apr 06 01:56:11 +0000 2026,0,Blue Light Patrol Polres Badung Sasar Pasar Senggol Mengwi #polripresisi #poldabali #divisihumaspolri #polresbadung #polriuntukmasyarakat #wirasapolresbadung https://t.co/xrorIB47Rb,2040971799664717932,https://pbs.twimg.com/media/HFL9AiGa0AAMf-k.jpg,,in,,0,0,0,https://x.com/undefined/status/2040971799664717932,1260766485296758786,
2040971796514480323,Mon Apr 06 01:56:10 +0000 2026,4,look at the. them. aww. awwwwwwwww https://t.co/R4zDz0aOvW,2040971796514480323,https://pbs.twimg.com/media/HFL9CHjWQAA6sU-.jpg,,en,,0,0,3,https://x.com/undefined/status/2040971796514480323,888640743493050368,
2040870011078623395,Mon Apr 06 01:56:07 +0000 2026,1,@FireDad182 @richardgalaxia I figured it was a scam. I never got a blue check. Thanks for sharing!,2040971783327662570,,FireDad182,en,,0,0,0,https://x.com/undefined/status/2040971783327662570,1679858430553518081,
2040956334926176607,Mon Apr 06 01:56:05 +0000 2026,0,@ismailsunni Yang intinya ending nanti dunia One Piece bersatu kan? Red Line tepatnya di bawah Marijoa bakal dijebol dan akhirnya 4 lautan bersatu jadilah All Blue.,2040971775518118154,,ismailsunni,in,,0,0,0,https://x.com/undefined/status/2040971775518118154,1080113793600913408,
2040954915128770876,Mon Apr 06 01:56:04 +0000 2026,0,@LegionHoops Let s go big blue. So he s cheering for Kentucky?,2040971773689147415,,LegionHoops,en,,0,0,0,https://x.com/undefined/status/2040971773689147415,1147010076902862849,
2040953886111047946,Mon Apr 06 01:56:03 +0000 2026,0,@USATRUMPMAN1 Blue,2040971768752431170,,USATRUMPMAN1,en,,0,0,0,https://x.com/undefined/status/2040971768752431170,3406399360,
2040971763136508339,Mon Apr 06 01:56:02 +0000 2026,0,Massage in riyadh 24/24 https://t.co/k1uA7jjyLV riyadh https://t.co/9jyEik0ltt,2040971763136508339,https://pbs.twimg.com/media/HFL8-asbAAAQ5d7.jpg,,hi,,0,0,0,https://x.com/undefined/status/2040971763136508339,2005828470253944832,
2040870011078623395,Mon Apr 06 01:56:02 +0000 2026,0,@FireDad182 Crazy I did the same thing i engage with everyone still not even a thousand followers ..and the people that did respond had no blue check and 1 to 10 followers..It's a big f'kn scam..tells me alot of bots and PAYtriots of some sort,2040971761496305791,,FireDad182,en,,0,0,0,https://x.com/undefined/status/2040971761496305791,1591847665783947265,
2040904977640485248,Mon Apr 06 01:55:59 +0000 2026,0,@SenWarren If the democrats in the blue states can end waste fraud and abuse. Taxes would be reduced and the middle class would be financially secure.,2040971752621408536,,SenWarren,en,,0,0,0,https://x.com/undefined/status/2040971752621408536,1597810397679013888,
2040931875624190017,Mon Apr 06 01:55:59 +0000 2026,1,@gman5180 Doesn t the blue heart mean you sucked dick in prison?,2040971751669006488,,gman5180,en,,0,0,0,https://x.com/undefined/status/2040971751669006488,1759666796313939968,
2040956505374044232,Mon Apr 06 01:55:52 +0000 2026,0,@Eduard16180 AB+CD = the diameter of the blue circle. So blue/(AB+CD)^2= pi/4.,2040971720664780878,,Eduard16180,en,,0,0,0,https://x.com/undefined/status/2040971720664780878,711142075,
2040971692906795152,Mon Apr 06 01:55:45 +0000 2026,0,Ojo con @BBVA_Mex @bbva me clonaron mi tarjeta de debito física y tenía años sin usarla hasta la semana pasada directo en una sucursal. Ahora está clonada. Nadie contesta en la línea y blue no sirve para nada.,2040971692906795152,,,es,,0,2,0,https://x.com/undefined/status/2040971692906795152,358350193,
2040868014954787207,Mon Apr 06 01:55:45 +0000 2026,0,@MDMA_Enjoyer Guess so I haven t seen you in so long I looked you up to see if you were sussed or dead. You have a blue check though and they re still punishing you?,2040971692021891130,,MDMA_Enjoyer,en,,0,0,1,https://x.com/undefined/status/2040971692021891130,1908405481070034944,
2040431218467000696,Mon Apr 06 01:55:44 +0000 2026,0,@Thrills_Orlando @bioreconstruct Top center blue awnings,2040971687844344021,,Thrills_Orlando,en,,0,0,0,https://x.com/undefined/status/2040971687844344021,1819227252191641600,
2040971677127823789,Mon Apr 06 01:55:41 +0000 2026,0,[Significant Delays] O'Hare-bound Blue Line trains are standing at Jefferson Park due to an obstruction. Crews working to restore service. https://t.co/Qi2CwONWG0,2040971677127823789,,,en,,0,0,0,https://x.com/undefined/status/2040971677127823789,1876827422630277120,
2040967988690526403,Mon Apr 06 01:55:40 +0000 2026,2,@NUCLRGOLF Used to like the guy until today. Going off on Trump now blue collar fans. Elitist tool,2040971672715415935,,NUCLRGOLF,en,,0,0,0,https://x.com/undefined/status/2040971672715415935,220890592,
2040953690857549891,Mon Apr 06 01:55:39 +0000 2026,0,@data_republican A lot of folks thought the blue check mark would yield more engagement. I'm here to tell you it doesn't. Missed expectations create resentment.,2040971666751099322,,data_republican,en,,0,0,0,https://x.com/undefined/status/2040971666751099322,1857275980626214912,
2040971665337704698,Mon Apr 06 01:55:39 +0000 2026,3,If u see this do it ^__^ nickname: haven (not rlly) prns : she/her height: 5 8 sexuality : bi(?) smokes: naur piercings: 2 tattoos: 0 fav color : purp &amp; blue fav drink: sprite &amp; pepsi zero fav food: greek yogurt &amp; pasta fav animal: giraffe,2040971665337704698,,,en,,0,0,0,https://x.com/undefined/status/2040971665337704698,1875746565983502336,
2040953690857549891,Mon Apr 06 01:55:37 +0000 2026,0,@data_republican I don t have a blue check because I just started on X after President Trump was inaugurated x2. I left social media 3/23 because it was being used by CCP. I don t trust the democrats and I m cautious. I like to see what others post and I follow some great accounts.,2040971658236702910,,data_republican,en,,0,0,0,https://x.com/undefined/status/2040971658236702910,1888049922680995840,
2040971654059163862,Mon Apr 06 01:55:36 +0000 2026,3,【川口市】芝中田に「Blue Ｈour cafe」が新オープンしていました！店内やメニューも見せてもらったよ https://t.co/o6IIf5m37J,2040971654059163862,,,ja,,0,0,0,https://x.com/undefined/status/2040971654059163862,1340274755866259457,
2040971653002170581,Mon Apr 06 01:55:36 +0000 2026,2,Me looking forward to tomorrow night s game! Let s Go Blue! 〽️ https://t.co/E4uiGYeE9n,2040971653002170581,https://pbs.twimg.com/media/HFL85klX0AEkKnA.jpg,,en,,0,1,0,https://x.com/undefined/status/2040971653002170581,16030599,
2040867899217170652,Mon Apr 06 01:55:35 +0000 2026,1,@sergiart5_ I noticed because both controllers are blue,2040971648975954235,,sergiart5_,en,,0,0,0,https://x.com/undefined/status/2040971648975954235,1445112675915079686,
2040377962457927813,Mon Apr 06 01:55:33 +0000 2026,0,@Janice_M_Audio I thought they were a dark blue?,2040971643451740322,,Janice_M_Audio,en,,0,1,0,https://x.com/undefined/status/2040971643451740322,952240326726635521,
2040804640334426373,Mon Apr 06 01:55:32 +0000 2026,0,@0verherH3ad @yandjoshi Defaulted to calling out blue check you know you don't have evidence. Cringe and gay!,2040971635742638169,,0verherH3ad,en,,0,0,0,https://x.com/undefined/status/2040971635742638169,1715086442119249920,
2040971621553336565,Mon Apr 06 01:55:28 +0000 2026,14,A lot of people don t know why the build of the VERTICAL Hammer Strength Chest Press Machines isn t ideal for the Pecs So .allow me to explain it as simply as possible with a few photos: Red circle = axis of rotation Blue line = gravity Purple line = the machine s arm that s https://t.co/su88yS8cth,2040971621553336565,https://pbs.twimg.com/media/HFL83u7bIAANqEV.jpg,,en,,0,2,1,https://x.com/undefined/status/2040971621553336565,1432331249524355084,
2040933580805746827,Mon Apr 06 01:55:28 +0000 2026,0,@mazemoore @Y0K0S0N This is a graph of who @NateSilver538 thinks you should listen to (blue) and who he wishes you wouldn t listen to (red). He is dismayed to discover that people WANT to and choose to listen to more red circle than blue so he is criticizing the platform. Hope this helps,2040971620110717214,,mazemoore,en,,0,0,0,https://x.com/undefined/status/2040971620110717214,2229123992,
2040971509934567897,Mon Apr 06 01:55:02 +0000 2026,0,sometimes i forget blue lock is like a popular anime cause why do i get shocked when my irl friends repost edits of it,2040971509934567897,,,en,,0,1,0,https://x.com/undefined/status/2040971509934567897,1695110280873746434,
2040971508361949486,Mon Apr 06 01:55:01 +0000 2026,0,I just know they're working on the pilot right now. With those blue 'Alin' lenses &amp; a doc that says 'Pilot'. Ohh yes we're getting it. #GinJay #LunarSecret https://t.co/JxNBFmKjKh,2040971508361949486,https://pbs.twimg.com/media/HFL8xK0akAAZ4UJ.jpg,,en,,0,0,0,https://x.com/undefined/status/2040971508361949486,1292555464975163392,
2040971506813898881,Mon Apr 06 01:55:01 +0000 2026,2,I would have Flight 93'd that twinky spaceship of theirs. The halls would run blue with worthless space blood while it crashed into a bean field full of space corpses. People of the Earth would look up at the night sky and grin at the righteous terror enacted on space sluts.,2040971506813898881,,,en,,0,0,0,https://x.com/undefined/status/2040971506813898881,400441274,
2040870011078623395,Mon Apr 06 01:54:59 +0000 2026,0,@FireDad182 I see you. I'm not verified and people tend not to follow back if there's no blue check mark. So I started unfollowing a lot of folks.,2040971497880031535,,FireDad182,en,,0,1,0,https://x.com/undefined/status/2040971497880031535,1863612975015206912,
2040971491341164663,Mon Apr 06 01:54:57 +0000 2026,10,is it not the most suspicious shit ever that a bunch of blue checkmark carti fan pages are tweeting probably fake info saying fawn burkes team is trying to smear tiffany day... like who even are these accounts providing no info who dont interact with indie sleaze in any way lol,2040971491341164663,,,en,,0,1,2,https://x.com/undefined/status/2040971491341164663,1072033598,
2040971479391596711,Mon Apr 06 01:54:54 +0000 2026,0,Trump Used a California Birth Tourism Conviction at SCOTUS and the Justices Had No Answer https://t.co/HBrPzEfHSR via @Blue State Blues News The Heritage Foundation analysis lays out the long game: children born through these operations are now approaching voting age. Peter,2040971479391596711,,,en,,0,0,0,https://x.com/undefined/status/2040971479391596711,104191265,
2040954915128770876,Mon Apr 06 01:54:50 +0000 2026,1,@LegionHoops Bullshit. Dude is so dumb he says let s go BIG BLUE big blue is Kentucky not Michigan. But yet he gets to go watch the game when he doesn t even know the fucking saying for the team. This is a joke bring a real fan,2040971461637116386,,LegionHoops,en,,0,0,0,https://x.com/undefined/status/2040971461637116386,1697388403481059328,
2040908701125505175,Mon Apr 06 01:54:49 +0000 2026,0,@CHIZZY_BB How long does ot take for x to verify you blue tick it almost 5days now since I subscribe to premium and have not gotten my blue tick,2040971455794450719,,CHIZZY_BB,en,,0,0,0,https://x.com/undefined/status/2040971455794450719,1576903346513973248,
2040971451214463007,Mon Apr 06 01:54:48 +0000 2026,0,Massage in riyadh 24/24 jeddah khobar buraydah hofuf dammam https://t.co/k1uA7jjyLV https://t.co/7NWtW8r1Q2,2040971451214463007,https://pbs.twimg.com/media/HFL8sNCbcAA1zHp.jpg,,in,,0,0,0,https://x.com/undefined/status/2040971451214463007,2005828470253944832,
2040870011078623395,Mon Apr 06 01:54:46 +0000 2026,0,@FireDad182 I got my blue check about six weeks ago. I still can't make any long comments. It's like nothing changed.,2040971443832336758,,FireDad182,en,,0,0,0,https://x.com/undefined/status/2040971443832336758,1765582284437004288,
2040944555063996882,Mon Apr 06 01:54:46 +0000 2026,2,@VoteLewko Australian women are so disgusting I only bother dating when I'm in Japan. Seriously every one of them on dating apps either wears so much makeup they look like a clown or is one of those fat blue haired freaks with a nose ring &amp; tattoos. Rural girls are ok though,2040971442767241552,,VoteLewko,en,,0,0,0,https://x.com/undefined/status/2040971442767241552,1938129753757913090,
2040767440267702609,Mon Apr 06 01:54:45 +0000 2026,1,@MsNatalieClarke @Junkybuns @CincyWatchdog That s only part of the issue. Blue voters have fled Ohio as jobs were lost. Right has targeted poor student and minority voters with new laws to discourage voting and kill morale after Obama won. GOP also destroyed public ed and voters are low info voters.,2040971441126973852,,MsNatalieClarke,en,,0,0,0,https://x.com/undefined/status/2040971441126973852,1580971438860804097,
2036488671122092467,Mon Apr 06 01:54:45 +0000 2026,0,@BigBootyMilf21 Blue?‍,2040971440036716901,,BigBootyMilf21,en,,0,0,0,https://x.com/undefined/status/2040971440036716901,1923844341354676224,
2040910004543439196,Mon Apr 06 01:54:43 +0000 2026,1,@xcsapemaya Ikr I also saw the blue sharpie marker and instantly was like wait!? ,2040971433745023398,,xcsapemaya,en,,0,1,0,https://x.com/undefined/status/2040971433745023398,1174376604857962497,
2040856935671431337,Mon Apr 06 01:54:43 +0000 2026,0,@MarkGPatterson @RealAlexJones @HarrisonHSmith What makes me a bot? Not paying for a blue checkmark? ,2040971430142062807,,MarkGPatterson,en,,0,0,0,https://x.com/undefined/status/2040971430142062807,1675855194993709057,
2040908723674313046,Mon Apr 06 01:54:42 +0000 2026,0,@WallStreetApes @Brutus2000xxx And that s a tiny complex. Don t forget record numbers of transplants out of blue states flowing into Tenn Texas South Carolina. House that cost $300k five yr ago in Franklin is now about $900k. Nashville area turned to shit. https://t.co/VqkDxAwgl1 https://t.co/syTVRyLr7A,2040971426836947219,,WallStreetApes,en,,0,0,0,https://x.com/undefined/status/2040971426836947219,1799616204736245760,
2040938508659912800,Mon Apr 06 01:54:39 +0000 2026,0,@Tenn_MAGA2 The real map is the same as the 2024 election results. Red areas would surround and starve out the blue areas within a week or two. All areas have guns but no cities have food that is not shipped to them. https://t.co/sDgGgV3RUm,2040971414249918505,https://pbs.twimg.com/media/HFL8ruKa8AAx71M.jpg,Tenn_MAGA2,en,,0,0,0,https://x.com/undefined/status/2040971414249918505,896097798,
2040971412375216359,Mon Apr 06 01:54:38 +0000 2026,0,YOU REMIND ME OF THE COLOR BLUE GIRL IM SO IN LOVE WITH YOU,2040971412375216359,,,en,,0,0,0,https://x.com/undefined/status/2040971412375216359,975949958510624768,
2040870011078623395,Mon Apr 06 01:54:38 +0000 2026,0,@FireDad182 following. Blue checks for payouts ruined X.,2040971411703968019,,FireDad182,en,,0,0,0,https://x.com/undefined/status/2040971411703968019,1190758707900112896,
2040953690857549891,Mon Apr 06 01:54:38 +0000 2026,0,@data_republican I was paying but cancelled just to see if the premium was worth it. I like some of the perks of the blue check grok freedom of writing longer posts but I'm not here to make money so still debating on whether to go back to premium.,2040971410345005162,,data_republican,en,,0,0,0,https://x.com/undefined/status/2040971410345005162,914878283522674688,
2040826166269931634,Mon Apr 06 01:54:37 +0000 2026,1,@nexusfxeqt @JamesTate121 Immigrants only go to blue states. That is the difference. People will say I am wrong.,2040971407098536227,,nexusfxeqt,en,,0,0,0,https://x.com/undefined/status/2040971407098536227,2019146796656652290,
2040921384121966634,Mon Apr 06 01:54:36 +0000 2026,1,@An0MaHous3 I don't understand why is everyone so upset? Is that bc blue not letting himself rest properly? or keeping himself awake by harming way? (pinching himself) Is that what the point is? Pls help I'm confused,2040971401478218024,,An0MaHous3,en,,0,0,0,https://x.com/undefined/status/2040971401478218024,1350388973621882881,
2040912336349725145,Mon Apr 06 01:54:34 +0000 2026,1,@Th3BananaBandit @DerickGvibes @Th3BananaBandit winner of the first giveaway can't dm u because I don't have blue thick but here is my wallet addy 0xE09898e2B53eBCfc0EbeBAb30FA2164d9245C0b8,2040971395350270360,,Th3BananaBandit,en,,0,1,0,https://x.com/undefined/status/2040971395350270360,1686558088470450177,
2040378920290099361,Mon Apr 06 01:54:33 +0000 2026,0,@DAKKADAKKA1 It's calculated traveling of immigrants to turn majority red states blue. Also righties that have had enough and finally are moving states like their fathers of yore.,2040971391823176039,,DAKKADAKKA1,en,,0,0,0,https://x.com/undefined/status/2040971391823176039,1805829261712146434,
2040956181082988760,Mon Apr 06 01:54:33 +0000 2026,1,@GuntherEagleman Let it collapse... just like LA NY Jersey all these blue shithole states,2040971390518534597,,GuntherEagleman,en,,0,0,0,https://x.com/undefined/status/2040971390518534597,1755590933393936384,
2040791568190480586,Mon Apr 06 01:54:29 +0000 2026,0,@IamCattDamon @bluelivesmtr You live in the UK. Everything is psychotic to you. I d rather be a psycho than a grifting bum loser on the internet trying to make money off other people s content and the Blue Lives Matter movement,2040971371971596508,,IamCattDamon,en,,0,0,0,https://x.com/undefined/status/2040971371971596508,1964375527785156609,
2040821994627719471,Mon Apr 06 01:54:25 +0000 2026,0,@Chris__X__ I don't know but I still have one of course it's not being used. Mine is Blue.,2040971356368478430,,Chris__X__,en,,0,0,0,https://x.com/undefined/status/2040971356368478430,1500609947150733316,
2040777597248819247,Mon Apr 06 01:54:23 +0000 2026,2,@tunechistark Correct me if im wrong but didnt Gojo use a maximum output blue or was that different,2040971348948689033,,tunechistark,en,,0,0,0,https://x.com/undefined/status/2040971348948689033,4010401048,
2040962307434402206,Mon Apr 06 01:54:23 +0000 2026,1,@yumenofairy once upon a time there was a blue cat . the cat met a hamster and a yellow bunny . They all became friends and went on fun adventures every day and picked weeds out the ground And live happily ever after,2040971346218299407,,yumenofairy,en,,0,1,0,https://x.com/undefined/status/2040971346218299407,1260862250086211584,
2040935892324417746,Mon Apr 06 01:54:21 +0000 2026,0,@pronoun5inbio @Parabellum2021 @WarMonitors There is only ONE blue marble picture of the earth supposedly taken from the moon!!!!,2040971338739793937,,pronoun5inbio,en,,0,1,0,https://x.com/undefined/status/2040971338739793937,501211488,
2040914527970009557,Mon Apr 06 01:54:20 +0000 2026,0,@RocketBullets You bought that blue check for a reason say more retarded shit,2040971335015219582,,RocketBullets,en,,0,0,0,https://x.com/undefined/status/2040971335015219582,1645175024142172162,
2040971323950649845,Mon Apr 06 01:54:17 +0000 2026,0,A manual M3 in a spec that actually feels grown up. The F80 M3 brought turbocharging into the mix with a 3.0-liter twin-turbo inline-six making 425 horsepower but still offered with a proper 6-speed manual. What makes this one hit is the spec Tanzanite Blue over Opal https://t.co/biceVJEBHR,2040971323950649845,https://pbs.twimg.com/media/HFL8mc1XMAAuYml.jpg,,en,,0,0,0,https://x.com/undefined/status/2040971323950649845,1423555311152123904,
2040793379928498614,Mon Apr 06 01:54:17 +0000 2026,1,@EliteMan091 How about you actually poll something other than blue states,2040971323522920724,,EliteMan091,en,,0,0,0,https://x.com/undefined/status/2040971323522920724,1829650707328188416,
2040966301380989006,Mon Apr 06 01:54:15 +0000 2026,0,@blue_torihikiak blue様こんにちは、お世話になっております！フード券3枚、ノイルコースター（キービジュ）2枚ご提供が可能ですが纏めて交換可能でしょうか？ 4/13池袋手渡し可能です。入店予定もございます。ご検討よろしくお願いいたします。,2040971314627051526,,blue_torihikiak,ja,,0,0,0,https://x.com/undefined/status/2040971314627051526,1502565284074323968,
2040971303226909105,Mon Apr 06 01:54:12 +0000 2026,0,Massage in riyadh 24/24 jeddah khobar buraydah hofuf dammam https://t.co/k1uA7jjyLV https://t.co/meJJ7R23ad,2040971303226909105,https://pbs.twimg.com/media/HFL8jZkboAA1h-a.jpg,,in,,0,0,0,https://x.com/undefined/status/2040971303226909105,2005828470253944832,
2040901480094245325,Mon Apr 06 01:54:12 +0000 2026,0,@Shawn_Cotton The sixers blue jersey was so dope nobody even questioned why they had blue jerseys when their colors was black white red and gold then,2040971301943144580,,Shawn_Cotton,en,,0,0,0,https://x.com/undefined/status/2040971301943144580,1459221739007791119,
2040943770812797400,Mon Apr 06 01:54:12 +0000 2026,0,@albers75 It looked so pretty against the blue sky this morning. Then it poured the rest of the day ,2040971301498589442,,albers75,en,,0,0,0,https://x.com/undefined/status/2040971301498589442,22142371,
2040971226387222772,Mon Apr 06 01:54:12 +0000 2026,0,@Mralamsi7 She has a serious mature face with sharp features: high cheekbones light blue-gray eyes looking straight ahead furrowed brows and a neutral mouth with subtle lines around it. Her skin is fair with some natural aging. She's wearing a dark navy hijab that frames her face,2040971301142106492,,Mralamsi7,en,,0,0,0,https://x.com/undefined/status/2040971301142106492,1720665183188922368,
2040953690857549891,Mon Apr 06 01:54:12 +0000 2026,0,@data_republican I jumped on $8 per month blue check mark as soon as it happened.,2040971300575891942,,data_republican,en,,0,0,0,https://x.com/undefined/status/2040971300575891942,1370122858878406662,
2040971286755873193,Mon Apr 06 01:54:08 +0000 2026,0,もしもHysteric Blueの『春〜spring〜』をビジュアル系バンドがカバーしたら https://t.co/G1rwwlkU8T @YouTubeより,2040971286755873193,,,ja,,0,0,0,https://x.com/undefined/status/2040971286755873193,898969326664925184,
2040575199112806450,Mon Apr 06 01:53:42 +0000 2026,0,@Untilldeath2 If you're gonna keep saying retarded shit at least get twitter blue.,2040971174944063670,,Untilldeath2,en,,0,0,0,https://x.com/undefined/status/2040971174944063670,335785718,
2040930243305775361,Mon Apr 06 01:53:42 +0000 2026,0,@thebasedbunny @GabeGuidarini No I m not. Since you have a blue check mark you can ask grok. Gen Z is way more left wing than millenials.,2040971174403080673,,thebasedbunny,en,,0,0,0,https://x.com/undefined/status/2040971174403080673,1661466314509266945,
2040971154433913326,Mon Apr 06 01:53:37 +0000 2026,0,Massage in riyadh 24/24 jeddah khobar buraydah hofuf dammam ️ https://t.co/k1uA7jjyLV https://t.co/cosAl18Mfl,2040971154433913326,https://pbs.twimg.com/media/HFL8bNSbMAAV-qm.jpg,,in,,0,0,0,https://x.com/undefined/status/2040971154433913326,2005828470253944832,
2040955249897181620,Mon Apr 06 01:53:35 +0000 2026,1,@Cl0438 @jrl_texas @TheHoopHerald glad john lewis had to let us all know we re not a blue blood,2040971145935987192,,Cl0438,en,,0,0,0,https://x.com/undefined/status/2040971145935987192,1383776400872591362,
2040901621090021464,Mon Apr 06 01:53:32 +0000 2026,1,@JohnToole1 You saw the the same sky as me. Over the weekend the sky over Colorado was clear blue and normal airplane activity. For a Saturday I only saw a small number of planes. No chemtrails. Normal exhaust. Makes you wonder. ,2040971135630913971,,JohnToole1,en,,0,0,0,https://x.com/undefined/status/2040971135630913971,1694326491054833665,
2040971133848268851,Mon Apr 06 01:53:32 +0000 2026,0,ランサーオリジンMAX出来たし.*ﾟ有能とされる召喚石もひととおり揃ってとてもご満悦️ でも使いこなせない宝の持ち腐れなのでもっと成長して行きたーい️ さてとー古戦場楽しむよ〜 https://t.co/AHya0M32IA,2040971133848268851,https://pbs.twimg.com/media/HFL8bXCbYAAzsfL.jpg,,ja,,0,0,0,https://x.com/undefined/status/2040971133848268851,2557262096,
2040971130635530569,Mon Apr 06 01:53:31 +0000 2026,0,BLUE〜 Excel締めちゃお,2040971130635530569,,,ja,,0,0,0,https://x.com/undefined/status/2040971130635530569,1479477237640757249,
2040767935887835637,Mon Apr 06 01:53:25 +0000 2026,0,@bulgoschan Deep blue Sion,2040971106245627976,,bulgoschan,en,,0,1,0,https://x.com/undefined/status/2040971106245627976,1746531028091711488,
2040870011078623395,Mon Apr 06 01:53:25 +0000 2026,0,@FireDad182 No. Without your blue check you are invisible and we cannot see you. Welcome to sanity FD !!!!!!!,2040971104211128421,,FireDad182,en,,0,0,0,https://x.com/undefined/status/2040971104211128421,1763995093499813888,
2040971103015665679,Mon Apr 06 01:53:25 +0000 2026,1,Hyungwon Instagram update @/coenffl: : 伍佰&amp; China Blue Last Dance #형원 #HYUNGWON https://t.co/jSglOns5BH,2040971103015665679,https://pbs.twimg.com/media/HFL8ZafbsAAX8Ga.jpg,,en,,0,1,0,https://x.com/undefined/status/2040971103015665679,1346712008549400576,
2040882946790322372,Mon Apr 06 01:53:22 +0000 2026,0,@DonasPerronex @IRozuaI @NegroCensurado no pelmazo. Decime que empresa puede comprar dolar oficial?????????? Dolar agro=retenciones. Cobramos al divisa menos 24% ($1052) brecha con el blue= 74%. Mostrame venta de tus dolares a 1052 despues habla parasito,2040971093293375772,,DonasPerronex,es,,0,0,0,https://x.com/undefined/status/2040971093293375772,1487227650334769155,
2040509733740609901,Mon Apr 06 01:53:21 +0000 2026,0,@Coinvo Took too many blue pills and Melania still said nope and rolled over and went back to sleep.,2040971090298654792,,Coinvo,en,,0,0,0,https://x.com/undefined/status/2040971090298654792,1440575220,
2040971086238449783,Mon Apr 06 01:53:21 +0000 2026,1,blue checkmarks make money off ragebaiting us just ignore,2040971086238449783,,,en,,0,0,0,https://x.com/undefined/status/2040971086238449783,4627152734,
2040953690857549891,Mon Apr 06 01:53:20 +0000 2026,0,@25Coffeegurl22 @data_republican Exactly why I just gave up my blue check a month ago after a yr I can't find the benefit of it.,2040971084237861081,,25Coffeegurl22,en,,0,0,0,https://x.com/undefined/status/2040971084237861081,1731558713176006656,
2040967591984800151,Mon Apr 06 01:53:20 +0000 2026,0,@Kraytur3 @Kraytur3 Blue tick from you will be a blessing baba ...,2040971083688391063,,Kraytur3,en,,0,0,0,https://x.com/undefined/status/2040971083688391063,1892954446524469250,
2040965210853544171,Mon Apr 06 01:53:18 +0000 2026,0,@rizzen_wolf I mean if you want/need a break I know a certain Blue Coywolf who would love to meet Judy Hopps.,2040971075488473566,,rizzen_wolf,en,,0,0,0,https://x.com/undefined/status/2040971075488473566,1747083023919558656,
2040953690857549891,Mon Apr 06 01:53:16 +0000 2026,1,@data_republican @Butters09016449 @data_republican The day that ELON MUSK files a lawsuit naming us as a party to an H-1B lawsuit will be the day we get a blue check mark going.,2040971066223231033,,data_republican,en,,0,0,1,https://x.com/undefined/status/2040971066223231033,1241814992611094529,
2040971066001035649,Mon Apr 06 01:53:16 +0000 2026,3,Apr 5 1962: @CNRailway announces its new Red White and Blue passenger fare structure. This was a marketing scheme where passengers had a considerably reduced fare if they traveled on normally lightly-traveled red days. 1/3 https://t.co/QEpL4LfFw9,2040971066001035649,https://pbs.twimg.com/media/HFL6fjhWAAEeLTQ.jpg,,en,,0,1,0,https://x.com/undefined/status/2040971066001035649,558724438,
2040945957068529963,Mon Apr 06 01:53:15 +0000 2026,0,@TB1Kinobe Idk why but. This is how it feels to try talking ai tech philosophy epiphanies stuff with the regular blue collar worker.,2040971064797487248,,TB1Kinobe,en,,0,0,0,https://x.com/undefined/status/2040971064797487248,1308827826989260800,
2040952496135254288,Mon Apr 06 01:53:15 +0000 2026,0,@Notwokenow Lot of blue states in grey. Your map isnt accurate,2040971063014588857,,Notwokenow,en,,0,0,0,https://x.com/undefined/status/2040971063014588857,1656142803720650752,
