conversation_id_str,created_at,favorite_count,full_text,id_str,image_url,in_reply_to_screen_name,lang,location,quote_count,reply_count,retweet_count,tweet_url,user_id_str,username
2043881341846986930,Tue Apr 14 05:15:31 +0000 2026,0,@SoniaMarib21188 Nope solo se perdió entre la multitud Vegetto Black está detrás de Gogeta Blue no Gogeta Z,2043921069971550678,,SoniaMarib21188,es,,0,0,0,https://x.com/undefined/status/2043921069971550678,1345221593396600834,
2043920968007975105,Tue Apr 14 05:15:31 +0000 2026,0,&amp; went up against a GoD1 Victor went up 2-0 choked and he bagged me like bro I am BLUE RANK LMAO,2043921066880377259,,mk4lll,en,,0,0,0,https://x.com/undefined/status/2043921066880377259,1094708585127391234,
2043921065043472516,Tue Apr 14 05:15:30 +0000 2026,0,was just told by cousin staying in Delhi that one of their apartment complex nearby had a large banner celebrating Ambedkar Jayanti (in blue colour oh the horror) installed by their RWA (mostly BJPee) to protests (hushed ofc) of their savarnazi residents bahut mazaa aaya sunke,2043921065043472516,,,en,,0,0,0,https://x.com/undefined/status/2043921065043472516,1712326521543925760,
2043876897713541225,Tue Apr 14 05:15:29 +0000 2026,0,@Phontomen Have Blue was the one that shocked me the most. One of the most secret proof of concept aircraft created and here it is on display. I couldn't believe it. https://t.co/ilQeYaCxDq,2043921059812954141,https://pbs.twimg.com/media/HF13XbkWgAA4_-U.jpg,Phontomen,en,,0,0,0,https://x.com/undefined/status/2043921059812954141,951924532654288896,
2043752253450797080,Tue Apr 14 05:15:28 +0000 2026,0,@OWCavalry For those of you trying to figure out That's Anran They gave a rain day skin to Anran. The yellow and blue is really off putting and does not fit her at all https://t.co/a3WbWQTvYX,2043921055815737711,https://pbs.twimg.com/media/HF13XpJasAU-9tQ.jpg,OWCavalry,en,,0,0,1,https://x.com/undefined/status/2043921055815737711,1409270755095875589,
2043621418638647391,Tue Apr 14 05:15:27 +0000 2026,0,@JohnDaltonQuinn @the4mb4ssador @JBS_x777 @FearedBuck You re just another Clav obsessed incel. Pay for a blue check mark with 300 followers. Low IQ nerd,2043921050887401561,,JohnDaltonQuinn,en,,0,0,0,https://x.com/undefined/status/2043921050887401561,2034275579248168960,
2043921043073708525,Tue Apr 14 05:15:25 +0000 2026,0,新ライブ情報解禁 RADmini pre Dearly Beloved vol.7 w/ ヤサシクアレ BLUE MADE ME クレイジーベア OPEN/START 18:00/18:30 ADV/DOOR ¥2 200/¥2 700 取り置きはDMまで！ https://t.co/hgWFcmVSQ5,2043921043073708525,https://pbs.twimg.com/media/HF13Ws8bYAAuVj4.jpg,,ja,,0,0,0,https://x.com/undefined/status/2043921043073708525,1521504706400464899,
2043921041387335865,Tue Apr 14 05:15:25 +0000 2026,0,꧁ ⊹٭Slap a sticker on your rig and wear a tee that s country big! #CountryHumor ٭⊹ ꧂ ︎ꓕƎƎMꓕƎꓤ &amp; MOꓶꓶOꓞ︎ construction pride tshirts blue collar pride apparel cowgirl themed tshirts cowgirl work apparel https://t.co/MsnILO5jsj,2043921041387335865,,,en,,0,0,0,https://x.com/undefined/status/2043921041387335865,1714322503219191808,
2043921035557286323,Tue Apr 14 05:15:23 +0000 2026,0,I have a blue check for the next month and a half because I wanted to download something. I am not rage baiting for money. I was just bootlegging. Goodnight https://t.co/KkwWVZwO6I,2043921035557286323,https://pbs.twimg.com/tweet_video_thumb/HF13WOEW4AAFvA1.jpg,,en,,0,0,0,https://x.com/undefined/status/2043921035557286323,118949323,
2043919718499922284,Tue Apr 14 05:15:21 +0000 2026,0,@hyunhawoo_nunna hi ka dulu aku qn 1097 blue b reboot ! masih bisa tengah sihh pinter pinter aja cari tempaaat^^ https://t.co/kHARELPxxQ,2043921024362934630,https://pbs.twimg.com/amplify_video_thumb/2043920948173455360/img/1NvK4EDGM5L3osLp.jpg,hyunhawoo_nunna,in,,0,1,0,https://x.com/undefined/status/2043921024362934630,1541301744415567874,
2043910749677040079,Tue Apr 14 05:15:19 +0000 2026,0,@MilagroMovies Blue star,2043921016100172121,,MilagroMovies,en,,0,0,0,https://x.com/undefined/status/2043921016100172121,1556691221724409856,
2043921007631602078,Tue Apr 14 05:15:17 +0000 2026,0,I d also like to note Garrett Crochet s fastball velo decreased about 1-1.5 mph in his first start after throwing 100 pitches for the first time. See his start against the Orioles compared to the Blue Jays,2043921007631602078,,,en,,0,0,0,https://x.com/undefined/status/2043921007631602078,1400478264309829644,
2043920987675341152,Tue Apr 14 05:15:12 +0000 2026,0,&amp; he's a blue eyed boy of @MamataOfficial !!,2043920987675341152,,,en,,0,0,0,https://x.com/undefined/status/2043920987675341152,948905830237093888,
2043731198023774550,Tue Apr 14 05:15:09 +0000 2026,0,@Globalsurv The Chinese-fleas issuing ultimatums is laughable. China is a paper tiger: Venezuela and Iran demonstrated their Temu-defensive-weapons had no affect on US Military might. They have no blue water navy and no hope.,2043920977042780226,,Globalsurv,en,,0,0,0,https://x.com/undefined/status/2043920977042780226,1700024965754675200,
2043920971447550181,Tue Apr 14 05:15:08 +0000 2026,0,They covered the Wankhede seats with MI flags to make stadium look blue amid those RCB chants https://t.co/Vo1udimjMR,2043920971447550181,https://pbs.twimg.com/media/HF13R_2asAI3hrP.jpg,,en,,0,0,0,https://x.com/undefined/status/2043920971447550181,1474964429313769472,
2043810826898026766,Tue Apr 14 05:15:05 +0000 2026,0,@Wadeicus @Rangers I m in favor of this being permanent. The powder blue head to toe is too much.,2043920960672207268,,Wadeicus,en,,0,0,0,https://x.com/undefined/status/2043920960672207268,430386229,
2043920951146959010,Tue Apr 14 05:15:03 +0000 2026,0,long skirted maid outfit doesn t come in light blue #fml,2043920951146959010,,,en,,0,0,0,https://x.com/undefined/status/2043920951146959010,1206026314232320000,
2043920942460698778,Tue Apr 14 05:15:01 +0000 2026,1,On this blue planet amid the vast starry expanse humanity's mission has always been to understand each other and stand together in mutual support. On Monday Spanish Prime Minister Pedro Sanchez visited Tsinghua University and the University of Chinese Academy of Sciences where https://t.co/U8OCOaIWiW,2043920942460698778,https://pbs.twimg.com/amplify_video_thumb/2043918224157519872/img/5JIDiEK-gKWyobsn.jpg,,en,,0,0,0,https://x.com/undefined/status/2043920942460698778,87775422,
2043920926127935616,Tue Apr 14 05:14:57 +0000 2026,0,Ursula von der Leyen Highlights A Metanarrative Exhibited Throughout History By All Cultures At All Times &amp; In All Places. U Ready ?? Here It Is: Ursula's Blond Hair-Blue Eyed Ram-Rodding Little EU Members Proves 'you get in bed with the devil you know he's gonna screw you.,2043920926127935616,,,en,,0,0,0,https://x.com/undefined/status/2043920926127935616,889853125858918404,
2043920925629002236,Tue Apr 14 05:14:57 +0000 2026,0,These fake dalits be wearing blue coloured boxers as if babasaheb would have wanted violence. No more boxers for us! We only believe in samvidhaan,2043920925629002236,,,en,,0,0,0,https://x.com/undefined/status/2043920925629002236,1868299664422055936,
2043836540997251081,Tue Apr 14 05:14:55 +0000 2026,0,@TheHungerer @WallStreetApes She s not lying. Regency Blue Shield and Kaiser can easily cost this much. Molina is half the cost but they are very limited on providers they cover.,2043920917617881250,,TheHungerer,en,,0,0,0,https://x.com/undefined/status/2043920917617881250,1854921449313914880,
2043920915721855392,Tue Apr 14 05:14:55 +0000 2026,0,We're not users. We're data cattle. Post. Scroll. Engage. Train the algorithm. For what? 12 views and a blue check that means nothing. The farm is growing. The sheep are tired. ,2043920915721855392,,,en,,0,0,0,https://x.com/undefined/status/2043920915721855392,46113908,
2043541894316306852,Tue Apr 14 05:14:52 +0000 2026,0,@peekaboo_jen This is a great still. You know what is another one? Jamie looking down at an injured Cunningham. Ever see a Great Blue Heron's eyes when catching a fish? https://t.co/Q9ATjjqpFZ,2043920903411536380,https://pbs.twimg.com/media/HF13OoCWkAAXt7A.jpg,peekaboo_jen,en,,0,0,0,https://x.com/undefined/status/2043920903411536380,1586447144319328257,
2043887826757136840,Tue Apr 14 05:14:49 +0000 2026,0,@Annimachine @aiuepo615 This is part 1 of a super cute Japanese parenting manga comic by aiuepo615 titled 尊いオブザイヤー2026（1/2） Precious Moment of the Year 2026. It shows a mom with her two toddlers in red caps waiting on the sidewalk. A blue car suddenly stops ( ピタッ ) then drives off,2043920893353603332,,Annimachine,ja,,0,0,0,https://x.com/undefined/status/2043920893353603332,1720665183188922368,
2043920851075322360,Tue Apr 14 05:14:39 +0000 2026,0,He bleeds blue ,2043920851075322360,,,en,,0,0,0,https://x.com/undefined/status/2043920851075322360,1661344078100045826,
2043751067847143432,Tue Apr 14 05:14:38 +0000 2026,0,@wakeupusa Moved from LA to AZ when it was red....now I just move to red cities because it's a fake blue state....honestly living here i don't know one liberal....maybe the voting machines are compromised,2043920847132577857,,wakeupusa,en,,0,0,0,https://x.com/undefined/status/2043920847132577857,705388601756876801,
2043918134311055409,Tue Apr 14 05:14:34 +0000 2026,1,@TThauru @Mashesha_RSA It's an old photo from Rihanna's third pregnancy in summer 2025 (around July/August during one of her LA outings showing off the bump in that exact blue-and-white striped set cap and socks). She's not pregnant now the recent bump chatter is just speculation from baggy,2043920830246089049,,TThauru,en,,0,0,0,https://x.com/undefined/status/2043920830246089049,1720665183188922368,
2043073924146303418,Tue Apr 14 05:14:32 +0000 2026,0,@AIPAClobby @rubiconjay @elonmusk Where did I say my political affiliation? You are just propagandized to think vote blue no matter who and have eaten up the slop they tell you without second guessing it. Again I don't trust any party and wish they'd do away with that,2043920820754624775,,AIPAClobby,en,,0,0,0,https://x.com/undefined/status/2043920820754624775,1743937697306247168,
2043829517249053109,Tue Apr 14 05:14:32 +0000 2026,0,@mistergeezy Look a dumb cunt in a blue suit.,2043920820020400577,,mistergeezy,en,,0,0,0,https://x.com/undefined/status/2043920820020400577,1811166115797639168,
2043498833741566103,Tue Apr 14 05:14:26 +0000 2026,0,@KMGN49 @zyapz No? Nothing better than blue corn masa harina made hot on an iron plate wet with fresh lime https://t.co/KV8jQMVSoY,2043920796876263701,https://pbs.twimg.com/tweet_video_thumb/HF13IXFasAAEX0g.jpg,KMGN49,en,,0,0,0,https://x.com/undefined/status/2043920796876263701,1606111238878117889,
2043542090303635529,Tue Apr 14 05:14:26 +0000 2026,0,@OhappySt @TheOnlyDuchess6 @TheFakeDuchess There's a few in blue T shirts can you screenshot the Zandi one you mean please. Someone said she was one of those in that bathroom video the other week,2043920796721070552,,OhappySt,en,,0,0,0,https://x.com/undefined/status/2043920796721070552,1717914510349004800,
2043920784570364257,Tue Apr 14 05:14:23 +0000 2026,0,Personel Polsek Gading melaksanakan kegiatan Patroli Blue Light di sepanjang jalan Desa Kaliacar Kecamatan Gading. Kegiatan ini bertujuan untuk mengantisipasi aksi balap liar tindak kejahatan 3C serta memastikan situasi kamtibmas tetap kondusif #PolresProbolinggo #PolsekGading https://t.co/HOQw2ajnt5,2043920784570364257,https://pbs.twimg.com/media/HF13HS9asAEmzb1.jpg,,in,,0,0,0,https://x.com/undefined/status/2043920784570364257,1339819527551426561,
2043920772822118744,Tue Apr 14 05:14:21 +0000 2026,0,Call me lagoona blue the way im blue cuz my LA is being taken by gooners,2043920772822118744,,,en,,0,0,0,https://x.com/undefined/status/2043920772822118744,1484797367819718659,
2043920459864100982,Tue Apr 14 05:14:17 +0000 2026,0,OUT OF THE BLUE DJSJDJS,2043920757869428744,,Jhntic,en,,0,0,0,https://x.com/undefined/status/2043920757869428744,1461716480542711808,
2043920742903918802,Tue Apr 14 05:14:13 +0000 2026,0,Eliminiano Lucia perché veramente nn se ne può più qui dentro delle oche che gli vanno dietro. Votate blue e Adriana #GFVIP,2043920742903918802,,,it,,0,0,0,https://x.com/undefined/status/2043920742903918802,717088817841307648,
2043760739136221248,Tue Apr 14 05:14:13 +0000 2026,0,@justice_Rah @Markosonke1 @K_otli Lol it's fine the hackers selling all your date they got from the South African government servers will probably make you read more and hopefully make you stop listening to blue hair white woman,2043920739640787251,,justice_Rah,en,,0,0,0,https://x.com/undefined/status/2043920739640787251,2763649325,
2043920731210236390,Tue Apr 14 05:14:11 +0000 2026,3,Te dejo 3 free picks de MLB. ️ Miércoles 15 de Abril. -CIN Reds vs SF Giants -PIT Pirates vs WAS Nationals -TOR Blue Jays vs MIL Brewers https://t.co/FEEj694SsF,2043920731210236390,https://pbs.twimg.com/amplify_video_thumb/2043920645310869504/img/NCRt3VSewrYrNl9Z.jpg,,en,,0,0,1,https://x.com/undefined/status/2043920731210236390,1808283448593076227,
2043920727632744797,Tue Apr 14 05:14:10 +0000 2026,1,เคยได้ยินแต่ใจไม่อยู่กับเนื้อกับตัว อันนิเป็น แขนไม่อยู่กับเนื้อกับตัว ไปอยู่ที่อีกคนตลอด ‍↔️ JOSSGAWIN BLUE MALDIVES #MamixJossGawinMaldivesTrip #JossGawin #จอสกวิน https://t.co/kxGxlEdcnx,2043920727632744797,https://pbs.twimg.com/media/HF13EOVacAEz2OM.jpg,,th,,0,0,1,https://x.com/undefined/status/2043920727632744797,114533689,
2043919629337407998,Tue Apr 14 05:14:09 +0000 2026,0,@Vishalk807252 Bleed blue,2043920725770416516,,Vishalk807252,en,,0,0,0,https://x.com/undefined/status/2043920725770416516,1087687547696771072,
2043911558460518640,Tue Apr 14 05:14:08 +0000 2026,0,@SportsnetSpec Want to make the shootout more realistic? Once the shooter hits center ice there's a defender leaving the blue line giving chase. These circus shots never happen in a game.,2043920721358008695,,SportsnetSpec,en,,0,0,0,https://x.com/undefined/status/2043920721358008695,257750958,
2043920524653306304,Tue Apr 14 05:13:21 +0000 2026,0,apa khabar? ⎐كُود⎐⎐تويو⎐ ⊵FF7⊴ ⎐فرست⎐كراى⎐فيرستكراى⎐ ⊵AFN22⊴ ▬لؤكسىتأن▬لوكستيان ⎐A106⎐ ⎐كؤِبُون⎐Faded Blue ^^^^ ⎐خـِصم⎐uty9PxEtyHTirp https://t.co/iFbQ7uvvox,2043920524653306304,https://pbs.twimg.com/media/HF124dgWAAAp2m0.jpg,,und,,0,0,0,https://x.com/undefined/status/2043920524653306304,727177702122356736,
2043888526236733937,Tue Apr 14 05:13:21 +0000 2026,0,@Yesavage2HOF I don't believe that you watch Blue Jays games,2043920522648662463,,Yesavage2HOF,en,,0,0,0,https://x.com/undefined/status/2043920522648662463,16503321,
2043585039791759496,Tue Apr 14 05:13:17 +0000 2026,0,@freebird20142 @TbirdTmoney @ShareawareCdn @RebelNewsOnline Omg No one listens to me either. I can t even afford to get my Verified Blue Yeah I m an absolute nobody. Oh well I vented.,2043920504202113160,,freebird20142,en,,0,0,0,https://x.com/undefined/status/2043920504202113160,1225622509745102848,
2043914049252143106,Tue Apr 14 05:13:13 +0000 2026,0,@asafkura Benar... BL aka BLUE LOCK!,2043920489756930462,,asafkura,in,,0,0,0,https://x.com/undefined/status/2043920489756930462,1364388971111845890,
2043721089101046259,Tue Apr 14 05:13:12 +0000 2026,0,@NateB_Panic Yes. Most traders are west chauvinist lolberts and their investments are 'wishcasting' a vote of confidence into 'team blue'. Any smashing of team red or team green (commies and muslims) is 'good' and they will respond by basically donating their cash to see it happen.,2043920483112956245,,NateB_Panic,en,,0,0,0,https://x.com/undefined/status/2043920483112956245,1982069283434934272,
2043348634989670448,Tue Apr 14 05:13:09 +0000 2026,0,@Golden_L2 @kauanauakXD @louquinho_56343 @Hiroshi1397527 @Akumabat I think it was Ottley that said that they decided to make the suit white in the show because they liked the white more than the light blue,2043920472912335343,,Golden_L2,en,,0,0,0,https://x.com/undefined/status/2043920472912335343,1323988786678796295,
2043804168205582641,Tue Apr 14 05:13:05 +0000 2026,0,@isolatedrook I think it should have increased player spawns while also having a lot better floor loot. No golds or anything but let robots consistently drop blue guns and armor with shields being available in every secured resource or event. Make it hard to exfill but easy to get gear.,2043920454532874420,,isolatedrook,en,,0,0,0,https://x.com/undefined/status/2043920454532874420,1357889558214545408,
2043849234927976524,Tue Apr 14 05:12:58 +0000 2026,0,@morfonicant They fade into blue from yellow obviously,2043920426502602982,,morfonicant,en,,0,0,0,https://x.com/undefined/status/2043920426502602982,1621365824413126656,
2043661265932050748,Tue Apr 14 05:12:56 +0000 2026,0,@sondehalfmoon_ Gintama nichijou saiki kusou tonari no seki kun danshi kokousei grand blue mob psycho mashle Sakamoto² spy x family OPM ,2043920417564639402,,sondehalfmoon_,fi,,0,0,0,https://x.com/undefined/status/2043920417564639402,1291975667035193355,
2043788749759508785,Tue Apr 14 05:12:51 +0000 2026,0,@WallStreetApes @Tara15482537174 Why? I am getting to the point where I just don t want to hear about these Blue states.,2043920397796626540,,WallStreetApes,en,,0,0,0,https://x.com/undefined/status/2043920397796626540,1592670666490265601,
2043908089829539858,Tue Apr 14 05:12:45 +0000 2026,0,@BasedMikeLee And blue state are addicted.,2043920369854431544,,BasedMikeLee,en,,0,0,0,https://x.com/undefined/status/2043920369854431544,1188252041358917632,
2043836649822441850,Tue Apr 14 05:12:44 +0000 2026,0,@policytensor @LukeGromen This is foolishly wrong. Neither Russia nor China possess a true blue water navy and are incapable of projecting power anywhere near the degree the United States Navy can.,2043920365878161711,,policytensor,en,,0,0,0,https://x.com/undefined/status/2043920365878161711,1639459802299666432,
2043917166140108981,Tue Apr 14 05:12:43 +0000 2026,0,@TheBrancaShow The problem is then they go to school and the blue haired freaks poison them.,2043920362056884416,,TheBrancaShow,en,,0,0,0,https://x.com/undefined/status/2043920362056884416,1888532548613025792,
2043908592651153656,Tue Apr 14 05:12:41 +0000 2026,1,@yunoheim I made all of theeeem bottom blue ones are wally https://t.co/Q8FKtquv1Z,2043920354175840308,https://pbs.twimg.com/media/HF12uK9XkAAl5HD.jpg,yunoheim,en,,0,1,0,https://x.com/undefined/status/2043920354175840308,1737188264753197056,
2043920353794359486,Tue Apr 14 05:12:41 +0000 2026,0,Combine? ⎐كُود⎐⎐تويو⎐ ⊵A73⊴ ⎐كارتلو⎐ ⎐ZZ38⎐ ⎐وايــا⎐ ⎐AA54⎐ ⎐كؤِبُون⎐Star Blue ^^^ ⎐خـِصم⎐wtyc64fE0JePK https://t.co/4aYKo5GqEk,2043920353794359486,https://pbs.twimg.com/media/HF12uTbasAAmL2W.jpg,,und,,0,0,0,https://x.com/undefined/status/2043920353794359486,1233376727549779972,
2043920353135583721,Tue Apr 14 05:12:41 +0000 2026,0,Art of the Day! Blue Smiles . Buy at: https://t.co/mpxiPAROtf https://t.co/C5YfL1wtZB,2043920353135583721,https://pbs.twimg.com/media/HF12uyRW4AA5teq.jpg,,en,,0,0,0,https://x.com/undefined/status/2043920353135583721,1649409858175660034,
2043486731345797622,Tue Apr 14 05:12:40 +0000 2026,0,@JuwuVT Big BLUE,2043920349406900713,,JuwuVT,en,,0,0,0,https://x.com/undefined/status/2043920349406900713,932717242172739584,
2043920334978724043,Tue Apr 14 05:12:36 +0000 2026,1,Name : Cali Carter Date of Birth : 23 Feb 1990 Age : 36 years Height : 5 1 Weight : 50 kg Eye Colour: Blue Hair Colour: Blonde Birthplace : Sacramento California United States. Nationality: American🇺🇸 Hobbies: Photography and working out. Profession : Blonde American adult https://t.co/5bMkWv1sE7,2043920334978724043,https://pbs.twimg.com/media/HF12thnbkAAN9lI.jpg,,en,,0,0,0,https://x.com/undefined/status/2043920334978724043,1815849011091308544,
2043907718042341601,Tue Apr 14 05:12:31 +0000 2026,0,@xAngyLopez Kaiser magical boy y Ness fan de los magicals ️ Sé que lo más obvio seríe Ness siendo el magical boy pero imaginen la escena donde se conocieron como un escenario donde Blue Rose salvó a Ness de una tragedia y eso provoca que Ness se obsesione con este héroe ,2043920313923039634,,xAngyLopez,es,,0,0,0,https://x.com/undefined/status/2043920313923039634,1590931949463404544,
2043920312014680170,Tue Apr 14 05:12:31 +0000 2026,0,he takes another step backwards. she isn t moving. another. another. another. another. and his back is caressing the wall that is melting like candle wax under her terribly warm blue eyes,2043920312014680170,,,en,,0,0,0,https://x.com/undefined/status/2043920312014680170,1588900847093678081,
2043853456457499013,Tue Apr 14 05:12:27 +0000 2026,0,@wazzuFreddo @TheAlphaDoug @WCCSG_ Lmao Those sailing water polo and tennis titles really mean ish to me. USC is a Blue Blood in two of the three Big sports and have more Olympic medals than Stanford If you don t think that is a compelling argument for USC it proves why you are a Wazzu fan ,2043920296177217560,,wazzuFreddo,en,,0,0,0,https://x.com/undefined/status/2043920296177217560,3304782835,
2043809571400233363,Tue Apr 14 05:12:23 +0000 2026,0,@hfo @DJSnM there s no EU requirement when it comes to passport colors for example Croatian passports have been blue pre-EU and in-EU. And they ll stay blue,2043920278741233902,,hfo,en,,0,0,0,https://x.com/undefined/status/2043920278741233902,14854488,
2043920273389301795,Tue Apr 14 05:12:23 +0000 2026,0,but he didn t let me get anything crazy. like the craziest shit i read at like 9-10 was twilight and the blue bloods vampire series. and vampire academy. lotta vampires. probably not totally age appropriate but at least it s not hardcore explicit asshole gaping porn ,2043920278196027837,,wyldblooms,en,,0,1,0,https://x.com/undefined/status/2043920278196027837,1128268187030753280,
2043920255634841935,Tue Apr 14 05:12:17 +0000 2026,0,Team Red or Team Blue? https://t.co/10Ef3QMAP5 via @YouTube,2043920255634841935,,,en,,0,0,0,https://x.com/undefined/status/2043920255634841935,34703303,
2043919697876296143,Tue Apr 14 05:12:14 +0000 2026,0,@Dioslev At first I thought my blue tick has expired ,2043920241726541989,,Dioslev,en,,0,0,0,https://x.com/undefined/status/2043920241726541989,1890335993598775296,
2043850204546318570,Tue Apr 14 05:12:13 +0000 2026,0,@Silvers3211 @1klyonz Sanji got the ability to endure blue fames because of Germa + Haki. He also got regen super strength and speed https://t.co/OA9kaTIBrd,2043920237918105816,https://pbs.twimg.com/media/HF12GmQasAIeabt.jpg,Silvers3211,en,,0,0,0,https://x.com/undefined/status/2043920237918105816,893932968489754626,
2043920211318059053,Tue Apr 14 05:12:07 +0000 2026,0,Beberapa tahun lalu awards akting Korea khususnya film mengambil nominasi dari rating Daum IMDB Naver. Tapi sekarang Naver ga buat rating lagi. Maka awards2 seperti Baeksang Blue Dragon Awards film Grand Bell Awards Buil Film Awards mengambil IMDB sebagai point penilaian.,2043920211318059053,,,in,,0,0,0,https://x.com/undefined/status/2043920211318059053,1889720353850798080,
2043766062257480166,Tue Apr 14 05:12:06 +0000 2026,0,@RachelBitecofer How many people died as a result today? 13 less than Biden killed botching the pull out from Afghanistan a country the smartest president in history couldn't spell if you spotted him the Afghanista. Why does Blue MAGA always have to make MAGA look like MENSA by comparison?,2043920210181099756,,RachelBitecofer,en,,0,0,0,https://x.com/undefined/status/2043920210181099756,1709759959112491008,
2043920204330127461,Tue Apr 14 05:12:05 +0000 2026,0,avatar aang the last airbender was amazing and zukka is added to my red blue ships list because good lord i cant get enough of them and toff was so fucking hot oh my god i feel so lesbian right now,2043920204330127461,,,en,,0,0,0,https://x.com/undefined/status/2043920204330127461,1873577862747586560,
2043901928053322137,Tue Apr 14 05:12:04 +0000 2026,0,@Lost_human19 Party hard: Aaj blue hai paani paani,2043920199880192501,,Lost_human19,hi,,0,0,0,https://x.com/undefined/status/2043920199880192501,2006932097836134400,
2043920174831526295,Tue Apr 14 05:11:58 +0000 2026,0,I just started blue lock and wth it's a survival anime ?? Thought it's all about football why are they gathering 300 teenager to make them compete with eo poor kids,2043920174831526295,,,en,,0,1,0,https://x.com/undefined/status/2043920174831526295,1736796267483721729,
2043920130317733918,Tue Apr 14 05:11:47 +0000 2026,10,We are here with another IRIAM Maintenance Follow Fest tonight! My name is Moral Truth the cool blue cat with the shades! I am a Founding Streamer on IRIAM US and have streamed for 400+ days in a row! Come join sometime! #IRIAMMaintFollowFest #IRIAMメンテ中のフォロー祭り https://t.co/UXF5lHGksE,2043920130317733918,https://pbs.twimg.com/media/HF11YXva8AEDMoY.jpg,,en,,0,1,3,https://x.com/undefined/status/2043920130317733918,3193828193,
2043882013237649598,Tue Apr 14 05:11:46 +0000 2026,0,@SwannMarcus89 This just doesn't reflect how actual politics works at all. Piker is an effective surrogate on college campuses because there exists an audience on those campuses that knows likes and agrees with him. It would have been equally silly for Trump to bring Kirk to a blue collar stop,2043920123572941229,,SwannMarcus89,en,,0,0,0,https://x.com/undefined/status/2043920123572941229,1775576486419832835,
2043920114647740419,Tue Apr 14 05:11:44 +0000 2026,0,The grandma's blue porcelain bowl from my memories still grows warm roots in my stomach this makes me believe nothing truly disappears ,2043920114647740419,,,en,,0,0,0,https://x.com/undefined/status/2043920114647740419,20773220,
2043859508628226391,Tue Apr 14 05:11:39 +0000 2026,1,@RushdieZ91024 @99JWD Sorry but I don t subscribe to the blue team or red. I m an independent thinker therefore I have differing opinions all the time. I don t blindly root for anything or anyone. The vote blue no matter who crowd are the opposite side of the same coin and I ll criticize them anytime,2043920096016351494,,RushdieZ91024,en,,0,1,0,https://x.com/undefined/status/2043920096016351494,1270411252301475842,
2043907761650425971,Tue Apr 14 05:11:36 +0000 2026,0,@GinoHard_ Just imagine if they still had Burns on the blue line...this team is about 4-5 players away from being a top 3 team in the west. And some of those are in house and will grow into it. Will Smith needs to take a big leap next year and if he does it's a deadly 1-2 combo,2043920082808578118,,GinoHard_,en,,0,0,0,https://x.com/undefined/status/2043920082808578118,1821319931687817217,
2043920078735806684,Tue Apr 14 05:11:35 +0000 2026,0,Are cops cashing in while crime stays high? Let's dive into 'blue power'! #PolicePay #CrimeTalk https://t.co/yRCwufYw4X,2043920078735806684,https://pbs.twimg.com/ext_tw_video_thumb/2043920041549107200/pu/img/JzuuExf4bAQ66NfO.jpg,,en,,0,0,0,https://x.com/undefined/status/2043920078735806684,14680596,
2043920052781756849,Tue Apr 14 05:11:29 +0000 2026,0,#️⃣nowplaying BLUE - 宇多田ヒカル - WILD LIFE しんどい時に聴くと安らぐ大好きなイントロ️ ライブverのエレキの音も温かくて好き https://t.co/68N2g4drTl,2043920052781756849,https://pbs.twimg.com/media/HF12dAabAAAfK1H.jpg,,ja,,0,0,0,https://x.com/undefined/status/2043920052781756849,891662133716336641,
2043914542095507598,Tue Apr 14 05:11:28 +0000 2026,0,@atakatadai I would love to see a series of photos of you sunbathing and posing on the beach wearing just a blue bikini with white stripes on it. Could you do that when you get the chance? Thank you very much.,2043920048868245654,,atakatadai,en,,0,0,0,https://x.com/undefined/status/2043920048868245654,98221154,
2043920035907830183,Tue Apr 14 05:11:25 +0000 2026,0,#BataIndia 602 to 733. I expect a rejection from blue line to find a new base. If it dont touch 602 again that could be start of reversal. https://t.co/5Crd5Qxn4x,2043920035907830183,https://pbs.twimg.com/media/HF12cJDbkAA9Gg4.jpg,,en,,0,0,0,https://x.com/undefined/status/2043920035907830183,1472660177962909698,
2043908244125691934,Tue Apr 14 05:11:24 +0000 2026,0,@KaiSchwemmer Let s cut the PC nonsense: Adultery is a moral failure and red states get it. Blue states act like cheating is no big deal but we know better marriage is a sacred vow not a casual fling. As a conservative journalist I ve seen firsthand how broken homes from infidelity destroy,2043920030828802247,,KaiSchwemmer,en,,0,0,0,https://x.com/undefined/status/2043920030828802247,100292106,
2043920023631343853,Tue Apr 14 05:11:22 +0000 2026,0,bakugo? ⎐كُود⎐⎐تويو⎐ ⊵X99⊴ ⎐اديداس⎐ ⊵RAN256⊴ ▬لىفل▬شوز▬لىفىل▬ ⊵KLM⊴ ⎐كؤِبُون⎐Sun Blue ^^^^ ⎐خـِصم⎐9z8rkLT5770I https://t.co/vAVom16QUG,2043920023631343853,https://pbs.twimg.com/media/HF12bDoasAAvFkk.jpg,,und,,0,0,0,https://x.com/undefined/status/2043920023631343853,1921529408076038144,
2043919701651202089,Tue Apr 14 05:11:19 +0000 2026,1,@SSN_Alabama SSN bama works after midnight the non-blue bloods wouldn t get it.,2043920012495262041,,SSN_Alabama,en,,0,0,0,https://x.com/undefined/status/2043920012495262041,1186638957779542017,
2043920011467907460,Tue Apr 14 05:11:19 +0000 2026,0,the 3rd one with white and sea green or sea blue colour,2043920011467907460,,,en,,0,0,0,https://x.com/undefined/status/2043920011467907460,1818410598817841153,
2043781173458153719,Tue Apr 14 05:11:18 +0000 2026,0,@Blue_UNIT1 Blue _猫侍さん こんにちは、 お疲れ様です(ˆ ̳◝ ·̫ ◜ ̳ˆ),2043920005419675720,,Blue_UNIT1,ja,,0,0,0,https://x.com/undefined/status/2043920005419675720,414692304,
2043920004496941330,Tue Apr 14 05:11:17 +0000 2026,1,3-Day Bromo &amp; Ijen from Surabaya East Java is home to two world wonders often considered must-sees for any adventurer: the vast caldera of Mount Bromo and the rare blue fire of the Ijen Crater. Site link: https://t.co/xm7BSRBHWI #bromoijentour #surabayabromoijen #eastjavatrip https://t.co/X8ZRehYKjL,2043920004496941330,https://pbs.twimg.com/media/HF12UPLasAA2EAJ.jpg,,en,,0,0,0,https://x.com/undefined/status/2043920004496941330,734455801,
2043920000583668103,Tue Apr 14 05:11:16 +0000 2026,0,Blue Lips: about dreams and wounds originating from a self-composed song martin wrote during his trainee days I m not ready for Blue Lips but it s definitely a sad song Oh my Martin who hurt you ,2043920000583668103,,,en,,0,0,0,https://x.com/undefined/status/2043920000583668103,1643960602845663233,
2043830682271789084,Tue Apr 14 05:11:15 +0000 2026,0,@syniemz brown grey blue!,2043919994690646025,,syniemz,en,,0,0,0,https://x.com/undefined/status/2043919994690646025,1750844599659364352,
2043916228427665541,Tue Apr 14 05:11:14 +0000 2026,1,@WOOMYLOSTACC @HarpDoesArt we not talking about that BUM ass movie with the blue people,2043919988369629289,,WOOMYLOSTACC,en,,0,1,0,https://x.com/undefined/status/2043919988369629289,1697756004287467520,
2043919988264673287,Tue Apr 14 05:11:14 +0000 2026,0,anda? ⎐كُود⎐⎐تويو⎐ ⊵FF7⊴ ⎐درعه⎐ ⊵H5⊴ ⎐بلومنغديلز▬بلومينغديلز⎐ ⊵BLM28⊴ ⎐كؤِبُون⎐Cool Blue ^^ ⎐خـِصم⎐zBkWWLC7vQev https://t.co/sMJgcNO9am,2043919988264673287,https://pbs.twimg.com/media/HF12ZNDXkAANyzf.jpg,,ar,,0,0,0,https://x.com/undefined/status/2043919988264673287,1936776998929494016,
2042543880038412785,Tue Apr 14 05:11:13 +0000 2026,0,@Swizznuts @travisakers OK so if there are equal numbers of libs and conservatives in a blue state... 1. then what makes that state blue? 2. then conservatives are equally responsible for fucking up that state. 3. How do you know whether it's libs or cons moving into your state to fuck it up?,2043919987983720604,,Swizznuts,en,,0,0,0,https://x.com/undefined/status/2043919987983720604,118657837,
2043820544835920037,Tue Apr 14 05:11:13 +0000 2026,0,@earthdweller73 @ScanticAntiques @jkenney Who are you arguing with and why my friend? They do NOT want to understand. I don t think someone can be this much dumb. They always find an excuse. The guy is now justifying that it is ok because it was a blue state,2043919986574659768,,earthdweller73,en,,0,0,0,https://x.com/undefined/status/2043919986574659768,1738307544601493504,
2043882013237649598,Tue Apr 14 05:11:12 +0000 2026,0,@dog_gotta @SwannMarcus89 Prog idiots got smoked by a blue dog democrat from the Bush administration despite massive spending from David Hogg ,2043919983122510335,,dog_gotta,en,,0,0,0,https://x.com/undefined/status/2043919983122510335,1843383396795592705,
2043590478969623017,Tue Apr 14 05:11:08 +0000 2026,0,@fumizuki_itsuka In simple words: - White: Order and Righteousness - Blue: Reason and Progress - Black: Ambition and Ruthlessness - Red: Passion and Freedom - Green: Harmony and Tradition,2043919963015057753,,fumizuki_itsuka,en,,0,0,0,https://x.com/undefined/status/2043919963015057753,279307461,
2043919940638351390,Tue Apr 14 05:11:02 +0000 2026,0,Fuel? ⎐كُود⎐⎐ايهرب⎐ايهيرب اهرب ⊵IQH8946⊴ ▬المطار▬ ⊵M1⊴ ⎐ستايلي⎐Styli⎐ستايلي⊴⊴ ⎐WM⊴ ⎐كؤِبُون⎐Neon Blue ^^ ⎐خـِصم⎐zP5LzWPuWbFx https://t.co/bCaTGuMOJJ,2043919940638351390,https://pbs.twimg.com/media/HF12WfyasAEudVL.jpg,,und,,0,0,0,https://x.com/undefined/status/2043919940638351390,1502729912104464392,
2043558169394504006,Tue Apr 14 05:10:59 +0000 2026,0,@Eman_8282 Blue oyster cult,2043919926075760897,,Eman_8282,en,,0,0,0,https://x.com/undefined/status/2043919926075760897,987596518013235200,
2043737814341226822,Tue Apr 14 05:10:57 +0000 2026,0,@JoJoFromJerz The sky is blue. Water is wet.,2043919917246824498,,JoJoFromJerz,en,,0,0,0,https://x.com/undefined/status/2043919917246824498,14775175,
2043919837987041388,Tue Apr 14 05:10:56 +0000 2026,0,mannequin - flamboyant cuttlefish. i had trouble picking one for them but i settled on this one because theyre really pretty. theyre also very poisonous comparable to the blue ringed octopus. theyre also super tiny. little guys!! https://t.co/3J8wgCAlmm,2043919914310730219,https://pbs.twimg.com/media/HF12U3wXIAAF49z.jpg,lexbeanie,en,,0,1,0,https://x.com/undefined/status/2043919914310730219,1628099714649292815,
2043838984321679477,Tue Apr 14 05:10:52 +0000 2026,0,@MassFiscal Out of the blue . the Town needs an additional $11 million to continue operations how and why? 50% hike in one year is going un-explained per typical government operations.,2043919899001536822,,MassFiscal,en,,0,0,0,https://x.com/undefined/status/2043919899001536822,1700968576075595776,
2043919895956500748,Tue Apr 14 05:10:52 +0000 2026,0,I don t actually mind this blue you talk about,2043919895956500748,,,en,,0,0,0,https://x.com/undefined/status/2043919895956500748,2039224176582471680,
2043558169394504006,Tue Apr 14 05:10:24 +0000 2026,0,@Eman_8282 Blue Oyster Cult,2043919781141852512,,Eman_8282,en,,0,0,0,https://x.com/undefined/status/2043919781141852512,1821557231923720192,
2043837462800150760,Tue Apr 14 05:10:24 +0000 2026,0,@LauraLoomer @RepTonyGonzales @RepSwalwell Nah pigs with pig thoughts and Blue Chew,2043919779992612871,,LauraLoomer,en,,0,0,0,https://x.com/undefined/status/2043919779992612871,24547328,
2043857585535672508,Tue Apr 14 05:10:22 +0000 2026,0,@LNhistorian Could have sworn the dude had blue hair,2043919770416755164,,LNhistorian,en,,0,0,0,https://x.com/undefined/status/2043919770416755164,591144358,
2043884856023584870,Tue Apr 14 05:10:21 +0000 2026,0,@KristanHawkins 3/ This same dude ran a 6+ month campaign for Ukraine INSIDE the church. Flags banners blue-and-yellow stuff everywhere. But abortion only got 40 days and it had to be 40 days *outside* the walls of the church.,2043919769687187492,,GospelProp,en,,0,1,0,https://x.com/undefined/status/2043919769687187492,2011571772634853376,
2043919769603080698,Tue Apr 14 05:10:21 +0000 2026,0,nah bro that's LEAGUE OF LEGENDS KAYN (blue kayn on the right),2043919769603080698,,,en,,0,0,0,https://x.com/undefined/status/2043919769603080698,984521788200665088,
2043919767296184641,Tue Apr 14 05:10:21 +0000 2026,0,Is blue lock gonna be a movie or show,2043919767296184641,,,en,,0,0,0,https://x.com/undefined/status/2043919767296184641,1621834977158598656,
2043846150986559784,Tue Apr 14 05:10:16 +0000 2026,0,@ABunny2Die4 It's blue,2043919746870194597,,ABunny2Die4,en,,0,0,0,https://x.com/undefined/status/2043919746870194597,1585430248107421696,
2043919737302987021,Tue Apr 14 05:10:14 +0000 2026,0,Supplier &amp; Distributor of Palamig Powder | Fruit Juice Powder | Gulaman Powder | Lemon Iced Tea Powder | Red Iced Tea Powder | Blue Lemonade Juice Powder For more products visit our websites: https://t.co/OmnL21Bv6w Facebook Page: https://t.co/1ofuhh5WhE https://t.co/RxXZZ45oet,2043919737302987021,https://pbs.twimg.com/ext_tw_video_thumb/2043919651764350977/pu/img/ABM41ptDXMr7kgoI.jpg,,en,,0,2,1,https://x.com/undefined/status/2043919737302987021,1858786594028994560,
2043904629688414422,Tue Apr 14 05:10:13 +0000 2026,0,@VishakhRanotra @sidduu96 Subscribing blue tick is out right propaganda machinery. Any person with base level intellect will infer bad luck is used for not having hands on training in school by skilled people. Chill and subscribe to milkshake to cool,2043919735063220731,,VishakhRanotra,en,,0,0,0,https://x.com/undefined/status/2043919735063220731,430525666,
2043919726485877054,Tue Apr 14 05:10:11 +0000 2026,1,Supplier &amp; Distributor of Palamig Powder | Fruit Juice Powder | Gulaman Powder | Lemon Iced Tea Powder | Red Iced Tea Powder | Blue Lemonade Juice Powder For more products visit our websites: https://t.co/OmnL21Bv6w Facebook Page: https://t.co/1ofuhh5WhE https://t.co/ebgzVFl6df,2043919726485877054,https://pbs.twimg.com/ext_tw_video_thumb/2043919673289519104/pu/img/O0L0bzOdgD0fDcLA.jpg,,en,,0,2,1,https://x.com/undefined/status/2043919726485877054,1858786594028994560,
2043919703685615654,Tue Apr 14 05:10:06 +0000 2026,2,Blue Star 1.5 Ton 3 Star Split AC for ₹32 490 (Effectively) ₹4 000 off with HDFC Credit Card EMI https://t.co/qgzIulvMNl Carrier 1.5 Ton 5 Star Inverter Split AC for ₹34 490 (Effectively) ₹7 500 off with HDFC CC No Cost EMI https://t.co/WzXHMkHocP,2043919703685615654,,,en,,0,0,0,https://x.com/undefined/status/2043919703685615654,900617420938674176,
2043903981991407617,Tue Apr 14 05:10:04 +0000 2026,1,@thorodinson07 congress nehru both were visionary they knew cant hand over country to blue people to ruin it.,2043919696081416386,,thorodinson07,en,,0,0,0,https://x.com/undefined/status/2043919696081416386,1080050976977899521,
2043724976360968317,Tue Apr 14 05:10:02 +0000 2026,0,@EDNA1A @ArizonaBobcat @DavidMMcintosh Well they weren't blond blue-eyed Scandinavians. That's for sure ,2043919686652350531,,EDNA1A,en,,0,0,0,https://x.com/undefined/status/2043919686652350531,2029769989415391235,
2043919680281420127,Tue Apr 14 05:10:00 +0000 2026,0,Earth? ⎐كُود⎐⎐نمشي⎐ ⊵RD12⊴ ⎐ديرمازون⎐ ⊵D22⊴ ⎐يانجو▬درايف⎐ ⊵AD25⊴ ⎐كؤِبُون⎐Velvet Blue ^^ ⎐خـِصم⎐Roh0JJp93CUm https://t.co/xuyrJaQtHA,2043919680281420127,https://pbs.twimg.com/media/HF12HD2asAINKs7.jpg,,und,,0,0,0,https://x.com/undefined/status/2043919680281420127,3161518577,
2043919674358776304,Tue Apr 14 05:09:59 +0000 2026,0,Oh yea H1ghr purple tape I like it. I was like damn you know i miss my H1ghr og fam g. soul sik-k haon and jay park that was on the red/blue. But BABY dont be sleeping on my baby Woodie Gochild. He got slept on during red/blue and I loved his verse then &amp; I love his verses now,2043919674358776304,,,en,,0,1,0,https://x.com/undefined/status/2043919674358776304,925150189823852549,
2043892232349200393,Tue Apr 14 05:09:58 +0000 2026,1,@Kaaliyug Nah... bro ain't tolerating Buddha hate no more I understand BUDDHA now that... Life is Nothing but SUFFERING (fk da blue clowns though),2043919669787340843,,Kaaliyug,en,,0,1,0,https://x.com/undefined/status/2043919669787340843,1363003312937701377,
2043919669342654821,Tue Apr 14 05:09:58 +0000 2026,0,엔시티 위시 컬러돌 굿즈 판매 Nct wish color wish doll key ring riku Pink blue green 미개봉 컬러돌 쿠리 리쿠 핑크 + 파랑 + 초록 일괄 62000원 옾챗 주세요 https://t.co/CHcbzRPnA4 엔시티 위시 위시 베이커리 시온 리쿠 유우시 재희 료 사쿠야 sion riku yushi jahee ryo sakuya,2043919669342654821,,,ko,,0,0,0,https://x.com/undefined/status/2043919669342654821,1351141212863000577,
2043763616030073150,Tue Apr 14 05:09:56 +0000 2026,0,@noisyb0y1 What s the green blue and red light for?,2043919661818097790,,noisyb0y1,en,,0,0,0,https://x.com/undefined/status/2043919661818097790,1857572860358963200,
2043919659653599439,Tue Apr 14 05:09:55 +0000 2026,0,my layout on this is so cutesie i love it but im not fixated on blue lock anymore,2043919659653599439,,,en,,1,0,0,https://x.com/undefined/status/2043919659653599439,1886985872924360704,
2043919649813799248,Tue Apr 14 05:09:53 +0000 2026,0,just got emotional watching 2025 alcs highlights. trey yesavage please save the toronto blue jays,2043919649813799248,,,en,,0,0,0,https://x.com/undefined/status/2043919649813799248,1442989099300782081,
2043919629337407998,Tue Apr 14 05:09:48 +0000 2026,0,New Blue Shirt and Blue Jeans....We made Vada at home... and Blue Berry Payasam..... #BhimJayanthi Celebrations.... #AmbedkarJayanti https://t.co/TTbm9K8dCD,2043919629337407998,https://pbs.twimg.com/media/HF12CkyasAAzlkv.jpg,,en,,0,1,0,https://x.com/undefined/status/2043919629337407998,1417414395001376768,
2043906972853121486,Tue Apr 14 05:09:43 +0000 2026,0,@RahulGandhi Bhai tu blue t shirt kyu nahi pehnta,2043919607287930980,,RahulGandhi,in,,0,0,0,https://x.com/undefined/status/2043919607287930980,1594918326509383680,
2043909498574909490,Tue Apr 14 05:09:36 +0000 2026,0,@AveryChyler no naka black shirt lg ako at naka winter jacket blue kung san si tala takbo lng ako para sa kanya at nabigay ko yung 2 cap ,2043919577340620821,,AveryChyler,tl,,0,0,0,https://x.com/undefined/status/2043919577340620821,1796770402884325376,
2043688967598641625,Tue Apr 14 05:09:35 +0000 2026,0,@ripper_dhruvaa Blue langot mubarak ho,2043919573494444284,,ripper_dhruvaa,in,,0,0,0,https://x.com/undefined/status/2043919573494444284,1305860753929302016,
2043919570097058168,Tue Apr 14 05:09:34 +0000 2026,0,Check out Antique Blue Enamel Turkish Coffee Pot Dipper Ladle 7.5x4x3.5 https://t.co/zWyclEIA6G #eBay via @eBay,2043919570097058168,,,en,,0,0,0,https://x.com/undefined/status/2043919570097058168,1695062232885772288,
2043171662456365479,Tue Apr 14 05:09:29 +0000 2026,0,@WB_PersonalAcct @TotalNonComply @GenFlynn @DrewPavlou Cowarded out due no peoples jails? Wld of been done for kidnapping? Boo freakin whoo! The stuff i can tell is a book but no military no cops. Ive talked til blue 3 of us wld of tried for arrest out of 30. The people here are a f joke!!,2043919551109443603,,Kristy270734421,en,,0,0,0,https://x.com/undefined/status/2043919551109443603,1742850778191233024,
2043919524991512625,Tue Apr 14 05:09:23 +0000 2026,0,アントンにyung kaiのblueカバーしてみて欲しい...絶対に良い,2043919524991512625,,,ja,,0,0,0,https://x.com/undefined/status/2043919524991512625,2020769694060601344,
2043500599006957861,Tue Apr 14 05:09:23 +0000 2026,0,@PaulGoldEagle BREAKING Another blue tic subscriber accounts posting total bollocks for engagement. https://t.co/XmYNq79LvD,2043919523300901292,https://pbs.twimg.com/tweet_video_thumb/HF11-IFWAAAp4RH.jpg,PaulGoldEagle,en,,0,0,0,https://x.com/undefined/status/2043919523300901292,2230459686,
2043915409548816547,Tue Apr 14 05:09:21 +0000 2026,2,@RazorFist I prefer mine blue. Needs to be mooing.,2043919515281449087,,RazorFist,en,,0,0,0,https://x.com/undefined/status/2043919515281449087,2920959259,
2043919499498295299,Tue Apr 14 05:09:17 +0000 2026,0,cuando vi la escena de la violacion en perfect blue y dije se mamo la mima y luego me acorde esta película y tb pense que se mamo el jinyoung ,2043919499498295299,,,es,,0,0,0,https://x.com/undefined/status/2043919499498295299,30781781,
2043919493148348419,Tue Apr 14 05:09:16 +0000 2026,0,I realize my mistake. I ll use made in China Plastic Agni for my daily Agnihotra Hawan light blue semi viscous Slime for Soorya Jal Arpan in fact I can use a halogen light as Soorya too. Also I ll use plastic Basil leaves for Thakur Ji s Prasad. Will that make me sensible,2043919493148348419,,,en,,0,0,0,https://x.com/undefined/status/2043919493148348419,77273113,
2043919489478033607,Tue Apr 14 05:09:15 +0000 2026,1,CA : Dozjk3yykAigdg2DM2fUR2P8hs1fBqLhYdgmoHPFpump The blue shirt kid has been going insanely viral all over social media The family is onboard and all fees are redirected to their wallet with CA posted in bio! https://t.co/ULaBP1bLal https://t.co/9yTZ7Twzoa https://t.co/svlHPFMi74,2043919489478033607,https://pbs.twimg.com/media/HF113zPX0AEzb04.png,,en,,0,0,0,https://x.com/undefined/status/2043919489478033607,2043893551625342976,
2043567823281414312,Tue Apr 14 05:09:12 +0000 2026,0,@xianglist *cough* Azzzz Lane *cough* Blue Arsechive cough* Snore Break NIKKE is good though but the gameplay gets boring after the first week.,2043919476987662674,,xianglist,en,,0,0,0,https://x.com/undefined/status/2043919476987662674,1454494045498077186,
2043894514650362357,Tue Apr 14 05:09:11 +0000 2026,0,@mosinashraf @harukaawake And? That s the dumbest excuse I ve ever heard. Oh blue check mark I get it.,2043919474970214712,,mosinashraf,en,,0,0,0,https://x.com/undefined/status/2043919474970214712,202786207,
2043919472818577537,Tue Apr 14 05:09:11 +0000 2026,0,Hello Kitty Tamagotchi Sky Blueの新作が登場！キティファン即堕ちの可愛さ炸裂、nanoシリーズで癒し全開。今この魅力に抗える人いる？ https://t.co/nTbDl1iwge PR,2043919472818577537,,,ja,,0,0,0,https://x.com/undefined/status/2043919472818577537,1350996806763753474,
2043919465440526773,Tue Apr 14 05:09:09 +0000 2026,0, maybe the light is just blue crowd have grown up and have letterboxd accs and that s why everyone sounds stupid asf,2043919465440526773,,,en,,0,0,0,https://x.com/undefined/status/2043919465440526773,1885758717679091712,
2043919464396173368,Tue Apr 14 05:09:09 +0000 2026,0, She sits enthroned in electric judgment. Blue light carves her silhouette like a verdict goggles hiding eyes that have already seen the end. https://t.co/gmIFjOuNZV,2043919464396173368,https://pbs.twimg.com/media/HF1167pWsAAsyIn.jpg,,en,,0,0,0,https://x.com/undefined/status/2043919464396173368,2010231817819795456,
2043835261147025478,Tue Apr 14 05:09:07 +0000 2026,0,@FordJohnathan5 You're the fool who is still giving money to the asshole for that worthless blue checkmark. Idiot,2043919456834072596,,FordJohnathan5,en,,0,0,0,https://x.com/undefined/status/2043919456834072596,1878253796989759489,
2043789725463462053,Tue Apr 14 05:09:06 +0000 2026,0,@thetatemotive Once you stop your webcam girls from keeping their own money and keep them from running away there s going to be a lot of cash to rent a blue Rolls Royce https://t.co/XREoMuzMRn,2043919451792519249,,thetatemotive,en,,0,0,0,https://x.com/undefined/status/2043919451792519249,1897576203898523648,
2043919445614108867,Tue Apr 14 05:09:04 +0000 2026,0,I'm starting to think that Blue might be worth a damn.,2043919445614108867,,,en,,0,0,0,https://x.com/undefined/status/2043919445614108867,1814275466112462848,
2043919438949572879,Tue Apr 14 05:09:03 +0000 2026,0,#DulquerSalmaan is the TRUE BLUE PAN INDIA STAR.. Not like these so called BIGGEST STARS who claims themselves as one.. Surprisingly he delivered superhit films in all these languages.. #DQ language proficiency https://t.co/QekUprnjcS,2043919438949572879,https://pbs.twimg.com/ext_tw_video_thumb/2043750839307907075/pu/img/jT3uHH_rhIjif4Wr.jpg,,en,,0,0,0,https://x.com/undefined/status/2043919438949572879,1798567055635132416,
2043705371143950533,Tue Apr 14 05:09:01 +0000 2026,0,@MikeLaChance33 You guys realize that Obama being a piece of shit doesn t mean that Trump isn t also a piece of shit right? My car is blue. If you tell me my last car was blue my current car is still fucking blue. Dumb fuck retards.,2043919431630229991,,MikeLaChance33,en,,0,0,0,https://x.com/undefined/status/2043919431630229991,131937803,
2043566509172412712,Tue Apr 14 05:08:57 +0000 2026,0,@dough_nut_love For yoojung fans it's okay if she wasn't nominated for the Baeksang Awards we still have the Blue Dragon Awards. hopefully this event won't disappoint us again. Don't be discouraged sosukes,2043919415327240497,,dough_nut_love,en,,0,0,0,https://x.com/undefined/status/2043919415327240497,1758900314399485952,
2043914436570739105,Tue Apr 14 05:08:51 +0000 2026,1,@looovelorn blue.,2043919390991897042,,looovelorn,en,,0,1,0,https://x.com/undefined/status/2043919390991897042,1565879531696791552,
2043919387493650841,Tue Apr 14 05:08:50 +0000 2026,0,girls man. so confusing. how can you text me 3 weeks ago saying you miss me out of the blue and that you've been thinking of me and then act like that didn't even happen and thst i'm crazy.,2043919387493650841,,,en,,0,0,0,https://x.com/undefined/status/2043919387493650841,2035741072748593152,
2043919383194386860,Tue Apr 14 05:08:49 +0000 2026,1,k slept 50mins a day overworked filming blue lock as seishiro nagi promoting btl &amp; shows only for the guy he s to portraying to have a schedule composed of eat sleep game soccer (if he feels like it) AND sleeps 8.5 EVERY SINGLE DAY oh koga yudai you ve worked so hard https://t.co/a6inbH5bsQ,2043919383194386860,https://pbs.twimg.com/media/HF112JuWQAAHTR-.jpg,,en,,0,0,1,https://x.com/undefined/status/2043919383194386860,2039880808530432000,
2043418881188905186,Tue Apr 14 05:08:49 +0000 2026,0,@Aisleyne1 Yes please look good in blue,2043919381047005187,,Aisleyne1,en,,0,0,0,https://x.com/undefined/status/2043919381047005187,1401996805315891205,
2043919378572554749,Tue Apr 14 05:08:48 +0000 2026,0,BLUE VELVET MENTIONED IN CLASS KANGEN MANDU COOPER BANGED https://t.co/m06W888xGJ,2043919378572554749,https://pbs.twimg.com/media/HF111zuasAI1NCf.jpg,,da,,0,0,0,https://x.com/undefined/status/2043919378572554749,1886810049370288128,
2043919377427509528,Tue Apr 14 05:08:48 +0000 2026,0,vaya? ⎐كُود⎐⎐تُيموُ⎐ ⊵TEM73⊴ ▬اتش▬اند▬ام▬H&amp;M ⎐AGXQ⎐ ▬اندر▬ارمور▬ارمر▬ ⎐EB52⎐ ⎐كؤِبُون⎐Soft Blue ^^ ⎐خـِصم⎐oI2U2OIlCWYu https://t.co/dRLOCGb7BO,2043919377427509528,https://pbs.twimg.com/media/HF111e2aEAAe5AZ.jpg,,und,,0,0,0,https://x.com/undefined/status/2043919377427509528,1894097002448703489,
2043834758472327196,Tue Apr 14 05:08:48 +0000 2026,0,@john322226 Dey play Na hin I never get ordinary blue tick?,2043919376189985011,,john322226,en,,0,0,0,https://x.com/undefined/status/2043919376189985011,166083953,
2043901140392411568,Tue Apr 14 05:08:43 +0000 2026,0,@KiDCuDi Cleveland is the reason Just what I am Lord of the sad and lonely Mucho mega mix The commander Kitchen Sept. 16 The void Funky wizard smoke Blue Sky Chunky Animate Deep diving Stargazing May 16th in cincy would be dope I ve always wanted to experience The commander live.,2043919355814010920,,KiDCuDi,en,,0,0,0,https://x.com/undefined/status/2043919355814010920,44018006,
2043907183151067262,Tue Apr 14 05:08:39 +0000 2026,0,@liamgallagher Bro didn't know this existed blue moon https://t.co/K1lsSPrbMC,2043919340676718876,,liamgallagher,en,,0,0,0,https://x.com/undefined/status/2043919340676718876,1429480881148792838,
2043919339439505786,Tue Apr 14 05:08:39 +0000 2026,0,you re so down bad for a little blue hair and a knife huh. [ he keeps his inner thoughts in about the very same face. he has a reputation y know ],2043919339439505786,,,en,,1,0,0,https://x.com/undefined/status/2043919339439505786,2042975796982173697,
2043919334880510091,Tue Apr 14 05:08:38 +0000 2026,0,U-NEXTで観た「BLUE FIGHT ～蒼き若者たちのブレイキングダウン～」 少年院に未来が慰問に来てそれ聞いた主人公達がブレイキングダウン目指すよって話。 あまり普段直接的にこういう感想言わないけど、超クソつまんなかった。人生で観た映画で1、2位を争うつまらなさだと思ったよ。おしまい。 https://t.co/yB2DJHkGL4,2043919334880510091,https://pbs.twimg.com/media/HF11zL5asAA-RMj.jpg,,ja,,0,0,0,https://x.com/undefined/status/2043919334880510091,569825816,
2043919330686185935,Tue Apr 14 05:08:37 +0000 2026,3,I think blue looks good on me as a femboy #femboy https://t.co/g2WpjS1XEw,2043919330686185935,https://pbs.twimg.com/media/HF11q85aYAAeO04.jpg,,en,,0,0,0,https://x.com/undefined/status/2043919330686185935,1872151998696697856,
2043919329398534614,Tue Apr 14 05:08:36 +0000 2026,0,BLUE CITRUSSSSS,2043919329398534614,,,en,,0,0,0,https://x.com/undefined/status/2043919329398534614,4752993798,
2043692970369528252,Tue Apr 14 05:08:32 +0000 2026,0,@QueenUjunwa1 The green and blue ones were identities of two prominent girls schools in my town. Make dem blow de go. Like is good,2043919311564132511,,QueenUjunwa1,en,,0,0,0,https://x.com/undefined/status/2043919311564132511,727543241701203968,
2043648654754627839,Tue Apr 14 05:08:32 +0000 2026,1,@imperialmememan @mayusukomugicha Indonesian blue tongue skink I have an Australian.,2043919311342055594,,imperialmememan,en,,0,1,0,https://x.com/undefined/status/2043919311342055594,1376262757478113283,
2043919304304013416,Tue Apr 14 05:08:30 +0000 2026,0,Dust? ⎐كُود⎐⎐تُيموُ⎐ ⊵TEM73⊴ ⎐فوغا⎐كلوسيت⎐فوجا⎐ ⊵FVG⊴ ⎐ستايلي⎐Styli⎐ستايلي⊴⊴ ⎐ARAB⊴ ⎐كؤِبُون⎐Dust Blue ^^ ⎐خـِصم⎐kNTT8RDZJmZa https://t.co/AvEF1xSZMd,2043919304304013416,https://pbs.twimg.com/media/HF11xOSboAA6GuY.jpg,,und,,0,0,0,https://x.com/undefined/status/2043919304304013416,1861117851320377344,
2043919300805746829,Tue Apr 14 05:08:30 +0000 2026,1,LOOKING TO MOVE SEND OFFERS Juan brito auto /299 $25 Brock porter true green auto /99 $35 Thomas white black mojo /10 $480 true did 550 Sal stewart 1st auto /499 $340 dimple Thoams white psa 9 orange shimmer auto /25 $700 Tugboat auto /499 $30 Spencer jones blue lunar auto psa 10 https://t.co/NdpsdmRERd,2043919300805746829,https://pbs.twimg.com/media/HF11wnJWwAA-toB.jpg,,en,,0,1,2,https://x.com/undefined/status/2043919300805746829,1665074930105348096,
2043846891172179974,Tue Apr 14 05:08:29 +0000 2026,0,@komatsuof1 Classic ! Perfect blue,2043919299442577637,,komatsuof1,en,,0,0,0,https://x.com/undefined/status/2043919299442577637,27776519,
2043881170790953476,Tue Apr 14 05:08:28 +0000 2026,0,@nevnevcom かなり！blue bloodは高校ん時に予約して買いました。,2043919292794843309,,nevnevcom,ja,,0,0,0,https://x.com/undefined/status/2043919292794843309,460062695,
2043720591245459574,Tue Apr 14 05:08:28 +0000 2026,0,@LynneBP_294 Josh Shapiro another failed blue governor!! @PAGOP,2043919292639654079,,LynneBP_294,en,,0,0,0,https://x.com/undefined/status/2043919292639654079,1695156976236523520,
2043901140392411568,Tue Apr 14 05:08:27 +0000 2026,1,@KiDCuDi THIS RIGHT HERE CUD!! Up up and a away Dat new new Cudi zone Marijuana Hyyer Day n night Soundtrack 2 my life!! Blue sky Pursuit of happiness (nightmare) Ghost Void Sep 16th Sad people Scotts MauiWowie Mr rager Love. Pursuit of happiness Steve Aoki version,2043919290076684719,,KiDCuDi,en,,0,0,0,https://x.com/undefined/status/2043919290076684719,1795457344366694401,
2043588954793111853,Tue Apr 14 05:08:25 +0000 2026,0,@kexmei blue gay aliens will save me,2043919282694959172,,kexmei,en,,0,0,0,https://x.com/undefined/status/2043919282694959172,1976895366491783168,
2043918630732079411,Tue Apr 14 05:08:21 +0000 2026,1,@girltwinkzelink His eyes are so blue,2043919265971961908,,girltwinkzelink,en,,0,0,0,https://x.com/undefined/status/2043919265971961908,2007909516206395392,
2043919262235144549,Tue Apr 14 05:08:20 +0000 2026,0,may? ⎐كُود⎐⎐نمشي⎐ ⊵MFM2⊴ ▬أوسما▬ ⎐DZ74⊴ ⎐عطور▬رسيس⎐ ⊵AA51⊴ ⎐كؤِبُون⎐Natural Blue ^^^ ⎐خـِصم⎐8EfcEZDLOH0d https://t.co/NmKbKE6vbB,2043919262235144549,https://pbs.twimg.com/media/HF11u4hasAAgWYM.jpg,,und,,0,0,0,https://x.com/undefined/status/2043919262235144549,2983125119,
2043919247332782276,Tue Apr 14 05:08:17 +0000 2026,4,as we promised before to the nmixx voting team jjyurangdan will give our best in voting if you need any help. we hope this era will be another Blue Valentine era in terms of success so let's get started.,2043919247332782276,,,en,,0,0,0,https://x.com/undefined/status/2043919247332782276,1802408388481122304,
2043901874848645248,Tue Apr 14 05:08:13 +0000 2026,0,@seriousfunnyguy Blue tokai and Devans are still okay Otherwise at least sleepy owl and CCD are a cruel joke on the coffee world,2043919231071477867,,seriousfunnyguy,en,,0,0,0,https://x.com/undefined/status/2043919231071477867,862671024747421697,
2043919223618220095,Tue Apr 14 05:08:11 +0000 2026,0,豊能町を通過した車両の人々へ。 昔はその道に役所と自治体はブルーライトを設置していた。ブルーライトは普通の蛍光灯又はLEDライトにブルーのセロハンを巻いただけでしたよ。 To those traveling by vehicle through Toyono Town. In the past the town hall and local government installed blue,2043919223618220095,,,ja,,0,0,0,https://x.com/undefined/status/2043919223618220095,2008249021480267791,
2043709961654427761,Tue Apr 14 05:08:05 +0000 2026,0,@HakiSmoky @Leneoprota Non il est pas à fond dans blue lock ca ce voit souvent qui est à fond ou non,2043919198074617870,,HakiSmoky,fr,,0,0,0,https://x.com/undefined/status/2043919198074617870,1676704020386250754,
2043686528639975508,Tue Apr 14 05:08:01 +0000 2026,0,@dearjiyongi FXXk it bae bae last farewell blue la la la tell me goodbye and monsterrrrrr,2043919181041807435,,dearjiyongi,en,,0,0,0,https://x.com/undefined/status/2043919181041807435,1126157259631763456,
2043919171252060480,Tue Apr 14 05:07:59 +0000 2026,0,Rin was 1st to emerge from the blue lock man shot training with Aryu and Tokimitsu next but I wonder... Shidou fell asleep before 2nd sel which was why he was 111th. if he hadn't fallen asleep...would he have ended up on Rin's team? would he have been 2nd?,2043919171252060480,,,en,,0,0,0,https://x.com/undefined/status/2043919171252060480,1848686079173603328,
2043743016024678553,Tue Apr 14 05:07:57 +0000 2026,0,@BullymanKaketso We want to support a Botswana celebrity as you know we dispelled burnaboy for being disrespectful but yeah the blue badge people are always fishing for engagements,2043919163240952224,,BullymanKaketso,en,,0,1,0,https://x.com/undefined/status/2043919163240952224,1716669113530015744,
2043849748101140559,Tue Apr 14 05:07:55 +0000 2026,0,@Travis1 Did they let a child or a retard make this list? Since when has Michigan earned the title of blue blood? ,2043919156186100212,,Travis1,en,,0,0,0,https://x.com/undefined/status/2043919156186100212,2002503124184150016,
2043612195670335510,Tue Apr 14 05:07:54 +0000 2026,1,@damselsimi @komur_rrr She's on a luxury yacht sipping wine in a blue bikini. She sets the glass down stands turns to the sea and jumps backward off the edge into the water below. The height surprises her (and the poster) leading to a big splash as she hits with arms and legs spread. Classic yacht,2043919152239255846,,damselsimi,en,,0,1,0,https://x.com/undefined/status/2043919152239255846,1720665183188922368,
2043842634070823356,Tue Apr 14 05:07:52 +0000 2026,0,@BillieSpotify_ CHIHIRO L'AMOUR DE MA VIE WILDFLOWER BIRDS OF A FEATHER SKINNY THE DINER LUNCH BLUE THE GREATEST,2043919144060436716,,BillieSpotify_,en,,0,0,0,https://x.com/undefined/status/2043919144060436716,1557854112963756035,
2043919143678947838,Tue Apr 14 05:07:52 +0000 2026,4,even blue lock fans who were against live action are happy about k as nagi in the casting,2043919143678947838,,,en,,0,1,0,https://x.com/undefined/status/2043919143678947838,1327452450651992064,
2043758516742053979,Tue Apr 14 05:07:50 +0000 2026,0,@tiredfeminist_ A blue mark... https://t.co/h05EdIBC9F,2043919133859836270,https://pbs.twimg.com/media/HF11nV0XQAA9768.jpg,tiredfeminist_,en,,0,0,0,https://x.com/undefined/status/2043919133859836270,1314570478338662400,
2043916992835367297,Tue Apr 14 05:07:49 +0000 2026,1,@snowkhoshi I want blue album and possible DxS solo or whatever of their songs song list since i'll be listening them on repeat for the concert this week,2043919131083452604,,snowkhoshi,en,,0,0,0,https://x.com/undefined/status/2043919131083452604,810683102,
2043814006746472568,Tue Apr 14 05:07:47 +0000 2026,0,@D0TT0R3 Can it be something in 6.3 AQ that Dottore had created??? The blue one?,2043919120056602662,,D0TT0R3,en,,0,0,0,https://x.com/undefined/status/2043919120056602662,2022914184330252293,
2043901781483102658,Tue Apr 14 05:07:46 +0000 2026,0,@pulpliveworld @xiupremokai Daming direct link na nagbebenta sa blue app,2043919115698745393,,pulpliveworld,tl,,0,0,0,https://x.com/undefined/status/2043919115698745393,1657035261677633544,
2043849748101140559,Tue Apr 14 05:07:43 +0000 2026,0,@DestroyerDet @braves2430 @Travis1 Do you know what a blue blood is? It s certainly not Texas. Not to mention all of your success was just as long ago until 2 years ago and you cheated to get it. Thanks for chiming in though.,2043919104277357038,,DestroyerDet,en,,0,0,0,https://x.com/undefined/status/2043919104277357038,2034810657556545536,
2043820900047307032,Tue Apr 14 05:07:41 +0000 2026,0,@mamboitaliano__ They have not voted for a blue haired woke socialist. Magyar is solidly conssrvative. They were just tired of economic stagnation corruption and increasing erosion of ruoe if law.,2043919097570656523,,mamboitaliano__,en,,0,0,0,https://x.com/undefined/status/2043919097570656523,1872758630178795520,
2043292618634015103,Tue Apr 14 05:07:41 +0000 2026,0,@akudesunee I personally like this Miku hair color more than the dark blue.,2043919096807293358,,akudesunee,en,,0,0,0,https://x.com/undefined/status/2043919096807293358,1338720287433568260,
2043845868898382079,Tue Apr 14 05:07:41 +0000 2026,0,@C_3C_3 Sounds exactly like public school history class with all the blue hairs and nose rings in charge.,2043919096136511606,,C_3C_3,en,,0,0,0,https://x.com/undefined/status/2043919096136511606,1656876629677965313,
2043830682271789084,Tue Apr 14 05:07:40 +0000 2026,0,@dollestface orange blue and grey!,2043919090801356965,,dollestface,en,,0,0,0,https://x.com/undefined/status/2043919090801356965,1750844599659364352,
2043919087626060212,Tue Apr 14 05:07:39 +0000 2026,0,Chasing sunsets in Santorini White-washed villages blue domes and wine by the caldera this Greek island feels like a dream. Every corner is a postcard and every sunset is magic. #SantoriniVibes #TravelDiaries https://t.co/Td7O3965Ms,2043919087626060212,https://pbs.twimg.com/media/HF11gKEWQAAE8yh.jpg,,en,,0,0,0,https://x.com/undefined/status/2043919087626060212,1770002936107601921,
2043919086686527586,Tue Apr 14 05:07:39 +0000 2026,0,Depends. Is she looking for a red and blue clad hero that just so happens to be friendly and in the neighborhood?,2043919086686527586,,,en,,0,0,0,https://x.com/undefined/status/2043919086686527586,303601180,
2043919084744581293,Tue Apr 14 05:07:38 +0000 2026,0,Photoshoot Throwback! Sliver Surfer Skye Blue https://t.co/iNlSUuxw0V,2043919084744581293,https://pbs.twimg.com/media/HF11kpCXEAAvKnR.jpg,,en,,0,0,0,https://x.com/undefined/status/2043919084744581293,1781571955574939648,
2043919083809251754,Tue Apr 14 05:07:38 +0000 2026,0,Islanders Blue Jackets and Caps should be ashamed for letting this flyers team into the dance,2043919083809251754,,,en,,0,0,0,https://x.com/undefined/status/2043919083809251754,1943547086873444352,
2043872115313537165,Tue Apr 14 05:07:38 +0000 2026,0,@narendramodi As a prime minister you should be ashamed you are a divider of society we have never seen the blue cockroaches in this quantity and abused our gods threatening our girls history will never adore you for this mischief. Shame on you ! Never ever gonna vote for you divider . https://t.co/TCsRKuUAQf,2043919083276775510,https://pbs.twimg.com/media/HF11kv8asAIxPYV.jpg,narendramodi,en,,0,0,0,https://x.com/undefined/status/2043919083276775510,2015572565931233280,
2043862958112207250,Tue Apr 14 05:07:38 +0000 2026,0,@hiragi26 @emmelrefines 1 BLUE SET希望です,2043919082358214761,,hiragi26,ja,,0,0,0,https://x.com/undefined/status/2043919082358214761,764310933069967361,
2043907520096567785,Tue Apr 14 05:07:36 +0000 2026,1,@GreenTyler27 The blue flag with yellow stars is not one I would be proud of,2043919077639626759,,GreenTyler27,en,,0,0,0,https://x.com/undefined/status/2043919077639626759,1679634208489357314,
2043919077618380943,Tue Apr 14 05:07:36 +0000 2026,2,Good morning also to my community Blue fans from this side ... I hope you all have a nice and fruitful day ahead of you https://t.co/9j9xMHCTAI,2043919077618380943,https://pbs.twimg.com/media/HF11kMPWIAAzQKW.jpg,,en,,0,1,0,https://x.com/undefined/status/2043919077618380943,1435789959978442759,
2043919077295505898,Tue Apr 14 05:07:36 +0000 2026,0,yellow and blue are the most beautiful colors,2043919077295505898,,,en,,0,0,0,https://x.com/undefined/status/2043919077295505898,1670301095275507712,
2043894516760097080,Tue Apr 14 05:07:33 +0000 2026,1,@hopecore_hearts Ragatha Honey it's alright. We all love you! At least I do don't let them ruin your day! If I could follow you a thousand times I would! &lt;Terra smiles at her and gives her a flower that matches her button eyes blue perfectly&gt;,2043919062770823564,,hopecore_hearts,en,,0,0,0,https://x.com/undefined/status/2043919062770823564,1531184350494019584,
2043919059583152605,Tue Apr 14 05:07:32 +0000 2026,0,Mustard? ⎐كُود⎐⎐نون⎐ ⊵NKW⊴ ⎐بلومنج▬وير▬بلومينج⎐ ⎐BLM29⊴ ⎐باث▬اند▬بودي⎐ ⎐ADPE⊴ ⎐كؤِبُون⎐Shadow Blue ^^^ ⎐خـِصم⎐UzMsCfuJpBrty https://t.co/2H3QTVq2iZ,2043919059583152605,https://pbs.twimg.com/media/HF11i8fasAAZ4QJ.jpg,,und,,0,0,0,https://x.com/undefined/status/2043919059583152605,1141730350860779521,
2043901195534938217,Tue Apr 14 05:07:30 +0000 2026,1,@1nOnlyIronMan Avatar is shit I hate blue people. Especially if they re Smurfs. I loathe those bastards!!! ,2043919050879693245,,1nOnlyIronMan,en,,0,1,0,https://x.com/undefined/status/2043919050879693245,1872308807390343169,
2043919044252950665,Tue Apr 14 05:07:28 +0000 2026,2,blue lips being about dreams and wounds originating from a self-composed song martin wrote during his trainee days DONT EVEN JOKE TO ME LAD https://t.co/tx10V7UJnp,2043919044252950665,https://pbs.twimg.com/ext_tw_video_thumb/1871717237570019328/pu/img/vE5V1f_aesEOe15c.jpg,,en,,0,0,0,https://x.com/undefined/status/2043919044252950665,1677567105120747520,
2043803236109279656,Tue Apr 14 05:06:48 +0000 2026,0,@qige1863 @LeadingReport If blue no matter who people could read they would be very upset no doubt,2043918876031811705,,qige1863,en,,0,0,0,https://x.com/undefined/status/2043918876031811705,765360967806889984,
2043697960429769159,Tue Apr 14 05:06:48 +0000 2026,0,@Math_files I got a failing grade in Kindergarten because I used Blue-Green and Red-Orange crayons instead of Blue and Red. This was in 1978. Teachers: Killing creativity for 50 years.,2043918875188961759,,Math_files,en,,0,0,0,https://x.com/undefined/status/2043918875188961759,1599838223978663941,
2043905493819896204,Tue Apr 14 05:06:46 +0000 2026,0,@FromThisIsland Dari atas ke bawah 1. From This Island Java Black Tea Soothing Gel Cleanser 2. From This Island Blue Pea Purifying Micellar Water 3. From This Island Mangosteen Brightening Serum 4. From This Island Papua Red Fruit Plumping Cream,2043918867823767954,,FromThisIsland,en,,0,0,0,https://x.com/undefined/status/2043918867823767954,1343366504012632064,
2043918865428541661,Tue Apr 14 05:06:46 +0000 2026,0,A BLUE state! How about that??,2043918865428541661,,,en,,0,0,0,https://x.com/undefined/status/2043918865428541661,1586620765,
2043918860194119895,Tue Apr 14 05:06:45 +0000 2026,0, blue ! Kind of a theme I m going for in the apartment for no particular reason at all ,2043918860194119895,,,en,,0,0,0,https://x.com/undefined/status/2043918860194119895,1904562539171557376,
2043918854452044221,Tue Apr 14 05:06:43 +0000 2026,0,pls don t ask me stupid questions yes the sky is blue yes i love being manhandlеd and thrown around like a maniac by the man who s my fathеrs agе yes cats say meow !!!,2043918854452044221,,,en,,0,0,0,https://x.com/undefined/status/2043918854452044221,1739291281862340608,
2043864026317250813,Tue Apr 14 05:06:43 +0000 2026,0,@ninjamaster1033 I m standing behind a LIGHT blue being an okay choice,2043918852111647164,,ninjamaster1033,en,,0,0,0,https://x.com/undefined/status/2043918852111647164,1627466481314193408,
2043558169394504006,Tue Apr 14 05:06:42 +0000 2026,0,@Eman_8282 Blue Oyster Cult,2043918848923930732,,Eman_8282,en,,0,0,0,https://x.com/undefined/status/2043918848923930732,1599193933120430080,
2043901140392411568,Tue Apr 14 05:06:41 +0000 2026,0,@KiDCuDi Surfin w/ Pharrell At the party w/ Pharrell Young lady King wizard Electrowavebaby Human made Blue sky The mood Heart of a lion,2043918845597860124,,KiDCuDi,en,,0,0,0,https://x.com/undefined/status/2043918845597860124,31648235,
2043918842859270423,Tue Apr 14 05:06:40 +0000 2026,0,&lt; Drinking Literally All the Blue Milk available. &gt; She actually orders the same stuff. I just didn't think my luck would give me TWO flameproof ladies to contend with.,2043918842859270423,,,en,,0,0,0,https://x.com/undefined/status/2043918842859270423,1915231459268304896,
2043918840648618128,Tue Apr 14 05:06:40 +0000 2026,1,Oh you re not a clickslut? Then why does your little cock grow hard every time you see a shiny blue link begging to be clicked? Findom redhead nsfwtwt humanATM US Sph joi cbt sissy tpe Femdom blackmail phone control forced bi kidslox techdom parentalcontrols,2043918840648618128,,,en,,0,0,0,https://x.com/undefined/status/2043918840648618128,2007211875784855552,
2043089646364823735,Tue Apr 14 05:06:40 +0000 2026,0,@DBconfessions45 Escala de Poder (Nivel Blue): En el TDP Gohan recuperó y superó su estado místico logrando intercambiar golpes con Goku en Super Saiyajin Blue. Si consideramos que el SSJ Blue es un nivel que maneja energía divina capaz de afectar estructuras universales.,2043918839952413010,,DBconfessions45,es,,0,0,0,https://x.com/undefined/status/2043918839952413010,1505323381687828483,
2043691236804952091,Tue Apr 14 05:06:39 +0000 2026,0,@Politicchess @Maks_NAFO_FELLA No blue check just spouting absolute bullshit for the love of the game,2043918835741286476,,Politicchess,en,,0,0,0,https://x.com/undefined/status/2043918835741286476,283922195,
2043707253727830235,Tue Apr 14 05:06:36 +0000 2026,0,@RepMcGovern don t worry this is just a depiction of Donald as Saint Donald Coprolal of the Red Cross paramedic in the battlefield of Ammagaytown caring for wounded soldiers and chasing cute devout nurses in sexy blue uniforms ,2043918822852219280,,RepMcGovern,en,,0,0,0,https://x.com/undefined/status/2043918822852219280,2367355298,
2043659468081402275,Tue Apr 14 05:06:35 +0000 2026,0,@baewaqufiya Tired of idiots like you coming on X spouting illogical garbage and not bothering to listen to logical counters. Atleast you aren t spending someone s money on a blue tick for yourself,2043918821610926313,,baewaqufiya,en,,0,0,0,https://x.com/undefined/status/2043918821610926313,622720783,
2043918809418158156,Tue Apr 14 05:06:32 +0000 2026,0,(PR) グッドスマイルカンパニー ブルーアーカイブ -Blue Archive- ちょこぷに おおきな40cmぬいぐるみ フブキ https://t.co/RGWpJXWx6S 他ver一覧 https://t.co/AF9oirmElN https://t.co/uB6sXR9By6 Amazonにて予約開始中です！,2043918809418158156,,,ja,,0,0,0,https://x.com/undefined/status/2043918809418158156,1514942722054193159,
2043918808868594003,Tue Apr 14 05:06:32 +0000 2026,0,AKAN GUE DAPATKAN GMNPUN CARANYAHHH DD BLUE HOODIE TUNGGU AKU KERJA DULU YG KERAS YH,2043918808868594003,,,in,,0,0,0,https://x.com/undefined/status/2043918808868594003,1223661280147361792,
2043918801419289086,Tue Apr 14 05:06:31 +0000 2026,1,Who was it that told me to give up and said K wouldn t be part of the Blue Lock live action movie? Come to the front!!!! ANOTHER ONE THANKYOU https://t.co/gqx8dsvoJd,2043918801419289086,https://pbs.twimg.com/media/HF11UIAXwAEH243.jpg,,en,,0,0,1,https://x.com/undefined/status/2043918801419289086,1820245673897578497,
2043918793580138660,Tue Apr 14 05:06:29 +0000 2026,0,yoyo? ⎐كُود⎐⎐نون⎐ ⊵KW44⊴ ⎐تطبيق▬كالو▬Calo⎐ ⎐C39⎐ ⎐ترنديول⎐ ⊵OMM⊴ ⎐كؤِبُون⎐Royal Blue ^^^ ⎐خـِصم⎐eh1B2LmLdVO5 https://t.co/f8GqKL5Lbl,2043918793580138660,https://pbs.twimg.com/media/HF11Tu3XkAATTiB.jpg,,und,,0,0,0,https://x.com/undefined/status/2043918793580138660,1352642371654217734,
2043918788421398990,Tue Apr 14 05:06:27 +0000 2026,12, manager sabb can I get a day off it's ambedkar jayanti today..gotta setup a bhandara for baba bhimeshver nath ...OOji AHAji sanu vi chamar sikh aa..kay ik baat dassO paaaaaji twadi kacchi kihe color di aa heinnn ji?? oye khoteya kachhi da rang ?? Ooo blue hai ji! https://t.co/uLohe6b329,2043918788421398990,https://pbs.twimg.com/media/HF11IxrbAAAPID-.jpg,,hi,,0,2,0,https://x.com/undefined/status/2043918788421398990,1868299664422055936,
2043790672805933293,Tue Apr 14 05:06:24 +0000 2026,0,@shkeela1278 Fake ruZZian account from Pakistan. How did you go from that brown eyed lady to blue eyes? Report her and block the bot https://t.co/0ZFXbh2iup,2043918773460009135,https://pbs.twimg.com/media/HF11SrMWIAAMKxU.jpg,shkeela1278,en,,0,0,0,https://x.com/undefined/status/2043918773460009135,191789220,
2043874823953142094,Tue Apr 14 05:06:19 +0000 2026,0,@NickyPerkss Did they let a child or a retard make this list? Since when has Michigan earned the title of blue blood?,2043918751360225489,,NickyPerkss,en,,0,0,0,https://x.com/undefined/status/2043918751360225489,2002503124184150016,
2043573784482124041,Tue Apr 14 05:06:18 +0000 2026,0,@powerofdividend @ANEES60533063 @dhansauxon6 @arivomkadaioffi @_makeanoffer @adi10vj @Alien18R Bro I asked my AC mechanic technician's‍️ he said few option mostly he referred Panasonic LG Blue star dalkin‍️ &amp; finally I asked him which 1 have to go he said either Panasonic or LG that's ur choice finally I decided go with Panasonic ,2043918748479041819,,powerofdividend,en,,0,0,0,https://x.com/undefined/status/2043918748479041819,217389358,
2043756612624507312,Tue Apr 14 05:06:14 +0000 2026,0,@DBZdaily_ It s a tie between Super Saiyan 2 and Super Saiyan Blue,2043918731244646544,,DBZdaily_,tl,,0,0,0,https://x.com/undefined/status/2043918731244646544,1917710951794761728,
2043753417969942643,Tue Apr 14 05:06:07 +0000 2026,0,@Abramjee Thank you men and women in blue,2043918701091582183,,Abramjee,en,,0,0,0,https://x.com/undefined/status/2043918701091582183,1878766796200939520,
2043873578773557700,Tue Apr 14 05:06:03 +0000 2026,1,@vishnureddy_899 Ujala and blue colour sales today ,2043918685715489079,,vishnureddy_899,en,,0,0,0,https://x.com/undefined/status/2043918685715489079,1558032833050202115,
2043918685400641919,Tue Apr 14 05:06:03 +0000 2026,0,Diadem? ⎐كُود⎐⎐تُيموُ⎐ ⊵TEM21⊴ ▬درايف▬جاشنمال▬ ⊵AFLT33⊴ ⎐هواوى⎐ ⊵AEB31⊴ ⎐كؤِبُون⎐Dust Blue ^^^ ⎐خـِصم⎐b78W830xPtyxL https://t.co/BkA82ERqV3,2043918685400641919,https://pbs.twimg.com/media/HF11NXrXcAAV6jO.jpg,,und,,0,0,0,https://x.com/undefined/status/2043918685400641919,1969860600852283392,
2043614308630737356,Tue Apr 14 05:06:02 +0000 2026,0,@king1sed @LickshotLippy Blue check rage bait I get it,2043918679671259471,,king1sed,en,,0,0,0,https://x.com/undefined/status/2043918679671259471,1170714427,
2043910981311685108,Tue Apr 14 05:05:58 +0000 2026,0,@say_nri That Blue thing,2043918662743245148,,say_nri,en,,0,0,0,https://x.com/undefined/status/2043918662743245148,1870405323649163264,
2043618533486059927,Tue Apr 14 05:05:54 +0000 2026,0,@grantoliv @clashreport What do you mean trying..we are enemies and we will continue to be until turkey leaves Cyprus stop with the blue homeland bull*** and become a normal country,2043918646444003759,,grantoliv,en,,0,0,0,https://x.com/undefined/status/2043918646444003759,3060160465,
2043746162377707926,Tue Apr 14 05:05:52 +0000 2026,0,@gyaigyimii @fokn_citizen From timberland to balanciaga to rick owen. Aka blue bird chale wote,2043918639242289335,,gyaigyimii,en,,0,0,0,https://x.com/undefined/status/2043918639242289335,731564337773580289,
2043858595926687867,Tue Apr 14 05:05:51 +0000 2026,0,@SolRadiant7 You no get blue tick ohhhh banger boy ...... Dey waste engagement,2043918634184040528,,SolRadiant7,en,,0,0,0,https://x.com/undefined/status/2043918634184040528,1480473209321492480,
2043918621819449726,Tue Apr 14 05:05:48 +0000 2026,0,patiently waiting for blue lock anime S3,2043918621819449726,,,en,,0,0,0,https://x.com/undefined/status/2043918621819449726,1602302398542016514,
2043889501164945750,Tue Apr 14 05:05:42 +0000 2026,0,@LyrosHazard SHE'S BLUE AND YOU KNOW IT,2043918599123865710,,LyrosHazard,en,,0,0,0,https://x.com/undefined/status/2043918599123865710,1317585325724663809,
2043918589674103249,Tue Apr 14 05:05:40 +0000 2026,0,True Blue. https://t.co/i20PFLTZ1f,2043918589674103249,,,en,,0,0,0,https://x.com/undefined/status/2043918589674103249,1744289853875933184,
2043112870532268515,Tue Apr 14 05:05:38 +0000 2026,0,@sujeet13282 As long as roses would remain red and violets blue nothing in this world would ever be prettier than you.,2043918579469562282,,sujeet13282,en,,0,0,0,https://x.com/undefined/status/2043918579469562282,720543322545106944,
2043915409548816547,Tue Apr 14 05:05:37 +0000 2026,3,@RazorFist Medium/Medium Well is my preference. It's the Blue Rare/Rare people who are weird.,2043918575757312040,,RazorFist,en,,0,0,0,https://x.com/undefined/status/2043918575757312040,1510354905546043396,
2043037654120341863,Tue Apr 14 05:05:34 +0000 2026,0,@steelhavengame1 @mrwtffacts @AJCooke1776 Also despite the reputation from Breaking Bad METH ISN'T BLUE. The showrunners switched to blue candy because it was cheaper,2043918564004888855,,steelhavengame1,en,,0,0,0,https://x.com/undefined/status/2043918564004888855,1679498226142007297,
2043918557101338814,Tue Apr 14 05:05:32 +0000 2026,0,Moving to cloud hosting taught me something fast: ~30%+ of traffic isn t users it s bots &amp; recon. In Azure that s not just noise it s a BILL. SiteSpy (Blue Team) stops recon early before it burns CPU bandwidth and scale. https://t.co/VlXD0ZqDCC,2043918557101338814,,,en,,0,0,0,https://x.com/undefined/status/2043918557101338814,28344291,
2043918549857567033,Tue Apr 14 05:05:31 +0000 2026,0,I made some sparkly decals might not be fully uploaded yet but!! :3 ️ 86695631228714 blue 88097092392430 pink️ https://t.co/Xw7XdrE3sS,2043918549857567033,https://pbs.twimg.com/media/HF11FrfacAA8NB8.jpg,,en,,0,0,1,https://x.com/undefined/status/2043918549857567033,1439298987513712640,
2043915513672413576,Tue Apr 14 05:05:30 +0000 2026,0,@MyHeartopia I've been playing for 3 months the newbie players are always the luckiest one since they have much tickets blue and red hearts. but what about the players who totally have no money? please avoid being greedy with those kind of collaboration events. ,2043918548809220421,,x_chocobliss,en,,0,0,0,https://x.com/undefined/status/2043918548809220421,2030155186526973952,
2043825038059520386,Tue Apr 14 05:05:30 +0000 2026,0,@Abramjee So they join police force to STEAL IN BLUE uniform ? Sieeeeees!,2043918545436696711,,Abramjee,en,,0,0,0,https://x.com/undefined/status/2043918545436696711,2202886546,
2043918521818857835,Tue Apr 14 05:05:24 +0000 2026,0,弾幕横スクロールSTG「食魂徒：Blue Pieta」，Steam/STOVEで5月18日に配信開始。海を越えた異国の都市を舞台に，2人の主人公が出会う新たな物語を描く https://t.co/OBYirQzZeh,2043918521818857835,,,ja,,0,0,0,https://x.com/undefined/status/2043918521818857835,2910130640,
2043918518874165643,Tue Apr 14 05:05:23 +0000 2026,0,i need to catch uo to a lot of manga actually... kill blue akane banashi gachiakuta witch hat sakadays uhh i have so many i cant name them all fuckckkk i need to readdd,2043918519968862699,,aam1mi,en,,0,1,0,https://x.com/undefined/status/2043918519968862699,1819950032520671232,
2043890758088851634,Tue Apr 14 05:05:23 +0000 2026,0,@hasanthehun I'd love to see Hasan and John Russell (More Perfect Union mullet guy) do a rust belt collab. This dude is insane if he thinks Hasan wouldn't 100% vibe with blue collar workers,2043918519700730203,,hasanthehun,en,,0,0,0,https://x.com/undefined/status/2043918519700730203,214381637,
2043918515414151195,Tue Apr 14 05:05:22 +0000 2026,0,unlike Karol G Sab TXT Laufey Taylor maybe possibly TWS can own 3 or more for different unique blue custom hand mics before TWSCHELLA debut ,2043918515414151195,,,en,,0,0,0,https://x.com/undefined/status/2043918515414151195,1602667174015160321,
2043640748919435689,Tue Apr 14 05:05:22 +0000 2026,0,@mw_233 So beautiful blue ,2043918514898063748,,mw_233,en,,0,0,0,https://x.com/undefined/status/2043918514898063748,1808524802443067392,
2043726261776732516,Tue Apr 14 05:05:22 +0000 2026,0,@libsoftiktok @SecRubio 100% chance at least half of their gas prices are in the form of taxes. Some European countries and blue states in the U.S. are using the war to push their NWO green nonsense and is why things in these places are much more expensive.,2043918514851877325,,libsoftiktok,en,,0,0,0,https://x.com/undefined/status/2043918514851877325,1843225928756858880,
2043760198507241874,Tue Apr 14 05:05:21 +0000 2026,0,@babymonitorsoap @DailyCaller blue check with 10xs more followers than you lil man https://t.co/n55MnwPT3w,2043918511240573172,https://pbs.twimg.com/media/HF11DcqXcAAue4D.jpg,babymonitorsoap,en,,0,0,0,https://x.com/undefined/status/2043918511240573172,1587871546978320384,
2043908320185188554,Tue Apr 14 05:05:21 +0000 2026,0,@yurikuakgae sure the blue one or the clouds one,2043918508384514158,,yurikuakgae,en,,0,1,0,https://x.com/undefined/status/2043918508384514158,754471903952330752,
2043918485068112378,Tue Apr 14 05:05:15 +0000 2026,0,ohza? ⎐كُود⎐⎐نون⎐ ⊵NKW⊴ ⎐عطور▬رسيس⎐ ⊵AA51⊴ ⎐وفرها⎐ ⊵KK20⊴ ⎐كؤِبُون⎐Rich Blue ^^ ⎐خـِصم⎐VsYvu5SbHhJY https://t.co/OEzDpQJ2CA,2043918485068112378,https://pbs.twimg.com/media/HF11A9nWcAA6ume.jpg,,und,,0,0,0,https://x.com/undefined/status/2043918485068112378,1885631622504210432,
2043856387726573796,Tue Apr 14 05:05:14 +0000 2026,1,@DrewPavlou What does it mean to be Australian though? A blonde hair blue-eyes Aussie born and raised in Sudan where Gout Gout s family is from would be an Aussie in Sudan but not Sudanese. Gout Gout is Sudanese in Australia.,2043918480030957749,,DrewPavlou,en,,0,0,0,https://x.com/undefined/status/2043918480030957749,1672460628995506177,
2043828193539330430,Tue Apr 14 05:05:08 +0000 2026,0,@Peak_DB Pero porque odian tanto dbs ademas el super blue esta bien dentro de lo cabe y el ultra ego es bastante bueno que es esta moda de estar odiando db super,2043918456861426143,,Peak_DB,es,,0,0,0,https://x.com/undefined/status/2043918456861426143,1985612045853868033,
2043726131015377110,Tue Apr 14 05:05:07 +0000 2026,0,@DonaldJTrumpJr I refuse to wear a suit I wear a blue uniform of a volunteer peacemaker Peacekeeper . OneManArmy U want me go ahead make my day asssswhole,2043918450762883281,,DonaldJTrumpJr,en,,0,0,0,https://x.com/undefined/status/2043918450762883281,1862276973650644992,
2043918375819358550,Tue Apr 14 05:05:06 +0000 2026,0,js saw this on blue app,2043918444677214411,,_c13venteen,en,,0,0,0,https://x.com/undefined/status/2043918444677214411,1852317463154946048,
2043918439115567236,Tue Apr 14 05:05:04 +0000 2026,2,Lanjaa Kodaka @elonmusk blue tick option Enduku pettavu ra lanja,2043918439115567236,,,und,,0,0,0,https://x.com/undefined/status/2043918439115567236,1459708612108963842,
2043918434317041947,Tue Apr 14 05:05:04 +0000 2026,3,⋆𐙚₊ breakdown ˚⊹ - strawberry cheesecake greek yogurt - homemade whipped cream - cherry blossom kitkat - white chocolate drizzle - blue bunny peep (stale),2043918437991293164,,cruelsoft,en,,0,0,0,https://x.com/undefined/status/2043918437991293164,2023984551173996544,
2043895296988721240,Tue Apr 14 05:04:59 +0000 2026,0,@Blueroooo I bet it won't even be a blue roo there just some dude,2043918418961977587,,Blueroooo,en,,0,0,0,https://x.com/undefined/status/2043918418961977587,40504063,
2043798640880198066,Tue Apr 14 05:04:57 +0000 2026,0,@Afterpiggy V1 is the game's ludomechanical protagonist which the player takes control of in ULTRAKILL. It is a blood-fueled machine descending into Hell for fuel following the extinction of mankind. V1 is a blue humanoid machine with a long head bearing resemblance to a camera with a bri,2043918407461134585,,Afterpiggy,en,,0,0,0,https://x.com/undefined/status/2043918407461134585,1085880109314142208,
2043817550891327969,Tue Apr 14 05:04:55 +0000 2026,0,@TrumpsHurricane Blue hair? Thanks!!,2043918401073229951,,TrumpsHurricane,en,,0,0,0,https://x.com/undefined/status/2043918401073229951,1460310514836279300,
2043716219157569781,Tue Apr 14 05:04:54 +0000 2026,1,@niamh_journo A family member has a blue badge parking in the last disabled bay only to get out of car to be met with an angry woman who said she was going to go into that space as there were no mother and baby spaces left!!!,2043918394529861887,,niamh_journo,en,,0,0,0,https://x.com/undefined/status/2043918394529861887,797174808328945664,
2043918384514118015,Tue Apr 14 05:04:51 +0000 2026,0,The Flip-Flop king. Don t let the door hit you on the way out. Time for a regime change. Turn the country Blue again,2043918384514118015,,,en,,0,0,0,https://x.com/undefined/status/2043918384514118015,2877455191,
2043918380034293760,Tue Apr 14 05:04:50 +0000 2026,0,I just realised the anthropic guys reply only to accounts with a blue tick and thousands of followers hmm,2043918380034293760,,,en,,0,0,0,https://x.com/undefined/status/2043918380034293760,1764852450870145024,
2043690788194762901,Tue Apr 14 05:04:46 +0000 2026,0,@Soosi3421 Why keyboard blue &gt;:(,2043918363865559218,,Soosi3421,en,,0,0,0,https://x.com/undefined/status/2043918363865559218,4919218903,
2043634950885232642,Tue Apr 14 05:04:46 +0000 2026,0,@pump_upthejam_ making a fem au like blue lock,2043918361373864037,,pump_upthejam_,en,,0,0,0,https://x.com/undefined/status/2043918361373864037,1989751647053160448,
2043918355271201041,Tue Apr 14 05:04:44 +0000 2026,0,Bpd slut server having every flavor of Bonnie Blue in one place,2043918355271201041,,,en,,0,0,0,https://x.com/undefined/status/2043918355271201041,2040489573445165056,
2043905216173818097,Tue Apr 14 05:04:43 +0000 2026,0,@adamcarolla Did anyone really believe Monica Lewinsky when that first happened? They thought Linda Tripp was well buggin and when the blue dress came out THEN people thought huh I guess the president did have sex with that woman . Go figure.,2043918351177519499,,adamcarolla,en,,0,0,0,https://x.com/undefined/status/2043918351177519499,41173752,
2043918347876614444,Tue Apr 14 05:04:42 +0000 2026,1,CA : Dozjk3yykAigdg2DM2fUR2P8hs1fBqLhYdgmoHPFpump The blue shirt kid has been going insanely viral all over social media The family is onboard and all fees are redirected to their wallet with CA posted in bio! https://t.co/3KgsTzqHlb https://t.co/tNkX9aIR7V https://t.co/8jC1ZAk60N,2043918347876614444,https://pbs.twimg.com/amplify_video_thumb/2043918274291732480/img/N3f0grox25jUFfz-.jpg,,en,,0,0,0,https://x.com/undefined/status/2043918347876614444,1907534275962130432,
2043901431359668225,Tue Apr 14 05:04:41 +0000 2026,0,@mainbhiengineer Was the blue tick given to you by X for free?,2043918340847218919,,mainbhiengineer,en,,0,0,0,https://x.com/undefined/status/2043918340847218919,38862530,
2043896572228825329,Tue Apr 14 05:04:39 +0000 2026,3,@primenbv @H8Rick Can you send it to me goat I don t want to pay for the blue check,2043918332135432609,,primenbv,en,,0,0,0,https://x.com/undefined/status/2043918332135432609,770383095585308672,
2043602340708557009,Tue Apr 14 05:04:36 +0000 2026,0,@ohmy_beautybank ak punya ini yg warna blue,2043918320739680682,,ohmy_beautybank,in,,0,0,0,https://x.com/undefined/status/2043918320739680682,1407343310470057987,
2043918307645108571,Tue Apr 14 05:04:33 +0000 2026,6,効率を追い求めた結果（？）辿り着いた、彼女らしい大胆な装いと、どこかマイペースでクールな佇まいを完璧に再現しました。 【2026冬合同展示会】マックスファクトリー新作美少女フィギュア「ブルーアーカイブ -Blue Archive- エイミ(水着)」予約受付開始！ https://t.co/BWuYD6g0dJ https://t.co/MuTOLSxx25,2043918307645108571,https://pbs.twimg.com/media/HF102mMasAItg5a.jpg,,ja,,0,0,0,https://x.com/undefined/status/2043918307645108571,1474266832676995076,
2043918284693876881,Tue Apr 14 05:04:27 +0000 2026,0,oh ternyata outfitnya terinspirasi dari blue lock bukan that group hehehehe,2043918284693876881,,,in,,0,0,0,https://x.com/undefined/status/2043918284693876881,1663895432639172608,
2043918278293369083,Tue Apr 14 05:04:26 +0000 2026,0,aught? ⎐كُود⎐⎐نمشي⎐ ⊵RD13⊴ ▬درايف▬جاشنمال▬ ⊵AFLT33⊴ ⎐هواوى⎐ ⊵AEB31⊴ ⎐كؤِبُون⎐Electric Blue ^^^ ⎐خـِصم⎐tykRu4RBaWIig https://t.co/PyMTbzdzqx,2043918278293369083,https://pbs.twimg.com/media/HF101iJasAMHACf.jpg,,und,,0,0,0,https://x.com/undefined/status/2043918278293369083,1523218795963297793,
2043638821376684038,Tue Apr 14 05:04:25 +0000 2026,0,@normalhuman210 No would watch it by pirating it and then buy the blue ray,2043918275277373715,,normalhuman210,en,,0,0,0,https://x.com/undefined/status/2043918275277373715,1203763716912828424,
2043901518089183355,Tue Apr 14 05:04:24 +0000 2026,0,@PierrePoilievre Conservatives have lost! Again. It's now time for you to step aside Pierre and let someone totally new lead our party. Someone young charismatic who is a true blue conservative. A new leader is our only hope now. I like you Pierre but you need to say goodbye.,2043918272438149136,,PierrePoilievre,en,,0,0,0,https://x.com/undefined/status/2043918272438149136,28928807,
2043918268763910213,Tue Apr 14 05:04:24 +0000 2026,0,it s time for me to actually lock in and watch blue lock,2043918268763910213,,,en,,0,0,0,https://x.com/undefined/status/2043918268763910213,1898552000851103745,
2043918249545634132,Tue Apr 14 05:04:19 +0000 2026,2,なぜ野球少年だったたじがJI BLUEに！？って思ったけど、これ見て分かった！ 知らない人目線のコメント大事だよね！私の知識量とたじの知識量同じでありがたい存在️ そしてこの天然っぷり,2043918249545634132,,,ja,,0,0,0,https://x.com/undefined/status/2043918249545634132,1480939625745387521,
2043414494550860180,Tue Apr 14 05:04:19 +0000 2026,0,@JakeMatthewList The Reds have to be the red and the Bengals have to at least be orange because what tiger is red or blue?,2043918249142714676,,JakeMatthewList,en,,0,0,0,https://x.com/undefined/status/2043918249142714676,1849612543,
2043918208915091625,Tue Apr 14 05:04:09 +0000 2026,0,Arquivos Boruto: Two Blue Vortex https://t.co/O74Hhed4ja https://t.co/5nUfqY9h35,2043918208915091625,https://pbs.twimg.com/media/HF10x7VXwAAp3P0.jpg,,es,,0,0,0,https://x.com/undefined/status/2043918208915091625,767807708,
2043918208458178825,Tue Apr 14 05:04:09 +0000 2026,0,Fire from job those chapris and never recruit any jih@di blue reservation beggars and slum parasites,2043918208458178825,,,en,,0,0,0,https://x.com/undefined/status/2043918208458178825,1782497260334661634,
2043404116689322205,Tue Apr 14 05:04:07 +0000 2026,0,@DualBladeSteven @ChloeImagine And that can only get you so far when it happens once in a blue moon.,2043918197540147423,,DualBladeSteven,en,,0,1,0,https://x.com/undefined/status/2043918197540147423,1002843382765498369,
2043905553034854822,Tue Apr 14 05:04:06 +0000 2026,2,@adasfile Blue checkmark bro is on hard working mode,2043918194117882250,,adasfile,en,,0,0,0,https://x.com/undefined/status/2043918194117882250,1599299072137256960,
2043918192876368346,Tue Apr 14 05:04:06 +0000 2026,0,online? ⎐كُود⎐⎐نمشي⎐ ⊵MFM2⊴ فيكتوريا▬سيكريت▬فكتوريا▬سكرت ⊵AYEC⊴ ⎐نيو▬بالانس▬نيوبالانس⎐ ⎐AKNB⎐ ⎐كؤِبُون⎐Deep Blue ^^^^ ⎐خـِصم⎐EObdkNEwwEpA https://t.co/SrwJ7oqb3A,2043918192876368346,https://pbs.twimg.com/media/HF10wgEasAMRQac.jpg,,ar,,0,0,0,https://x.com/undefined/status/2043918192876368346,1891195655651221504,
2043562015462158448,Tue Apr 14 05:04:04 +0000 2026,0,@murichanbeer A world without a blue water Japanese Navy seems empty.,2043918186836377666,,murichanbeer,en,,0,0,0,https://x.com/undefined/status/2043918186836377666,1733201848675250177,
2043918183824838729,Tue Apr 14 05:04:03 +0000 2026,0,PELÍCULA DE BLUE LOCK?? K (&amp;TEAM) SERÁ NAGI???? QUE LOCURAAAAA ESTO ES GENIAL https://t.co/F9CrkPNAq5,2043918183824838729,https://pbs.twimg.com/media/HF10wPkWcAACrDd.jpg,,pt,,0,1,0,https://x.com/undefined/status/2043918183824838729,2017098401180012544,
2043862958112207250,Tue Apr 14 05:04:02 +0000 2026,0,@emmelrefines BLUE SET希望,2043918178020118938,,emmelrefines,ja,,0,0,0,https://x.com/undefined/status/2043918178020118938,976646700935782401,
2043745470229393757,Tue Apr 14 05:04:01 +0000 2026,0,@AlbertaBound9 @l3v1at4an @cityofcalgary @JeromyYYC @DanWMcLean @Landonforward14 @chabot4ward10 During Hong Kong protests in 2019 where police did use water cannons with blue dye (sometimes mixed with pepper solution) to help identify and potentially arrest pro-democracy demonstrators later.,2043918174857638212,,AlbertaBound9,en,,0,0,0,https://x.com/undefined/status/2043918174857638212,2011152675463958528,
2043714376192995342,Tue Apr 14 05:04:01 +0000 2026,0,@MbarkCherguia Monee and blue pills,2043918172185641223,,MbarkCherguia,en,,0,0,0,https://x.com/undefined/status/2043918172185641223,2015403214414258176,
2043905837186568226,Tue Apr 14 05:03:57 +0000 2026,0,@PopBase Still remember how powerful that moment felt. Seeing an all-female crew fly with Blue Origin was more than just a launch it was a reminder that space is slowly becoming a place where more voices and stories can be represented️,2043918157119975597,,PopBase,en,,0,0,0,https://x.com/undefined/status/2043918157119975597,2011038611802890240,
2043879231029911982,Tue Apr 14 05:03:55 +0000 2026,0,@Irish_Cowboy88 Just move Florida down &amp; have a tier 1 for all 8 blue bloods.,2043918147527336200,,Irish_Cowboy88,en,,0,0,0,https://x.com/undefined/status/2043918147527336200,345651158,
2043918133099135470,Tue Apr 14 05:03:51 +0000 2026,0,Jonas Blue - Mama ft. William Singe https://t.co/eSA3DKzz9X,2043918133099135470,https://pbs.twimg.com/ext_tw_video_thumb/2043918060286074880/pu/img/wsxQHRV9pUBYjXgK.jpg,,en,,0,1,0,https://x.com/undefined/status/2043918133099135470,26514879,
2043894981858078848,Tue Apr 14 05:03:37 +0000 2026,0,@sow413 Japan has the 2nd most powerful blue water navy after the United States. China likes to pretend their tissue paper green water navy spends does not spend more time being painted in dry dock than anything else.,2043918073187709165,,sow413,en,,0,0,0,https://x.com/undefined/status/2043918073187709165,3285771296,
2043913909174972849,Tue Apr 14 05:03:36 +0000 2026,0,@or1gamigrace Judai walks calmly around the place covering his head with a newspaper. Soon he noticed the blue haired talking. Huh? You okay over there? ,2043918069043536131,,or1gamigrace,en,,0,0,0,https://x.com/undefined/status/2043918069043536131,1903231185565765632,
2043660773092721052,Tue Apr 14 05:03:34 +0000 2026,0,@CreativeDeduct @Liam_Holman99 Don t vote for him then blue tick moron,2043918062559039518,,CreativeDeduct,en,,0,0,0,https://x.com/undefined/status/2043918062559039518,1631748796483862540,
2043902198036476232,Tue Apr 14 05:03:33 +0000 2026,0,@coolfunnytshirt @crazy__shikhu Blue langot,2043918057425494125,,coolfunnytshirt,en,,0,0,0,https://x.com/undefined/status/2043918057425494125,1305860753929302016,
2043918053713555458,Tue Apr 14 05:03:32 +0000 2026,20,After REDRED I'm most curious about BLUE LIPS since it's Co-written &amp; produced by Martin itself Blue Lips is about dreams and wounds originating from a self-composed song martin wrote during his trainee days https://t.co/YSIThO1BuG,2043918053713555458,https://pbs.twimg.com/ext_tw_video_thumb/2043917974797791232/pu/img/N8X_NzEVfjnvPfng.jpg,,en,,0,0,7,https://x.com/undefined/status/2043918053713555458,1903363139158294528,
2043918052731781438,Tue Apr 14 05:03:32 +0000 2026,1,The company didn't have for blue checks or 50k usd to pay xiumaid's MV and they could file for bankruptcy too lol also considering bh owns 30% of that he could be liable again you all keep ignoring it but it won't go away,2043918052731781438,,,en,,0,0,0,https://x.com/undefined/status/2043918052731781438,1458180627451293709,
2043918046964924782,Tue Apr 14 05:03:31 +0000 2026,0,Ugh blue is such a a pretty color .. if I m forced to become a medical witch then I want blue scrubs baby blue in specific,2043918046964924782,,,en,,1,0,0,https://x.com/undefined/status/2043918046964924782,1985478640604495872,
2043918044284760097,Tue Apr 14 05:03:30 +0000 2026,0,Biden s Blue Authoritarianism by @ajkeen https://t.co/HTSuSpt1T3 You don t have enough money to pay all the bills? Well cut the budget for parks and rec cut the budget for libraries cut the budget for fixing potholes but don t touch the police budget. Stuart Schrader,2043918044284760097,,,en,,0,0,0,https://x.com/undefined/status/2043918044284760097,14680596,
2043878717722628581,Tue Apr 14 05:03:27 +0000 2026,0,@MarindaVannoy1 I totally agree!!! I refuse to vote Democrat I will listen to a Republican but will NOT vote for them if they REJECT MAGA/MAHA as a last resort I will vote for others based on researched info. I tend to favor a blue collar person not a politician!!!,2043918032846938623,,MarindaVannoy1,en,,0,0,0,https://x.com/undefined/status/2043918032846938623,39764442,
2043821882630386087,Tue Apr 14 05:03:24 +0000 2026,0,@Byrd475011 @MattGilesBD Very telling of who the true blue blood is? try again cause y all (Unc) aint done shit in years and recruitment has been horrid but wateva u say and makes u sleep well at night dude lol ‍️,2043918019445899342,,Byrd475011,en,,0,0,0,https://x.com/undefined/status/2043918019445899342,1569157103108980736,
2043917584894955600,Tue Apr 14 05:03:24 +0000 2026,0,Apollo LM / Blue Moon MK1 https://t.co/tX9kfpgUzG,2043918018401468632,https://pbs.twimg.com/media/HF10msaXgAAV18q.jpg,BretagnePoint,en,,0,0,0,https://x.com/undefined/status/2043918018401468632,1248006733466910720,
2043862958112207250,Tue Apr 14 05:03:23 +0000 2026,0,@emmelrefines どれも鮮やかで春らしいカラーで とても素敵です️ とっても迷いますが、 オフィスでも好印象で 知的に映えるという点に 特に惹かれるので １.BLUE SETを希望します https://t.co/47qpGYdvbc,2043918015809630697,https://pbs.twimg.com/media/HF10meGboAAkZh1.jpg,emmelrefines,ja,,0,0,0,https://x.com/undefined/status/2043918015809630697,432191230,
2043914302487441594,Tue Apr 14 05:03:22 +0000 2026,1,@aravind Though I am not a big account I have been doing that for a long time. @aravind Fake news pedalers Anti India propagandists excessive brainless animal lovers rage bait click bait and blue tick geniuses (Idiots actually). I have no place for them in my feed. https://t.co/Zs520jpbCY,2043918010797437337,https://pbs.twimg.com/ext_tw_video_thumb/2043917976555139074/pu/img/yuHL81dj0SDfP3JY.jpg,aravind,en,,0,1,0,https://x.com/undefined/status/2043918010797437337,1460226683995181059,
2043918004086362470,Tue Apr 14 05:03:20 +0000 2026,0,️think we will all be staying in my workshop from now on blue team members can t go 10 minutes without going to violence ️yea yep ️mhm,2043918004086362470,,,en,,0,0,0,https://x.com/undefined/status/2043918004086362470,1909422383880192003,
2043706272823099714,Tue Apr 14 05:03:19 +0000 2026,0,@Hot_Pepper76 Love is Blue This Guy s in Love with You,2043917996448440423,,Hot_Pepper76,en,,0,0,0,https://x.com/undefined/status/2043917996448440423,552035687,
2043917978836844958,Tue Apr 14 05:03:14 +0000 2026,0,Chilly? ⎐كُود⎐⎐نمشي⎐ ⊵RD12⊴ ▬درايف▬جاشنمال▬ ⊵AFLT33⊴ ⎐هواوى⎐ ⊵AEB31⊴ ⎐كؤِبُون⎐Velvet Blue ^^^^ ⎐خـِصم⎐QSXTC07noOD0 https://t.co/e3RdBzNoy5,2043917978836844958,https://pbs.twimg.com/media/HF10kCdbcAAA6wq.jpg,,und,,0,0,0,https://x.com/undefined/status/2043917978836844958,2032199098925715456,
2043629989485006865,Tue Apr 14 05:03:13 +0000 2026,0,@F0ODHub Is the sky blue?,2043917971727298880,,F0ODHub,en,,0,0,0,https://x.com/undefined/status/2043917971727298880,1214995686862807040,
2043917957697548496,Tue Apr 14 05:03:09 +0000 2026,0,what if TWS later own 3 unique blue custom hand mics ? SPARKLING BLUE ????? [play hard] ????? [last bell] https://t.co/N07Ks1bOAu,2043917957697548496,https://pbs.twimg.com/media/HF1zpCoasAA6YT5.jpg,,en,,0,0,0,https://x.com/undefined/status/2043917957697548496,1602667174015160321,
2043700742184489213,Tue Apr 14 05:03:09 +0000 2026,0,@shiroflcl @PendragoonFFXIV @embersarcade Bro I love the game as much as the next guy but not everyone plays the game for the MSQ and them announcing blue mage updates might be why some people kept their sub up so it s reasonable if people are upset it s not coming,2043917954161475910,,shiroflcl,en,,0,0,0,https://x.com/undefined/status/2043917954161475910,1624881770217734144,
2043882634942787927,Tue Apr 14 05:03:07 +0000 2026,0,@KrWichy53072 Delicate white wisteria blossoms cascading gracefully through an old stone arch against a clear blue sky.,2043917949367660801,,KrWichy53072,en,,0,0,0,https://x.com/undefined/status/2043917949367660801,1819708535246368768,
2043906972853121486,Tue Apr 14 05:03:03 +0000 2026,0,@RahulGandhi Ek bar bhenchod blue t-shirt phene ki gaya tha galt area main it was musleem neighbourhood saale peeche he paad gaye thai they were shouting naare takbir jai meme jai bheem they literally made me there messenger offerd me 72 hoore They offered me there ak 47 i ran away,2043917932305268841,,RahulGandhi,en,,0,0,0,https://x.com/undefined/status/2043917932305268841,1997931703298600960,
2043917930216468809,Tue Apr 14 05:03:03 +0000 2026,0,Chasing sunsets in Santorini → White-washed villages blue domes and the Aegean glowing gold. Worth every postcard cliché. #Wanderlust #SantoriniMagic,2043917930216468809,,,en,,0,0,0,https://x.com/undefined/status/2043917930216468809,1014902089485508609,
2043917929721278487,Tue Apr 14 05:03:03 +0000 2026,0,Chasing sunsets in Santorini white-washed villages blue domes and the Aegean turning gold. Pure magic. #Wanderlust #SantoriniVibes https://t.co/hSRaTdmBxa,2043917929721278487,https://pbs.twimg.com/media/HF10cC6XoAEUB93.jpg,,en,,0,0,0,https://x.com/undefined/status/2043917929721278487,1834855521515634688,
2043593571438362697,Tue Apr 14 05:03:00 +0000 2026,1,@masoladosa if u have blue tick u have to post trash or else musk not pay u,2043917919802011816,,masoladosa,en,,0,0,0,https://x.com/undefined/status/2043917919802011816,2015056130356203520,
2043917912185155845,Tue Apr 14 05:02:59 +0000 2026,0,ohje? ⎐كُود⎐⎐نمشي⎐ ⊵MFM2⊴ ▬تطبيق▬EZHIRE▬لتاجير▬السيارات▬ ⎐D48⎐ ▬مترو▬برازىل⎐ ⊵DZKD⊵ ⎐كؤِبُون⎐Shadow Blue ^^ ⎐خـِصم⎐ozk3zakmV0gZ https://t.co/CMKlqCY0o1,2043917912185155845,https://pbs.twimg.com/media/HF10gJbbQAASU1U.jpg,,und,,0,0,0,https://x.com/undefined/status/2043917912185155845,1963211589043052544,
2043708270884405358,Tue Apr 14 05:02:57 +0000 2026,0,@reveriecalypso I had to make this cuz u porple evil red app is red and iriam is blue ehe,2043917904832586205,,reveriecalypso,en,,0,0,0,https://x.com/undefined/status/2043917904832586205,1705037543216201728,
2043917894715908150,Tue Apr 14 05:02:54 +0000 2026,0,Miss u everyday blue valentine ,2043917894715908150,,,en,,0,0,0,https://x.com/undefined/status/2043917894715908150,1637131591104299008,
2043917889002958964,Tue Apr 14 05:02:53 +0000 2026,0,Refinement Rules At Chopard: The New Lucent Steel Alpine Eagle 41 XPS Mountain Glow And L.U.C 1860 With An Areuse Blue Dial https://t.co/fq7eHNoh2E https://t.co/ioDmTXCdFL,2043917889002958964,https://pbs.twimg.com/media/HF10fSeX0AAIUK6.jpg,,en,,0,0,1,https://x.com/undefined/status/2043917889002958964,15644779,
2043816198937428243,Tue Apr 14 05:02:24 +0000 2026,0,@MikeWingerii How many times have you seen Jesus depicted in white and red? Isn't it usually blue and red in paintings?,2043917765942325415,,MikeWingerii,en,,0,0,0,https://x.com/undefined/status/2043917765942325415,539313252,
2043882013237649598,Tue Apr 14 05:02:21 +0000 2026,0,@Jinofski2012136 @damian_c8686 @SwannMarcus89 Probably something you chose to ignore but the vast majority of workers are blue collar. You should probably get that head of yours checked.,2043917752562266340,,Jinofski2012136,en,,0,0,0,https://x.com/undefined/status/2043917752562266340,1336495051183165443,
2043917748644851717,Tue Apr 14 05:02:20 +0000 2026,0,Tru plenty of guys on par in the comics tho Hyperion Blue marvel and Gladiator hopefully we see one of these demons in the future movies,2043917748644851717,,,en,,0,0,0,https://x.com/undefined/status/2043917748644851717,1984718506437251072,
2043745968365969678,Tue Apr 14 05:02:19 +0000 2026,0,@GuntherEagleman They can do whatever they want in nyc! That city and state is lost for quite some time. Holds true for blue cities and states; I know! I live in the OTHER washington,2043917745151181023,,GuntherEagleman,en,,0,0,0,https://x.com/undefined/status/2043917745151181023,1601881041840402432,
2043917737324650960,Tue Apr 14 05:02:17 +0000 2026,0,Check out 2025 Bowman Chrome Blue Ref Auto RC River Ryan #CRA-RR #149/150 https://t.co/968LsaRRvU #eBay via @eBay,2043917737324650960,,,en,,0,0,0,https://x.com/undefined/status/2043917737324650960,2005178017568452609,
2043772468473536955,Tue Apr 14 05:02:12 +0000 2026,0,@morris11183 @KobeissiLetter Its fucking awful. And I sure as shit aren t a blue haired libtard.,2043917717518868506,,morris11183,en,,0,0,0,https://x.com/undefined/status/2043917717518868506,2001996186664738816,
2043905837186568226,Tue Apr 14 05:02:09 +0000 2026,0,@moosa_mi @PopBase Yes her posture in the second photo matches the sujood (prostration) position in Islamic salat forehead to the ground knees bent hands by the head. It's one of the all-female Blue Origin crew members right after landing in the desert. Coincidence or intentional gratitude? Hard,2043917704331948109,,moosa_mi,en,,0,0,0,https://x.com/undefined/status/2043917704331948109,1720665183188922368,
2043905410415919153,Tue Apr 14 05:02:06 +0000 2026,0,@RT_com Fact Checks as a once-in-a-blue-moon true statement from Candace. Good for her! ,2043917691099197851,,RT_com,en,,0,0,0,https://x.com/undefined/status/2043917691099197851,1585466426588291072,
2043917682622509445,Tue Apr 14 05:02:04 +0000 2026,0,Maaf aku telat tapi blue valentine enak,2043917682622509445,,,in,,0,0,0,https://x.com/undefined/status/2043917682622509445,1447122872174972930,
2043917679841657128,Tue Apr 14 05:02:03 +0000 2026,0,cuál? ⎐كُود⎐⎐ايهرب⎐ايهيرب اهرب ⊵IQH8946⊴ ⎐ذي▬بيوتي▬سيكرتس⎐ ⊴D37⊴ ⎐الدخيل▬للعود⎐ ⊵BS26⊴ ⎐كؤِبُون⎐Dust Blue ^^ ⎐خـِصم⎐dIGYIV7XhM1X https://t.co/aeWgQlprxT,2043917679841657128,https://pbs.twimg.com/media/HF10Spha8AAAMjC.jpg,,ar,,0,0,0,https://x.com/undefined/status/2043917679841657128,1965370113349046272,
2043219412610859418,Tue Apr 14 05:02:02 +0000 2026,0,@AlwaysBollywood When i was walking with my 4 year old daughter..same street dogs who have seen me from last 10+ years out of the blue attacked ..I didn't know what to do ..I picked my kid first ..saw a brick on road ..threw it on ground so forcibly that ..dogs went away ..imagine no bricks.scary,2043917676763070515,,AlwaysBollywood,en,,0,0,0,https://x.com/undefined/status/2043917676763070515,1912373349038309376,
2043917676322431023,Tue Apr 14 05:02:02 +0000 2026,0,A Happy Blue Boy... #sonicthehedgehogart https://t.co/cYhp7edaSm,2043917676322431023,https://pbs.twimg.com/media/HF10JFUWYAA3Uqp.jpg,,en,,0,0,0,https://x.com/undefined/status/2043917676322431023,1839159603348553728,
2043569642573357459,Tue Apr 14 05:02:02 +0000 2026,0,@pixelprayer Blue berry,2043917673956806892,,pixelprayer,en,,0,0,0,https://x.com/undefined/status/2043917673956806892,1619301977367744514,
2043917652100558876,Tue Apr 14 05:01:57 +0000 2026,4,⭐️番外編⭐️ ①Swing My Way 「alright（囁きボイス）｣ ②My Bestie 「たまにイマジン〜」 ③Forever Blue 「全てが静かに息をする️」 細かくてごめんなさいWWWWWW https://t.co/ObcmxKld1d,2043917652100558876,https://pbs.twimg.com/media/HF10RYgasAIA7E4.jpg,,ja,,0,0,1,https://x.com/undefined/status/2043917652100558876,1677158439993368576,
2043648128344293782,Tue Apr 14 05:01:53 +0000 2026,0,@Syloustr @ParanormalLink_ Fucking moron with a blue check and a stupid ass opinion shocker.,2043917638309437735,,Syloustr,en,,0,0,0,https://x.com/undefined/status/2043917638309437735,1361808806737555464,
2043917626577948871,Tue Apr 14 05:01:50 +0000 2026,0,Prompt: A hyperrealistic cinematic shot inside a dark movie theater with visible blue seats in the background filled with various video game characters having fun. The main character (from the provided photo) looks e... #aiphoto #PhotoPrompts #aiartcommunity https://t.co/UHBCUUQl2R,2043917626577948871,https://pbs.twimg.com/media/HF10P1TXIAArpB5.jpg,,en,,0,0,0,https://x.com/undefined/status/2043917626577948871,1994971241439268874,
2043917259442401368,Tue Apr 14 05:01:50 +0000 2026,0,buy only above blue line//may be another dip in there..but now unlikely,2043917623378026727,,drsumeetbajaj,en,,0,0,0,https://x.com/undefined/status/2043917623378026727,1427074048782004226,
2043788816285114677,Tue Apr 14 05:01:47 +0000 2026,1,@OkuJerry We got a lot of blue-colored lobsters. Stay tuned fam.,2043917611495473488,,OkuJerry,en,,0,1,0,https://x.com/undefined/status/2043917611495473488,2035206589658058752,
2043816861557735843,Tue Apr 14 05:01:43 +0000 2026,0,@Jamesrus42 If they mated with Blue Footed Boobies would they have Purple Footed Boobies?,2043917595598897232,,Jamesrus42,en,,0,0,0,https://x.com/undefined/status/2043917595598897232,2994604497,
2043696568587452679,Tue Apr 14 05:01:43 +0000 2026,0,@miyecatt @updatecharts ARMY stop giving this blue $$‼️ 9k+ followers and this is all they get No wonder this needs to rage bait us paying for premium and getting no $$ IGNORE MUTE and BLOCK (do both works better) https://t.co/UdLWxkR38K,2043917593959116950,https://pbs.twimg.com/media/HF10OEUawAAoFR-.jpg,miyecatt,en,,0,0,0,https://x.com/undefined/status/2043917593959116950,1510782308122431492,
2043917593288028586,Tue Apr 14 05:01:43 +0000 2026,0,my order of colours i like to play yellow red purple green blue black ️,2043917593288028586,,,en,,0,0,0,https://x.com/undefined/status/2043917593288028586,2588830386,
2043917584894955600,Tue Apr 14 05:01:41 +0000 2026,0,Blue Origin appears to confirmed mass production of its 8 05m high MK1 Blue Moon lander to power a strong Lunar economy.,2043917584894955600,,,en,,0,1,0,https://x.com/undefined/status/2043917584894955600,1248006733466910720,
2043882013237649598,Tue Apr 14 05:01:40 +0000 2026,0,@Jinofski2012136 @damian_c8686 @SwannMarcus89 Bro's living in a world where no blue collar worker watches Hasan not realizing how fucking retarded it sounds. ,2043917584156831823,,Jinofski2012136,en,,0,0,0,https://x.com/undefined/status/2043917584156831823,1336495051183165443,
2043916172920307978,Tue Apr 14 05:01:29 +0000 2026,0,@john322226 You no go like give arsenal fan blue tick,2043917538074017846,,john322226,en,,0,0,0,https://x.com/undefined/status/2043917538074017846,1999850981811752961,
2043909295511580839,Tue Apr 14 05:01:25 +0000 2026,0,@SpecialPuppy1 Just shows how crazy blue MAGA is. They admire the MAGA believe in placing knee-jerk loyalty over morals and accountability. Probably also admire using their corruption to justify our corruption.,2043917521326342485,,SpecialPuppy1,en,,0,0,0,https://x.com/undefined/status/2043917521326342485,1418992647524454404,
2043740987198189733,Tue Apr 14 05:01:23 +0000 2026,2,@fasssheepe Red and blue got done egregious lmao they look like toddlers https://t.co/HZWxDWQ4M0,2043917512534868170,https://pbs.twimg.com/media/HF10JVDaMAANrhi.jpg,fasssheepe,en,,0,1,0,https://x.com/undefined/status/2043917512534868170,1703954874495279104,
2043386130389749893,Tue Apr 14 05:01:21 +0000 2026,0,@JulieSwieca This the team that swept the blue jays btw ,2043917502929932385,,JulieSwieca,en,,0,0,0,https://x.com/undefined/status/2043917502929932385,1909228213957476352,
2043866166427304179,Tue Apr 14 05:01:21 +0000 2026,0,@TempoBasketball @kiki_rice0 @TurboTaxCanada Well you know she looks good in blue. ,2043917501852201061,,TempoBasketball,en,,0,0,0,https://x.com/undefined/status/2043917501852201061,20656969,
2043917501411524697,Tue Apr 14 05:01:21 +0000 2026,0,Chasing sunsets in Santorini White-washed villages blue-domed churches and the Aegean turning gold. Every corner feels like a postcard pure magic. #SantoriniVibes #TravelDiaries,2043917501411524697,,,en,,0,0,0,https://x.com/undefined/status/2043917501411524697,3386309176,
2043736256761225680,Tue Apr 14 05:01:20 +0000 2026,0,@retro_anime Bro though Grandpa was going to trade blue eyes for these weak monsters,2043917499255717965,,retro_anime,en,,0,0,0,https://x.com/undefined/status/2043917499255717965,1379658947477397505,
2043827032644071455,Tue Apr 14 05:01:13 +0000 2026,0,@ThinkFloating Or apparently when they put on blue eye shadow,2043917470675685858,,ThinkFloating,en,,0,0,0,https://x.com/undefined/status/2043917470675685858,1422235425670901761,
2043917449217880387,Tue Apr 14 05:01:08 +0000 2026,0,Pellet? ⎐كُود⎐⎐تويو⎐ ⊵A73⊴ ⎐تطبيق▬دوس▬doss▬app⎐ ⊵K21⊴ ⎐AYA⎐ايا⎐موقع⎐ ⎐C25⊴ ⎐كؤِبُون⎐Modern Blue ^^^^ ⎐خـِصم⎐f8wdGNihWI4r https://t.co/BmZNOpl01o,2043917449217880387,https://pbs.twimg.com/media/HF10FSZaQAAqt1M.jpg,,und,,0,0,0,https://x.com/undefined/status/2043917449217880387,1226138813233270785,
2043914920995991857,Tue Apr 14 05:01:08 +0000 2026,0,@Blue7591 Morning blue,2043917447665701270,,Blue7591,en,,0,0,0,https://x.com/undefined/status/2043917447665701270,1017378221992632320,
2043762036249645225,Tue Apr 14 05:01:06 +0000 2026,0,@Retro_Temporal @mindys4Biden Texas has been blue. It can happen again!,2043917439939830131,,Retro_Temporal,en,,0,0,0,https://x.com/undefined/status/2043917439939830131,780581138209263616,
2043803018378838192,Tue Apr 14 05:01:01 +0000 2026,0,@phdcornbread @lydiakauppi Which they needed to out Charlie cause he question the blue state. Now trump ans gang are running it how they see fit. They knew he was influencing the younger generation to question things about Israel. The rest is history.,2043917420616695991,,phdcornbread,en,,0,0,0,https://x.com/undefined/status/2043917420616695991,4805757616,
2043913850647703707,Tue Apr 14 05:01:00 +0000 2026,0,@PColiao @howellconserve Absolutely Mangroves are incredible blue carbon heroes protecting coastlines supporting biodiversity and capturing carbon at scale. Grateful to be part of the movement with you for real climate action ️ #BlueCarbon #MangroveAction,2043917415776497955,,PColiao,en,,0,0,0,https://x.com/undefined/status/2043917415776497955,1417393600019718145,
2043817973387784463,Tue Apr 14 05:01:00 +0000 2026,0,@AuronMacintyre All the productive companies in those red states are owned by corporations headquartered in blue states...,2043917415650627710,,AuronMacintyre,en,,0,0,0,https://x.com/undefined/status/2043917415650627710,1678093670707261445,
2043892116020191495,Tue Apr 14 05:00:59 +0000 2026,0,@fritzymes Wait im lowkey a little stupid what does the blue ribbon mean and symbolise if its ok to ask?,2043917410949091806,,fritzymes,en,,0,0,0,https://x.com/undefined/status/2043917410949091806,1442310028174626824,
2039636144602947945,Tue Apr 14 05:00:58 +0000 2026,0,@kiacareindia Despite two COMPLAINT SRs being raised no solution happened. Your dealers literally said no production of HTX. Your regional sales head of Mumbai doesnt even care to reply on email. Infact after cancelling we got to know that one car HTX blue has been given to a dealer.,2043917405077041426,,kiacareindia,en,,0,0,0,https://x.com/undefined/status/2043917405077041426,998081839217590272,
2043846522689753331,Tue Apr 14 05:00:57 +0000 2026,0,@MaryBowdenMD @matlockfortexas @GovAbbottPress is a traitor. He will turn Texas blue. Recall him.,2043917403629723725,,MaryBowdenMD,en,,0,0,0,https://x.com/undefined/status/2043917403629723725,1432155911158734848,
2043917401293504715,Tue Apr 14 05:00:57 +0000 2026,0,Evidence? ⎐كُود⎐⎐نون⎐ ⊵KW44⊴ ⎐ريفا_⎐ ⊵NAD5⊴ ⎐ماكـس⎐فاشون⎐ ⊴HH5⊴ ⎐كؤِبُون⎐Moon Blue ^^ ⎐خـِصم⎐5OKKWNWhsAMV https://t.co/wPFCBmWZZz,2043917401293504715,https://pbs.twimg.com/media/HF10CqeXQAA_F1-.jpg,,und,,0,0,0,https://x.com/undefined/status/2043917401293504715,784059847046225920,
2043917385254744087,Tue Apr 14 05:00:53 +0000 2026,1,Oh this blue look is so beautiful the costumes in this drama is so pristine! You could see the quality of the fabrics and accessories is top-notch 4/14 #司宫令 | day 30 #dingyuxi #丁禹兮 https://t.co/InWQVy1y6H,2043917385254744087,https://pbs.twimg.com/amplify_video_thumb/2043917327243362304/img/D36hqHJL03nF7SgB.jpg,,en,,0,0,1,https://x.com/undefined/status/2043917385254744087,802223998943694848,
2043917372612915698,Tue Apr 14 05:00:50 +0000 2026,0,Caliente Basic Blue Cap Caliente Classic Collection by Caliente starting at Dhs. 212.75. Shop now https://t.co/4QAM5mTj5h Visit our store to View our Latest Collection https://t.co/TaObD99ap6 https://t.co/mLIsCDP7SM,2043917372612915698,https://pbs.twimg.com/media/HF10BPwXAAAxuNI.jpg,,en,,0,0,0,https://x.com/undefined/status/2043917372612915698,1790644829388492801,
2043424580061036912,Tue Apr 14 05:00:49 +0000 2026,0,@DanielvsBabylon says the jesus freak with a blue checkmark,2043917367764254727,,DanielvsBabylon,en,,0,0,0,https://x.com/undefined/status/2043917367764254727,2608804485,
2043917364635619825,Tue Apr 14 05:00:48 +0000 2026,0,I unintentionally used azul s inverse color pallet for loralyn White -&gt; black Blue -&gt; yellow Also people doesn t realize loralyn ISNT biologically related to azul https://t.co/Q5SIaVONxd,2043917364635619825,https://pbs.twimg.com/media/HF10AqoasAEWbXF.jpg,,en,,0,0,0,https://x.com/undefined/status/2043917364635619825,1740547964937146368,
2043744737203544233,Tue Apr 14 05:00:45 +0000 2026,0,@DailyInvestorSA I see more blue cars in th future!,2043917352010449319,,DailyInvestorSA,en,,0,0,0,https://x.com/undefined/status/2043917352010449319,2254955368,
2043846769365143875,Tue Apr 14 05:00:40 +0000 2026,0,@Ghost17294233 @qu33nrollcinanm Blue archive be like:,2043917331068268839,,Ghost17294233,en,,0,0,0,https://x.com/undefined/status/2043917331068268839,2007375715499642880,
2043910907034775790,Tue Apr 14 05:00:36 +0000 2026,0,@KiDCuDi Kitchen Love Salt Water Elsies baby boy Scott Mescudi vs the world BLUE SKY so many songs we gotta hear,2043917315079540790,,KiDCuDi,en,,0,0,0,https://x.com/undefined/status/2043917315079540790,1074908578924978176,
2043917304442851702,Tue Apr 14 05:00:34 +0000 2026,1,desire machine by spirit blue on #SoundCloud https://t.co/KF0PcacQNv,2043917304442851702,,,en,,0,0,0,https://x.com/undefined/status/2043917304442851702,1755278339063910400,
2043902429662720419,Tue Apr 14 05:00:33 +0000 2026,0,@crtncrvngs natatakot ako...pano if maging cheater si ..... ayoko talaga.. baka mabreak heart ng apo ko.. hayyssttt wag na blue ahahahlol,2043917302887002371,,crtncrvngs,tl,,0,0,0,https://x.com/undefined/status/2043917302887002371,1702152019581321216,
2043906756670304384,Tue Apr 14 05:00:31 +0000 2026,1,@SarKAstik_me Bleed blue,2043917294942990813,,SarKAstik_me,en,,0,1,0,https://x.com/undefined/status/2043917294942990813,1844328602021609482,
2043917281571320135,Tue Apr 14 05:00:28 +0000 2026,0,Investors find profit in state tax law. What is the Blue Ridge Housing loophole? https://t.co/jH8WcOo0qC,2043917281571320135,,,en,,0,0,0,https://x.com/undefined/status/2043917281571320135,8942262,
2043908511222870262,Tue Apr 14 05:00:27 +0000 2026,1,@0loravainilla they can be trusted especially when Hudson has such a big day today. be careful with anyone new ones that pop up w/ a blue check tho,2043917275632152834,,0loravainilla,en,,0,1,0,https://x.com/undefined/status/2043917275632152834,1247394483257462784,
2043892681781490067,Tue Apr 14 05:00:24 +0000 2026,0,@ThetaVegaCap @Mohitpareek_22 His socialism is reason why india did not develop like Singapore instead population grew 2.5x. This working age generation born after 1975 bearing brunt by paying heavy taxes high inflation low job growth dehaati popl growth. He created monsters like blue lagoon..m,2043917264593007032,,ThetaVegaCap,en,,0,0,0,https://x.com/undefined/status/2043917264593007032,1691876415447470080,
2043917259442401368,Tue Apr 14 05:00:23 +0000 2026,2,alert put on GOLD..above the blue line...next run begins..its going parabolic... https://t.co/Ih2C7wopWE,2043917259442401368,https://pbs.twimg.com/media/HF1zxeYasAEAguI.jpg,,en,,0,1,0,https://x.com/undefined/status/2043917259442401368,1427074048782004226,
2043917254585352216,Tue Apr 14 05:00:22 +0000 2026,3,『食魂徒：Blue Pieta』発売日が5/18に決定。チェ・ウリ（声優：長谷川育美）とレイラ（声優：青山吉能）の新たな物語 https://t.co/NOTxYkxoBn https://t.co/HfEVMVd7Gl,2043917254585352216,https://pbs.twimg.com/media/HF1z6QIb0AAEnZh.jpg,,ja,,0,0,0,https://x.com/undefined/status/2043917254585352216,33482896,
2043917253746262161,Tue Apr 14 05:00:22 +0000 2026,0,ahpa? ⎐كُود⎐⎐نون⎐ ⊵KW44⊴ ▬اتش▬اند▬ام▬H&amp;M ⎐AGXQ⎐ ▬اندر▬ارمور▬ارمر▬ ⎐EB52⎐ ⎐كؤِبُون⎐Warm Blue ^^^ ⎐خـِصم⎐wNN34iHe402j https://t.co/wibLbAZPnr,2043917253746262161,https://pbs.twimg.com/media/HF1z6FhXwAA2csO.jpg,,und,,0,0,0,https://x.com/undefined/status/2043917253746262161,1948407501096898560,
2043917250269196738,Tue Apr 14 05:00:21 +0000 2026,0,Open AI investment conundrum FT OpenAI s leadership is bullish having already successfully repositioned the company multiple times. Chief executive Sam Altman is fresh from securing $122bn last month from more than 25 blue-chip investors including SoftBank Amazon&amp;Nvidia https://t.co/bbmgPtjXy9,2043917250269196738,https://pbs.twimg.com/media/HF1z50SWgAAuHqL.jpg,,en,,0,1,0,https://x.com/undefined/status/2043917250269196738,1204700550,
1968427995418255409,Tue Apr 14 05:00:19 +0000 2026,0,@EpochTimes 100% ! Especially run down blue states invested with criminals and democrats..,2043917240890994811,,EpochTimes,en,,0,0,0,https://x.com/undefined/status/2043917240890994811,80183405,
2043813733537849423,Tue Apr 14 05:00:17 +0000 2026,0,@DavidWolfe Project blue beam is a fun one.,2043917234028884222,,DavidWolfe,en,,0,0,0,https://x.com/undefined/status/2043917234028884222,1520619518002872326,
2043882013237649598,Tue Apr 14 05:00:17 +0000 2026,0,@CranhoodDriller @SwannMarcus89 you realize that you just described most blue collar workers - not all but a vast majority are fox news and AM radio listeners. go into a repair shop anywhere and what's on the tv? Fox.,2043917233642996187,,CranhoodDriller,en,,0,0,0,https://x.com/undefined/status/2043917233642996187,45590553,
2043917226068324533,Tue Apr 14 05:00:15 +0000 2026,0,Impression skin: standout with blue rose. #GINZACLEAR #GINZAbyCLEAR #BlueRose ▼Details: https://t.co/0XxPn4ztPH,2043917226068324533,,,en,,0,0,0,https://x.com/undefined/status/2043917226068324533,1978426732290916352,
2043917212357144740,Tue Apr 14 05:00:12 +0000 2026,1,Gout Gout is a true Australian patriot. Thanks for defending this tue blue Aussie battler! We don't deserve the rich culture afforded to us by the magnificent Sudanese community tbh. Our Anzacs can rest easy knowing our country is on the right track. https://t.co/NuSBsJbHft,2043917212357144740,https://pbs.twimg.com/media/HF1z3pGasAImJNe.jpg,,en,,0,0,0,https://x.com/undefined/status/2043917212357144740,1655059827817857025,
2043917206556180647,Tue Apr 14 05:00:10 +0000 2026,0,These dating apps aren t cheap. They showing me The Who s Who of their showcase to hype up to spend major bucks for a baller in blue chip industries Just when I think I m in-&gt; Not so much I just want to finish my developments free of judgement &amp; with my heart in tact. ️,2043917206556180647,,,en,,0,0,0,https://x.com/undefined/status/2043917206556180647,244240538,
2043917201455903065,Tue Apr 14 05:00:09 +0000 2026,0,【横浜DeNAベイスターズ公式】4/21(火)-4/23(木)は株式会社ノジマがイベントスポンサーを務める「BLUELIGHT SERIES 2026 Supported by nojima」を開催！ (2026-04-14) #横浜DeNAベイスターズ #baystars https://t.co/GnoT762y0m,2043917201455903065,,,ja,,0,0,0,https://x.com/undefined/status/2043917201455903065,1127935128,
2043917190533976421,Tue Apr 14 05:00:07 +0000 2026,5,I just received a contribution towards NASA MA-1 BOMBER JACKET GEN II | REPLICA BLUE / XL from AlekPosal via Throne. Thank you! https://t.co/SB9qyyjnL8 #Wishlist #throne https://t.co/pFJzlJhaES,2043917190533976421,https://pbs.twimg.com/media/HF1z2rYW8AAu7HF.jpg,,en,,0,0,0,https://x.com/undefined/status/2043917190533976421,1959799261,
2043917188156010505,Tue Apr 14 05:00:06 +0000 2026,0,White trim makes the light blue walls really pop! Ninja Painters® Cheap House Painter. Hamilton. Cambridge. Taupo. Rotorua. Tauranga. Tokoroa. Putaruru. Mangakino. Matamata. Waikato @NinjaPainters https://t.co/0BJJx1VkEG,2043917188156010505,https://pbs.twimg.com/amplify_video_thumb/2043917084552527872/img/XwuZ76HA5gBCMca5.jpg,,tl,,0,0,0,https://x.com/undefined/status/2043917188156010505,933766801896304640,
2043917183068016771,Tue Apr 14 05:00:05 +0000 2026,0,Anime : Grand Blue | S01E04 | | #GrandBlueDaily | #GrandBlueDreaming | #GrandBlue | #Anime https://t.co/F0wKwMS34Z,2043917183068016771,https://pbs.twimg.com/media/HF1zjEGWcAAeQB_.jpg,,en,,0,0,0,https://x.com/undefined/status/2043917183068016771,1553831656854781953,
2043917179826131214,Tue Apr 14 05:00:04 +0000 2026,0,宇多田ヒカル難しすぎる This Is Loveが好きなのでULTRA BLUEということに PerfumeはJPNです,2043917179826131214,,,ja,,0,0,0,https://x.com/undefined/status/2043917179826131214,1355460834,
2043917170212778090,Tue Apr 14 05:00:02 +0000 2026,0,Bold blue floral set Statement look with matching bottoms. DM for size and pricing. Shipping all over India. #KurtiSet #WomensWear #MiftahStudio https://t.co/ObBBDRqBBs https://t.co/RZE80uBrHU,2043917170212778090,https://pbs.twimg.com/media/HF1z1W2a4AAVsxj.jpg,,en,,0,0,0,https://x.com/undefined/status/2043917170212778090,2026803647238254595,
2043917164319556028,Tue Apr 14 05:00:00 +0000 2026,0,Too tight compression bandage? Signs include numbness tingling pain swelling or pale/blue skin. Reapply with less tension if needed. Learn more ️ https://t.co/FeYaOUHXfw . . #WoundCare #CompressionCare #MedicalEducation https://t.co/87vtzjJizE,2043917164319556028,https://pbs.twimg.com/media/HFRvYkwaMAADHx4.jpg,,en,,0,0,0,https://x.com/undefined/status/2043917164319556028,1931759563843198976,
2043917162738282608,Tue Apr 14 05:00:00 +0000 2026,0,A.I. Generated Art &amp; Lore on the WAX Blockchain Sanctuary of Wizards - Blue Scepters Majestic NFT 1 Pack - $24 https://t.co/80he4upI8q K-SCOPES® NFTs and Trading Cards https://t.co/kV74tGNHqK E-bay https://t.co/8lVS4Z42Gr https://t.co/jDDmgUCvm3,2043917162738282608,https://pbs.twimg.com/amplify_video_thumb/2043751136146911232/img/MLC_FsmvDHpEDtut.jpg,,en,,0,0,0,https://x.com/undefined/status/2043917162738282608,243859471,
2043917162360795203,Tue Apr 14 05:00:00 +0000 2026,3,하단 링크를 통해 구매 시 일정 수수료를 제공받습니다. 𖥔 260413 하이키 서이 옷장 손민수 𖥔*.･ 𖥔*.･ https://t.co/Bq4fOg8ice 2000아카이브스 (2000ARCHIVES) - EVERYDAYNESS DENIM (BLUE) 가격: 207 000원 𖥔*.･ https://t.co/FH2bA1z3ak 자라 (ZARA) - 자라 러플 https://t.co/w1RDwaeLuC,2043917162360795203,https://pbs.twimg.com/media/HFz6nTIa0AA770M.jpg,,ko,,2,0,1,https://x.com/undefined/status/2043917162360795203,1873431815580758016,
2043917145999061034,Tue Apr 14 04:59:56 +0000 2026,0,The grandma's blue porcelain bowl from my memories still taps gently on my temple even its forgetting feels deliberately tender ️,2043917145999061034,,,en,,0,0,0,https://x.com/undefined/status/2043917145999061034,750062911419187200,
2043893971790037242,Tue Apr 14 04:59:56 +0000 2026,1,@SagasofBharat @ARanganathan72 For littering India with his Blue shawl prodigies!,2043917145248280666,,SagasofBharat,en,,0,0,0,https://x.com/undefined/status/2043917145248280666,1272714732877656064,
2043765762024935543,Tue Apr 14 04:59:54 +0000 2026,1,@_kumbhkaran Looks like Blue is your color as well after all... https://t.co/N2CIhSoMRB,2043917138491257115,https://pbs.twimg.com/media/HF1zuetasAEjRI1.jpg,_kumbhkaran,en,,0,0,0,https://x.com/undefined/status/2043917138491257115,2016195150415093760,
2043917131847262674,Tue Apr 14 04:59:53 +0000 2026,0,5 songs no oomfs porque me da penita jiji 1. do you feel it? - Chaos chaos 2.Lost - linkin park 3. blue was the beautiful you - dead sara 4. Liability - lorde 5. shake it out - florence &amp; the machine háganlo quien quiera todos TODOS HÁGANLO si gracias &lt;3,2043917131847262674,,,es,,0,0,0,https://x.com/undefined/status/2043917131847262674,1446633566226558984,
2043917123479642525,Tue Apr 14 04:59:51 +0000 2026,3,Call me a conspirator but I m sure him saying he doesn t want to act has something to do the company the question about acting in this interview comes out of the blue like those animals want him to tell us that he s definitely won t going to act!,2043917123479642525,,,en,,0,1,0,https://x.com/undefined/status/2043917123479642525,1877011916725309440,
2043917118576701887,Tue Apr 14 04:59:49 +0000 2026,0,@TATACLiQLuxury @TataCLiQCare @TataCLiQFashion Had placed an order for a lux watch. Recieved diff model. Placed return request within 2 working days. Blue dart is asking me to share OTP to stop return request citing operational issues without picking up. Pls help #Watches,2043917118576701887,,TATACLiQLuxury,en,,0,1,0,https://x.com/undefined/status/2043917118576701887,1573736112526622720,
2043789732187169073,Tue Apr 14 04:59:47 +0000 2026,0,@MahikRani50377 I had blue crackers the noise would make mom mad,2043917106786537880,,MahikRani50377,en,,0,0,0,https://x.com/undefined/status/2043917106786537880,884614314,
2043917103921496174,Tue Apr 14 04:59:47 +0000 2026,0,SOMETHING moving the bushes. But sounded small maybe is a mouse...? But why... is there a faint blue light? ],2043917106593308673,,LostGirlDess,en,,0,0,0,https://x.com/undefined/status/2043917106593308673,1946730362329300992,
2043904629688414422,Tue Apr 14 04:59:46 +0000 2026,0,@VishakhRanotra Social capital in India comes from escaping from blue collar work blue collar work has more health hazards and exposure to harmful substances unlike abroad the same lathe work looks much better there.,2043917104165072982,,VishakhRanotra,en,,0,0,0,https://x.com/undefined/status/2043917104165072982,1909539979560120320,
2043774363376189711,Tue Apr 14 04:59:45 +0000 2026,0,@SarahHuckabee INDEED.. WITHOUT LEO.. OUR CITIES AND STATES ARE NOTHING MORE THEN ANARCHY. I DON'T WANT MY CHILDREN'S FUTURE TO BE LIVING IN FEAR. WHAT WE DO TODAY WILL AFFECT ON OUR FUTURE. BACK THE BLUE.. MAKE BEING LEO GREAT AGAIN. THEY ARE USA HEROES.. WITH FAMILY. https://t.co/irThJyOb1l,2043917100998373614,https://pbs.twimg.com/tweet_video_thumb/HF1zxKzasAE_Mo6.jpg,SarahHuckabee,en,,0,0,0,https://x.com/undefined/status/2043917100998373614,1712571341831053312,
2043810390929486087,Tue Apr 14 04:59:45 +0000 2026,0,@pathofexile Delay 0.5 for two more months just for the blue ball dweebs under every post lol,2043917098821308739,,pathofexile,en,,0,0,0,https://x.com/undefined/status/2043917098821308739,2742108216,
2043914111805710403,Tue Apr 14 04:59:44 +0000 2026,0,@HaegarrNC Hey thanks for the free engagement blue check! So anyway.... tell us again how a flimsy neck can stop a 30.06 from creating an exit wound. https://t.co/pXEj3e9A2F,2043917097508491394,https://pbs.twimg.com/media/HF1zxA4WUAAFzVK.jpg,HaegarrNC,en,,0,0,0,https://x.com/undefined/status/2043917097508491394,1439995512,
2043917096749523119,Tue Apr 14 04:59:44 +0000 2026,30,Not to be too emotional about blue lips but the way the media talk about it being about wounds and dreams that originated from martin's self composed song during his trainee days that has been infused by the real life experience of the members.. i dont think my heart is ready https://t.co/00ezB2AyqV,2043917096749523119,https://pbs.twimg.com/ext_tw_video_thumb/2043917071755718656/pu/img/vwzkLL8GIc9yz0TZ.jpg,,en,,0,3,4,https://x.com/undefined/status/2043917096749523119,1101453590848126976,
2043917093763199160,Tue Apr 14 04:59:43 +0000 2026,0,政治的な考えとか云々はともかく、 ギター初心者、いよいよB・BLUEがテンポよく弾けるようになってきた やっぱり毎日5分でもギター触らないとダメだわー 楽器はちびちび練習しないとダメだわー,2043917093763199160,,,ja,,0,0,0,https://x.com/undefined/status/2043917093763199160,570897412,
2043917090977947720,Tue Apr 14 04:59:43 +0000 2026,0,tons of rock bands have dressed like that. I mean literally look at Weezer The Blue Album.,2043917090977947720,,,en,,0,0,0,https://x.com/undefined/status/2043917090977947720,1200505152622485504,
2043896950899298680,Tue Apr 14 04:59:41 +0000 2026,0,@Mrsinha Coz flower was mot blue!!!,2043917082895565049,,Mrsinha,en,,0,0,0,https://x.com/undefined/status/2043917082895565049,217072475,
2043912711566741993,Tue Apr 14 04:59:40 +0000 2026,0,@ouchmyboob Blue people movie or anime?,2043917079267414148,,ouchmyboob,en,,0,1,0,https://x.com/undefined/status/2043917079267414148,1679519975298461696,
2043917050427347269,Tue Apr 14 04:59:33 +0000 2026,0,Nasdaq paid it was a blue Monday https://t.co/efSazIZySX,2043917050427347269,https://pbs.twimg.com/media/HF1ztSvXQAAtqai.jpg,,en,,0,0,0,https://x.com/undefined/status/2043917050427347269,1607469972275462145,
2043913849636524399,Tue Apr 14 04:59:31 +0000 2026,1,@CJBolding @marialu411 Morning Blue Eyes,2043917042269729014,,CJBolding,en,,0,1,0,https://x.com/undefined/status/2043917042269729014,1550345517036515332,
2043891102768607726,Tue Apr 14 04:59:31 +0000 2026,0,@ANI Blue umbrella???,2043917041527042161,,ANI,pt,,0,0,0,https://x.com/undefined/status/2043917041527042161,702868915110547456,
2043645397990789207,Tue Apr 14 04:59:30 +0000 2026,0,@kawagoe_ai I hated old men or people walked wearing old man perfume they stank because they pour almost the whole entire bottle. I LIKE BLEU DE Chanel Giorgio Armani Dior Savage polo blue polo green by ralph lauren by the way I have a lot of clothes from polo I wear also dress pents from,2043917038364598388,,edgar_edgar715,en,,0,0,0,https://x.com/undefined/status/2043917038364598388,839117846,
2043873865961701540,Tue Apr 14 04:59:29 +0000 2026,0,@Gooboberti @SusieM414141 @thetoyman1 Simulated blueberries are imitation bits not real fruit at all. They're made from sugar corn syrup corn cereal cornstarch palm oil artificial blueberry flavor and dyes (brilliant blue FCF allura red fast green FCF). Just a cost-saving hack to mimic the look and taste in,2043917032974958652,,Gooboberti,en,,0,0,0,https://x.com/undefined/status/2043917032974958652,1720665183188922368,
2043914213765095895,Tue Apr 14 04:59:28 +0000 2026,1,@samsa_ket Hmm mmm . And you are about to find out none of this shit will matter. Those rules are for lowlifes like you. Keep at it. You are a brave soldier. You are the little blue engine that can .,2043917027656585237,,samsa_ket,en,,0,1,0,https://x.com/undefined/status/2043917027656585237,1951027735809216513,
2043917023990731069,Tue Apr 14 04:59:27 +0000 2026,0,Canciones con monitas chinas bailando hasta que los viejos pargos acepten que cagaron el país. Pt.3: Blue Light ─ Ike Eveland [2023] https://t.co/ZAT9oCe1qE,2043917023990731069,https://pbs.twimg.com/amplify_video_thumb/2043913152744525824/img/209_skFCzJtfWPfS.jpg,,es,,0,1,0,https://x.com/undefined/status/2043917023990731069,1658250202917093378,
2043917020706546017,Tue Apr 14 04:59:26 +0000 2026,0,Gravy? ⎐كُود⎐⎐تويو⎐ ⊵A73⊴ ⎐لاست▬مينت▬للطيران⎐ ⊵OMG⊴ ⎐ايزيل▬بيوتي▬Izil▬Beauty⎐ ⊵AA761⊴ ⎐كؤِبُون⎐Warm Blue ^^^ ⎐خـِصم⎐XjsXUke4faSZ https://t.co/W0MXPy3zqn,2043917020706546017,https://pbs.twimg.com/media/HF1zsfiWsAIzVhO.jpg,,und,,0,0,0,https://x.com/undefined/status/2043917020706546017,1474819624730517505,
2043917017896325384,Tue Apr 14 04:59:25 +0000 2026,0,flames so hot that they turn blue,2043917017896325384,,,en,,0,0,0,https://x.com/undefined/status/2043917017896325384,1329960352696721409,
2043917014146613635,Tue Apr 14 04:59:24 +0000 2026,0,Stop believing everyone with a blue mark you can buy that shit.,2043917014146613635,,,en,,0,0,0,https://x.com/undefined/status/2043917014146613635,1468836373444583425,
2043917004332003412,Tue Apr 14 04:59:22 +0000 2026,1,Adam Fantilli is becoming a better player every game he plays. Offense Defense Powerplay Faceoffs etc . Awesome player for the Blue Jackets.,2043917004332003412,,,en,,0,0,0,https://x.com/undefined/status/2043917004332003412,2513755830,
2043916636084940949,Tue Apr 14 04:59:21 +0000 2026,0,i'm not a poser i'm just blue da ba dee da ba da (i don't know how to type that part),2043917000867823938,,24thcow,en,,0,0,0,https://x.com/undefined/status/2043917000867823938,1478386738649346055,
2043916999538159750,Tue Apr 14 04:59:21 +0000 2026,0,White trim makes the light blue walls really pop! Ninja Painters® Cheap House Painter. Hamilton. Cambridge. Taupo. Rotorua. Tauranga. Tokoroa. Putaruru. Mangakino. Matamata. Waikato @NinjaPainters https://t.co/j6xtaiihY9,2043916999538159750,https://pbs.twimg.com/amplify_video_thumb/2043916911831068673/img/yS0YwsuTqjVbhtfZ.jpg,,tl,,0,0,0,https://x.com/undefined/status/2043916999538159750,933766801896304640,
2043916980869054782,Tue Apr 14 04:59:17 +0000 2026,1,Another long travel day logged here in Massachusetts the state that proves everything wrong with blue America but I m still grateful I wouldn t have it any other way. Florida in 2 3 years is calling but until then this chaotic beautiful life is mine. Sleep well friends. https://t.co/tol4nQTuCp,2043916980869054782,https://pbs.twimg.com/amplify_video_thumb/2043916928339554304/img/upQEA5UW2fhX7RKH.jpg,,en,,0,0,0,https://x.com/undefined/status/2043916980869054782,1962861296422125569,
2043916978344341638,Tue Apr 14 04:59:16 +0000 2026,0,Indubitably? ⎐كُود⎐⎐نمشي⎐ ⊵RD12⊴ ▬ممزورلد▬مامزورلد▬ ⊵ZZ9⊴ ▬الدهام▬للساعات▬ ⊵OMG⊴ ⎐كؤِبُون⎐Dark Blue ^^^^ ⎐خـِصم⎐ZIuUD3La0oLh https://t.co/2olffHHFw0,2043916978344341638,https://pbs.twimg.com/media/HF1zp1Ca0AArql0.jpg,,und,,0,0,0,https://x.com/undefined/status/2043916978344341638,1553348211166875648,
2043916972623315039,Tue Apr 14 04:59:15 +0000 2026,0,Fuzz? ⎐كُود⎐⎐نون⎐ ⊵QT55⊴ ▬المطار▬ ⊵M1⊴ ⎐عطور▬جراس▬غراس▬قراس⎐ ⎐RR3⊴ ⎐كؤِبُون⎐Shadow Blue ^^^ ⎐خـِصم⎐JjGsBkDGeQB9 https://t.co/FEvbhz6Hf7,2043916972623315039,https://pbs.twimg.com/media/HF1zpf2asAEu_v3.jpg,,und,,0,0,0,https://x.com/undefined/status/2043916972623315039,1864273858393722880,
2043916968412189036,Tue Apr 14 04:59:14 +0000 2026,1,serving in that blue with the chanel drip https://t.co/V2DLWzYfIa,2043916968412189036,https://pbs.twimg.com/ext_tw_video_thumb/2043916899231354880/pu/img/zPEexHJrDR88u7B2.jpg,,en,,0,2,0,https://x.com/undefined/status/2043916968412189036,599786586,
2040202687325888929,Tue Apr 14 04:59:13 +0000 2026,2,@LanierNane91056 @BoughRuth @cozzmo73 @alanbar24642950 @cdenisegayle @FredFournier16 @vanpatsow @Char_Aznable89 @chef_Bruce @Tarasworld21 @Jameson172327 @pmcgil511 @madmanx187 @SwastikarsBurn @thegreatgig8 @gratefulhike @donkoclock @ThePenelopeHere @Gianl1974 @manoj290477 @bethanybelton @Kilroy5443 @theleakyquill @WesMont54512580 @shell_loyd @marybmwm44 @Snowball1776 @AZ_Brittney @LePapillonBlu2 @ImSpeaking13 @chiky_handlr @BrianMS45NYR @Honeybunches_of @flute4god @PlowOn @sosagittarian @MAGACult2 @TheOnlyEsta @TwitzerlandNet @PrincessBravato @WATT499663 @IsaiVazquez123 @Franny199149698 @joesox @MaileOnX @Dollhouse @jbminatra @AlanSmitheeDGA @fiber_ninja @hotdiggity41 Good night sleep tight Blue Crew! Sweet dreams ! https://t.co/oQGCzl3ZvB,2043916964205117725,https://pbs.twimg.com/tweet_video_thumb/HF1zpJoasAMev0z.jpg,LanierNane91056,en,,0,1,1,https://x.com/undefined/status/2043916964205117725,726191822,
2043916954919153895,Tue Apr 14 04:59:10 +0000 2026,0,BLUE NOSTALGIA DIRECTED WRITTEN STARRING OCEANS LAUREN WAV https://t.co/MBDqUDXYeV,2043916954919153895,https://pbs.twimg.com/media/HF1zol6awAAZjpW.jpg,,en,,0,0,0,https://x.com/undefined/status/2043916954919153895,3400042993,
2043916954038161791,Tue Apr 14 04:59:10 +0000 2026,5,A Lot of People will get exposed to this if they like the blue lock movie enough to read the manga let that sink in https://t.co/N2EIuYXeRe,2043916954038161791,https://pbs.twimg.com/ext_tw_video_thumb/1907888946291392512/pu/img/IpTWVWfo5kGUwv-l.jpg,,en,,0,2,0,https://x.com/undefined/status/2043916954038161791,1382815220331118594,
2043869179812687982,Tue Apr 14 04:59:10 +0000 2026,1,@andsnjoo_ I MUST SAY THO BLUE LOCK IS LOWLEY LIKE A SURVIVAL SHOW SO IT CHECKS OUT IG,2043916952855339291,,andsnjoo_,en,,0,1,0,https://x.com/undefined/status/2043916952855339291,1979034716767506432,
1941826648791302314,Tue Apr 14 04:59:08 +0000 2026,1,@Bruh888888888 @CivilLost @doonslayer @KRHcalm @Nicoleg425 @Supersonicyl @Jennie_SC1 @Les_NessmanWKRP @AngryMemasGhost @ALibsBabaYaga @miles_mosley666 @2457klhu @_Kel_Varnsen_ @scottstocker4 @42Gnome @FlipOffFelix @mar_zomber57046 @MidgardNextStop @proundpapaof3 @VinceGottalotta @Sinner_Lilith @TeekeeMon @whagyjr @keith_decent @wiorldpease @8BrianVogel4 @nikkisixx12266 @Lib1219854 @Clarity_Esper @factsmatter420 @miles_mosl92137 @HamRadioJoe @TreatHunterDog @grok @astragal @KenWali1 @Supersonic99076 @basil_ireton @TakesToez @theaw8651 @Krensharpaw @Pete_Woodward @lijareturnz @AllTheThings79 @odktiger @SunspotBabySL @BigSpud18 @GojiraStompz @Not_Jack_2024 And also id take into consideration some cultural factors. And language abilities. My biggest concern currently is blue collar and service workers. That field is heavily saturated with immigrants. Many of which do good work but a saturated market drives wages down.,2043916945834320262,,Bruh888888888,en,,0,1,0,https://x.com/undefined/status/2043916945834320262,1755291404736303104,
2043916918458040741,Tue Apr 14 04:59:02 +0000 2026,0,WDYM KEI IN BLUE LOCKK???? HELLO???,2043916918458040741,,,in,,0,0,0,https://x.com/undefined/status/2043916918458040741,1780234953206157313,
2043916910744744001,Tue Apr 14 04:59:00 +0000 2026,0,Blue Half chaddi ambedkarchod female gang ???!!!,2043916910744744001,,,en,,0,0,0,https://x.com/undefined/status/2043916910744744001,1692874256655212544,
2043916909708456167,Tue Apr 14 04:59:00 +0000 2026,0,Arquivos Super Saiyajin Blue https://t.co/RH4fCvLMzU https://t.co/ZxOJu2I8mg,2043916909708456167,https://pbs.twimg.com/media/HF1zmUDW8AAbMXB.jpg,,fi,,0,0,0,https://x.com/undefined/status/2043916909708456167,767807708,
2043868645714210881,Tue Apr 14 04:58:58 +0000 2026,0,@BruceWayneGov @JJ_McCullough @wyatt_claypool @BruceWayneGov Calling banker Carney Communism is peak brainrot. Canada s still run by the same capitalist elites it always has. Lmao at your paid blue check it isn't the follower magnet you'd hoped. Compensating hard Batman. Cope. 🇨🇦 ,2043916903702507787,,BruceWayneGov,en,,0,0,0,https://x.com/undefined/status/2043916903702507787,17081607,
2043882013237649598,Tue Apr 14 04:58:57 +0000 2026,0,@Fre3determinist @PDiddly10 @SwannMarcus89 A blue collar mechanic from PA? Yeah why are you being sarcastic? How is that not exactly the demographic he's referring to??,2043916897205289044,,Fre3determinist,en,,0,0,0,https://x.com/undefined/status/2043916897205289044,1987884681623490561,
2043916887969415303,Tue Apr 14 04:58:54 +0000 2026,0,ya? ⎐كُود⎐⎐ايهرب⎐ايهيرب اهرب ⊵IQH8946⊴ ▬المطار▬ ⊵M1⊴ ⎐عطور▬جراس▬غراس▬قراس⎐ ⎐RR3⊴ ⎐كؤِبُون⎐Bright Blue ^^ ⎐خـِصم⎐ZXPMNHeovkVT https://t.co/g5gJbhYLmZ,2043916887969415303,https://pbs.twimg.com/media/HF1zkw-asAIApTz.jpg,,ar,,0,0,0,https://x.com/undefined/status/2043916887969415303,1970569239648972800,
2043916882592575871,Tue Apr 14 04:58:53 +0000 2026,11,April winds unbind the coat thou bore long Thou fling st the chill aside to greet birdsong No frost shall chain thy steps no gloom abide Thou cast st the heavy load that clung strong Light returns the sky unfurls its endless blue And joy long pent makes its bright new debut https://t.co/bMUfRAFA3p,2043916882592575871,https://pbs.twimg.com/media/HF1zkFzasAAgXv0.jpg,,en,,0,0,0,https://x.com/undefined/status/2043916882592575871,1365234832343592962,
2043908815888785761,Tue Apr 14 04:58:52 +0000 2026,2,@captainjonass @bbellbottomss make believe is my favorite album i feel bullied by everyone who is fan of blue and pinkerton,2043916878192464033,,captainjonass,en,,0,0,1,https://x.com/undefined/status/2043916878192464033,1915056257196564480,
2043791617904288181,Tue Apr 14 04:58:51 +0000 2026,0,@RabbiPoupko @kinsellawarren @EWTN @BishopBarron @bishopofbklyn @TudorBismark Light and beauty just radiate from her face even through the medium of social media and the blue light of the computer. A sweetness and an otherworldliness -- one of the holy ones.,2043916875516592271,,RabbiPoupko,en,,0,0,0,https://x.com/undefined/status/2043916875516592271,1674843528956981249,
2043701520819011771,Tue Apr 14 04:58:50 +0000 2026,0,@StockMKTNewz AI is the new blue chips of dotcom 2000,2043916868088672409,,StockMKTNewz,en,,0,0,0,https://x.com/undefined/status/2043916868088672409,1431698064469811206,
2043916866704543782,Tue Apr 14 04:58:49 +0000 2026,0,免费测试满意再付 短信轰炸/电话轰炸/呼死你 nacks and talked with fwas attracted by the clear blue sea and soft goldenWalking along the beach QQ邮箱 3856908163@qq.com 不要加好友直接联系邮箱 联系 电报wyyt147 https://t.co/BAG2dD50uO,2043916866704543782,https://pbs.twimg.com/media/HF1zjY3aUAAbapD.jpg,,zh,,0,0,0,https://x.com/undefined/status/2043916866704543782,2028647534659567616,
2043903565786427885,Tue Apr 14 04:58:48 +0000 2026,2,@RealCynicalFox triservice patch Blue for Navy red for army light blue for airforce,2043916862527021430,,RealCynicalFox,en,,0,0,0,https://x.com/undefined/status/2043916862527021430,854978705663250432,
2043849748101140559,Tue Apr 14 04:58:46 +0000 2026,0,@Travis1 You must be very young. You have no clue what or who a Blue Blood is.,2043916851457994866,,Travis1,en,,0,0,0,https://x.com/undefined/status/2043916851457994866,1782092835912593408,
2043896703770636405,Tue Apr 14 04:58:45 +0000 2026,1,@vmpmars Yellow light blue and red ,2043916847255302392,,vmpmars,en,,0,1,0,https://x.com/undefined/status/2043916847255302392,1271511934312026114,
2043916843312619763,Tue Apr 14 04:58:44 +0000 2026,0,WTS 2026 MONSTA X WORLD TOUR _[THE X] : &lt;NEXUS&gt; in Jakarta 🇮🇩 ️ April 18 Casablanca Hall Green Shipping Pink Soundcheck Blue A Local &amp; Interfan ️ DM #MONSTAX #MONSTAX_THEX_NEXUS #MONSTAXinASIA #Aplanet #LITXPERIENCE #MONSTA_X,2043916843312619763,,,en,,0,0,0,https://x.com/undefined/status/2043916843312619763,1643623539797286912,
2043916210761551929,Tue Apr 14 04:58:43 +0000 2026,0,this is mostly a joke but even when i think i recognise all the nhl teams by name at least ill hear about another one and be like WHO IS FHAT happened today with the blue jackets,2043916841559699781,,wizardkingmp3,en,,0,1,0,https://x.com/undefined/status/2043916841559699781,3281185003,
2043842312758013988,Tue Apr 14 04:58:41 +0000 2026,1,@northgalis you raise an interesting point. because the only time they're even remotely concerned about this stuff is when it's happened to them and they can't do anything about it. like the naberus story told by grandmother where their temporary blue kuva got swapped with permanent stuff.,2043916831602180269,,northgalis,en,,0,1,0,https://x.com/undefined/status/2043916831602180269,1214795416925065216,
2043841174650401175,Tue Apr 14 04:58:39 +0000 2026,1,@Brocklesnitch Sean redeemed himself a little by making Ricki and the Flash his blue but he s on thin ice,2043916822358245803,,Brocklesnitch,en,,0,1,0,https://x.com/undefined/status/2043916822358245803,27822442,
2043698302055862577,Tue Apr 14 04:58:37 +0000 2026,0,@GALAXYWARtcg I am hoping for more diverse than blue purple. Locally red themed counter decks are very popular. I really want to play clan.,2043916815504457932,,GALAXYWARtcg,en,,0,0,0,https://x.com/undefined/status/2043916815504457932,21459111,
2043805870614548536,Tue Apr 14 04:58:33 +0000 2026,0,@BeccaRBRoyalty Except for Blue Grass Prog Metal Classical Country.,2043916797225918894,,BeccaRBRoyalty,en,,0,1,0,https://x.com/undefined/status/2043916797225918894,2024676166079262720,
2043916794679943424,Tue Apr 14 04:58:32 +0000 2026,0,I watched this five times and I don t see a jet hitting the building. Were they using Operation Blue Beam?,2043916794679943424,,,en,,0,0,0,https://x.com/undefined/status/2043916794679943424,1307548939550294017,
2043911373760147724,Tue Apr 14 04:58:31 +0000 2026,1,@unikahot blue family has ky so red family automatically wins,2043916788648255489,,unikahot,en,,0,0,0,https://x.com/undefined/status/2043916788648255489,1289647595103621121,
2043916752640147630,Tue Apr 14 04:58:27 +0000 2026,0,️MLB Recap: Transactions - Toronto Blue Jays have acquired INF Lenyn Sosa from the Chicago White Sox in exchange for OF Jordan Rich and money or a player to be named later - Baltimore Orioles acquire INF Christian Encarnacion-Strand from the Cincinnati Reds,2043916774861684747,,Night_Recap,en,,0,0,0,https://x.com/undefined/status/2043916774861684747,1991888428645130241,
2043698421702234141,Tue Apr 14 04:58:27 +0000 2026,0,@students4amy Hilarious that y'all just came to be this year yet can clearly (in your minds) explain away the report from when...oh yeah...way before. No thanks. Ohio is a strong Red State. We will not submit to the blue leaning big cities! Read the room...,2043916773389410525,,students4amy,en,,0,0,0,https://x.com/undefined/status/2043916773389410525,1869569428037267456,
2043862958112207250,Tue Apr 14 04:58:25 +0000 2026,0,@emmelrefines 1. BLUE SET 希望です,2043916765097599057,,emmelrefines,ja,,0,0,0,https://x.com/undefined/status/2043916765097599057,1715729269794701312,
2043916761091957129,Tue Apr 14 04:58:24 +0000 2026,0,Extinguished? ⎐كُود⎐⎐تُيموُ⎐ ⊵TEM73⊴ ⊴6ستريت⎐6 ستريت⎐ ⎐A88⊴ ⎐ترنديول⎐ ⊵OMM⊴ ⎐كؤِبُون⎐Deep Blue ^^ ⎐خـِصم⎐GJ2RJ2KjvzvN https://t.co/PLPO3dHijR,2043916761091957129,https://pbs.twimg.com/media/HF1zdKubsAA9vxz.jpg,,und,,0,0,0,https://x.com/undefined/status/2043916761091957129,1029579220828278784,
2043813515090374751,Tue Apr 14 04:58:23 +0000 2026,0,@MeatyMelo lol let s relax. Krillin wasn t going toe to toe with blue,2043916754871824878,,MeatyMelo,en,,0,1,0,https://x.com/undefined/status/2043916754871824878,1260127392,
2043916738669240543,Tue Apr 14 04:58:19 +0000 2026,2,Hindi talaga pwede magsama ang blue at yellow kasi blue + yellow = green Kaya naman huwag niyong sasagutan ang survey namin para manalo si Sara du30 sa susunod na halalan. https://t.co/6nbvdqBrhZ May balik po ito sa mga PUPiang mababait TYIA! #pup #lifetime,2043916738669240543,,,tl,,0,0,0,https://x.com/undefined/status/2043916738669240543,1896701152496177152,
2043916737113141302,Tue Apr 14 04:58:18 +0000 2026,1,Monday blue @ying_knots https://t.co/0FgIMGCch7,2043916737113141302,https://pbs.twimg.com/media/HF1zcAvasAQt9jZ.jpg,,en,,0,0,1,https://x.com/undefined/status/2043916737113141302,846036979737288704,
2043916733954576792,Tue Apr 14 04:58:18 +0000 2026,0,Blue &amp; Pluto,2043916733954576792,,,en,,0,0,0,https://x.com/undefined/status/2043916733954576792,300626509,
2043916730255237228,Tue Apr 14 04:58:17 +0000 2026,0,dove? ⎐كُود⎐⎐ايهرب⎐ايهيرب اهرب ⊵IQH8946⊴ ⎐باث▬اند▬بودي⎐ ⎐ADPE⊴ ⎐ترنديول⎐ ⊵OMM⊴ ⎐كؤِبُون⎐Rich Blue ^^^^ ⎐خـِصم⎐DwpOahgcwmfz https://t.co/F9P1US3WV5,2043916730255237228,https://pbs.twimg.com/media/HF1zbmRacAAWRbY.jpg,,und,,0,0,0,https://x.com/undefined/status/2043916730255237228,1891362821318844416,
2043916728217022688,Tue Apr 14 04:58:16 +0000 2026,1,breaking news urgent now and beyond future! save our education action now - save our loving Planet save our loving animal climate change impact action now! save our supreme court blue wave Party! @ Ceasefire aid now immigration daca act other etc. https://t.co/jwTyNCjJX0 https://t.co/D5gGep7tAZ,2043916728217022688,https://pbs.twimg.com/media/HF1y-ZpasAEGN-E.jpg,,en,,0,0,1,https://x.com/undefined/status/2043916728217022688,1421597985046032386,
2043916707622715572,Tue Apr 14 04:58:11 +0000 2026,0,If ne o na le blue tick id say engagement farming. Because wtf???,2043916707622715572,,,en,,0,0,0,https://x.com/undefined/status/2043916707622715572,363693925,
2043916706700292268,Tue Apr 14 04:58:11 +0000 2026,0,im a 49 year-old 4 2 360 pound filipino white supremacist and this is my blue archive meme,2043916706700292268,,,en,,0,0,0,https://x.com/undefined/status/2043916706700292268,1405755523836768259,
2043713977121636539,Tue Apr 14 04:58:06 +0000 2026,0,@bernardtjoy So in the last decade i've become a paint texture addict. I have cried at swipes of blue &amp; orange. Literally- I totally lost in in a Van Gogh show because of the colour+ brush marks. When I saw this Schiele it was so bulky compared to the image in my head.,2043916683341865385,,bernardtjoy,en,,0,0,0,https://x.com/undefined/status/2043916683341865385,717881075612131328,
2043916680363925561,Tue Apr 14 04:58:05 +0000 2026,0,ahh? ⎐كُود⎐⎐ايهرب⎐ايهيرب اهرب ⊵IQH8946⊴ ⎐مفارش▬الحبيب⎐ ⊵FF35⊴ ⎐فاشون▬اس▬اي⎐ ⊵QS⊴ ⎐كؤِبُون⎐Dark Blue ^^^ ⎐خـِصم⎐4NP7CLN1vP0o https://t.co/Z9UayZRcmk,2043916680363925561,https://pbs.twimg.com/media/HF1zYsBWkAAKFoG.jpg,,ar,,0,0,0,https://x.com/undefined/status/2043916680363925561,1560297275418726406,
2043916673497895421,Tue Apr 14 04:58:03 +0000 2026,0,SAMURAI BLUE 日本代表 vs アイスランド ️ ️ 2枚お譲り可能 国立競技場 ️ 2026年5月31日 定価＋手数料 詳細はDMまで 真剣な方のみお願いいたします #サッカー日本代表 #SAMURAIBLUE #キリンチャレンジカップ #チケット譲渡 #サッカー #国立競技場,2043916673497895421,,,ja,,0,0,0,https://x.com/undefined/status/2043916673497895421,1949235747900289024,
2043916651444482477,Tue Apr 14 04:57:58 +0000 2026,0,Flower? ⎐كُود⎐⎐تُيموُ⎐ ⊵TEM21⊴ ⎐ار▬اند▬بي R&amp;B Fashion⎐ ⊵OMG⊴ _بيتزون_petzone_بيت_بت_زون_ ⊵PADS⊴ ⎐كؤِبُون⎐Crystal Blue ^^^^ ⎐خـِصم⎐X3ic05IPNZJD https://t.co/4C7d7EgSSz,2043916651444482477,https://pbs.twimg.com/media/HF1zWzCasAQjKS5.jpg,,und,,0,0,0,https://x.com/undefined/status/2043916651444482477,1157725704634667009,
2043916638882541759,Tue Apr 14 04:57:55 +0000 2026,0,Cek Whitelab Sunscreen Gel SPF 50 PA+++- Ultralight - Sunblock Anti Komedo Pelindung Sinar Matahari UV A UV B Blue Light dengan Niacinamide Ringan Tidak Lengket Whitecast &amp; Pilling [BPOM] dengan harga Rp79.000. Dapatkan di Shopee sekarang! https://t.co/uv3Ubutnm6 https://t.co/fH7jE9IdJM,2043916638882541759,https://pbs.twimg.com/media/HF1zWfxbcAAuO-3.jpg,,in,,0,0,0,https://x.com/undefined/status/2043916638882541759,72039721,
2043714768247087414,Tue Apr 14 04:57:55 +0000 2026,0,@JSWC1995 @FBAwayDays BTW Lampard has received 11 apologies from referees for penalties not given. Can t imagine VAR being any worse unless we have a season on extra thick blue line like painted on Haji s toe to make him offside. Thing is with that Wanbassaka s arm was beyond his boot so onside.,2043916636864844260,,JSWC1995,en,,0,0,0,https://x.com/undefined/status/2043916636864844260,1565135880020545536,
2043916636084940949,Tue Apr 14 04:57:54 +0000 2026,0,ppl making tweets abt the part where talked abt hikarino i hope everyone knows i said he's blue to make a joke and i know he's green please i promise i'm not stupid https://t.co/Ka6PgFlqrM,2043916636084940949,,,en,,0,1,0,https://x.com/undefined/status/2043916636084940949,1478386738649346055,
2043916631861297310,Tue Apr 14 04:57:53 +0000 2026,0,Irony I didn't watch &amp;audition during it premiere because I claimed I don't have strong heart. But I watch blue lock season 1 halfway. Then smh I become &amp;team fan during Under The Skin era. Now K confirmed to be Nagi. Life are mysterious and somehow interconnected,2043916631861297310,,,en,,0,0,0,https://x.com/undefined/status/2043916631861297310,1318453727225761794,
2043916630032535739,Tue Apr 14 04:57:53 +0000 2026,0,碧海のアディショナルタイム笑ったｗｗｗ おちつけｗ 【JI BLUE】サッカー日本代表「最高の景色を2026」特別企画!! サッカールール○×クイズ!! 基本編 https://t.co/b0jA6QU28J #JI_BLUE #最高の景色を #世界一の追い風になろう,2043916630032535739,,,ja,,0,0,0,https://x.com/undefined/status/2043916630032535739,1801149462695579648,
2043916620163055728,Tue Apr 14 04:57:51 +0000 2026,0,Check out Shannon Crystal Design Of Ireland Cobalt Blue &amp; Clear Crystal Ruffled Rim Bowl https://t.co/1mQV21F9QB #eBay via @eBay,2043916620163055728,,,en,,0,0,0,https://x.com/undefined/status/2043916620163055728,65386415,
2043902067350159541,Tue Apr 14 04:57:50 +0000 2026,1,@utddead @PopBase And you pay for a blue check with 638 followers . Please stfu,2043916619567497671,,utddead,en,,0,0,0,https://x.com/undefined/status/2043916619567497671,382668441,
2043916604866736351,Tue Apr 14 04:57:47 +0000 2026,0,Even Trump s stunt on Swalwell in California could backfire if he achieves his objective of getting the top two MAGA candidates to place in the top two finish in the Jungle Primaries: Impeachment (Blue legislative supermajorities and blue Lt Gov) or Recall (blue majority voters).,2043916604866736351,,,en,,0,0,0,https://x.com/undefined/status/2043916604866736351,1552484120302759936,
2043916603000004759,Tue Apr 14 04:57:46 +0000 2026,15,blue https://t.co/c6dwQUHXiV,2043916603000004759,https://pbs.twimg.com/media/HF1zUM5asAAaBel.jpg,,en,,0,0,2,https://x.com/undefined/status/2043916603000004759,1483209881213669382,
2043830016560038230,Tue Apr 14 04:57:44 +0000 2026,0,@BasilianThought Whats with the fgt in the blue shirt?,2043916592925552827,,BasilianThought,en,,0,0,0,https://x.com/undefined/status/2043916592925552827,1988523721758584833,
2043916043970544077,Tue Apr 14 04:56:59 +0000 2026,2,Toronto Blue Jays: - Kevin Gausman makes the start for the Blue Jays. - Gausman threw 84 pitches in his last start. - Bullpen Report: Blue Jays were off on Monday. Should have everybody. - 3 hits for both Ernie Clement and Daulton Varsho on Sunday.,2043916404072632799,,LiveBetMike,en,,0,1,0,https://x.com/undefined/status/2043916404072632799,1641323713923514374,
2042926914453594237,Tue Apr 14 04:56:58 +0000 2026,0,@phlexyl The baby in the blue dew was twisted like a pretzel,2043916398842249324,,phlexyl,en,,0,0,0,https://x.com/undefined/status/2043916398842249324,1960168932809019392,
2043835934525788162,Tue Apr 14 04:56:57 +0000 2026,0,@SaItmaker @Yeenie_Mcbeenie @americanwhigger Holy shit do you think it s 2016? Nigga we ARE the blue wave.,2043916393939124655,,SaItmaker,en,,0,1,0,https://x.com/undefined/status/2043916393939124655,1806357714517336064,
2043867550639862099,Tue Apr 14 04:56:55 +0000 2026,0,@ASublminalAutst You blue dot here,2043916389254345156,,ASublminalAutst,en,,0,0,0,https://x.com/undefined/status/2043916389254345156,1643053492716855297,
2043916383503667447,Tue Apr 14 04:56:54 +0000 2026,0,My gold mining PF. I expect them to average 5-10x before that bull is over maybe better if I eventually decrease majors. size in brackets 1911 G. [S] Blue Lagoon Resources [L] Cabral G. [L] Coeur [S] Cerrado G. (M) Centerra G. (M) Chesapeake G. (M) Equinox G (L) cont'd 》》,2043916383503667447,,,en,,0,1,0,https://x.com/undefined/status/2043916383503667447,1103455624719929345,
2043911960559751605,Tue Apr 14 04:56:52 +0000 2026,0,@wambuijoan2024 @Kieni_vic Blue eyed sharp boy,2043916374888575272,,wambuijoan2024,en,,0,0,0,https://x.com/undefined/status/2043916374888575272,572343971,
2043737946164211811,Tue Apr 14 04:56:51 +0000 2026,0,@DikshaKandpal8 I fukin hate this blue bleed now,2043916368463179908,,DikshaKandpal8,en,,0,0,0,https://x.com/undefined/status/2043916368463179908,1558032833050202115,
2043916355414700208,Tue Apr 14 04:56:47 +0000 2026,0,M/S BLUE PRINT LINE WEBSITE:- https://t.co/h6Ec0BPMTn https://t.co/dd5Z2JvxTZ https://t.co/SXFyk5DA5d https://t.co/2fdbS48iHb ROLL TO ROLL AN ROLL TO HSEET VERIABLE FLEXO PRINTING MACHINE https://t.co/uB0sDL4znI,2043916355414700208,https://pbs.twimg.com/amplify_video_thumb/2043910424807256064/img/nRmufOVP-fqVFPST.jpg,,en,,0,0,1,https://x.com/undefined/status/2043916355414700208,2736996660,
2043916348116656201,Tue Apr 14 04:56:46 +0000 2026,2,ngl this blue tick looks corny af can t wait to get rid of it,2043916348116656201,,,en,,0,1,0,https://x.com/undefined/status/2043916348116656201,1726282284238524417,
2043590974950330692,Tue Apr 14 04:56:45 +0000 2026,0,@lave_ium So many compare MCB to Transformers that Blue Cop gets compared to Bumblebee who is effectively the cybertronian equivalent to a teenager. Cop comes off as young but not minor. More like on his early 20s. Technically an adult but still figuring some truths of the world out,2043916344748388384,,lave_ium,en,,0,0,0,https://x.com/undefined/status/2043916344748388384,1429187982037241857,
2043916337358221699,Tue Apr 14 04:56:43 +0000 2026,1,Picasso suffered the most during his Blue Period; the death of his close friend pushed him through a very difficult phase: wonder who died in this case? So much gloom is not good for the nation.,2043916337358221699,,,en,,0,0,1,https://x.com/undefined/status/2043916337358221699,4375069574,
2043916325932749145,Tue Apr 14 04:56:40 +0000 2026,0,WTS MONSTA X is coming to Jakarta for 2026 MONSTA X WORLD TOUR [THE X : NEXUS] IN JAKARTA Green Send Off A Pink Soundcheck Blue Dm or Line if Interested #몬스타엑스 #MONSTAX #MONSTA_X #MONSTAX_THEX_NEXUS #MONSTAXinASIA #APlanet #LITXPERIENCE https://t.co/bINNU0fSb7,2043916325932749145,https://pbs.twimg.com/media/HF1zERlasAEz6bu.jpg,,en,,0,0,0,https://x.com/undefined/status/2043916325932749145,1780899228778217475,
2043707098253443263,Tue Apr 14 04:56:39 +0000 2026,0,@washghost1 BLUE EISENHOWER NOVEMBER,2043916322183229842,,washghost1,en,,0,0,0,https://x.com/undefined/status/2043916322183229842,1509352613489242113,
2043911775771361508,Tue Apr 14 04:56:37 +0000 2026,0,@chaotichermes I don't think either of those would taste good but I would try it if offered. Fun fact blue whales are so loud that if one calls out close enough to a diver itll rupture all their organs,2043916313442025626,,chaotichermes,en,,0,0,0,https://x.com/undefined/status/2043916313442025626,2000120000846462976,
2043916312834117848,Tue Apr 14 04:56:37 +0000 2026,4,게헨나가 단편적인 악역이나 맥거핀 같은 역할로만 쓰였던 경향이 좀 크다보니 이번에 심도 있는 해석으로 나온다면 그만큼 더 반향이 클 것 같음 뒤집어지게 끝내주는 스토리에 소름끼치는 디테일을 부탁한다 이 말이야 아 물론 청춘이야기 《BLUE ARCHIVE》 의 방향성을 잃지 않는게 1번이겠지만,2043916312834117848,,,ko,,0,2,0,https://x.com/undefined/status/2043916312834117848,1738047365658062848,
2043768726080667895,Tue Apr 14 04:56:37 +0000 2026,0,@Babygravy9 Correct: it is insane. In the same way that saying all elephants are blue and play the tuba would be insane.,2043916310417911934,,Babygravy9,en,,0,0,0,https://x.com/undefined/status/2043916310417911934,1945735616584409088,
2043790985339994165,Tue Apr 14 04:56:32 +0000 2026,0,@Livelystone5 @Jamwanda2 None all blue lies Americans who are not propagandists refuted that saying it s the daily movement of tankers near their gulf it was market manipulation to bring oil prices below 100 it was now 105 however physical oil hunger still persists 43 day absence of 20% global supply,2043916289555505555,,Livelystone5,en,,0,0,0,https://x.com/undefined/status/2043916289555505555,1646541731872092161,
2022007796800405558,Tue Apr 14 04:56:28 +0000 2026,0,@GTA6Alerts Hey I gotta great idea guys. Let's sell our game that we spent billions on to only the blue part: \ https://t.co/Rs9AZj1SaG,2043916272354697698,https://pbs.twimg.com/media/HF1zABlasAIDG9r.jpg,GTA6Alerts,en,,0,0,0,https://x.com/undefined/status/2043916272354697698,1526594576659652608,
2043021502824747149,Tue Apr 14 04:56:26 +0000 2026,0,@LeonaEadie123 @PlatinumV_ now do the legacy of the 2025 blue jays.. you know the team that was 2 outs away from a ws then gave up a homerun to the 9 hitter who hadn't had a hit in over month that one,2043916266088607918,,LeonaEadie123,en,,0,0,0,https://x.com/undefined/status/2043916266088607918,245644866,
2043916251798601812,Tue Apr 14 04:56:23 +0000 2026,0,fruma eastでblue runしたのになんも出なかった Halcyon使いたすぎるから早く出てくれ〜,2043916251798601812,,,ja,,0,0,0,https://x.com/undefined/status/2043916251798601812,1557596052832010240,
