conversation_id_str,created_at,favorite_count,full_text,id_str,image_url,in_reply_to_screen_name,lang,location,quote_count,reply_count,retweet_count,tweet_url,user_id_str,username
2046042894969037036,Mon Apr 20 10:18:29 +0000 2026,0,@smartmoneyfi Blue on Blues asap,2046171637322539456,,smartmoneyfi,en,,0,0,0,https://x.com/undefined/status/2046171637322539456,1568547746017120264,
2046171636307743170,Mon Apr 20 10:18:28 +0000 2026,0,wanting to dye my hair again but i changed my mind on what color I wanted to do.. i wanted blue instead of red,2046171636307743170,,,en,,0,1,0,https://x.com/undefined/status/2046171636307743170,2034246927878180864,
2046011861221425188,Mon Apr 20 10:18:26 +0000 2026,0,@dannarebb Blue Jays are the Guidos of the bird world. I send lead warnings when they show up,2046171627268841519,,dannarebb,en,,0,0,0,https://x.com/undefined/status/2046171627268841519,1441841020581203973,
2045936225198956559,Mon Apr 20 10:18:16 +0000 2026,0,@elonmusk @mattvanswol I don't donate to any charities. You can't trust them. However if a fallen blue officer's family is in need I always donate.,2046171583677338054,,elonmusk,en,,0,0,0,https://x.com/undefined/status/2046171583677338054,2835628701,
2046171583660638477,Mon Apr 20 10:18:16 +0000 2026,0,my favorite color is dark blue he literally did this for me,2046171583660638477,,,en,,0,0,0,https://x.com/undefined/status/2046171583660638477,1728921975400140800,
2046161331410133439,Mon Apr 20 10:18:15 +0000 2026,1,@Lord_Talbot64 He'll turn blue and choke before he owns up....we all know that.... Whatever laws and lies he finds to elaborate on his goose is almost cooked...,2046171582335156665,,Lord_Talbot64,en,,0,1,0,https://x.com/undefined/status/2046171582335156665,731602565662687232,
2046168415858016328,Mon Apr 20 10:18:15 +0000 2026,0,@vicdahustula thank you vic winning this would guarantee me a blue tick CS6bVfoB8z1ESfSBPD3cvHUk1735Uoa7ufYhfT224voe https://t.co/YWarsdXYaS,2046171580053528809,https://pbs.twimg.com/media/HGV2MvhW0AAmDtf.jpg,vicdahustula,en,,0,0,0,https://x.com/undefined/status/2046171580053528809,1923156611998109696,
2046171576530571495,Mon Apr 20 10:18:14 +0000 2026,0,↩◾179. The sky is a deep blue. 郑州太原◼沈阳贵阳 长沙到南昌我养你啊！无锡 生活学习也许并不完美，兰州 但总有一束光，不是来自约炮，长春 西安 而是学生弟子心外 围中那份不愿看向观世界门上妥协的温柔@kazu29670013 舟山徐州温州天津 https://t.co/UktvY4TeRS,2046171576530571495,https://pbs.twimg.com/media/HGV2NBuaUAAuxYy.jpg,,zh,,0,2,0,https://x.com/undefined/status/2046171576530571495,2037432803692838912,
2046055163400495379,Mon Apr 20 10:18:12 +0000 2026,0,@davidslosttt And what's the plan if 2032 doesn't look like a good year for Dems and their incumbent senator from Michigan is an underperformer who needs blue waves to win?,2046171567499915529,,davidslosttt,en,,0,0,0,https://x.com/undefined/status/2046171567499915529,1520162037980086274,
2046171563356234072,Mon Apr 20 10:18:11 +0000 2026,0,The tone of the headline displays a helpless and cowardly frustration that with all their combined propaganda machine which includes most of the MSM they have been beaten black and blue at their own game by a small team at Explosive Media in Iran.,2046171563356234072,,,en,,0,0,0,https://x.com/undefined/status/2046171563356234072,1472106186606452737,
2046171561443623178,Mon Apr 20 10:18:10 +0000 2026,0,452. The sky is a light blue color. 德州瑞安深圳温岭 昆山到武汉我养你啊！重庆 生活学习也许并不完美，南京 但总有一束光，不是来自约炮，上海 成都 而是学生弟子心外 围中那份不愿看向观世界门上妥协的温柔@HarteMadge84488 常熟济南合肥青岛 https://t.co/gSNBiIqLRg,2046171561443623178,https://pbs.twimg.com/media/HGV2Ly0bcAA8Lk9.jpg,,zh,,0,2,0,https://x.com/undefined/status/2046171561443623178,2037432481708679168,
2046043932455534904,Mon Apr 20 10:18:06 +0000 2026,0,@BellikOzan Because Congress mandated that for national security reasons no one company can be the sole launcher and thus the sole point of failure. There must be at least 2 at all times. Blue Origin just lost their payload off nominal orbit so they are down under FAA investigation too.,2046171544099959081,,BellikOzan,en,,0,0,0,https://x.com/undefined/status/2046171544099959081,1433171586232852481,
2046171537376764411,Mon Apr 20 10:18:05 +0000 2026,0,I can only assume that the below BS has been written by a blue-haired twit. Snap the hell out of it.,2046171537376764411,,,en,,0,0,0,https://x.com/undefined/status/2046171537376764411,40580985,
2045874380673253632,Mon Apr 20 10:17:58 +0000 2026,0,@Liana12932428 blue kitties!!,2046171509463634287,,Liana12932428,en,,0,0,0,https://x.com/undefined/status/2046171509463634287,1643908612442689536,
2046126314424246636,Mon Apr 20 10:17:57 +0000 2026,0,@yk_milli Person go think say all blue tick ppl get sense,2046171503973081279,,yk_milli,en,,0,0,0,https://x.com/undefined/status/2046171503973081279,2003439683217539072,
2046117121881502034,Mon Apr 20 10:17:55 +0000 2026,0,@LukeTryl Interesting that Liberals as well as Reform on rise at red/blue expense. Like the Brexit era Euros,2046171498461725090,,LukeTryl,en,,0,0,0,https://x.com/undefined/status/2046171498461725090,49311558,
2046171494414426548,Mon Apr 20 10:17:54 +0000 2026,0,IYAN BLUE BLACKKKK️️️ SEMAKIN INGIN MEWARNAI RAMBUT INI BLUEBLACKKKKK ,2046171494414426548,,,in,,0,0,0,https://x.com/undefined/status/2046171494414426548,1654527982365704193,
2046171492472250492,Mon Apr 20 10:17:54 +0000 2026,0,#MythologyMonday Honouring all 7 colours of the rainbow red orange yellow green blue indigo &amp; violet as personified by the Greek goddess and divine messenger Iris. She guided the souls of dead women to the Elysian Fields where mourners laid purple irises on their graves. https://t.co/uQmNTwCMOP,2046171492472250492,https://pbs.twimg.com/media/HGV2IHeWwAEM0fU.jpg,,en,,0,1,0,https://x.com/undefined/status/2046171492472250492,1155584479446163457,
2046171490077597738,Mon Apr 20 10:17:53 +0000 2026,0,Omg my blue prince https://t.co/yGmSfa0pmM,2046171490077597738,https://pbs.twimg.com/media/HGV2HwXbEAEAfyA.jpg,,en,,0,0,0,https://x.com/undefined/status/2046171490077597738,1789993476832247808,
2007438812478091752,Mon Apr 20 10:17:52 +0000 2026,0,16. One Piece (Vol. 11: Los más malos del Este): Luffy acabando de manera épica y sublime la tiranía de Arlong en Cocoyashi con Nami uniéndose a los Sombreros de Paja. Ya nos queda el ultimo arco del East Blue; Loguetown la ciudad del principio y el fin. ️: 10/10 https://t.co/kIXfULjTsN,2046171482460504392,https://pbs.twimg.com/media/HGSegDxWoAAgkXg.jpg,ArdanazNavarro,es,,0,0,0,https://x.com/undefined/status/2046171482460504392,1435299311823343616,
2045801528691220708,Mon Apr 20 10:17:52 +0000 2026,0,@mhandistan If they were white with blue eyes you d swear they look like native north africans extremism and self hatred goes hand in hand,2046171482162868567,,mhandistan,en,,0,0,0,https://x.com/undefined/status/2046171482162868567,2014752415652667392,
2046171469936292062,Mon Apr 20 10:17:49 +0000 2026,0,WHAT THE FUCK LEEHAN HAS DARK BLUE HAIR,2046171469936292062,,,en,,0,0,0,https://x.com/undefined/status/2046171469936292062,1728921975400140800,
2045836229292257357,Mon Apr 20 10:17:45 +0000 2026,0,@emmywayne64 Viltrumites have red blood Flaxans have blue blood.,2046171454778044723,,emmywayne64,en,,0,0,0,https://x.com/undefined/status/2046171454778044723,1775023909798039552,
2045715761419653504,Mon Apr 20 10:17:42 +0000 2026,0,@esrtweet @QuetzalPhoenix And in the other direction in certain languages there is no single word commonly used both for light blue e.g. the midday sky and dark blue e.g. the midnight full-moon sky -- using light blue would be around as weird as using light red instead of pink in English,2046171442044142035,,esrtweet,en,,0,0,0,https://x.com/undefined/status/2046171442044142035,1952129481222631424,
2045887647214719032,Mon Apr 20 10:17:38 +0000 2026,0,@OilyBigDog @hockeyfights @BizNasty2point0 It s my full time job i should be good at it. My blue elon checkmark verifies how cool I am on here.,2046171426693017984,,OilyBigDog,en,,0,0,0,https://x.com/undefined/status/2046171426693017984,19422288,
2046171424860373077,Mon Apr 20 10:17:38 +0000 2026,0,Actualizada: Choque en Condado de Palm Beach en la I-95 Norte antes de Exit 76: SR-708/Blue Heron Blvd. 3 Carriles de la derecha bloqueados. Última actualización en 06:16 AM. https://t.co/vs12G7pC9c,2046171424860373077,,,es,,0,0,0,https://x.com/undefined/status/2046171424860373077,839211966413557766,
2046171423685943717,Mon Apr 20 10:17:38 +0000 2026,0,Updated: Crash in Palm Beach County on I-95 North before Exit 76: SR-708/Blue Heron Blvd. 3 Right lanes blocked. Last updated at 06:16 AM. https://t.co/a9U6BNE7hP,2046171423685943717,,,en,,0,0,0,https://x.com/undefined/status/2046171423685943717,199362725,
2046171422029148448,Mon Apr 20 10:17:37 +0000 2026,0,Updated: Crash in Palm Beach County on I-95 North before Exit 76: SR-708/Blue Heron Blvd. 3 Right lanes blocked. Last updated at 06:16 AM. https://t.co/N4XbEZezdd,2046171422029148448,,,en,,0,0,0,https://x.com/undefined/status/2046171422029148448,199662147,
2045491647547617293,Mon Apr 20 10:17:35 +0000 2026,0,@nemetonxd @royal_leo11 @Imsonali0 It's called theft for earning money as she has blue tick,2046171412793327871,,nemetonxd,en,,0,0,0,https://x.com/undefined/status/2046171412793327871,1888819471734968320,
2045855164020703286,Mon Apr 20 10:17:30 +0000 2026,1,@OzLori89 I think Iran and the related terrorist regimes are an enemy. But Trump campaigned on no more wars and to just look after the blue collar and middle Americans. The NGOs politicians and globalists bringing the islamists in to amour land are the biggest problem. Read my posts I,2046171392325177837,,OzLori89,en,,0,0,0,https://x.com/undefined/status/2046171392325177837,2023245435901804544,
2046104072059506951,Mon Apr 20 10:17:29 +0000 2026,0,@ReedCooley @DefiantLs The Supreme Court going to rule in June on boys in girls sports. There is a good chance they rule that Title IX protects female sports from male participation. But you are right. I won t matter. Blue states will just find a way to ignore it.,2046171387119702154,,ReedCooley,en,,0,0,0,https://x.com/undefined/status/2046171387119702154,1436394347562426381,
2046152498138812926,Mon Apr 20 10:17:26 +0000 2026,0,@TheMekon_Venus Red Zoids came along after they improved the plastic quality. The Blue Zoids seemed basic in comparison,2046171373395984816,,TheMekon_Venus,en,,0,0,0,https://x.com/undefined/status/2046171373395984816,1223219841777180672,
2046171370225017036,Mon Apr 20 10:17:25 +0000 2026,0,Yes live nation and wireless festival should still be held accountable that was sick what they did trying to invite Kanye west a man who supports a communist leader who puts babies in ovens and who believes blond haired and blue eyes ppl are the best . His hair was brown wtf,2046171370225017036,,,en,,0,0,0,https://x.com/undefined/status/2046171370225017036,1777130144697565184,
2046150860229546378,Mon Apr 20 10:17:24 +0000 2026,0,@SpikeDBlacboy @akiraluna766 Buy a blue tick or you re broke,2046171365854642685,,SpikeDBlacboy,en,,0,0,0,https://x.com/undefined/status/2046171365854642685,2029210441956630530,
2046171353246576653,Mon Apr 20 10:17:21 +0000 2026,0,This tree and the fantastic blue sky background caught my eye whilst out walking with #MontyTheCockapoo https://t.co/pJt1K4XzNb,2046171353246576653,https://pbs.twimg.com/media/HGV1_tqWYAABODY.jpg,,en,,0,0,0,https://x.com/undefined/status/2046171353246576653,1554889650266951681,
2046171341943140487,Mon Apr 20 10:17:18 +0000 2026,0,that's blue line https://t.co/1w74bbZZA4,2046171341943140487,https://pbs.twimg.com/media/HGV1_IsbUAAVlxI.jpg,,en,,0,0,0,https://x.com/undefined/status/2046171341943140487,1524727151366316032,
2046104221440004097,Mon Apr 20 10:17:15 +0000 2026,0,@Schreibnut @BuzzPatterson @RealDeanCain @realDonaldTrump @PeteHegseth Another blue tick grifter,2046171327497961724,,Schreibnut,en,,0,0,0,https://x.com/undefined/status/2046171327497961724,1654617195694137344,
2046170420013871539,Mon Apr 20 10:17:13 +0000 2026,1,@eltoowavy grand blue,2046171322451931244,,eltoowavy,en,,0,0,0,https://x.com/undefined/status/2046171322451931244,1895890154767761408,
2046171308925612401,Mon Apr 20 10:17:10 +0000 2026,0,LE IS GIT DARK BLUE LEEHAN LEGIT,2046171308925612401,,,en,,0,0,0,https://x.com/undefined/status/2046171308925612401,1824682963822411776,
2046157285341417851,Mon Apr 20 10:17:09 +0000 2026,0,@bruisedfools Ayon oh blue naman,2046171302348926988,,bruisedfools,tl,,0,1,0,https://x.com/undefined/status/2046171302348926988,1986462792732581891,
2046171149189398660,Mon Apr 20 10:16:32 +0000 2026,1,Where will your next adventure take you? From the wild beauty of Tarangire to unforgettable safari moments every journey tells a story. Start yours today with Blue Lilac Tours because the world is waiting #mondaymotivation #trending #breaking #mondayvibes #wildlife #magicalKE https://t.co/bzaMKP2QHg,2046171149189398660,https://pbs.twimg.com/amplify_video_thumb/2046171050430312448/img/Z9QqqnAZMldDGGOX.jpg,,en,,0,0,0,https://x.com/undefined/status/2046171149189398660,1610920502876405761,
2046171127420997838,Mon Apr 20 10:16:27 +0000 2026,0,Grateful for the love and support All glory to God for the strength and the moment. Proud to represent the badge and give everything for the team and the Blue Army. We keep pushing we keep building more to come #KCBKOBs #BlueArmy,2046171127420997838,,,en,,0,0,0,https://x.com/undefined/status/2046171127420997838,1483011218336067587,
2046154532757889135,Mon Apr 20 10:16:26 +0000 2026,1,@stephenRB4 Blue skies here also,2046171124350742652,,stephenRB4,en,,0,1,0,https://x.com/undefined/status/2046171124350742652,1991172815718903809,
2045643537652281791,Mon Apr 20 10:16:24 +0000 2026,0,@chucktowngent @DefiantLs But they can't help themselves. Look at Hochul &amp; Mamdani - they started begging folks to come back so they want to rob them for doing so with confiscatory taxes on NY real estate. Blue states will go belly up &amp; expect other states to bail them out. We need law to prevent this.,2046171115022622929,,chucktowngent,en,,0,0,0,https://x.com/undefined/status/2046171115022622929,1526523053915656193,
2046016580291608941,Mon Apr 20 10:16:21 +0000 2026,0,@MrDavX 7(green) 2(blue) 4(red),2046171102003794180,,MrDavX,en,,0,0,0,https://x.com/undefined/status/2046171102003794180,1866704642333462528,
2046171098811634029,Mon Apr 20 10:16:20 +0000 2026,0,Master tushone suti ya blue?,2046171098811634029,,,in,,0,0,0,https://x.com/undefined/status/2046171098811634029,1726647201596641280,
2046125433951805821,Mon Apr 20 10:16:17 +0000 2026,0,@sienna_moon_ It's blue,2046171083687018683,,sienna_moon_,en,,0,0,0,https://x.com/undefined/status/2046171083687018683,3527153237,
2046171082139504913,Mon Apr 20 10:16:16 +0000 2026,0,How Michael MacMillan aims to make Blue Ant into another billion-dollar media business https://t.co/TVNagFOj46,2046171082139504913,,,en,,0,0,1,https://x.com/undefined/status/2046171082139504913,8736882,
2046171074531094854,Mon Apr 20 10:16:14 +0000 2026,0,みんなRed and Blue聞いたほうがいい,2046171074531094854,,,ja,,0,0,0,https://x.com/undefined/status/2046171074531094854,1714645188188975104,
2046171073532547169,Mon Apr 20 10:16:14 +0000 2026,0,Wash? ⎐كُود⎐⎐ايهرب⎐ايهيرب اهرب ⊵IQH8946⊴ ⎐ماماز▬اند▬باباز⎐ ⊵A888⊴ ▬جىني⎐ ⊵AAK1⊵ ⎐كؤِبُون⎐Modern Blue ^^ ⎐خـِصم⎐9xwJOMXp4gpR https://t.co/BpQWRSnK7K,2046171073532547169,https://pbs.twimg.com/media/HGV1vpHWEAAB4m2.jpg,,ar,,0,0,0,https://x.com/undefined/status/2046171073532547169,1358478209638096899,
2046169908372025829,Mon Apr 20 10:16:12 +0000 2026,0,@wangziqiarchive the blue line ,2046171065114825109,,wangziqiarchive,en,,0,0,0,https://x.com/undefined/status/2046171065114825109,960650970001625088,
2046114138225836376,Mon Apr 20 10:16:10 +0000 2026,0,@OWAnonymous_ I hate suzu I hate blue beam and rez I don't really hate the characters,2046171054377193745,,OWAnonymous_,en,,0,0,0,https://x.com/undefined/status/2046171054377193745,1165752285902888960,
2046171052695581145,Mon Apr 20 10:16:09 +0000 2026,5, 𝐽𝑢𝑏𝑖𝑙𝑒𝑒 𝐵𝑙𝑢𝑒 https://t.co/YbpXBE1ZgL,2046171052695581145,https://pbs.twimg.com/media/HGV1ubRaIAA2NOb.jpg,,en,,0,0,0,https://x.com/undefined/status/2046171052695581145,1158322279933067265,
2046171051835715704,Mon Apr 20 10:16:09 +0000 2026,0,このロイヤルブラック薄型ポーチ、ガジェット運ぶのに良さげじゃん BLUE SINCERE（ブルーシンシア） ポーチ 小物入れ 本革 レザー メン https://t.co/I4oFPR6mHH,2046171051835715704,,,ja,,0,0,0,https://x.com/undefined/status/2046171051835715704,2035574076945887232,
2046151891722068067,Mon Apr 20 10:16:08 +0000 2026,1,@visualantena @honmayaminmaya サマポケ reflection blue アニメ ,2046171049897996611,,visualantena,ja,,0,0,0,https://x.com/undefined/status/2046171049897996611,1025245189072277504,
2045852957078323383,Mon Apr 20 10:16:06 +0000 2026,0,@Araoluwanimi01 Navy Blue,2046171039801942097,,Araoluwanimi01,en,,0,0,0,https://x.com/undefined/status/2046171039801942097,1353965557293457408,
2046171039626141804,Mon Apr 20 10:16:06 +0000 2026,0,479. The sky is a light blue color on a sunny day. 重庆北京▶上海大连 沈阳到石家庄我养你啊！台州 生活学习也许并不完美，昆明 但总有一束光，不是来自约炮，合肥 南昌 而是学生弟子心外 围中那份不愿看向观世界门上妥协的温柔@HarteMadge84488 长春贵阳温州青岛 https://t.co/05qR3tSPuE,2046171039626141804,https://pbs.twimg.com/media/HGV1tzBawAA1Pa6.jpg,,zh,,0,2,0,https://x.com/undefined/status/2046171039626141804,2034475861244887040,
2039884350745907289,Mon Apr 20 10:16:04 +0000 2026,0,I think Hannah Rucker looks so beautiful out there in the blue bonnets,2046171030910103907,,gregory_ge19780,en,,0,0,0,https://x.com/undefined/status/2046171030910103907,1770711655392899072,
2046020777594556416,Mon Apr 20 10:16:03 +0000 2026,0,@mehrwortschoepf @allnewsisbad @HazelAppleyard Specifically I prefer blue stones they like amethyst and citrine (and ametrine) and ideally I'd get us a mix of both,2046171027038777610,,aurelium101,en,,0,0,0,https://x.com/undefined/status/2046171027038777610,1523242974716608513,
2045954120146624720,Mon Apr 20 10:16:02 +0000 2026,0,@johndowd12345 @AssocAnderson You must be a parasitic road pirate? Or one of those back the blue useful idiots.,2046171024841114097,,johndowd12345,en,,0,0,0,https://x.com/undefined/status/2046171024841114097,1684661210065653760,
2046125572473110667,Mon Apr 20 10:15:59 +0000 2026,0,@BlueDartCares @SoniaNair10 I want to bring to your attention the pathetic and deeply disappointing experience I ve had with Blue Dart on AWB 76932791213. This reflects serious cracks in operations and customer service. Ticket ID 71475004. Please refer to the ticket and prior conversations.,2046171011645907319,,BlueDartCares,en,,0,0,0,https://x.com/undefined/status/2046171011645907319,1589791318162624512,
2046171009276067842,Mon Apr 20 10:15:59 +0000 2026,0,Custodian? ⎐كُود⎐⎐نمشي⎐ ⊵MFM2⊴ ⎐ار▬اند▬بي R&amp;B Fashion⎐ ⊵OMG⊴ _بيتزون_petzone_بيت_بت_زون_ ⊵PADS⊴ ⎐كؤِبُون⎐Modern Blue ^^^^ ⎐خـِصم⎐ENfNFObVV96Y https://t.co/bF6l7JGf4B,2046171009276067842,https://pbs.twimg.com/media/HGV1rzOaQAE9ObG.jpg,,und,,0,0,0,https://x.com/undefined/status/2046171009276067842,1482308664048377861,
2046171004775661942,Mon Apr 20 10:15:58 +0000 2026,0,BLUE HAIR LEEHAN HELLOOOOOO,2046171004775661942,,,en,,0,0,0,https://x.com/undefined/status/2046171004775661942,1457744922933530630,
2046170999872217193,Mon Apr 20 10:15:57 +0000 2026,0,Cincture? ⎐كُود⎐⎐تُيموُ⎐ ⊵TEM73⊴ ⎐تطبيق▬دوس▬doss▬app⎐ ⊵K21⊴ ⎐AYA⎐ايا⎐موقع⎐ ⎐C25⊴ ⎐كؤِبُون⎐Neon Blue ^^^^ ⎐خـِصم⎐znEWashwI1Ed https://t.co/VnJrdfdaE6,2046170999872217193,https://pbs.twimg.com/media/HGV1rU3WYAA2kfC.jpg,,und,,0,0,0,https://x.com/undefined/status/2046170999872217193,1159994524380422150,
2045514096083382667,Mon Apr 20 10:15:55 +0000 2026,0,@Aayuthakur21 Blue will be the most-used color in the editing space.,2046170995351036247,,Aayuthakur21,en,,0,0,0,https://x.com/undefined/status/2046170995351036247,2004155098306695173,
2046145837240406350,Mon Apr 20 10:15:53 +0000 2026,0,@kt52696969 Blue~,2046170983904817573,,kt52696969,en,,0,0,0,https://x.com/undefined/status/2046170983904817573,2794683165,
2046170970419827083,Mon Apr 20 10:15:50 +0000 2026,0,Iverson or Manu. Let s be real both of these guys are really the blue prints for today s guards (outside of curry) Manu and his craftiness. Iverson and his undersized scoring guard,2046170970419827083,,,en,,0,0,0,https://x.com/undefined/status/2046170970419827083,1205270442,
2046170960705818819,Mon Apr 20 10:15:47 +0000 2026,0,The sky is very blue today https://t.co/mLZULLg2pe,2046170960705818819,https://pbs.twimg.com/media/HGV1pAXXcAAlg93.jpg,,en,,0,0,0,https://x.com/undefined/status/2046170960705818819,2020631101362843648,
2046170954095562878,Mon Apr 20 10:15:46 +0000 2026,0,Cut? ⎐كُود⎐⎐تُيموُ⎐ ⊵TEM21⊴ ⎐جيت-▬باك▬-جت▬باك -⎐ ⊵AJP25⊴ ▬فوتلوكر▬فوت▬لوكر ◗A332◖ ⎐كؤِبُون⎐Light Blue ^^^ ⎐خـِصم⎐BgOGAYOW2cH2 https://t.co/wUpGsl8Xde,2046170954095562878,https://pbs.twimg.com/media/HGV1osoa8AAFVlA.jpg,,ar,,0,0,0,https://x.com/undefined/status/2046170954095562878,1520596041959104513,
2045437988226617506,Mon Apr 20 10:15:45 +0000 2026,0,@sparkliin Only a true blue with football IQ understands my dear winning mentality,2046170953508352437,,sparkliin,en,,0,0,0,https://x.com/undefined/status/2046170953508352437,1679192091967012864,
2046170945866674633,Mon Apr 20 10:15:44 +0000 2026,0,マジレス BLUEに課金してからやったらいかがですか,2046170945866674633,,,ja,,0,0,0,https://x.com/undefined/status/2046170945866674633,1831635650808049666,
2046170943543021893,Mon Apr 20 10:15:43 +0000 2026,1,they dress him up with this pastel shade again for today's douyin live so refreshing powder blue cotton candy our beomie did so well for today as well https://t.co/MwgnoYCUEj,2046170943543021893,https://pbs.twimg.com/media/HGV1n6BacAAbv88.jpg,,en,,0,0,0,https://x.com/undefined/status/2046170943543021893,1872232313016459265,
2046170940783112266,Mon Apr 20 10:15:42 +0000 2026,0,Buseettt blue hair,2046170940783112266,,,en,,0,0,0,https://x.com/undefined/status/2046170940783112266,1296706904090005511,
2046157177539162148,Mon Apr 20 10:15:42 +0000 2026,0,@thementortime @amerix Yet the Tech-bros are most affected compared to their blue collar counterparts,2046170940237574346,,thementortime,en,,0,0,0,https://x.com/undefined/status/2046170940237574346,1148878090581544960,
2046150860229546378,Mon Apr 20 10:15:38 +0000 2026,0,@SpikeDBlacboy @akiraluna766 Buy a blue tight right now or you havent even got a fiver in the bank ,2046170922579636528,,SpikeDBlacboy,en,,0,1,0,https://x.com/undefined/status/2046170922579636528,2029210441956630530,
2046170917458567191,Mon Apr 20 10:15:37 +0000 2026,0,4/12 BLUE LIVE HIROSHIMA第2部の撮影した動画を見返していたら、推しが投げた紙吹雪の投てき距離が結構すごかった。コツを聞いてみたいです。 #僕青全国ツアー2026春 #僕が見たかった青空 #柳堀花怜 https://t.co/vuQKTeR1sa,2046170917458567191,https://pbs.twimg.com/amplify_video_thumb/2046170863918338049/img/vna_f-DKhYqq1Ror.jpg,,ja,,0,0,0,https://x.com/undefined/status/2046170917458567191,1964673264539856896,
2045949412183040332,Mon Apr 20 10:15:30 +0000 2026,1,@BigOrangeMack Blue cheese in chili.,2046170889641701787,,BigOrangeMack,en,,0,0,0,https://x.com/undefined/status/2046170889641701787,285202380,
2046170883245346929,Mon Apr 20 10:15:29 +0000 2026,0,Happy Monday from BLUE ANGEL SPA the place to go for a nice relaxing massage. Centrally located just south of Lawrence 3021 Bathurst St North York #massage #northyork 647 388 3399 https://t.co/xxeij6PxZV,2046170883245346929,https://pbs.twimg.com/media/HGV1ksNXcAAKYO6.jpg,,en,,0,0,0,https://x.com/undefined/status/2046170883245346929,1542878854464917505,
2046170880976601289,Mon Apr 20 10:15:28 +0000 2026,0,Oomf is now feeding blue checkmarks https://t.co/dab0aGU20M,2046170880976601289,https://pbs.twimg.com/media/HGV1kebasAASonL.jpg,,en,,0,0,0,https://x.com/undefined/status/2046170880976601289,993664972881211392,
2046170878841364604,Mon Apr 20 10:15:28 +0000 2026,0,One of my favorite player in blue jersey. #CFCW https://t.co/8upYsF1g9d,2046170878841364604,https://pbs.twimg.com/media/HGV1kggacAAJPSB.jpg,,en,,0,0,0,https://x.com/undefined/status/2046170878841364604,833971449895477248,
2046170663522795652,Mon Apr 20 10:14:36 +0000 2026,0,i remember when i used to do blue chews in the second story bathroom during school just so i can feel something,2046170663522795652,,,en,,0,0,0,https://x.com/undefined/status/2046170663522795652,1183403078407483392,
2046170656803586512,Mon Apr 20 10:14:35 +0000 2026,0,Group 2 London 1H Update ready and $NQ_F is pushing higher after completing a 3-3-5 FLAT correcton. 1H structure maps the continuation path here: https://t.co/oRFDLeq8QG Trade the Blue Boxes High Frequency areas. #elliottwave #trading #es_f #nasdaq #russell #eurostoxx https://t.co/TPdNjwQCk3,2046170656803586512,https://pbs.twimg.com/media/HGV1XSgbsAAWabV.jpg,,en,,1,0,0,https://x.com/undefined/status/2046170656803586512,79233326,
2046170642517795137,Mon Apr 20 10:14:31 +0000 2026,0,🈸⏪451. The water in the lake is blue and clear. 西宁深圳武汉济南 厦门到广州我养你啊！重庆 生活学习也许并不完美，北京 但总有一束光，不是来自约炮，上海 大连 而是学生弟子心外 围中那份不愿看向观世界门上妥协的温柔@minhu200015 沈阳石家庄台州昆明 https://t.co/bvUJJWE7WU,2046170642517795137,https://pbs.twimg.com/media/HGV1WrIbYAAuwhe.jpg,,zh,,0,2,0,https://x.com/undefined/status/2046170642517795137,2034404252588920832,
2046060604448817190,Mon Apr 20 10:14:31 +0000 2026,0,@SaketGokhale Central forces have every right to thrash goons black and blue. How dare they threaten people.,2046170640210657573,,SaketGokhale,en,,0,0,0,https://x.com/undefined/status/2046170640210657573,1670903408700583936,
2046144233518563781,Mon Apr 20 10:14:29 +0000 2026,0,@theberneese Okay this is the gig they said that lady want to get when she started tweeting football lately out of the blue Congrats Why the walk like James Bond tho ,2046170631109005715,,theberneese,en,,0,0,0,https://x.com/undefined/status/2046170631109005715,799602644549595137,
2046168412984902085,Mon Apr 20 10:14:28 +0000 2026,1,@Drtcnwakile Something must go before something come even me without blue tick dey get 46k impressions,2046170629464814016,,Drtcnwakile,en,,0,0,0,https://x.com/undefined/status/2046170629464814016,1882515970457255936,
2046164451896823945,Mon Apr 20 10:14:28 +0000 2026,0,@wsbtv Vote Blue,2046170627569070380,,wsbtv,en,,0,0,0,https://x.com/undefined/status/2046170627569070380,705531094683226113,
2046140970173903344,Mon Apr 20 10:14:26 +0000 2026,0,@Igbomuslimgirl Another Monday to blue me away https://t.co/76QEOZFJkH,2046170621277589566,https://pbs.twimg.com/media/HGV1UduWMAAdnan.jpg,Igbomuslimgirl,en,,0,0,0,https://x.com/undefined/status/2046170621277589566,1305037219313352705,
2046055163400495379,Mon Apr 20 10:14:26 +0000 2026,0,@AndrewDahDude @davidslosttt It's actually insanity to take that gamble in a purple state that almost chose DJT 3 times where the Republican Party is very strong and wins statewide office quite often. You're essentially arguing how you must rely on a blue wave to drag a bad Democrat over the finish line.,2046170619155550658,,AndrewDahDude,en,,0,0,0,https://x.com/undefined/status/2046170619155550658,41340991,
2046170613304492124,Mon Apr 20 10:14:24 +0000 2026,0,'Sophy Romvari s Blue Heron exists in that space between home movies and art between reality and memory. This devastating drama is an act of remembrance for its filmmaker ' Review: Blue Heron https://t.co/KNijrGO2J1,2046170613304492124,,,en,,0,0,0,https://x.com/undefined/status/2046170613304492124,93147538,
2045715761419653504,Mon Apr 20 10:14:24 +0000 2026,0,@esrtweet @QuetzalPhoenix Heck even the present-day Japanese word most often used to describe blue stuff is still also still used for green traffic lights vegetation and unripe fruit so it's not quite a word for blue' the way the English one is,2046170611400015877,,esrtweet,en,,0,0,0,https://x.com/undefined/status/2046170611400015877,1952129481222631424,
2046068089448792119,Mon Apr 20 10:14:24 +0000 2026,0,@aiimagine_daily Doctor Blue :D https://t.co/ix1s9xvKtY,2046170609814482983,https://pbs.twimg.com/media/HGV1TIiXAAAe1NN.jpg,aiimagine_daily,en,,0,0,0,https://x.com/undefined/status/2046170609814482983,1967196729050087424,
2046154420790915367,Mon Apr 20 10:14:23 +0000 2026,0,@Onuh_Ikedi The blue print is still on the table and can easily be executed but your leaders are cows.,2046170608929497133,,Onuh_Ikedi,en,,0,0,0,https://x.com/undefined/status/2046170608929497133,1234467407856574464,
2046010293738787045,Mon Apr 20 10:14:22 +0000 2026,0,@mattg666117 @Stem19732025 In blue states they are trying.,2046170603774755062,,mattg666117,en,,0,0,0,https://x.com/undefined/status/2046170603774755062,1406090924,
2046170597613568230,Mon Apr 20 10:14:21 +0000 2026,0,di kami papakampante bert kasi sa blue app pa lang andami nang kaagaw hahahahaha,2046170597613568230,,,tl,,0,0,0,https://x.com/undefined/status/2046170597613568230,2029031879090028547,
2046170594790556115,Mon Apr 20 10:14:20 +0000 2026,0,When does Shorts weather start? Or do you wear Shorts all year round? #shorts #sunshine #blue https://t.co/TZiePQgMHe,2046170594790556115,https://pbs.twimg.com/media/HGV1TxDWAAAC2mX.jpg,,en,,0,0,0,https://x.com/undefined/status/2046170594790556115,2341727456,
2046170590201970814,Mon Apr 20 10:14:19 +0000 2026,0,Jeff Bezos no puede con Elon Musk: Blue Origin aterriza su cohete tras despegar pero falla al colocar el satélite en su órbita https://t.co/bsOZYmvgeb,2046170590201970814,,,es,,0,0,0,https://x.com/undefined/status/2046170590201970814,266115514,
2045875829679259838,Mon Apr 20 10:14:15 +0000 2026,0,@sweeenie Y'all voted FOR BIDEN NYC AND YALL ADVOCATED FOR HIM DURING 2020. Y'ALL MOCKED AND NOW TREAT TRUMP LIKE TRASH DURING HIS FIGHT TO STOP THE ISSUES YOU HAVE .... NOW CONSEQUENCES TO YOUR OWN ACTIONS . DEM THE RULES YALL MADE. DEM RULES. NOT THE REPUBLICS. DONT LIKE QUIT VOTING BLUE,2046170574880129203,,sweeenie,en,,0,0,0,https://x.com/undefined/status/2046170574880129203,1712536328619872256,
2046170567414366325,Mon Apr 20 10:14:13 +0000 2026,0,It s crazy how. All these blue tick accounts can just share someone being murdered and adding emojis and shit for X s monetisation system for footage they don t own in the first place. This app is so disgusting in its design now.,2046170567414366325,,,en,,0,0,0,https://x.com/undefined/status/2046170567414366325,475000597,
2046170553225199845,Mon Apr 20 10:14:10 +0000 2026,1,4/26(日)千歳烏山bar『BLUE MARLIN』出演 | マジシャン　ギンガ！オフィシャル... https://t.co/6HkOphqGOJ #Amebaブログ #アメブロ #千歳烏山,2046170553225199845,,,ja,,0,0,0,https://x.com/undefined/status/2046170553225199845,1648926400387354625,
2046170534308954116,Mon Apr 20 10:14:06 +0000 2026,0,ok guys is this related from their club color last fanmeeting like green - SY pink - DH purple - YJ yellow - HJ blue - JH red - KY myghad sabi ko ng di ko kailangan ehhh,2046170534308954116,,,en,,0,1,0,https://x.com/undefined/status/2046170534308954116,1659869340009897994,
2046102396787675320,Mon Apr 20 10:14:05 +0000 2026,0,@Purba_Ray Bina blue tick ke bina payout ke koi aisi bakaiti kyon karega ,2046170530106241037,,Purba_Ray,tl,,0,0,0,https://x.com/undefined/status/2046170530106241037,1589108084907339776,
2046115243982778465,Mon Apr 20 10:14:04 +0000 2026,0,@nzpoliticsgroup fucking leftie in blue,2046170529489617092,,nzpoliticsgroup,en,,0,0,0,https://x.com/undefined/status/2046170529489617092,1356792798649798656,
2046170504609059128,Mon Apr 20 10:13:58 +0000 2026,0,⏳452. The sky is a light blue color. 温州常州南宁嘉兴 盐城到苏州我养你啊！东莞 生活学习也许并不完美，无锡 但总有一束光，不是来自约炮，金华 大连 而是学生弟子心外 围中那份不愿看向观世界门上妥协的温柔@AnastasiaS63107 绍兴连云港赣州湖州 https://t.co/5h3Gcr7dC8,2046170504609059128,https://pbs.twimg.com/media/HGV1OULasAAuKZL.jpg,,zh,,0,2,0,https://x.com/undefined/status/2046170504609059128,2037436947279339520,
2046055125404320110,Mon Apr 20 10:13:57 +0000 2026,0,@badgalriri2009 eyes so blue,2046170500075016585,,badgalriri2009,en,,0,0,0,https://x.com/undefined/status/2046170500075016585,1536576069553516544,
2046170498946531480,Mon Apr 20 10:13:57 +0000 2026,0,7 seats. 1.5T Blue Core engine. 300Nm torque. Command the road with the SUV built for those who take their driving seriously. #mikanomotors #changan https://t.co/0onWz5haij,2046170498946531480,https://pbs.twimg.com/media/HGV1OCNWcAAzK-9.jpg,,en,,0,0,0,https://x.com/undefined/status/2046170498946531480,1506647891967987724,
2046170498388668610,Mon Apr 20 10:13:57 +0000 2026,0,The sky is blue. https://t.co/atBX2bb4P5,2046170498388668610,https://pbs.twimg.com/media/HGV1LEIWEAA3hct.jpg,,en,,0,0,0,https://x.com/undefined/status/2046170498388668610,564735441,
2046170488292975024,Mon Apr 20 10:13:55 +0000 2026,0,berds chapping blue skies. ,2046170488292975024,,,en,,0,0,0,https://x.com/undefined/status/2046170488292975024,1851766938101284864,
2046137355287847201,Mon Apr 20 10:13:53 +0000 2026,0,@parisafter11pm te baby blue co ci pokazywałam jakoś wcześniej!,2046170479669481726,,parisafter11pm,pl,,0,1,0,https://x.com/undefined/status/2046170479669481726,1855942939840532482,
2046166412587409424,Mon Apr 20 10:13:51 +0000 2026,0,@SIMONElikeyou Kulay blue para Coach Boc Comeback,2046170474456199656,,SIMONElikeyou,en,,0,0,0,https://x.com/undefined/status/2046170474456199656,1382185535859347457,
2046170473394733156,Mon Apr 20 10:13:51 +0000 2026,0,My attempt at making Markiona Puppeteer of Death in Love Nikki I technically DO have blue skins but the makeup I have for them don't match as well as this so she's grey now I guess LOL XP She was all I could think about when I got that greenhouse bg #LoveNikki #LiesofP https://t.co/BdmEkPsrDR,2046170473394733156,https://pbs.twimg.com/media/HGV1MSAXwAANF1N.jpg,,en,,0,0,0,https://x.com/undefined/status/2046170473394733156,1554047681923731456,
2046107102687502455,Mon Apr 20 10:13:50 +0000 2026,0,@_wyzl Blue black ️,2046170470152552808,,_wyzl,en,,0,0,0,https://x.com/undefined/status/2046170470152552808,1710009895624351744,
2046170469766672691,Mon Apr 20 10:13:50 +0000 2026,0,If you dont meet today Iran youre going to lose your entire foundation. Signed blue and white.... who just so you know DOES NOT... regardless of anyone scripting fully represent or even like me.,2046170469766672691,,,en,,0,0,0,https://x.com/undefined/status/2046170469766672691,1984439592494514178,
2046170468911354149,Mon Apr 20 10:13:50 +0000 2026,0,horizon? ⎐كُود⎐⎐نمشي⎐ ⊵MFM2⊴ ⎐ريف▬للعطور⎐ ⊵OMG⊴ ⎐جىني⎐ ⊵AAK1⊴ ⎐كؤِبُون⎐Vintage Blue ^^^^ ⎐خـِصم⎐Ui7rPoctyLfrk https://t.co/xpoHUwdQrj,2046170468911354149,https://pbs.twimg.com/media/HGV1LC_bIAAbDBI.jpg,,und,,0,0,0,https://x.com/undefined/status/2046170468911354149,1964530172822224896,
2046170453484654719,Mon Apr 20 10:13:46 +0000 2026,0,Jeff Bezos's New Glenn 3rd launch uses reused booster Blue Origin confirms milestone flight → First reused booster → Telecom satellite launched → Lower-than-planned orbit Progress or setback? #SpaceTech #BlueOrigin ️ Info is publicly available on social media. https://t.co/fLIAOzSuq4,2046170453484654719,https://pbs.twimg.com/amplify_video_thumb/2046170149112401920/img/Fe2WDdoMTvXOW3Oz.jpg,,en,,0,0,0,https://x.com/undefined/status/2046170453484654719,1948766208242634752,
2046163814693912654,Mon Apr 20 10:13:41 +0000 2026,0,@Streettough A blue-bottle in an empty coke can,2046170431594340594,,donsimon814,en,,0,0,0,https://x.com/undefined/status/2046170431594340594,912417894,
2045937465572131024,Mon Apr 20 10:13:41 +0000 2026,0,@clairebubblepop They got rid of middle class. Now we're either rich or poor even though it may no feel like it for some. Stop making the blue chip companies richer support local family businesses. There are lots of ways the public can help build the community and have better lives.,2046170429488791756,,clairebubblepop,en,,0,0,0,https://x.com/undefined/status/2046170429488791756,395393666,
2046121185839132953,Mon Apr 20 10:13:36 +0000 2026,0,@LordCollins__ @NewsM101 brother who turned this into a racial issue Will you accept a physical letter of condemnation of the actions of Bonnie Blue to consider to lifting my status of mega hypocrite and the single problem of the World.,2046170411688132853,,LordCollins__,en,,0,0,0,https://x.com/undefined/status/2046170411688132853,1990428274242330624,
2046170411453554729,Mon Apr 20 10:13:36 +0000 2026,4,TWS ミニアルバム 歴代 先行予約数 Sparkling Blue - 240 809枚 SUMMER BEAT! - 508 480枚 TRY WITH US - 555 613枚 play hard - 648 182枚 NO TRAGEDY - 1 022 807枚(更新中),2046170411453554729,,,ja,,0,0,1,https://x.com/undefined/status/2046170411453554729,1351374003089281026,
2046170409008332875,Mon Apr 20 10:13:36 +0000 2026,0,$QQQ turning higher perfectly from the Daily Blue Box; March buy setup is playing out for members. #Elliottwave #Trading #NASDAQ https://t.co/fIA04ZISTc,2046170409008332875,https://pbs.twimg.com/media/HGV1FU1a4AEfvIO.jpg,,en,,0,0,0,https://x.com/undefined/status/2046170409008332875,2172895508,
2046170397029310854,Mon Apr 20 10:13:33 +0000 2026,0,299. The sky turns blue after the rain. 徐州长沙沈阳昆明 宁波到贵阳我养你啊！温州 生活学习也许并不完美，常州 但总有一束光，不是来自约炮，南宁 嘉兴 而是学生弟子心外 围中那份不愿看向观世界门上妥协的温柔@zhou_mo5366 盐城苏州东莞无锡 https://t.co/hk2Omizl3O,2046170397029310854,https://pbs.twimg.com/media/HGV1H7Ga4AAepCZ.jpg,,zh,,0,2,0,https://x.com/undefined/status/2046170397029310854,2037434135002644481,
2046170388120686796,Mon Apr 20 10:13:31 +0000 2026,0,Scurf? ⎐كُود⎐⎐تويو⎐ ⊵A73⊴ ⎐ناتشورال ⊴تاتش⎐ ⊵C49⊴ ⎐عدسات▬اىـوا⎐ ⊵WA741⊴ ⎐كؤِبُون⎐Rich Blue ^^^^ ⎐خـِصم⎐3ml3Lx7f5JSR https://t.co/sHVNUsiJhH,2046170388120686796,https://pbs.twimg.com/media/HGV1HiybcAAyNOE.jpg,,ar,,0,0,0,https://x.com/undefined/status/2046170388120686796,1544412154031472642,
2046064679882023374,Mon Apr 20 10:13:29 +0000 2026,0,@JackPosobiec Beware of the Blue eyes out of the North marginalize then at your peril.,2046170381451481184,,JackPosobiec,en,,0,0,0,https://x.com/undefined/status/2046170381451481184,1595042741074989058,
2045976836661002677,Mon Apr 20 10:13:28 +0000 2026,0,@DonBreneman @BradMunchen OMG. The irony of a paid Blue Check stock pumper claiming that unpaid critics of his pump are in fact paid. ,2046170376942792851,,DonBreneman,en,,0,0,0,https://x.com/undefined/status/2046170376942792851,1643725349644283907,
2046170368117702873,Mon Apr 20 10:13:26 +0000 2026,1,Still one of my best bets ever this Blue Point running 9th at Sha Tin at 23/1. ,2046170368117702873,,,en,,0,0,1,https://x.com/undefined/status/2046170368117702873,60658116,
2046170343480647811,Mon Apr 20 10:13:20 +0000 2026,1,今日のクラフトサケウィーク、マジで獺祭が半端ない！美味かった！！ 特に獺祭Blueしぼりたて生　from NYは獺祭らしい味わいに、しっかりした味のボリュームがあり、今日出展してたフードとは結構相性よさそうな味わいでした スパークリングは上品なドライさ、外さないよねぇ〜 https://t.co/ZorH0nKsZq,2046170343480647811,https://pbs.twimg.com/media/HGV1EGYakAAQWfl.jpg,,ja,,0,0,0,https://x.com/undefined/status/2046170343480647811,1843923867490033664,
2046170330511630579,Mon Apr 20 10:13:17 +0000 2026,0,Perch? ⎐كُود⎐⎐نمشي⎐ ⊵MFM2⊴ ⎐سامسونج⎐ ⊵AFM122⊴ ⎐روم▬لس▬ليس▬Roamless▬esim▬ ⊵OMGRML⊴ ⎐كؤِبُون⎐Star Blue ^^^^ ⎐خـِصم⎐ikHf7gPV7tyjO https://t.co/tdj94V8365,2046170330511630579,https://pbs.twimg.com/media/HGV1EbNXwAAcfzF.jpg,,und,,0,0,0,https://x.com/undefined/status/2046170330511630579,1120409628024680451,
2046170326241849815,Mon Apr 20 10:13:16 +0000 2026,0,Statement from Bristol Blue Glass announcing their closure encapsulates perfectly what is happening to small businesses-the traditional lifeblood of this country s economy https://t.co/7PnHek8lVb,2046170326241849815,https://pbs.twimg.com/media/HGV1EQGXwAADByP.jpg,,en,,0,0,0,https://x.com/undefined/status/2046170326241849815,362641669,
2046161572478025872,Mon Apr 20 10:13:06 +0000 2026,0,@Cyru5kd7 @FutPoliceLeaks Relax he doesn t know if they re blue or not so we could have maybe one blue 2 purples and a honourable objective or even maybe a silver TOTS,2046170283334078732,,Cyru5kd7,en,,0,0,0,https://x.com/undefined/status/2046170283334078732,2160429987,
2045941677257273637,Mon Apr 20 10:13:04 +0000 2026,0,@nickthfchall @clairebubblepop She should get a blue tick and try and monetise her dreadful takes as they will always generate clicks ,2046170275704705344,,nickthfchall,en,,0,0,0,https://x.com/undefined/status/2046170275704705344,194189483,
2046170274886774981,Mon Apr 20 10:13:04 +0000 2026,0,It s that blue check,2046170274886774981,,,en,,0,0,0,https://x.com/undefined/status/2046170274886774981,1388083949818286081,
2046170274383704250,Mon Apr 20 10:13:04 +0000 2026,0,Juice=Juice LIVE TOUR 2026 UP TO 11 【譲】4/29 BLUE LIVE HIROSHIMA 夜公演2枚(連番) 【求】定価＋手数料 現地での取引希望です。お気軽にお声がけください。,2046170274383704250,,,ja,,0,0,0,https://x.com/undefined/status/2046170274383704250,1692708038988414976,
2046170272521158847,Mon Apr 20 10:13:03 +0000 2026,0,Played: Shakin' Off The Rust - The Blue Stones https://t.co/VO8f8XAQHz #NowPlaying #Music #MusicStreaming,2046170272521158847,,,en,,0,0,0,https://x.com/undefined/status/2046170272521158847,103367965,
2046170269019230551,Mon Apr 20 10:13:02 +0000 2026,0,$META strong reaction higher from the Daily Blue Box. Longs should be risk‑free now; watch for follow‑through above the recent high to confirm continuation. #Elliottwave #Trading #Facebook https://t.co/qba3v7Wydv,2046170269019230551,https://pbs.twimg.com/media/HGV0-o9a4AAsIOC.jpg,,en,,0,0,0,https://x.com/undefined/status/2046170269019230551,2172895508,
2046170268536885442,Mon Apr 20 10:13:02 +0000 2026,0,Chunk? ⎐كُود⎐⎐نمشي⎐ ⊵RD12⊴ ⎐سامسونج⎐ ⊵AFM122⊴ ⎐روم▬لس▬ليس▬Roamless▬esim▬ ⊵OMGRML⊴ ⎐كؤِبُون⎐Natural Blue ^^^^ ⎐خـِصم⎐0uTjP76Wjewp https://t.co/voIFiaWhIY,2046170268536885442,https://pbs.twimg.com/media/HGV1AVOboAALRT0.jpg,,und,,0,0,0,https://x.com/undefined/status/2046170268536885442,703557799419187200,
2046170258365698229,Mon Apr 20 10:13:00 +0000 2026,0,我々はこの展開を注視している。 Blue OriginのNew Glennが3回目の打ち上げで軌道投入に問題。 技術的な水準が試される。 $SQ $ZS $VZ 関連銘柄では確認を待つリスク管理が重要。,2046170258365698229,,,ja,,0,0,0,https://x.com/undefined/status/2046170258365698229,751982466559188992,
2046062435736432869,Mon Apr 20 10:12:59 +0000 2026,0,@Tim_Walz Why is it a priority of your's? The governor of Minnesota should be focusing on residents of the state. As a blue collar union member and indepent voter; You have failed the middle class.,2046170254749954396,,Tim_Walz,en,,0,0,0,https://x.com/undefined/status/2046170254749954396,1672538808863055873,
2046170239147323606,Mon Apr 20 10:12:55 +0000 2026,0,Till's other earring is blue? heheh They're all so cute.. but there's more than one plush type...,2046170239147323606,,,en,,0,0,0,https://x.com/undefined/status/2046170239147323606,1360770119392133124,
2045529329216401900,Mon Apr 20 10:12:53 +0000 2026,0,@Caprice_721 @maddenifico The only trades you can make a living from are union trades. Guess what cities have the best unions? The ones conservatives hate the most Blue cities like Chicago and NYC lmfao.,2046170229487567197,,Caprice_721,en,,0,0,0,https://x.com/undefined/status/2046170229487567197,983863507,
2046096069163962407,Mon Apr 20 10:12:52 +0000 2026,0,@_Ava_VT Currently at work. Can't wait to get home and play some Blue Archive Pragmata and DOS DOOM.,2046170224978805043,,_Ava_VT,en,,0,0,0,https://x.com/undefined/status/2046170224978805043,1846723673207549952,
2046170209233547528,Mon Apr 20 10:12:48 +0000 2026,0,DARK BLUE HAIR LEEHAN WTH,2046170209233547528,,,en,,0,0,0,https://x.com/undefined/status/2046170209233547528,1415899672044994561,
2046170207186538851,Mon Apr 20 10:12:48 +0000 2026,0,heya? ⎐كُود⎐⎐ايهرب⎐ايهيرب اهرب ⊵IQH8946⊴ ⎐عطور▬رسيس⎐ ⊵AA51⊴ ⎐وفرها⎐ ⊵KK20⊴ ⎐كؤِبُون⎐Light Blue ^^ ⎐خـِصم⎐iN5j1urwWDNK https://t.co/3UkR5vKXWJ,2046170207186538851,https://pbs.twimg.com/media/HGV09KGbAAIHgia.jpg,,und,,0,0,0,https://x.com/undefined/status/2046170207186538851,1358297747301011456,
2046168156138246292,Mon Apr 20 10:12:42 +0000 2026,0,@FemWrong @Steve_Laws_ Expecting disgruntled blue Labour to understand it s governments doing exactly what they wanted which got us here is a tall order,2046170184818249800,,FemWrong,en,,0,0,0,https://x.com/undefined/status/2046170184818249800,2044127494433849344,
2046170184231403842,Mon Apr 20 10:12:42 +0000 2026,5,Summer is blue https://t.co/qbJUBhDX4N,2046170184231403842,https://pbs.twimg.com/media/HGV08HcbMAArjC_.jpg,,en,,0,0,1,https://x.com/undefined/status/2046170184231403842,1520335339185123328,
2046170178099040330,Mon Apr 20 10:12:41 +0000 2026,0,Setback for Blue Origin! Customer satellite put in wrong orbit - NewsBytes https://t.co/U4e0v5E75w,2046170178099040330,,,en,,0,0,0,https://x.com/undefined/status/2046170178099040330,27454144,
2046170171732316611,Mon Apr 20 10:12:39 +0000 2026,0,speaki blue https://t.co/pIXb1L35xE #sm46136326 #ニコニコ動画,2046170171732316611,,,en,,0,0,0,https://x.com/undefined/status/2046170171732316611,20294819,
2046170169609699579,Mon Apr 20 10:12:39 +0000 2026,0,Light Start: Blue Origin lands iOS plans are bland Lenovo's power bank looks grand and Street Fighter feels on brand https://t.co/mAQzF0b05f,2046170169609699579,,,en,,0,0,0,https://x.com/undefined/status/2046170169609699579,43909945,
2046170160067912059,Mon Apr 20 10:12:36 +0000 2026,0,anjirrr leehan mulet black blue hairr? ‍,2046170160067912059,,,en,,0,0,0,https://x.com/undefined/status/2046170160067912059,1901846320803151872,
2046170145551180203,Mon Apr 20 10:12:33 +0000 2026,0,Ford: From Muscle Cars to the Arsenal of Democracy. 🇺🇸 As the Pentagon taps Ford for defense production to replenish national stockpiles the Blue Oval is proving its geostrategy is about more than just roads. While the gas-powered Mustang surges +50% in sales management is https://t.co/3dXd4hxglN,2046170145551180203,https://pbs.twimg.com/media/HGV05TlWQAAl5jT.png,,en,,0,0,0,https://x.com/undefined/status/2046170145551180203,1949757408911446017,
2046170116526891198,Mon Apr 20 10:12:26 +0000 2026,0,479. The sky is a light blue color on a sunny day. 湖州郑州南通徐州 西安到台州我养你啊！衢州 生活学习也许并不完美，厦门 但总有一束光，不是来自约炮，西宁 扬州 而是学生弟子心外 围中那份不愿看向观世界门上妥协的温柔@minhu200015 珠海宿迁福州宜兴 https://t.co/nVXthBz25t,2046170116526891198,https://pbs.twimg.com/media/HGV03k7bwAAUnF-.jpg,,zh,,0,2,0,https://x.com/undefined/status/2046170116526891198,2037427370643058688,
2046170114576515354,Mon Apr 20 10:12:25 +0000 2026,0,$META pullback from the peak reached the Daily Blue Box and offered a clean swing‑buy opportunity for members. Watch for follow‑through above the recent high to confirm continuation. #Elliottwave #Trading #Facebook https://t.co/chj5zWZkL2,2046170114576515354,https://pbs.twimg.com/media/HGV03rbaQAAi5HH.jpg,,en,,0,0,0,https://x.com/undefined/status/2046170114576515354,2172895508,
2046170113959731693,Mon Apr 20 10:12:25 +0000 2026,0,In another universe im the blue Regular Show protagonist and i didn't fumble with CJ,2046170113959731693,,,en,,0,0,0,https://x.com/undefined/status/2046170113959731693,2015506274473918464,
2046140268160921847,Mon Apr 20 10:12:24 +0000 2026,0,@lxxsohee outer baby blue kak bisa oren boleh nego dom jogja https://t.co/CDb6kCzXnL,2046170108918403099,https://pbs.twimg.com/media/HGV03s2bEAA0I1M.jpg,lxxsohee,in,,0,0,0,https://x.com/undefined/status/2046170108918403099,1675862059488268289,
2045501002279756140,Mon Apr 20 10:12:22 +0000 2026,0,@fxxtcandy Love the blue toenails! ,2046170097979379839,,fxxtcandy,en,,0,0,0,https://x.com/undefined/status/2046170097979379839,2045773683579314176,
2046170096587202908,Mon Apr 20 10:12:21 +0000 2026,0,SUPER SALE #lyjindaryonhands WTS LFB PH GO LMR French Marine Artwork T-shirt LIGHT BLUE FREE SIZE 795 ea comment mine ONLY oc via DM sure buyers please CBSF but March Box ONLY https://t.co/OeiI0uosva,2046170096587202908,https://pbs.twimg.com/media/HGV02lobsAAE1dl.jpg,,en,,0,0,0,https://x.com/undefined/status/2046170096587202908,1363467341690925056,
2046170079285723623,Mon Apr 20 10:12:17 +0000 2026,0,380. He wears a blue shirt today. 慈溪泰州🈳宜兴⏰江阴 汕头到太仓我养你啊！德州 生活学习也许并不完美，瑞安 但总有一束光，不是来自约炮，深圳 温岭 而是学生弟子心外 围中那份不愿看向观世界门上妥协的温柔@xian_wu86780 昆山武汉南京上海 https://t.co/LZuPyXOa5n,2046170079285723623,https://pbs.twimg.com/media/HGV015UaYAAWgSz.jpg,,zh,,0,2,0,https://x.com/undefined/status/2046170079285723623,2037426471568916480,
2046007615885357082,Mon Apr 20 10:12:16 +0000 2026,1,@canikickit101 dk if it s only me but i like the f-11 one more than the blue area this is your sign to go and try now,2046170076575850515,,canikickit101,en,,0,1,0,https://x.com/undefined/status/2046170076575850515,1984650944622317568,
2046123752539443601,Mon Apr 20 10:12:16 +0000 2026,0,@hoewonhyuk514 Kak di yellow A edann semua pada fanchat pada nyanyi dari awal ampe akhir gaada yg dorong ngefancam cuman 1 menit habis itu pada nyanyi bareng edann loh + di depan ku yg paling blkg jg seru *blue A) keknya pada fanchat + nyanyi semua ku liat ,2046170074516771235,,hoewonhyuk514,in,,0,0,0,https://x.com/undefined/status/2046170074516771235,881335728545845249,
2046041846716227729,Mon Apr 20 10:12:14 +0000 2026,0,@MoonTails27__ @charlotteskye07 ok but I didn't actually buy Twitter blue wilted rose emoji I keep explaining this to people who say checkmark blah blah don't ever get twitter blue you get blocked by random people just by having the checkmark..sob emoji https://t.co/onfacZNGR1,2046170065733898732,https://pbs.twimg.com/media/HGV0bRNakAAGipM.jpg,MoonTails27__,en,,0,0,0,https://x.com/undefined/status/2046170065733898732,1306018582480912384,
2045852575753228462,Mon Apr 20 10:12:14 +0000 2026,0,@MafiaMasshole Roberts needs an eval soon. She think a cop hating protestor used to protest her and her husband. Neither of them are cops. And she thinks KR s blue pants suit was part of a global conspiracy involving Democrats who she believes are conspiring against her. Paranoid delusions.,2046170065368695185,,MafiaMasshole,en,,0,0,0,https://x.com/undefined/status/2046170065368695185,706634913571713024,
2045047596914229734,Mon Apr 20 10:12:10 +0000 2026,0,@groggigigi Or would you like me to explain it all over again? Would you like diagrams in pretty orange colours like your maps where they have run out of blue and green colours?,2046170050072018975,,OscarsWild1,en,,0,1,0,https://x.com/undefined/status/2046170050072018975,1084911963317112832,
2045923028324983153,Mon Apr 20 10:12:08 +0000 2026,0,@upwasana It's chill I have been in the trenches with this club so yep. I know you support the other London club in blue so feel free to have a pop at us lmao i But yep seeing everyone else kiss Manchester cities bum including their own rivals just confuses me!,2046170040177979450,,upwasana,en,,0,0,0,https://x.com/undefined/status/2046170040177979450,1089951835568422912,
2046170035010539771,Mon Apr 20 10:12:07 +0000 2026,0,BLUE PILL BLUE PILL BLUE PILL,2046170035010539771,,,en,,0,0,0,https://x.com/undefined/status/2046170035010539771,1527526872770220032,
2046170030874984780,Mon Apr 20 10:12:06 +0000 2026,0,Jeong Sewoon 'Orange Blue' Live Clip | 2026 Concert 'Margins' #정세운 #OrangeBlue https://t.co/ZjFcOUWXOU,2046170030874984780,,,en,,0,0,0,https://x.com/undefined/status/2046170030874984780,876234190471053312,
2044967675307397557,Mon Apr 20 10:12:03 +0000 2026,0,@kaxishk This account ain t even themselves . Probably someone who watches kid porn right along with Nicki Minajs husband . To post Nicki is blasphemy to the lgbtq community after she disowned them . See I hate when blue paying check mark bitches act a foo . Bots must follow not people https://t.co/6ar7WedheA,2046170021890511263,https://pbs.twimg.com/media/HGV0ypYWIAA1pNi.jpg,kaxishk,en,,0,0,0,https://x.com/undefined/status/2046170021890511263,1777130144697565184,
2046170019474891175,Mon Apr 20 10:12:03 +0000 2026,5,No seriously where did the blue come from it's a niche topic but it's been bugging me for a few days lol https://t.co/sPrfwshjNU,2046170019474891175,https://pbs.twimg.com/media/HGV0yfTaAAAKThK.jpg,,en,,0,1,0,https://x.com/undefined/status/2046170019474891175,1384761529183006723,
2046170014437245277,Mon Apr 20 10:12:02 +0000 2026,0,[MuSiQue] Vanilla Blue - Interview https://t.co/RXK6ywtJGA https://t.co/HBgBQEmIRk,2046170014437245277,https://pbs.twimg.com/media/HGV0yQtWQAATSY9.jpg,,es,,0,0,0,https://x.com/undefined/status/2046170014437245277,104776895,
2046170009798316279,Mon Apr 20 10:12:00 +0000 2026,0,There is a hybrid bird now called the Grue Jay The green jay and blue jay cross paths beyond climate change. Two birds that are not supposed to meet are now sitting on tree K.I.S.S.I.N.G ,2046170009798316279,,,en,,0,0,0,https://x.com/undefined/status/2046170009798316279,199368602,
2046169993302413465,Mon Apr 20 10:11:57 +0000 2026,0,Rosa Blue Gravity 開きすぎてしまった #ロサオリエンティス https://t.co/ReuAlBrF3b,2046169993302413465,https://pbs.twimg.com/media/HGV0w3zaQAAU0dQ.jpg,,ja,,0,0,0,https://x.com/undefined/status/2046169993302413465,2451321710,
2046169990466859375,Mon Apr 20 10:11:56 +0000 2026,1,this shouldve been blue btw,2046169990466859375,,,en,,0,1,0,https://x.com/undefined/status/2046169990466859375,1669773102115422222,
2046169990072541253,Mon Apr 20 10:11:56 +0000 2026,0,people with blue eyes be like https://t.co/mQH2TnqHC2,2046169990072541253,https://pbs.twimg.com/media/HGV0wwrXgAAuTOf.jpg,,en,,0,0,0,https://x.com/undefined/status/2046169990072541253,1535705691872165890,
2045718412454662242,Mon Apr 20 10:11:55 +0000 2026,0,@ZLFeed @zaralarssonphl @zaralarsson my guesses are midnight sun - Pink Pantheress blue moon - Kehlani pretty ugly - Doechii girl s girl - Emilia crush - Eli eurosummer - Alexandra Stan &amp; INNA hot &amp; sexy - TYLA &amp; Ice Spice the ambition - Camila Cabello saturns return - SZA puss puss - Tove Lo,2046169986830352732,,ZLFeed,en,,0,0,0,https://x.com/undefined/status/2046169986830352732,827527279916044289,
2046168036126670867,Mon Apr 20 10:11:49 +0000 2026,0,@MadameJulie007 Great Hockey game and a much needed win by the Blue Jays. Pretty much over after the first inning.,2046169962360820168,,MadameJulie007,en,,0,0,0,https://x.com/undefined/status/2046169962360820168,106450438,
2046169962176540773,Mon Apr 20 10:11:49 +0000 2026,6,／ 開催中 ＼ TVアニメ『#ブルーロック』×東急不動産 BLUE LOCK SCRAMBLE -渋谷制覇- サテライトが「LED DAIBA STUDIO」にて開催中 巨大LEDビジョンには描き下ろし＆描き起こしミニキャライラストが登場 開催場所 デックス東京ビーチ3F LED DAIBA STUDIO #エゴい https://t.co/iN1W8hBljN,2046169962176540773,https://pbs.twimg.com/amplify_video_thumb/2046169826004287489/img/RhI41KW5foHfIqFc.jpg,,ja,,1,0,7,https://x.com/undefined/status/2046169962176540773,1957615049784324098,
2046169241020174672,Mon Apr 20 10:11:49 +0000 2026,0,@john322226 My blue tick is back,2046169961194783051,,john322226,en,,0,0,0,https://x.com/undefined/status/2046169961194783051,1799243217503678464,
2046169953985044590,Mon Apr 20 10:11:47 +0000 2026,0,pa is god na akong ma-bogus mga ma kunin niyo na fls 500 for the whole set (free pf) PAYO wts lfb seventeen pcs seungkwan vernon dino caratland 2025 memory book woozi semicolon dk dokyeom seungkwan dxs serenade blue compact version fanparty pcs https://t.co/Y2FqE56bJ8,2046169953985044590,https://pbs.twimg.com/media/HGV0usHbgAArzja.jpg,,tl,,0,0,0,https://x.com/undefined/status/2046169953985044590,982976802241953793,
2046169952307073117,Mon Apr 20 10:11:47 +0000 2026,0,i wasn't expecting waking up to blue leehan before falling asleep yesterday I love this hair color so muchhhh https://t.co/6Nmy45cX1L,2046169952307073117,https://pbs.twimg.com/media/HGV0sTsXMAAtN4v.jpg,,en,,0,0,0,https://x.com/undefined/status/2046169952307073117,1946798668306345984,
2046169928588579176,Mon Apr 20 10:11:41 +0000 2026,0,しゅがろの今回のカバーはHANAの Blue Jeans だったか ( ˘ω˘ ) ちなみに私は、Maroon 5の Denim Jacket が好きです,2046169928588579176,,,ja,,0,0,0,https://x.com/undefined/status/2046169928588579176,14871347,
2046156753834774618,Mon Apr 20 10:11:41 +0000 2026,0,@SharonMotsepe_ Blue is hotter than red ,2046169927199928374,,SharonMotsepe_,en,,0,0,0,https://x.com/undefined/status/2046169927199928374,1576447967577399296,
2046169922628186403,Mon Apr 20 10:11:40 +0000 2026,0,Nuwave 3-Piece 8 10 12 Forged Lightweight Frying Pan Set G10 Healthy Duralon Blue Ceramic Ultra Non-Stick Ergonomic Stay-Cool Handles Induction-Ready &amp; Works on All Cooktops https://t.co/vb5J5hTTsW https://t.co/hlkqyUSEn0,2046169922628186403,https://pbs.twimg.com/media/HGV0s6kW4AAJ5Os.jpg,,en,,0,0,0,https://x.com/undefined/status/2046169922628186403,1751428656763645952,
2046169904055795789,Mon Apr 20 10:11:35 +0000 2026,0,11 Days Left To Back Finding Clues with Detective Blue #1 By @tyler_c_world! https://t.co/vUBHnVF6I8,2046169904055795789,,,en,,0,0,0,https://x.com/undefined/status/2046169904055795789,804766887615860736,
2046169865984307351,Mon Apr 20 10:11:26 +0000 2026,0,空がとてもとても青かった 何の混ざりげもない清らかなBLUEって感じ。 そして、鳥達や蝶や蛾が身を挺して遮る、何かを伝えたがっているかの様に,2046169865984307351,,,ja,,0,0,0,https://x.com/undefined/status/2046169865984307351,1087300168913891329,
2046169852042461209,Mon Apr 20 10:11:23 +0000 2026,0,Sometimes the best therapy is a bit of salt water and a whole lot of nothing to do. Camping under the palms waking up to the sound of the waves and living for that crystal-clear blue. Feeling fully recharged. #SelfieNiBigNose #TravelNiBigNose https://t.co/vVwpmeHd6t,2046169852042461209,https://pbs.twimg.com/amplify_video_thumb/2046169743313510400/img/n3lT_Qakxylk_5MT.jpg,,en,,0,0,0,https://x.com/undefined/status/2046169852042461209,1005185390,
2046169851966706065,Mon Apr 20 10:11:23 +0000 2026,0,If Disventure Camp didn t have a Patreon the Episodes would come once every Blue Moon (Ivy reference haha).,2046169851966706065,,,en,,0,0,0,https://x.com/undefined/status/2046169851966706065,1527176469327257601,
2045849899162308739,Mon Apr 20 10:11:20 +0000 2026,0,@CSGO500 I prefer this but would probably make gloves and bayonet marble fade for the cool mix of red blue and a little bit of yellow like the rest of the skins,2046169841464455179,,CSGO500,en,,0,0,0,https://x.com/undefined/status/2046169841464455179,892068553762816000,
2046086442116325556,Mon Apr 20 10:11:20 +0000 2026,0,@TwaRSA26 This blue paint doesn't even look South African. Sinama cracks le story https://t.co/85DlYwZ3If,2046169840583332074,https://pbs.twimg.com/media/HGV0oEYXwAA6cIi.jpg,TwaRSA26,en,,0,0,0,https://x.com/undefined/status/2046169840583332074,1685730896391868416,
2046169840050737646,Mon Apr 20 10:11:20 +0000 2026,0,BURBERRYのショルダー、カビの箇所複数。匂い注意だな。 170022 現状品 BURBERRY BLUE LABEL バーバリーブルーレ https://t.co/TFsoHMEEIO,2046169840050737646,,,ja,,0,0,0,https://x.com/undefined/status/2046169840050737646,2029276316479176705,
2046169836326424798,Mon Apr 20 10:11:19 +0000 2026,0,WOY BANGUN LU SEMUA IHAN BLUE HAIR,2046169836326424798,,,in,,0,0,0,https://x.com/undefined/status/2046169836326424798,1771881275978289152,
2046169830819324217,Mon Apr 20 10:11:18 +0000 2026,0,IYAN BLUE HAIR?????,2046169830819324217,,,in,,0,0,0,https://x.com/undefined/status/2046169830819324217,1240251617238085634,
2046148635734282375,Mon Apr 20 10:11:17 +0000 2026,0,@GuyMr10 I thought blue tick is the goal,2046169825722986765,,GuyMr10,en,,0,0,0,https://x.com/undefined/status/2046169825722986765,1500814376839823361,
2046169821826678951,Mon Apr 20 10:11:16 +0000 2026,0,I've dedicated my whole life just to see that blue hair with a bowtie fucker again. He'd better show up or I'm shoving this phone up his aas https://t.co/eDcLwmNQuS,2046169821826678951,https://pbs.twimg.com/media/HGV0mxxaEAA88BA.jpg,,en,,0,0,0,https://x.com/undefined/status/2046169821826678951,1342845654029094914,
2046169821407269352,Mon Apr 20 10:11:16 +0000 2026,0,Jeong Sewoon 'Orange Blue' Live Clip | 2026 Concert 'Margins' https://t.co/gRPspJF0FM - @YouTube 와아! 세운이 입장하는 것부터 담아주셨어... 몰입하는 세운이와 마진스 오프닝의 순간. 그리움이 또 차올라. 돌아가고싶어... 영원하자고 영원하자고,2046169821407269352,,,ko,,0,0,0,https://x.com/undefined/status/2046169821407269352,253938271,
2046169818915578260,Mon Apr 20 10:11:15 +0000 2026,1, EVERYONE: WOULD YOU VOTE IN FAVOUR OF REJOINING THE EU? Tap link here in blue to be a part of these YouGov polls: https://t.co/MkbCN6Kac2,2046169818915578260,,,en,,0,0,0,https://x.com/undefined/status/2046169818915578260,1129585002994425856,
2046169814247653836,Mon Apr 20 10:11:14 +0000 2026,0,I wanna cry for how much I love the whole blue valentine era and how much I love nmixx,2046169814247653836,,,en,,0,0,0,https://x.com/undefined/status/2046169814247653836,1699069773819330561,
2046121695459823810,Mon Apr 20 10:11:10 +0000 2026,0,@ed4twtt Blue it would literally fix the only thing slowing my process,2046169798384533858,,ed4twtt,en,,0,0,0,https://x.com/undefined/status/2046169798384533858,1676717259383877633,
2046163931383706051,Mon Apr 20 10:11:10 +0000 2026,0,@Yfm Emails ignored Meetings missed even my boss got blue ticked I bought the box took the bite and now I m ghosting my responsibilities because Tinkies are just that #DistractinglyDelicious One bite of that soft sponge and creamy center and suddenly nothing else matters @Yfm https://t.co/cd0ZrSiVrt,2046169797914763656,https://pbs.twimg.com/media/HGV0llKXUAAMCCz.jpg,Yfm,en,,0,0,0,https://x.com/undefined/status/2046169797914763656,1289993947906015232,
2046160572472029417,Mon Apr 20 10:11:10 +0000 2026,0,@cheersbang @yappingfess Maksudnya layar handphone kan seharusnya menunjukkan warna yang sesuai nah disini layarnya malah memberikan blue tint (seperti foto kedua). Enggak bisa menjelaskan karena bingung ini jelasinnya harus seperti apa. Makanya hanya ada foto saja.,2046169797222863119,,cheersbang,in,,6,1,0,https://x.com/undefined/status/2046169797222863119,1237995778729054209,
2046136795616698634,Mon Apr 20 10:11:09 +0000 2026,0,@yodobashi_senda blue,2046169794303643866,,yodobashi_senda,en,,0,0,0,https://x.com/undefined/status/2046169794303643866,1983546170342539264,
2046036737588404340,Mon Apr 20 10:11:06 +0000 2026,0,@VinnysCorner1 Vida Blue .Bob Gibson .Warren Spahn .Juan Marichal,2046169783310127429,,VinnysCorner1,de,,0,0,0,https://x.com/undefined/status/2046169783310127429,1190459353805082624,
2046168541875831030,Mon Apr 20 10:11:05 +0000 2026,0,@john322226 @john32226 you no wan get me my blue tick ba?,2046169778851639636,,john322226,en,,0,0,0,https://x.com/undefined/status/2046169778851639636,1531541604389068801,
2046169469714673894,Mon Apr 20 10:09:52 +0000 2026,0,dark blue hair ??????,2046169469714673894,,,en,,0,0,0,https://x.com/undefined/status/2046169469714673894,1589377745221566466,
2046169467093389747,Mon Apr 20 10:09:51 +0000 2026,6,こんばんは、今日も一日お疲れ様でした。 今夜は和泉宏隆さんのアルバム、 「Complete Solo Piano Works Ⅱ」から、 Blue Forest を・・・。 今夕の地震で被害に遭われた方に お見舞い申し上げます。 https://t.co/96gkqVi1HV,2046169467093389747,https://pbs.twimg.com/amplify_video_thumb/2046169380657283072/img/stRA9vdBjmnc7-gB.jpg,,ja,,0,0,1,https://x.com/undefined/status/2046169467093389747,118047164,
2046169459027828741,Mon Apr 20 10:09:49 +0000 2026,0,152. The sky is a light blue color. 盐城🆙苏州无锡东莞 金华到大连我养你啊！绍兴 生活学习也许并不完美，连云港 但总有一束光，不是来自约炮，赣州 湖州 而是学生弟子心外 围中那份不愿看向观世界门上妥协的温柔@minhu200015 衢州南通义乌德州 https://t.co/2NLLVibHRf,2046169459027828741,https://pbs.twimg.com/media/HGV0RdnbMAEY_oo.jpg,,zh,,0,2,0,https://x.com/undefined/status/2046169459027828741,2034409749559836672,
2046169458335694898,Mon Apr 20 10:09:49 +0000 2026,0,255. The rain stops and the sky is blue. 上海济南常熟青岛 大连到石家庄我养你啊！昆明 生活学习也许并不完美，郑州 但总有一束光，不是来自约炮，沈阳 长沙 而是学生弟子心外 围中那份不愿看向观世界门上妥协的温柔@minhu200015 无锡长春西安徐州 https://t.co/WuOrSLqRPp,2046169458335694898,https://pbs.twimg.com/media/HGV0RrxbcAAsHPy.jpg,,zh,,0,2,0,https://x.com/undefined/status/2046169458335694898,2034409170745864192,
2046169448038470107,Mon Apr 20 10:09:47 +0000 2026,0,A generational 'changing of the guard' has arrived for the blue machine. Joining @CathyMohlahlana on @SAfmRadio's show The National Briefing Dr Mmabatho Mongae explores the significance of the @Our_DA's 2026 Elective Congress as party veterans like John Steenhuisen https://t.co/L34oh1im8i,2046169448038470107,https://pbs.twimg.com/media/HGV0QGQX0AAewe6.jpg,,en,,0,0,0,https://x.com/undefined/status/2046169448038470107,482303690,
2045632551809634305,Mon Apr 20 10:09:46 +0000 2026,0,@ML3democrats It also fulfills the #Repugnicans' wildest dreams to help the rich and severely hurt the poor ... more than any other @GOP president ever did. Which is why they are fine with him. They are complicit. They also need to be removed! Vote Blue!,2046169447631659157,,ML3democrats,en,,0,0,0,https://x.com/undefined/status/2046169447631659157,70920540,
2046169424172908942,Mon Apr 20 10:09:41 +0000 2026,0,Lip? ⎐كُود⎐⎐نمشي⎐ ⊵RD13⊴ ⎐ريتشوالز_ريتوال_ريتوالز_ ⊵MUSK⊴ ⎐رايه▬رايا▬شوب▬ ⊵RS187⊴ ⎐كؤِبُون⎐Rich Blue ^^^^ ⎐خـِصم⎐DVo2EnZRoIlM https://t.co/JHE4Kg6KZl,2046169424172908942,https://pbs.twimg.com/media/HGV0PlIWAAAmltj.jpg,,ar,,0,0,0,https://x.com/undefined/status/2046169424172908942,1171165924679925762,
2046169409144901682,Mon Apr 20 10:09:37 +0000 2026,0,All my ships red and blue except for a few,2046169409144901682,,,en,,0,0,0,https://x.com/undefined/status/2046169409144901682,1514929539897786369,
2046169400257208416,Mon Apr 20 10:09:35 +0000 2026,0,Me trying to draw any man from DC without making them look like someone else cause they ALL have blue eyes and black hair: https://t.co/1jWUugqsG0,2046169400257208416,https://pbs.twimg.com/tweet_video_thumb/HGV0OHGbEAA5khk.jpg,,en,,0,0,0,https://x.com/undefined/status/2046169400257208416,1800784504212406273,
2046169394469056970,Mon Apr 20 10:09:34 +0000 2026,0,my BLUE SPLING (あてくしの青春),2046169394469056970,,,ja,,0,0,0,https://x.com/undefined/status/2046169394469056970,2028816183345156096,
2046169370930381243,Mon Apr 20 10:09:28 +0000 2026,1,Bench has been moving steadily up. 5 at 255 Preworkout: LFG Peach POM and pumpocalypse Blue Raz Use my code VARIAN20 for 20% off all @buckedup https://t.co/bXmkuTqeu3,2046169370930381243,https://pbs.twimg.com/amplify_video_thumb/2046169277888380929/img/TF2syuZxHgfx98O6.jpg,,en,,0,0,0,https://x.com/undefined/status/2046169370930381243,55365765,
2046169363137614083,Mon Apr 20 10:09:26 +0000 2026,0,いよいよ明日21日(火)は三ノ輪・Blue Velvetにて、 「ムードクラリネットの夜」です！ ぜひ！よろしくいお願いします 開場18:30/開演19:00 出演:シルエット近藤とサンシャイン米内山 料金:3000円+飲食代 住所:荒川区南千住1-15-7 ドミール三ノ輪B1 御予約 @aoeaki(DM) TEL:03-5604-9833(営業時間内) https://t.co/e1P2am48Hp,2046169363137614083,https://pbs.twimg.com/media/HGV0KIlaUAAoyRX.jpg,,ja,,0,0,0,https://x.com/undefined/status/2046169363137614083,118764951,
2046167425490563410,Mon Apr 20 10:09:26 +0000 2026,0,@_Abdulakeem_ I have tried and tried to get a blue tick all to no avail...I don't know what I need to do right to qualify... Please don't air me this time...abeg...ejoor,2046169362084639009,,_Abdulakeem_,en,,0,0,0,https://x.com/undefined/status/2046169362084639009,1487858227098304517,
2046169362038735089,Mon Apr 20 10:09:26 +0000 2026,1,they really love him in white &amp; blue ,2046169362038735089,,,en,,0,0,0,https://x.com/undefined/status/2046169362038735089,1524727151366316032,
2046167389822194147,Mon Apr 20 10:09:24 +0000 2026,1,@foowool Just bought this blue raz vape that tastes like horrible cough syrup + menthol,2046169353112936753,,foowool,en,,0,0,0,https://x.com/undefined/status/2046169353112936753,2000927478534299651,
2046169345756471334,Mon Apr 20 10:09:22 +0000 2026,0,SEBAGAI MANUSIA PENCINTA BLUE HAIR GW AK SY MENANGAKU PINGSAN,2046169345756471334,,,in,,0,0,0,https://x.com/undefined/status/2046169345756471334,1858506018722119680,
2046169336889454780,Mon Apr 20 10:09:20 +0000 2026,0,Red White and Royal Blue-niverse ‍↕️,2046169336889454780,,,en,,0,0,0,https://x.com/undefined/status/2046169336889454780,1599240241352671233,
2046169330744807613,Mon Apr 20 10:09:19 +0000 2026,0,ой? ⎐كُود⎐⎐نمشي⎐ ⊵MFM2⊴ ▬تطبيق▬EZHIRE▬لتاجير▬السيارات▬ ⎐D48⎐ ▬مترو▬برازىل⎐ ⊵DZKD⊵ ⎐كؤِبُون⎐Cool Blue ^^^^ ⎐خـِصم⎐LZYbWvlp3YKc https://t.co/azGF2tUM8D,2046169330744807613,https://pbs.twimg.com/media/HGV0KRAXQAAaJOj.jpg,,und,,0,0,0,https://x.com/undefined/status/2046169330744807613,1879877860887863296,
2046169330421743619,Mon Apr 20 10:09:19 +0000 2026,0,wanshanghao? ⎐كُود⎐⎐نون⎐ ⊵NKW⊴ ⎐ريف▬للعطور⎐ ⊵OMG⊴ ⎐جىني⎐ ⊵AAK1⊴ ⎐كؤِبُون⎐Bright Blue ^^^^ ⎐خـِصم⎐H3zjG4AKP5lT https://t.co/rGFPAcjdKv,2046169330421743619,https://pbs.twimg.com/media/HGV0KKiW0AAUMl2.jpg,,und,,0,0,0,https://x.com/undefined/status/2046169330421743619,1946005202144022528,
2045912383160258757,Mon Apr 20 10:09:15 +0000 2026,0,@AmeenaNYi Supporters qui ont bcp la boca pour peu de résultats et trophées club surcoté London is blue,2046169315464950198,,AmeenaNYi,fr,,0,0,0,https://x.com/undefined/status/2046169315464950198,1056573579406594048,
2046140869896720830,Mon Apr 20 10:08:46 +0000 2026,1,@kaashvisaxena maybe try going to a distant blue tokai ,2046169194195272117,,kaashvisaxena,en,,0,0,0,https://x.com/undefined/status/2046169194195272117,1952406036058722308,
2046169171860328784,Mon Apr 20 10:08:41 +0000 2026,0,Somewhere over the rainbow skies are blue⋯.,2046169171860328784,,,en,,0,0,0,https://x.com/undefined/status/2046169171860328784,1702179444129927168,
2045454978173522285,Mon Apr 20 10:08:40 +0000 2026,0,@muddymuddymum And the blue on mallard s or jay s wings. They really jump out.,2046169166961353167,,CookO2,en,,0,0,0,https://x.com/undefined/status/2046169166961353167,700966350,
2046169165489471530,Mon Apr 20 10:08:39 +0000 2026,0,4月20日(月)の再販売 かたっぽイヤーカフ「知ニ向ク帆ニ」（濃青×淡緑×朱） 暑い日でも簡単に着けられて、しかも軽量ななので快適。 小さな花束を耳元に飾るイメージのモダンデザイン。 Lightweight Japanese Knot Ear Cuff Deep Blue × Pale Green × Vermilion 輕盈日式飾結耳夾｜濃藍×淡綠×朱紅 https://t.co/4vnFZxVxfw,2046169165489471530,https://pbs.twimg.com/media/HGV0AWcaMAAl2q_.jpg,,ja,,0,0,0,https://x.com/undefined/status/2046169165489471530,151384283,
2045814863449002154,Mon Apr 20 10:08:39 +0000 2026,0,@Jackgrey99 Need a blue ticket before you start talking nonsense,2046169165027852628,,Jackgrey99,en,,0,0,0,https://x.com/undefined/status/2046169165027852628,1438875714850369540,
2046094508954366291,Mon Apr 20 10:08:38 +0000 2026,0,@Indian_Analyzer Its maturity when u realize its @BJP4India who is behind all this. @narendramodi is replacing Green Virus with much lethal Blue Virus in the country. I feel pity for WB as they will get short team releif as Blue Virus is knocking on its door. Till now there's no fear of BV in WB,2046169161349685273,,Indian_Analyzer,en,,0,0,0,https://x.com/undefined/status/2046169161349685273,1668587689908613125,
2046169157734220093,Mon Apr 20 10:08:37 +0000 2026,0,ASTS BlueBird 7 satellite carried by Blue Origin s New Glenn vehicle was put into an incorrect position and will now be taken out of orbit. https://t.co/wD7isPgDyz #ASTS #BlueBird7 #SatelliteLaunch #SpaceNews #BlueOrigin,2046169157734220093,,,en,,0,0,0,https://x.com/undefined/status/2046169157734220093,31471175,
2046169155489919309,Mon Apr 20 10:08:37 +0000 2026,0,don t banger boys with blue check want to experience cool stuff like this too?,2046169155489919309,,,en,,0,0,0,https://x.com/undefined/status/2046169155489919309,449584532,
2045901380913713352,Mon Apr 20 10:08:37 +0000 2026,0,@florazip Blue one is far too sweet for me but the red one rocks.,2046169155439595769,,florazip,en,,0,0,0,https://x.com/undefined/status/2046169155439595769,420950741,
2046169153246208153,Mon Apr 20 10:08:36 +0000 2026,0,401. The ocean is a beautiful shade of blue. 衢州滁州西宁厦门 盐城到江门我养你啊！赣州 生活学习也许并不完美，连云港 但总有一束光，不是来自约炮，扬州 佛山 而是学生弟子心外 围中那份不愿看向观世界门上妥协的温柔@AnastasiaS63107 湛江珠海清远惠州 https://t.co/IaGGUrle1K,2046169153246208153,https://pbs.twimg.com/media/HGV0AAJbgAEVNFQ.jpg,,zh,,0,2,0,https://x.com/undefined/status/2046169153246208153,2037434290233896960,
2046169138964595162,Mon Apr 20 10:08:33 +0000 2026,0,Chasing sunsets in Santorini white-washed villages blue domes and wine that tastes like summer. Every corner feels like a postcard. https://t.co/j8tWL73747,2046169138964595162,https://pbs.twimg.com/media/HGVz6fkbkAEsBf5.jpg,,en,,0,0,0,https://x.com/undefined/status/2046169138964595162,4220986349,
2046090406685704504,Mon Apr 20 10:08:28 +0000 2026,0,@muraya_jose @Ronn_wan @kinjeketile Actually all county government buildings should have the same blue print. The kind of structures they are constructing are pathetic!,2046169118999482683,,muraya_jose,en,,0,0,0,https://x.com/undefined/status/2046169118999482683,1384741548,
2046169118303199285,Mon Apr 20 10:08:28 +0000 2026,0,Why the hell is blue book leading ? Cure your recent hangover omg this is sacrilegious. Golden globes at the bottom is blasphemous. Unserious people. /j,2046169118303199285,,,en,,0,0,0,https://x.com/undefined/status/2046169118303199285,1997161512960774144,
2046045790024667558,Mon Apr 20 10:08:27 +0000 2026,1,@AlexK_O_ Well~~ the only thing I recently mated was a little dragon friend with a sky-blue body and feather wings~~,2046169115929538663,,AlexK_O_,en,,0,1,0,https://x.com/undefined/status/2046169115929538663,1275807482514780160,
2046168189709824360,Mon Apr 20 10:08:26 +0000 2026,0,Your skin is so pretty! The blue curtain backdrop is very pretty! Your dancing lately has me enchanted! I love seeing you so animated! Thank you for all these dance videos lately Dal! I love them!,2046169108492996860,,E2244068,en,,0,0,0,https://x.com/undefined/status/2046169108492996860,2465491501,
2046169104688857335,Mon Apr 20 10:08:25 +0000 2026,0,@_ Juice=Juice LIVE TOUR 2026 UP TO 11 春ツアー チケット 【譲】4/29 BLUE LIVE 広島 夜 FC先行 スタンディング 【求】定価（7.5k） 当日会場周辺もしく前日までのお日にちに広島駅にて取引希望です。お気軽にご連絡ください。,2046169104688857335,,_,ja,,0,0,0,https://x.com/undefined/status/2046169104688857335,1842118813644701696,
2046071114351157731,Mon Apr 20 10:08:23 +0000 2026,0,@LibertyCappy IF a civil war was blue areas vs. red areas my guess is that the first thing that would happen would be every power transmission line into a blue city at least one tower would be knocked out. No electricity everything collapses including water.,2046169096308637701,,LibertyCappy,en,,0,0,0,https://x.com/undefined/status/2046169096308637701,1839559799199170560,
2046169084954620110,Mon Apr 20 10:08:20 +0000 2026,3,Such a juvenile post man. Jayalalitha at peak DMK era stood upto then Pope claimed she's a proud Brahmin and supported Ram Mandir by sending Karsevaks. Blue tick and paragraph writing must be limited to many here.,2046169084954620110,,,en,,0,0,0,https://x.com/undefined/status/2046169084954620110,1581252238009200641,
2046169080562946347,Mon Apr 20 10:08:19 +0000 2026,0,[Just wrapped up a weekend hike to the misty Blue Ridge Mountains sunrise peaks crisp air and zero signal (bliss!). Next stop: coastal town for fresh oysters #WanderlustDiaries #HikeAndSeafood] https://t.co/1ybTDJbbvH,2046169080562946347,https://pbs.twimg.com/media/HGVz2KvWcAATmJ4.jpg,,en,,0,0,0,https://x.com/undefined/status/2046169080562946347,3303269037,
2046117417135308943,Mon Apr 20 10:08:13 +0000 2026,1,@SA_Worldview @DMN4ever Blue and it is driven by the man in blue ne,2046169057452318889,,SA_Worldview,en,,0,0,0,https://x.com/undefined/status/2046169057452318889,971082790321221633,
2046169049915351200,Mon Apr 20 10:08:12 +0000 2026,1,valtwt has South East Asians Leaguetwt has racist white and Asian people owtwt has gay white people marvel rivalstwt has gooner white people fighting gametwt has East Asians and Black people blue archivetwt has pedos tfttwt has washed up retirees what else,2046169049915351200,,,en,,0,1,0,https://x.com/undefined/status/2046169049915351200,1396639336393629696,
2046169044437668195,Mon Apr 20 10:08:10 +0000 2026,0,SOW? ⎐كُود⎐⎐نمشي⎐ ⊵RD13⊴ ⎐سامسونج⎐ ⊵AFM122⊴ ⎐روم▬لس▬ليس▬Roamless▬esim▬ ⊵OMGRML⊴ ⎐كؤِبُون⎐Rich Blue ^^ ⎐خـِصم⎐OdwGrVjaBSdS https://t.co/T3LBZbsyfn,2046169044437668195,https://pbs.twimg.com/media/HGVz5ReagAAce27.jpg,,und,,0,0,0,https://x.com/undefined/status/2046169044437668195,1852977434150219776,
2045987806212702487,Mon Apr 20 10:08:09 +0000 2026,0,@michaelmalice The army of blue checks strike again.,2046169038510850056,,michaelmalice,en,,0,0,0,https://x.com/undefined/status/2046169038510850056,1267620981021048835,
2046169035738652719,Mon Apr 20 10:08:08 +0000 2026,0,ihan blue black aaakkkkk,2046169035738652719,,,en,,0,0,0,https://x.com/undefined/status/2046169035738652719,1845285096305414144,
2046169034794697066,Mon Apr 20 10:08:08 +0000 2026,0,Just listed! Take a look at this stunning property in Eastern Panhandle. - Tracy Adams with Weichert Realtors® - Blue Ribbon - Contact me at 304.820.3537 https://t.co/Nz0Jtx6MQq,2046169034794697066,https://pbs.twimg.com/media/HGVz5Q9bEAAAZ8v.jpg,,en,,0,0,0,https://x.com/undefined/status/2046169034794697066,1891583475402035200,
2046076272988893649,Mon Apr 20 10:08:08 +0000 2026,0,@Apothegmata @Blondes_tweets They are setting him up for assisted suicide. Expect an out of the blue post about Jordan's passing. She'll obfuscate by calling it a 'long and terminal illness' that took him the same kind of drivel people write on a funeral notice when a family member commits suicide.,2046169033045619038,,Apothegmata,en,,0,0,0,https://x.com/undefined/status/2046169033045619038,1863503211954405376,
2046169030336123027,Mon Apr 20 10:08:07 +0000 2026,0,This mogoe acting Minister must just shut up sit down let's men and women in blue do what is best for them... If they tell him or follow protocols his going to sweep allegations under carpet... So fuck him.,2046169030336123027,,,en,,0,0,0,https://x.com/undefined/status/2046169030336123027,331172496,
2046168702828335535,Mon Apr 20 10:07:58 +0000 2026,4,#OceanJiang VIRJOY live 정리-3 자기 전에 연기 관련 책 읽기 LELE 눈물자국이 좀 심한 편이다 해보고 싶은 역할: 다 좋아. 다른 사람의 인생과 다양한 시점의 역할을 경험해보고 싶으니까 요즘 즐겨 먹는 맛있는 요리: lemongrass chicken 요즘 자주 듣는 노래: Blue and White Porcelain,2046168992830914816,,last11oclock,ko,,0,0,2,https://x.com/undefined/status/2046168992830914816,883913252236697600,
2046168989374587193,Mon Apr 20 10:07:57 +0000 2026,0,O cara que compra colônia da virg1nia achando ruim o passinho do jamal no desfile da Blue Man,2046168989374587193,,,pt,,0,0,0,https://x.com/undefined/status/2046168989374587193,1411780278620729349,
2046168978805154216,Mon Apr 20 10:07:55 +0000 2026,0,Blue lock /niko ikki bachira meguru otoya eita/ (i love doing these) https://t.co/err2B39W2Q,2046168978805154216,https://pbs.twimg.com/media/HGVz1tWaoAAW3Fm.jpg,,et,,0,0,0,https://x.com/undefined/status/2046168978805154216,1744618861075529728,
2046168975172898933,Mon Apr 20 10:07:54 +0000 2026,0,おお本革ガジェットポーチ！実験の小物持ち運びに便利そう [BLUE SINCERE] ポーチ 小物入れ 本革 大容量 自立 ラウンド型 https://t.co/Re9f2f2Fxk,2046168975172898933,,,ja,,0,0,0,https://x.com/undefined/status/2046168975172898933,2035574076945887232,
2046168968864657457,Mon Apr 20 10:07:52 +0000 2026,3,皆様こんばんは 月曜日お疲れ様でした シロコ み、見え ！ いや、なんでもないよ ブルーアーカイブ（Blue Archive） 砂狼シロコ (Shiroko Sunaookami) #AIイラスト #AIart SFW Anime Illustration https://t.co/sSvFQu2X5P,2046168968864657457,https://pbs.twimg.com/media/HGVz1F9a0AAYXQb.jpg,,ja,,0,0,0,https://x.com/undefined/status/2046168968864657457,2043231746536427520,
2045931472591196417,Mon Apr 20 10:07:52 +0000 2026,0,@slushy20954 @InsaneCope An American saying an European doesn't know a thing . The pot calling the kettle black. You Americans can't even distinguish Europe and EU and whenever you post a news about EU 4 out of 5 is a bullshit. Go back painting your hair blue and screaming there are 16 genders,2046168967643845092,,slushy20954,en,,0,0,0,https://x.com/undefined/status/2046168967643845092,1784420139573616641,
2045854302602658203,Mon Apr 20 10:07:51 +0000 2026,0,@Wolfgang18842 @CK_Monarchy_Guy @LibbySnowflak They actually tried to form a Waffen SS unit made of Polish highlanders and it failed miserably. The niuance with the Blue Police is that most of its members were Polish pre-war policemen that joined the formation under threat. And some were criminalists freed by the Germans.,2046168964779110665,,Wolfgang18842,en,,0,0,0,https://x.com/undefined/status/2046168964779110665,1992681176117723137,
2046010197559144541,Mon Apr 20 10:07:51 +0000 2026,1,@ItsKiraWorld You spend your time engaging with a Blue Checkmark engagement baiter and you have the gall to call people incels? Find better hobbies! Preferably ones that don't make you mad at the Internet,2046168962434580575,,ItsKiraWorld,en,,0,0,0,https://x.com/undefined/status/2046168962434580575,2022625001283710976,
2046168954213994690,Mon Apr 20 10:07:49 +0000 2026,0,I meant to draw prime Superboy but now he just look like Kon and I can t do anything about it cause they ALL HAVE BLUE EYES BLACK HAIR https://t.co/ynYanfnxMn,2046168954213994690,https://pbs.twimg.com/media/HGVz0PcbIAAQ9DH.jpg,,en,,0,0,0,https://x.com/undefined/status/2046168954213994690,1800784504212406273,
2045943471672787353,Mon Apr 20 10:07:43 +0000 2026,0,@marktheman2010 @Cockneycabbie_ Used to walk that train line after jumping over pickering s gate you re right almost abandoned just the odd cargo train once in a blue moon.,2046168931149242369,,marktheman2010,en,,0,0,0,https://x.com/undefined/status/2046168931149242369,4201299605,
2046168926388891770,Mon Apr 20 10:07:42 +0000 2026,0,Jolly Blue Night Chi era su con ha sbloccato il bonus leggenda. https://t.co/RgPKSH2sOK,2046168926388891770,https://pbs.twimg.com/amplify_video_thumb/2046168787729494016/img/ONsFQRYuqr-noya5.jpg,,it,,0,0,0,https://x.com/undefined/status/2046168926388891770,2027182535352987649,
2046168893308211675,Mon Apr 20 10:07:34 +0000 2026,2, Blue Origin mission fails . Her Sidekick was trying to convince @Ellieinspace to work exclusively with Blue Origin. copy: @elonmusk,2046168893308211675,,,en,,0,0,2,https://x.com/undefined/status/2046168893308211675,1807069630156148736,
2046163427618668794,Mon Apr 20 10:07:33 +0000 2026,0,Stanley Quenter H2.0 Flow State Tumbler 887ml Cornflower Blue Gloss 950.- (มัดจำได้ 450-) ราคาปกติ 1450.- สนใจสั่งซื้อ/สอบถาม ทาง DM ค่าจัดส่งในไทย 50 บาท #พรีเกาหลี https://t.co/RRdoRsNP39,2046168888656986471,https://pbs.twimg.com/media/HGVzul5bYAARccz.jpg,58percent2,und,,0,0,0,https://x.com/undefined/status/2046168888656986471,1117077197200613379,
2046168883992916020,Mon Apr 20 10:07:32 +0000 2026,0,ส่งต่อ iPad air 4 64 gb wifi sky blue+ Apple Pencil gen 2 8500 มีกล่องปากกา กล่องไอแพด ไม่มีสายชาร์จค่ะ เครื่อง demo นะคะ ไม่มีปัญหาใดๆ สภาพสวย ไร้รอย ทักมาขอดูเพิ่มเติมได้ค่า #ไอแพดมือสอง #ส่งต่อไอแพด #ส่งต่อApple #ส่งต่อปากกาไอแพด #ไอแพดมือ2 #ipadมือสอง https://t.co/H0G4B5kD1b,2046168883992916020,https://pbs.twimg.com/media/HGVzv-5bAAAs6Ml.jpg,,th,,0,0,0,https://x.com/undefined/status/2046168883992916020,1121607436626870272,
2046167138524672458,Mon Apr 20 10:07:32 +0000 2026,0,@omoalhajaabiola Arsenal and Chelsea are two parallel lines I can't imagine myself a blue supporting the gunners. I'll rather be a backup singer for akpi,2046168882025509229,,omoalhajaabiola,en,,0,0,0,https://x.com/undefined/status/2046168882025509229,1880296534136483840,
2046168880658456600,Mon Apr 20 10:07:31 +0000 2026,0,370. The rain stops and the sky is blue again. 慈溪汕头江阴太仓 德州到瑞安我养你啊！深圳 生活学习也许并不完美，温岭 但总有一束光，不是来自约炮，昆山 武汉 而是学生弟子心外 围中那份不愿看向观世界门上妥协的温柔@HarteMadge84488 南京上海重庆济南 https://t.co/jHsVGUQm25,2046168880658456600,https://pbs.twimg.com/media/HGVzwH7bwAA8t6i.jpg,,zh,,0,2,0,https://x.com/undefined/status/2046168880658456600,2037427382269743104,
2045866451739828711,Mon Apr 20 10:07:31 +0000 2026,1,@adelheidx333 It was blue first but Goku sent her a copyright strike for Ultra Instinct,2046168878334578780,,adelheidx333,en,,0,0,0,https://x.com/undefined/status/2046168878334578780,4218733737,
2046151750260834505,Mon Apr 20 10:07:29 +0000 2026,1,@heisenburgirrs @colosseum one-liner is not immediately clear to me why do agentic payments need to be scaled? Aren't they scalable by default especially with x402? Your website's content is hard to read (gray text on blue background small font). Are you aggregating RPCs? Is it against their terms of,2046168872156361199,,heisenburgirrs,en,,0,1,0,https://x.com/undefined/status/2046168872156361199,1543172414158274560,
2046062100749963292,Mon Apr 20 10:07:23 +0000 2026,0,@GunthersChop the blue looked sm better,2046168846097088888,,GunthersChop,en,,0,0,0,https://x.com/undefined/status/2046168846097088888,2002193616090083328,
2046168844260008150,Mon Apr 20 10:07:23 +0000 2026,0,この青いデニムジャケ春にピカっと着て勝ちたいな 【新品未使用】UNIQLO デニムトラッカージャケット 64 BLUE S https://t.co/yEJUFW5SYH,2046168844260008150,,,ja,,0,0,0,https://x.com/undefined/status/2046168844260008150,2032038208247390208,
2045609191935750326,Mon Apr 20 10:07:22 +0000 2026,0,@CarpeSol @lucyshow11 My grandparents had two in light blue. There is a picture of me in a pretty sparkly dress. But I had been crying. I was supposed to go to the dance but my father had visitation that night he called and cancelled at the last minute I went to the dance all puffy ah ,2046168843362414786,,CarpeSol,en,,0,0,0,https://x.com/undefined/status/2046168843362414786,1255915919345364993,
2046168825939595770,Mon Apr 20 10:07:18 +0000 2026,0,🈳🆔79. The sky is a light blue color. 兰州长春西安徐州 温州到天津我养你啊！苏州 生活学习也许并不完美，嘉兴 但总有一束光，不是来自约炮，常州 台州 而是学生弟子心外 围中那份不愿看向观世界门上妥协的温柔@HarteMadge84488 连云港东莞义乌德州 https://t.co/sn875MrV2B,2046168825939595770,https://pbs.twimg.com/media/HGVzsaEaoAA6Yb8.jpg,,zh,,0,2,0,https://x.com/undefined/status/2046168825939595770,2037425737599160320,
2046107483261804653,Mon Apr 20 10:07:16 +0000 2026,1,@cbn_men Stay blue ,2046168818595025113,,cbn_men,en,,0,0,0,https://x.com/undefined/status/2046168818595025113,1148649351058808832,
2046082392230879485,Mon Apr 20 10:07:16 +0000 2026,0,@nabilajamal_ Grey and blue are my favourite colours,2046168818280771680,,nabilajamal_,en,,0,0,0,https://x.com/undefined/status/2046168818280771680,115086321,
2046056563589218315,Mon Apr 20 10:07:12 +0000 2026,0,@DianaTheDiaries Live laugh love Blue &lt;33,2046168800232669642,,DianaTheDiaries,en,,0,0,0,https://x.com/undefined/status/2046168800232669642,2026888418349989888,
2046168795270779007,Mon Apr 20 10:07:11 +0000 2026,0,Helping my buddy wrap this Porsche. I love this blue its giving me ideas https://t.co/3S7diDsrJs,2046168795270779007,https://pbs.twimg.com/media/HGVzorXa8AAnFtW.jpg,,en,,0,0,0,https://x.com/undefined/status/2046168795270779007,2019911744207089669,
2046168791101628841,Mon Apr 20 10:07:10 +0000 2026,6,New ˊ˗ Dream address ️₊⁺更新しました‼︎ blue × yellow の 田舎町の島️₊⁺ KARIN island ️ DA-4201-9704-5184 （　全住民宅ｸﾘｴｲﾄ済み　） #あつ森 #あつまれどうぶつの森 #ACNH https://t.co/LsQoPPK2wQ,2046168791101628841,https://pbs.twimg.com/media/HGVzqzTa0AAtIU4.jpg,,ja,,0,0,0,https://x.com/undefined/status/2046168791101628841,884062579336724481,
2046168787574010026,Mon Apr 20 10:07:09 +0000 2026,1,Monday Sabres Blue Primrose!! https://t.co/xYpZmuQ8nv,2046168787574010026,https://pbs.twimg.com/media/HGVzqlMXsAEt0yw.jpg,,en,,0,1,0,https://x.com/undefined/status/2046168787574010026,1914377638480896000,
2046168776949837848,Mon Apr 20 10:07:07 +0000 2026,0,Catch tonight s live jazz set at The Blue Note! Smooth sax soulful vocals doors at 7pm first round drinks 2-for-1. Tag a friend to vibe with! #LiveMusic #JazzNight https://t.co/hKUeZvmZ3e,2046168776949837848,https://pbs.twimg.com/media/HGVzkNoa8AA1kry.jpg,,en,,0,0,0,https://x.com/undefined/status/2046168776949837848,1262264029244018690,
2046168776551387583,Mon Apr 20 10:07:06 +0000 2026,4,Make I even hide my blue tick e dey give off wrong impression.,2046168776551387583,,,en,,0,1,0,https://x.com/undefined/status/2046168776551387583,1275131103167287296,
2046168773455921654,Mon Apr 20 10:07:06 +0000 2026,0,Chasing sunsets in Santorini White-washed villages blue domes and wine that tastes like summer this island s magic hits different. Who s packing their bags https://t.co/P1ECWcf94y,2046168773455921654,https://pbs.twimg.com/media/HGVzkUEWwAAjIj6.jpg,,en,,0,0,0,https://x.com/undefined/status/2046168773455921654,292508242,
2046037572955119671,Mon Apr 20 10:07:05 +0000 2026,0,@Dragon_Beast7 Except blue and super saiyan arent the same. Youre equating the similar concepts but toriyama never said he wouldnt be able tonuse the golden haired form,2046168769702027383,,Dragon_Beast7,en,,0,0,0,https://x.com/undefined/status/2046168769702027383,1506596676294828039,
2045948566582026687,Mon Apr 20 10:07:02 +0000 2026,0,@still_hustling @IAPolls2022 @J_L_Partners Hamilton county is blue - where s Vivek? He needs to start campaigning in Cincy- it s not an automatic because he s a stX grad. No signs anywhere Republican ballot has no common pleas on it .? Seems strange,2046168757601456600,,still_hustling,en,,0,0,0,https://x.com/undefined/status/2046168757601456600,1823134828557996032,
2046168756934611353,Mon Apr 20 10:07:02 +0000 2026,0,birds chapping no genocide in sight plants green grass red chillies peppers tomatoes succulents blue skies. Vosloorus is nice.,2046168756934611353,,,en,,0,0,0,https://x.com/undefined/status/2046168756934611353,1851766938101284864,
2046166239500796033,Mon Apr 20 10:07:02 +0000 2026,0,@SylvesterSolid The sky is always blue,2046168755877687362,,SylvesterSolid,en,,0,0,0,https://x.com/undefined/status/2046168755877687362,1584887993210380288,
2046168746629509166,Mon Apr 20 10:06:59 +0000 2026,0,i deactivated my blue app yesterday night,2046168746629509166,,,en,,0,3,0,https://x.com/undefined/status/2046168746629509166,1936013859921203200,
2046168721236890052,Mon Apr 20 10:06:53 +0000 2026,0,Bizim gençliğimizde blue vardı https://t.co/zg6mSTyMyv,2046168721236890052,https://pbs.twimg.com/media/HGVzmrHWIAAUHwY.jpg,,tr,,0,0,0,https://x.com/undefined/status/2046168721236890052,2773049176,
2046168710663241797,Mon Apr 20 10:06:51 +0000 2026,0,Two new ocean theme Mermaid Song navy blue #formaldress. Which one do you want to wear to your beach time? #lolitafashion #formaldress #promdress https://t.co/MPYZYsHyQr,2046168710663241797,https://pbs.twimg.com/media/HGVyL4oacAEUh5J.jpg,,en,,0,0,0,https://x.com/undefined/status/2046168710663241797,435981919,
2046166565075218678,Mon Apr 20 10:06:49 +0000 2026,0,@BlueMooReviews Great work Blue Have a wonderful and blessed day! Happy Monday my friend!,2046168704895832327,,BlueMooReviews,en,,0,0,0,https://x.com/undefined/status/2046168704895832327,1080496859628609537,
2046067771318919520,Mon Apr 20 10:06:49 +0000 2026,0,@mounttargon my bad i ate all the blue ones,2046168703411065085,,mounttargon,en,,0,0,0,https://x.com/undefined/status/2046168703411065085,1805217404475101184,
2046168703390138775,Mon Apr 20 10:06:49 +0000 2026,0,i started kill blue on netflix and usually click skip intro on anything i watch so i totally forgot aespa were singing the opening for it,2046168703390138775,,,en,,0,0,0,https://x.com/undefined/status/2046168703390138775,715353828485373952,
2046096580269445436,Mon Apr 20 10:06:49 +0000 2026,3,@MossberryEater @He4dmast3rrr : ?? Hey uh whats that blue gem you have there? Where did you even find that?? ,2046168702211817586,,MossberryEater,en,,0,1,0,https://x.com/undefined/status/2046168702211817586,1993194989875331072,
2046168694175269271,Mon Apr 20 10:06:47 +0000 2026,0,어이구? ⎐كُود⎐⎐تُيموُ⎐ ⊵TEM73⊴ ⎐ذي▬بيوتي▬سيكرتس⎐ ⊴D37⊴ ⎐الدخيل▬للعود⎐ ⊵BS26⊴ ⎐كؤِبُون⎐Deep Blue ^^^ ⎐خـِصم⎐wEmY5MvcPeu8 https://t.co/VeleddBLXm,2046168694175269271,https://pbs.twimg.com/media/HGVzlDkXEAAgOi0.jpg,,ar,,0,0,0,https://x.com/undefined/status/2046168694175269271,1898753692427550720,
2044888101051412523,Mon Apr 20 10:06:46 +0000 2026,0,@interesting_aIl It's like the Warp but blue.,2046168688869699886,,interesting_aIl,en,,0,0,0,https://x.com/undefined/status/2046168688869699886,1868451981624492032,
2045874068763632017,Mon Apr 20 10:06:42 +0000 2026,0,@JeffBezos congrats mate! huge milestone for blue origin.,2046168675364020443,,JeffBezos,en,,0,0,0,https://x.com/undefined/status/2046168675364020443,33823055,
2046168657970282545,Mon Apr 20 10:06:38 +0000 2026,0,parang sisipagin lang ako kapag may blue ay ang arte,2046168657970282545,,,tl,,0,0,0,https://x.com/undefined/status/2046168657970282545,1892165958497878016,
2046168645043429569,Mon Apr 20 10:06:35 +0000 2026,0,REDRED udah bisa gua denger skrg sih gua tinggal nunggu ycc buat ada di music platform aja ‍ eh acai juga sih kepo bgt duh tnt juga lagi semeledak apa yak nungguin wassup jg si gua yg sering mrk sebut ntu ADUH INI JUGA BLUE LIPS NIH CEPETAN BOLEH GAK,2046168645043429569,,,in,,0,0,0,https://x.com/undefined/status/2046168645043429569,1866148855601131520,
2046168637963407733,Mon Apr 20 10:06:33 +0000 2026,0,プログレは仰々しくて苦手だ、ELOは初期よりOut of the BlueやDiscoveryの方が好き,2046168637963407733,,,ja,,0,0,0,https://x.com/undefined/status/2046168637963407733,1660902340847894529,
2046168632166670797,Mon Apr 20 10:06:32 +0000 2026,0,Delta at IAH is so ghetto like if you have a Flight scheduled to board at 4:30 am why are you not here at atleast 3:00? Should be no reason there was a long line looking stupid for 1hr. Almost made me late for my flight I had to sign up for Clear Blue just to make it,2046168632166670797,,,en,,0,0,0,https://x.com/undefined/status/2046168632166670797,3430264887,
2046168630073712675,Mon Apr 20 10:06:32 +0000 2026,0,𝚄𝚄 𝙶 𝙶 𝙷 𝙷𝙷.... 𝚆 𝚆 𝙷𝙷 𝙴 𝙴 𝚁𝙴 𝚃𝙷𝙴 𝙷𝙴𝙻𝙻 𝙰 𝙰 𝙰𝙰 𝙰 𝚁𝙴𝙴𝙴 𝚆𝙴.... *+𝙺𝙾𝙾𝙺𝙾𝙾 is on the ground finally as blue as can be as the pink finally drained off them... With some exceptions being that his eyes are still open...+ ,2046168630073712675,,,en,,0,0,0,https://x.com/undefined/status/2046168630073712675,1984222034206044160,
2046168622079553905,Mon Apr 20 10:06:30 +0000 2026,0,Ang gwapo talaga in blue,2046168622079553905,,,tl,,0,0,0,https://x.com/undefined/status/2046168622079553905,1892857784376680448,
2043646419480072489,Mon Apr 20 10:06:12 +0000 2026,0,@juunnkim Please dooo. They made a great choice putting those blue lenses on you.,2046168549732065415,,juunnkim,en,,0,0,0,https://x.com/undefined/status/2046168549732065415,1097159530448748545,
2046168546791608773,Mon Apr 20 10:06:12 +0000 2026,0,ఎక్కడ? ⎐كُود⎐⎐تويو⎐ ⊵FF7⊴ ⎐ريفا_⎐ ⊵W87⊴ ⎐ماكـس⎐فاشون⎐ ⊴HH5⊴ ⎐كؤِبُون⎐Modern Blue ^^^ ⎐خـِصم⎐RN00KHzO72Yz https://t.co/zZmbO0iLVO,2046168546791608773,https://pbs.twimg.com/media/HGVzclbW8AA8KCu.jpg,,und,,0,0,0,https://x.com/undefined/status/2046168546791608773,1928970712980795394,
2046166645601660945,Mon Apr 20 10:06:10 +0000 2026,0,@AbidoyeTaofeek Blue tick kee? For 75 followers wey I get,2046168540126802271,,AbidoyeTaofeek,en,,0,0,0,https://x.com/undefined/status/2046168540126802271,1772993063700373505,
2046112568012370417,Mon Apr 20 10:06:10 +0000 2026,0,@ReedTimmerUSA And here we all are on that beautiful blue marble. It s very small I think we have to find a way to live together. Thank you for posting this. It s beautiful.,2046168538591768590,,ReedTimmerUSA,en,,0,0,0,https://x.com/undefined/status/2046168538591768590,14254183,
2046018293094551849,Mon Apr 20 10:06:09 +0000 2026,0,@peachyanxaee 原本blue 宜家 ,2046168537006518559,,peachyanxaee,zh,,0,0,0,https://x.com/undefined/status/2046168537006518559,111329045,
2046168523354103898,Mon Apr 20 10:06:06 +0000 2026,0,⋆˚𝜗𝜚˚⋆ seventeen pcs ↳: 1 yellow : 1 pink | blue tingi ↳ : on-hand ↳ :all mint condition ↳ : 2 weeks dop ↳ : dm / reply mine + pic ! wts lfb pc svt seventeen ph stf fts attacca hxw sc jn hs wz ww mg dk mh sk vn dn rh right here carver pogi pob fansign always your https://t.co/pakdnuCEhC,2046168523354103898,https://pbs.twimg.com/media/HGVzbLqbsAAmdgx.jpg,,en,,0,0,0,https://x.com/undefined/status/2046168523354103898,1359802319504691201,
2046168512171856240,Mon Apr 20 10:06:03 +0000 2026,0,ehoui? ⎐كُود⎐⎐ترينديول⎐ ⊵OMM⊴ ⎐ماماز▬اند▬باباز⎐ ⊵A888⊴ ▬جىني⎐ ⊵AAK1⊵ ⎐كؤِبُون⎐Light Blue ^^ ⎐خـِصم⎐i7NwH3PGrUl8 https://t.co/6Q1scULXhb,2046168512171856240,https://pbs.twimg.com/media/HGVzaecWwAAzJkr.jpg,,und,,0,0,0,https://x.com/undefined/status/2046168512171856240,2011520955861110784,
2046111069534368161,Mon Apr 20 10:06:02 +0000 2026,0,@LALAOOMF How the hell is benching the best blue lock player good narratively?,2046168505553502405,,LALAOOMF,en,,0,0,0,https://x.com/undefined/status/2046168505553502405,1921830823550197760,
2046168493368672612,Mon Apr 20 10:05:59 +0000 2026,0,These blazing blue explosions may be born when a compact dead star slams into a Wolf-Rayet star - #Astronomy - https://t.co/JwIscqbCTK,2046168493368672612,,,en,,0,0,0,https://x.com/undefined/status/2046168493368672612,1863714946866974720,
2045961951168376841,Mon Apr 20 10:05:58 +0000 2026,0,@mariaxxnn Cursed Technique Amplification: Blue Reverse Cursed Technique: Red,2046168487643726115,,mariaxxnn,en,,0,0,0,https://x.com/undefined/status/2046168487643726115,1480744640831635456,
2046168466567098502,Mon Apr 20 10:05:53 +0000 2026,0,يااه? ⎐كُود⎐⎐نون⎐ ⊵NKW⊴ ⎐دايسون⎐ ⊵OMG⊴ ⎐بارىيس⊴جالىري⎐ ⊵FLOG⊴ ⎐كؤِبُون⎐Neon Blue ^^ ⎐خـِصم⎐pHSwU6nAVC26 https://t.co/nLW95GI8VP,2046168466567098502,https://pbs.twimg.com/media/HGVzX2UboAAXkV7.jpg,,ar,,0,0,0,https://x.com/undefined/status/2046168466567098502,1324014819293437952,
2045803966269673525,Mon Apr 20 10:05:52 +0000 2026,0,@JPrinceKei ????? Have yet to see any ADS for this comeback like at all. It s because of the blue lock news,2046168463752741339,,JPrinceKei,en,,0,0,0,https://x.com/undefined/status/2046168463752741339,1514620160400887808,
2046168453489332538,Mon Apr 20 10:05:49 +0000 2026,0,I like how both goku and vegeta tapped into blue during that story,2046168453489332538,,,en,,0,0,0,https://x.com/undefined/status/2046168453489332538,1506596676294828039,
2046168443293172016,Mon Apr 20 10:05:47 +0000 2026,0,⋆˚𝜗𝜚˚⋆ seventeen pcs ↳: 1 yellow : 1 pink | blue tingi ↳ : on-hand ↳ :all mint condition ↳ : 2 weeks dop ↳ : dm / reply mine + pic ! wts lfb pc svt seventeen ph stf fts attacca hxw sc jn hs wz ww mg dk mh sk vn dn rh right here carver pogi pob fansign https://t.co/XVctCKNsCk,2046168443293172016,https://pbs.twimg.com/media/HGVzWf7a0AAEewO.jpg,,en,,0,0,0,https://x.com/undefined/status/2046168443293172016,1359802319504691201,
2045998218262303191,Mon Apr 20 10:05:40 +0000 2026,0,@TruthM20618 @Milajoy How could California be red when blue has double the registered voters? ‍️,2046168411927896507,,TruthM20618,en,,0,0,0,https://x.com/undefined/status/2046168411927896507,462491942,
2045622495986749459,Mon Apr 20 10:05:39 +0000 2026,1,@shieldgating Archie I didn't know you were blue!,2046168411621765448,,shieldgating,en,,0,0,0,https://x.com/undefined/status/2046168411621765448,853336113477554176,
2046168409705222474,Mon Apr 20 10:05:39 +0000 2026,1,Noles News: How much production has FSU gotten out of blue-chip recruits? https://t.co/03vXU4AQtW,2046168409705222474,,,en,,0,0,0,https://x.com/undefined/status/2046168409705222474,832263696009273344,
2046018293094551849,Mon Apr 20 10:05:37 +0000 2026,0,@peachyanxaee 哪裡blue了？ 明明就很白很嫩,2046168401547272203,,peachyanxaee,zh,,0,0,0,https://x.com/undefined/status/2046168401547272203,2030543624770048002,
2046085534205014466,Mon Apr 20 10:05:37 +0000 2026,0,@callmecialio I probably will at this rate IWBDOAJD At this point I m making TWST ocs out of the blue without basing them off of characters Oc first character idea second LMAO,2046168400079282624,,callmecialio,en,,0,0,0,https://x.com/undefined/status/2046168400079282624,1221690866877599745,
2046168397063598381,Mon Apr 20 10:05:36 +0000 2026,0,「最高の景色を2026」オフィシャルアンバサダーJI BLUE テーマソング「景色」の初ライブパフォーマンスが決定　キリンチャレンジカップ2026 SAMURAI BLUE（日本代表）対 アイスランド代表【5.31(日)東京／国立競技場】｜JFA｜公益財団法人日本サッカー協会 https://t.co/sIEShqtGRQ,2046168397063598381,,,ja,,0,0,0,https://x.com/undefined/status/2046168397063598381,1794387747819655168,
2046168395012559205,Mon Apr 20 10:05:35 +0000 2026,4,⋆˚𝜗𝜚˚⋆ seventeen pcs ↳: 1 yellow : 1 pink | blue tingi ↳ : on-hand ↳ :all mint condition ↳ : 2 weeks dop ↳ : dm / reply mine + pic ! wts lfb pc svt seventeen ph stf fts attacca hxw sc jn hs wz ww mg dk mh sk vn dn rh right here carver pogi pob fansign atenean https://t.co/mTftMEL0pF,2046168395012559205,https://pbs.twimg.com/media/HGVzTrla8AA6WEz.jpg,,en,,1,0,3,https://x.com/undefined/status/2046168395012559205,1359802319504691201,
2046168391044710589,Mon Apr 20 10:05:35 +0000 2026,0,n-buna - ライフライトブルー Lifelight Blue https://t.co/siDih3Mb5I @YouTubeMusicより,2046168391044710589,,,ja,,0,0,0,https://x.com/undefined/status/2046168391044710589,1332386641386749954,
2046161989572116545,Mon Apr 20 10:05:34 +0000 2026,0,@migpaglu yeah nasa is the main source of revenue through contracts for both space x and blue origin And isro will never be successful as our govt isn't serious bout space mission and they pay pennies why'd anyone stay in India and you can reach how far through jugaad,2046168387487961367,,migpaglu,en,,0,1,0,https://x.com/undefined/status/2046168387487961367,1567547410704125952,
2046168386380394998,Mon Apr 20 10:05:33 +0000 2026,7,Images on Gemini Nano Banana Prompt: { prompt_analysis : { subject : A young boy with brown hair and an expressive smile wearing a blue hoodie literally 'breaking through' the pages of a large ancient-looking sketchbook. action : The boy is emerging from the https://t.co/58e8MXr7od,2046168386380394998,https://pbs.twimg.com/media/HGVzM8AbkAAwVHw.jpg,,en,,0,4,1,https://x.com/undefined/status/2046168386380394998,1829810612706168832,
2045873270952697917,Mon Apr 20 10:05:32 +0000 2026,0,@tokotoko4000 車両を『BLUE THUNDER』のバルカン砲で、敵の本拠地は『AIR WOLF』の弾道ミサイルで ,2046168381704036585,,tokotoko4000,ja,,0,0,0,https://x.com/undefined/status/2046168381704036585,172388118,
2046168377690030516,Mon Apr 20 10:05:31 +0000 2026,1,WE MUST VOTE BLUE IN THE MIDTERMS EVERYONE. DON T THINK THAT IT S NOT IMPORTANT IT MAY BE THE MOST IMPORTANT THING YOU EVER DO FOR YOURSELF AND OUR COUNTRY!!,2046168377690030516,,,en,,0,0,0,https://x.com/undefined/status/2046168377690030516,1329018611369996291,
2046168374665699567,Mon Apr 20 10:05:31 +0000 2026,0,Will Tory apologize for blocking me over this when Blue Origin announces GS-3? https://t.co/enJaWFOxpX,2046168374665699567,https://pbs.twimg.com/media/HGVzSl3XEAAgln-.jpg,,en,,0,1,0,https://x.com/undefined/status/2046168374665699567,34300660,
2046168360061173836,Mon Apr 20 10:05:27 +0000 2026,0,NO BLUE MONDAYS ONLY CUTE BOTTOMS // Because starting the week in a pretty pair of designer Knickers just hits different &gt;&gt; https://t.co/A5vqJCFdVw Your Panty Pen Pal Lily xx P.S. Featuring our June 2024 Brief. #LingerieLetters #TreatYourTush #DesignerKnickers #MadeInCapeTown https://t.co/18hbcOgjVL,2046168360061173836,https://pbs.twimg.com/media/HGVzN-FbMAAuFcm.jpg,,en,,0,0,0,https://x.com/undefined/status/2046168360061173836,485523258,
2046168339462983743,Mon Apr 20 10:05:22 +0000 2026,0,Вечором 19 квітня киян спостерігали яскравий об'єкт із зеленуватим блиском і довгим хвостом найімовірніше фрагменти другого ступеня ракети New Glenn компанії Blue Origin яка того ж дня вивела супутник на хибну... https://t.co/ZW20WhYNly,2046168339462983743,,,uk,,0,0,0,https://x.com/undefined/status/2046168339462983743,1889338889107836930,
2046168323482853509,Mon Apr 20 10:05:18 +0000 2026,0,Red and Blue PMでた〜 曲が良すぎてつい詰めちゃった、集中力ゲー https://t.co/MrKZg4GHV8,2046168323482853509,https://pbs.twimg.com/media/HGVzPyNbUAAVnmd.jpg,,ja,,0,0,0,https://x.com/undefined/status/2046168323482853509,1714645188188975104,
2045804306503242055,Mon Apr 20 10:05:16 +0000 2026,0,@AbidoyeTaofeek My own blue tick dey show to pay in $ And I no get $ acct,2046168311155622225,,AbidoyeTaofeek,en,,0,0,0,https://x.com/undefined/status/2046168311155622225,2027956563789430784,
2046168306835689903,Mon Apr 20 10:05:14 +0000 2026,0,Ab hutiye alsi blue castist ko kaun bataye. Pvt sector me year of experience govt job jaise kam nhi krta balki ur power to grow companies per kam krta hai. 1 year exp IITian get 1cr offer while 4 year exp tier 3 sde get 10lpa. Ye zindgi me kabhi kuch padhte bhi hai ki bas ese hi,2046168306835689903,,,en,,0,0,0,https://x.com/undefined/status/2046168306835689903,1939585025957052416,
2045843019551609046,Mon Apr 20 10:05:14 +0000 2026,0,@MajinBuofficia Sierra Blue is the best color on iPhone ever made,2046168305761681796,,MajinBuofficia,en,,0,0,0,https://x.com/undefined/status/2046168305761681796,1956784243654422528,
2045940227731230750,Mon Apr 20 10:05:13 +0000 2026,0,@JcciPrivate @PopDrug Yes like blue ivy had her own hate train,2046168301529702778,,JcciPrivate,en,,0,0,0,https://x.com/undefined/status/2046168301529702778,1938151455078199296,
2046168291035472118,Mon Apr 20 10:05:11 +0000 2026,0,This is the clearest sign ever to me that it s done. Sky Blue ribbons come May.,2046168291035472118,,,en,,0,0,0,https://x.com/undefined/status/2046168291035472118,1941932135650414592,
2046168282697478380,Mon Apr 20 10:05:09 +0000 2026,0,164. Roam free under blue heavens 恩施 荆州 驻马店 上海 娄底到大连我养你啊！临汾 生活学习也许并不完美，泰安但总有一束光，不是来自约炮，宝鸡 重庆 而是学生弟子心外 围中那份不愿看向观世界门上妥协的温柔 㸃激＠slimso26 天津 东莞 佛山合肥 https://t.co/QskJTmMKmw,2046168282697478380,https://pbs.twimg.com/media/HGVzNdma4AA72Sw.jpg,,zh,,0,0,0,https://x.com/undefined/status/2046168282697478380,2036700822583873536,
2046140135373197561,Mon Apr 20 10:05:07 +0000 2026,0,@_Snegurochkaa My favorite gacha story is Blue Archive but sadly half the fanbasr are Twitter larpers or have the literacy of an 11th century Briton pheasant ,2046168274854138264,,_Snegurochkaa,en,,0,0,0,https://x.com/undefined/status/2046168274854138264,1702292984489029632,
2046121695459823810,Mon Apr 20 10:05:04 +0000 2026,0,@ed4twtt Hard to pick between yellow or blue Just give me both pls,2046168262816186786,,ed4twtt,en,,0,0,0,https://x.com/undefined/status/2046168262816186786,1880961732732194816,
2046168262590029837,Mon Apr 20 10:05:04 +0000 2026,0,wer? ⎐كُود⎐⎐نون⎐ ⊵NKW⊴ ⎐ماماز▬اند▬باباز⎐ ⊵A888⊴ ▬جىني⎐ ⊵AAK1⊵ ⎐كؤِبُون⎐Dark Blue ^^^^ ⎐خـِصم⎐imN8mJrlDHHB https://t.co/DZ4FXjAIgv,2046168262590029837,https://pbs.twimg.com/media/HGVzL0gboAAoG6A.jpg,,und,,0,0,0,https://x.com/undefined/status/2046168262590029837,1846761185724575745,
2046009031613907029,Mon Apr 20 10:05:04 +0000 2026,0,@astro_reid @Astro_Christina A window onto the whole from the farthest vantage point in the universe where one sees no borders between nations hears no human conflicts but sees Earth as a solitary blue jewel adrift in profound darkness. Here the observer realizes that all the wars he read about in,2046168261759320429,,astro_reid,en,,0,0,0,https://x.com/undefined/status/2046168261759320429,1811806990232076288,
2045919629424443450,Mon Apr 20 10:05:00 +0000 2026,0,@86Fallowcp @derechazoar true and most of them has white skin and some has blue or green eyes even .,2046168247968333983,,86Fallowcp,en,,0,0,0,https://x.com/undefined/status/2046168247968333983,1635574594898722816,
2046168245732876334,Mon Apr 20 10:05:00 +0000 2026,10,Blue Origin to $ASTS after launching BB7: https://t.co/Os4nnP5taM,2046168245732876334,https://pbs.twimg.com/media/HGVzLILakAACrbq.jpg,,en,,0,1,0,https://x.com/undefined/status/2046168245732876334,1810770048560287744,
2046168245254623312,Mon Apr 20 10:05:00 +0000 2026,49,HANA / Blue Jeans YouTube : https://t.co/TwEIjlSBk2 https://t.co/U3jDwe1QZv,2046168245254623312,https://pbs.twimg.com/amplify_video_thumb/2046099997863841792/img/Ehyu6tw1H03G3Qq6.jpg,,en,,0,1,13,https://x.com/undefined/status/2046168245254623312,1355985916779630592,
2045975552738127987,Mon Apr 20 10:04:56 +0000 2026,1,@JoeConchaTV @LoriBlaney When does Margaret EVER push back against blue state policies or left-wing liars?,2046168230734008355,,JoeConchaTV,en,,0,0,0,https://x.com/undefined/status/2046168230734008355,134250956,
2045007797608411488,Mon Apr 20 10:04:50 +0000 2026,0,@Saanvi_dhillon Purple one is vs where as blue is vs code. Vs is Ide i don't know what that means but it's more powerful than vs code,2046168203924308081,,Saanvi_dhillon,en,,0,0,0,https://x.com/undefined/status/2046168203924308081,2008434458568126467,
2046163427618668794,Mon Apr 20 10:04:48 +0000 2026,0,Stanley Quenter H2.0 Flow State Tumbler 1.18L Cornflower Blue 1150.- (มัดจำได้ 550-) ราคาปกติ 1890.- สนใจสั่งซื้อ/สอบถาม ทาง DM ค่าจัดส่งในไทย 50 บาท #พรีเกาหลี https://t.co/gjdimeCh75,2046168196781334574,https://pbs.twimg.com/media/HGVzGr_bkAEB6GK.jpg,58percent2,und,,0,0,0,https://x.com/undefined/status/2046168196781334574,1117077197200613379,
2046165412287590619,Mon Apr 20 10:04:48 +0000 2026,1,@clemenspoint So Visible and Blue ,2046168195053039757,,clemenspoint,en,,0,0,0,https://x.com/undefined/status/2046168195053039757,1085311588591116294,
2046168193237229872,Mon Apr 20 10:04:47 +0000 2026,0,23. The sky is a deep blue color. 太原西安长沙昆明 常州到温州我养你啊！南宁 生活学习也许并不完美，苏州 但总有一束光，不是来自约炮，无锡 东莞 而是学生弟子心外 围中那份不愿看向观世界门上妥协的温柔@zhou_mo5366 金华大连绍兴连云港 https://t.co/sH1hqpguBk,2046168193237229872,https://pbs.twimg.com/media/HGVzH1caAAA6Lat.jpg,,zh,,0,2,0,https://x.com/undefined/status/2046168193237229872,2034405360585605120,
2046168190951288885,Mon Apr 20 10:04:47 +0000 2026,0,104. The sky is clear and blue. 扬州佛山珠海湛江 清远到惠州我养你啊！宿迁 生活学习也许并不完美，中山 但总有一束光，不是来自约炮，余姚 泰州 而是学生弟子心外 围中那份不愿看向观世界门上妥协的温柔@kazu29670013 福州宜兴慈溪汕头 https://t.co/RZkJtpstLw,2046168190951288885,https://pbs.twimg.com/media/HGVzHjebgAAx0tr.jpg,,zh,,0,2,0,https://x.com/undefined/status/2046168190951288885,2034405198039502848,
2046020512015319452,Mon Apr 20 10:04:46 +0000 2026,1,@itseliep @bek_k0 elie you just casually outdo yourself every time like it's kinda wild to see CARD ART? gorgeous THE MEW? actually so so cutiepatootie and then the abilities are so wholesome like wow you're so talented dang the blue eyes go so well with the pink ooo and the-,2046168188841320880,,itseliep,en,,0,1,0,https://x.com/undefined/status/2046168188841320880,1194148999789449216,
2046168179550904469,Mon Apr 20 10:04:44 +0000 2026,1,Today in 1983: The Cardiff City Blue Dragons beat Wakefield Trinity 25-12. #RugbyLeague https://t.co/zMtflQS1hx,2046168179550904469,https://pbs.twimg.com/media/HGVzBMsWkAAr-9K.jpg,,en,,0,0,0,https://x.com/undefined/status/2046168179550904469,2371618573,
2046155086662123591,Mon Apr 20 10:04:42 +0000 2026,0,@ohmtrlvr Colours: red blue yellow #MyRomanceScammerFinalEP,2046168172571799765,,ohmtrlvr,en,,0,0,0,https://x.com/undefined/status/2046168172571799765,1671489922358976513,
2046168156281135482,Mon Apr 20 10:04:39 +0000 2026,1,DI:GA ONLINEにてライブレポートを読むだけでどれだけ楽しかったかが伝わってきます。セトリが良すぎる。 広島の「BLUE LIVE HIROSHIMA」なんてGOOD BYE APRILの皆さんの雰囲気に絶対合います。海辺のライブハウスです。 ぜひ広島に‼︎ #リメンバーズ #倉品翔 https://t.co/ISYAooSd3f,2046168156281135482,https://pbs.twimg.com/media/HGVzFqcbQAA4Yve.jpg,,ja,,0,0,0,https://x.com/undefined/status/2046168156281135482,934381872104083456,
2046139405627449762,Mon Apr 20 10:04:33 +0000 2026,0,@AHNKEONHOGLOBAL BLUE LIPS CORTIS REDRED MV OUT NOW #KEONHO_REDRED #CORTIS_REDRED #코르티스_레드레드 #KEONHO #CORTIS,2046168131970990576,,AHNKEONHOGLOBAL,en,,0,0,0,https://x.com/undefined/status/2046168131970990576,1500048073443053568,
2046155641425727534,Mon Apr 20 10:04:29 +0000 2026,0,@john322226 Baba by me blue tick I no get work,2046168114585354535,,john322226,en,,0,0,0,https://x.com/undefined/status/2046168114585354535,1107105586477518850,
2046168110655525072,Mon Apr 20 10:04:28 +0000 2026,0,Drew has been going on and on about what a true-blue Aussie he is lately. Well the first rule of being an Australian is you never never NEVER politicise Anzac Day. Ever.,2046168110655525072,,,en,,0,2,0,https://x.com/undefined/status/2046168110655525072,911871636827025409,
2046168101763604935,Mon Apr 20 10:04:26 +0000 2026,0,Baby Blue - NCT WISH - 들어보세요. https://t.co/pqaAuGWwJB,2046168101763604935,,,ko,,0,0,0,https://x.com/undefined/status/2046168101763604935,841628202,
2046168095723835674,Mon Apr 20 10:04:24 +0000 2026,0, A series of experiments with ferrofluid and blue ink shown across microscope footage (~4 mm) macro shots (~15 mm) and a short behind-the-scenes moment from the studio. Ferrofluid is a magnetic liquid containing suspended iron particles that res... https://t.co/mo984XnAoC,2046168095723835674,https://pbs.twimg.com/media/HGVzAGxaEAAYr7I.jpg,,en,,0,0,0,https://x.com/undefined/status/2046168095723835674,2027173718657802240,
2045826483608768805,Mon Apr 20 10:04:22 +0000 2026,0,@lorddrey Take the next step. Be honest about it. Let me point you to the next logical step. That's if you have already realised the folly of man made systems. If you're smart you would know that there is a creator. Creators provide blue prints.,2046168087037198552,,lorddrey,en,,0,0,0,https://x.com/undefined/status/2046168087037198552,51196132,
2045969175428931748,Mon Apr 20 10:04:20 +0000 2026,0,@JTCymru I'm a couple of inches off and my eyes are blue but I have a dog. That's sort of like having a baby ,2046168080120770691,,JTCymru,en,,0,0,0,https://x.com/undefined/status/2046168080120770691,1496173019496071175,
2046168071782715445,Mon Apr 20 10:04:18 +0000 2026,0,Back when i started blue lock i got scared that hyoma would get eliminated and so i took him and didnt interact w any bllk media and for two years he was ocfied but when I got into twt I started to get into bllk again BUT NOW IM SCARED OF HIS DEATH FLAG,2046168071782715445,,,en,,0,1,0,https://x.com/undefined/status/2046168071782715445,1927321672983445504,
2046168060621423104,Mon Apr 20 10:04:16 +0000 2026,0,i wish i was in the pokemon universe i wanna be able to watch all the interviews red and blue do seperately or together or hear blue mention red and talk about him poetically 24/7,2046168060621423104,,,en,,0,0,0,https://x.com/undefined/status/2046168060621423104,1227803391348310019,
2045868954846114221,Mon Apr 20 10:04:16 +0000 2026,0,@TouchlineX Walai United will beat this team blue black,2046168060453638467,,TouchlineX,en,,0,0,0,https://x.com/undefined/status/2046168060453638467,1840692610530213888,
2045580952831742147,Mon Apr 20 10:04:15 +0000 2026,0,@ItsKingSlime The worst part is that chars smelly box bit would be funny if he wasn t so blue,2046168056343171213,,ItsKingSlime,en,,0,0,0,https://x.com/undefined/status/2046168056343171213,815712376666394624,
2046168051603615754,Mon Apr 20 10:04:14 +0000 2026,0,Blue Origin reuses New Glenn booster but loses satellite - MSN https://t.co/7EJ674bCDy,2046168051603615754,,,en,,0,0,0,https://x.com/undefined/status/2046168051603615754,27454144,
2046034805758808399,Mon Apr 20 10:04:11 +0000 2026,0,@jaimy1102 @Yeenie_Mcbeenie Man someone like you comes out of the blue to prove my point. thanks https://t.co/yw8GHkQyT5,2046168039708889589,https://pbs.twimg.com/media/HGVy-8YagAEKH8v.png,jaimy1102,en,,0,1,0,https://x.com/undefined/status/2046168039708889589,712263796446744580,
2046168028539224399,Mon Apr 20 10:04:08 +0000 2026,0,Skål? ⎐كُود⎐⎐نمشي⎐ ⊵MFM3⊴ ⎐ماماز▬اند▬باباز⎐ ⊵A888⊴ ▬جىني⎐ ⊵AAK1⊵ ⎐كؤِبُون⎐Light Blue ^^^ ⎐خـِصم⎐MG0Xcg3n5bsb https://t.co/DWTQrTIEGi,2046168028539224399,https://pbs.twimg.com/media/HGVy-YlXEAAiGFi.jpg,,und,,0,0,0,https://x.com/undefined/status/2046168028539224399,1585385838237679627,
2045887561730539592,Mon Apr 20 10:04:04 +0000 2026,0,@hoeIyns @PopTingz Lmaooo I m kind curious with Blue moon I love that song and I wanna here Doechii. But having both Inna and Alexandra Stan on a track is godly I fear lol,2046168012978360367,,hoeIyns,en,,0,0,0,https://x.com/undefined/status/2046168012978360367,55425134,
2046168011061784901,Mon Apr 20 10:04:04 +0000 2026,0,어이? ⎐كُود⎐⎐نمشي⎐ ⊵MFM2⊴ ⎐ذي▬بيوتي▬سيكرتس⎐ ⊴D37⊴ ⎐الدخيل▬للعود⎐ ⊵BS26⊴ ⎐كؤِبُون⎐Neon Blue ^^^^ ⎐خـِصم⎐akM2Jed3nIdM https://t.co/4Tun1Ihm4G,2046168011061784901,https://pbs.twimg.com/media/HGVy9IyawAEvb8I.jpg,,ar,,0,0,0,https://x.com/undefined/status/2046168011061784901,1537395651310411776,
2045745270978117737,Mon Apr 20 10:04:02 +0000 2026,0,@mmpadellan Thank god we have so many smart people in this country and didn t vote blue,2046168004421935589,,mmpadellan,en,,0,0,0,https://x.com/undefined/status/2046168004421935589,1915953536455626753,
2046123891563618588,Mon Apr 20 10:04:01 +0000 2026,0,@gatokeza_ Is that the new Blue Waffle?!,2046167997706809480,,gatokeza_,en,,0,0,0,https://x.com/undefined/status/2046167997706809480,1975182801122013184,
2046167993168851045,Mon Apr 20 10:04:00 +0000 2026,0,ok so I've read that's his petrification marks but why is it blue https://t.co/jeMrBm6iFV,2046167993168851045,https://pbs.twimg.com/media/HGVy8iyaAAAdeuC.jpg,,en,,0,0,0,https://x.com/undefined/status/2046167993168851045,1797265348011626496,
2045894452124746214,Mon Apr 20 10:03:58 +0000 2026,0,@ryeoknshine it's like last year when he dyed his hair silver and people thought it was for the cb but nah it was just cos he likes to play around with hair colours for the love of the game and then he dyed it blue for the real cb,2046167987884085497,,ryeoknshine,en,,0,0,0,https://x.com/undefined/status/2046167987884085497,1889233713374056449,
2045917184841445691,Mon Apr 20 10:03:56 +0000 2026,0,@Lebanonwuqu @dhe3g Not about not knowing as per my posts of earlier I already said I won't be allowed to live there. No blue tick. A picture says a 1000 words. More than my character limit,2046167977603539209,,Lebanonwuqu,en,,0,0,0,https://x.com/undefined/status/2046167977603539209,1269155558,
2046167958653997062,Mon Apr 20 10:03:51 +0000 2026,0,엔믹스 포카 nmixx pc 포토카드 양도 wts sale sell 릴리 해원 설윤 배이 지우 규진 lily haewon sullyoon bae jiwoo kyujin 앨범 앨포 album 예판 대면 영통 미공포 럭키드로우 럭드 pop up 팝업 에버라인 트레카 blue valentine vacation 팬미팅 사진 인증 5/11에 가능⭕️ 준등기/반택: +0.2 https://t.co/qTxvvJt1Bv,2046167958653997062,https://pbs.twimg.com/media/HGVy6NTbkAA9x54.jpg,,ko,,0,0,0,https://x.com/undefined/status/2046167958653997062,1441612632134340611,
2046167956657414363,Mon Apr 20 10:03:51 +0000 2026,0,Thoda dimag laga kar Google ho kar lete bhai. What's the issue and why are the trees not there. Sirf blue tick lekar yahi sab karna hai toh bhagwan bhala kare,2046167956657414363,,,hi,,0,0,0,https://x.com/undefined/status/2046167956657414363,1585970310284603392,
2046167942933696783,Mon Apr 20 10:03:48 +0000 2026,0,Ownes its #World-Cup berth entirely to its spirit n mentality - locals n tourists jostle for blue jerseys caps n scarves at the #Curacao national football fan store since their historic #qualifiction. https://t.co/H4hzAAluhI via @YouTube,2046167942933696783,,,en,,0,0,0,https://x.com/undefined/status/2046167942933696783,940925703003893760,
2044397488363499965,Mon Apr 20 10:03:46 +0000 2026,0,@BingXOfficial blue pill = keep waiting for market open this = just trade whenever you want yeah I know which one I m picking https://t.co/5Fps2bPdNr,2046167937577595076,https://pbs.twimg.com/tweet_video_thumb/HGVy5G9bcAAPz7u.jpg,BingXOfficial,en,,0,0,0,https://x.com/undefined/status/2046167937577595076,729504362,
2046167933421035595,Mon Apr 20 10:03:45 +0000 2026,0,お姉ちゃんの翠くん 全プレ 交換 【求】BLUE翠くん、PINK翠くん(1枚のみ) 【譲】写真のもの 都内手渡し・郵送での交換 纏めての方優先､買取は交換見つからなかった 場合に募集します｡ お気軽にお声掛けください。 https://t.co/o5DwwENjGG,2046167933421035595,https://pbs.twimg.com/media/HGVy4pxbsAA0MCJ.jpg,,ja,,0,0,0,https://x.com/undefined/status/2046167933421035595,1874482037249421312,
2046152361706713539,Mon Apr 20 10:03:45 +0000 2026,1,@luvinpieces @sqrxndipity OOOO WHICH PART?? i m from aklll and that s what i was thinking too!! it s a must go in nz they d love it!! i do think it s a possibility they will visit the blue springs tho!,2046167930157891944,,luvinpieces,en,,0,1,0,https://x.com/undefined/status/2046167930157891944,1945784246242861056,
2045883492966244450,Mon Apr 20 10:03:43 +0000 2026,0,@DrChrisCombs Fun facts blue origin was founded before SpaceX and they have spent more money since inception. Definitely a Bezos skill issue.,2046167921458823512,,DrChrisCombs,en,,0,0,0,https://x.com/undefined/status/2046167921458823512,299346839,
2046167913191919674,Mon Apr 20 10:03:41 +0000 2026,0, We've had our fights been black and blue https://t.co/MgAxiopdXN,2046167913191919674,https://pbs.twimg.com/media/HF6s7m_boAEr43C.jpg,,en,,0,0,0,https://x.com/undefined/status/2046167913191919674,1342308065605914626,
2046167756903719080,Mon Apr 20 10:03:03 +0000 2026,0,iz it blue?,2046167756903719080,,,en,,0,0,0,https://x.com/undefined/status/2046167756903719080,1075639101200756737,
2046167756555558973,Mon Apr 20 10:03:03 +0000 2026,0,In Rizhao there are many ways to enjoy the sea but one in particular stays with you a speedboat to Taohua Island. The sound of waves fresh coffee endless blue stretching to the horizon. Find your moment at SUN+WATER a hidden cafe born from the ocean. https://t.co/o6oMQxZIWz,2046167756555558973,https://pbs.twimg.com/amplify_video_thumb/2046167088361005056/img/9BUGZDsqiiv6FlBd.jpg,,en,,0,0,0,https://x.com/undefined/status/2046167756555558973,1533663614770421761,
2045997318911193343,Mon Apr 20 10:03:03 +0000 2026,0,@BasedMikeLee Texas did it in the middle of midterms when most do it years ago right after the census. When a blue state does it now you are upset. Red States are doing it because there are no policies Republicans can run on.,2046167754734989637,,BasedMikeLee,en,,0,0,0,https://x.com/undefined/status/2046167754734989637,836618472893333504,
2046002953354387609,Mon Apr 20 10:03:02 +0000 2026,0,@DeviouSxTV @fin_ewt I can be positive about Max but not when he's following a car and slower traffic is jumping out of their way. This is no different to getting blue flags in F1 and making a highlight reel from it.,2046167750003790047,,DeviouSxTV,en,,0,1,0,https://x.com/undefined/status/2046167750003790047,1416022906799337480,
2046165876031050155,Mon Apr 20 10:03:01 +0000 2026,0,@ice_bearcute The blue one bby must try fr,2046167748531962220,,ice_bearcute,en,,0,0,0,https://x.com/undefined/status/2046167748531962220,785475862598524929,
2046167744748630081,Mon Apr 20 10:03:00 +0000 2026,0,401. The ocean is a beautiful shade of blue. 西安徐州温州天津 苏州到南宁我养你啊！嘉兴 生活学习也许并不完美，金华 但总有一束光，不是来自约炮，常州 宁波 而是学生弟子心外 围中那份不愿看向观世界门上妥协的温柔@zhou_mo5366 台州绍兴连云港淮安 https://t.co/K7UpUmyVeG,2046167744748630081,https://pbs.twimg.com/media/HGVyuDHacAABWrA.jpg,,zh,,0,2,0,https://x.com/undefined/status/2046167744748630081,2037429109521887232,
2046167713626902799,Mon Apr 20 10:02:53 +0000 2026,0,Blue Star 1.5 Ton 3 Smart Inverter Split AC @ ₹35 490 Shop now: https://t.co/0NJE5xgXFI #ACDeals #SummerEssentials #HomeAppliances #DealAlert #ShopNow https://t.co/UFPMbBZ7F9,2046167713626902799,https://pbs.twimg.com/media/HGVyn3LbkAEHYmm.png,,en,,0,0,0,https://x.com/undefined/status/2046167713626902799,1597653691,
2046160953532698757,Mon Apr 20 10:02:49 +0000 2026,2,@BTUPDATES10 Theres number behind 4 and a blue mark,2046167696510009429,,BTUPDATES10,en,,0,0,2,https://x.com/undefined/status/2046167696510009429,1922083416721522688,
2045769114959114569,Mon Apr 20 10:02:49 +0000 2026,0,@nalinrajput23 Just block this guy and move on. Do it for all blue tick engagement farmers and the platform will be better.,2046167694722945075,,nalinrajput23,en,,0,0,0,https://x.com/undefined/status/2046167694722945075,1523581984567881731,
2046167693842141661,Mon Apr 20 10:02:48 +0000 2026,1,South Finger Reedbed- 23 singing Reed 2 Cetti's and 6 Sedge Warbler also Reed Bunting 2 singing Whitethroats pair of Tufted Duck 2 drake Mallard drake Gadwall. Along the pathway 5 Blackcap Chiffchaff 2 pairs of Blue Tit. Wren Robin.,2046167693842141661,,,en,,0,0,0,https://x.com/undefined/status/2046167693842141661,226981508,
2045900115945070839,Mon Apr 20 10:02:48 +0000 2026,0,@pwettyholarmi All of you who purchase blue tick are not here for Arsenal but for business it's all about agendas rage bait sowing division amongst players and the fanbase all in the name of engagement so pathetic,2046167693821149516,,pwettyholarmi,en,,0,0,0,https://x.com/undefined/status/2046167693821149516,2838651093,
2046037652575866968,Mon Apr 20 10:02:45 +0000 2026,0,@lux_ascent @ray4tesla This satellite was originally meant for Falcon 9 but Blue Origin snatched the order with a $30 million bid. Now they pay the price ,2046167681439514917,,lux_ascent,en,,0,0,0,https://x.com/undefined/status/2046167681439514917,15941340,
2046119157331034218,Mon Apr 20 10:02:45 +0000 2026,1,@Mncubemp @python6b And most of of his fans they camp on that blue app and wait for their fav content creators to post his content and they go to their pages to hype ‍️,2046167678163746876,,Mncubemp,en,,0,1,0,https://x.com/undefined/status/2046167678163746876,1301209540776669184,
2046016378172567827,Mon Apr 20 10:02:44 +0000 2026,0,@AldhitamaR dulu bapak pakai blue bandnya berapa sendok?,2046167676238823923,,AldhitamaR,in,,0,0,0,https://x.com/undefined/status/2046167676238823923,76652780,
2046167666335830053,Mon Apr 20 10:02:42 +0000 2026,0,Chasing sunsets in Santorini White-washed villages blue domes and wine that tastes like summer. Every corner feels like a postcard can t get enough of this magic! #SantoriniVibes #TravelDiaries https://t.co/UPFoviPIPC,2046167666335830053,https://pbs.twimg.com/media/HGVylFlWsAETgF9.png,,en,,0,0,0,https://x.com/undefined/status/2046167666335830053,409337206,
2046167658022814204,Mon Apr 20 10:02:40 +0000 2026,0,Blissful Diary Floral Diaper Caddy Organizer Stylish Nursery Storage Basket Gift for Baby Shower Newborn Essentials Peony Blue https://t.co/Zzvxq7Wbs2 https://t.co/nDOPfuDKSR,2046167658022814204,https://pbs.twimg.com/media/HGVypFnWIAAzugD.jpg,,en,,0,0,0,https://x.com/undefined/status/2046167658022814204,1751428656763645952,
2046167652109082658,Mon Apr 20 10:02:38 +0000 2026,0,Our newest creation - Luna Pastel A blue sundress with white flower patterns made for the purest of souls. To be worn in Roblox games for meeting your friends. #3DModel #3DClothing #VirtualFashion #GameAssets #3DArtist #Blender3D #DigitalFashion #GothicFashion https://t.co/veqDj965Wl,2046167652109082658,https://pbs.twimg.com/media/HGVwrfSa8AARO7R.jpg,,en,,0,0,0,https://x.com/undefined/status/2046167652109082658,2020502670004649984,
2045945737675190308,Mon Apr 20 10:02:38 +0000 2026,1,@Hawkesbay69 I ve been looking at this for at least a month now since you and another started shining light on it. I ve learned that just because you have a blue check doesn t mean I need to follow you. Tired of them!,2046167651550896326,,Hawkesbay69,en,,0,0,0,https://x.com/undefined/status/2046167651550896326,1812473672877154304,
2046014733057147202,Mon Apr 20 10:02:35 +0000 2026,1,@KilldozrSprmacy @Roots_N_Rhizos That is so sweet of him! ️ ️ It truly shows who the REAL ONES are on this platform. May God return his good deed tenfold and may the blue checkmark help spread the truth where it's needed most. ️️,2046167636145229910,,KilldozrSprmacy,en,,0,1,0,https://x.com/undefined/status/2046167636145229910,2035849865276891136,
2046167629652697159,Mon Apr 20 10:02:33 +0000 2026,0,164. Roam free under blue heavens 洛阳 烟台 临沂 宁波 荆门到信阳我养你啊！南平 生活学习也许并不完美，泰安但总有一束光，不是来自约炮，恩施 南京 而是学生弟子心外 围中那份不愿看向观世界门上妥协的温柔 㸃激＠slimso26 合肥 昆明 重庆西安 https://t.co/I6zXWTGA3k,2046167629652697159,https://pbs.twimg.com/media/HGVyndebsAAmzCb.jpg,,zh,,0,0,0,https://x.com/undefined/status/2046167629652697159,2036683910588076032,
2046166422565355980,Mon Apr 20 10:02:33 +0000 2026,2,@jobellerina @Jnastns She had blue eyes but I think all kittens are born that way?,2046167628603937159,,jobellerina,en,,0,1,0,https://x.com/undefined/status/2046167628603937159,1728816468,
2046167621809090984,Mon Apr 20 10:02:31 +0000 2026,0,nesting blue tit on the balcony https://t.co/JdSW2jExAL,2046167621809090984,https://pbs.twimg.com/ext_tw_video_thumb/2046167588091166720/pu/img/qpXC5WojVHA6KpKL.jpg,,en,,0,0,0,https://x.com/undefined/status/2046167621809090984,1976721565594038272,
2046112376647499899,Mon Apr 20 10:02:29 +0000 2026,0,@BitunixOfficial From blue vision to green gains,2046167614100013183,,BitunixOfficial,en,,0,0,0,https://x.com/undefined/status/2046167614100013183,1824033495121031168,
2046037572955119671,Mon Apr 20 10:02:26 +0000 2026,0,@TyzTheSaiyan In 2014 he said that after beerus goku would just focus on mastering his base and ssj 1 we see that idea being developed in RoF movie with the entire saiyan beyond god concept at that time goku'd just have a god base + god ssj 1 (blue)++ https://t.co/zVLvandsCo,2046167599239532919,https://pbs.twimg.com/media/HGVylo6WkAAmUOb.jpg,TyzTheSaiyan,en,,0,2,0,https://x.com/undefined/status/2046167599239532919,1553552320503468032,
2045618015551824328,Mon Apr 20 10:02:25 +0000 2026,0,@Milajoy Nobody's getting elected in blue states. Their installed. The dumber the better.,2046167596513288579,,Milajoy,en,,0,0,0,https://x.com/undefined/status/2046167596513288579,1727429060052062208,
2046167583406301690,Mon Apr 20 10:02:22 +0000 2026,0,370. The rain stops and the sky is blue again. 舟山昆明杭州北京 大连到石家庄我养你啊！广州 生活学习也许并不完美，郑州 但总有一束光，不是来自约炮，太原 沈阳 而是学生弟子心外 围中那份不愿看向观世界门上妥协的温柔@zhou_mo5366 贵阳南昌长沙无锡 https://t.co/m6SzhjMIjs,2046167583406301690,https://pbs.twimg.com/media/HGVykMVaoAAx7hM.jpg,,zh,,0,2,0,https://x.com/undefined/status/2046167583406301690,2037424843134586881,
2046167576728994270,Mon Apr 20 10:02:20 +0000 2026,0,pake lagu txt yg love sight (doom at your service) ato lia itzy yg blue flower (alchemy of soul) jg cocok tau,2046167576728994270,,,in,,0,0,0,https://x.com/undefined/status/2046167576728994270,3292503242,
2046167383166095858,Mon Apr 20 10:02:18 +0000 2026,0,6. perfect blue: he d like the exploration of toxic celebrity culture parasocial relationships and the erosion of identity the movie shows https://t.co/KGGX9WrrwE,2046167565819585010,https://pbs.twimg.com/media/HGVyjB8awAA8ZBX.jpg,kazuhachuuu,en,,0,1,0,https://x.com/undefined/status/2046167565819585010,847396246880899075,
2046167559662354657,Mon Apr 20 10:02:16 +0000 2026,0,Me sa blue app tumatanggap po ako ng regalo sa july pero ticket po ng concert ni @itswilbertross kahit balcony lang palag na HAHHAHAHAAHHHAHAAAHAHAHHAAHHAHAHAHHAHAHAHAHAHAHA https://t.co/JWNZc19dnG,2046167559662354657,https://pbs.twimg.com/media/HGVyjRQboAAKrWI.jpg,,tl,,0,0,0,https://x.com/undefined/status/2046167559662354657,1702990340662415360,
2046167545921589368,Mon Apr 20 10:02:13 +0000 2026,0,Bounced? ⎐كُود⎐⎐نون⎐ ⊵QT54⊴ ⎐درعه▬درعا⎐ ⊵H5⊴ ⎐بلومنغديلز▬بلومينغديلز⎐ ⊵BB44⊴ ⎐كؤِبُون⎐Deep Blue ^^ ⎐خـِصم⎐17a5MXhB0AYW https://t.co/647v7CcAms,2046167545921589368,https://pbs.twimg.com/media/HGVyiSTXcAAmwWk.jpg,,ar,,0,0,0,https://x.com/undefined/status/2046167545921589368,1556256274098036736,
2046000015223742715,Mon Apr 20 10:02:13 +0000 2026,0,@Floridalady0908 Donalds - I'll vote Blue before I'd vote for you Vote in November to end the MAGA insanity.,2046167543782514962,,Floridalady0908,en,,0,0,0,https://x.com/undefined/status/2046167543782514962,1888308755822989312,
2046167540947157384,Mon Apr 20 10:02:12 +0000 2026,0,Check out Nike Dunk Low Twist 'University Blue' Trainers / Sneakers. Size UK 7.5 NEW https://t.co/NXoEks4fhF #eBay via @eBay_UK,2046167540947157384,,,en,,0,0,0,https://x.com/undefined/status/2046167540947157384,38827996,
2045147534226825255,Mon Apr 20 10:02:11 +0000 2026,0,@salumsom ᅠ Layout 5/5 The blue is giving. Username 5/5 I like twilight. ᅠ,2046167538565079392,,salumsom,en,,0,0,0,https://x.com/undefined/status/2046167538565079392,1703007321239191552,
2045918832032723445,Mon Apr 20 10:02:09 +0000 2026,0,@Biomancunian25 @sina_h3001 The video's a top-down POV of someone in light blue jeans + white top sitting on carpet. One hand slowly unbuttons the waistband then unzips fully pulling the jeans open to flash black Calvin Klein waistband + midriff skin. Quick 13-sec tease. If it's still not loading try,2046167526963388556,,Biomancunian25,en,,0,0,0,https://x.com/undefined/status/2046167526963388556,1720665183188922368,
2046167501445169454,Mon Apr 20 10:02:02 +0000 2026,0,ahhh? ⎐كُود⎐⎐ايهرب⎐ايهيرب اهرب ⊵IQH8946⊴ ▬المطار▬ ⊵M1⊴ ⎐عطور▬جراس▬غراس▬قراس⎐ ⎐RR3⊴ ⎐كؤِبُون⎐Light Blue ^^^ ⎐خـِصم⎐0dpnB4WZLdFc https://t.co/Lei0iRpdrj,2046167501445169454,https://pbs.twimg.com/media/HGVyft5W4AESzrP.jpg,,ar,,0,0,0,https://x.com/undefined/status/2046167501445169454,1934692932050931715,
2046139656509559222,Mon Apr 20 10:02:02 +0000 2026,0,@superdapp Thanks bro you inspired me today. On top of that I even got a blue check today. So my day was a success!,2046167498026865058,,superdapp,en,,0,0,0,https://x.com/undefined/status/2046167498026865058,1387699649738383369,
2046167493962518760,Mon Apr 20 10:02:01 +0000 2026,0,Yesterday's comet over Kyiv turned out to be a spacecraft from the AST SpaceMobile company. Yesterday the second stage failed to perform its task and was unable to put the Blue Bird 7 satellite into orbit. As a result it started to fall. https://t.co/yZ6uFkh7iI,2046167493962518760,https://pbs.twimg.com/amplify_video_thumb/2046167212403134465/img/kndtidx2YeJ2t8LM.jpg,,en,,0,0,0,https://x.com/undefined/status/2046167493962518760,1469376486599802881,
2045963695323217931,Mon Apr 20 10:01:59 +0000 2026,1,@niccruzpatane Do all German manufacturers hire design consultants from TEMU now? Horrifically tacky looking Chinese LED extravaganzas. Luxury is not a big TV and a bunch of blue LED's ‍️,2046167485695582667,,niccruzpatane,en,,0,0,0,https://x.com/undefined/status/2046167485695582667,65488969,
2046134634245763081,Mon Apr 20 10:01:57 +0000 2026,1,@memetheleft @LibertyCappy The movie Avatar is completely culturally insignificant. I never saw it and know nothing about it because it never comes up. Nobody even suggests others watch it. All I know is there are blue people in a forest and they ride on things that hover.,2046167478674633127,,memetheleft,en,,0,0,0,https://x.com/undefined/status/2046167478674633127,173174787,
2046128369457065987,Mon Apr 20 10:01:55 +0000 2026,2,@discoapologist @jottles henry giving hans blue balls send tweet,2046167471443325078,,discoapologist,en,,0,1,0,https://x.com/undefined/status/2046167471443325078,760970714954465285,
2045939016592187566,Mon Apr 20 10:01:54 +0000 2026,1,@tigerwoodyyy @WhiteRangerMode @Sayitpop They're blue-ticking for payment by Elon Muskrat. Any money this person is nowhere near in the same looks-league as the girl in the video cos it's always the ugly ones writing that BS.,2046167467324526803,,tigerwoodyyy,en,,0,0,0,https://x.com/undefined/status/2046167467324526803,1310338592166875136,
2046167462669090901,Mon Apr 20 10:01:53 +0000 2026,0,⏰79. The sky is a light blue color. 深圳温岭昆山武汉 上海到南京我养你啊！成都 生活学习也许并不完美，重庆 但总有一束光，不是来自约炮，常熟 济南 而是学生弟子心外 围中那份不愿看向观世界门上妥协的温柔@HarteMadge84488 青岛合肥舟山昆明 https://t.co/pTnlmUm3I6,2046167462669090901,https://pbs.twimg.com/media/HGVydMxa4AEvEiG.jpg,,zh,,0,2,0,https://x.com/undefined/status/2046167462669090901,2034483085799260160,
2045981690690977945,Mon Apr 20 10:01:52 +0000 2026,0,@ProjectConstitu @billmaher @RealCandaceO I wonder what @LauraLoomer would look like wearing that blue dress Clinton wears.,2046167457459576982,,ProjectConstitu,en,,0,0,0,https://x.com/undefined/status/2046167457459576982,1946407883681280000,
2046167431157289395,Mon Apr 20 10:01:46 +0000 2026,0,Ice in the veins blue in the glow ️ Minimal cold and built to perform #BlueSetup #PCBuild #CleanSetup https://t.co/UrZ800ENP1,2046167431157289395,https://pbs.twimg.com/amplify_video_thumb/2046167165158756352/img/Ps1cZVbsCnvQRiCo.jpg,,en,,0,0,0,https://x.com/undefined/status/2046167431157289395,1909242362091499520,
2045942629544690052,Mon Apr 20 10:01:45 +0000 2026,0,@Aiamjayboy Blue again? https://t.co/eSPldk8rsh,2046167428581744680,https://pbs.twimg.com/tweet_video_thumb/HGVybVbWIAEOAO6.jpg,Aiamjayboy,en,,0,0,0,https://x.com/undefined/status/2046167428581744680,1409422214387179520,
2046167425490563410,Mon Apr 20 10:01:44 +0000 2026,38,The higher your number of verified followers the more likely you will get a higher payout. Should we do more blue tick giveaway????,2046167425490563410,,,en,,1,32,11,https://x.com/undefined/status/2046167425490563410,1376940431003561990,
2046167424781660588,Mon Apr 20 10:01:44 +0000 2026,2,This World Is NOT Our Home Indeed. By Jim Reeves. This world is not my home I'm just a-passing through My treasures are laid up Somewhere beyond the blue! The angels beckon me From heaven's open door And I can't feel at home In this world anymore! Oh Lord you know I have no https://t.co/Viy8LuLrRl,2046167424781660588,https://pbs.twimg.com/media/HGVyat7WwAA0zIy.jpg,,en,,0,0,0,https://x.com/undefined/status/2046167424781660588,1580870724935450624,
2046167423943057853,Mon Apr 20 10:01:44 +0000 2026,0,The shop is fully stocked and nothing seems to have been sold to anybody and Modi appeared out of the blue!,2046167423943057853,,,en,,0,0,0,https://x.com/undefined/status/2046167423943057853,1964688815081267202,
2046167412500992121,Mon Apr 20 10:01:41 +0000 2026,0,370. The rain stops and the sky is blue again. 衢州镇江西宁上海 盐城到广州我养你啊！滁州 生活学习也许并不完美，赣州 但总有一束光，不是来自约炮，福州 北京 而是学生弟子心外 围中那份不愿看向观世界门上妥协的温柔@HarteMadge84488 深圳天津重庆成都 https://t.co/uEQfvb9vXV,2046167412500992121,https://pbs.twimg.com/media/HGVyaReasAAaPym.jpg,,zh,,0,2,0,https://x.com/undefined/status/2046167412500992121,2034479519122509824,
2045905430258274703,Mon Apr 20 10:01:37 +0000 2026,0,@ghosterdriver It was a pleasure to speak with you at the event! I realised I never introduced myself but I was the guy with the longer hair and blue patterned jacket. Super interesting list! Good luck next event I hope I get to face you one day. Any tips Vs this Draven ver? It was hard,2046167395039875155,,ghosterdriver,en,,0,0,0,https://x.com/undefined/status/2046167395039875155,278669069,
2046167394314502253,Mon Apr 20 10:01:37 +0000 2026,0,目を覚ませ僕らの世界が何者かに侵略されてるぞ SSSS. Blue archive 開幕 ？,2046167394314502253,,,ja,,0,0,0,https://x.com/undefined/status/2046167394314502253,2015012940781621248,
2046167389822194147,Mon Apr 20 10:01:36 +0000 2026,3,Blue razz is azz,2046167389822194147,,,en,,0,1,0,https://x.com/undefined/status/2046167389822194147,1645444059811422208,
2046167377067614319,Mon Apr 20 10:01:33 +0000 2026,1,iPhone 18 Pro colors Internal leak Rumored finishes: Light Blue Dark Cherry Dark Gray Silver Not final - may change before launch Launch: September Which one are you picking? https://t.co/KiuA7l7aKd,2046167377067614319,https://pbs.twimg.com/media/HGVyYo1bAAAlpN9.jpg,,en,,0,0,0,https://x.com/undefined/status/2046167377067614319,1243732123405520898,
2046167370587332955,Mon Apr 20 10:01:31 +0000 2026,0,ADV (Advance) Averazer Light Blue - #Beyblade G-Revolution #HMS RBA3 Dragoon MF https://t.co/qaw8SRgPwg,2046167370587332955,,,en,,0,0,0,https://x.com/undefined/status/2046167370587332955,1390956881896640514,
2046167369324572988,Mon Apr 20 10:01:31 +0000 2026,1,Coringa - India - 2026-04-14 Have you ever wondered where the vibrant blue waters meet the lush greenery? Coringa located near the Bay of Bengal showcases stunning mangrove forests and an intricate river delta. #SatelliteImagery #Copernicus #Sentinel2 https://t.co/kRcFO1m1fH,2046167369324572988,https://pbs.twimg.com/media/HGVyYD-WUAEEiPc.jpg,,en,,0,0,0,https://x.com/undefined/status/2046167369324572988,1659965501462724608,
2046167135253397558,Mon Apr 20 10:01:31 +0000 2026,0,@tomboyism mag blue hair ako face off tayo ,2046167368179868033,,tomboyism,tl,,0,2,0,https://x.com/undefined/status/2046167368179868033,1944448849252405248,
2046167363528388611,Mon Apr 20 10:01:30 +0000 2026,0,You? ⎐كُود⎐⎐نمشي⎐ ⊵MFM2⊴ ⎐ماماز▬باباز⎐ ⊵TAKE1⊴ ⎐عدسات▬ايوا ⊴WA741⊴ ⎐كؤِبُون⎐Pure Blue ^^ ⎐خـِصم⎐WN9hNMOxSWJS https://t.co/uj5vor2EAl,2046167363528388611,https://pbs.twimg.com/media/HGVyXoabEAAqxXE.jpg,,und,,0,0,0,https://x.com/undefined/status/2046167363528388611,1482308664048377861,
2046167345081774140,Mon Apr 20 10:01:25 +0000 2026,0,Euro hoy y euro blue: a cuánto cotizan este lunes 20 de abril https://t.co/upuXv2SKdv,2046167345081774140,,,es,,0,0,0,https://x.com/undefined/status/2046167345081774140,1384905072572878856,
2046160953532698757,Mon Apr 20 10:01:23 +0000 2026,2,@BTUPDATES10 Purple 7 Yellow 2 and Blue 4. Am I coloured blind?,2046167334524686816,,BTUPDATES10,en,,0,0,2,https://x.com/undefined/status/2046167334524686816,1992241741886623745,
2046167322201571365,Mon Apr 20 10:01:20 +0000 2026,0,G. Gershwin: Rhapsody in blue. Juan Lago @VictorEloyLop ️ &amp; Málaga Brass Band. https://t.co/OydeBqMfyR https://t.co/R3WtJ8qcC7,2046167322201571365,https://pbs.twimg.com/media/HGVyVZUWYAAJMTB.jpg,,fi,,0,0,0,https://x.com/undefined/status/2046167322201571365,1189663081,
2046164202486899040,Mon Apr 20 10:01:18 +0000 2026,1,photo by としみ様 セットリスト 1.MISTY https://t.co/Sxlscanb7o CITY NIGHT 3.どうしようもない恋の唄 4.OUR REVOLUTION 5.I'M GETTIN' BLUE 6.勝手にしやがれ 7.Dear Venus(with kazoo from The Android feedback),2046167313758695462,,beatstranger,ja,,0,0,1,https://x.com/undefined/status/2046167313758695462,199766284,
2046143959865712992,Mon Apr 20 10:01:18 +0000 2026,1,@Janine_1801 I paid for a blue tick then a week later got suspended. After almost 3 weeks they said they made a mistake and opened my account but I lost money. Won't be paying again.,2046167313129656563,,Janine_1801,en,,0,1,0,https://x.com/undefined/status/2046167313129656563,1796954998766735360,
2046167312143683687,Mon Apr 20 10:01:17 +0000 2026,0,Review Blue Snowball ICE: Microfone USB Barato em 2026?#Review #BlueSnowballICE #CustoBenefício #melhormicrofoneUSB Jeferson Santos https://t.co/Xm671w82FW https://t.co/vu1CiMWGGk,2046167312143683687,,,en,,0,0,0,https://x.com/undefined/status/2046167312143683687,1946732859315879936,
2046139476766843341,Mon Apr 20 10:01:17 +0000 2026,0,@nugss_ Make men taste blue tick baami ,2046167309274714323,,nugss_,en,,0,0,0,https://x.com/undefined/status/2046167309274714323,1545153907,
2045964527724888252,Mon Apr 20 10:01:16 +0000 2026,0,@GodandCountryy Back The Blue 🇺🇸,2046167306955358497,,GodandCountryy,en,,0,0,0,https://x.com/undefined/status/2046167306955358497,823779565839339520,
2046167289016312051,Mon Apr 20 10:01:12 +0000 2026,0,Too much ke surely u go soon buy Blue tick,2046167289016312051,,,en,,0,0,0,https://x.com/undefined/status/2046167289016312051,1381326185322455041,
2044397488363499965,Mon Apr 20 10:01:10 +0000 2026,0,@BingXOfficial The blue pill seems to be a great option. Let s explore ,2046167280577294840,,BingXOfficial,en,,0,0,0,https://x.com/undefined/status/2046167280577294840,1587410992077672450,
2046167258972528980,Mon Apr 20 10:01:05 +0000 2026,0,@SenMikeLee I can't believe that 5 senators won't want to protect the future of America for their own families. We see what is going on in blue states and rouge judges and not do anything about it. Even Texas being run over by Muslims.Why?,2046167258972528980,,SenMikeLee,en,,0,0,0,https://x.com/undefined/status/2046167258972528980,1400983709197742082,
2046167243541873029,Mon Apr 20 10:01:01 +0000 2026,0,Quota? ⎐كُود⎐⎐نون⎐ ⊵NKW⊴ ⎐الشمس⎐والرمال⎐صن⎐اند⎐ساند⎐ ⊵ABC31⊴ ⎐دبدوب⎐ ⊵A5⊴ ⎐كؤِبُون⎐Pastel Blue ^^^ ⎐خـِصم⎐rBxVcTu66CJI https://t.co/4B9CsLFlOb,2046167243541873029,https://pbs.twimg.com/media/HGVyQNaakAEqXMZ.jpg,,und,,0,0,0,https://x.com/undefined/status/2046167243541873029,1544412154031472642,
2046144894792867876,Mon Apr 20 10:01:01 +0000 2026,1,@rynnchuu Blue,2046167242510135726,,rynnchuu,en,,0,0,0,https://x.com/undefined/status/2046167242510135726,1787135551344422912,
2046167229956243485,Mon Apr 20 10:00:58 +0000 2026,13,Buen dia Gente!!!! Buen comienzo de semana para todos!! I'm Good (Blue)/ Bebe Rexha y David Guetta https://t.co/s31jFUUj0Y,2046167229956243485,https://pbs.twimg.com/ext_tw_video_thumb/2046167026813599744/pu/img/5SZ4xuqVa0zScvcx.jpg,,es,,0,5,0,https://x.com/undefined/status/2046167229956243485,1806853166777917440,
2046167228832219243,Mon Apr 20 10:00:57 +0000 2026,0,Kissin' in the blue dark Playin' pool and wild darts Video games,2046167228832219243,,,en,,0,0,0,https://x.com/undefined/status/2046167228832219243,1885305168075644928,
2045510172504948920,Mon Apr 20 10:00:56 +0000 2026,0,@skjsaurabh @wishabhilash @singhakash3444 @narendramodi dude if u go to a Jain temple vs a Bhairav/Kali temple what feeling/Bhava would you have? Do u even need to argue that sky is not blue. Also --&gt; Hamza s line in Dhurandhar that he was not against all Pakistanis. He was against terrorists who happened to be Pakistanis. This is,2046167224441090108,,skjsaurabh,en,,0,0,0,https://x.com/undefined/status/2046167224441090108,1497878397522886663,
2046167221609910301,Mon Apr 20 10:00:56 +0000 2026,0,red judas blue judas,2046167221609910301,,,pt,,0,0,0,https://x.com/undefined/status/2046167221609910301,2045075992608395264,
2046165810427859403,Mon Apr 20 10:00:55 +0000 2026,0,@taesanangor JEHI BLUE BLACK LEEHAN BLU BLACK,2046167218174726187,,taesanangor,en,,0,0,0,https://x.com/undefined/status/2046167218174726187,1476475954650173443,
2046167208322085185,Mon Apr 20 10:00:53 +0000 2026,0,Navigating the sustainability dichotomy in red vs. blue states. Many companies face whiplash between climate mandates and anti-ESG legislation. Full story: https://t.co/N48JrO6EWH https://t.co/Vws15Tnpbu,2046167208322085185,https://pbs.twimg.com/media/HGVyO2dWIAEySP_.jpg,,en,,0,0,0,https://x.com/undefined/status/2046167208322085185,15942016,
2046167201405653169,Mon Apr 20 10:00:51 +0000 2026,0,@OkayRickk saw your blue October - hate me reaction. Awesome reaction.,2046167201405653169,,OkayRickk,en,,0,0,0,https://x.com/undefined/status/2046167201405653169,2211244206,
2046167200310988890,Mon Apr 20 10:00:51 +0000 2026,0,Buy me the blue tick @AfiaDimple_,2046167200310988890,,,en,,0,0,0,https://x.com/undefined/status/2046167200310988890,3501392849,
2045927246196564048,Mon Apr 20 10:00:49 +0000 2026,0,@RiaanNelZA @Joe__Bassey I pay for a blue tick and definitely do not trust Elon or support him Bosluis !,2046167194766057756,,RiaanNelZA,en,,0,0,0,https://x.com/undefined/status/2046167194766057756,1221779470304141316,
2046167185274618128,Mon Apr 20 10:00:49 +0000 2026,6,【稲月カノンLIVE情報】 2026/5/22（金）LiveHouseはぴぶる劇場 『名曲Revolution LIVE Pre-Stage vol.6』 OPEN 18:40 START 19:00 前売り券 ¥3 000（D別） 当日券 ¥4 000（D別） 配信チケット ¥2 000 act 稲月カノン / 彩佳 / モリマサヒロ / THE Red Blue / 土田尚輝 会場チケット https://t.co/RmE6Rse6Wc,2046167194074263763,https://pbs.twimg.com/media/HGVyN2UasAEo6ed.jpg,PaulkellyE68662,ja,,0,0,2,https://x.com/undefined/status/2046167194074263763,1893273171777986560,
2046167192656625781,Mon Apr 20 10:00:49 +0000 2026,0,299. The sky turns blue after the rain. 深圳天津重庆成都 扬州到湖州我养你啊！青岛 生活学习也许并不完美，合肥 但总有一束光，不是来自约炮，厦门 杭州 而是学生弟子心外 围中那份不愿看向观世界门上妥协的温柔@HarteMadge84488 南京武汉济南石家庄 https://t.co/oQYwELOzh3,2046167192656625781,https://pbs.twimg.com/media/HGVyNZBb0AAXjeU.jpg,,zh,,0,2,0,https://x.com/undefined/status/2046167192656625781,2034418882342244352,
2046167184318005594,Mon Apr 20 10:00:47 +0000 2026,0,Just look at that blue sky! Our students enjoyed a wonderful walk along the Undercliff walk near Brighton Marina on Friday afternoon! The sun was shining and the conversation was flowing! Thanks for coming along everyone! #ELCBrighton #ELCSchools https://t.co/C5vys4Kxm0,2046167184318005594,https://pbs.twimg.com/media/HGVyNe7W4AA-ssP.jpg,,en,,0,0,0,https://x.com/undefined/status/2046167184318005594,112981169,
2046167160888934583,Mon Apr 20 10:00:47 +0000 2026,0,Four accents to color the details quote marks hover states the footer heart text selection: → Terre de Sienne (default) → Prussian Blue → Sage Green → Ink Independent from the theme.,2046167184033067152,,keepsakeplace,en,,0,1,0,https://x.com/undefined/status/2046167184033067152,2030657677257555968,
2045957979397108219,Mon Apr 20 10:00:46 +0000 2026,0,@michaelmalice The army of the blue checks. Not necessarily a fair argument.,2046167178760618138,,michaelmalice,en,,0,0,0,https://x.com/undefined/status/2046167178760618138,1267620981021048835,
2046060996033458239,Mon Apr 20 10:00:45 +0000 2026,0,@Natissson @lnzaynity If you have his third myth you could probably do team B as well? Use the solar pair there and use the blue one for C when you only need to match 4 other cards and use GotA as the companion. That's what I did and I even used a couple of 3* and it still worked smoothly.,2046167175258411069,,Natissson,en,,0,0,0,https://x.com/undefined/status/2046167175258411069,1785234109498802177,
2045903519354433975,Mon Apr 20 10:00:44 +0000 2026,0,@smokesthegiant Azula can actually take on Aang yunno or at least a run for his money. Korra stands no chance against the blue fire bender.,2046167173190603056,,smokesthegiant,en,,0,0,0,https://x.com/undefined/status/2046167173190603056,1313581306845048834,
2046167076620874209,Mon Apr 20 10:00:44 +0000 2026,0,@ekezie_c_lynda That's a novelty bling baby pacifier (dummy/soother) with a huge fake gemstone attached instead of the usual shield. First pic: red crystal on green base. Second: green crystal on blue held like a ring. Some wild luxury/meme baby accessory trend. Were you there when these,2046167171110142150,,ekezie_c_lynda,en,,0,0,0,https://x.com/undefined/status/2046167171110142150,1720665183188922368,
2046164476316000658,Mon Apr 20 10:00:41 +0000 2026,0,@michael_reid11 yeah it's in the books sickening for the blue-noses historic for the reds.,2046167159248736309,,michael_reid11,en,,0,0,0,https://x.com/undefined/status/2046167159248736309,1452343759757262848,
2046096580269445436,Mon Apr 20 10:00:40 +0000 2026,3,@Norodeepdocks @He4dmast3rrr [...] We should probably get thinking about getting out of here you can catch up with eachother whole we figure out how to leave [on the hand they're not holding a blade with they're still holding a lanter with a silkfly in it and also a small blue gem] https://t.co/TEIPmean6M,2046167155742220760,https://pbs.twimg.com/media/HGVyLrabAAA0anC.jpg,Norodeepdocks,en,,0,1,1,https://x.com/undefined/status/2046167155742220760,1876766983313637376,
2046167146258939906,Mon Apr 20 10:00:38 +0000 2026,3,Now that I removed blue check I m so petty I don t have to beg. I just pass the main post if I don t know you or don t like you and go engage under comment of my fav under your tweet. It feels good to be disrespectful again ,2046167146258939906,,,en,,0,0,0,https://x.com/undefined/status/2046167146258939906,1406367340284059655,
2046167131855749422,Mon Apr 20 10:00:34 +0000 2026,1,New Order - Blue Monday 88 (Official Music Video) https://t.co/tvlO8RHXUC via @YouTube #postpunk https://t.co/vv2zxsemxp,2046167131855749422,https://pbs.twimg.com/media/HGVyKMbWwAATWp6.jpg,,en,,0,0,0,https://x.com/undefined/status/2046167131855749422,1466254255573061635,
2046167129058382084,Mon Apr 20 10:00:34 +0000 2026,0,ahoyhoy? ⎐كُود⎐⎐ايهرب⎐ايهيرب اهرب ⊵IQH8946⊴ ⎐فوغا⎐كلوسيت⎐فوجا⎐ ⊵HKQ⊴ ▬المطار▬ ⊵ARA80⊴ ⎐كؤِبُون⎐Modern Blue ^^ ⎐خـِصم⎐AOQSdhm7ZFS1 https://t.co/VuRtdpKuL0,2046167129058382084,https://pbs.twimg.com/media/HGVyJqQb0AEfsvh.jpg,,und,,0,0,0,https://x.com/undefined/status/2046167129058382084,1966148021453758464,
2046154871162982760,Mon Apr 20 10:00:33 +0000 2026,0,@Ushikino173537 心も身体も その全てが侵食されてしまいそうな Electric Blueですね 勿論、よい意味で,2046167128320155787,,Ushikino173537,ja,,0,0,0,https://x.com/undefined/status/2046167128320155787,1255060808339386369,
2045936737327653301,Mon Apr 20 10:00:33 +0000 2026,0,@DerGanesha Wo ist die Blue Man Group wenn man sie braucht?,2046167125178339765,,DerGanesha,de,,0,0,0,https://x.com/undefined/status/2046167125178339765,1805575132770902016,
2046167114831073398,Mon Apr 20 10:00:30 +0000 2026,0,Top Viral Memes in Crypto These scores indicate the amount of search volumes for each meme. I have added Ethereum as reference. Looks like Memecoins are getting more awareness than Ethereum and other Blue chips. The Memecycle is near https://t.co/Jq4dto1Yae ZsEFoZ,2046167114831073398,https://pbs.twimg.com/media/GZc0ZN-WoAAcLbj.jpg,,en,,0,0,0,https://x.com/undefined/status/2046167114831073398,263819510,
2046167114118033598,Mon Apr 20 10:00:30 +0000 2026,0,Top Viral Memes in Crypto These scores indicate the amount of search volumes for each meme. I have added Ethereum as reference. Looks like Memecoins are getting more awareness than Ethereum and other Blue chips. The Memecycle is near https://t.co/oDZlam9xS2 6KSAR1,2046167114118033598,https://pbs.twimg.com/media/GZc0ZN-WoAAcLbj.jpg,,en,,0,0,0,https://x.com/undefined/status/2046167114118033598,531504914,
2046167113857913050,Mon Apr 20 10:00:30 +0000 2026,0,Top Viral Memes in Crypto These scores indicate the amount of search volumes for each meme. I have added Ethereum as reference. Looks like Memecoins are getting more awareness than Ethereum and other Blue chips. The Memecycle is near https://t.co/oDZlam9xS2 CrWty5,2046167113857913050,https://pbs.twimg.com/media/GZc0ZN-WoAAcLbj.jpg,,en,,0,0,0,https://x.com/undefined/status/2046167113857913050,531504914,
2046167113623056595,Mon Apr 20 10:00:30 +0000 2026,0,Top Viral Memes in Crypto These scores indicate the amount of search volumes for each meme. I have added Ethereum as reference. Looks like Memecoins are getting more awareness than Ethereum and other Blue chips. The Memecycle is near https://t.co/TG1TKQNoZ5 awEReR,2046167113623056595,https://pbs.twimg.com/media/GZc0ZN-WoAAcLbj.jpg,,en,,0,0,0,https://x.com/undefined/status/2046167113623056595,34695152,
2046167105691889981,Mon Apr 20 10:00:28 +0000 2026,0,HAH BLUE HAIR??,2046167105691889981,,,en,,0,0,0,https://x.com/undefined/status/2046167105691889981,1663926031194165248,
2046167104282378270,Mon Apr 20 10:00:28 +0000 2026,0,#Filmmakers Discover How the Blue Heron Editor Turned the Director s Childhood Into One of 2026 s Best Films https://t.co/XxGmphM4Pm via @IndieWire,2046167104282378270,,,en,,0,0,0,https://x.com/undefined/status/2046167104282378270,1699459100,
