conversation_id_str,created_at,favorite_count,full_text,id_str,image_url,in_reply_to_screen_name,lang,location,quote_count,reply_count,retweet_count,tweet_url,user_id_str,username
2046761224256291000,Wed Apr 22 03:18:41 +0000 2026,0,@harryjsisson @BrilynHollyhand We will finish it to. If every blue and red state gerrymanders Republicans gain like 30 seats Good luck buddy,2046790767776084097,,harryjsisson,en,,0,0,0,https://x.com/undefined/status/2046790767776084097,1975976663864287232,
2046790751028191641,Wed Apr 22 03:18:37 +0000 2026,0,Blue Magic Babeyyyyy https://t.co/jyMDzt0Q87,2046790751028191641,,,en,,0,0,0,https://x.com/undefined/status/2046790751028191641,1490442817776271364,
2046380283985903814,Wed Apr 22 03:18:37 +0000 2026,0,@__Moonroses__ GoofyiestBisket(pretend its blue) im WHAT??? NOOOO!!!!! IM BEING SUNKEN!!!!!,2046790750130635242,,__Moonroses__,en,,0,0,0,https://x.com/undefined/status/2046790750130635242,1881827215572418560,
2046580647377137665,Wed Apr 22 03:18:36 +0000 2026,0,@khanumarfa Are blue and black tents are women empowerment?,2046790747752640602,,khanumarfa,en,,0,0,0,https://x.com/undefined/status/2046790747752640602,1728615065941680128,
2046790747702153224,Wed Apr 22 03:18:36 +0000 2026,0,Magical Mystery Tour is a great album and Blue Jay Way is a great song!,2046790747702153224,,,en,,0,0,0,https://x.com/undefined/status/2046790747702153224,1522630403806408711,
2046790228480766256,Wed Apr 22 03:18:36 +0000 2026,0,im.... almost tempted to buy the grey version too..... idk if i wanna get long or short though. i have the long version of the blue dress. :thinking:,2046790746473218446,,tokohaanjou,en,,0,0,0,https://x.com/undefined/status/2046790746473218446,787414329624637441,
2046581059953844398,Wed Apr 22 03:18:35 +0000 2026,0,@Mr_LooseyGoosey @SenateGOP What s the process for verifying your idiocy to earn your blue check? Is it time consuming?,2046790743604293786,,Mr_LooseyGoosey,en,,0,0,0,https://x.com/undefined/status/2046790743604293786,1182085171186675713,
2046743928246857796,Wed Apr 22 03:18:34 +0000 2026,0,@caden3123 @ChicagosLoneCon I don t really believe this their current rut is an anomaly caused by Trump being deeply hated here and the GOP completely botching 2025. It will probably revert to blue-leaning but competitive in the future. Their main challenge is demographics but they will adapt,2046790741008044241,,caden3123,en,,0,0,0,https://x.com/undefined/status/2046790741008044241,1641463316538183680,
2046790737753145657,Wed Apr 22 03:18:34 +0000 2026,0,I love to fly. It's just you're alone there's peace and quiet nothing around you but clear blue sky. No one to hassle you. No one to tell you where to go or what to do. The only bad part about flying is having to come back down to the fuckin' world. -streetwise,2046790737753145657,,,en,,0,0,0,https://x.com/undefined/status/2046790737753145657,898415379663343616,
2046790737677963430,Wed Apr 22 03:18:34 +0000 2026,0,昨日の三ノ輪・Blue Velvetでの「ムードクラリネットの夜」にお越しの皆さま、どうもありがとうございました！ ムードたっぷりのお店でのびのびやらせていただきました！亜希さんありがとうございました！,2046790737677963430,,,ja,,0,0,0,https://x.com/undefined/status/2046790737677963430,118764951,
2046783050491613607,Wed Apr 22 03:18:32 +0000 2026,0,@LibertyFrLibles we can only hope so :(!! getting more blue means he loses power!! hopefully!,2046790731994431967,,LibertyFrLibles,en,,0,0,0,https://x.com/undefined/status/2046790731994431967,1956444213899411456,
2046723018119069779,Wed Apr 22 03:18:29 +0000 2026,0,@horrormuseum It depends on the title. I just bought the blu ray of Batman 89 because I made the MISTAKE of buying the 4K UHD disc of it which is technically sharper but they restored it to a version that never existed where everything is teal or blue. Joker looks like a Smurf.,2046790718782316837,,horrormuseum,en,,0,0,0,https://x.com/undefined/status/2046790718782316837,2190955669,
2046475052749635879,Wed Apr 22 03:18:26 +0000 2026,0,@troutblaster Sinclair x demian would be smth like Blue Marker,2046790707311260078,,troutblaster,en,,0,0,0,https://x.com/undefined/status/2046790707311260078,1974583100324925440,
2046790695566946636,Wed Apr 22 03:18:24 +0000 2026,0,Blue Line: the trip scheduled to depart Baypointe Station at 8:08 PM is delayed (11 min). Details at https://t.co/kKwBqf3xZZ,2046790695566946636,,,en,,0,0,0,https://x.com/undefined/status/2046790695566946636,2233556436,
2046144243559784819,Wed Apr 22 03:18:23 +0000 2026,0,@GigoloCatalan @PsyGuy007 Le blue oyster bar a bien changé,2046790694530895928,,GigoloCatalan,fr,,0,0,0,https://x.com/undefined/status/2046790694530895928,741012422,
2046762327148478738,Wed Apr 22 03:18:23 +0000 2026,0,@cavserss it s also blatant military propaganda too like lets think about what a tall blond white blue eyed u.s.american navy seal in the 2010s would be doing please ️️ murdering people that s correct,2046790691351658523,,cavserss,en,,0,0,0,https://x.com/undefined/status/2046790691351658523,1264731426060189698,
2046790691117035655,Wed Apr 22 03:18:22 +0000 2026,0,ohno? ⎐كُود⎐⎐تُيموُ⎐ ⊵TEM73⊴ ▬المطار▬ ⊵ARA80⊴ ⎐ستايلي⎐ ⎐WM⊴ ⎐كؤِبُون⎐Light Blue ^^ ⎐خـِصم⎐wN9z9sQzjGjo https://t.co/SP0GUw1L3N,2046790691117035655,https://pbs.twimg.com/media/HGepR4fboAAOp8k.jpg,,und,,0,0,0,https://x.com/undefined/status/2046790691117035655,569817895,
2046790687480320301,Wed Apr 22 03:18:22 +0000 2026,0,@RyanBingham estrena el video de Blue Skies con la colaboración de The Texas Gentlemen. El artista country presentó un nuevo adelanto de su próximo álbum en una pieza audiovisual que integra el cine de Jeff Nichols. https://t.co/A0JqdVCJMy #RyanBingham https://t.co/cWpI0czuFl,2046790687480320301,https://pbs.twimg.com/media/HGepQ5fW0AAQGyp.jpg,,es,,0,0,0,https://x.com/undefined/status/2046790687480320301,59857878,
2046759201947398519,Wed Apr 22 03:18:20 +0000 2026,0,@_Revan38_ @TristanSnell Happens all the time. Florida Virginia Arizona California hell Rhode Island today with their republican governor. So when Texas turns blue will that be the next switch?,2046790679142027611,,_Revan38_,en,,0,0,0,https://x.com/undefined/status/2046790679142027611,1672217040961306624,
2046790678928388195,Wed Apr 22 03:18:20 +0000 2026,0,All blue check acc is inherently ragebaiting IDC I'm not gonna waste my time trying to change their mind (that is if they have),2046790678928388195,,,en,,0,0,0,https://x.com/undefined/status/2046790678928388195,1192749147943686144,
2046363596913774681,Wed Apr 22 03:18:19 +0000 2026,0,@MaximusPaeonia @Old_SchoolEddie There was a planned photo op. The same kind that takes place with a new administration. Melania s blue Tiffany bix was not part of the photo. Mrs. Obama handed it off to an aide so the picture could be taken. Haven t you ever set something aside for a specific photo?,2046790676424097907,,MaximusPaeonia,en,,0,0,0,https://x.com/undefined/status/2046790676424097907,3259548415,
2046790673072816207,Wed Apr 22 03:18:18 +0000 2026,0,Virginia is now a true blue state. Hope y'all enjoy what y'all did. You deserve everything that's coming. Damn state is full of liberals. Especially one I know of. Oh well good thing I live in an American state.,2046790673072816207,,,en,,0,0,0,https://x.com/undefined/status/2046790673072816207,1980111339621142529,
2046772241619190070,Wed Apr 22 03:18:16 +0000 2026,0,@YuNKiimia0 think of it like paper strips when everything goes up before tying it s all in the same direction but once it bends down they switch spots the side chunks connect towards the front roots and the strands are from the back roots the middle part is the start of the blue strip https://t.co/rsfQ2ZCLgL,2046790665019797596,https://pbs.twimg.com/media/HGepQzlWQAAqw5p.jpg,YuNKiimia0,en,,0,0,0,https://x.com/undefined/status/2046790665019797596,1908027695130152960,
2046790648448348279,Wed Apr 22 03:18:12 +0000 2026,0,GREENGREEN SPOILER 1) Wassup 2) ACAI 3) TNT 4) Blue Lips https://t.co/6YXfeOnFU7,2046790648448348279,https://pbs.twimg.com/amplify_video_thumb/2046790568936980480/img/aDQD3Nqb548DQgHU.jpg,,en,,0,0,0,https://x.com/undefined/status/2046790648448348279,1954868072944439296,
2046790646682234954,Wed Apr 22 03:18:12 +0000 2026,0,Yes! Going blue! @Morning_Joe @maddow @HouseDemocrats @SenateDems @TimesFreePress,2046790646682234954,,,en,,0,0,0,https://x.com/undefined/status/2046790646682234954,1618092014507102208,
2046790626587586584,Wed Apr 22 03:18:07 +0000 2026,0,pronto? ⎐كُود⎐⎐نون⎐ ⊵NKW⊴ ⎐وايتس▬صيدليات▬ويت⎐ ⎐TT9⎐ ▬صيدلية▬النهدي⎐ ⎐NJ5Q⎐ ⎐كؤِبُون⎐Dust Blue ^^ ⎐خـِصم⎐gsHbSgfbLHCY https://t.co/nONSYtjq2d,2046790626587586584,https://pbs.twimg.com/media/HGepOLIbkAAYQA_.jpg,,und,,0,0,0,https://x.com/undefined/status/2046790626587586584,471884253,
2046786280084910135,Wed Apr 22 03:18:07 +0000 2026,0,@samclaassen @micsolana Republicans in congress and blue state governors spent months warning Abbot and Trump that mid decade redistricting was a bad idea specifically for this reason. Texas didn t even have an election and Abbott did it anyway. I don t like this but everyone knew this would happen.,2046790624939216922,,samclaassen,en,,0,0,0,https://x.com/undefined/status/2046790624939216922,1862978976928669696,
2046765117363368428,Wed Apr 22 03:18:05 +0000 2026,0,@masturdebater8 @politic_clarity @real8BuckChuck @Cernovich This will come back to bite the dumbocrats. There are a lot more red states than blue. Maybe they should start gerrymandering.,2046790620014919904,,masturdebater8,en,,0,0,0,https://x.com/undefined/status/2046790620014919904,1602472324724391938,
2046582887902785632,Wed Apr 22 03:18:05 +0000 2026,0,@Anna_xb2 Yogi Smokey Baloo Bear in the Big Blue House Little Bear Need more?,2046790616982667460,,Anna_xb2,en,,0,0,0,https://x.com/undefined/status/2046790616982667460,955976187603537920,
2046568130085040152,Wed Apr 22 03:18:03 +0000 2026,0,@otokyo__ Blue Mirinda,2046790609281732750,,otokyo__,in,,0,0,0,https://x.com/undefined/status/2046790609281732750,1508320642587897857,
2046790609269305513,Wed Apr 22 03:18:03 +0000 2026,0,Yankees fans really call the Blue Jays lucky LOL. Everything 100mph plus has been an out.,2046790609269305513,,,en,,0,0,0,https://x.com/undefined/status/2046790609269305513,79110213,
2046761311673967067,Wed Apr 22 03:18:03 +0000 2026,0,@Kelble @plathiandc Ok now do republican states and blue seats. It s the same fucking thing idiot,2046790608602243350,,Kelble,en,,0,0,0,https://x.com/undefined/status/2046790608602243350,1177750611015733248,
2046711433782514069,Wed Apr 22 03:18:03 +0000 2026,0,@AbuIsha10117372 @DHSgov that d be CA actually another blue state subsidizing failing red states v sad! this account should post pics of low tier public ed texas and flunking healthcare access florida instead of trying to leech off images of a thriving blue city that hates their guts,2046790607553589721,,AbuIsha10117372,en,,0,0,0,https://x.com/undefined/status/2046790607553589721,1876435771617615872,
2046284974614032734,Wed Apr 22 03:17:55 +0000 2026,1,@thenaimark @Cosby @thisguy467854 @CrappyFumes @wrestlingbubble America - no matter who the president is - is going to bring the genocide over here and carry it out on dissenters. It's not red vs. blue it's not about Trump. It's us vs. them.,2046790573940765069,,thenaimark,en,,0,0,0,https://x.com/undefined/status/2046790573940765069,867666503486902272,
2046760303128641789,Wed Apr 22 03:17:54 +0000 2026,0,@Tectone @NicholasLight They blue screen when they realize you don't care what they say. Their power evaporates when you don't cower in fear of their ist and ism slurs.,2046790570845036606,,Tectone,en,,0,0,0,https://x.com/undefined/status/2046790570845036606,1830320504743301120,
2046700262547501145,Wed Apr 22 03:17:52 +0000 2026,0,@MassieforKY Is Monty Fritts on your Liberty radar? Marsha Blackburn and John Rose are refusing to debate or show at events. Tennesseans are due the explanation from both of them why they refuse to talk to the average blue collar man.,2046790564381618223,,MassieforKY,en,,0,0,0,https://x.com/undefined/status/2046790564381618223,1765046249013821440,
2046781479993425959,Wed Apr 22 03:17:51 +0000 2026,0,@GarbageHuman24 the Blue Train in SA from Jo-burg to Cape was an exceptional advancement of civilization and luxury...oh wait.... https://t.co/lUWxUdpCFp,2046790560430928059,https://pbs.twimg.com/media/HGeon0tb0AAKoxG.png,GarbageHuman24,en,,0,0,0,https://x.com/undefined/status/2046790560430928059,1274790617659236354,
2046790552566337855,Wed Apr 22 03:17:49 +0000 2026,0,I buy stocks of blue chips only &amp; I move on whether it is bullish or bearish. No panic. No fear.,2046790552566337855,,,en,,0,0,0,https://x.com/undefined/status/2046790552566337855,785375818637799424,
2046759196428042508,Wed Apr 22 03:17:48 +0000 2026,0,@jonfavs Nah now it s time for every red state to cross out all blue districts for good,2046790546027327687,,jonfavs,en,,0,0,0,https://x.com/undefined/status/2046790546027327687,1984269224102268928,
2046790541661057534,Wed Apr 22 03:17:47 +0000 2026,0,#onsale Teal Cobalt Blue Glass Ripple Beehive Wine Glasses Set of 4 https://t.co/jDvU4aZF8y via @Etsy,2046790541661057534,,,en,,0,0,0,https://x.com/undefined/status/2046790541661057534,382735881,
2046763832102760924,Wed Apr 22 03:17:46 +0000 2026,0,@RichMiiii @girlpowertbh It was already blue but thats not enough for the left. They only care about power.,2046790538062438863,,RichMiiii,en,,0,0,0,https://x.com/undefined/status/2046790538062438863,2334784864,
2046790530550349919,Wed Apr 22 03:17:46 +0000 2026,0, Then the oceans paused and looked at Ethiopia. Landlocked 🇪🇹 it waited for a kiss that never came. So it said Let me borrow a shoreline just a little touch of blue. But Somalia smiled and replied: The ocean doesn t do rentals. 🇸🇴 Next https://t.co/CF8MvFKCLb,2046790536787280242,https://pbs.twimg.com/media/HGelhL_WQAIOLVv.jpg,MogadishuPortSO,en,,0,1,0,https://x.com/undefined/status/2046790536787280242,1977185640052563968,
2046790532761067923,Wed Apr 22 03:17:45 +0000 2026,0,wala ako makita talagang feedback sa menokin huhuhu gusto ko bilhin yung blue ,2046790532761067923,,,tl,,0,0,0,https://x.com/undefined/status/2046790532761067923,1272000252124360704,
2046790532198748270,Wed Apr 22 03:17:45 +0000 2026,1,Republicans stormed the polls. They simply didn t have the numbers with Fairfax County and the mail in vote. VA is a blue state and can vote to disenfranchise its conservatives with a slight majority. This had nothing to do with Trump or sitting out.,2046790532198748270,,,en,,0,0,0,https://x.com/undefined/status/2046790532198748270,881287076502753281,
2046582887902785632,Wed Apr 22 03:17:43 +0000 2026,0,@Anna_xb2 Blue,2046790524254974230,,Anna_xb2,en,,0,0,0,https://x.com/undefined/status/2046790524254974230,1812377776336314368,
2046718207419900197,Wed Apr 22 03:17:43 +0000 2026,0,@john322226 Nobody want to connect with non blue tick people,2046790523667521780,,john322226,en,,0,0,0,https://x.com/undefined/status/2046790523667521780,2043705872019304448,
2046790521323172347,Wed Apr 22 03:17:42 +0000 2026,0,yup? ⎐كُود⎐⎐نون⎐ ⊵KW44⊴ ⎐دكتور▬نيوترشن▬ ⎐M80⎐ ⎐مجوهرات▬داماس▬damas⎐ ⎐GOLD1⎐ ⎐كؤِبُون⎐Classic Blue ^^^ ⎐خـِصم⎐23d61KwZsHdr https://t.co/7HKPhpvdKt,2046790521323172347,https://pbs.twimg.com/media/HGepH-paAAAOYxE.jpg,,und,,0,0,0,https://x.com/undefined/status/2046790521323172347,906529195,
2046790519662284900,Wed Apr 22 03:17:42 +0000 2026,0,Acids are chemical compounds that in water solution have a sharp taste a corrosive action on metals and the ability to turn certain blue vegetable dyes red 闵行,2046790519662284900,,,en,,0,0,0,https://x.com/undefined/status/2046790519662284900,2034365569231880192,
2046680329889423851,Wed Apr 22 03:17:41 +0000 2026,0,@PoliticoKen @Luka6134 @daviddunn177 Way to miss the point dickwad. You spend all your time on twitter sucking trumps cock with a blue checkmark and 150 followers. Fucking reflect on your life.,2046790516163871122,,PoliticoKen,en,,0,0,0,https://x.com/undefined/status/2046790516163871122,1552747212182065152,
2046790511298564483,Wed Apr 22 03:17:40 +0000 2026,0,Republicans are Red Democrats are Blue Neither one gives a Fuck about You Be Independent,2046790511298564483,,,en,,0,0,0,https://x.com/undefined/status/2046790511298564483,89250722,
2046754383707148505,Wed Apr 22 03:17:40 +0000 2026,0,@hakeemjeffries Keep on dreaming Jackass! Virginia is turning blue and on the decline. Keep running your mouth about Florida and DeSantia that might get you in trouble! Remember you work for the American people Jackass! We can fire your sorry ass!,2046790511265038337,,hakeemjeffries,en,,0,0,0,https://x.com/undefined/status/2046790511265038337,2012671758785007616,
2046790509918617953,Wed Apr 22 03:17:39 +0000 2026,0,Blue Jays bottom of the order https://t.co/NCcQ0JCjF0,2046790509918617953,https://pbs.twimg.com/ext_tw_video_thumb/1536737407982260228/pu/img/IB76CtKC0yBEAtIm.jpg,,en,,0,0,0,https://x.com/undefined/status/2046790509918617953,3323236565,
2046603466454302861,Wed Apr 22 03:17:39 +0000 2026,0,@Boldyboy1975 I m going with the blue pill https://t.co/TcM9qowZo2,2046790508182229156,https://pbs.twimg.com/tweet_video_thumb/HGepHibXgAAAQZV.jpg,Boldyboy1975,en,,0,0,0,https://x.com/undefined/status/2046790508182229156,777275975243628545,
2046790506966077739,Wed Apr 22 03:17:39 +0000 2026,0,そう考えると『Blue Prince』ってハイリプレイアビリティの塊なんだな。俺はクリアすら出来ず挫折したけど。,2046790506966077739,,,ja,,0,0,0,https://x.com/undefined/status/2046790506966077739,1102428886900461568,
2046790506919735313,Wed Apr 22 03:17:39 +0000 2026,0,Got caught between the hard rock and deep blue younder Again its the hiprocacy. I've always wondered why he kissed the cheeto so intensely! Sometimes I turn @abbydphillip off when he's on. However I'll be on from now on!,2046790506919735313,,,en,,0,0,0,https://x.com/undefined/status/2046790506919735313,940368710,
2046776869480005636,Wed Apr 22 03:17:37 +0000 2026,0,@LibertyMarieEP Evil always coordinates. It's never spontaneous. The sheeple don't help either. (Moving to red states to vote blue),2046790501236449533,,LibertyMarieEP,en,,0,0,0,https://x.com/undefined/status/2046790501236449533,1601014179019759616,
2046778896117338391,Wed Apr 22 03:17:36 +0000 2026,0,@AF_Insight Dems money is unlimited If we spent 100M they would have spent 500M It s a VERY blue state,2046790496585191548,,AF_Insight,en,,0,0,0,https://x.com/undefined/status/2046790496585191548,953457392485912576,
2046759603531141441,Wed Apr 22 03:17:35 +0000 2026,0,@GovernorVA Florida and Ohio will cancel this way out this is just a blue state doing blue state shit,2046790490851274799,,GovernorVA,en,,0,0,0,https://x.com/undefined/status/2046790490851274799,1252714106974502912,
2046788813448483284,Wed Apr 22 03:17:34 +0000 2026,0,@awthentik Idk bro. Not Styles or even Caleb Downs at 5? We had a terrible run defense just lost a star defensive player and Nubin isn't very good. Downs seems blue chip to me. Love is very good but Down's versatility might be more valuable than Love.,2046790489911746575,,awthentik,en,,0,0,0,https://x.com/undefined/status/2046790489911746575,1816143299176194051,
2046790163880169614,Wed Apr 22 03:17:34 +0000 2026,0,@spinhemmings blue cheese,2046790488913584392,,spinhemmings,en,,0,0,0,https://x.com/undefined/status/2046790488913584392,1306067577681174528,
2046790415194431834,Wed Apr 22 03:17:17 +0000 2026,0,I ll be taking what belongs to me. Then you ll never know my presence again. Enjoy the hell you ve created. Red vs Blue? Go to the 7th hell. Both of you.,2046790415194431834,,,en,,0,0,0,https://x.com/undefined/status/2046790415194431834,963345728365002752,
2046753303544086539,Wed Apr 22 03:17:16 +0000 2026,0,@MickamiousG It's not blue that shade is cobalt,2046790411365339476,,MickamiousG,en,,0,0,0,https://x.com/undefined/status/2046790411365339476,1674902491597803520,
2046790406768378094,Wed Apr 22 03:17:15 +0000 2026,0,ياسلام? ⎐كُود⎐⎐تُيموُ⎐ ⊵TEM73⊴ ⎐ديفاكتو▬defacto▬ ⊵DC10⊴ ⎐فيرنز▬اند▬بيتل⎐ ⊵P40⊴ ⎐كؤِبُون⎐Pastel Blue ^^ ⎐خـِصم⎐flE4wmBfjWlB https://t.co/XekhRt74yC,2046790406768378094,https://pbs.twimg.com/media/HGepBWtaUAAhN01.jpg,,und,,0,0,0,https://x.com/undefined/status/2046790406768378094,890700211,
2046790113888272874,Wed Apr 22 03:17:12 +0000 2026,2,@AFpost Niggas will read this and still vote blue it s hilarious,2046790395938693626,,AFpost,en,,0,0,0,https://x.com/undefined/status/2046790395938693626,3051420046,
2046790390070530556,Wed Apr 22 03:17:11 +0000 2026,0,Winchester-Frederick trending blue! Looks like @WFCDCVA kicked some ass!,2046790390070530556,,,en,,0,0,0,https://x.com/undefined/status/2046790390070530556,14299782,
2046790387654701561,Wed Apr 22 03:17:10 +0000 2026,0,You now have justification for ending the filibuster and taking away the Senate Democrats voting power. And no more blue slips. All you need is 51 votes. @LeaderJohnThune @SenRickScott @SenMikeLee @JDVance @VP @POTUS,2046790387654701561,,,en,,0,0,0,https://x.com/undefined/status/2046790387654701561,2331151852,
2046790384630497453,Wed Apr 22 03:17:09 +0000 2026,0,How to watch Notre Dame Football s Blue-Gold Game #NDFB #GoIrish https://t.co/MericqUZx2,2046790384630497453,,,en,,0,0,0,https://x.com/undefined/status/2046790384630497453,62681110,
2046790384173388208,Wed Apr 22 03:17:09 +0000 2026,4, NEAR HOME RUN! Kazuma Okamoto (Toronto Blue Jays) vs Sam Bachman (Los Angeles Angels) 104.6 mph 43.0° 349.0 ft Top 7 inning ️ Angel Stadium Would be a HR in 2/30 ballparks! Result: Flyout,2046790384173388208,,,en,,1,0,0,https://x.com/undefined/status/2046790384173388208,1940474340106989568,
2046790383867191691,Wed Apr 22 03:17:09 +0000 2026,0, FRANCE YEARNING DO YOU AGREE -&gt; Is the sky blue? Is #fruk peak? Does she stand outside England s window with a speaker in the rain after a fight? https://t.co/cK6GdeyFsG https://t.co/8B5o1O3cdf,2046790383867191691,https://pbs.twimg.com/media/HGepAaZX0AAAoib.jpg,,en,,0,0,0,https://x.com/undefined/status/2046790383867191691,1345479701733773312,
2046790163880169614,Wed Apr 22 03:17:08 +0000 2026,0,@spinhemmings blue hope i win :-),2046790380838944933,,spinhemmings,en,,0,1,0,https://x.com/undefined/status/2046790380838944933,2002917483892924416,
2046790375705330060,Wed Apr 22 03:17:07 +0000 2026,0,naendlich? ⎐كُود⎐⎐نون⎐ ⊵NKW⊴ ⎐مفارش▬الحبيب⎐ ⊵FF35⊴ ⎐فاشون▬اس▬اي⎐ ⊵QS⊴ ⎐كؤِبُون⎐Light Blue ^^^ ⎐خـِصم⎐JjP09Nz6QK5h https://t.co/N5GeJpXuWM,2046790375705330060,https://pbs.twimg.com/media/HGeo_g2bEAAc24x.jpg,,und,,0,0,0,https://x.com/undefined/status/2046790375705330060,538656209,
2046790375667314951,Wed Apr 22 03:17:07 +0000 2026,0,Sweep? ⎐كُود⎐⎐نون⎐ ⊵QT54⊴ ◐جاب◐ ◐GA70◐ ⎐احذية ⊴كروكس⎐ ⊵CR96⊴ ⎐كؤِبُون⎐Classic Blue ^^^^ ⎐خـِصم⎐L7pcGHBuvdVX https://t.co/MAxiaeC2pd,2046790375667314951,https://pbs.twimg.com/media/HGeo_xNXIAAnQiy.jpg,,und,,0,0,0,https://x.com/undefined/status/2046790375667314951,1366088491919167490,
2046790372500615390,Wed Apr 22 03:17:06 +0000 2026,0,When I had a blue Checkmark I had zero engagement. After canceling it I get more engagement than I can to look at. I'm not doing anything different. Why is this?,2046790372500615390,,,en,,0,0,0,https://x.com/undefined/status/2046790372500615390,821931874960506881,
2046790368302088597,Wed Apr 22 03:17:05 +0000 2026,0,blue lips ok tengo miedo https://t.co/KcMyuQ17fK,2046790368302088597,https://pbs.twimg.com/amplify_video_thumb/2046788979467657216/img/t-ClHJg8pueMwSru.jpg,,es,,0,0,0,https://x.com/undefined/status/2046790368302088597,1969563319288938498,
2046790368193339708,Wed Apr 22 03:17:05 +0000 2026,0,eww? ⎐كُود⎐⎐نمشي⎐ ⊵MFM2⊴ ▬بلوار▬ ⎐BF46⎐ ▬سكوات▬وولف▬ ⎐R79⎐ ⎐كؤِبُون⎐Natural Blue ^^^^ ⎐خـِصم⎐OilLmA97wO00 https://t.co/WbkdPrlnjc,2046790368193339708,https://pbs.twimg.com/media/HGeo_GVaIAA-waz.jpg,,und,,0,0,0,https://x.com/undefined/status/2046790368193339708,500755260,
2046754749509190053,Wed Apr 22 03:17:05 +0000 2026,0,@FoxNews 10-1 Let s go BLUE. So the redistricting in TX N. Carolina and Missouri to pick up GOP seats were ok and not voted on by the people but CA and VA is disenfranchisement?,2046790364900520369,,FoxNews,en,,0,0,0,https://x.com/undefined/status/2046790364900520369,1464778227264761858,
2046790362057015320,Wed Apr 22 03:17:04 +0000 2026,0,AND THIS TOO FOR BLUE LIPS OMFG OMDG OMFG THIS SONEISNEISNWIS THSIENSOWJISNW omg okay https://t.co/x2Jhi8lwnM,2046790362057015320,https://pbs.twimg.com/amplify_video_thumb/2046790303156482048/img/kkyYxLBE65PybbQa.jpg,,en,,0,0,0,https://x.com/undefined/status/2046790362057015320,1623163629574180864,
2046778962911596754,Wed Apr 22 03:17:02 +0000 2026,0,@TonerousHyus It's blue but not very blue . That's Maryland,2046790352237920607,,TonerousHyus,en,,0,0,0,https://x.com/undefined/status/2046790352237920607,2024278718793891841,
2046790343589539878,Wed Apr 22 03:17:00 +0000 2026,0,Different shade of blue even though we are under the same sky.,2046790343589539878,,,en,,0,0,0,https://x.com/undefined/status/2046790343589539878,113881200,
2046757939915137269,Wed Apr 22 03:16:59 +0000 2026,0,@jasonbru5 @RealAlexJones I think he od'd on methylane blue. ,2046790339361399136,,jasonbru5,en,,0,0,0,https://x.com/undefined/status/2046790339361399136,838007445167407104,
2046790328833757230,Wed Apr 22 03:16:56 +0000 2026,1,Sage Elsesser (Navy Blue) for High Snobiety Spring Issue. He talks about his life skateboarding and his upcoming album Sir Render the third in a 3-album project that includes 2024's Memoirs in Armour and 2025's The Sword and the Soaring. https://t.co/OTYGbEqY2a,2046790328833757230,https://pbs.twimg.com/media/HGeo8qFWgAEGTWt.jpg,,en,,0,1,0,https://x.com/undefined/status/2046790328833757230,1551645524813647872,
2046788634083287487,Wed Apr 22 03:16:55 +0000 2026,0,@StanislavGetz Windows down Tiesto on the stereo blue shades on CDNIM wafting through the cabin get home and wall to wall playoffs all night inshallah an overtime or two,2046790325528601008,,StanislavGetz,en,,0,0,0,https://x.com/undefined/status/2046790325528601008,3310928072,
2046790323641242046,Wed Apr 22 03:16:55 +0000 2026,0,You know what? This-the USA mess-is no longer a red/blue thing it s about good/evil and people better decide which side they want to be remembered for. We can work out the particulars later ,2046790323641242046,,,en,,0,0,0,https://x.com/undefined/status/2046790323641242046,142480970,
2046790321258787206,Wed Apr 22 03:16:54 +0000 2026,0,واحراماه? ⎐كُود⎐⎐تُيموُ⎐ ⊵TEM73⊴ ▬بلوار▬ ⎐BF46⎐ ▬سكوات▬وولف▬ ⎐R79⎐ ⎐كؤِبُون⎐Natural Blue ^^ ⎐خـِصم⎐WKa5iZMGH3A2 https://t.co/24IMY3hMmw,2046790321258787206,https://pbs.twimg.com/media/HGeo8hlWYAAAmpC.jpg,,ar,,0,0,0,https://x.com/undefined/status/2046790321258787206,1500071835504885761,
2046614035702092065,Wed Apr 22 03:16:53 +0000 2026,0,@zahrafatma1278 Blue,2046790315990823388,,zahrafatma1278,en,,0,0,0,https://x.com/undefined/status/2046790315990823388,271775266,
2046790306738397384,Wed Apr 22 03:16:51 +0000 2026,1,ぶーちゃんです️ エフエムNCVで流れているBLUE CAFE90のCMの撮影様子を撮りました 毎週火曜日16時30分から18時、BLUE CAFE90をこれからもよろしくお願いします️ 来週28日(火)はモンテディオ山形クラブリエゾン岡﨑さんが出演します️ #エフエムNCV https://t.co/D7NFpBCpQj,2046790306738397384,https://pbs.twimg.com/amplify_video_thumb/2046790230590844928/img/pLMHl0vxnmEt3IbO.jpg,,ja,,0,0,1,https://x.com/undefined/status/2046790306738397384,1837001327169429504,
2046790304791986363,Wed Apr 22 03:16:50 +0000 2026,2,I love posting ass to the blue site,2046790304791986363,,,en,,0,1,0,https://x.com/undefined/status/2046790304791986363,805826492299145220,
2046736551267422715,Wed Apr 22 03:16:50 +0000 2026,0,@BlueWolfNFTs Every day with all the news about crypto and the trends with Blue,2046790303995044305,,BlueWolfNFTs,en,,0,0,0,https://x.com/undefined/status/2046790303995044305,1504298474883461123,
2046790293140234493,Wed Apr 22 03:16:48 +0000 2026,0,#onsale Blown Glass Art Glass Small Basket 8.5-inch Green yellow Splatter Cobalt Blue Handle https://t.co/8Vr0nyHcM2 via @Etsy,2046790293140234493,,,en,,0,0,0,https://x.com/undefined/status/2046790293140234493,382735881,
2046790292897247571,Wed Apr 22 03:16:48 +0000 2026,0,@BlueStarLtd Extremely disappointed with the service delay for my Blue Star AC. Raised a request (ID: B2604203341087 but no technician has visited yet. In this heat this delay is unacceptable. Please look into this urgently!,2046790292897247571,,BlueStarLtd,en,,0,0,0,https://x.com/undefined/status/2046790292897247571,2713916192,
2046790279303413822,Wed Apr 22 03:16:44 +0000 2026,0,Wait until they get thru with Act Blue. Then Soros's Open Society and other NGO networks. Hopefully people's eyes will be opened to see they have been used as pawns and useful idiots by these billionaires and social justice rackets.,2046790279303413822,,,en,,0,0,0,https://x.com/undefined/status/2046790279303413822,732766677855768577,
2046790277080440975,Wed Apr 22 03:16:44 +0000 2026,0,ki? ⎐كُود⎐⎐ترينديول⎐ ⊵OMM⊴ ▬بلوار▬ ⎐BF46⎐ ▬سكوات▬وولف▬ ⎐R79⎐ ⎐كؤِبُون⎐Classic Blue ^^^^ ⎐خـِصم⎐F3zR41gMIOUS https://t.co/qNJHZQY5Id,2046790277080440975,https://pbs.twimg.com/media/HGeo5pWaMAAOkni.jpg,,und,,0,0,0,https://x.com/undefined/status/2046790277080440975,526100147,
2046790273313714300,Wed Apr 22 03:16:43 +0000 2026,1,Good Morning X family! Another wonderful day to be a blue Give me one thing you're hoping for today? https://t.co/H77E7HVlUD,2046790273313714300,https://pbs.twimg.com/media/HGeo6GfW8AAXLOi.jpg,,en,,0,0,0,https://x.com/undefined/status/2046790273313714300,1156910002252197888,
2045691826561237102,Wed Apr 22 03:16:40 +0000 2026,0,@MrDude079 OHHH OK now that I know who s wrong aka blue guy I m agreeing with the slapping the phone he messed with his KIDS AND WIFE??? DESERVEDDDD,2046790260349153539,,MrDude079,en,,0,0,0,https://x.com/undefined/status/2046790260349153539,1912735573988765696,
2046790258306511213,Wed Apr 22 03:16:39 +0000 2026,0, turn the Blue Ridge blue is diabolical i love it,2046790258306511213,,,en,,0,0,0,https://x.com/undefined/status/2046790258306511213,762787935146086400,
2046686599191154778,Wed Apr 22 03:16:39 +0000 2026,0,@miles_commodore They usually live in red counties in blue states. The blue counties are the disaster areas but now with election manipulation we see red counties like Orange county in CA are turning blue.,2046790258189340674,,miles_commodore,en,,0,0,0,https://x.com/undefined/status/2046790258189340674,1812275496417136641,
2046790249573970212,Wed Apr 22 03:16:37 +0000 2026,0,spoiler de blue lips to emocionada https://t.co/gSNcfwZHzb,2046790249573970212,https://pbs.twimg.com/amplify_video_thumb/2046788433310584832/img/ab9r66_Jqk8pqll9.jpg,,en,,0,0,0,https://x.com/undefined/status/2046790249573970212,1955382514907766784,
2046755181673525382,Wed Apr 22 03:16:34 +0000 2026,1,@Faj1791 @EmpireStatePol You blame Trump only because you want to blame Trump. Wanting to eliminate every blue district is a good thing,2046790237733482559,,Faj1791,en,,0,0,0,https://x.com/undefined/status/2046790237733482559,1952088037363712000,
2046790228774408395,Wed Apr 22 03:16:32 +0000 2026,0,#onsale Blown Glass Blue Art Glass Pitcher with Controlled Bubble and Applied Handle https://t.co/4JbUCd3hgb via @Etsy,2046790228774408395,,,en,,0,0,0,https://x.com/undefined/status/2046790228774408395,382735881,
2046748723313811673,Wed Apr 22 03:16:32 +0000 2026,0,@ChuckGrassley We would be ten times better off if you did not allow Democrat Party to block conservative nominees in blue states. The blue slip process is a disaster.,2046790227620978821,,ChuckGrassley,en,,0,0,0,https://x.com/undefined/status/2046790227620978821,1441439752654229506,
2046790052546855397,Wed Apr 22 03:15:50 +0000 2026,0,ughh? ⎐كُود⎐⎐ايهرب⎐ايهيرب اهرب ⊵IQH8946⊴ ⎐ريفا_⎐ ⊵W87⊴ ⎐ماكـس⎐فاشون⎐ ⊴HH5⊴ ⎐كؤِبُون⎐Dark Blue ^^^ ⎐خـِصم⎐Kb1aLJCoeh90 https://t.co/1ZG7J3HVoo,2046790052546855397,https://pbs.twimg.com/media/HGeosxCaYAAYtrA.jpg,,ar,,0,0,0,https://x.com/undefined/status/2046790052546855397,569685080,
2046766816031318449,Wed Apr 22 03:15:50 +0000 2026,0,@METAPCs I would change the lights to red and an add a blue lighting bolt .,2046790049853825029,,METAPCs,en,,0,0,0,https://x.com/undefined/status/2046790049853825029,2000933144397246464,
2046790047542677614,Wed Apr 22 03:15:49 +0000 2026,0,¿Y si THE BLUE HERON es psy op?,2046790047542677614,,,es,,0,0,0,https://x.com/undefined/status/2046790047542677614,18588154,
2046757352733397038,Wed Apr 22 03:15:49 +0000 2026,1,@BarackObama You are such a loser! So guess the Dems are the only ones that can do it. Hope and pray the Va Supreme Court overturns this! Such corruption on the left it is disgusting. Keep voting for blue policies Fairfax and you ll look like Chicago and NYC!,2046790047374901344,,BarackObama,en,,0,0,0,https://x.com/undefined/status/2046790047374901344,1971950065527791616,
2046762584196403427,Wed Apr 22 03:15:48 +0000 2026,0,@MarshallGreen_ That s my quarterback go big blue ️️️️,2046790042597613714,,MarshallGreen_,en,,0,0,0,https://x.com/undefined/status/2046790042597613714,1448076051268128772,
2046736551267422715,Wed Apr 22 03:15:47 +0000 2026,0,@BlueWolfNFTs Good morning Blue Have a great day ahead ,2046790040966332635,,BlueWolfNFTs,en,,0,0,0,https://x.com/undefined/status/2046790040966332635,1463014873604886530,
2046790027729043864,Wed Apr 22 03:15:44 +0000 2026,0,うわ? ⎐كُود⎐⎐ترينديول⎐ ⊵OMM⊴ ⎐ريف▬للعطور⎐ ⊵OMG⊴ ⎐جىني⎐ ⊵AAK1⊴ ⎐كؤِبُون⎐Moon Blue ^^^ ⎐خـِصم⎐UkjhVVMAYg1g https://t.co/AvDPFl97Z5,2046790027729043864,https://pbs.twimg.com/media/HGeorVlboAA9WZk.jpg,,ja,,0,0,0,https://x.com/undefined/status/2046790027729043864,495640773,
2046790021471236384,Wed Apr 22 03:15:43 +0000 2026,0,My favorite part of the day: dark blue outside yellow inside,2046790021471236384,,,en,,0,0,0,https://x.com/undefined/status/2046790021471236384,1756243616442585088,
2046790002064191859,Wed Apr 22 03:15:38 +0000 2026,0,اهلين? ⎐كُود⎐⎐نمشي⎐ ⊵MFM3⊴ ⎐تريندول⎐ ⊵OMM⊴ ⎐ترندول⎐ ⊵OMM⊴ ⎐كؤِبُون⎐Dark Blue ^^^^ ⎐خـِصم⎐mr9wx30cmgT0 https://t.co/nPy5Fbtk4d,2046790002064191859,https://pbs.twimg.com/media/HGeopsiaEAAZGiK.jpg,,ar,,0,0,0,https://x.com/undefined/status/2046790002064191859,482572492,
2046287294924300337,Wed Apr 22 03:15:38 +0000 2026,1,@GoonJerk1416 Blue,2046789999543115998,,GoonJerk1416,en,,0,0,0,https://x.com/undefined/status/2046789999543115998,1837288837715779584,
2046789997336924447,Wed Apr 22 03:15:37 +0000 2026,0,Blue collar coming for Silicon Valley,2046789997336924447,,,en,,0,0,0,https://x.com/undefined/status/2046789997336924447,349708361,
2046747459775598839,Wed Apr 22 03:15:37 +0000 2026,0,@EricLDaugh Lol Texas wrote a check it s ass couldn t cash. Least Virginia voted on it. Blue wave is coming you knob.,2046789995491713145,,EricLDaugh,en,,0,0,0,https://x.com/undefined/status/2046789995491713145,2915023590,
2042572060854226979,Wed Apr 22 03:15:36 +0000 2026,1,@bluelonglong What is that Blue Sheith you had on Ur Cock ??,2046789994665124081,,bluelonglong,en,,0,0,0,https://x.com/undefined/status/2046789994665124081,1723557455446126592,
2046789972670169583,Wed Apr 22 03:15:31 +0000 2026,2, These aren t just love stories they hit different Pick one and see if you don t feel something 1. The Notebook 2. Titanic 3. Me Before You 4. The Fault in Our Stars 5. A Star Is Born 6. La La Land 7. Call Me by Your Name 8. Blue Valentine 9. Marriage Story https://t.co/rUJK2pWVCF,2046789972670169583,https://pbs.twimg.com/media/HGeooQlXMAAPPLZ.jpg,,en,,0,2,2,https://x.com/undefined/status/2046789972670169583,1588222816058572802,
2046789972016205851,Wed Apr 22 03:15:31 +0000 2026,0,Saw it first on blue app... OMG AHOF 1ST TOUR?!!!! WARAHEKKKKKKKKKKKK https://t.co/6MZEfQXQbB,2046789972016205851,https://pbs.twimg.com/tweet_video_thumb/HGeonxlbAAAa6gw.jpg,,en,,0,0,0,https://x.com/undefined/status/2046789972016205851,1977907662655508480,
2046684144776683700,Wed Apr 22 03:15:31 +0000 2026,1,@RPN_Oficial If: I m Blue Sad Green Growth Red Angry Gray Neutrality Yellow Happiness Orange stupid - Trump? Blue &amp; White Retard - Milei?,2046789970598195313,,RPN_Oficial,en,,0,0,1,https://x.com/undefined/status/2046789970598195313,66379001,
2046751195167953320,Wed Apr 22 03:15:30 +0000 2026,0,@Brendon_B3cker Todo mundo sabe que o Impossible Princesse é o melhor álbum da Kylie gente O viado zerou True Blue Eu te repreendo em nome de Jesus viado maluco https://t.co/dzp1zGey07,2046789968840835098,https://pbs.twimg.com/amplify_video_thumb/2046789955490316288/img/3LJ0YxEmuvFY6uGv.jpg,Brendon_B3cker,pt,,0,0,0,https://x.com/undefined/status/2046789968840835098,2172177962,
2046618950231114027,Wed Apr 22 03:15:30 +0000 2026,0,@MrAzSports The amount of Blue Jerseys in MAS next season if that happens,2046789968119685593,,MrAzSports,en,,0,0,0,https://x.com/undefined/status/2046789968119685593,71391395,
2046308007970271446,Wed Apr 22 03:15:29 +0000 2026,0,@onikaspen__ This proves my point.. yall are r3tarded.. nothing this weird ass compilation u have saved tells us anything about her education... lmao like nicki fans would really argue till they blue in the face some Dumb shit..ok this idiot is RICHER THEN U COULD EVER USE YA BRAINS TO BE ,2046789962658353507,,onikaspen__,en,,0,1,0,https://x.com/undefined/status/2046789962658353507,1770110549369528320,
2046768130291020283,Wed Apr 22 03:15:27 +0000 2026,0,@PhillyJawn21362 @mccrystal_alex not even twitter blue just being stupid for the love of the game️,2046789953892347983,,PhillyJawn21362,en,,0,0,0,https://x.com/undefined/status/2046789953892347983,880048975151345664,
2046789945348829288,Wed Apr 22 03:15:25 +0000 2026,0,The sky speaks in shades of blue 嘉定,2046789945348829288,,,en,,0,0,0,https://x.com/undefined/status/2046789945348829288,2034115761246240768,
2046747823287173424,Wed Apr 22 03:15:24 +0000 2026,0,@MoniqueWorthy You re right. Let s turn it blue. ,2046789942949666987,,MoniqueWorthy,en,,0,0,0,https://x.com/undefined/status/2046789942949666987,1880735413150629888,
2046789941880086988,Wed Apr 22 03:15:24 +0000 2026,0,ماذا? ⎐كُود⎐⎐نون⎐ ⊵NKW⊴ عود ميلانو ⊵A666⊴ ⎐مذركير⎐ ⊵V7971⊴ ⎐كؤِبُون⎐Stone Blue ^^^ ⎐خـِصم⎐USK90eYhtyhTE https://t.co/TLBQZgyIUa,2046789941880086988,https://pbs.twimg.com/media/HGeomPxbkAEJlrI.jpg,,ar,,0,0,0,https://x.com/undefined/status/2046789941880086988,568157803,
2046734468266815690,Wed Apr 22 03:15:24 +0000 2026,0,@Gooddlovee I will get my blue tick if do Hi,2046789941384872240,,Gooddlovee,en,,0,0,0,https://x.com/undefined/status/2046789941384872240,1881624893000982528,
2046745387633967453,Wed Apr 22 03:15:24 +0000 2026,0,@plushaurora i think i missed what colours you picked before buuut maybe some various shades of blue + the colour of your favourite flower? it's been raining often where i'm at so i instantly thought april showers bring may flowers ! ,2046789941330419934,,plushaurora,en,,0,0,0,https://x.com/undefined/status/2046789941330419934,816504233000308736,
2046788878095585303,Wed Apr 22 03:15:23 +0000 2026,1,also didn t notice this until seeing the concept art but those blue books with orange sticky notes also so croagunk/xy emma (her color palette used croagunk s colors) so cute so cute croagunk your impact,2046789937803202794,,offthem00n,en,,0,0,0,https://x.com/undefined/status/2046789937803202794,1423336348757282819,
2046789196522627370,Wed Apr 22 03:15:22 +0000 2026,0,@Ominous_Anomaly most average blue checkmark account,2046789932367462571,,Ominous_Anomaly,en,,0,0,0,https://x.com/undefined/status/2046789932367462571,1623712651691061248,
2046759239176040867,Wed Apr 22 03:15:21 +0000 2026,0,@iamwesmoore Ideally you would do it by districts. But that will not even work in Maryland due to gerrymandering. You can see it on a national level when comparing blue to red districts. Urban V. Rural...,2046789929934492089,,iamwesmoore,en,,0,0,0,https://x.com/undefined/status/2046789929934492089,1668353723246993415,
2044841569149231337,Wed Apr 22 03:15:21 +0000 2026,0,@UpYoursSchapiro @PA_SRCC @PAGOP The out of state money your are talking about - Defeat Communism- for one are funneling money into my OPPONENT S campaign and paying outsiders to go door to door and creating mailers. CAP and Pace O Matic are spending millions to try to flip the PA senate BLUE. They are using https://t.co/9Uvm4Jk0Pd,2046789928869056890,https://pbs.twimg.com/amplify_video_thumb/2046789689206525952/img/yhBNcDRVMHTd10ej.jpg,UpYoursSchapiro,en,,0,0,0,https://x.com/undefined/status/2046789928869056890,1721193062,
2046788933820772564,Wed Apr 22 03:15:20 +0000 2026,0,@K0MODOS Sky is blue,2046789927514292518,,K0MODOS,en,,0,0,0,https://x.com/undefined/status/2046789927514292518,4750818260,
2046767207988768997,Wed Apr 22 03:15:20 +0000 2026,0,@coachbrucepearl Trump literally called for red states to do just this. What did you think blue states were gonna do? Bend over and take it? Should get rid of gerrymandering period. And probably should go to ranked choice voting or have open primaries before the politicians destroy what s left.,2046789924238606798,,coachbrucepearl,en,,0,0,0,https://x.com/undefined/status/2046789924238606798,226799048,
2046776556660424731,Wed Apr 22 03:15:19 +0000 2026,0,@firstkattp I found That Summer by accident on YouTube and I loved it! Some of my favorite series from the blue company are My Magic Prophecy ATOTS Moonlight Chicken Cupid's Last Wish and Never Let me Go.. All of them In my opinion are very underrated!,2046789920736342264,,firstkattp,en,,0,0,0,https://x.com/undefined/status/2046789920736342264,2004781926612434945,
2046586932126450052,Wed Apr 22 03:15:19 +0000 2026,0,@maigo_english その状況分かりますうちも娘が5年間続けてきた中で、遊んで終わることも多々ありました。昨日のレッスンも25分間ほぼ笑ってて、唯一話したのがBlue monster！でした今でも定期的に注意喚起しないと緩んでしまって、先生方も優しいのでね 楽しんで続けられるからよしとも思ったり。複雑な親心,2046789920224866334,,maigo_english,ja,,0,0,0,https://x.com/undefined/status/2046789920224866334,3410407092,
2046789916265185627,Wed Apr 22 03:15:18 +0000 2026,7,#PENGU #Bitcoin #ETH #Altcoins After a period of sideways consolidation we usually see a strong upward breakout the current structure is clearly tightening as well. If the blue zone at 0.008186 breaks I expect the upward move to begin so this level should be monitored https://t.co/Pec20dItcp,2046789916265185627,https://pbs.twimg.com/media/HGeok_wW8AEmZm9.jpg,,en,,0,2,1,https://x.com/undefined/status/2046789916265185627,752109121906802689,
2046751919713010054,Wed Apr 22 03:15:16 +0000 2026,0,@pictoshi @LeadingReport States will normally redistrict every 10 yrs the Texas one happening after 5 yrs and drawn to eliminate 5 dem seats set off a reaction for blue states to then redistrict to even the seats out again. A difference is blue states are asking voters to approve the redraw tx didnt.,2046789908862316676,,shortstos,en,,0,0,0,https://x.com/undefined/status/2046789908862316676,1064901297747517441,
2046789907444576299,Wed Apr 22 03:15:16 +0000 2026,0,HS Softball: Blue Mountain holds off North Schuylkill in Division I battle https://t.co/YpIlN6Q106,2046789907444576299,,,en,,0,0,0,https://x.com/undefined/status/2046789907444576299,1816831810896101377,
2046749331818958913,Wed Apr 22 03:15:15 +0000 2026,0,@DrVendetta93 @EndWokeness Gen X and boomer republicans are literally just liberals in a trench coat imagine getting those people to give up on Isreal or Ukraine fucking lame asses they deserve to get their asses beat. Gen X and boomer liberals will continue voting into the void of blue no matter who.,2046789903481266578,,DrVendetta93,en,,0,0,0,https://x.com/undefined/status/2046789903481266578,1956513349983748096,
2046768573167681856,Wed Apr 22 03:15:12 +0000 2026,0,@PatsNihilist Nobody from Buffalo wants your Sabres support. You're a nerd who roots for NE and Celtics. The Blue Jay's hate you also ,2046789892676448370,,PatsNihilist,en,,1,0,0,https://x.com/undefined/status/2046789892676448370,2372096476,
2046789883176600004,Wed Apr 22 03:15:10 +0000 2026,0,bear in the big blue house,2046789883176600004,,,en,,0,0,0,https://x.com/undefined/status/2046789883176600004,908184764078686208,
2046699591190327601,Wed Apr 22 03:15:09 +0000 2026,0,@YankeeGehrig4 @patbahn @DeItaone LMFAO. Are you high? Show me the video of Blue Origin catching a 22 story half million pound rocket with chopsticks. Super Heavy is the largest and most massive thing ever flown. SpaceX also puts 90% of earth's payloads into orbit.,2046789878147625019,,YankeeGehrig4,en,,0,0,0,https://x.com/undefined/status/2046789878147625019,85757361,
2046776020880293952,Wed Apr 22 03:15:07 +0000 2026,0,@Hyp3rMusician Fuck yes I ate a blue one when I was in prep,2046789872720244912,,Hyp3rMusician,en,,0,0,0,https://x.com/undefined/status/2046789872720244912,1395950546922577920,
2046789869628723436,Wed Apr 22 03:15:07 +0000 2026,0,@LeaderJohnThune John has shown his true colors. John is the opposition. John is from ActBlue . John is bluer than blue. Fu John . https://t.co/oKgo2akb8C,2046789869628723436,https://pbs.twimg.com/tweet_video_thumb/HGeoiUrXwAAW5xT.jpg,LeaderJohnThune,en,,0,0,0,https://x.com/undefined/status/2046789869628723436,863186974357807104,
2046715183385522316,Wed Apr 22 03:15:05 +0000 2026,0,@OmegaSomebody @ssubatom1c @SfwLynnieV2 Who the actual fuck are you? Do you even play Blue Archive? Are you a fan of the game? Because if not then why do you care so much? It is my hobby and I care about it so yes I will defend it. It is not being childish to protect something I like. https://t.co/bhrxuAduZ4,2046789864482390053,https://pbs.twimg.com/media/HGeofy5XUAAohM7.jpg,OmegaSomebody,en,,0,0,0,https://x.com/undefined/status/2046789864482390053,1879994302744678400,
2046789853585506340,Wed Apr 22 03:15:03 +0000 2026,0,[ON HAND] ATEEZ Golden Hour : Pt. 3 POCA ALBUM Sealed P200 https://t.co/OpvjGDRe3A wts lfb ph ls sco wooyoung san jongho seonghwa mingi yunho yeosang selfie selca poca pc photocard golden blue hour diary onhand sealed ghp1 atz ghp2 ghp3 https://t.co/1lgxkJJ4vK,2046789853585506340,https://pbs.twimg.com/media/HGeohouWEAARbsF.jpg,,in,,0,0,0,https://x.com/undefined/status/2046789853585506340,1625706099730190337,
2046789853375758430,Wed Apr 22 03:15:03 +0000 2026,0,Me when I was chatting with this handsome man today &amp; he told me the current lady he s talking to is a white woman w blonde hair &amp; blue eyes . I went on ahead and minded my lil business.,2046789853375758430,,,en,,0,0,0,https://x.com/undefined/status/2046789853375758430,513955836,
2046789849953284355,Wed Apr 22 03:15:02 +0000 2026,0,white yellow blue pink,2046789849953284355,,,en,,0,0,0,https://x.com/undefined/status/2046789849953284355,1893339621670768640,
2046755236438503559,Wed Apr 22 03:15:00 +0000 2026,0,@PopCrave Blue wave is coming for you maga https://t.co/KFIAO8QoZ6,2046789843431375185,https://pbs.twimg.com/tweet_video_thumb/HGeog1GaoAE0bDG.jpg,PopCrave,en,,0,0,0,https://x.com/undefined/status/2046789843431375185,1547275062419460098,
2046789841925366116,Wed Apr 22 03:15:00 +0000 2026,0,Bubble (BFDI) loves Blue Firey (UNSURE.) ,2046789841925366116,,,en,,0,0,0,https://x.com/undefined/status/2046789841925366116,1739316584743657472,
2046703109963948268,Wed Apr 22 03:14:56 +0000 2026,0,@USMSDenver Nice job get these idiots off them streets and hopefully the state doesn t slap them on the wrist . The blue state has been here long enough they need to turn it over to the red in Colorado !,2046789825890488411,,USMSDenver,en,,0,0,0,https://x.com/undefined/status/2046789825890488411,948632361448689664,
2046789819691303232,Wed Apr 22 03:14:55 +0000 2026,0,#onsale Murano Style Blue Glass Dolphin Figurine Nautical Home Decor https://t.co/wb7CzebXQ1 via @Etsy,2046789819691303232,,,en,,0,0,0,https://x.com/undefined/status/2046789819691303232,382735881,
2046787649352900707,Wed Apr 22 03:14:51 +0000 2026,1,@obvious_shirts #NoRats I think a blue cap with red bill with that front logo would be a beautiful thing. https://t.co/AmXydzvCxJ,2046789804327633303,https://pbs.twimg.com/media/HGeoeSnWEAAO7gg.png,obvious_shirts,en,,0,0,0,https://x.com/undefined/status/2046789804327633303,34671164,
2046430953372058054,Wed Apr 22 03:14:50 +0000 2026,0,@witchinateacup @wuikle I do not believe the girl hair is straight not sure the boy is blue eyed either. Both H and MM have very specific features especially eyes so let s wait and see but it could take years . I had a feeling seeing the daughter she s got the mom profile,2046789800879947979,,Lisabeillle1,en,,0,0,0,https://x.com/undefined/status/2046789800879947979,3423022287,
2046582887902785632,Wed Apr 22 03:14:50 +0000 2026,0,@Anna_xb2 Bear in the big blue house https://t.co/bNgz192nLX,2046789800867557426,https://pbs.twimg.com/tweet_video_thumb/HGeoednboAAieug.jpg,Anna_xb2,en,,0,0,0,https://x.com/undefined/status/2046789800867557426,1204213370812911619,
2046311502744027241,Wed Apr 22 03:14:49 +0000 2026,0,@GunnerPuls Bonnie Blue FC,2046789794030821729,,GunnerPuls,fr,,0,0,0,https://x.com/undefined/status/2046789794030821729,3679982292,
2046789793158250688,Wed Apr 22 03:14:48 +0000 2026,0,Man I really hate how xtool studio automatically reverts to blue laser after I change a setting even tho I set it to ir smh,2046789793158250688,,,en,,0,0,0,https://x.com/undefined/status/2046789793158250688,1792330644778827776,
2046627689658753315,Wed Apr 22 03:14:48 +0000 2026,0,@BarackObama Israel does our voting for us. Right AIPAC BLUE? #FreePalestine,2046789792307007598,,BarackObama,en,,0,0,0,https://x.com/undefined/status/2046789792307007598,274335684,
2046612146226634777,Wed Apr 22 03:14:48 +0000 2026,0,@Treyallday20 @SaycheeseDGTL Why is it always you blue check buyers,2046789790759002227,,Treyallday20,en,,0,0,0,https://x.com/undefined/status/2046789790759002227,2046095842130403328,
2046789780466516038,Wed Apr 22 03:14:45 +0000 2026,0,does it glow in blue tho? https://t.co/FwIFuDTvcd,2046789780466516038,https://pbs.twimg.com/media/HGeodMAa8AEJNWs.jpg,,en,,0,0,0,https://x.com/undefined/status/2046789780466516038,1583134315898372096,
2046699882295992823,Wed Apr 22 03:14:43 +0000 2026,0,@theficouple I'm sorry our dreamy turquoise blue waters beautiful beaches hot springs in central Florida sipping on a mojito eating a delicious authentically Cuban meal and watching the beautiful sunset in a creaky wooden shack that serves the best fish sandwiches lack character. ,2046789770781536616,,theficouple,en,,0,0,0,https://x.com/undefined/status/2046789770781536616,1751074009452605440,
2046786573954658690,Wed Apr 22 03:14:42 +0000 2026,0, ah by the way did you watch my 23 challenge?! the blue lenses were pretty my members even asked me for details because they find it pretty ㅋㅎㅋㅎㅋㅎㅋㅎㅋㅎ vivienne westwood (fixing) blue i absolutely love using it &gt;&lt;,2046789768160428473,,swithtext,en,,0,0,0,https://x.com/undefined/status/2046789768160428473,2321811140,
2046755030280130679,Wed Apr 22 03:14:38 +0000 2026,0,@kvtssn A royal blue would look nice!,2046789748052668591,,kvtssn,en,,0,0,0,https://x.com/undefined/status/2046789748052668591,1983289646823157763,
2046789735230885954,Wed Apr 22 03:14:35 +0000 2026,0,Now if you can't tell. I really love Francesco newest outfit so he will be explaining some details. This new outfit was needed since I've definitely overused the blue so this helps so much more for us. Because team galaxy all day every day for the win #Gachalife2 https://t.co/JDNH9OusnU,2046789735230885954,https://pbs.twimg.com/media/HGeoaXaawAA4H2Q.jpg,,en,,0,1,0,https://x.com/undefined/status/2046789735230885954,1652068428788686849,
2046200692638097895,Wed Apr 22 03:14:32 +0000 2026,0,@Oliviaxrtx Blue,2046789724841370100,,Oliviaxrtx,en,,0,0,0,https://x.com/undefined/status/2046789724841370100,1179915805942784001,
2046789717363228862,Wed Apr 22 03:14:30 +0000 2026,0,Busia? ⎐كُود⎐⎐ايهرب⎐ايهيرب اهرب ⊵IQH8946⊴ ▬المطار▬ ⊵M1⊴ ⎐عطور▬جراس▬غراس▬قراس⎐ ⎐RR3⊴ ⎐كؤِبُون⎐Faded Blue ^^^^ ⎐خـِصم⎐N5lILvZfuvaW https://t.co/mK7pcFyJNk,2046789717363228862,https://pbs.twimg.com/media/HGeoZMIboAAdB1f.jpg,,ar,,0,0,0,https://x.com/undefined/status/2046789717363228862,1473701698417926153,
2046789713038811620,Wed Apr 22 03:14:29 +0000 2026,0,BLUE LIPSS ,2046789713038811620,,,en,,0,0,0,https://x.com/undefined/status/2046789713038811620,1388489041272729605,
2046767296870334639,Wed Apr 22 03:14:29 +0000 2026,0,@YourAnonNews Vote blue and stream Ariana grandes upcoming 8th album to get skinny,2046789711679656044,,YourAnonNews,en,,0,0,0,https://x.com/undefined/status/2046789711679656044,1992776625079869440,
2046789700770320873,Wed Apr 22 03:14:26 +0000 2026,5,okay well sounds to me that blue lips is gonna ruin my life https://t.co/9jtUKeKlSh,2046789700770320873,https://pbs.twimg.com/amplify_video_thumb/2046788979467657216/img/t-ClHJg8pueMwSru.jpg,,en,,0,0,0,https://x.com/undefined/status/2046789700770320873,1665367056823341057,
2046789693690335633,Wed Apr 22 03:14:25 +0000 2026,2,It's @kevincorke in the 1st segment.. looking elegant by the big board in dark blue with a yellow pop of color. This is just a can of worms that's going to create more problems..(other States will do it also) #FoxNewsAtNight,2046789693690335633,,,en,,0,0,0,https://x.com/undefined/status/2046789693690335633,1858347995911127040,
2046768472697565594,Wed Apr 22 03:14:24 +0000 2026,0,@Bluesap26 Good morning.. have a Fabulous Day ahead blue,2046789689215176947,,Bluesap26,en,,0,0,0,https://x.com/undefined/status/2046789689215176947,1256883901,
2046789678620086287,Wed Apr 22 03:14:21 +0000 2026,0,Fairfax is to blame for all of Virginia s blue shift over the past decades but it s not for the reason people think. Fairfax is not populated by Virginians. It s populated by migrants and all 49 other states worst people whose dream job is to be a government bureaucrat.,2046789678620086287,,,en,,0,0,0,https://x.com/undefined/status/2046789678620086287,1359980454493962245,
2046774803525181622,Wed Apr 22 03:14:19 +0000 2026,1,@LDS_Dems @BravesMlbfan Deep blue states have had the most ridiculous congressional districts to maintain majorities for literally decades.,2046789670869307432,,LDS_Dems,en,,0,0,0,https://x.com/undefined/status/2046789670869307432,761693131947384832,
2046789669111877879,Wed Apr 22 03:14:19 +0000 2026,0,blue lips...,2046789669111877879,,,en,,0,0,0,https://x.com/undefined/status/2046789669111877879,1804501787141144576,
2046729327299944467,Wed Apr 22 03:14:19 +0000 2026,0,@davellaneda77 @jorgebaci @JMilei Ya te lo dije antes. Dedícate al deporte. Ahí sos bueno. Los kukas los tienen todos uds adentro como los de Pareja q ya les quitó 2 o 3 concejales. Antes llegaron con Kikuchi q también les quitó como 10 los libertarios blue de PBA. Pero uds no aprenden. Quizá xq son la casta.,2046789668746694854,,davellaneda77,es,,0,0,0,https://x.com/undefined/status/2046789668746694854,1277000314613370881,
2046789667622953446,Wed Apr 22 03:14:18 +0000 2026,0,The blue wave is coming for you maga https://t.co/uQQRcmIwL1,2046789667622953446,https://pbs.twimg.com/tweet_video_thumb/HGeoWj_bYAAHrRQ.jpg,,en,,0,0,0,https://x.com/undefined/status/2046789667622953446,1547275062419460098,
2046559731784065112,Wed Apr 22 03:14:17 +0000 2026,0,@FarOutMag God bless you @paulwellerHQ Sadly Going Underground and Funeral Pyre are even more appropriate today than when I bought those singles with hard-earned blue notes.,2046789661310521748,,FarOutMag,en,,0,0,0,https://x.com/undefined/status/2046789661310521748,1594760792028565504,
2046789659699912772,Wed Apr 22 03:14:17 +0000 2026,0,It s April 21st but man I m ready for some Fall evening on The Blue! #BleedBlue #WhatsNext,2046789659699912772,,,en,,0,0,0,https://x.com/undefined/status/2046789659699912772,398909439,
2046651349845385688,Wed Apr 22 03:14:15 +0000 2026,0,@adrielyong @speedrun Your DMs aren't open to non blue,2046789655069438452,,adrielyong,en,,0,0,0,https://x.com/undefined/status/2046789655069438452,1965805414777524224,
2046789647179682156,Wed Apr 22 03:14:14 +0000 2026,0,The #Sabres have some serious problems to fix starting with the power play. That drought has reached the critical stage. The real problem is losing faceoffs on the power play and the puck is sent down the ice time after time. Dahlin is a blue line turnover machine and he,2046789647179682156,,,en,,0,0,0,https://x.com/undefined/status/2046789647179682156,1617399210495590400,
2046771210323669282,Wed Apr 22 03:14:12 +0000 2026,0,@NolteNC Act Blue.,2046789640624193669,,NolteNC,en,,0,0,0,https://x.com/undefined/status/2046789640624193669,1511413989321818117,
2046788878095585303,Wed Apr 22 03:14:11 +0000 2026,2,and to get even more cornplate-y: since it s a croagunk-blue colored trenchcoat it looks a lot like looker s pokémas 6 star ex coat!!! https://t.co/akcWNB1R9X,2046789636836716995,https://pbs.twimg.com/media/HGeoU3Ja4AAvnIn.jpg,offthem00n,en,,0,1,0,https://x.com/undefined/status/2046789636836716995,1423336348757282819,
2046775498341245087,Wed Apr 22 03:14:09 +0000 2026,0,@archanaachu24 blue,2046789627554537508,,archanaachu24,en,,0,0,0,https://x.com/undefined/status/2046789627554537508,2042915861598486528,
2046474437675892797,Wed Apr 22 03:14:08 +0000 2026,0,@AyeeNdeM @GpMatee He was a spectator in the July unrest even now he's still a spectator together with his men in blue uniform ,2046789625218298331,,AyeeNdeM,en,,0,0,0,https://x.com/undefined/status/2046789625218298331,1423197848892542976,
2046636665200939193,Wed Apr 22 03:14:07 +0000 2026,1,@DeanLearner @pleometric I've gone viral a couple times and it's bizarre to me how much it affects my psychology. The little blue number is a superstimulus.,2046789618649985350,,DeanLearner,en,,0,0,0,https://x.com/undefined/status/2046789618649985350,1507502703408295938,
2046789617824018553,Wed Apr 22 03:14:07 +0000 2026,0, what one is your favorite huggy wuggy seek scary blue ,2046789617824018553,,,en,,0,0,0,https://x.com/undefined/status/2046789617824018553,1371738764108730377,
2046722285206122878,Wed Apr 22 03:14:05 +0000 2026,0,@dbpotee1 @jared_shult Another ignorant radical leftist Blue Cultist shill cuck chimes in.,2046789612622709129,,dbpotee1,en,,0,0,0,https://x.com/undefined/status/2046789612622709129,371545976,
2046789611418984908,Wed Apr 22 03:14:05 +0000 2026,2,Keonho: Wassup Seonghyeon: Acai James: TNT(? Martin: Blue lips(?,2046789611418984908,,,in,,0,0,0,https://x.com/undefined/status/2046789611418984908,1981133647802478592,
2046789605479911616,Wed Apr 22 03:14:04 +0000 2026,0,Just a warning that future maps will not have any blue states on them.,2046789605479911616,,,en,,0,0,0,https://x.com/undefined/status/2046789605479911616,1609689917042425857,
2046785386186502508,Wed Apr 22 03:14:03 +0000 2026,0,@Acyn New England: ~60% blue vote → 100% blue seats. Fairness apparently means total control. https://t.co/gZWertNkGa,2046789601654644809,https://pbs.twimg.com/media/HGeoS6sWIAAHJ2x.jpg,Acyn,en,,0,0,0,https://x.com/undefined/status/2046789601654644809,1692712827570499584,
2046634790405677320,Wed Apr 22 03:14:01 +0000 2026,1,@Lulamaybelle @TDR1411 @ShadeTV Right?! If it truly was up to us films like Blue Heron and My Father's Shadow and Resurrection and Sorry Baby...hell ANORA would all have a billion dollars each. Like can we be serious for one second on here please?,2046789595413758293,,Lulamaybelle,en,,0,1,0,https://x.com/undefined/status/2046789595413758293,795023426,
2046788932772229252,Wed Apr 22 03:14:00 +0000 2026,0,@martwinsi Wassup?? Acai?? TNT?? Blue Lips??,2046789589008892074,,martwinsi,en,,0,0,0,https://x.com/undefined/status/2046789589008892074,1955732187900469248,
2046775049697251435,Wed Apr 22 03:13:58 +0000 2026,1,@cabsav456 @dsevr I mean the idea alone that liberal states would go bankrupt even tho they generate a shit tonne of revenue for your country is baffling. Even within red states aren't they blue cities that are pumping out revenue?,2046789582201532589,,cabsav456,en,,0,0,0,https://x.com/undefined/status/2046789582201532589,1633871482106281994,
2046789581077418294,Wed Apr 22 03:13:58 +0000 2026,0,サッカー日本代表 SAMURAI BLUE アイスランド戦 キリンチャレンジカップ2026 5/31 国立競技場 チケットお譲りします 【譲】プレミアムシート 108ブロック 実質2~4列目 （4~6列表記） 191~214番 1枚 【求】定価＋手数料〜 ご提示ください #サッカー日本代表 #SAMURAIBLUE #チケット譲,2046789581077418294,,,ja,,0,0,0,https://x.com/undefined/status/2046789581077418294,1666902721201332254,
2046789578166849678,Wed Apr 22 03:13:57 +0000 2026,1,Are the Lakers turning into a blue collar team all of a sudden?!? ,2046789578166849678,,,en,,0,0,0,https://x.com/undefined/status/2046789578166849678,24329477,
2046600416503406864,Wed Apr 22 03:13:56 +0000 2026,0,@insatiablevine It is still a thing. The police who should be arresting them are all traitors too. You can see this clearly: they commit treason every time they arrest someone for a weapons charge a drug charge or any blue laws. Whenever they invent probable cause to search your car ,2046789575406739639,,insatiablevine,en,,0,0,0,https://x.com/undefined/status/2046789575406739639,1725561044603396096,
2046783468743393635,Wed Apr 22 03:13:56 +0000 2026,0,@DanHoppOPS Haha was thinking the same thing! Just standing there hoping he pulled it outside the blue as he went across,2046789573947093028,,DanHoppOPS,en,,0,0,0,https://x.com/undefined/status/2046789573947093028,1069444844,
2046764344675868702,Wed Apr 22 03:13:55 +0000 2026,0,@harryjsisson Life is better under the Blue https://t.co/pEuMWYvaot,2046789570847494167,https://pbs.twimg.com/media/HGeoRMRakAE1b6D.jpg,harryjsisson,en,,0,0,0,https://x.com/undefined/status/2046789570847494167,737676927012458497,
2046628271098662924,Wed Apr 22 03:13:55 +0000 2026,0,@Nher_who The problem is and what this clearly proved is that only women can do this not men Why? Bcoz if it was a man who did this he would be beaten black &amp; blue and thrown in jail but with women their hands are tied So all women do this bcoz ONLY YOU CAN THIS is true feminism ,2046789569975402839,,Nher_who,en,,0,0,0,https://x.com/undefined/status/2046789569975402839,2379964938,
2046725295370068120,Wed Apr 22 03:13:54 +0000 2026,0,@rsn1072 I started playing around the end of 2022 and I can't remember exactly when. I got tired of Genshin Impact and downloaded Nikke first but it wouldn't launch. Google Play recommended Blue Archive as a similar game.,2046789563469779356,,rsn1072,en,,0,0,0,https://x.com/undefined/status/2046789563469779356,1251545718621376512,
2046764745328570561,Wed Apr 22 03:13:53 +0000 2026,1,@MintBlitz The sad truth. I have the same amount of hours and I uninstalled 3 days ago. Here s why Not controller friendly. Definitely geared towards M and K The nerfs have been especially excessive. When you can 4 shot a blue shield with a v11 punch and not 2 shot with a WSTR there s,2046789562748608761,,MintBlitz,en,,1,1,0,https://x.com/undefined/status/2046789562748608761,1740011063612243968,
2046789559850250478,Wed Apr 22 03:13:53 +0000 2026,0,This is why klo bisa jangan terlalu engage sama akun blue check individual. Mending lu engage ke akun fanbase ato akun profesional yg punya blue check.,2046789559850250478,,,in,,0,0,0,https://x.com/undefined/status/2046789559850250478,1183261634417942530,
2046757792053084186,Wed Apr 22 03:13:34 +0000 2026,0,@roxierichner @TrackAIPAC @AbdulElSayed He s nasty and replaces the red white and blue on the 🇺🇸 to red and green and black,2046789481013944371,,roxierichner,en,,0,0,0,https://x.com/undefined/status/2046789481013944371,1853796809769979904,
2046717236291981397,Wed Apr 22 03:13:34 +0000 2026,0,@adamcarolla @spencerpratt Lmao conservative white dudes in blue cities are always very easy targets for grifting know-nothing douches like Pratt. Fuck still falling for former reality TV assholes lmao,2046789480406024214,,adamcarolla,en,,0,0,0,https://x.com/undefined/status/2046789480406024214,2316191840,
2046736951126942011,Wed Apr 22 03:13:33 +0000 2026,2,@SymplyTonbra then stop posting dumbass engagement farming questions like bffr. yall get twitter blue and do exactly what everyone else is doing ..NOT BEING ORIGINAL,2046789475104108694,,SymplyTonbra,en,,0,0,1,https://x.com/undefined/status/2046789475104108694,1243738576313036801,
2046789474164658380,Wed Apr 22 03:13:32 +0000 2026,0,أي? ⎐كُود⎐⎐نمشي⎐ ⊵MFM3⊴ ⎐فرست⎐كراى⎐فيرستكراى⎐ ⊵AFN22⊴ ▬لؤكسىتأن▬لوكستيان ⎐A106⎐ ⎐كؤِبُون⎐Natural Blue ^^^^ ⎐خـِصم⎐gnZojP1usVcs https://t.co/RzKRNZg7cp,2046789474164658380,https://pbs.twimg.com/media/HGeoLOrasAAVuOT.jpg,,ar,,0,0,0,https://x.com/undefined/status/2046789474164658380,1552890614894809088,
2046756387678736724,Wed Apr 22 03:13:31 +0000 2026,0,@spttestslope @WallStreetApes Wouldn't that be great? Blue States wouldn't have to subsidize loser Red states anymore.,2046789469232308273,,spttestslope,en,,0,1,0,https://x.com/undefined/status/2046789469232308273,803786460549632000,
2046691366001094995,Wed Apr 22 03:13:30 +0000 2026,0,@OleTimeHardball Blue Moon,2046789462487863369,,OleTimeHardball,en,,0,0,0,https://x.com/undefined/status/2046789462487863369,1513593295141670915,
2046582887902785632,Wed Apr 22 03:13:29 +0000 2026,0,@Anna_xb2 Past blue ribbon,2046789460713779640,,Anna_xb2,en,,0,0,0,https://x.com/undefined/status/2046789460713779640,1627469924229865473,
2046762207510143218,Wed Apr 22 03:13:28 +0000 2026,0,@acnewsitics You started it in the northeastern blue states cokksukker.,2046789456649212128,,acnewsitics,en,,0,0,0,https://x.com/undefined/status/2046789456649212128,1658253794722066432,
2046789453981905158,Wed Apr 22 03:13:27 +0000 2026,0,kenho wassup seonghyeon acai james tnt martin blue lips GASABAR 4 MEI GREENGREEN,2046789453981905158,,,in,,0,1,0,https://x.com/undefined/status/2046789453981905158,1145163767497367552,
2046579920487211190,Wed Apr 22 03:13:26 +0000 2026,0,@fngzhngzhudo1 @DeAngelisCorey @mattgaetz @OANN Blue collar worker s taxes barely subsidize themselves over a lifetime. They re not the ones paying for student loan forgiveness.,2046789445928542465,,fngzhngzhudo1,en,,0,0,0,https://x.com/undefined/status/2046789445928542465,1193688699239911424,
2046789442875142607,Wed Apr 22 03:13:25 +0000 2026,0,SO TODAY DEMOCRAT VIRGINIANS VOTED TO REDISTRICT THEIR STATE AND REPUBLICANS COULD THEN LOSE 4-5 SEATS! ANYONE CHECKING THEIR VOTER ROLES???? ANYONE???????? BLUE STATES ARE ALWAYS KNOWN FOR CHEATING AT THE POLLS!!! @realDonaldTrump,2046789442875142607,,,en,,0,0,1,https://x.com/undefined/status/2046789442875142607,1691338636833288192,
2046785163112161788,Wed Apr 22 03:13:23 +0000 2026,0,@AriFleischer I won't buy the he did it first thing. All states that gerrymander are run by cheats. It's just the blue states outnumber the red but only so far.,2046789435765985445,,AriFleischer,en,,0,0,0,https://x.com/undefined/status/2046789435765985445,1962676743606788096,
2046559432872460683,Wed Apr 22 03:13:21 +0000 2026,0,@Mum2Daisy @portside27 OMG Jews in the Camps weren't wearing bright blue &amp; white striped shirts. I sincerely doubt anyone thought that other than you &amp; a few other simpletons.,2046789427159056402,,Mum2Daisy,en,,0,0,0,https://x.com/undefined/status/2046789427159056402,1313983324591972355,
2046779669266178159,Wed Apr 22 03:13:19 +0000 2026,1,@helios_brah Blue light Nazi...... Alright now that is hilarious!!! https://t.co/9HAVVuz2Gh,2046789417734422927,https://pbs.twimg.com/tweet_video_thumb/HGeoH5hXkAA2wXl.jpg,helios_brah,en,,0,0,0,https://x.com/undefined/status/2046789417734422927,1897756479354290180,
2046787490883788983,Wed Apr 22 03:13:18 +0000 2026,0,@ruisexwife I support you on this new journey. I'm glad you've freed yourself from the sin of lust.......though i will say blue paradise maet only makes me more horny.,2046789413540172045,,ruisexwife,en,,0,0,0,https://x.com/undefined/status/2046789413540172045,1676235001061310467,
2046789412051444213,Wed Apr 22 03:13:17 +0000 2026,4, aye hello madam . green dupatta blue suit madam apki chabhi gir gayi hai funniest way i have ever been addressed lmao . https://t.co/8ITKEqWgMo,2046789412051444213,https://pbs.twimg.com/media/HGeoHpEb0AAI7C5.jpg,,en,,0,0,0,https://x.com/undefined/status/2046789412051444213,1688563178035404800,
2046447333983027218,Wed Apr 22 03:13:17 +0000 2026,0,@otokyo__ Simply red Black Sabbath ( although some say black is not a colour) Green Jelly Blue Oyster Cult Deep Purple ,2046789411057393789,,otokyo__,en,,0,0,0,https://x.com/undefined/status/2046789411057393789,289170674,
2046789408867918048,Wed Apr 22 03:13:17 +0000 2026,0,ಯಾವುದು? ⎐كُود⎐⎐ايهرب⎐ايهيرب اهرب ⊵IQH8946⊴ ⎐تريندول⎐ ⊵OMM⊴ ⎐ترندول⎐ ⊵OMM⊴ ⎐كؤِبُون⎐Classic Blue ^^^ ⎐خـِصم⎐9DmK8wGH5UGN https://t.co/2TJ6lKpRyU,2046789408867918048,https://pbs.twimg.com/media/HGeoHPpaUAABTsu.jpg,,und,,0,0,0,https://x.com/undefined/status/2046789408867918048,940911488,
2046789406925750767,Wed Apr 22 03:13:16 +0000 2026,0,ouchiee? ⎐كُود⎐⎐ايهرب⎐ايهيرب اهرب ⊵IQH8946⊴ ⎐مغربى▬للبصرىات⎐ ⊵MM9⊴ ⎐لفل⎐ليفل⎐شوز⎐ ⊵GGG⊴ ⎐كؤِبُون⎐Bright Blue ^^ ⎐خـِصم⎐0LiGSQdjUB5p https://t.co/P0KPlmCRzN,2046789406925750767,https://pbs.twimg.com/media/HGeoHZSWMAAiHKx.jpg,,ar,,0,0,0,https://x.com/undefined/status/2046789406925750767,1952056995986448384,
2046789400336515430,Wed Apr 22 03:13:15 +0000 2026,0,Na their real page be this? I no wan believe say their real page cos how them no go fit afford blue tick?,2046789400336515430,,,en,,0,0,0,https://x.com/undefined/status/2046789400336515430,1364901776386850818,
2046564239087751362,Wed Apr 22 03:13:15 +0000 2026,0,@UCFnewfatmike @RYGRAAL @_King__Sloth_ @DarrigoMelanie @cmills4370 Just block the blue-check liebots. They just post shit for engagement.,2046789399707373682,,UCFnewfatmike,en,,0,0,0,https://x.com/undefined/status/2046789399707373682,279075064,
2046646954424435106,Wed Apr 22 03:13:11 +0000 2026,0,@thecruice @JulianFried Miller/Hobart's are for farmers and guys that weld mufflers lol. You show up on a pipeline anywhere West of the Mississippi with a blue welder and they wont even let ya get out of the truck. ,2046789386604626089,,thecruice,en,,0,0,0,https://x.com/undefined/status/2046789386604626089,825916456734830592,
2046769345469005872,Wed Apr 22 03:13:09 +0000 2026,0,@AveryAsh819 @Logically_JC And Virginia left it up to the voters Texas who is 60% democrat based on voter registration just did it. Because Texas knows that they would ve lift it up to the voters they d be blue in a heartbeat.,2046789376030679399,,AveryAsh819,en,,0,0,0,https://x.com/undefined/status/2046789376030679399,1290819785555505152,
2046770350474592740,Wed Apr 22 03:13:09 +0000 2026,0,@C_3C_3 John Thune has showed his colors for months. Stop calling his name . He is BLUE . He is a communist . He is part of the invasion. https://t.co/SCbV6mCp5K,2046789374646382787,https://pbs.twimg.com/tweet_video_thumb/HGeoFgYXsAE-oVf.jpg,C_3C_3,en,,0,0,0,https://x.com/undefined/status/2046789374646382787,863186974357807104,
2046581259158114473,Wed Apr 22 03:13:08 +0000 2026,0,@BernieSanders You can actually thank Trump. He is your biggest ally right now pushing everyone to blue.,2046789370552725598,,BernieSanders,en,,0,0,0,https://x.com/undefined/status/2046789370552725598,1652672462205644800,
2046757352733397038,Wed Apr 22 03:13:07 +0000 2026,0,@SlaveDigi @BarackObama @MeidasTouch wth?!? my brain is exploding ..y all need to follow some normal news not just joe rogan or whoever ! Yes.. states do gerrymandering AFTER THE CENSUS.. not just randomly out of the blue and never in the history of the united states has the PRESIDENT CALLED A GOVERNOR and told https://t.co/B7AqRgCfCn,2046789368766222603,https://pbs.twimg.com/media/HGeoFRUb0AAIF2u.jpg,SlaveDigi,en,,0,1,0,https://x.com/undefined/status/2046789368766222603,2578062228,
2046789357793943678,Wed Apr 22 03:13:05 +0000 2026,0,Reshma Pasupuleti In Blue Robe https://t.co/4405ypP9Gk,2046789357793943678,,,in,,0,0,0,https://x.com/undefined/status/2046789357793943678,2018661729723715584,
2046789356807954873,Wed Apr 22 03:13:04 +0000 2026,0,Uni? ⎐كُود⎐⎐نمشي⎐ ⊵MFM2⊴ ▬ذابودي▬زا▬بودي▬شوب▬ ⎐AB71⎐ ذا▬بادي▬بدي▬شوب▬ ⎐AB71⎐ ⎐كؤِبُون⎐Rich Blue ^^ ⎐خـِصم⎐rMr1mxba5AlX https://t.co/l7bVGDuxHV,2046789356807954873,https://pbs.twimg.com/media/HGeoEaiW8AAPyZV.jpg,,ar,,0,0,0,https://x.com/undefined/status/2046789356807954873,812086474187403264,
2046474899053596903,Wed Apr 22 03:13:01 +0000 2026,0,@TENIBEGILOJU202 Empty brain with blue thick,2046789344686404021,,TENIBEGILOJU202,en,,0,0,0,https://x.com/undefined/status/2046789344686404021,1966924590447296513,
2046706652770889916,Wed Apr 22 03:13:01 +0000 2026,0,@jsolomonReports I say this until I am blue in my face. This is getting out of hand and turned into a bloody spin cycle. Report on real UFO news or NASA/space news. This is clearly garnered for clicks,2046789344296374660,,jsolomonReports,en,,0,0,0,https://x.com/undefined/status/2046789344296374660,1679620798808567809,
2046789337958732138,Wed Apr 22 03:13:00 +0000 2026,0,waar? ⎐كُود⎐⎐ترينديول⎐ ⊵OMM⊴ ⎐ريفا_⎐ ⊵W87⊴ ⎐ماكـس⎐فاشون⎐ ⊴HH5⊴ ⎐كؤِبُون⎐Natural Blue ^^ ⎐خـِصم⎐1aHJAuevktyc8 https://t.co/r4MoQ7rSSn,2046789337958732138,https://pbs.twimg.com/media/HGeoDVHXAAAQpf_.jpg,,und,,0,0,0,https://x.com/undefined/status/2046789337958732138,1879877860887863296,
2046564813900497033,Wed Apr 22 03:12:58 +0000 2026,0,@VinnysCorner1 Tony Perez Dave concepcion Vita blue,2046789331424022787,,VinnysCorner1,es,,0,0,0,https://x.com/undefined/status/2046789331424022787,240394713,
2046789330383864205,Wed Apr 22 03:12:58 +0000 2026,0,coming back to this now that i have watched blue lock ,2046789330383864205,,,en,,0,0,0,https://x.com/undefined/status/2046789330383864205,2020004880534904832,
2046587685305721154,Wed Apr 22 03:12:58 +0000 2026,1,@BetterCallAlba Why do brown eyed people chimp out so much at blue eyes ? You realise people just think you have an inferiority complex.,2046789328727351744,,BetterCallAlba,en,,0,0,0,https://x.com/undefined/status/2046789328727351744,2003544761135955972,
2046789321588682847,Wed Apr 22 03:12:56 +0000 2026,0,nah? ⎐كُود⎐⎐نمشي⎐ ⊵MFM3⊴ ▬ممزورلد▬مامزورلد▬ ⊵ZZ9⊴ ▬الدهام▬للساعات▬ ⊵OMG⊴ ⎐كؤِبُون⎐Rich Blue ^^^ ⎐خـِصم⎐LN68MGx7Ur40 https://t.co/Jil3rIJ1OH,2046789321588682847,https://pbs.twimg.com/media/HGeoCJLbgAA94ew.jpg,,ar,,0,0,0,https://x.com/undefined/status/2046789321588682847,761913810,
2046789294598369388,Wed Apr 22 03:12:49 +0000 2026,0,景色予約忘れてたら特典付きSOLD OUTになってた JI BLUE OFFICIAL STORE https://t.co/Jr6Qe0Wk5A,2046789294598369388,,,ja,,0,0,0,https://x.com/undefined/status/2046789294598369388,1738415822866186240,
2046787881109459226,Wed Apr 22 03:12:46 +0000 2026,0,@MAGAVoice Virginia has risen as high as Jesus Christ. Blue Waves continue,2046789279813145045,,MAGAVoice,en,,0,0,0,https://x.com/undefined/status/2046789279813145045,19156805,
2046789270346613004,Wed Apr 22 03:12:44 +0000 2026,4,I like Spencer Miles a lot. That was a smart addition by the blue jays.,2046789270346613004,,,en,,0,0,1,https://x.com/undefined/status/2046789270346613004,1361390263374123010,
2046770733578080437,Wed Apr 22 03:12:41 +0000 2026,0,@Roberto4127 @neeratanden At least those blue states put it to a vote unlike Pond scum Republicans,2046789257339998637,,Roberto4127,en,,0,0,0,https://x.com/undefined/status/2046789257339998637,1051645916485222401,
2046789250603966822,Wed Apr 22 03:12:39 +0000 2026,4,Democrats claim that granting statehood to D.C. and Puerto Rico packing the Supreme Court and reopening the border would save democracy. In reality these moves would just give them more power: two new reliably blue states a tilted Supreme Court and millions of new future https://t.co/tJFFCq3RGS,2046789250603966822,https://pbs.twimg.com/ext_tw_video_thumb/2046789098174631936/pu/img/cI2a2Zi4yTWUxUS_.jpg,,en,,0,0,1,https://x.com/undefined/status/2046789250603966822,1606734564734402561,
2046779144915259662,Wed Apr 22 03:12:13 +0000 2026,0,@yunopiis account so sus blue mark too........yeah im smelling some bullshit ngl,2046789142852587671,,yunopiis,en,,0,0,0,https://x.com/undefined/status/2046789142852587671,787919502604247041,
2046699577047482853,Wed Apr 22 03:12:13 +0000 2026,0,@yianak1s @ahchoen Honestly I haven t been paying for a blue check in a while and I ve been getting decent engagement based on similar posting methods that follow these guidelines.,2046789139589378391,,yianak1s,en,,0,0,0,https://x.com/undefined/status/2046789139589378391,1118464506,
2046781371603956038,Wed Apr 22 03:12:13 +0000 2026,0,@spottedjinbug okai so these aren t gonna make sense to anyone but me but (don t fear) the reaper by blue öyster cult and disorder by joy division!,2046789139496866025,,spottedjinbug,en,,0,0,0,https://x.com/undefined/status/2046789139496866025,1682662773556404224,
2046511672643436820,Wed Apr 22 03:12:12 +0000 2026,0,@MRDAVEY_ The clover or the white and blue fox. We can talk details on discord or th or email since twitter messages are kinda buggy for me : DD,2046789135290253528,,MRDAVEY_,en,,0,0,0,https://x.com/undefined/status/2046789135290253528,1394674657438097412,
2046789131401846791,Wed Apr 22 03:12:11 +0000 2026,1,Flopey depois de gastar os 30 reais pra feira no twitter blue: https://t.co/ixGmvxtTwG,2046789131401846791,https://pbs.twimg.com/media/HGen3oUXYAAkULI.jpg,,pt,,0,0,1,https://x.com/undefined/status/2046789131401846791,1896708873697755136,
2046236815489900768,Wed Apr 22 03:12:10 +0000 2026,0,@Gosleepriya Blue whale ,2046789129435005114,,Gosleepriya,en,,0,0,0,https://x.com/undefined/status/2046789129435005114,1906730300916350976,
2046772650022773188,Wed Apr 22 03:12:09 +0000 2026,2,@emblemcrave so that s where the blue lions army budget went https://t.co/b60u1uprme,2046789123630137517,https://pbs.twimg.com/tweet_video_thumb/HGen27nboAAhutL.jpg,emblemcrave,en,,0,0,0,https://x.com/undefined/status/2046789123630137517,1062131734165151744,
2046789118995337545,Wed Apr 22 03:12:08 +0000 2026,0,Lawak banget baca komenan tentang Chelsea. Tapi sebagai fan Chelsea kalau kata gue mah putus aja kontrak eksklusif si Liam masak iya 5 kali kalah zero gol lagi. Tapi tetap London is blue https://t.co/f0CCIyJb8l,2046789118995337545,https://pbs.twimg.com/amplify_video_thumb/2046789025361776640/img/emmPSg8grslMgBQR.jpg,,in,,0,0,0,https://x.com/undefined/status/2046789118995337545,1390607527784566786,
2046496849595384121,Wed Apr 22 03:12:03 +0000 2026,0,@TrumpBarron_Q FAKE FAKE FAKE FAKE FAKE BLUE WAVE BABY SEE YOU IN NOVEMBER,2046789098518556906,,TrumpBarron_Q,en,,0,0,0,https://x.com/undefined/status/2046789098518556906,2001808491212627970,
2046763761264984137,Wed Apr 22 03:12:01 +0000 2026,0,@itsmeharkk @vagentleman2 @KenCuccinelli If you re a political refugee from NoVA the Panhandle awaits. But we need support from those refugees to keep what happened to FFX &amp; Loudoun from reproducing here. I can t believe Clarke &amp; Frederick Counties are now blue!?!? Time Western &amp; Southern VA counties to switch to WV?,2046789090541006972,,itsmeharkk,en,,0,0,0,https://x.com/undefined/status/2046789090541006972,37452918,
2046789089790202067,Wed Apr 22 03:12:01 +0000 2026,0,Jeff Bezos' Blue Origin faces FAA investigation after its New Glenn rocket's second stage failed during Sunday's launch placing an AST SpaceMobile satellite in the wrong orbit and effectively dooming... https://t.co/B0KCv6nRry More breaking news → https://t.co/BkcmT3LtFL https://t.co/CXW1NoWeVZ,2046789089790202067,https://pbs.twimg.com/media/HGen1NPXwAAY0Oy.jpg,,en,,0,0,0,https://x.com/undefined/status/2046789089790202067,1871838383489822720,
2046751412902678946,Wed Apr 22 03:12:00 +0000 2026,1,@FernandoAmandi @LisaForCongress @EvanPower Wow. Almost like Trump doesn't represent blue states or work with democrats at all. Fuck off.,2046789087299002733,,FernandoAmandi,en,,0,0,0,https://x.com/undefined/status/2046789087299002733,1365046808557146115,
2046770558998659582,Wed Apr 22 03:11:58 +0000 2026,0,@adamemedia1 Blue Q Anon nonsense. Along with the 2024 election was fixed . People on the Left trying to Out Stupid the MAGAts. You'll never win that one!,2046789079434445091,,adamemedia1,en,,0,0,0,https://x.com/undefined/status/2046789079434445091,1674833418184450049,
2046535520747188349,Wed Apr 22 03:11:54 +0000 2026,0,@qing_yin19640 Is that a blue whale or humpback? Looks more like a humpback to me,2046789063693554105,,qing_yin19640,en,,0,0,0,https://x.com/undefined/status/2046789063693554105,54937843,
2046701652594323498,Wed Apr 22 03:11:54 +0000 2026,0,@QTHESTORMM Blue beam. Don t get scared,2046789060090360116,,QTHESTORMM,en,,0,0,0,https://x.com/undefined/status/2046789060090360116,1986586268617113601,
2046402786426863620,Wed Apr 22 03:11:52 +0000 2026,2,@TheRickWilson You forgot to mention Illinois New York California etc. blue states have been redistricting for many many years. Without it California would not be a super majority. 40% of Californians are GOP leaning yet are not represented because of redistricting. Don t pretend it s about,2046789053593649265,,TheRickWilson,en,,0,1,0,https://x.com/undefined/status/2046789053593649265,1823171099611312128,
2046789050770591858,Wed Apr 22 03:11:51 +0000 2026,0,Nah let it ride. We must politically eliminate all Republican reps in blue states. Every single one of them.,2046789050770591858,,,en,,0,0,0,https://x.com/undefined/status/2046789050770591858,1985887163373010949,
2046747444994543824,Wed Apr 22 03:11:51 +0000 2026,0,@ZacharyDonnini @mehdirhasan And thin out their margins when a blue wave is coming? Yes please!,2046789050615407099,,ZacharyDonnini,en,,0,0,0,https://x.com/undefined/status/2046789050615407099,1195498132152422400,
2046748704015872108,Wed Apr 22 03:11:50 +0000 2026,0,@KelseyTuoc The issue with this position is that the Democrats simply want to prevent red states from doing what blue states had already done rather than volunteering to give up their own ridiculous maps. They have no appetite for fair maps should such a thing even be possible.,2046789046836330660,,KelseyTuoc,en,,0,0,0,https://x.com/undefined/status/2046789046836330660,1731437337316331520,
2046786942784999655,Wed Apr 22 03:11:50 +0000 2026,2,@CynicalPublius A color revolution is just a fancy name for a civil war. The only difference is that it s still early and physical violence isn t yet widespread between the red/blue sides.,2046789045175640458,,CynicalPublius,en,,0,0,0,https://x.com/undefined/status/2046789045175640458,909204490884132864,
2046572437912125559,Wed Apr 22 03:11:49 +0000 2026,0,@captainokirk @cto_junior what issues r u having? when i told it to fix the half collar(og) it added a weird blue line on the left and then also made the shiny effect look weird.(edited) additionally i told it to edit an image (unrelated to the size) it change dthe ratio from 585x559px to like 517x517 https://t.co/Va2c4whJf7,2046789040410656867,https://pbs.twimg.com/media/HGenW_jWoAEuuF6.jpg,captainokirk,en,,0,0,0,https://x.com/undefined/status/2046789040410656867,1378088525204180994,
2046789040368689406,Wed Apr 22 03:11:49 +0000 2026,0,Ice Blue Topaz Earrings: Genuine Sterling Silver (6mm) by Colteri https://t.co/vulVjQARYe via @Etsy,2046789040368689406,,,en,,0,0,0,https://x.com/undefined/status/2046789040368689406,3120134746,
2046789038276034644,Wed Apr 22 03:11:48 +0000 2026,0,HERO COMPLEX GOOD MIND TOUR 2 5/16(土) @ 恵比寿LIQUIDROOM w/ BLUE ENCOUNT 【求】定価＋手数料 【譲】チケット×2 行けなくなってしまったためお譲りします。 PayPayをやってないので振込支払できる方リプかDMお願いします #BLUEENCOUNT #HEROCOMPLEX,2046789038276034644,,,ja,,0,0,0,https://x.com/undefined/status/2046789038276034644,1316792841507463174,
2046789035700469760,Wed Apr 22 03:11:48 +0000 2026,0,They made No blue.... what a total and complete joke. https://t.co/ftBFC5eKt8,2046789035700469760,https://pbs.twimg.com/media/HGenppqX0AAI4Zu.jpg,,en,,0,0,0,https://x.com/undefined/status/2046789035700469760,619432052,
2046789034459189650,Wed Apr 22 03:11:47 +0000 2026,2,the way red operas staring at blue doto too https://t.co/eQR5EaE7wH,2046789034459189650,https://pbs.twimg.com/media/HGenmXxbUAAzm6X.png,,en,,0,0,2,https://x.com/undefined/status/2046789034459189650,1982045927415427072,
2046713772388299208,Wed Apr 22 03:11:46 +0000 2026,0,@Nicotama222 Good morning Blue v account is ready for fb,2046789029098582511,,Nicotama222,en,,0,0,0,https://x.com/undefined/status/2046789029098582511,1090460453359308801,
2046589919569838163,Wed Apr 22 03:11:46 +0000 2026,0,@LivingTombstone @Fortnite @cmndline I hope the GBA SP Blue Edition comes in Fortnite! Fucking love that song lmao!,2046789027723162021,,LivingTombstone,en,,0,1,0,https://x.com/undefined/status/2046789027723162021,2839971714,
2046396339261743598,Wed Apr 22 03:11:45 +0000 2026,0,@212NE121 @FAIRYM00NSTAR The curtain was just blue ass response. Get some critical thinking skills,2046789024711360596,,212NE121,en,,0,0,0,https://x.com/undefined/status/2046789024711360596,3720764056,
2046789017614823713,Wed Apr 22 03:11:43 +0000 2026,0,BLUE SEEDを観るためにdアニに入ったので観終わったら次はサムライトルーパーを観ます。フォロワーが君はこれが絶対好きだよと言っていたので(絶対的信頼),2046789017614823713,,,ja,,0,0,0,https://x.com/undefined/status/2046789017614823713,602670461,
2046789014234259790,Wed Apr 22 03:11:43 +0000 2026,0,ey? ⎐كُود⎐⎐نون⎐ ⊵NKW⊴ ⎐ريف▬للعطور⎐ ⊵OMG⊴ ⎐جىني⎐ ⊵AAK1⊴ ⎐كؤِبُون⎐Star Blue ^^ ⎐خـِصم⎐3c4BhOAl8pxk https://t.co/rZfWFFOSdm,2046789014234259790,https://pbs.twimg.com/media/HGenwUFbMAE-qbj.jpg,,und,,0,0,0,https://x.com/undefined/status/2046789014234259790,565357214,
2046740810033475668,Wed Apr 22 03:11:43 +0000 2026,0,@4thOfJuly365 Is that Greta Thunberg in blue?,2046789014099726377,,4thOfJuly365,en,,0,0,0,https://x.com/undefined/status/2046789014099726377,1703495565131026432,
2046549125756596398,Wed Apr 22 03:11:42 +0000 2026,0,@priyanka2bharti Politics is CHAARA CHOR EXTORTION KIDNAPPING ABUSIVE RAPE CONVERSION TURNING BLUE,2046789012921475286,,priyanka2bharti,en,,0,0,0,https://x.com/undefined/status/2046789012921475286,4133927413,
2046766694450798976,Wed Apr 22 03:11:40 +0000 2026,0,@FmrRepMTG You are insane. Virginia is blue. It always goes blue.,2046789004490576369,,FmrRepMTG,en,,0,0,0,https://x.com/undefined/status/2046789004490576369,1518962127838584833,
2046788997817471264,Wed Apr 22 03:11:39 +0000 2026,0,uhuh? ⎐كُود⎐⎐نمشي⎐ ⊵MFM3⊴ ⎐ريف▬للعطور⎐ ⊵OMG⊴ ⎐جىني⎐ ⊵AAK1⊴ ⎐كؤِبُون⎐Neon Blue ^^^^ ⎐خـِصم⎐NlZ0OdU2C2d5 https://t.co/YBDxM7pHGo,2046788997817471264,https://pbs.twimg.com/media/HGenvlvWkAAksWu.jpg,,und,,0,0,0,https://x.com/undefined/status/2046788997817471264,1863274520301223936,
2046788997754519732,Wed Apr 22 03:11:39 +0000 2026,0,should? ⎐كُود⎐⎐نون⎐ ⊵KW44⊴ ⎐تطبيق▬كالو▬Calo⎐ ⎐C39⎐ ⎐ترنديول⎐ ⊵OMM⊴ ⎐كؤِبُون⎐Stone Blue ^^^^ ⎐خـِصم⎐8FR9Rl25mvTZ https://t.co/zsUq56EGlM,2046788997754519732,https://pbs.twimg.com/media/HGenvlkXAAA2EiN.jpg,,und,,0,0,0,https://x.com/undefined/status/2046788997754519732,1954603829338439680,
2046788995716178179,Wed Apr 22 03:11:38 +0000 2026,0,someone as mighty as a lion but still at gentle as a blue bird ,2046788995716178179,,,en,,0,0,0,https://x.com/undefined/status/2046788995716178179,403736920,
2046724859850637645,Wed Apr 22 03:11:37 +0000 2026,0,@bjdobson08 @MarcNixon24 What are you talking about? Of course Musk has competition! Ever heard of Blue Origin? Their heavy booster is now AHEAD of SpaceX!,2046788988615160292,,bjdobson08,en,,0,0,0,https://x.com/undefined/status/2046788988615160292,1676777759513649152,
2046674081987383366,Wed Apr 22 03:11:34 +0000 2026,0,@rushicrypto Maybe use that blue check and ask Grok.,2046788977726783662,,rushicrypto,en,,0,0,0,https://x.com/undefined/status/2046788977726783662,244517857,
2046767457164026290,Wed Apr 22 03:11:29 +0000 2026,0,@g0dfr0y TURMP is in trouble. There s absolutely no way he has a 30% approval. There aren t enough true blue squirrel eating three wheel driving electric socket licking rubes still alive,2046788956360962220,,g0dfr0y,en,,0,0,0,https://x.com/undefined/status/2046788956360962220,755644823953104896,
2046385301120225366,Wed Apr 22 03:11:26 +0000 2026,1,@Tanlleyy That is the point. We're losing the Merel we know and love to the storm. Just like Sotheby like Verity like Ivan. We're faced with a girl we don't know who wears Merel's face. That's. The. Point. The curtains aren't blue for no reason.,2046788945170636970,,Tanlleyy,en,,0,0,0,https://x.com/undefined/status/2046788945170636970,1595276683275386880,
2046785930359353741,Wed Apr 22 03:11:26 +0000 2026,0,@ImNotOwned Maximum gerrymander is funny but light blue is a funny thing to say after Jay Jones pulled it out just last year,2046788945158013228,,ImNotOwned,en,,0,0,0,https://x.com/undefined/status/2046788945158013228,259171476,
2046788937385964006,Wed Apr 22 03:11:24 +0000 2026,0,We fucking need blue co out ..,2046788937385964006,,,en,,0,0,0,https://x.com/undefined/status/2046788937385964006,1586895860327239680,
2046788929983029357,Wed Apr 22 03:11:23 +0000 2026,0,Tourmaline Oval Loose Gemstone. Natural 4.32ct. Blue Slate Gre by Colteri https://t.co/BFTIIZOzvu via @Etsy,2046788929983029357,,,en,,0,0,0,https://x.com/undefined/status/2046788929983029357,3120134746,
2046788925344170147,Wed Apr 22 03:11:21 +0000 2026,0,And the miracle happened! They won my #Royals after 8 straight losses it's a reason to be happy to finally win today. Come on my #Royals my heart is always blue. #FountainsUp,2046788925344170147,,,en,,0,0,0,https://x.com/undefined/status/2046788925344170147,74505838,
2046737921173033394,Wed Apr 22 03:11:20 +0000 2026,0,@nicksortor @Pro__Trading Everyone knows deep blue counties report last. That s where most of the vote is. This is going to happen and you should know it by now.,2046788920038351080,,nicksortor,en,,0,0,0,https://x.com/undefined/status/2046788920038351080,1693623865396563968,
2046617266591088792,Wed Apr 22 03:11:17 +0000 2026,2,@gelmaale @elonmusk only to those who know how to make things work - which would remove the blue sky flag with the star from the emojis list by the way,2046788906553581690,,gelmaale,en,,0,0,1,https://x.com/undefined/status/2046788906553581690,1922165791056670720,
2046783119051661318,Wed Apr 22 03:11:16 +0000 2026,0,@ryanwhitney6 The icing was awful. But the play at the blue line defensively was even worse. He better be in the pressbox next game.,2046788902929793043,,ryanwhitney6,en,,0,0,0,https://x.com/undefined/status/2046788902929793043,56269666,
2046788893274423425,Wed Apr 22 03:11:14 +0000 2026,7, Y si la grada quiere ver un juego bueno es mi obligación poder conseguirlo 🇫🇷 Generación Dorada ¦ PXG (Blue Lock) LNS Ft Kballero &amp; BynMc (25/05) https://t.co/MxsqBi4pE7,2046788893274423425,https://pbs.twimg.com/media/HGenpI7XcAAmQF8.jpg,,es,,0,0,3,https://x.com/undefined/status/2046788893274423425,1247013929676607493,
2046788886769054073,Wed Apr 22 03:11:12 +0000 2026,1,Ako (Dress) 1/7 scale figure from Blue Archive. Elegant refined design with a clean finish this version gives Ako a more polished upscale look. Nice contrast to her usual style great for display. https://t.co/CzscHdUfgj,2046788886769054073,https://pbs.twimg.com/media/HGenpXQWsAAyXBm.jpg,,en,,0,1,0,https://x.com/undefined/status/2046788886769054073,1069922619619606528,
2046747459775598839,Wed Apr 22 03:11:11 +0000 2026,0,@EricLDaugh Hey asshat it s ok when you do it in a red state but disenfranchising when blue states do it. Hypocrisy nothing but hypocrisy from your influencer account . You haven t even got shit for brains.,2046788882990317741,,EricLDaugh,en,,0,0,0,https://x.com/undefined/status/2046788882990317741,824066589406269440,
2046788878095585303,Wed Apr 22 03:11:10 +0000 2026,5,okay BIG thing i want to point out here!!! emma s coat!!! everything in the concept art translated so nicely to the game EXCEPT for the coat it s a lighter blue!!!! it s the same blue we saw in her xy sweater and horizons jacket!!!! that s CROAGUNK blue!!!!!! https://t.co/w0yNABk3zg,2046788878095585303,https://pbs.twimg.com/media/HGenovKbgAALuGL.jpg,,en,,0,1,0,https://x.com/undefined/status/2046788878095585303,1423336348757282819,
2046788868125700347,Wed Apr 22 03:11:08 +0000 2026,0,comment? ⎐كُود⎐⎐ترينديول⎐ ⊵OMM⊴ ⎐اديداس⎐ ⊵RAN256⊴ ▬لىفل▬شوز▬لىفىل▬ ⊵KLM⊴ ⎐كؤِبُون⎐Sun Blue ^^^^ ⎐خـِصم⎐QAwaSvUeNwvB https://t.co/OBPvpQN3El,2046788868125700347,https://pbs.twimg.com/media/HGennOJbcAA9YLj.jpg,,und,,0,0,0,https://x.com/undefined/status/2046788868125700347,843633841,
2046788863168069670,Wed Apr 22 03:11:07 +0000 2026,0,#Lovedose_Live blue 呪い 05.16 sat OPEN: 13:30/ START: 13:50 ADV: 20 000/ DOOR: 25 000 예매링크: https://t.co/UzDOe0mfXI 러브도즈 메아테 특전: 포인트 1장 https://t.co/Gf52OHuT4o,2046788863168069670,https://pbs.twimg.com/media/HGennrbaEAAPrg7.jpg,,ko,,1,0,0,https://x.com/undefined/status/2046788863168069670,1990393632042647552,
2046764260416770144,Wed Apr 22 03:11:05 +0000 2026,0,@jovianplanets How does the blue raspberry drink taste?,2046788857828647157,,jovianplanets,en,,0,0,0,https://x.com/undefined/status/2046788857828647157,1098855692507607045,
2046773366216937937,Wed Apr 22 03:11:05 +0000 2026,0,@ryangrim you're so smart we should use non-partisan commissions like blue states that would be so fair wouldnt it? fuck you https://t.co/uWlK5INAtt,2046788855966437574,https://pbs.twimg.com/media/HGenhdWakAABlWk.jpg,ryangrim,en,,0,0,0,https://x.com/undefined/status/2046788855966437574,1954001040342495239,
2046784520670663131,Wed Apr 22 03:11:04 +0000 2026,0,@millsportsmedia Love and basketball . Or blue chips . Two of the best hoop films ever made,2046788854066069730,,millsportsmedia,en,,0,0,0,https://x.com/undefined/status/2046788854066069730,1716236056368947200,
2046411628456149496,Wed Apr 22 03:11:04 +0000 2026,0,@loveleemind @MrsCMFrancis No. She's blue check farming and trying to pass off Canadian prices as American which is a common thing blue check grifters do. Canadian link: https://t.co/K9gQk903gc And here's the US link: https://t.co/nXXMG31wZV,2046788850836717996,,loveleemind,en,,0,0,0,https://x.com/undefined/status/2046788850836717996,3135581128,
2046788849817510187,Wed Apr 22 03:11:03 +0000 2026,0,engagement? ⎐كُود⎐⎐نمشي⎐ ⊵RD12⊴ ▬المطار▬ ⊵M1⊴ ⎐ستايلي⎐Styli⎐ستايلي⊴⊴ ⎐WM⊴ ⎐كؤِبُون⎐Shadow Blue ^^^^ ⎐خـِصم⎐BD5PEU7VnvuM https://t.co/pBCc6enGkH,2046788849817510187,https://pbs.twimg.com/media/HGenmr5aQAAwDxP.jpg,,und,,0,0,0,https://x.com/undefined/status/2046788849817510187,703557799419187200,
2046788845958775180,Wed Apr 22 03:11:03 +0000 2026,0,WTS | ปล่อย Blue devil zone AQ row G หรือ แลกเป็น Orange monster zone ไหนก็ได้แถวคี่ นัดโอน/รับได้ตาม mrt ค่ะ สนใจ dm ค่า #PEPSIpresentsOLYMPOP2 #OLYMPOP #OLYMPOP2026 https://t.co/C4kTScgZ6g,2046788845958775180,https://pbs.twimg.com/media/HGenmnubEAAKYbI.jpg,,und,,0,0,0,https://x.com/undefined/status/2046788845958775180,845276221168533506,
2046742118933365064,Wed Apr 22 03:11:02 +0000 2026,1,@chriswithans It s because they can ballot harvest Have a politically inactive family member? The blue haired liberal in the household will vote all of the ballots and send them all in Go into the hood paid people to sign their ballots and hand them over,2046788841894211674,,chriswithans,en,,0,0,0,https://x.com/undefined/status/2046788841894211674,1414273250071355394,
2046788839696404850,Wed Apr 22 03:11:01 +0000 2026,0,Air Force Academy Eagle Crest Ceramic Coffee Mug Blue &amp; Gray USAF Souvenir https://t.co/lxluHuTwpC #eBay via @eBay #USAF #USAirforce,2046788839696404850,,,en,,0,0,0,https://x.com/undefined/status/2046788839696404850,1977507694752714752,
2046770738397347949,Wed Apr 22 03:11:00 +0000 2026,0,@utahgeorge420 @ericadamsfornyc Loser paid for blue check,2046788836433244570,,utahgeorge420,en,,0,0,0,https://x.com/undefined/status/2046788836433244570,1519159055188733953,
2046438464137101517,Wed Apr 22 03:11:00 +0000 2026,0,@Milo_H4 All we can hope now is republicans move out and it stays blue forever ,2046788834117943628,,Milo_H4,en,,0,0,0,https://x.com/undefined/status/2046788834117943628,1926194995477770240,
2046620123990008248,Wed Apr 22 03:10:59 +0000 2026,0,@TheDemocrats Vote blue if you want massive amounts of illegals criminals drugs men in women s sports men in girls locker rooms parents not being allowed to know what their children are learning etc . Then go ahead and vote blue for insanity again. https://t.co/ESbrZkouxn,2046788829470756913,https://pbs.twimg.com/tweet_video_thumb/HGenl0AXIAA3rxf.jpg,TheDemocrats,en,,0,0,0,https://x.com/undefined/status/2046788829470756913,1519005555477684228,
2046515965811134559,Wed Apr 22 03:10:55 +0000 2026,0,@wintercvnt @Sandaru_16 Dahyun with blue hair changed my entire life,2046788815239471167,,wintercvnt,en,,0,0,0,https://x.com/undefined/status/2046788815239471167,1715117799494889472,
2046751919713010054,Wed Apr 22 03:10:55 +0000 2026,0,@pictoshi @LeadingReport This round of gerrymandering is being voted on in blue states due to Texas's redrawn politically redrawn map at the request of courts but were drawn much more politically motivated at the request of the potus. How + or - one views it will be based more on ones political leaning.,2046788812848705937,,pictoshi,en,,0,1,0,https://x.com/undefined/status/2046788812848705937,1064901297747517441,
2046190626073665828,Wed Apr 22 03:10:52 +0000 2026,0,@Specktter @meovvgumi @uroki1471 Your insults are useless blue lock is the peak of the sports genre you can cope all you want,2046788802148978693,,Specktter,en,,0,0,0,https://x.com/undefined/status/2046788802148978693,1216580602457018368,
2046715269083447735,Wed Apr 22 03:10:52 +0000 2026,0,@frutiger_sof I just know you re not talking about Aang but rather the blue shits,2046788801524117517,,frutiger_sof,en,,0,0,0,https://x.com/undefined/status/2046788801524117517,365854011,
2046788800211501279,Wed Apr 22 03:10:52 +0000 2026,0,@Jollibee So unfair Why the US Menu got the Bacon Angus beef Deluxe Burger Adobo Rice Mashed Potato Ube Pie Coconut Dream Freeze Mango Coconut Quencher Blue Raspberry Aether with Crystal Boba and the whole Final Fantasy XIV Box Meal ? https://t.co/zts50Lmt73,2046788800211501279,https://pbs.twimg.com/tweet_video_thumb/HGenj5waMAAz7mQ.jpg,Jollibee,en,,0,1,0,https://x.com/undefined/status/2046788800211501279,1883901257100017664,
2046737921173033394,Wed Apr 22 03:10:51 +0000 2026,0,@PatriotWoman22 @nicksortor @kate_p45 Y all really are idiots. Fairfax County is the biggest county in Virginia which is in northern Virginia which is usually a blue county. Y all are just a bunch of crybabies grow the hell up you weren t fucking complaining when Texas did this.,2046788796197240944,,PatriotWoman22,en,,0,0,0,https://x.com/undefined/status/2046788796197240944,163597623,
2046617645969997891,Wed Apr 22 03:10:50 +0000 2026,0,@CharlesFanner I agree. I grew up very privileged. Our house was on the right-side of a private golf course fairway. I have young children (blond hair/blue eyes) and I know the world exists explicitly to blame every problem non-Whites have on them.,2046788794184020346,,CharlesFanner,en,,0,1,0,https://x.com/undefined/status/2046788794184020346,42786325,
2046788792397475877,Wed Apr 22 03:10:50 +0000 2026,0,Blue Öyster Cult。 やはりいにしえの洋楽レコードは帯叩きが壮絶。立て地獄の悪鬼ども！　ひれふせ天使！　岡田秀明さんのライナーが、氏のイメージより熱狂的。 https://t.co/sdXtXPmIto,2046788792397475877,https://pbs.twimg.com/media/HGenfUebQAItOIY.jpg,,ja,,0,0,0,https://x.com/undefined/status/2046788792397475877,450837723,
2046478062825406546,Wed Apr 22 03:10:49 +0000 2026,0,@CarolineTux9uu @Guli218 @Willowfoxxo Smartest blue check,2046788787171455236,,CarolineTux9uu,en,,0,0,0,https://x.com/undefined/status/2046788787171455236,2022139997789597699,
2046294360283881797,Wed Apr 22 03:10:46 +0000 2026,0,@muthaPNW If you follow the polls taken by KATU News even though they are often bias to the left with their news headlines you begin to question the whole narrative that Oregon is even a blue state. The respondents to the polls typically agree with Trump policy or policies Trump would https://t.co/hMnTlQJ4IN,2046788776027099148,https://pbs.twimg.com/media/HGel23JaEAAttOZ.jpg,muthaPNW,en,,0,0,0,https://x.com/undefined/status/2046788776027099148,3165661530,
2046788763615887767,Wed Apr 22 03:10:43 +0000 2026,0,Just blue areas but the overwhelming counties voted no. Rigged map,2046788763615887767,,,en,,0,0,0,https://x.com/undefined/status/2046788763615887767,1711830909895245824,
2046082649035329623,Wed Apr 22 03:10:43 +0000 2026,0,@ruffydfire Baba blue bulaba,2046788762026344902,,ruffydfire,tl,,0,0,0,https://x.com/undefined/status/2046788762026344902,1744959330615541760,
2046771092119851225,Wed Apr 22 03:10:42 +0000 2026,0,@conorsen That s a losing fight for blue states. Especially post reapportionment.,2046788760789274671,,conorsen,en,,0,0,0,https://x.com/undefined/status/2046788760789274671,1788632243168215040,
2046759736562065538,Wed Apr 22 03:10:42 +0000 2026,0,@4shoadmirer I think blue was good blue yg agak gelap,2046788760126513607,,4shoadmirer,in,,0,0,0,https://x.com/undefined/status/2046788760126513607,2023632441001525248,
2046757085250040002,Wed Apr 22 03:10:40 +0000 2026,0,@ms33523 @23sabres Zone entry is horrid. Bruins just set up at their blue line and somehow we turn it over every time or we dump and chase and never get a good possession,2046788753184694770,,ms33523,en,,0,0,0,https://x.com/undefined/status/2046788753184694770,1360848586028761090,
2046788753146912855,Wed Apr 22 03:10:40 +0000 2026,0,Wow they get vicious when they run out of marbles. My bet is on the blue one to win it all.,2046788753146912855,,,en,,0,0,0,https://x.com/undefined/status/2046788753146912855,17264228,
2046686599191154778,Wed Apr 22 03:10:39 +0000 2026,0,@slayingsaying @SixStringCrimes @miles_commodore While I agree that it wouldn t be republican dominated the split would likely be much different. Statewide popular vote for IL House was basically tied (GOP ~51% Dem ~49% in 2022) yet Dem-drawn districts still delivered 78-40 supermajority. Chicago packs the blue votes maps,2046788746389934148,,slayingsaying,en,,0,0,0,https://x.com/undefined/status/2046788746389934148,1275405466709954560,
2046788440008888420,Wed Apr 22 03:10:38 +0000 2026,0,Fuck sakes she looks like horuda (But kaikos hair is a very dark blue color),2046788744003637517,,Someonesgf67,en,,0,0,0,https://x.com/undefined/status/2046788744003637517,1917257617795096576,
2046663980379172963,Wed Apr 22 03:10:38 +0000 2026,0,@MarkMantis Go back to blue sky freak.,2046788743353270518,,MarkMantis,en,,0,0,0,https://x.com/undefined/status/2046788743353270518,1824919779733606400,
2046411628456149496,Wed Apr 22 03:10:38 +0000 2026,0,@JennMGreenberg @MrsCMFrancis She's blue check farming and trying to pass off Canadian prices as American which is a common thing blue check grifters do. Canadian link: https://t.co/K9gQk903gc And here's the US link: https://t.co/nXXMG31wZV,2046788742728540193,,JennMGreenberg,en,,0,0,0,https://x.com/undefined/status/2046788742728540193,3135581128,
2046758936401871355,Wed Apr 22 03:10:37 +0000 2026,0,@EricLDaugh lol you guys are the gift that keeps on giving. You guys started a game in Texas. btw why texas? Texas was never in any danger of turning blue. Anyway you then get beat again when Virginia for all intents and purposes turns blue yet you can't learn. Learn from your mistakes.,2046788738492014929,,EricLDaugh,en,,0,0,0,https://x.com/undefined/status/2046788738492014929,1765502926997573632,
2046788735153344687,Wed Apr 22 03:10:36 +0000 2026,0,Avellone makes trite remark about Bethesda and in other news the sky is blue. More at 12.,2046788735153344687,,,en,,0,0,0,https://x.com/undefined/status/2046788735153344687,1484756845172514816,
2046747561357357332,Wed Apr 22 03:10:34 +0000 2026,0,@franmirabella It s ridiculous. I mean you do get quite a few blue/purple shields from faction rewards but not being able to buy blue shields till 200 is crazy. 50 hours seems too much for a game that s gonna wipe progress every three months,2046788728098525439,,franmirabella,en,,0,0,0,https://x.com/undefined/status/2046788728098525439,1050116503880765446,
2046788718367736025,Wed Apr 22 03:10:32 +0000 2026,1,seonghyeon: acai martin: blue lips keonho: wassup james: tnt (?) https://t.co/BDP030L60j,2046788718367736025,https://pbs.twimg.com/amplify_video_thumb/2046788653372907520/img/uhGmMGS7SEdGvng7.jpg,,in,,0,0,0,https://x.com/undefined/status/2046788718367736025,1849130220982353921,
2046718216194461844,Wed Apr 22 03:10:32 +0000 2026,0,@UncleSamuel1492 @SenatorSlotkin Do they though? They keep voting blue. Make it make sense man! These democrats promise free shit more social programs more government and they re dumb enough to believe it! Free does not = a better life. If you want it work for it! A concept many have lost track of ,2046788716430053786,,UncleSamuel1492,en,,0,0,0,https://x.com/undefined/status/2046788716430053786,1618244358,
2046734652107276718,Wed Apr 22 03:10:31 +0000 2026,1,@CompositeTwins @PurpyNFL Or any star shape apparently even though the old state flag is a shade of blue with a star as well...,2046788715758903425,,CompositeTwins,en,,0,0,0,https://x.com/undefined/status/2046788715758903425,850657001239719937,
2046788714186047958,Wed Apr 22 03:10:31 +0000 2026,8,Nike has unveiled official images of the Nike GT Future CHBL PE releases expected to be released exclusively overseas on April 30th in Blue and Passionate Pink cosmic-inspired PE colorways for the Nike-sponsored Chinese High School Basketball Leage (CHBL) 🇨🇳 https://t.co/bpGZCMZuMQ,2046788714186047958,https://pbs.twimg.com/media/HGenfE5WMAEFHcj.jpg,,en,,0,0,1,https://x.com/undefined/status/2046788714186047958,243165626,
2046668661386064146,Wed Apr 22 03:10:30 +0000 2026,0,@TraductorTeAma Cuando les dijimos que esto iba a pasar no escucharon y se rieron de nosotros. Iba a pasar xq ya había pasado antes con los de Kikuchi de quien nacieron los libertarios blue de PBA. Ahora es tarde. Y pensar que militaron esa lista y la votaron!,2046788711543669074,,TraductorTeAma,es,,0,0,0,https://x.com/undefined/status/2046788711543669074,1277000314613370881,
2046759201947398519,Wed Apr 22 03:10:30 +0000 2026,0,@Dan_I_O @TristanSnell The majority of these states have less than 3 districts lmao. For most of them even if you had a perfectly non-gerrymandered map it would still be 100% blue because that s what happens when a state is small as fuck and only has 1-3 districts.,2046788711459774700,,Dan_I_O,en,,0,0,0,https://x.com/undefined/status/2046788711459774700,1752365887586283521,
2046750188078064118,Wed Apr 22 03:10:30 +0000 2026,0,@butler_rf @catturd2 Yawn. Keep crying loser. Blue Wave Coming. Buy lots of tissues Magatland is DEAD,2046788710793101415,,butler_rf,en,,0,0,0,https://x.com/undefined/status/2046788710793101415,1462927420428734467,
2046761817490227335,Wed Apr 22 03:10:30 +0000 2026,2,@marcthiessen Oh fuck off. Texas was egregious Dallas Houston Austin. Those 3 BLUE cities are more people than West Virginia both Dakotas Nebraska Alaska and Wyoming put together. 3 cities vs 6 red states. Rural America is grossly over represented. We got NO VOTE. VA got a choice. ,2046788710331457963,,marcthiessen,en,,0,0,0,https://x.com/undefined/status/2046788710331457963,496741621,
2046785221815878125,Wed Apr 22 03:10:29 +0000 2026,0,@Cinematicc +EV btw. Hits once in a blue moon if not putting in over 20-30 slips a day. https://t.co/umKSSpdPH6,2046788704010989599,https://pbs.twimg.com/media/HGenejnaEAAuulX.jpg,Cinematicc,en,,0,0,0,https://x.com/undefined/status/2046788704010989599,1293621924178718720,
2046672012475593081,Wed Apr 22 03:10:28 +0000 2026,1,@SuplexInsider SmackDown. The blue brand DESPERATELY needs new faces,2046788699858338011,,SuplexInsider,en,,0,0,0,https://x.com/undefined/status/2046788699858338011,1608999127353901056,
2046757352733397038,Wed Apr 22 03:10:27 +0000 2026,3,@Caroltreasure @NBBear2 @BarackObama @MeidasTouch you said Trump started this . Yet blue states are unequivocally more gerrymandered than red states. So Trump didn't start this.,2046788695554924556,,Caroltreasure,en,,0,0,0,https://x.com/undefined/status/2046788695554924556,382560712,
2046626146490753218,Wed Apr 22 03:10:25 +0000 2026,0,@APTalksCricket One of the reasons he joined late was Rutherford in starting xi because he is from the Pollard quota he should be first priority of mi mgmt in clutch situation jacks will give more surety than west indies batsman they play once in blue moon,2046788688466870751,,APTalksCricket,en,,0,0,0,https://x.com/undefined/status/2046788688466870751,2005293566441234433,
2046788685471920156,Wed Apr 22 03:10:24 +0000 2026,0,What do $CHFJPY $QQQ $XLE $BABA and even $BTC have in common? They all reacted exactly from the Blue Box the high‑probability zone we track every day. CHFJPY just printed new highs straight from support. Learn to trade these zones before the crowd. https://t.co/h0pCH075e6,2046788685471920156,https://pbs.twimg.com/media/HGemkI1WIAAE7f4.png,,en,,0,0,0,https://x.com/undefined/status/2046788685471920156,79233326,
2046788683278528563,Wed Apr 22 03:10:24 +0000 2026,0,Fascinating graph. You can see the huge impact that missing that dark blue chunk of the area is missing. It just creates a void and these numbers are frighteningly low.,2046788683278528563,,,en,,0,0,0,https://x.com/undefined/status/2046788683278528563,1946008180695379969,
2046772134270120366,Wed Apr 22 03:10:22 +0000 2026,0,@NathanG48232141 @AUFballComing @EWErickson Biden won GA in 2020 by cheating. If GA is trending blue what happened in 2024?,2046788675590394357,,NathanG48232141,en,,0,2,0,https://x.com/undefined/status/2046788675590394357,797825848489299968,
2046788673010647449,Wed Apr 22 03:10:21 +0000 2026,0,eu sabia que blue lips ia me abalar não to pronta https://t.co/igxplXrZQK,2046788673010647449,https://pbs.twimg.com/amplify_video_thumb/2046788433310584832/img/ab9r66_Jqk8pqll9.jpg,,pt,,0,0,0,https://x.com/undefined/status/2046788673010647449,1994967380955652096,
2046456306207215673,Wed Apr 22 03:10:17 +0000 2026,1,@sofiartworks @sanstitre2000 I've seen so few blonde Jesus' it feels completely made up. Like almost every European depiction has been Brown hair and eyes. Very rarely you'll get blue but medium to dark brown hair is near universal .,2046788656203985060,,sofiartworks,en,,0,0,0,https://x.com/undefined/status/2046788656203985060,704425536,
2046769970512584723,Wed Apr 22 03:10:15 +0000 2026,0,@Maestro55941920 @isaiahrmartin Which states are gaining in population red or blue? New York and California are running a 60 billion budget deficit. Stay ignorant.,2046788645143667105,,Maestro55941920,en,,0,0,0,https://x.com/undefined/status/2046788645143667105,3087104091,
2046788637761683576,Wed Apr 22 03:10:13 +0000 2026,0,Two Abandoned Dogs Roaming Blue Ridge Parkway Spark Community Rescue Campaign https://t.co/fc4tKxAFki,2046788637761683576,,,en,,0,0,0,https://x.com/undefined/status/2046788637761683576,12831882,
2046788631931892017,Wed Apr 22 03:10:12 +0000 2026,0,qui? ⎐كُود⎐⎐نون⎐ ⊵NKW⊴ ⎐ذي▬بيوتي▬سيكرتس⎐ ⊴D37⊴ ⎐الدخيل▬للعود⎐ ⊵BS26⊴ ⎐كؤِبُون⎐Cool Blue ^^^^ ⎐خـِصم⎐g3HZ9tyQ8Qefp https://t.co/tpvdehZ1dD,2046788631931892017,https://pbs.twimg.com/media/HGenZ4YbkAAbRPk.jpg,,ar,,0,0,0,https://x.com/undefined/status/2046788631931892017,607325810,
2046788631898280431,Wed Apr 22 03:10:11 +0000 2026,0,ああ? ⎐كُود⎐⎐ترينديول⎐ ⊵OMM⊴ ⎐وايتس▬صيدليات▬ويت⎐ ⎐TT9⎐ ▬صيدلية▬النهدي⎐ ⎐NJ5Q⎐ ⎐كؤِبُون⎐Star Blue ^^^^ ⎐خـِصم⎐VUkoGQaVKtyEZ https://t.co/jSyG0ciso3,2046788631898280431,https://pbs.twimg.com/media/HGenZ1kaEAABazN.jpg,,ar,,0,0,0,https://x.com/undefined/status/2046788631898280431,592270543,
2046411628456149496,Wed Apr 22 03:10:11 +0000 2026,0,@hollyonthefarm @MrsCMFrancis She's blue check farming and trying to pass off Canadian prices as American which is a common thing blue check grifters do. Canadian link: https://t.co/K9gQk903gc And here's the US link: https://t.co/nXXMG31wZV,2046788629280993748,,hollyonthefarm,en,,0,0,0,https://x.com/undefined/status/2046788629280993748,3135581128,
2046788623186718884,Wed Apr 22 03:10:09 +0000 2026,0,️NEXT GIG️ 5/2(土) BASS ON TOP東心斎橋KING STUDIO Trash of Acorn pre. FUCK'N OLD KIDS!! -DEAD STOCK Not Blue But It's O.K. RELEASE TOUR- Trash of Acorn DEAD STOCK HOW TRASHMIND FOREVER STAY YOUTH DEAD STOCKとHOWとFSYがやってくるぜー！ 遊ぼう https://t.co/mGYP1RVpSZ https://t.co/JKU549uwrK,2046788623186718884,https://pbs.twimg.com/media/HGenZzUbUAAJrpe.jpg,,ja,,0,0,0,https://x.com/undefined/status/2046788623186718884,733450431553110016,
2046788619193495800,Wed Apr 22 03:10:08 +0000 2026,0,️ Company: Deep Blue Medical Advances Website: https://t.co/Bxvn0br0CC Amount: $5.6 Million Round: Series A ️ Industry: Healthcare Location: N/A,2046788619193495800,,,en,,0,0,0,https://x.com/undefined/status/2046788619193495800,1889178861205946369,
2046757352733397038,Wed Apr 22 03:10:08 +0000 2026,0,@BarackObama Texas should now re-redistrict and make TX a 90% Red state just as Virginia Democrats made themselves 90% Blue.,2046788618983706847,,BarackObama,en,,0,0,0,https://x.com/undefined/status/2046788618983706847,1170959102,
2046558803173245167,Wed Apr 22 03:10:08 +0000 2026,0,@Ebuka_PN WOW! I love your muscles and your physique but I can't stop looking at your massive bulge in that blue shorts.,2046788618275156080,,Ebuka_PN,en,,0,0,0,https://x.com/undefined/status/2046788618275156080,1104426821741887491,
2046788618157719697,Wed Apr 22 03:10:08 +0000 2026,29, GREENGREEN 수록곡 스포 건호 - Wassup 성현 - ACAI 제임스 - TNT 마틴 - Blue Lips https://t.co/bTlBUlxA0C,2046788618157719697,https://pbs.twimg.com/amplify_video_thumb/2046788558678368256/img/vy704Pr52Hq4Z3Fe.jpg,,ko,,0,0,10,https://x.com/undefined/status/2046788618157719697,1956037126409347077,
2046693095752847849,Wed Apr 22 03:10:08 +0000 2026,0,@obvious_shirts I hope the front of this t-shirt has Wrigley Zoological Field. Or on a blue cap with red bill with the Wrigley Goose as the logo. https://t.co/mzRBKvIyBs,2046788617620623612,https://pbs.twimg.com/media/HGenX__WkAAhkjr.jpg,obvious_shirts,en,,0,0,0,https://x.com/undefined/status/2046788617620623612,34671164,
2046703049654272286,Wed Apr 22 03:10:05 +0000 2026,0,@Gm066EPsS617757 Blue Flowerさん、おはようございます 今日も素敵な１日をお過ごしください,2046788602957603133,,Gm066EPsS617757,ja,,0,0,0,https://x.com/undefined/status/2046788602957603133,1452638787520000005,
2046788600562401691,Wed Apr 22 03:10:04 +0000 2026,0,Capricorn did you know Saturn is the cosmic life coach who won t accept excuses? Right now it's pushing you to polish those ambitious goals. Embrace your inner overachiever. Just don t forget to let loose once in a Saturnian blue moon you've earned it! ,2046788600562401691,,,en,,0,0,0,https://x.com/undefined/status/2046788600562401691,1857053096003686400,
2046788600524841288,Wed Apr 22 03:10:04 +0000 2026,0,ах? ⎐كُود⎐⎐ترينديول⎐ ⊵OMM⊴ ⎐دكتور▬نيوترشن▬ ⎐M80⎐ ⎐مجوهرات▬داماس▬damas⎐ ⎐GOLD1⎐ ⎐كؤِبُون⎐Rich Blue ^^^^ ⎐خـِصم⎐YagFZYhFCkDU https://t.co/qs7xfum1aY,2046788600524841288,https://pbs.twimg.com/media/HGenXk0bsAAD98x.jpg,,und,,0,0,0,https://x.com/undefined/status/2046788600524841288,555886085,
2046765117363368428,Wed Apr 22 03:10:04 +0000 2026,1,@HaTraGfY @JackBravo365 @Cernovich Texas didn t start this. 7 out of the 10 most gerrymandered states are blue states. The dumbocrats have been rigging state maps for decades.,2046788599987790217,,HaTraGfY,en,,0,0,0,https://x.com/undefined/status/2046788599987790217,1602472324724391938,
2046788590986764563,Wed Apr 22 03:10:02 +0000 2026,0,JOIN US! @sydnswbluesosc OSC are back with another watch party at Cheers Bar Sydney. Come along bring family &amp; friends to watch our last game of the season v Portsmouth &amp; to celebrate the end of our very first season as an Offical Supporters Club for the boys in blue https://t.co/ubxiaPro7M,2046788590986764563,https://pbs.twimg.com/media/HGenXjqWYAAQ6tK.jpg,,en,,0,1,0,https://x.com/undefined/status/2046788590986764563,2004719967347077120,
2046788583009513745,Wed Apr 22 03:10:00 +0000 2026,2, The Pleiadians are tall and they have blue or green eyes. They're pinned up at the ends almost cat-like. You could still see humans today with resemblance of a Pleiadian. There are a lot of people born with blonde hair! https://t.co/HE1IgkLE1R,2046788583009513745,https://pbs.twimg.com/amplify_video_thumb/2046787152315633664/img/SKq6V3p01a6BXv5m.jpg,,en,,0,0,1,https://x.com/undefined/status/2046788583009513745,1957909271146033154,
2046788582741102847,Wed Apr 22 03:10:00 +0000 2026,0,ちゃんみな「イッテQ」フィンランド極寒水中でsad song熱唱「神回確定」よしこブルブル「なにさせとんねん笑」　[PR] 【 初回生産限定盤 A 】 HANA シングル 「 Blue Jeans 」 【 Blu-ray 】　https://t.co/rhghHAEgEY,2046788582741102847,,,ja,,0,0,0,https://x.com/undefined/status/2046788582741102847,1950184164772429824,
2046788582719787208,Wed Apr 22 03:10:00 +0000 2026,4,blue sweater SFW Fictional Digitalart https://t.co/FnAiVYCOpI,2046788582719787208,https://pbs.twimg.com/media/HGONM4naoAA1q8b.jpg,,en,,0,0,1,https://x.com/undefined/status/2046788582719787208,1634701892948496385,
2046788570590187595,Wed Apr 22 03:09:57 +0000 2026,0,母が別れた夫にアネスト岩田スカイラウンジに連れてってもらい、館内階段にて、階段装飾を拝見し、その見事な仕上がりに大変感銘いたしました。 2階ティーラウンジにて、名探偵コナン原作者青山剛昌先生のサイン色紙を拝見でき、身に余る光栄に存じます。 このあと、BLUE LINK LOUNGEに向かいました！ https://t.co/v4T6a2EOvo,2046788570590187595,https://pbs.twimg.com/media/HGenUipagAAdOA_.jpg,,ja,,0,0,0,https://x.com/undefined/status/2046788570590187595,2011531727110619141,
2046661805351592208,Wed Apr 22 03:09:57 +0000 2026,0,@ZackKorman @bettersafetynet Retired IT security guy blue team. It is hard and naturally you can have MFA adequate password complexity and still get breached. My old organization 30k employees took a bad hit this year. A user got phished they stole his Duo code and they were in.,2046788570367594638,,ZackKorman,en,,0,1,0,https://x.com/undefined/status/2046788570367594638,21150431,
2046788556866064767,Wed Apr 22 03:09:54 +0000 2026,0,alas? ⎐كُود⎐⎐تُيموُ⎐ ⊵TEM73⊴ ⎐وايتس▬صيدليات▬ويت⎐ ⎐TT9⎐ ▬صيدلية▬النهدي⎐ ⎐NJ5Q⎐ ⎐كؤِبُون⎐Shadow Blue ^^^^ ⎐خـِصم⎐hsF7MPH0gTgW https://t.co/dyswe2BBbl,2046788556866064767,https://pbs.twimg.com/media/HGenVwMWAAAWpiO.jpg,,ar,,0,0,0,https://x.com/undefined/status/2046788556866064767,1140639350293749760,
2046788556790841432,Wed Apr 22 03:09:54 +0000 2026,0,Check out this new football management game called Club Boss! I've created my own club called Blue fc. Download here for free: https://t.co/dAcuhLE79U @MallatEntmt #ClubBoss #FootballManager,2046788556790841432,,,en,,0,0,0,https://x.com/undefined/status/2046788556790841432,1208899164068728832,
2046788424376713691,Wed Apr 22 03:09:53 +0000 2026,0,idk man girlie seems like she loves cosplaying this blue woman,2046788552328179853,,hoshiieteyo,en,,0,0,0,https://x.com/undefined/status/2046788552328179853,884740108880035841,
2046765956123214237,Wed Apr 22 03:09:52 +0000 2026,0,@michaeljknowles Oh Michael sweetie red states can do this with NO vote and you Magats are fine with it. Why didn't they put it to a vote like blue states did? #dumbass,2046788548947308608,,michaeljknowles,en,,0,0,0,https://x.com/undefined/status/2046788548947308608,2006842803134017537,
2046759515622682744,Wed Apr 22 03:09:51 +0000 2026,0,@TheCalvinCooli1 @GreaterIdaho Blue counties in red states wont leave theyre largely landlocked in the center of states or surrounded by red counties of other red states,2046788544950112285,,TheCalvinCooli1,en,,0,0,0,https://x.com/undefined/status/2046788544950112285,1580665122145673217,
2046778797245210786,Wed Apr 22 03:09:50 +0000 2026,1,@dLsd_25 maybe its a blue eye thing because I have to have dimmable lights and if theyre not then its like staring into a white out blizzard for me. My baby blues cant take even daylight without squinting or needing sunglasses,2046788542844563964,,dLsd_25,en,,0,1,0,https://x.com/undefined/status/2046788542844563964,1661477718871908353,
2046788540516970614,Wed Apr 22 03:09:50 +0000 2026,15,Patrick Corbin in three starts with the Blue Jays: 14.2 IP 3.68 ERA 12 Hits 4 BB 12 K's 1.09 WHIP .240 BAA https://t.co/lVhVrUJrmz,2046788540516970614,https://pbs.twimg.com/media/HGenLplbQAA6QeF.jpg,,en,,0,0,1,https://x.com/undefined/status/2046788540516970614,1944770956435836928,
2046788534301065724,Wed Apr 22 03:09:48 +0000 2026,0,yellowの方の『out of blue』ばかり聴いてて、久々早熟の方を聴いてみたら、ボーカル再録してることに気付く。明らかにクセが強くなってる yellowの頃はまだストレートに歌ってたんだな。 #岡村靖幸,2046788534301065724,,,ja,,0,0,0,https://x.com/undefined/status/2046788534301065724,3077480048,
2046390014670446860,Wed Apr 22 03:09:46 +0000 2026,0,@Kevin63041148 @StrangerWho934 @mccndoll @PopBase Also Virginia is not a blue state! They literally just had a republican governor. With this move they just made it solid blue disenfranchising 49.3% of the population that voted NO!,2046788525899620846,,Kevin63041148,en,,0,0,0,https://x.com/undefined/status/2046788525899620846,1856046095584935936,
2046788520082030652,Wed Apr 22 03:09:45 +0000 2026,0,Blue https://t.co/GUcsYmt2Ra,2046788520082030652,https://pbs.twimg.com/media/HGenTx5W0AADXzO.jpg,,en,,0,0,0,https://x.com/undefined/status/2046788520082030652,1173234516326080512,
2046546969208783225,Wed Apr 22 03:09:43 +0000 2026,0,@andyricflair Not even a blue checkmark just bad takes for love of the game.,2046788511081357605,,andyricflair,en,,0,0,0,https://x.com/undefined/status/2046788511081357605,54320451,
2046769378033627556,Wed Apr 22 03:09:42 +0000 2026,0,@IDoDeclare83 @AriFleischer With 1.2 million more Republicans voters than Democrat voters? You shouldn t be surprised at all. I see you re from NYC. Florida will never become a blue state. We will be on point when the shit starts. https://t.co/F3ZH6Zxqqk,2046788509524951124,https://pbs.twimg.com/media/HGenTaFXQAEUbBg.jpg,IDoDeclare83,en,,0,1,0,https://x.com/undefined/status/2046788509524951124,1857061567474319360,
2046780619871424644,Wed Apr 22 03:09:40 +0000 2026,0,@sfmcguire79 If you randomly selected a vacuous tweet on X from the population of tweeters tweeting about academics and education it is most most likely that you would land up on Steve McGuire's blue-checked X account.,2046788498137534774,,sfmcguire79,en,,0,0,0,https://x.com/undefined/status/2046788498137534774,1051963242929680384,
2046788496334242195,Wed Apr 22 03:09:39 +0000 2026,7,my blue lips my blu- ENOUGH ENOUGH GIVE ME THR WHOLE SONG RN IM DONE W THESE GAMES https://t.co/tYEXCO6sZf,2046788496334242195,https://pbs.twimg.com/amplify_video_thumb/2046788433310584832/img/ab9r66_Jqk8pqll9.jpg,,en,,0,1,2,https://x.com/undefined/status/2046788496334242195,2028219765001711616,
2046640148826259506,Wed Apr 22 03:09:39 +0000 2026,0,@ImBreckWorsham There s absolutely no way he has a 30% approval. There aren t enough true blue squirrel eating three wheel driving electric socket licking rubes still alive,2046788494647824820,,ImBreckWorsham,en,,0,0,0,https://x.com/undefined/status/2046788494647824820,755644823953104896,
2046751959747530808,Wed Apr 22 03:09:13 +0000 2026,0,@Geopolitik_2030 @vontau45 If: I m Blue Sad Green Growth Red Angry Gray Neutrality Yellow Happiness Orange stupid - Trump?,2046788387332300993,,Geopolitik_2030,en,,0,0,0,https://x.com/undefined/status/2046788387332300993,66379001,
2046788380168470810,Wed Apr 22 03:09:11 +0000 2026,0,And yet the maga cult still believe their orange idol is pro veteran and pro blue yeah right,2046788380168470810,,,en,,0,0,0,https://x.com/undefined/status/2046788380168470810,20483915,
2046645389046976655,Wed Apr 22 03:09:10 +0000 2026,0,@DystopianRevolt @ApplesClubs Apple has been doing blue forever and purple since the 14 everyone isn t copying yall Jesus Christ. Get angry at Samsung for letting AI take over yalls phones against your will like the damn Symbiote.,2046788373176619373,,DystopianRevolt,en,,0,0,0,https://x.com/undefined/status/2046788373176619373,1781109804527718400,
2045217009118412927,Wed Apr 22 03:09:06 +0000 2026,0,@KanF93523 I love her!!! Blue with red is a superb combo,2046788358601318620,,KanF93523,en,,0,0,0,https://x.com/undefined/status/2046788358601318620,1063893168419151872,
2046788345418662272,Wed Apr 22 03:09:04 +0000 2026,0,Try Azured MoonWorks' Gaming Services - https://t.co/88jWiEUSqa Information = Power. Power = Blue. Blue is True. ,2046788346739900748,,AzureF31st,en,,0,0,0,https://x.com/undefined/status/2046788346739900748,1008099034882629632,
2046788339047493947,Wed Apr 22 03:09:02 +0000 2026,0,NMIXX - ENTWURF BDM POB PHOTOCARD SET &gt;&gt; https://t.co/JnUoHjvlq5 wts lfb ph haewon jinni pc selca lily sullyoon jiwoo kyujin bae selca pola polaroid blue dream media https://t.co/7kadiAssKB,2046788339047493947,https://pbs.twimg.com/media/HGenJeuXIAA61Ur.jpg,,in,,0,0,0,https://x.com/undefined/status/2046788339047493947,1258765038455623681,
2046614035702092065,Wed Apr 22 03:09:00 +0000 2026,0,@zahrafatma1278 Blue,2046788334073131099,,zahrafatma1278,en,,0,0,0,https://x.com/undefined/status/2046788334073131099,719856109901623296,
2046781740702695434,Wed Apr 22 03:08:59 +0000 2026,0,@TRHLofficial Ok by your logic why dont democrats have 45% of congressional seats in Texas when the state is almost half blue??? Either all gerrymandering is bad or none of it is... Pick a lane bitch. https://t.co/VkbsAFn5i6,2046788328012251429,https://pbs.twimg.com/media/HGenIo5WUAAdCKr.jpg,TRHLofficial,en,,0,0,0,https://x.com/undefined/status/2046788328012251429,2021278392901947392,
2046334476616142889,Wed Apr 22 03:08:59 +0000 2026,0,@itschrisray I hope Blue Origin takes notes.,2046788327614128343,,itschrisray,en,,0,0,0,https://x.com/undefined/status/2046788327614128343,1847097717346230273,
2046788323503669559,Wed Apr 22 03:08:58 +0000 2026,0,где? ⎐كُود⎐⎐تويو⎐ ⊵FF7⊴ ⎐لىفيل⎐ليفل⎐شوز⎐ ⊵BK5⊴ ⎐شارلوت ⊴تيلبورى⎐ ⊵A9DS⊴ ⎐كؤِبُون⎐Dark Blue ^^^^ ⎐خـِصم⎐5i7ZreF28Ise https://t.co/p8u5FyEkNO,2046788323503669559,https://pbs.twimg.com/media/HGenIFebEAAgDE8.jpg,,ar,,0,0,0,https://x.com/undefined/status/2046788323503669559,731524784,
2046788322484539844,Wed Apr 22 03:08:58 +0000 2026,0,Blue skies https://t.co/KGMlFOP1jD,2046788322484539844,https://pbs.twimg.com/media/HGenH8Zb0AAyZdL.jpg,,en,,0,0,0,https://x.com/undefined/status/2046788322484539844,1666300019060936704,
2046785163762548862,Wed Apr 22 03:08:57 +0000 2026,0,@NewsArenaIndia Gavai sir is preferring Safron over Blue and Green!,2046788321310061025,,NewsArenaIndia,en,,0,0,0,https://x.com/undefined/status/2046788321310061025,140380684,
2046770090239049818,Wed Apr 22 03:08:57 +0000 2026,0,@V_DoubleDOG @DefiyantlyFree Well then you're just flat out wrong because Texas had 1.5m more red voters last Presidential election. Georgia had 100k more red than blue.,2046788320894599625,,V_DoubleDOG,en,,0,1,0,https://x.com/undefined/status/2046788320894599625,1327322401768615938,
2046748779567608318,Wed Apr 22 03:08:56 +0000 2026,0,@omoluabi1sq What about bonnie blue? She did all that for nothing?,2046788315467169872,,omoluabi1sq,en,,0,0,0,https://x.com/undefined/status/2046788315467169872,134189880,
2046788309939376428,Wed Apr 22 03:08:55 +0000 2026,0,ACT BLUE. BLUE Roof. Blue BALL. BigBs QuoQUESt. Who RIDEs Sp!r!t's The MosT? A Side Note..........,2046788309939376428,,,en,,0,0,1,https://x.com/undefined/status/2046788309939376428,1909322289906143232,
2046765117363368428,Wed Apr 22 03:08:54 +0000 2026,0,@Cernovich @theisabelb Weird how they flipped the red and blue for this graph,2046788306818531640,,Cernovich,en,,0,0,0,https://x.com/undefined/status/2046788306818531640,1385719100886945795,
2046779668179624376,Wed Apr 22 03:08:54 +0000 2026,0,@ProjectLincoln https://t.co/faNTHph5SQ Surfin' the Blue Waves. Just a taste of November!,2046788304893317433,,ProjectLincoln,en,,0,0,0,https://x.com/undefined/status/2046788304893317433,65351581,
2046788302393454624,Wed Apr 22 03:08:53 +0000 2026,1,I dont mind Knsr focusing on only 3 major characters on the enemy team in every match bc it's 11v11 all the time now &amp; that's hard to manage what I don't get: why he can't do the same for blue lock why couldn't this have been Kuni Shidou Barou centric at least for the 2nd half,2046788302393454624,,,en,,0,1,0,https://x.com/undefined/status/2046788302393454624,1848686079173603328,
2046432153211179239,Wed Apr 22 03:08:52 +0000 2026,0,@OthmerBarbara @TheRitaaBang Please Ohio no blue blue bad,2046788300472569970,,OthmerBarbara,en,,0,0,0,https://x.com/undefined/status/2046788300472569970,2460021318,
2046430135507624089,Wed Apr 22 03:08:52 +0000 2026,0,@ForgiatoBlow47 Being only the second person in history to ever finish The Old 96er Paul Bunyan s Blue Ox steak at the lakeside restaurant at Lake Potowotominimac WI. https://t.co/6GwmDdLhJ6,2046788297134067876,https://pbs.twimg.com/media/HGenG9uagAABYhC.jpg,ForgiatoBlow47,en,,0,0,0,https://x.com/undefined/status/2046788297134067876,20464992,
2046788288623878621,Wed Apr 22 03:08:50 +0000 2026,0,blue hour my fave ,2046788288623878621,,,en,,0,0,0,https://x.com/undefined/status/2046788288623878621,3300872397,
2046788286384107931,Wed Apr 22 03:08:49 +0000 2026,0,hein? ⎐كُود⎐⎐تويو⎐ ⊵FF7⊴ ⎐الشمس⎐والرمال⎐صن⎐اند⎐ساند⎐ ⊵ABC28⊴ ⎐دبدوب⎐ ⊵A5⊴ ⎐كؤِبُون⎐Neon Blue ^^^ ⎐خـِصم⎐nR6CahsZFRLc https://t.co/Uaaj8BnCvr,2046788286384107931,https://pbs.twimg.com/media/HGenFxPbUAARoKq.jpg,,ar,,0,0,0,https://x.com/undefined/status/2046788286384107931,753754105,
2046787944661618995,Wed Apr 22 03:08:44 +0000 2026,1,Ay good morning muna pala. Tapos yon sabi nya para raw sa fair treatment at mapabalik yung umalis kasi ma p-pressure si beshit. HAHAHAHHAA ang tawa kesh hindi aq pumapatol sa blue app pero napa english nya ako ng very very light para lang itama sya.,2046788266914148516,,sey030125,tl,,0,0,1,https://x.com/undefined/status/2046788266914148516,1883025968291569664,
2046768425310023879,Wed Apr 22 03:08:44 +0000 2026,0,@CoachBreeze_ White and Blue definitely for 15s and 17s I ll be online copping,2046788266339221743,,CoachBreeze_,en,,0,0,0,https://x.com/undefined/status/2046788266339221743,423740162,
2046788265584300115,Wed Apr 22 03:08:44 +0000 2026,0,Matrix? ⎐كُود⎐⎐تويو⎐ ⊵X99⊴ ⎐كارتلو⎐ ⎐ZZ38⎐ ⎐وايــا⎐ ⎐AA54⎐ ⎐كؤِبُون⎐Shadow Blue ^^^^ ⎐خـِصم⎐HXA4FlwIjZRH https://t.co/wEMCGGGn2j,2046788265584300115,https://pbs.twimg.com/media/HGenE5PWUAA0YEv.jpg,,und,,0,0,0,https://x.com/undefined/status/2046788265584300115,754236221220589568,
2046769970512584723,Wed Apr 22 03:08:44 +0000 2026,0,@Keith_22_ @isaiahrmartin You mean the same blue states that fund all the shithole red states? ,2046788263898169518,,Keith_22_,en,,0,2,0,https://x.com/undefined/status/2046788263898169518,1556431083109072896,
2046788256885530696,Wed Apr 22 03:08:42 +0000 2026,0,Turf? ⎐كُود⎐⎐تويو⎐ ⊵A73⊴ ▬موجى▬ ⎐V1737⎐ ⎐سيلين⎐SELEN▬ ⎐DG6⎐ ⎐كؤِبُون⎐Warm Blue ^^^ ⎐خـِصم⎐1JPNI6owwMIs https://t.co/NNSg9fwLfR,2046788256885530696,https://pbs.twimg.com/media/HGenEIybwAAwMET.jpg,,und,,0,0,0,https://x.com/undefined/status/2046788256885530696,1842322269370023936,
2046476955080683982,Wed Apr 22 03:08:42 +0000 2026,0,@Inhaere @hubbotalks Isagi literally came here from the bottom he was #299 ranked player i dont even know what manga are you even reading atp breakdown?? He lowkey have more breakdowns than any other player in blue lock,2046788254855512407,,Inhaere,en,,0,0,0,https://x.com/undefined/status/2046788254855512407,1742740779637059584,
2046788221216907374,Wed Apr 22 03:08:34 +0000 2026,0,Blue jays ML -130 FD 1 Unit,2046788221216907374,,,en,,0,0,0,https://x.com/undefined/status/2046788221216907374,1963727745587822592,
2046656363871232454,Wed Apr 22 03:08:34 +0000 2026,0,@EdKrassen @MichelleObama Shitlibs normalize a war criminal. Fuck AIPAC BLUE you fucking traitors. #FreePalestine,2046788220940386436,,EdKrassen,en,,0,0,0,https://x.com/undefined/status/2046788220940386436,274335684,
2046752997321879912,Wed Apr 22 03:08:31 +0000 2026,2,@GeBigga2012 What in the blue moon lol,2046788208663359505,,GeBigga2012,en,,0,0,0,https://x.com/undefined/status/2046788208663359505,40812583,
2046788208265179257,Wed Apr 22 03:08:30 +0000 2026,1,Bleh the girls surrounding blue/purple continue to damage my funds the most https://t.co/AVF4Nc1ZSJ,2046788208265179257,https://pbs.twimg.com/media/HGem9TJbgAAio3n.jpg,,en,,0,1,0,https://x.com/undefined/status/2046788208265179257,912427390965448704,
2046766694450798976,Wed Apr 22 03:08:30 +0000 2026,0,@FmrRepMTG It s called cheating. Nothing else MTB. BLUE STATES HAVE THE CHEAT GAME DOWN TO A FINE ART,2046788207333806538,,FmrRepMTG,en,,0,0,0,https://x.com/undefined/status/2046788207333806538,3698424913,
2046788206742397068,Wed Apr 22 03:08:30 +0000 2026,0,How many people live in the red areas vs how many people live in the blue areas?,2046788206742397068,,,en,,0,0,0,https://x.com/undefined/status/2046788206742397068,793089123368235008,
2046787122191843448,Wed Apr 22 03:08:26 +0000 2026,0,also my tweet is a rhetorical question: the answer is that its ragebait and blue check marked accounts profit off ppl calling them stupid,2046788188396515693,,scttsalt64,en,,0,0,0,https://x.com/undefined/status/2046788188396515693,1629987086257324033,
2046782806127227253,Wed Apr 22 03:08:26 +0000 2026,0,@ChristianHeiens Vote BLUE. No matter who!!,2046788188220293180,,ChristianHeiens,en,,0,0,0,https://x.com/undefined/status/2046788188220293180,1637514589519609857,
2046678259388080323,Wed Apr 22 03:08:24 +0000 2026,2,@SonGokuufromdb Chi-Chi dead ass only been playable in 2 Console Games And one of those was Kid Chi-Chi in Budokai Tenkaichi 3 the other was End of Dragon Ball Classic Chi-Chi in that Blue Outfit in a Game that made everything more Manga Like,2046788182637695268,,SonGokuufromdb,en,,0,1,0,https://x.com/undefined/status/2046788182637695268,1471754157715566596,
2046693619092930966,Wed Apr 22 03:08:24 +0000 2026,0,@shipwreckshow I love your cup! Blue and white are beautiful together.,2046788179953377690,,shipwreckshow,en,,0,0,0,https://x.com/undefined/status/2046788179953377690,1825275173617958912,
2046788167198703995,Wed Apr 22 03:08:21 +0000 2026,8,GREEN &amp; GOLD RULES Amet Bituin and the FEU Tamaraws assert their might as the top-seed against the Ateneo Blue Eagles in their last elimination round game of the UAAP Season 88 men's volleyball tournament. #UAAPSeason88 #LegendsStartHere #StrengthInMotionHopeInAction https://t.co/l3RtDzS5nQ,2046788167198703995,https://pbs.twimg.com/media/HGem-lXaMAAM31v.jpg,,en,,0,0,1,https://x.com/undefined/status/2046788167198703995,306818072,
2046740271241494933,Wed Apr 22 03:08:20 +0000 2026,0,@Demodred2022 @KrissiNixon @kyledcheney @TheRickWilson Oof @Demodred2022 dropping a classic Wow you are ignorant like it's a devastating mic drop.Bro that's not a comeback that's what people say when they have zero actual rebuttal and their brain blue-screened from trying to process basic facts.,2046788163775901986,,Demodred2022,en,,0,0,0,https://x.com/undefined/status/2046788163775901986,833569655671255040,
2046559598618845611,Wed Apr 22 03:07:48 +0000 2026,0,@KoronellukinhaC Omega Shenron Imperialdramon Paladin Mode and Blue-Eyes Ultimate Dragon by a EXTREME long shot. https://t.co/wvIEWLPfPb,2046788031714304272,https://pbs.twimg.com/media/HGemZ_aaMAAdPcK.jpg,KoronellukinhaC,en,,0,0,0,https://x.com/undefined/status/2046788031714304272,1592740416302247936,
2046775498341245087,Wed Apr 22 03:07:46 +0000 2026,0,@archanaachu24 Blue,2046788023660986551,,archanaachu24,en,,0,0,0,https://x.com/undefined/status/2046788023660986551,45479733,
2046788022314885262,Wed Apr 22 03:07:46 +0000 2026,0,Texas redistrict because they got 3 million new residents from blue failed states Trump thought it was a good idea and did not start it.,2046788022314885262,,,en,,0,0,0,https://x.com/undefined/status/2046788022314885262,49225605,
2046625434054357483,Wed Apr 22 03:07:43 +0000 2026,0,@TapeesaSablin @UncleJimmy548 @envisionedluna what is your point? that retail workers and service workers and educators and the disabled and so forth are part of the ruling class? that the struggles of blue collar workers and other working-class people are not interlinked? you re a fucking moron.,2046788010025632130,,TapeesaSablin,en,,0,0,0,https://x.com/undefined/status/2046788010025632130,1026212853605228544,
2046752743180865580,Wed Apr 22 03:07:41 +0000 2026,0,@BlackMajikMan90 Ah yes it s fair to have a State that went blue by 5 points to have a 10-1 ratio. This is Texas map. Which looks more dummymandered? https://t.co/1BjNAZpSH1,2046788000684687493,https://pbs.twimg.com/media/HGem1xfWUAAS3fG.jpg,BlackMajikMan90,en,,0,0,0,https://x.com/undefined/status/2046788000684687493,1387533905805332481,
2046782118177456317,Wed Apr 22 03:07:40 +0000 2026,3,@BuckSexton Amazing how they just barely won with the late vote tally s always coming from deep blue counties and being justttttt enough to win. Almost like it s calculated.,2046787996511539547,,BuckSexton,en,,0,0,0,https://x.com/undefined/status/2046787996511539547,1459618562331627522,
2046645275582701984,Wed Apr 22 03:07:40 +0000 2026,1,@liderfiscal If: I m Blue Sad Green Growth Red Angry Gray Neutrality Yellow Happiness Orange stupid? I mean like a Trump?,2046787995714351519,,liderfiscal,en,,0,0,1,https://x.com/undefined/status/2046787995714351519,66379001,
2046787995651674343,Wed Apr 22 03:07:40 +0000 2026,0,почему? ⎐كُود⎐⎐نمشي⎐ ⊵MFM2⊴ ⎐دكتور▬نيوترشن▬ ⎐M80⎐ ⎐مجوهرات▬داماس▬damas⎐ ⎐GOLD1⎐ ⎐كؤِبُون⎐Warm Blue ^^^^ ⎐خـِصم⎐UEUFQCr6ugzg https://t.co/kWzQZ0PMoO,2046787995651674343,https://pbs.twimg.com/media/HGem1AWbEAAjnMG.jpg,,und,,0,0,0,https://x.com/undefined/status/2046787995651674343,623312221,
2046598092510925059,Wed Apr 22 03:07:39 +0000 2026,0,@lavanyaanasra Blue cheated the whole game and still lost,2046787992958763011,,lavanyaanasra,en,,0,0,0,https://x.com/undefined/status/2046787992958763011,2009066560594354176,
2046765117363368428,Wed Apr 22 03:07:38 +0000 2026,0,@brondumkm @whodeybaby9851 @Cernovich 7 out of the 10 most gerrymandered states are blue states. The dumbocrats have been rigging the state maps for decades. You can t possibly expect anyone to believe that the Republicans started this.,2046787986667311478,,brondumkm,en,,0,2,0,https://x.com/undefined/status/2046787986667311478,1602472324724391938,
2046787983886725509,Wed Apr 22 03:07:37 +0000 2026,0,uhm there's blue flames behind me isn't it,2046787985933520946,,verityhandle,en,,0,0,0,https://x.com/undefined/status/2046787985933520946,1492664317975883776,
2046670252772126845,Wed Apr 22 03:07:37 +0000 2026,1,@Intolerantone28 We will never forget or forgive Made the blue belly scum bleed for every second they drew southern air https://t.co/MN0Nnf8yyD,2046787983613850048,https://pbs.twimg.com/media/HGem0ozXkAAwY7g.jpg,Intolerantone28,en,,0,1,0,https://x.com/undefined/status/2046787983613850048,1575319859562528770,
2046787975636205928,Wed Apr 22 03:07:35 +0000 2026,0,Opinion | Blue Jays prospect Trey Yesavage's rehab start is hardly a command performance. It might be better not to rush him - Toronto Star https://t.co/DDOUCxlFQL,2046787975636205928,,,en,,0,0,0,https://x.com/undefined/status/2046787975636205928,1506001136389611536,
2046739631031361815,Wed Apr 22 03:07:34 +0000 2026,0,@OrthodoxWario @barnes_law Impeachment and a guilty conviction in the Senate. It's going to happen as sure as the sky is blue and the grass is green.,2046787971349680460,,OrthodoxWario,en,,0,0,0,https://x.com/undefined/status/2046787971349680460,1668741658081361920,
2046646365946597396,Wed Apr 22 03:07:34 +0000 2026,0,@_sn_n This hurts virginia locally way more than you think. Virginia has never been a blue state just a red state with overpopulation in our northernmost cities. May God help us,2046787970384953662,,_sn_n,en,,0,0,0,https://x.com/undefined/status/2046787970384953662,1182704708013776896,
2046757352733397038,Wed Apr 22 03:07:33 +0000 2026,0,@NBBear2 @BarackObama @MeidasTouch what?!stop whining .. all states do it.. AFTER THE CENSUS not just out of the blue and certainly not because the PRESIDENT CALLS YOU and tells you to do it! wtf get over yourself! that has never happened in the history of the united states,2046787965129752835,,NBBear2,en,,0,4,0,https://x.com/undefined/status/2046787965129752835,2578062228,
2046787950357156071,Wed Apr 22 03:07:29 +0000 2026,0,A giraffe s tongue can reach 45 50 cm (18 20 inches) and is dark blue or purple. This helps prevent sunburn while they spend hours eating leaves. They barely sleep. Giraffes need only about 4 5 hours of sleep per day often in short naps lasting just a few minutes. #australia https://t.co/hHqKx9BVqM,2046787950357156071,https://pbs.twimg.com/media/HGemyZDXEAAdl2U.jpg,,en,,0,0,0,https://x.com/undefined/status/2046787950357156071,2031372132287143936,
2046787949627605381,Wed Apr 22 03:07:29 +0000 2026,0,andaaya? ⎐كُود⎐⎐ترينديول⎐ ⊵OMM⊴ ⎐ريف▬للعطور⎐ ⊵OMG⊴ ⎐جىني⎐ ⊵AAK1⊴ ⎐كؤِبُون⎐Bright Blue ^^^^ ⎐خـِصم⎐QNV942J0BRAN https://t.co/k9XvJqyXUh,2046787949627605381,https://pbs.twimg.com/media/HGemyVHbgAAlkwl.jpg,,und,,0,0,0,https://x.com/undefined/status/2046787949627605381,456291048,
2046576275024904536,Wed Apr 22 03:07:29 +0000 2026,0,@Anshra_fatima07 Blue is 4 red is 5 green is 6 ??? Is 94,2046787949237559431,,Anshra_fatima07,en,,0,0,0,https://x.com/undefined/status/2046787949237559431,800042752213979136,
2046787947177873602,Wed Apr 22 03:07:28 +0000 2026,0,Dólar hoy y dólar blue hoy: cuál es la cotización del miércoles 22 de abril minuto a minuto https://t.co/93F9XVa8v7 https://t.co/IUbpTpC32v,2046787947177873602,https://pbs.twimg.com/media/HGemyZCWMAAu-BJ.jpg,,es,,0,0,0,https://x.com/undefined/status/2046787947177873602,62806842,
2046787945407881248,Wed Apr 22 03:07:28 +0000 2026,0,Blue Whale Milk harvesting is a job that will for sure increase in demand and be resilient to near term AI automation.,2046787945407881248,,,en,,0,1,0,https://x.com/undefined/status/2046787945407881248,1973536862624251904,
2046787944661618995,Wed Apr 22 03:07:28 +0000 2026,0,I saw someone sa blue app na nag comment tinatanong kasi nung nag post if bakit nang b-boycott. Teh talagang kulang na lang i PowerPoint niya kabobohan nya,2046787944661618995,,,tl,,0,1,0,https://x.com/undefined/status/2046787944661618995,1883025968291569664,
2046787939892437142,Wed Apr 22 03:07:27 +0000 2026,0,Finally off work and all I have on my mind is wanting to dye my hair blue again. I miss it so much ,2046787939892437142,,,en,,0,0,0,https://x.com/undefined/status/2046787939892437142,1407888163821998080,
2046653226296946837,Wed Apr 22 03:07:26 +0000 2026,0,@stevenmackinnon @mikekelloway @ElectAlana @desrochersplc @KodyBloisNS * A Canadian reached the moon. Not a Canadian Company. Good luck competing with SpaceX Blue Orgin NASA.. Oh and I hear the company you want to use to build a spaceport and launch rockets is American. Wow......,2046787936872775824,,stevenmackinnon,en,,0,0,0,https://x.com/undefined/status/2046787936872775824,1636551156314034176,
2046683492499779593,Wed Apr 22 03:07:24 +0000 2026,0,@dorkwad21 @shelbystardust You re a leftist retard with pronouns in your bio you re the farthest thing from a man have fun crying about twitter and Elon while using his platform because Blue Sky is a leftist joke,2046787930270892539,,dorkwad21,en,,0,0,0,https://x.com/undefined/status/2046787930270892539,1895863279261790208,
2046735579878969460,Wed Apr 22 03:07:24 +0000 2026,1,@Timcast No Tim that s false. Trump told Abbott to redistrict and Texans got no vote. Dallas Houston Austin are blue Tim. Those 3 cities alone double Virginia s population. The actions of the President impact all of us Tim. Newton s 3rd Law of motion politics style.,2046787929477906676,,Timcast,en,,0,0,0,https://x.com/undefined/status/2046787929477906676,496741621,
2046787922775695745,Wed Apr 22 03:07:22 +0000 2026,0,Raised? ⎐كُود⎐⎐نون⎐ ⊵KW44⊴ ⎐اديداس⎐ ⊵RAN256⊴ ▬لىفل▬شوز▬لىفىل▬ ⊵KLM⊴ ⎐كؤِبُون⎐Pure Blue ^^^^ ⎐خـِصم⎐MCohoWp2rOzj https://t.co/6hMd8IK467,2046787922775695745,https://pbs.twimg.com/media/HGemwi1bEAA44bM.jpg,,und,,0,0,0,https://x.com/undefined/status/2046787922775695745,392258843,
2046787918505635959,Wed Apr 22 03:07:21 +0000 2026,0,30inch lace so I sat on his face I m from da lox I could tell u how da top feel quarter mil for a new crib red bottoms on blue heels pop bottles like new years,2046787918505635959,,,en,,0,0,0,https://x.com/undefined/status/2046787918505635959,4895848420,
2046781697358811380,Wed Apr 22 03:07:21 +0000 2026,2,@AOC Save us your Florence Nightingale 'saving democracy' drama theater production. You guys have already gerrymandered all your blue states so tightly you can't squeeze anymore seats out of them. You showed us how to do this. We have a lot more red states where TX came from. https://t.co/MmsJ1phJYu,2046787915842232455,https://pbs.twimg.com/tweet_video_thumb/HGemwmvWQAAjnjq.jpg,AOC,en,,0,0,0,https://x.com/undefined/status/2046787915842232455,1586848015440027648,
2046787914391273931,Wed Apr 22 03:07:20 +0000 2026,0,コロナ自粛期間明けてすぐぐらいの時のライブで毅が「声出せないの寂しいよね、俺らもBLUEの声聞けなくて寂しい」的なこと言ってたのをふと思い出して、スパテンのチャブマの「火傷するぜ」をBLUEに振るくだりだったり、WアンコのヤンガーのBLUE大合唱のエモさに改めて食らってる,2046787914391273931,,,ja,,0,0,0,https://x.com/undefined/status/2046787914391273931,1320339972,
2046762757845078426,Wed Apr 22 03:07:20 +0000 2026,0,@poppenager18723 @calajms Hmmm I work a blue collar job too and I still believe it s good to go to the gym your strength becomes disproportional otherwise and certain muscles take over during movements which require other muscles. Creates strain on the muscles that aren t up to speed as your other ones.,2046787913678041270,,poppenager18723,en,,0,1,0,https://x.com/undefined/status/2046787913678041270,814763957609201664,
2046787913048793480,Wed Apr 22 03:07:20 +0000 2026,0,Dólar blue hoy: a cuánto cotiza el miércoles 22 de abril con el MEP y el CCL https://t.co/pbKdUKuwcA https://t.co/mOYmXlpoX5,2046787913048793480,https://pbs.twimg.com/media/HGemwGhXwAAFn6x.jpg,,es,,0,0,0,https://x.com/undefined/status/2046787913048793480,62806842,
2046761817490227335,Wed Apr 22 03:07:20 +0000 2026,0,@marcthiessen Maybe it was a bad idea for Trump and Abbott to start a gerrymandering war in Texas. Blue states are winning.,2046787912994550254,,marcthiessen,en,,0,0,0,https://x.com/undefined/status/2046787912994550254,1758675689702858752,
2046754814197895313,Wed Apr 22 03:07:19 +0000 2026,0,@DrewRobertsLive @mmpadellan how can it be red? It WAS red but this stupid shitty idiot made it blue. Suck it MAGAss,2046787910024765618,,DrewRobertsLive,en,,0,0,0,https://x.com/undefined/status/2046787910024765618,1659282506883948545,
2046787898964664634,Wed Apr 22 03:07:17 +0000 2026,0,Just remember when you vote Red Blue doesn t matter who just not bought by foreign lobbies,2046787898964664634,,,en,,0,0,0,https://x.com/undefined/status/2046787898964664634,1582947004782563328,
2046787889388999042,Wed Apr 22 03:07:14 +0000 2026,2, FEU TAMARAWS def. Ateneo Blue Eagles in 4 sets (29-27 25-23 15-25 25-19) Player of the Game: Amet Bituin - 21pts 14 receptions #UAAPSeason88 https://t.co/dLcZJBkzxW,2046787889388999042,https://pbs.twimg.com/media/HGemu5DaoAARO4E.jpg,,en,,1,0,1,https://x.com/undefined/status/2046787889388999042,1715573862447091712,
2046787885555437810,Wed Apr 22 03:07:14 +0000 2026,0,Tints? ⎐كُود⎐⎐ترينديول⎐ ⊵OMM⊴ ⎐فى▬برفيوم⎐ ⊵AD25⊴ ⎐دكنى▬▬Dkny⎐ ⊵A22⊴ ⎐كؤِبُون⎐Faded Blue ^^ ⎐خـِصم⎐glwUgJMkBHLi https://t.co/KL8Tz4mFSu,2046787885555437810,https://pbs.twimg.com/media/HGemuJTbEAAegtt.jpg,,und,,0,0,0,https://x.com/undefined/status/2046787885555437810,4192846635,
2046759054304055460,Wed Apr 22 03:07:12 +0000 2026,0,@amalaekpunobi @IsaiahLCarter So who are the dudes in the kaki pants blue tshirts and covered faces that march around in large groups? That looks so contrived. Not grass roots at all.,2046787879905398949,,amalaekpunobi,en,,0,0,0,https://x.com/undefined/status/2046787879905398949,1511362782071083014,
2046787876390604964,Wed Apr 22 03:07:11 +0000 2026,0,ahhhhh então pale blue dot é uma foto tirada pela sonda chamada VOYAGER 1? wooooow xdiz pensa em td,2046787876390604964,,,pt,,0,0,0,https://x.com/undefined/status/2046787876390604964,1071201298069053440,
2046787874843173288,Wed Apr 22 03:07:11 +0000 2026,0,Columbina's IRL field of blue flower... #Columbina #GenshinImpact https://t.co/T6jaJh5drx,2046787874843173288,https://pbs.twimg.com/media/HGemmc8aoAAG1sH.jpg,,en,,0,0,0,https://x.com/undefined/status/2046787874843173288,2275449524,
2046787867691864114,Wed Apr 22 03:07:09 +0000 2026,0,26 Blue Kitchen Ideas For 2026 That Feature Rare Slate Tones You Won t Find In Standard Catalogs https://t.co/Eg3SsazsbY,2046787867691864114,,,en,,0,0,0,https://x.com/undefined/status/2046787867691864114,1968370505297313792,
2046787863216378191,Wed Apr 22 03:07:08 +0000 2026,0,For all my skywatching friends ... This is the basis for my new song and music video called GIVE MY BLUE SKY BACK! @DaneWigington @GeoengWatch @ChemtrailsNews @GeoengineerOrg @GeoEngMon @chemtrailsrevil @KristenMeghan @GlobalCHEMTRAIL @Tmason117 @remoteviewed @KimIversenShow https://t.co/O4rl7E37mS,2046787863216378191,https://pbs.twimg.com/media/HGelhIMXMAAqC-W.jpg,,en,,0,0,0,https://x.com/undefined/status/2046787863216378191,2019883429467230208,
2046787862444777814,Wed Apr 22 03:07:08 +0000 2026,0,hui? ⎐كُود⎐⎐ايهرب⎐ايهيرب اهرب ⊵IQH8946⊴ ⎐عطور▬رسيس⎐ ⊵AA51⊴ ⎐وفرها⎐ ⊵KK20⊴ ⎐كؤِبُون⎐Neon Blue ^^^ ⎐خـِصم⎐pV7A0mDrKuRA https://t.co/3Y39apL13l,2046787862444777814,https://pbs.twimg.com/media/HGemskkbYAAtXDU.jpg,,ar,,0,0,0,https://x.com/undefined/status/2046787862444777814,940498098,
2046787859089400138,Wed Apr 22 03:07:07 +0000 2026,0,Soldering? ⎐كُود⎐⎐تُيموُ⎐ ⊵TEM21⊴ ⎐ريف▬للعطور⎐ ⊵OMG⊴ ⎐جىني⎐ ⊵AAK1⊴ ⎐كؤِبُون⎐Neon Blue ^^^^ ⎐خـِصم⎐kcD3vLaZ1NbW https://t.co/uw8hnyQA6B,2046787859089400138,https://pbs.twimg.com/media/HGemsy7bcAAPe84.jpg,,und,,0,0,0,https://x.com/undefined/status/2046787859089400138,298667256,
2046731517083173250,Wed Apr 22 03:07:05 +0000 2026,0,@forallcurious This is why the heart enhances emotions. This correlation isn t that out of the blue.,2046787849689649643,,forallcurious,en,,0,0,0,https://x.com/undefined/status/2046787849689649643,1496119104645873671,
2046426212822577513,Wed Apr 22 03:07:05 +0000 2026,0,@Oliviasullvb Yooooooh the man wearing blue T-shirt thought he was in a boxing ring.,2046787849572295124,,Oliviasullvb,en,,0,0,0,https://x.com/undefined/status/2046787849572295124,1585919919425785856,
2046787830131597654,Wed Apr 22 03:07:00 +0000 2026,0,Betsy Johnson need to make a Hibiscus shaped bag with different colors like that cotton candy blue and pink and like a hot pink and orange with rhinestones on it and have Zara promote it. I fell like she s the only one who can make a crazy bag like that and make it cute https://t.co/eUGeUczuBE,2046787830131597654,https://pbs.twimg.com/media/HGemrqeXoAACzIO.jpg,,en,,1,0,0,https://x.com/undefined/status/2046787830131597654,1288924263420919808,
2046749840281915793,Wed Apr 22 03:06:57 +0000 2026,0,@Mdavidson1776 @davidslosttt Yeah and those blue seats aren't really competitive. Proposal 1 back in 2021 would've been the most fair. It was 1 safe R 1 likely R 1 tilt R (competitive) and 1 Lean D. https://t.co/gt5XFIjRrF,2046787817292927384,https://pbs.twimg.com/media/HGemov5WEAA54sg.jpg,Mdavidson1776,en,,0,0,0,https://x.com/undefined/status/2046787817292927384,1525585125970526208,
2046597919659208988,Wed Apr 22 03:06:57 +0000 2026,0,@jonesvibesonly You pay for the blue Twitter checkmark your opinion is invalid,2046787815048983035,,jonesvibesonly,en,,0,0,0,https://x.com/undefined/status/2046787815048983035,1517545555286757377,
2046786266646053340,Wed Apr 22 03:06:56 +0000 2026,1,@byeolbitxing I saw the pink and blue and was like xikers????,2046787812263895194,,byeolbitxing,en,,0,1,0,https://x.com/undefined/status/2046787812263895194,1658204428019572745,
2046787803426758747,Wed Apr 22 03:06:54 +0000 2026,0,اووف? ⎐كُود⎐⎐تُيموُ⎐ ⊵TEM73⊴ ⎐سنبل⎐ ⊵D57⊴ ▬ايرالو⎐ ⊵OMG10⊵ ⎐كؤِبُون⎐Electric Blue ^^^ ⎐خـِصم⎐u1EQPMSmnrQv https://t.co/tDGZpjnEF8,2046787803426758747,https://pbs.twimg.com/media/HGempyVa8AA-V3Y.jpg,,und,,0,0,0,https://x.com/undefined/status/2046787803426758747,497347269,
2046787800427852221,Wed Apr 22 03:06:53 +0000 2026,0,Think that s a humpback not a blue whale but still wild,2046787800427852221,,,en,,0,0,0,https://x.com/undefined/status/2046787800427852221,54937843,
2046787797546082373,Wed Apr 22 03:06:53 +0000 2026,0,Blue Jays Yesavage throws 2.1 innings walks four in rehab start with Triple-A Buffalo - TSN https://t.co/yuQlJL2lov,2046787797546082373,,,en,,0,0,0,https://x.com/undefined/status/2046787797546082373,1506001136389611536,
2046783356415995929,Wed Apr 22 03:06:51 +0000 2026,0,@mallengahs2013 @StatisticUrban Has a single red state passed a commission? Because if not why should blue states continue to abide them when the president is openly pressuring states controlled by his parties to redistrict? And voters were given a choice in ca and va.,2046787792588394771,,mallengahs2013,en,,0,1,0,https://x.com/undefined/status/2046787792588394771,1487810008389718074,
2046787788004008220,Wed Apr 22 03:06:50 +0000 2026,0, MLB: Toronto Blue Jays vs. Los Angeles Angels ⏰ Time: 3:07 PM ET Line: Los Angeles Angels -157 | Total: 8.5 The ATS Angle Los Angeles Angels -1.5 (+135): The Angels (11-11) send the current MLB ERA leader José Soriano to the mound for the series finale. Soriano has,2046787788004008220,,,en,,0,0,0,https://x.com/undefined/status/2046787788004008220,1192775015965614087,
2046551318475551157,Wed Apr 22 03:06:50 +0000 2026,0,@ethanmwolf @kthalps Oh boy another vote blue no matter who,2046787785386835997,,ethanmwolf,en,,0,0,0,https://x.com/undefined/status/2046787785386835997,961650852,
2046768684849320271,Wed Apr 22 03:06:48 +0000 2026,2,@IngrahamAngle Give it up lady. It s a blue state that sometimes leans purple. The president is as popular as herpes. It s a mid term. We started this bullshit in Texas to avoid the inevitable and the democrats returned the favor where they could. We deserve to lose.,2046787780416790545,,IngrahamAngle,en,,0,0,0,https://x.com/undefined/status/2046787780416790545,1804342450905042944,
2046780724901003552,Wed Apr 22 03:06:48 +0000 2026,0,@SBDetroit Blue,2046787776599691473,,SBDetroit,en,,0,0,0,https://x.com/undefined/status/2046787776599691473,2533251336,
2046632523682230273,Wed Apr 22 03:06:45 +0000 2026,0,@sevenoneSICKS @IanMacKay_94 @budlight its buffalo... whos not drinking a blue?,2046787767124836661,,sevenoneSICKS,en,,0,0,0,https://x.com/undefined/status/2046787767124836661,2382775434,
2046149761112359187,Wed Apr 22 03:06:42 +0000 2026,0,@omo_FF14 Ooh I see! The blue eyes look really nice ,2046787755204632583,,omo_FF14,en,,0,0,0,https://x.com/undefined/status/2046787755204632583,1420408608655872001,
2046708021641068578,Wed Apr 22 03:06:42 +0000 2026,0,@amagicmantv Blue prince steam,2046787754437046555,,amagicmantv,en,,0,0,0,https://x.com/undefined/status/2046787754437046555,195122587,
2046787323547803953,Wed Apr 22 03:06:39 +0000 2026,1,@lazycharms the atomic blue eyes ,2046787741287895433,,lazycharms,en,,0,1,0,https://x.com/undefined/status/2046787741287895433,1090739287413440512,
2046600801284739357,Wed Apr 22 03:06:38 +0000 2026,2,@nse_bse_mani @GdpThalaX Once i held mirae asset blue chip with good returns Not anymore ,2046787736879894827,,nse_bse_mani,en,,0,0,0,https://x.com/undefined/status/2046787736879894827,1972193183636639744,
2046648464659153102,Wed Apr 22 03:06:37 +0000 2026,0,@WallStreetApes If you vote blue I hope they add more fees. Perhaps a sucker fee,2046787730709926020,,WallStreetApes,en,,0,0,0,https://x.com/undefined/status/2046787730709926020,1854654974023905280,
2046787726540685420,Wed Apr 22 03:06:36 +0000 2026,3,Great to see ISF Board Member Chris Verlengia from @WellmarkBCBS tonight at the Grand Blue Mile! https://t.co/kQhmvnxTUV,2046787726540685420,https://pbs.twimg.com/media/HGemljrXUAACzR9.jpg,,en,,0,0,0,https://x.com/undefined/status/2046787726540685420,1554330380,
2046763513859772438,Wed Apr 22 03:06:35 +0000 2026,3,@SusanForlani @alexahenning @MeghanMcCain Cry when blue shitholes lose even more EVs/House seats after 2030.,2046787725806756178,,SusanForlani,en,,0,0,0,https://x.com/undefined/status/2046787725806756178,837421777190006785,
2046787718764798069,Wed Apr 22 03:06:34 +0000 2026,1,omg @notr4a blue randomly knowing bini https://t.co/CNk8vS5rXJ,2046787718764798069,https://pbs.twimg.com/media/HGemlEjaYAA7V9i.jpg,,en,,0,0,1,https://x.com/undefined/status/2046787718764798069,1550707001650401281,
2046787714721391051,Wed Apr 22 03:06:33 +0000 2026,0,does? ⎐كُود⎐⎐نمشي⎐ ⊵MFM2⊴ ▬تطبيق▬EZHIRE▬لتاجير▬السيارات▬ ⎐D48⎐ ▬مترو▬برازىل⎐ ⊵DZKD⊵ ⎐كؤِبُون⎐Pure Blue ^^^ ⎐خـِصم⎐CnYE0bQnmP2a https://t.co/pYOBmRdRi6,2046787714721391051,https://pbs.twimg.com/media/HGemktiakAAcRf5.jpg,,und,,0,0,0,https://x.com/undefined/status/2046787714721391051,2027885155973517312,
2046787714033328586,Wed Apr 22 03:06:33 +0000 2026,0,FBI looks into dead or missing scientists tied to NASA Blue Origin SpaceX https://t.co/xDTm7V9Wli 5,2046787714033328586,,,en,,0,0,0,https://x.com/undefined/status/2046787714033328586,1605537029114060800,
2046787703006523587,Wed Apr 22 03:06:30 +0000 2026,0,кто? ⎐كُود⎐⎐تويو⎐ ⊵FF7⊴ ▬الكوزي▬الوكوزاي▬الاوكوزاي▬ ⎐OMG⎐ ⎐تطبيق▬كالو▬Calo⎐ ⎐C39⎐ ⎐كؤِبُون⎐Warm Blue ^^^ ⎐خـِصم⎐02sCxdesHNmc https://t.co/ZmX5vmiKND,2046787703006523587,https://pbs.twimg.com/media/HGemkLZXAAEM5QG.jpg,,ar,,0,0,0,https://x.com/undefined/status/2046787703006523587,1351529290492473347,
2046787697558368705,Wed Apr 22 03:06:29 +0000 2026,0,@realDonaldTrump @JDVANCE @SpeakerJohnson @GregAbbott_TX @RonDeSantis President Trump please have a meeting with conservative Governors if it is a must let there be solid red states with only conservative representatives and the solid blue communist states.,2046787697558368705,,realDonaldTrump,en,,0,0,0,https://x.com/undefined/status/2046787697558368705,49225605,
2046576483150209381,Wed Apr 22 03:06:27 +0000 2026,0,@AmiriKing It s basically the Blue Ridge Mts lol,2046787690712932623,,AmiriKing,en,,0,0,0,https://x.com/undefined/status/2046787690712932623,1612613690175414272,
2046782456670335348,Wed Apr 22 03:06:26 +0000 2026,1,@giots13 Blue eyes !,2046787685348409587,,giots13,en,,0,1,0,https://x.com/undefined/status/2046787685348409587,1946473615916220416,
2046781740702695434,Wed Apr 22 03:06:25 +0000 2026,3,@SteadyHabs @TRHLofficial If the Save America Act is not passed in to law all 50 states will be blue.,2046787683410731443,,SteadyHabs,en,,0,0,0,https://x.com/undefined/status/2046787683410731443,936027538081570816,
2046640701006545024,Wed Apr 22 03:06:24 +0000 2026,0,@John_Brian_K @onlydubsX okay blue check lol,2046787678998499373,,John_Brian_K,en,,0,0,0,https://x.com/undefined/status/2046787678998499373,1936172208940089344,
2046738209674002646,Wed Apr 22 03:06:22 +0000 2026,0,@personalfries i think!!! that you should paint them blue!!!! i like blue!!!!!,2046787668927730057,,personalfries,en,,0,0,0,https://x.com/undefined/status/2046787668927730057,2045796125152530432,
2046787668059865260,Wed Apr 22 03:06:22 +0000 2026,0,whats the best blue album? https://t.co/DhZDtQrqEn,2046787668059865260,https://pbs.twimg.com/media/HGemiXQaUAA3Uzn.jpg,,en,,0,0,0,https://x.com/undefined/status/2046787668059865260,1456137047643602947,
2044256686014075378,Wed Apr 22 03:06:21 +0000 2026,0,@Bluehero515 Hello Blue! We're sorry to hear about your hacked account and the delayed reply. For security and privacy reasons we're not able to discuss account details from here. Can you please submit a ticket from the email previously linked to the Discord account: https://t.co/nrtslZhJNp,2046787664431452255,,Bluehero515,en,,0,1,0,https://x.com/undefined/status/2046787664431452255,1638683789647032320,
2046787664192717064,Wed Apr 22 03:06:21 +0000 2026,0,おや? ⎐كُود⎐⎐نمشي⎐ ⊵MFM3⊴ ⎐ناتشورال ⊴تاتش⎐ ⊵C49⊴ ⎐عدسات▬اىـوا⎐ ⊵WA741⊴ ⎐كؤِبُون⎐Electric Blue ^^^^ ⎐خـِصم⎐RZDWiLi0lN77 https://t.co/OIE9oDAsJV,2046787664192717064,https://pbs.twimg.com/media/HGemhrzboAAVkqC.jpg,,ja,,0,0,0,https://x.com/undefined/status/2046787664192717064,575997493,
2046766694450798976,Wed Apr 22 03:06:21 +0000 2026,1,@FmrRepMTG @MattH_4America Why redraw it? Just not vote blue?,2046787663353549184,,FmrRepMTG,en,,0,0,0,https://x.com/undefined/status/2046787663353549184,1585776385536188425,
2046787663303151664,Wed Apr 22 03:06:21 +0000 2026,0,If red states eliminated any blue house seats republicans would have 257 house seats. There are 60 democrat house seat in red states and only 23 republican house seats in blue states and 9 are in California and 7 in New York. Why do we have any democrat house seats in red states?,2046787663303151664,,,en,,0,0,0,https://x.com/undefined/status/2046787663303151664,1267206580769939456,
2046785231592501488,Wed Apr 22 03:06:20 +0000 2026,0,@lilbabythegreat Atp this just proves Twitter has zero culture relevancy in terms of hip hop. Blue check marks don t touch grass so they can t tell you who s still popping or not.,2046787662707634636,,lilbabythegreat,en,,0,0,0,https://x.com/undefined/status/2046787662707634636,1772604636148469761,
2046773636627837424,Wed Apr 22 03:06:20 +0000 2026,0,@WilliamMcH45657 @jjverdi Ever hear of white people with money fleeing blue states? You're too emotional and don't think these things through. But you'll feel the pain eventually. Someone's gotta pay for Ja'Vorius' Jordans and Carmelita's overfilled Costco cart. It's going to be you. Enjoy!!! https://t.co/zdD0IvM6qr,2046787662707576859,https://pbs.twimg.com/media/HGemiBaWAAATXq8.jpg,WilliamMcH45657,en,,0,1,0,https://x.com/undefined/status/2046787662707576859,119945976,
2046775498341245087,Wed Apr 22 03:06:20 +0000 2026,0,@archanaachu24 Blue,2046787660593996107,,archanaachu24,en,,0,0,0,https://x.com/undefined/status/2046787660593996107,1987930197082193920,
2046787656110288981,Wed Apr 22 03:06:19 +0000 2026,13,Ini mereka nyanyi lirik Wassup Acai TNT sama Blue Lips? https://t.co/PelOu9BwJj,2046787656110288981,https://pbs.twimg.com/amplify_video_thumb/2046787559137886208/img/SZ1KSpruMRjvzyAL.jpg,,in,,0,1,1,https://x.com/undefined/status/2046787656110288981,773431799217283072,
2046715206231843009,Wed Apr 22 03:06:18 +0000 2026,0,@achaoss_ Bcoz you don't have a blue badge. I heard this if you don't have a blue badge X allow you only 2000 kbps 30 fps and maximum 1280x720. Unless your vid will re-compress like Hildibrand to Brandihild.,2046787653459492896,,achaoss_,en,,0,0,0,https://x.com/undefined/status/2046787653459492896,988177692150321152,
2046787628419227734,Wed Apr 22 03:06:12 +0000 2026,0,MEU DEUS BLUE LIPS VAI SER LENTA???????,2046787628419227734,,,pt,,0,0,0,https://x.com/undefined/status/2046787628419227734,1849130220982353921,
2046787624179048743,Wed Apr 22 03:06:11 +0000 2026,0,啊哈? ⎐كُود⎐⎐نون⎐ ⊵NKW⊴ ⎐ريفا_⎐ ⊵W87⊴ ⎐ماكـس⎐فاشون⎐ ⊴HH5⊴ ⎐كؤِبُون⎐Natural Blue ^^ ⎐خـِصم⎐G7Mx4EU3LM8p https://t.co/OtYnKZSii6,2046787624179048743,https://pbs.twimg.com/media/HGemfZrbYAAaKmC.jpg,,ar,,0,0,0,https://x.com/undefined/status/2046787624179048743,461144355,
2046787620827799637,Wed Apr 22 03:06:10 +0000 2026,0,＼＼10日後／／ 5月2日(土)幡ヶ谷CLUB HEAVY SICK 「Red Hot &amp; Blue Rumble」 OPEN 18:00 / START 18:30 ADV ¥2 600+1drink / DOOR ¥3 000+1drink ハリケーン︎スミス（21:00〜） The Memphis Bell COLD SWEAT JAPAN Katsumi &amp; The Thursday Nights https://t.co/eeTUJlqnXR,2046787620827799637,https://pbs.twimg.com/media/HGemfcFawAAy2X2.jpg,,ja,,0,0,1,https://x.com/undefined/status/2046787620827799637,1364342455,
2046752999528136955,Wed Apr 22 03:06:07 +0000 2026,0,@Raidertilldeath @Irish28494 @kate_p45 @GOP The red states have been done nothing but push the country off a cliff. Blue states provide the tax dollars to help red states and what do you do? Try to dictate policy to rule over us. Send your thugs to try to destroy our communities. We are tired of ur rightwing BS,2046787608211247177,,Raidertilldeath,en,,0,0,0,https://x.com/undefined/status/2046787608211247177,1715250301706362880,
2046787607149904175,Wed Apr 22 03:06:07 +0000 2026,0,Final Score Hawks: 2 Blue Crabs: 12,2046787607149904175,,,en,,0,0,0,https://x.com/undefined/status/2046787607149904175,1453415736962162690,
2046787601013895491,Wed Apr 22 03:06:06 +0000 2026,0,Fleet? ⎐كُود⎐⎐نمشي⎐ ⊵RD12⊴ ⎐مفارش▬الحبيب⎐ ⊵FF35⊴ ⎐فاشون▬اس▬اي⎐ ⊵QS⊴ ⎐كؤِبُون⎐Warm Blue ^^ ⎐خـِصم⎐GLCBlK3Tty7il https://t.co/1Sh5UKZlFv,2046787601013895491,https://pbs.twimg.com/media/HGemeB8akAA8d5W.jpg,,und,,0,0,0,https://x.com/undefined/status/2046787601013895491,1473701698417926153,
2046787600942531044,Wed Apr 22 03:06:06 +0000 2026,0,what if... Heeseung and his blue hair today? /manifesting ️,2046787600942531044,,,en,,0,0,0,https://x.com/undefined/status/2046787600942531044,1739943616922165248,
2046787588535828935,Wed Apr 22 03:06:03 +0000 2026,0,bonjour? ⎐كُود⎐⎐نمشي⎐ ⊵MFM3⊴ ⎐ديفاكتو▬defacto▬ ⊵DC10⊴ ⎐دبدوب⎐ ⊵A5⊴ ⎐كؤِبُون⎐Stone Blue ^^ ⎐خـِصم⎐nXaYmeIpjrWb https://t.co/MrR1fp6fGR,2046787588535828935,https://pbs.twimg.com/media/HGemdTdaUAAswak.jpg,,und,,0,0,0,https://x.com/undefined/status/2046787588535828935,473106252,
2046787577441841486,Wed Apr 22 03:06:00 +0000 2026,0,The Ateneo Blue Eagles absorb their seventh loss of Season 88 after falling to the top-seeded FEU Tamaraws 1-3 #AteneoVolleyball #OneBigFight #UAAPSeason88 https://t.co/lqGLhYzJHV,2046787577441841486,https://pbs.twimg.com/media/HGemc5sbIAE0FR-.jpg,,en,,1,0,1,https://x.com/undefined/status/2046787577441841486,61192003,
2046787568784867467,Wed Apr 22 03:05:58 +0000 2026,1,Just so you understand why every state is going to be blue in the next 10 years even though Democrats have the lowest approval rating in the history of voting in America.... Spoiler alert:,2046787568784867467,,,en,,0,0,0,https://x.com/undefined/status/2046787568784867467,1454558253879214082,
2046719203093221519,Wed Apr 22 03:05:58 +0000 2026,0,Okay I have results with blue Asa! It seems 2mm/s with 30% power gets the whitest results. Gonna try with 20% at 2mm/s but there s usable results with others if I wanted it to be black https://t.co/O1F5FlySde,2046787567366832588,https://pbs.twimg.com/media/HGemcZkXEAAt68J.jpg,crazybirdredux,en,,0,0,0,https://x.com/undefined/status/2046787567366832588,1792330644778827776,
2046680486676955338,Wed Apr 22 03:05:58 +0000 2026,0,@jakeskorheim @jasonrantz Stop voting blue. Democrats caused all of this and much more.,2046787567262355896,,jakeskorheim,en,,0,0,0,https://x.com/undefined/status/2046787567262355896,1594374767423152128,
2046787557661552664,Wed Apr 22 03:05:55 +0000 2026,0,ohmy? ⎐كُود⎐⎐تُيموُ⎐ ⊵TEM73⊴ ▬اتش▬اند▬ام▬H&amp;M ⎐AGXQ⎐ ▬اندر▬ارمور▬ارمر▬ ⎐EB52⎐ ⎐كؤِبُون⎐Velvet Blue ^^ ⎐خـِصم⎐mr8QYCPMjNuX https://t.co/JBEj81MIN7,2046787557661552664,https://pbs.twimg.com/media/HGembfQa0AAbAxM.jpg,,und,,0,0,0,https://x.com/undefined/status/2046787557661552664,540526362,
2046667061061923063,Wed Apr 22 03:05:55 +0000 2026,0,@nameredactedx2 @notcapnamerica You buy a blue check mark and get little engagement. It is the mark of a Moron.,2046787556939813351,,nameredactedx2,en,,0,0,0,https://x.com/undefined/status/2046787556939813351,1623040114644422672,
2046754734724243856,Wed Apr 22 03:05:55 +0000 2026,0,@GuntherEagleman Blue wave bitch! https://t.co/Lr4SLQe70T,2046787556147097712,https://pbs.twimg.com/tweet_video_thumb/HGembrTW0AAphhH.jpg,GuntherEagleman,en,,0,0,0,https://x.com/undefined/status/2046787556147097712,1707810676683558912,
2046787554188710249,Wed Apr 22 03:05:55 +0000 2026,0,AVAILABLE TO SALE- UPICK Available 95 000 10 000 - $1 (16K IDR) Payment : QRIS / PayPal / Wise DM to buy/reservation wts wtb sell sale jual beli vote kpop upick blue jams best position dancer vote april kpop artist rookie artist boy girl best idol chemistry best,2046787554188710249,,,en,,0,0,0,https://x.com/undefined/status/2046787554188710249,1832021823124656128,
2046787540603080763,Wed Apr 22 03:05:51 +0000 2026,0,Now why did he say that about you Rick? It would be kinda weird to just say that out of the blue did he give a reason?,2046787540603080763,,,en,,0,1,0,https://x.com/undefined/status/2046787540603080763,3622013602,
2046767511467676007,Wed Apr 22 03:05:51 +0000 2026,1,@Spencer83000257 @JustinUSA @GlennYoungkin Trump flipped 10 Texas counties from blue to Red in the last election. Go pound salt. (Or Harry Sisson.),2046787539038540259,,Spencer83000257,en,,0,0,0,https://x.com/undefined/status/2046787539038540259,79056597,
2046787533858857236,Wed Apr 22 03:05:50 +0000 2026,98,오 멤버들이 그린그린 수록곡들 한소절씩 스포함 건호 - Wassup 성현 - ACAI 제임스 - TNT 마틴 - Blue Lips 인듯!! https://t.co/qRafNhslrW,2046787533858857236,https://pbs.twimg.com/amplify_video_thumb/2046787451264630785/img/uNBtJ-WxSMR1ZXyb.jpg,,ko,,5,0,22,https://x.com/undefined/status/2046787533858857236,1909156926577090560,
2046779733732470948,Wed Apr 22 03:05:48 +0000 2026,0,@PocketVolcano @LaynieLuck Yesss hers is primarily blue and mine is primarily purple but made from the same material ,2046787528133333078,,PocketVolcano,en,,0,1,0,https://x.com/undefined/status/2046787528133333078,167246977,
2046759312396087371,Wed Apr 22 03:05:48 +0000 2026,3,@FloydBigger @Cjpearson @RealHickory Time for you to put on grown up pants and stop receiving your bailmoney that all comes from blue states we welcome your suggestion.,2046787525218635878,,FloydBigger,en,,0,0,0,https://x.com/undefined/status/2046787525218635878,84790313,
2046764185363808480,Wed Apr 22 03:05:47 +0000 2026,0,@Cernovich I can't decide why it is that once an area goes blue they never come back. I can only assume the fraud and corruption prevents back-swing.,2046787520579391542,,Cernovich,en,,0,0,0,https://x.com/undefined/status/2046787520579391542,934256803176681472,
2046787519728021827,Wed Apr 22 03:05:46 +0000 2026,0,Giovedì 23 aprile ai Musei Civici Santa Caterina conferenza con amministratori e terzo settore: reti formazione e premio Blue Stars . #Veneto #Treviso #Cronaca #Cultura https://t.co/wN3Gqda7BG,2046787519728021827,,,it,,0,0,0,https://x.com/undefined/status/2046787519728021827,1459482373230374912,
2046667061061923063,Wed Apr 22 03:05:46 +0000 2026,0,@jason_burns @notcapnamerica You buy a blue check mark and get little engagement. It is the mark of a Moron.,2046787518209691690,,jason_burns,en,,0,0,0,https://x.com/undefined/status/2046787518209691690,1623040114644422672,
2046787510265917458,Wed Apr 22 03:05:44 +0000 2026,0,Check out 'NANDITA IN NAVY BLUE' available at RM230 on #Carousell https://t.co/WlFs53raoN,2046787510265917458,,,en,,0,0,0,https://x.com/undefined/status/2046787510265917458,1796726500227686400,
2046787510102073676,Wed Apr 22 03:05:44 +0000 2026,6,Sophy Romvari s BLUE HERON flattened me. And in profound tears it inexplicably surfaced my deep reserves of love and empathy for young Tomris. Gorgeous.,2046787510102073676,,,en,,1,0,0,https://x.com/undefined/status/2046787510102073676,80333792,
2046691213684691065,Wed Apr 22 03:05:44 +0000 2026,0,@michaleen @PatrickRuffini @tedcruz You may be unaware? of the extensive history of very strange gerrymandering in a number of blue states.,2046787508500050065,,michaleen,en,,0,0,0,https://x.com/undefined/status/2046787508500050065,1909993458066214912,
2046670171197120987,Wed Apr 22 03:05:44 +0000 2026,0,@Pr0sttti0nWh0re blue and red ️ ocean and peach clams and peaches!,2046787508155896100,,Pr0sttti0nWh0re,en,,0,0,0,https://x.com/undefined/status/2046787508155896100,1888672956177338368,
2046787496386924597,Wed Apr 22 03:05:41 +0000 2026,0,охох? ⎐كُود⎐⎐نمشي⎐ ⊵MFM3⊴ ⎐وايتس▬صيدليات▬ويت⎐ ⎐TT9⎐ ▬صيدلية▬النهدي⎐ ⎐NJ5Q⎐ ⎐كؤِبُون⎐Vintage Blue ^^^^ ⎐خـِصم⎐zfZBOfaXLvJI https://t.co/0QePE9ZFY1,2046787496386924597,https://pbs.twimg.com/media/HGemX6YbAAErYWJ.jpg,,und,,0,0,0,https://x.com/undefined/status/2046787496386924597,619660530,
2046787490883788983,Wed Apr 22 03:05:39 +0000 2026,2,this might come as a shock to all of you but i want to be honest. i've decided to no longer be a pervert. whenever i get the urge to masturbate to gmg porn i'm going to channel it into pixel art of blue paradise maet in tomodachi life. thank you to everyone who followed me so far https://t.co/zagVpguKUj,2046787490883788983,https://pbs.twimg.com/media/HGemXIRWUAAPQUm.jpg,,en,,0,2,0,https://x.com/undefined/status/2046787490883788983,1956948295743397888,
2046744750665969808,Wed Apr 22 03:05:39 +0000 2026,0,@mschlapp Just a thought but now that rural red is mixed in with the looney blue don't our votes dilute their blue ‍️ maybe some of that red needs to move into the blue and dilute it even more,2046787488484577615,,mschlapp,en,,0,0,0,https://x.com/undefined/status/2046787488484577615,1860680551910289408,
2046670141060980849,Wed Apr 22 03:05:38 +0000 2026,0,@gabiiiandreaaa BLEED BLUE,2046787484638748682,,gabiiiandreaaa,en,,0,0,0,https://x.com/undefined/status/2046787484638748682,1998673654218108930,
2046582887902785632,Wed Apr 22 03:05:38 +0000 2026,0,@Anna_xb2 Yogi Smokey Bear in the Big Blue House?,2046787483002704179,,Anna_xb2,en,,0,0,0,https://x.com/undefined/status/2046787483002704179,53487012,
2046484344399684041,Wed Apr 22 03:05:36 +0000 2026,0,@BrilliantMaps It would better to try and connect blue by gerrymandering a bit more,2046787478238146609,,BrilliantMaps,en,,0,0,0,https://x.com/undefined/status/2046787478238146609,80622637,
2046787475415417074,Wed Apr 22 03:05:36 +0000 2026,11,ngl everyone talks about starship but blue needs their accelerated HLS ready for Artemis 3 too by mid-2027 or so,2046787475415417074,,,en,,0,2,0,https://x.com/undefined/status/2046787475415417074,1693021331665584129,
2046787452451610697,Wed Apr 22 03:05:30 +0000 2026,0,randomly watched perfect blue last night and im still thinking about it,2046787452451610697,,,en,,0,0,0,https://x.com/undefined/status/2046787452451610697,1989714077913063426,
2046787449725362601,Wed Apr 22 03:05:30 +0000 2026,0,what s the vibe - Cardinals Aries - Cancer - Libra - Capricorn Relevance: Fire + Water Signs - blue jean jacket - street lights - 21 - wine - sea turtles - red shirt/blue pants - brown teddy bear - 27 - memories comfort us - March - 17 - dog eating trash - crying outside a,2046787449725362601,,,en,,0,1,0,https://x.com/undefined/status/2046787449725362601,1450700908187193345,
2046768684849320271,Wed Apr 22 03:05:28 +0000 2026,0,@IngrahamAngle You mean the new Texas - just blue instead of red - right??,2046787441559056460,,IngrahamAngle,en,,0,0,0,https://x.com/undefined/status/2046787441559056460,837960361,
2046690916572770387,Wed Apr 22 03:05:27 +0000 2026,0,@Beyz1313 @harrisonjaime This is why the DNC is irrelevant. Folks are not as dumb as you are. I used to always vote Blue. Not anymore. DNC turned out to be such a disappointment.,2046787439835124213,,Beyz1313,en,,0,0,0,https://x.com/undefined/status/2046787439835124213,1531888025323442177,
2046638924060315766,Wed Apr 22 03:05:27 +0000 2026,1,@TopkenWho @9truths_1lie @WarRoomArchives Telling someone to die over a blue checkmark is retard behavior Especially considering it's basically just twitter's version of discord nitro,2046787438350143935,,TopkenWho,en,,0,1,0,https://x.com/undefined/status/2046787438350143935,1896303448204664832,
2046787437926756760,Wed Apr 22 03:05:27 +0000 2026,5,Where is this blue tile floor? https://t.co/VZjF7UO6ur,2046787437926756760,https://pbs.twimg.com/media/HGemJNkaQAAWXGi.jpg,,en,,0,2,1,https://x.com/undefined/status/2046787437926756760,858148073486155776,
2046758295411515489,Wed Apr 22 03:05:26 +0000 2026,0,@SawyerMerritt @Tesla Just hit their India website. Ultra red Glacier Blue or Cosmic Silver?,2046787433564651780,,SawyerMerritt,en,,0,0,0,https://x.com/undefined/status/2046787433564651780,17667952,
2046787430078894437,Wed Apr 22 03:05:25 +0000 2026,1,oh neat. the guy in blue says I'm really stuck that's indeed true. (‍),2046787430078894437,,,en,,1,1,0,https://x.com/undefined/status/2046787430078894437,1348086731724230656,
2046787429747871968,Wed Apr 22 03:05:25 +0000 2026,0,namaskaram? ⎐كُود⎐⎐ايهرب⎐ايهيرب اهرب ⊵IQH8946⊴ ⎐تريندول⎐ ⊵OMM⊴ ⎐ترندول⎐ ⊵OMM⊴ ⎐كؤِبُون⎐Light Blue ^^^^ ⎐خـِصم⎐7grU68VtyNx09 https://t.co/yiTkdRAmWs,2046787429747871968,https://pbs.twimg.com/media/HGemT_6bwAEKbfb.jpg,,und,,0,0,0,https://x.com/undefined/status/2046787429747871968,452633437,
2046787429617533321,Wed Apr 22 03:05:25 +0000 2026,0,oops? ⎐كُود⎐⎐نون⎐ ⊵KW44⊴ ⎐ذي▬بيوتي▬سيكرتس⎐ ⊴D37⊴ ⎐الدخيل▬للعود⎐ ⊵BS26⊴ ⎐كؤِبُون⎐Velvet Blue ^^^ ⎐خـِصم⎐0m1BPRvEz2Q8 https://t.co/VeCQFRb1Rn,2046787429617533321,https://pbs.twimg.com/media/HGemUTpWwAAaZmb.jpg,,ar,,0,0,0,https://x.com/undefined/status/2046787429617533321,1977023390944051202,
2046787425553285262,Wed Apr 22 03:05:24 +0000 2026,0,hyvääpäivää? ⎐كُود⎐⎐نون⎐ ⊵KW44⊴ ▬بلوار▬ ⎐BF46⎐ ▬سكوات▬وولف▬ ⎐R79⎐ ⎐كؤِبُون⎐Sun Blue ^^^^ ⎐خـِصم⎐pA0pkivPhMBR https://t.co/9WNdBjOErt,2046787425553285262,https://pbs.twimg.com/media/HGemUDoXMAA4Lig.jpg,,und,,0,0,0,https://x.com/undefined/status/2046787425553285262,1941856730477899776,
2046652238551302359,Wed Apr 22 03:05:23 +0000 2026,0,@RoadsOfMumbai No they would have beaten him black &amp; blue..,2046787421346603327,,RoadsOfMumbai,en,,0,0,0,https://x.com/undefined/status/2046787421346603327,1384787917684449280,
2046769469125497053,Wed Apr 22 03:05:22 +0000 2026,0,@Yesavage39 @DavidNage @Twins Blue jays fan hating on the Mets https://t.co/A0QHfa0Qmz,2046787419018563632,https://pbs.twimg.com/tweet_video_thumb/HGemTt8XQAATNVi.jpg,Yesavage39,en,,0,0,0,https://x.com/undefined/status/2046787419018563632,1435742871043330059,
2046718294091043100,Wed Apr 22 03:05:20 +0000 2026,0,@JessaVallee Blue,2046787410856399027,,JessaVallee,en,,0,0,0,https://x.com/undefined/status/2046787410856399027,1820878240527085569,
2046786323642528154,Wed Apr 22 03:05:19 +0000 2026,1,@RyB_311 STRAIGHT BULLSHIT HE DOES TS SOMEHOW ONCE INNA BLUE MOON,2046787403147260024,,RyB_311,en,,0,0,0,https://x.com/undefined/status/2046787403147260024,1427741195896229893,
2046787400722989427,Wed Apr 22 03:05:18 +0000 2026,0,My fam side that is the bloodline of Jesus no one has natural curly hair all of jfk fam had straight blond and red hair blue eyes,2046787400722989427,,,en,,0,0,0,https://x.com/undefined/status/2046787400722989427,1903663292658147329,
2046787400379355533,Wed Apr 22 03:05:18 +0000 2026,0,HILLGA 7-Piece Luxury Patio Furniture Set with 6 Thick Cushions Weather-Resistant Wicker High Back Swivel Rocker Chairs Senior-Friendly Outdoor Sofa Set for Large Deck Yard and Poolside Blue(V2) (-20% $1 535.18) https://t.co/rnUMfk701T,2046787400379355533,,,en,,0,0,0,https://x.com/undefined/status/2046787400379355533,1217580161274544128,
2046765117363368428,Wed Apr 22 03:05:16 +0000 2026,0,@Cernovich @tylerbowyer @NASCAR fans need to boycott @RichmondRaceway and Virginia until this is reversed. Deprive blue state cheaters of revenues #BoycottBlueStates,2046787391159955903,,Cernovich,en,,0,0,0,https://x.com/undefined/status/2046787391159955903,1996450755746664448,
2046787390337896927,Wed Apr 22 03:05:15 +0000 2026,0,ㅤㅤㅤwhy do those two hate blue .. ?,2046787390337896927,,,en,,2,0,0,https://x.com/undefined/status/2046787390337896927,1165714238461087744,
2046787379441344914,Wed Apr 22 03:05:13 +0000 2026,0,Cringeworthy? ⎐كُود⎐⎐نون⎐ ⊵NKW⊴ ⎐ناتشورال ⊴تاتش⎐ ⊵C49⊴ ⎐عدسات▬اىـوا⎐ ⊵WA741⊴ ⎐كؤِبُون⎐Shadow Blue ^^^ ⎐خـِصم⎐Bd602iNbSDCd https://t.co/Wo5jC7Ngj0,2046787379441344914,https://pbs.twimg.com/media/HGemRBFbkAA8zU6.jpg,,und,,0,0,0,https://x.com/undefined/status/2046787379441344914,298667256,
2046753303544086539,Wed Apr 22 03:05:10 +0000 2026,0,@MickamiousG Only because the Jews want you to think it s blue,2046787366929740029,,MickamiousG,en,,0,0,0,https://x.com/undefined/status/2046787366929740029,1965627198158897154,
2046787366111560112,Wed Apr 22 03:05:10 +0000 2026,1,My outfits are usually quite simple a pastel pink or purple long sleeve shirt (habit burned into my consciousness from my sh days) with a dark blue or black jeans and white shoes. Its basic bitch yes but it allows me to be slightly fem in public even if it's only the,2046787366111560112,,,en,,0,1,0,https://x.com/undefined/status/2046787366111560112,1312430261141864460,
2046765117363368428,Wed Apr 22 03:05:08 +0000 2026,1,@letha_jeffers @Cernovich Trump didn t start this. 7 out of the 10 most gerrymandered states are blue states. DemocRATS have been rigging state maps for a long time.,2046787359622963358,,letha_jeffers,en,,0,0,0,https://x.com/undefined/status/2046787359622963358,1602472324724391938,
2046770966685163989,Wed Apr 22 03:05:07 +0000 2026,0,@aravind @narendramodi @aravind Initially you started with Blue then you moved towards Saffron. Any reason or any vision?,2046787356368486501,,aravind,en,,0,0,0,https://x.com/undefined/status/2046787356368486501,134072309,
2046782519870181840,Wed Apr 22 03:05:04 +0000 2026,0,@scottlincicome Scott went blue.,2046787340295610475,,scottlincicome,en,,0,0,0,https://x.com/undefined/status/2046787340295610475,1559457616945991683,
2046707017343971355,Wed Apr 22 03:05:03 +0000 2026,0,@atrupar Act blue up on deck next and then election fraud followed by the grand conspiracy. Thank God Almighty this country will be free at last.,2046787339498778937,,atrupar,en,,0,0,0,https://x.com/undefined/status/2046787339498778937,2010225932074733568,
2046787326119117266,Wed Apr 22 03:05:00 +0000 2026,33,／ 月間ぷちくろグッズ 蔵出し販売決定 ＼ 月間ぷちくろグッズの第1弾、第2弾が 公式ECショップ「viviONBLUE」にて 【4月27日12時】から蔵出し販売開始 数に限りがございますのでお買い求めの方はお早めに！ viviON BLUE https://t.co/RolX93ZbgM https://t.co/VunNlMbYNY,2046787326119117266,https://pbs.twimg.com/media/HGeaf7dbEAAA0r_.jpg,,ja,,3,0,18,https://x.com/undefined/status/2046787326119117266,1324273164059172866,
2046780261812048192,Wed Apr 22 03:05:00 +0000 2026,0,@massinhapleidou blue wind mentioned mas a que custo,2046787325493993666,,massinhapleidou,en,,0,1,0,https://x.com/undefined/status/2046787325493993666,1821660405246152705,
2046787325473239404,Wed Apr 22 03:05:00 +0000 2026,115,『BLUELIGHT SERIES 2026 Supported by nojima』 イベントスケジュールを「BAYSTARS STAR GUIDE」で公開中 試合の見どころは、試合開始3〜4時間前に更新予定 アプリをダウンロードしてチェックしてみてください ダウンロードはこちら https://t.co/nTAXf14zum #ブルーライト #starguide https://t.co/PmqVgHawJZ,2046787325473239404,https://pbs.twimg.com/amplify_video_thumb/2046569203042557952/img/6Ocxvipq1BDnxvfZ.jpg,,ja,,0,0,11,https://x.com/undefined/status/2046787325473239404,1008361427470438401,
2046787324902588811,Wed Apr 22 03:05:00 +0000 2026,0,【MAD】 Imitation of the blue sky/仿青空 (by Una-Atadura) source: Irotoridori no Sekai いろとりどりのセカイ (visual novel by FAVORITE English by NekoNyan) https://t.co/WBC5bmLSd8,2046787324902588811,,,ja,,0,0,0,https://x.com/undefined/status/2046787324902588811,3013048574,
2046777337958830330,Wed Apr 22 03:05:00 +0000 2026,1,@damn_suvi How would you convince a blue whale for that,2046787324869255541,,damn_suvi,en,,0,1,0,https://x.com/undefined/status/2046787324869255541,1572081935740207104,
2046787322675675530,Wed Apr 22 03:04:59 +0000 2026,0,Blue squa the iconic bingo piece in Universe League if U know U know ,2046787322675675530,,,en,,0,0,0,https://x.com/undefined/status/2046787322675675530,1986032263788912641,
2046787322172117390,Wed Apr 22 03:04:59 +0000 2026,0,السلامعليكم? ⎐كُود⎐⎐نمشي⎐ ⊵MFM2⊴ ▬اتش▬اند▬ام▬H&amp;M ⎐AGXQ⎐ ▬اندر▬ارمور▬ارمر▬ ⎐EB52⎐ ⎐كؤِبُون⎐Rich Blue ^^^ ⎐خـِصم⎐x8Tm80h3r0eY https://t.co/HDBlv5OnTH,2046787322172117390,https://pbs.twimg.com/media/HGemNsvWEAAFJ7o.jpg,,ar,,0,0,0,https://x.com/undefined/status/2046787322172117390,1352642371654217734,
2046757786755686650,Wed Apr 22 03:04:58 +0000 2026,0,@Dukeblogger Good job with what? Dems now have a 10-1 advantage in a state that is 51% blue ,2046787318686900325,,Dukeblogger,en,,0,0,0,https://x.com/undefined/status/2046787318686900325,1726669020051496960,
2046758255624368471,Wed Apr 22 03:04:58 +0000 2026,4,@MistyJernigan17 @JakeSherman You can only distribute the blue voters but so far before the districts all become vulnerable to even a tiny blue wave.,2046787317566705963,,MistyJernigan17,en,,0,0,0,https://x.com/undefined/status/2046787317566705963,78397428,
2046787311140995490,Wed Apr 22 03:04:57 +0000 2026,0,Harvesting Blueberries The berries are a deep shade of blue,2046787311140995490,,,en,,0,0,0,https://x.com/undefined/status/2046787311140995490,1602273145200807937,
2046787310641918197,Wed Apr 22 03:04:56 +0000 2026,1,Who gives a fuck? The law is what Team Blue can get Judge Glub Shitto from Tatooine to sign off on. There's no actual justice involved anymore.,2046787310641918197,,,en,,0,0,1,https://x.com/undefined/status/2046787310641918197,556304653,
2045932944477376974,Wed Apr 22 03:04:56 +0000 2026,0,@Herslays_ @youuuu1993 Yes baby eggs blue sexy beauty kiss hugs my love,2046787307726881004,,Herslays_,en,,0,0,0,https://x.com/undefined/status/2046787307726881004,1519776816952750083,
2046766694450798976,Wed Apr 22 03:04:56 +0000 2026,1,@FmrRepMTG It was 51/49 lol turning blue !!! You probably swallowed Joe Biden and now our just retarded from it !!!!,2046787307022204964,,FmrRepMTG,en,,0,0,0,https://x.com/undefined/status/2046787307022204964,1578199827753668610,
2046787295823499620,Wed Apr 22 03:04:53 +0000 2026,0,ohsa? ⎐كُود⎐⎐نون⎐ ⊵KW44⊴ ▬المطار▬ ⊵M1⊴ ⎐عطور▬جراس▬غراس▬قراس⎐ ⎐RR3⊴ ⎐كؤِبُون⎐Cool Blue ^^^ ⎐خـِصم⎐vO4ptyYFAjrr6 https://t.co/cW5PMDIQSk,2046787295823499620,https://pbs.twimg.com/media/HGemMW6WsAA1MZH.jpg,,und,,0,0,0,https://x.com/undefined/status/2046787295823499620,1392247883609563141,
2046747819789496402,Wed Apr 22 03:04:52 +0000 2026,2,@dusty1971 @DriveGreen80167 The blue ones aren t headlights those are ADAS indicators showing that the FSD*-like system is active. (*supervised),2046787293546258569,,dusty1971,en,,0,0,0,https://x.com/undefined/status/2046787293546258569,1349184066046676992,
2046667697291776328,Wed Apr 22 03:04:50 +0000 2026,0,@shouq_al90149 2020 Velocity Blue GT500 with white stripes Recaro seats and a fiberglass dash.,2046787285316768088,,shouq_al90149,en,,0,0,0,https://x.com/undefined/status/2046787285316768088,49994526,
2046546622071378352,Wed Apr 22 03:04:49 +0000 2026,0,@jbm32753 @Souli_Bird @silvesus @marynlm @DebbieDem3 @MarthaKoester @CheperkaKathy @MichaelFrankie6 @GeorgeLerofim @petunia_wild @KansasResisters @PaulDereume @HayHayneil @4thDimension111 Thanks so much for including me here Jonathan I appreciate all you do to connect and unite the Blue community Followed 1 new and Retweeted 🇺🇲️️ #StrongerTogether #ResistanceUnited https://t.co/bLzR2R4v33,2046787278735831222,https://pbs.twimg.com/media/HGemLvMXYAACZJQ.jpg,jbm32753,en,,0,0,1,https://x.com/undefined/status/2046787278735831222,767490306279370752,
2046720706013024378,Wed Apr 22 03:04:49 +0000 2026,0,@ScottJenningsKY Sometimes pink sometimes blue https://t.co/7ogHIMxjsh https://t.co/zzUnyAc6UR,2046787277893042591,https://pbs.twimg.com/media/HGemDjCacAAecCi.jpg,ScottJenningsKY,en,,0,0,0,https://x.com/undefined/status/2046787277893042591,1956789679732498432,
2046787274780602404,Wed Apr 22 03:04:48 +0000 2026,0,WE BACK IN BLUE MOTHA FUCKERS https://t.co/E99fA7r7vz,2046787274780602404,https://pbs.twimg.com/media/HGemLiiXsAEY0NY.jpg,,en,,0,0,0,https://x.com/undefined/status/2046787274780602404,1797809561367105536,
2046595033130778940,Wed Apr 22 03:04:48 +0000 2026,0,@DrNeilStone Im sure blue babies feel a bit differently. Good grief.,2046787274763825394,,DrNeilStone,en,,0,0,0,https://x.com/undefined/status/2046787274763825394,3439396210,
2046754814197895313,Wed Apr 22 03:04:47 +0000 2026,0,@mmpadellan Wow what a blow out. Talk about barely? Did all you democrats speak? That has to be a mandate with such a minor win. Yeah I would be spiking the football with this too. A real blue ripple.,2046787272939336190,,mmpadellan,en,,0,0,0,https://x.com/undefined/status/2046787272939336190,493094268,
2046758556666376491,Wed Apr 22 03:04:46 +0000 2026,2,@Norafox801 For some reason Kalshi betters have it under a 90% chance to go Republican so I thought it d be funny to make it blue,2046787266945679784,,Norafox801,en,,0,1,0,https://x.com/undefined/status/2046787266945679784,1762239343555461120,
2046787266476232809,Wed Apr 22 03:04:46 +0000 2026,0,Beijing one-day tour! 🇨🇳 Mutianyu Great Wall + Summer Palace with Zanbus Depart 7:30 AM 4H Great Wall adventure 3H Summer Palace + boat ride End at Bird s Nest Blue-vest guides ready for you! Tag your travel buddy #china #greatwall #beijing #beijingtravel #trip https://t.co/obJN46ZlaG,2046787266476232809,https://pbs.twimg.com/amplify_video_thumb/2046787049714544640/img/4bIOonKW3Sp-QSo9.jpg,,en,,0,0,0,https://x.com/undefined/status/2046787266476232809,1991400784463032320,
2046778523969626449,Wed Apr 22 03:04:42 +0000 2026,0,@JesseGranger_ Icing behind the blue line should b delay of game 2 min penalty,2046787251573829657,,JesseGranger_,en,,0,0,0,https://x.com/undefined/status/2046787251573829657,799544354,
2046787243759812805,Wed Apr 22 03:04:41 +0000 2026,0,Adjoining? ⎐كُود⎐⎐نمشي⎐ ⊵RD13⊴ ⎐ماماز▬اند▬باباز⎐ ⊵A888⊴ ▬جىني⎐ ⊵AAK1⊵ ⎐كؤِبُون⎐Soft Blue ^^^ ⎐خـِصم⎐5FOAWinkzj5w https://t.co/bI71yGitW3,2046787243759812805,https://pbs.twimg.com/media/HGemJP-bYAA9m4W.jpg,,und,,0,0,0,https://x.com/undefined/status/2046787243759812805,1326557104031805441,
2046777337958830330,Wed Apr 22 03:04:40 +0000 2026,1,@damn_suvi Blue whale ko convince krlo pahle,2046787242543526035,,damn_suvi,cs,,0,1,0,https://x.com/undefined/status/2046787242543526035,2013262963457884160,
2046786742561264006,Wed Apr 22 03:04:35 +0000 2026,0,@colorblindk1d The smart thing would have been to get together with other blue states and each steal a seat or too.,2046787221429096826,,colorblindk1d,en,,0,0,0,https://x.com/undefined/status/2046787221429096826,761759086920597504,
2046787215523528875,Wed Apr 22 03:04:34 +0000 2026,0,From the MoMA Design Store (online) I ve received my order: 1) MoMA Nike Everyday Socks - Signal Blue 2) Artist Playing Cards - Henri Matisse and 3) Claude Monet: Agapanthus Magnet. https://t.co/gHbJRDIrl7,2046787215523528875,https://pbs.twimg.com/media/HGemH7bXQAARmr3.jpg,,en,,0,0,0,https://x.com/undefined/status/2046787215523528875,2495483057,
2046747459775598839,Wed Apr 22 03:04:33 +0000 2026,0,@SSSOCACO @bhessvcu @EricLDaugh @paratroopbrady You should dedicate yourself to trying to learn some things. Maybe start with how to read. I recommend One Fish Two Fish Red Fish Blue Fish for your apparent intelligence level.,2046787213514391903,,SSSOCACO,en,,0,0,0,https://x.com/undefined/status/2046787213514391903,1100866552356921350,
2046787208883876090,Wed Apr 22 03:04:32 +0000 2026,0,Happy 57th birthday to Traci Paige Johnson! One of the creators of Blue's Clues Blue s Room and Blue s Clues &amp; You! and the voice of Blue on Blue s Clues and Blue's Clues &amp; You!. @TraciPJohnson https://t.co/KzzzKV9zz6,2046787208883876090,https://pbs.twimg.com/media/HGemHoKWIAEYzyP.jpg,,en,,0,0,0,https://x.com/undefined/status/2046787208883876090,852700469600407552,
2046757608980152757,Wed Apr 22 03:04:32 +0000 2026,0,@MonstersOfRock Union Union the Blue Room Motley Crue 1994,2046787206363431199,,MonstersOfRock,en,,0,0,0,https://x.com/undefined/status/2046787206363431199,962381071135453185,
2046211623531012237,Wed Apr 22 03:04:31 +0000 2026,0,@anoncomradee @Not_Fritz_ Yes he's an albino hispanic so he has blonde hair and blue eyes and he's 6'5 Here's what an albino Latino man looks like https://t.co/CiitI3QPxw,2046787202839929196,https://pbs.twimg.com/media/HGemD-UXkAADBDK.png,anoncomradee,en,,0,0,0,https://x.com/undefined/status/2046787202839929196,1518721869712605185,
2046687172661543208,Wed Apr 22 03:04:31 +0000 2026,0,@KingGeorge @KingGeorge following all the sheep on twitter because his usual content is actual dogshit but he paid for that blue tick so now he needs to feel like he is worth shit when deep down inside we all know he hates himself.,2046787202571485432,,KingGeorge,en,,0,0,0,https://x.com/undefined/status/2046787202571485432,4895778045,
2046787169369411990,Wed Apr 22 03:04:23 +0000 2026,10,The state is done for. The last bastion of hope is the courts though I'm not putting much hope in them. This 'temporary' measure will not be temporary. Seeing a Purple state locked up as solid Blue for the foreseeable future is disheartening I hate what this state has become.,2046787169369411990,,,en,,0,0,0,https://x.com/undefined/status/2046787169369411990,1975696094236377088,
2046787156157608282,Wed Apr 22 03:04:20 +0000 2026,0,California is sick of this! November be ready Republican Party or criminal behavior. Stop voting Blue.,2046787156157608282,,,en,,0,0,0,https://x.com/undefined/status/2046787156157608282,1694459554002546689,
2046770973131595905,Wed Apr 22 03:04:19 +0000 2026,0,@DavidJHarrisJr The morons are the ones that vote blue.,2046787155377234356,,DavidJHarrisJr,en,,0,0,0,https://x.com/undefined/status/2046787155377234356,1997487041018544128,
2046787145449578605,Wed Apr 22 03:04:17 +0000 2026,0,Former House Speaker Ferdinand Martin Romualdez nakapaglahad sana ukol sa umano y mastermind ng paglikot sa 2025 national budget kung humarap sa Senate Blue Ribbon Committee ayon kay Senate President Pro Tempore Panfilo Lacson. | via @nimfaravelo https://t.co/nacgMOmo6G,2046787145449578605,https://pbs.twimg.com/amplify_video_thumb/2046787079921868800/img/bKP5wGe3sLeHGepe.jpg,,tl,,0,0,0,https://x.com/undefined/status/2046787145449578605,461853598,
2043169839586369629,Wed Apr 22 03:04:15 +0000 2026,0,@lllBlanca Metalic blue?,2046787137715007835,,lllBlanca,en,,0,0,0,https://x.com/undefined/status/2046787137715007835,1889349979052929033,
2046424539047793022,Wed Apr 22 03:04:15 +0000 2026,2,@GrageDustin @Tim_Walz Wow lie much. Minnesota voted blue. Minnesota hasn't sided with Republicans since Nixon. https://t.co/llej5pGqhZ,2046787137232580772,https://pbs.twimg.com/tweet_video_thumb/HGemDSkWsAAju_q.jpg,GrageDustin,en,,0,0,0,https://x.com/undefined/status/2046787137232580772,65327428,
2046739702867542217,Wed Apr 22 03:04:12 +0000 2026,0,@LittleRascal_12 Yes. But I think one needs to apply. Hindi ko na inalam kung paano. Kaya makikita mo ang daming may blue check na kung ano-ano pakulo. Mga AI. Mga stupid posts. Wala silang pakialam kung magmukha silang tanga. All they need is that money. ,2046787123060289759,,LittleRascal_12,tl,,0,1,0,https://x.com/undefined/status/2046787123060289759,182722676,
2046661684673097976,Wed Apr 22 03:04:11 +0000 2026,1,@FatAmishDoinkss @the_okay_person @basimagriyoorr People keep providing lamp shades as if like it being a cinemaSins plot hole is why people don't like it it just doesn't have sauce and they never explore blue-collar lightning benders as an actual story so there's no benefit to the loss...,2046787119071572201,,FatAmishDoinkss,en,,0,0,0,https://x.com/undefined/status/2046787119071572201,2457894868,
2046787094362886199,Wed Apr 22 03:04:05 +0000 2026,0,Teenager? ⎐كُود⎐⎐نمشي⎐ ⊵MFM3⊴ ⎐سنبل⎐ ⊵D57⊴ ▬ايرالو⎐ ⊵OMG10⊵ ⎐كؤِبُون⎐Moon Blue ^^^^ ⎐خـِصم⎐MDClWA31gpDU https://t.co/c15oEOS187,2046787094362886199,https://pbs.twimg.com/media/HGemAX5aoAAcaTn.jpg,,und,,0,0,0,https://x.com/undefined/status/2046787094362886199,706403142364209152,
2046121695459823810,Wed Apr 22 03:04:03 +0000 2026,0,@purplewitchtt Blue but genuinely a hard ASF choice between ourple,2046787086628389230,,purplewitchtt,en,,0,0,0,https://x.com/undefined/status/2046787086628389230,2031644993627316225,
2046781697358811380,Wed Apr 22 03:04:02 +0000 2026,1,@AOC Good Luck XDXD We so sick of you blue people down here yall can go back to CA NY VA and stay blue up there XD,2046787082916340044,,AOC,en,,0,0,0,https://x.com/undefined/status/2046787082916340044,826714709890039808,
2046502204240957700,Wed Apr 22 03:04:01 +0000 2026,0,@Koa_edD Même pas de twitter blue,2046787077912580575,,Koa_edD,fr,,0,0,0,https://x.com/undefined/status/2046787077912580575,1701667075725402112,
2046685298965295328,Wed Apr 22 03:04:00 +0000 2026,1,@Ally_Sammarco Blue will be the end of everything,2046787072107880486,,Ally_Sammarco,en,,0,0,0,https://x.com/undefined/status/2046787072107880486,1664882684664119297,
2046605952921546872,Wed Apr 22 03:03:59 +0000 2026,0,@CollinsforTX So explain how red states leech off blue states if none of us work. Where is the federal tax money coming from?,2046787070039826629,,CollinsforTX,en,,0,0,0,https://x.com/undefined/status/2046787070039826629,252333797,
2046787069398163674,Wed Apr 22 03:03:59 +0000 2026,0,wow? ⎐كُود⎐⎐نمشي⎐ ⊵MFM3⊴ ⎐عطور▬رسيس⎐ ⊵AA51⊴ ⎐وفرها⎐ ⊵KK20⊴ ⎐كؤِبُون⎐Pure Blue ^^^ ⎐خـِصم⎐CIMMf6hZ6UlQ https://t.co/DFKoEPqsm2,2046787069398163674,https://pbs.twimg.com/media/HGel_OvXYAEbH7A.jpg,,und,,0,0,0,https://x.com/undefined/status/2046787069398163674,1237826071774597121,
2046787067871424719,Wed Apr 22 03:03:59 +0000 2026,0,pozdrav? ⎐كُود⎐⎐ترينديول⎐ ⊵OMM⊴ ⎐سنبل⎐ ⊵D57⊴ ▬ايرالو⎐ ⊵OMG10⊵ ⎐كؤِبُون⎐Neon Blue ^^ ⎐خـِصم⎐wbgveP6Is6rW https://t.co/Iv0kpQN8k6,2046787067871424719,https://pbs.twimg.com/media/HGel_G_W8AAlGJ4.jpg,,und,,0,0,0,https://x.com/undefined/status/2046787067871424719,1928191331454578688,
2046787066399477877,Wed Apr 22 03:03:58 +0000 2026,0,ㅤㅤ ︱ ㅤ 𝗔𝗧𝗘𝗟𝗜𝗘𝗥 𝗗'𝗩𝗘𝗥𝗔 ㅤㅤ South Jakarta. What a way to start the day by receiving flowers. To whoever sending these beautiful blue petals to our studio thank you so much! ㅤ ㅤ https://t.co/MBwM8Da50L,2046787066399477877,https://pbs.twimg.com/media/HGel_VVaQAAaidG.jpg,,en,,0,0,0,https://x.com/undefined/status/2046787066399477877,826588909320540160,
2046787054626062498,Wed Apr 22 03:03:55 +0000 2026,0,Kinuwestiyon ni Blue Ribbon Chairman Panfilo Ping Lacson si dating House Speaker Ferdinand Martin Romualdez sa hindi nito pagdalo noong Nobyembre noong nakaraang taon at Enero ngayong taon sa pagdinig ng Senado sa flood control scandal. Sinabi iyan ni Lacson matapos sabihin https://t.co/W3z5AHPawY,2046787054626062498,https://pbs.twimg.com/media/HGel7_ma8AA3dNa.jpg,,tl,,0,0,0,https://x.com/undefined/status/2046787054626062498,183127575,
2046405843613360539,Wed Apr 22 03:03:54 +0000 2026,0,@BlueVoyagerils Excited for the Shared Ocean Shanghai Forum 2026! Great to see experts discussing ocean security and a blue economy. Hope it's productive! ,2046787047868993736,,BlueVoyagerils,en,,0,0,0,https://x.com/undefined/status/2046787047868993736,1997977400286887936,
2046680729791213823,Wed Apr 22 03:03:53 +0000 2026,0,@SanzaTheFirst 'is it ethically correct to play blue?' Absolutely not,2046787046388232304,,SanzaTheFirst,en,,0,0,0,https://x.com/undefined/status/2046787046388232304,999849626172837888,
2046376484021973057,Wed Apr 22 03:03:53 +0000 2026,0,@elseagee @jmreycroft Feels good to see so much blue at all levels. ,2046787043540558222,,elseagee,en,,0,0,0,https://x.com/undefined/status/2046787043540558222,455990077,
2046735495758037307,Wed Apr 22 03:03:53 +0000 2026,0,@TurnSeattleRed @seattletimes so.. are you telling me you haven t heard trump say he wants to attack blue cities blue states and elitist colleges none of which happen to be like university of alabama or ohio state ?,2046787043020386377,,TurnSeattleRed,en,,0,0,0,https://x.com/undefined/status/2046787043020386377,2578062228,
2046762048315400320,Wed Apr 22 03:03:48 +0000 2026,0,@P_Christen1 @EndWokeness Stuffing infinity 3rd world biomass into republican states and turning them blue is perhaps what started this ,2046787025169494341,,P_Christen1,en,,0,0,0,https://x.com/undefined/status/2046787025169494341,1437930625520967684,
2046787023785304432,Wed Apr 22 03:03:48 +0000 2026,0,My Top 3 favourite features of VIVO T5 PRO are :- 1️⃣ QUALCOMM SNAPDRAGON 7s GEN 4 PROCESSOR 2️⃣ BIG 9020 mAh BATTERY90 WATT FAST CHARGING SUPPORT 3️⃣ IP68 &amp; IP69 RATING 4️⃣ TEAM GLACIER BLUE #winvivoT5Pro #GetSetTurbo #vivoSeriesT @stufflistings #Stufflistingsarmy,2046787023785304432,,,en,,0,0,0,https://x.com/undefined/status/2046787023785304432,1645351346739228673,
2046787023336554543,Wed Apr 22 03:03:48 +0000 2026,0,pourquoi? ⎐كُود⎐⎐تويو⎐ ⊵FF7⊴ ⎐ذي▬بيوتي▬سيكرتس⎐ ⊴D37⊴ ⎐الدخيل▬للعود⎐ ⊵BS26⊴ ⎐كؤِبُون⎐Moon Blue ^^^^ ⎐خـِصم⎐7a3mXEAFKzM9 https://t.co/hrBKQ38AMM,2046787023336554543,https://pbs.twimg.com/media/HGel791aEAAblqb.jpg,,und,,0,0,0,https://x.com/undefined/status/2046787023336554543,581542014,
2046787021424017600,Wed Apr 22 03:03:48 +0000 2026,0,Polsek Saipar Dolok Hole melaksanakan Patroli Blue Light pada malam hari sebagai upaya antisipasi gangguan Kamtibmas 3C dan kriminalitas di wilayah hukum setempat dengan hasil situasi di Kelurahan Pasar Sipagimbar hingga saat ini aman dan terkendali https://t.co/Ir1mNTW4AX,2046787021424017600,https://pbs.twimg.com/media/HGel6Z8boAA4XiG.jpg,,in,,0,0,0,https://x.com/undefined/status/2046787021424017600,1587031251159875584,
2046786074614067646,Wed Apr 22 03:03:47 +0000 2026,0,@DisneyPlusJP Pink- Bing Bong and Lotso Green- Pawbert Yellow- Pooh Blue- Sadness,2046787020391878666,,DisneyPlusJP,en,,0,0,0,https://x.com/undefined/status/2046787020391878666,2011973962738307072,
2046757096981479744,Wed Apr 22 03:03:45 +0000 2026,3,@toddstarnes Let me guess? Redraw with no vote right? Texas got no vote. Virginia voters got a choice. Dallas Houston and Austin are all blue Todd those 3 cities alone double Virginia s population. Imagine how we feel. ‍️,2046787012858978578,,toddstarnes,en,,0,0,0,https://x.com/undefined/status/2046787012858978578,496741621,
2046371651315720251,Wed Apr 22 03:03:45 +0000 2026,0,@ashlynnnskyyy Ashlynn the amazing but I can t stop looking at your blue eyes and then you know I always tell you how I can get lost in your eyes that vibe we have is still here!,2046787010828829157,,ashlynnnskyyy,en,,0,0,0,https://x.com/undefined/status/2046787010828829157,1757132274657583104,
2046747680563400897,Wed Apr 22 03:03:44 +0000 2026,0,@ChristianHeiens LETS GOOOOOO!!! BLUE WAVE 26 https://t.co/oOoTUtm942,2046787005292409092,https://pbs.twimg.com/media/HGel71qWMAERKA7.jpg,ChristianHeiens,en,,0,0,0,https://x.com/undefined/status/2046787005292409092,1637514589519609857,
2046787002364772723,Wed Apr 22 03:03:43 +0000 2026,3,Cape Verdes - Dogs Bollocks went 3-3 on Blue Marlin. https://t.co/0DdInV5Vq5,2046787002364772723,https://pbs.twimg.com/media/HGel6lgXMAAFwZQ.jpg,,en,,0,0,0,https://x.com/undefined/status/2046787002364772723,40799578,
2046784673930428754,Wed Apr 22 03:03:42 +0000 2026,0,@Sober_In_Dublin As long as brain dead liberals are in charge and not the old school libs who had common sense and weren t disingenuous (in general) these woks CS ers will ruin any place they run. The whole country is a shining example of deadbeat blue cities and states. ‍️,2046786999995253239,,Sober_In_Dublin,en,,0,0,0,https://x.com/undefined/status/2046786999995253239,291521633,
2046737921173033394,Wed Apr 22 03:03:39 +0000 2026,0,@mildredbakes @nicksortor @chicksonright @kate_p45 so what are you saying red county shouldn t report their 8000 and 15 000 votes as soon as they re counted until the blue counties of 500 000 report theirs OK it ll just get a quicker call from the AP,2046786985323589858,,mildredbakes,en,,0,0,0,https://x.com/undefined/status/2046786985323589858,1740836897348284416,
2046786978990158214,Wed Apr 22 03:03:37 +0000 2026,0,Makarizo Hair Energy Scentsations Hair Fragrance Blue Coast 100 mL Parfum Rambut / Perfume Wangi https://t.co/Mj9oYT5evx,2046786978990158214,,,en,,0,0,0,https://x.com/undefined/status/2046786978990158214,614212990,
2046786974510395647,Wed Apr 22 03:03:36 +0000 2026,0,While some democrats are concerned about Trumps Golf score they seem to underreport that their money laundering platform #actblue continues to accept outside US donations. Including Soros linked networks. All while the employees of act blue plead the 5th 146x during the hearing.,2046786974510395647,,,en,,0,0,0,https://x.com/undefined/status/2046786974510395647,1593103937699291136,
2046785956762792196,Wed Apr 22 03:03:34 +0000 2026,0,@DekksterGaming Bro is cooking like it s the all blue,2046786964821520858,,DekksterGaming,en,,0,0,0,https://x.com/undefined/status/2046786964821520858,1327522853198159872,
2046781740702695434,Wed Apr 22 03:03:33 +0000 2026,4,@TRHLofficial @DeniseWalden11 permanent blue state,2046786959595483287,,TRHLofficial,ro,,0,1,0,https://x.com/undefined/status/2046786959595483287,1366975365500043265,
2046477409747349736,Wed Apr 22 03:03:32 +0000 2026,0,@stufflistings My Top 3 favourite features of VIVO T5 PRO are :- 1️⃣ QUALCOMM SNAPDRAGON 7s GEN 4 PROCESSOR 2️⃣ BIG 9020 mAh BATTERY90 WATT FAST CHARGING SUPPORT 3️⃣ IP68 &amp; IP69 RATING 4️⃣ TEAM GLACIER BLUE #winvivoT5Pro #GetSetTurbo #vivoSeriesT @stufflistings #Stufflistingsarmy,2046786957087588688,,stufflistings,en,,0,0,0,https://x.com/undefined/status/2046786957087588688,1645351346739228673,
2046759334844195062,Wed Apr 22 03:03:32 +0000 2026,1,@insatiablevine @honeyybomb Stop voting blue,2046786954436461029,,insatiablevine,en,,0,0,1,https://x.com/undefined/status/2046786954436461029,2781587291,
2046786952817463627,Wed Apr 22 03:03:31 +0000 2026,0,Which part ah dhat a service vehicle? Hope him or him family lawyer up enuh cause dem feel like dem fi speed pon eh road everyday wid dem blinking blue light as if a December,2046786952817463627,,,en,,0,0,0,https://x.com/undefined/status/2046786952817463627,386369344,
2046773366216937937,Wed Apr 22 03:03:31 +0000 2026,0,@ryangrim The Blue state commissioners: https://t.co/LWb5ycpmbh,2046786952448647567,https://pbs.twimg.com/amplify_video_thumb/2046786907888402432/img/F90Zh1mUVkkoWLXK.jpg,ryangrim,en,,0,0,0,https://x.com/undefined/status/2046786952448647567,1641528507812683776,
2046786940595482787,Wed Apr 22 03:03:28 +0000 2026,0,Mosaic Glass Blue Candle Holder Vtg Candle Holder Starburst Vintage Home Decor Cut Glass Memories Gift Prop Daysgonebytreasures *y https://t.co/yyeFNFrsNi via @Etsy,2046786940595482787,,,en,,0,0,0,https://x.com/undefined/status/2046786940595482787,40082530,
2046786940041908284,Wed Apr 22 03:03:28 +0000 2026,0,tiktok? ⎐كُود⎐⎐نمشي⎐ ⊵RD13⊴ ⎐مغربى▬المغربي▬للبصرىات⎐ ⊵MM9⊴ ⎐لفل⎐ليفل⎐شوز⎐ ⊵GGG⊴ ⎐كؤِبُون⎐Moon Blue ^^ ⎐خـِصم⎐TgLkrkfHFuA4 https://t.co/IyiJUAigY1,2046786940041908284,https://pbs.twimg.com/media/HGel3uvaUAAVjul.jpg,,ar,,0,0,0,https://x.com/undefined/status/2046786940041908284,743240812092342272,
2046725845750882357,Wed Apr 22 03:03:26 +0000 2026,0,@DAGToddBlanche @splcenter now do Act Blue... wtf,2046786930898051287,,DAGToddBlanche,en,,0,0,0,https://x.com/undefined/status/2046786930898051287,1615925552929509376,
2046786924661408192,Wed Apr 22 03:03:24 +0000 2026,5,6/13 JABBERLOOP BLUE NOTE PLACE いよいよ本日4/22（水）12時より予約スタート‼️ https://t.co/aRROZu6uIb （ご予約はウェブサイトからのみ承ります） Family Friendly Day! プランのご予約はお電話にて承ります‼️ 03-5485-0007 詳細は元の投稿をご確認くださいませ,2046786924661408192,,,ja,,0,0,5,https://x.com/undefined/status/2046786924661408192,122083866,
2046786918575206532,Wed Apr 22 03:03:23 +0000 2026,0,https://t.co/nRRZsNOq4v The big blue ball in the sea of darkness makes one think something like that no in the comments said anything about that the ending the PP being stuck does this continue? What s next?,2046786918575206532,,,en,,0,0,0,https://x.com/undefined/status/2046786918575206532,1340114159573327874,
2046786915408752686,Wed Apr 22 03:03:22 +0000 2026,0,Blue Mash pre 『この街を出て』 5/12(火) 福岡 BEST STATION w/Sunny Girl 譲)チケット1枚 求)定価＋手数料 連れの方が予定入って1枚余ってしまったのでお譲りします。 DMおまちしてます、、、,2046786915408752686,,,ja,,0,0,0,https://x.com/undefined/status/2046786915408752686,1959927513360343040,
2046784046823571734,Wed Apr 22 03:03:22 +0000 2026,0,@ThengaChutneyy Illa name type panna andha done blue la varala Nanum naraya try paniten,2046786914368508380,,ThengaChutneyy,tl,,0,1,0,https://x.com/undefined/status/2046786914368508380,1833501809089916928,
2046786902293110925,Wed Apr 22 03:03:19 +0000 2026,0,elo? ⎐كُود⎐⎐نون⎐ ⊵KW44⊴ ⎐فىرست⊴كراى⊴⎐ ⊵RR10⊴ ⎐الدخےل▬للعود⎐ ▤BS26▤ ⎐كؤِبُون⎐Royal Blue ^^^ ⎐خـِصم⎐pGCQty0mNsZfh https://t.co/h0fFuyzHNQ,2046786902293110925,https://pbs.twimg.com/media/HGel1P6b0AArCPn.jpg,,und,,0,0,0,https://x.com/undefined/status/2046786902293110925,893102196,
2046447333983027218,Wed Apr 22 03:03:16 +0000 2026,0,@otokyo__ Blue oyster cult,2046786890930548848,,otokyo__,en,,0,0,0,https://x.com/undefined/status/2046786890930548848,1850949985719734273,
2046786888833347930,Wed Apr 22 03:03:16 +0000 2026,14,I m against gerrymandering in concept but if we re going to play that game then let s play it. If a light blue state is going to seize 90% of the state s representation then red states should do the same.,2046786888833347930,,,en,,0,0,1,https://x.com/undefined/status/2046786888833347930,881287076502753281,
2046774487748592008,Wed Apr 22 03:03:16 +0000 2026,0,@LStargazer54 @TeamTrump47 I agree not good numbers for Dems going into a Midterm in a blue state.,2046786888292331965,,LStargazer54,en,,0,0,0,https://x.com/undefined/status/2046786888292331965,1368544628,
2046613615776596003,Wed Apr 22 03:03:15 +0000 2026,0,@NOMOREFATHOES_ No blue check just baiting for the love of the game,2046786883217240283,,NOMOREFATHOES_,en,,0,0,0,https://x.com/undefined/status/2046786883217240283,1486995044842233857,
2046587685305721154,Wed Apr 22 03:03:13 +0000 2026,3,@kokipower23 @BetterCallAlba Blue eyes are pretty and unique. It s not that hard to figure out.,2046786875650670760,,kokipower23,en,,0,0,0,https://x.com/undefined/status/2046786875650670760,1763379618415808512,
2046786867480203662,Wed Apr 22 03:03:11 +0000 2026,23,would look better if it was in a different blue #sarahnursebacktotoronto #vancouverhomewreckers,2046786867480203662,,,en,,0,1,0,https://x.com/undefined/status/2046786867480203662,1646594854401503232,
2046786858672332944,Wed Apr 22 03:03:09 +0000 2026,0,Personel Unit Lantas Polsek Padang Bolak melaksanakan Patroli Blue Light di Jalan Merdeka Gunung Tua sebagai upaya menciptakan situasi Kamtibmas yang aman dan kondusif serta memastikan kelancaran arus lalu lintas pada malam hari bagi pengguna jalan https://t.co/fW2yuiDqo7,2046786858672332944,https://pbs.twimg.com/media/HGelyIgaoAABCrG.jpg,,in,,0,0,0,https://x.com/undefined/status/2046786858672332944,1587031251159875584,
2046786857690866026,Wed Apr 22 03:03:08 +0000 2026,0,Maiden? ⎐كُود⎐⎐نمشي⎐ ⊵RD13⊴ ⎐ريفا_⎐ ⊵NAD5⊴ ⎐ماكـس⎐فاشون⎐ ⊴HH5⊴ ⎐كؤِبُون⎐Light Blue ^^^ ⎐خـِصم⎐DZp6ffTL8F6M https://t.co/8hlDciKrKQ,2046786857690866026,https://pbs.twimg.com/media/HGelyqCbAAAULRN.jpg,,und,,0,0,0,https://x.com/undefined/status/2046786857690866026,3312913336,
2046786851525063084,Wed Apr 22 03:03:07 +0000 2026,0,Call me pack man and ya ghosts is blue 🇺🇸,2046786851525063084,,,en,,0,0,0,https://x.com/undefined/status/2046786851525063084,1751146786499051520,
2046786836303880306,Wed Apr 22 03:03:03 +0000 2026,0,hmm? ⎐كُود⎐⎐تويو⎐ ⊵FF7⊴ ⎐فرست⎐كراى⎐فيرستكراى⎐ ⊵AFN22⊴ ▬لؤكسىتأن▬لوكستيان ⎐A106⎐ ⎐كؤِبُون⎐Neon Blue ^^^ ⎐خـِصم⎐j8r6Zh7WoI94 https://t.co/kGPd1Lb520,2046786836303880306,https://pbs.twimg.com/media/HGelxnpXIAAsJuS.jpg,,ar,,0,0,0,https://x.com/undefined/status/2046786836303880306,1863666667697459200,
2046757398858105002,Wed Apr 22 03:03:03 +0000 2026,0,@nicksortor I don't think my comments were flagged...we must disguise language in this new world...I hate blue and like red... this is so fun being on X,2046786834554912857,,Belladono84,en,,0,0,0,https://x.com/undefined/status/2046786834554912857,1486104400653336577,
2046695474397159881,Wed Apr 22 03:02:38 +0000 2026,0,@Gm066EPsS617757 @clubcooosaka Blue Flower 2さん、おはようございます！ ありがとうございます！ 今日も一日楽しみましょう！,2046786730699956654,,Gm066EPsS617757,ja,,0,0,0,https://x.com/undefined/status/2046786730699956654,65532985,
2046786729462710480,Wed Apr 22 03:02:38 +0000 2026,0,哎哈? ⎐كُود⎐⎐نون⎐ ⊵NKW⊴ ⎐عطور▬رسيس⎐ ⊵AA51⊴ ⎐وفرها⎐ ⊵KK20⊴ ⎐كؤِبُون⎐Rich Blue ^^^^ ⎐خـِصم⎐ZPhrbJuZ7nuL https://t.co/UcbhEitWPH,2046786729462710480,https://pbs.twimg.com/media/HGelrMOawAEvqxy.jpg,,ar,,0,0,0,https://x.com/undefined/status/2046786729462710480,480824409,
2046786036127117612,Wed Apr 22 03:02:38 +0000 2026,1,@peakoryu is the sky blue ,2046786727919108431,,peakoryu,en,,0,1,0,https://x.com/undefined/status/2046786727919108431,1467320808347295750,
2046770502253875212,Wed Apr 22 03:02:36 +0000 2026,0,@neeratanden Like there was any chance of it failing in those two Blue states. Disingenuous comment at best.,2046786722151985252,,neeratanden,en,,0,0,0,https://x.com/undefined/status/2046786722151985252,1932913978516385793,
2046786716795867413,Wed Apr 22 03:02:35 +0000 2026,0,Blue &amp; Black Barangaroo speeding through liquid again driving. Chinese Eric ? Or Keskin in a Sarah Murdoch Converse Jacket on. No money bag from Blackstone. Murdoch big bird yellow plane Iris 95 New York for Bridget Hasna and Ace. No keys don t sell. Otherwise a bullet for my ex https://t.co/7d1s01BChP,2046786716795867413,https://pbs.twimg.com/media/HGeldvMaQAA6fDB.jpg,,en,,0,0,0,https://x.com/undefined/status/2046786716795867413,1769673986353635328,
2046786707274813833,Wed Apr 22 03:02:33 +0000 2026,0,where? ⎐كُود⎐⎐تويو⎐ ⊵FF7⊴ عود ميلانو ⊵A666⊴ ⎐مذركير⎐ ⊵V7971⊴ ⎐كؤِبُون⎐Electric Blue ^^^^ ⎐خـِصم⎐W57OsGJmuxiY https://t.co/cOkGFOTNOf,2046786707274813833,https://pbs.twimg.com/media/HGelqDebEAAfvvw.jpg,,und,,0,0,0,https://x.com/undefined/status/2046786707274813833,504909454,
2046786696931381259,Wed Apr 22 03:02:30 +0000 2026,0,why would a yankees fan be at an angels vs blue jays game,2046786696931381259,,,en,,0,0,0,https://x.com/undefined/status/2046786696931381259,1668396228948664321,
2046786694389625034,Wed Apr 22 03:02:30 +0000 2026,0,Check out alex ovechkin o-pee-chee 2021/22 nhl -3 card lot-red blue parallels capitals https://t.co/au5B0y0v6t #eBay via @eBay,2046786694389625034,,,en,,0,0,0,https://x.com/undefined/status/2046786694389625034,704173573825503233,
2046786693785628971,Wed Apr 22 03:02:29 +0000 2026,0,El blue panther que conoce Bryan Danielson | El blue panther que yo conozco https://t.co/mx7OV4w8d3,2046786693785628971,https://pbs.twimg.com/media/HGelpnvXgAE8ghf.jpg,,es,,0,0,0,https://x.com/undefined/status/2046786693785628971,2385849853,
2046786687024738582,Wed Apr 22 03:02:28 +0000 2026,1,guess the animatronic hes blue and small and hes an annoying little shit that needs to shut up,2046786687024738582,,,en,,0,3,1,https://x.com/undefined/status/2046786687024738582,1789820353008848896,
2046786686034624901,Wed Apr 22 03:02:28 +0000 2026,0,#ad Blue Plate Real Mayonnaise 8 Fl Oz Jar (Pack of 12) $12.xx https://t.co/NHREILCr3T Free Month of Amazon Prime https://t.co/BzcA6lkXts https://t.co/djMe4OZHUV,2046786686034624901,https://pbs.twimg.com/media/HGeleE0XMAAudmB.jpg,,en,,0,0,0,https://x.com/undefined/status/2046786686034624901,1491913928842043392,
2046786679638200755,Wed Apr 22 03:02:26 +0000 2026,2,While we are playing the history game where was Governor Gerry (as in the father of gerrymander) from again -that s right Massachusetts. The 3 most gerrymandered states in the union are: 1) Virginia; 2) California 3) Illinois All blue I m beginning to see a pattern here &amp;,2046786679638200755,,,en,,0,0,1,https://x.com/undefined/status/2046786679638200755,123899931,
2046786677666930857,Wed Apr 22 03:02:26 +0000 2026,2,/ also yes hi please remember hgss blue is a whole ass 14 year old,2046786677666930857,,,en,,0,0,0,https://x.com/undefined/status/2046786677666930857,1433574017039060995,
2046786656674762986,Wed Apr 22 03:02:21 +0000 2026,0,Amlapura Dalam rangka menjaga situasi keamanan dan ketertiban masyarakat (Kamtibmas) tetap kondusif jajaran Polsek Karangasem melaksanakan kegiatan Blue Light Patrol pada Selasa (21/4) malam. https://t.co/0Odv0J5le5,2046786656674762986,https://pbs.twimg.com/media/HGelRx-bIAA-X9_.jpg,,in,,0,0,0,https://x.com/undefined/status/2046786656674762986,1251034875362066432,
2046786653436690671,Wed Apr 22 03:02:20 +0000 2026,2,MATCH RESULTS: FEU def. ATENEO (3-1) The FEU Tamaraws (13-1) will end the elimination round as the first-seeded team for three straight seasons as they build momentum by winning in four sets and they will face Ateneo Blue Eagles (7-7) once again in the Final Four. #UAAPSeason88 https://t.co/p6LngqF6eH,2046786653436690671,https://pbs.twimg.com/media/HGelm-LaQAAZos_.jpg,,en,,0,0,0,https://x.com/undefined/status/2046786653436690671,1834287623755763712,
2046771814215430267,Wed Apr 22 03:02:19 +0000 2026,1,@CindyontheBay Project Blue Beam incoming? Good grief these people are gonna be the of me aren t they?!???!,2046786649846104225,,CindyontheBay,en,,0,0,0,https://x.com/undefined/status/2046786649846104225,1861412745385484288,
2046648448523325451,Wed Apr 22 03:02:19 +0000 2026,0,@bruh____00 @Cr7Godbrand Ooh you got me! Stop crying like a bitch when confronted with the truth. If you re gonna try and ragebait you should probably just go ahead and pay for the blue check so you can at least make money off your tantrums.,2046786648340672634,,bruh____00,en,,0,1,0,https://x.com/undefined/status/2046786648340672634,2045562828439121920,
2046781472422388171,Wed Apr 22 03:02:17 +0000 2026,1,@MirageDraw Que tipo de mierda el logan paul dañando los mercados de franquicias queridas Cierto hace un mes cuando compró un blue eyes white dragon primera edición uno de los mayores youtubers de yugioh hizo un video de Como invertir en yugioh! Y recomendó los sets mas porqueria-,2046786642317361342,,MirageDraw,es,,0,1,0,https://x.com/undefined/status/2046786642317361342,2029657207940497408,
2046786637888102723,Wed Apr 22 03:02:16 +0000 2026,0,Virginia Voters Narrowly Approve Measure to Boost Democrats in Midterms - Plan to draw more blue House districts comes after Trump pushed to add red seats https://t.co/vMht0Q5g56,2046786637888102723,,,en,,0,0,0,https://x.com/undefined/status/2046786637888102723,828281213421027329,
2046786637024072099,Wed Apr 22 03:02:16 +0000 2026,0,My gf is so cute studying on the couch in her little blue light glasses I m actually gonna freak out,2046786637024072099,,,en,,0,1,0,https://x.com/undefined/status/2046786637024072099,2010509768230862848,
2046779774605890010,Wed Apr 22 03:02:15 +0000 2026,0,@ArcanesDreamer @earlyvotedata @Grassroots20244 Virginia is a solid blue state. It would have been a waste of money.,2046786633169547515,,ArcanesDreamer,en,,0,0,0,https://x.com/undefined/status/2046786633169547515,1821218775623999488,
2046587685305721154,Wed Apr 22 03:02:13 +0000 2026,6,@BetterCallAlba The amount of seething over blue eyes in these comments is hilarious.,2046786626160849206,,BetterCallAlba,en,,0,0,1,https://x.com/undefined/status/2046786626160849206,1763379618415808512,
2046725352614215928,Wed Apr 22 03:02:07 +0000 2026,2,@NanO0099101 @cykstejay Once in a blue moon lng kase mangyare ung live kaya sinagad na nila.,2046786600332657136,,NanO0099101,tl,,0,1,0,https://x.com/undefined/status/2046786600332657136,1832790452833316865,
2046763976009375893,Wed Apr 22 03:02:06 +0000 2026,0,@lekeujah @MichaelSteele It s not. And come the census in the near future where blue states are bleeding people while red states are gaining they re only going to get more seats as other places lose them. Much like Ds ending the filibuster for judges it ll hit you soon. https://t.co/yYumuESkTL,2046786595630551468,https://pbs.twimg.com/media/HGeljkQW0AEjZqa.jpg,lekeujah,en,,0,1,0,https://x.com/undefined/status/2046786595630551468,1634017260544176129,
2046507996570927597,Wed Apr 22 03:02:06 +0000 2026,0,@Madeleine_n69 what have you done hes only composed of blue pubes now my day is ruined,2046786594854817838,,Madeleine_n69,en,,0,0,0,https://x.com/undefined/status/2046786594854817838,1965972723336957952,
2046786589196775733,Wed Apr 22 03:02:04 +0000 2026,1,iba talaga hatak mo bebe nasa clock and blue app ,2046786589196775733,,,tl,,0,0,0,https://x.com/undefined/status/2046786589196775733,1329822641008459776,
2046786585979424914,Wed Apr 22 03:02:04 +0000 2026,0,I have successfully dyed my hair blue to match my favorite idol... Hatsune Miku. ‍↕️,2046786585979424914,,,en,,0,0,0,https://x.com/undefined/status/2046786585979424914,1964968227139903488,
2046571287141810383,Wed Apr 22 03:02:03 +0000 2026,0,@vxylily blue screen of death,2046786581244125307,,vxylily,en,,0,0,0,https://x.com/undefined/status/2046786581244125307,1292491622282821633,
2046424539047793022,Wed Apr 22 03:02:02 +0000 2026,0,@VicMicCar @GrageDustin @LibertyMarieEP @Tim_Walz If this were true Minnesota wouldn't have voted blue. Minnesota hasn't been a red state since Nixon. https://t.co/wO3szcjwWa,2046786576848502893,https://pbs.twimg.com/tweet_video_thumb/HGelipLXoAATJ8i.jpg,VicMicCar,en,,0,0,0,https://x.com/undefined/status/2046786576848502893,65327428,
2046786570053636246,Wed Apr 22 03:02:00 +0000 2026,1,Blue origin's failure may hit NASA's plans Glenn mission fails primary orbital goal @kripatistic shares more details https://t.co/N2a0uf1HNg,2046786570053636246,https://pbs.twimg.com/amplify_video_thumb/2046779975223984128/img/72jh4Hy_7BH2LAce.jpg,,en,,0,0,0,https://x.com/undefined/status/2046786570053636246,711760467383877632,
2046786569860686071,Wed Apr 22 03:02:00 +0000 2026,10,= = = = = = = = = = = = = = = = = = ️ INHALE「BLUE MOMENT」️ OUT NOW / 2026.4.22‼️ = = = = = = = = = = = = = = = = = = https://t.co/auOQMZ7nga,2046786569860686071,https://pbs.twimg.com/media/HGefdqyagAACoBP.jpg,,en,,1,0,3,https://x.com/undefined/status/2046786569860686071,74771700,
2046786553645605129,Wed Apr 22 03:01:56 +0000 2026,0,UX? ⎐كُود⎐⎐تو ىو⎐ ⊵FF7⊴ ⎐لفل⎐ليفل⎐شوز⎐ ⊵GGG⊴ ▬تطبيق▬أحذية▬كروكس▬ ⊵COM⊴ ⎐كؤِبُون⎐Stone Blue ^^ ⎐خـِصم⎐48PEWfYO5jvg https://t.co/tg0GUAVbFJ,2046786553645605129,https://pbs.twimg.com/media/HGelhU4XYAEcPLU.jpg,,ar,,0,0,0,https://x.com/undefined/status/2046786553645605129,946433636001304576,
2046769538155360630,Wed Apr 22 03:01:56 +0000 2026,0,@KamalaHarris Omg a state that was blue for the last presidential election voted blue still? What in the world is happening? Like I get you think all your followers are brain dead but geez give them some credit.,2046786551862927560,,KamalaHarris,en,,0,0,0,https://x.com/undefined/status/2046786551862927560,848331538915893248,
2046757352733397038,Wed Apr 22 03:01:55 +0000 2026,1,@BarackObama Chest game is strong in Blue states. Sad sad sad. Must investigate. Those late hour drops full of Yes votes is bull ,2046786547857424457,,BarackObama,en,,0,0,0,https://x.com/undefined/status/2046786547857424457,3698424913,
2046786538688876721,Wed Apr 22 03:01:52 +0000 2026,0,BTC at 77K right now and it still dictates the price action for all of Crypto! Daily Chart: Red dotted line= Next Resistance Blue dotted Line= Next Support Zone and also the rising 20 SMA (blue solid line) makes it stronger. Even more bullish if we can close above that https://t.co/A8NcYMMSc2,2046786538688876721,https://pbs.twimg.com/media/HGehyqCasAAFF1L.jpg,,en,,0,1,0,https://x.com/undefined/status/2046786538688876721,1871065963279650816,
2046786537409458364,Wed Apr 22 03:01:52 +0000 2026,0,NEU &amp; EXKLUSIV NUR BEI blue panther books (6138)⁣ ⁣ Das E-Book ZUERST nur bei uns:⁣ Der heiße Treppenfick eine Erotische Geschichte von Oscar Deubel⁣ ⁣ Gleich hier kaufen:⁣ https://t.co/v4Ya5iC9SY⁣ ⁣ #erotik #erotic #ebook https://t.co/0il0J5eALp,2046786537409458364,https://pbs.twimg.com/media/HGelgfHXAAAspxv.jpg,,de,,0,0,0,https://x.com/undefined/status/2046786537409458364,179920642,
2046770109990240420,Wed Apr 22 03:01:52 +0000 2026,0,@dr33wild Paprika Perfect Blue Millenium Actress Helter Skelter The Substance Conclave Mean Girls It Was Just an Accident A Useful Ghost Trilogi Before Trilogi Vengeance Trilogi Batman,2046786534767243704,,dr33wild,en,,0,0,0,https://x.com/undefined/status/2046786534767243704,2021923217166974976,
2046777197105463433,Wed Apr 22 03:01:51 +0000 2026,0,@Muhammadancopss Boss do me blue tick now abeg,2046786530920837351,,Muhammadancopss,en,,0,0,0,https://x.com/undefined/status/2046786530920837351,1152117108190437376,
2046786530455515172,Wed Apr 22 03:01:50 +0000 2026,0,This natural blue quartz pendant features delicate weaving and carries the serene vibration of the Himalayas. It calms emotions clears blocked energy and combines natural beauty with Himalayan spiritual craft expressing the pure essence of Tibetan culture and crystal energy. https://t.co/rQexKNrOw4,2046786530455515172,https://pbs.twimg.com/amplify_video_thumb/2046786306576109568/img/wRLk7trUsZztt6PH.jpg,,en,,0,0,0,https://x.com/undefined/status/2046786530455515172,1991411583147470848,
2046757352733397038,Wed Apr 22 03:01:49 +0000 2026,0,@BarackObama If redistricting in Texas was so bad why is it suddenly so good in Virginia? Virginia is 55% red and 45% blue. But will be 10:1 represented by democrats? How is that 'fair' as you put it? And why did you murder a 16yo American kid?,2046786523450708205,,BarackObama,en,,0,0,0,https://x.com/undefined/status/2046786523450708205,1850978739913428992,
2046781697358811380,Wed Apr 22 03:01:18 +0000 2026,1,@PeterAPatriot @5_betMe @AOC Who elected those Texas politicians? And why was the Virginia referendum so close? It is a blue state.,2046786395449008229,,PeterAPatriot,en,,0,0,0,https://x.com/undefined/status/2046786395449008229,1712607369895501824,
2046786380915703949,Wed Apr 22 03:01:15 +0000 2026,0,BLUE BUBBLEGUM CHERRY TAP IN‼️ #houstonfreaks #houstonmeets #houston #htxmeets #htxsluts #htx #htxlink #htxmeets #htxmeetups #htxfreaks #houstonplug https://t.co/bdGBVOainM,2046786380915703949,https://pbs.twimg.com/amplify_video_thumb/2046786296622788608/img/ZMJArnrC5UiO5vVQ.jpg,,en,,0,0,0,https://x.com/undefined/status/2046786380915703949,1496947845378805762,
2046773609729831344,Wed Apr 22 03:01:14 +0000 2026,0,@RuffMane I appreciate your opinion I just don t believe that they are actual winnable votes. Their views would also be alienating to the real party base which is why their preferred nominees only win in deep blue districts.,2046786377480872406,,RuffMane,en,,0,1,0,https://x.com/undefined/status/2046786377480872406,1989570570615492611,
2046763342367252800,Wed Apr 22 03:01:14 +0000 2026,0,@kayharukawas I agree said person should get a blue mark so they get paid for all those ragebait engagement tweets.,2046786376818147417,,kayharukawas,en,,0,0,0,https://x.com/undefined/status/2046786376818147417,3034091102,
2046776828950671441,Wed Apr 22 03:01:13 +0000 2026,0,@Gurdayal_1984 @___Ishq_ Blue Gold Grey टिक अलग भरोसा भी अलग,2046786371751412217,,Gurdayal_1984,und,,0,0,0,https://x.com/undefined/status/2046786371751412217,2029061155344531458,
2046786360770760769,Wed Apr 22 03:01:10 +0000 2026,0,Streamer? ⎐كُود⎐⎐تويو⎐ ⊵X99⊴ ⎐نون▬مصر⎐ ⊵ARAB⊴ ▬نيس▬نايس⎐ ⊵WF163⊴ ⎐كؤِبُون⎐Vintage Blue ^^^ ⎐خـِصم⎐ohzZPi7iWfbv https://t.co/LNGlJhXF9I,2046786360770760769,https://pbs.twimg.com/media/HGelVtPbwAIsMXb.jpg,,und,,0,0,0,https://x.com/undefined/status/2046786360770760769,1370414579122061313,
2046786356438003736,Wed Apr 22 03:01:09 +0000 2026,21,/／ North JAM Session meets BLUE NOTE TOKYO 矢野顕子トリオにて出演決定 \＼ 8/30(日) 北海道・札幌芸術の森 野外ステージ #矢野顕子トリオ での出演が決定！ ぜひご来場ください #矢野顕子 #WILLLEE #CHRISPARKER ▼詳細はこちら▼ https://t.co/oF9HW5k00o https://t.co/nysvAFkrng,2046786356438003736,https://pbs.twimg.com/media/HGelVzMaQAAhyHu.jpg,,ja,,0,0,7,https://x.com/undefined/status/2046786356438003736,928520977247477760,
2046614895152505019,Wed Apr 22 03:01:08 +0000 2026,0,@GBNT1952 @Fair_and_Biased Why is Canada blue?,2046786353480778103,,GBNT1952,en,,0,0,0,https://x.com/undefined/status/2046786353480778103,752216528045481984,
2046786350808993997,Wed Apr 22 03:01:08 +0000 2026,0,Liberty Rallies Late; Blue Devils Fall to the Flames 13-10 https://t.co/uQ1SLlstf2,2046786350808993997,,,en,,0,0,0,https://x.com/undefined/status/2046786350808993997,1490554319728525312,
2046786346849620205,Wed Apr 22 03:01:07 +0000 2026,2,Staying up to watch the Blue Jays score 1 run off of Jack Kochanowicz https://t.co/j6jggKzbXf,2046786346849620205,https://pbs.twimg.com/amplify_video_thumb/2046748515519369216/img/cr0kCqeVtr9HHO4T.jpg,,en,,0,0,1,https://x.com/undefined/status/2046786346849620205,1520840585329926144,
2046786331771109539,Wed Apr 22 03:01:03 +0000 2026,0,Everything is blue,2046786331771109539,,,en,,1,0,0,https://x.com/undefined/status/2046786331771109539,2014843953124651010,
2046786326180368433,Wed Apr 22 03:01:02 +0000 2026,1,The CC imerlover arc reminds me of a certain blue women who acts the same #RissaLIVE,2046786326180368433,,,en,,0,0,0,https://x.com/undefined/status/2046786326180368433,787922013067153410,
2046786324946948572,Wed Apr 22 03:01:01 +0000 2026,0,The Democrats are going to be happy about the Virginia results but I have to point out that they barely won in a state that is trending blue and they had to rely on mail-in ballots to do so.,2046786324946948572,,,en,,0,0,0,https://x.com/undefined/status/2046786324946948572,2652620492,
2046786318689018051,Wed Apr 22 03:01:00 +0000 2026,289,／ #雨宮天「genuine blue」 第一弾アイテム先着販売開始 ＼ 本日12:00よりミュージックレインモールにて「genuine blue」第一弾アイテムの先着販売が開始しました！ 数量限定、先着販売となりますのでこの機会にぜひご利用ください。 ▼購入はこちら https://t.co/qnke5mxkkh https://t.co/MhwCZuevGO,2046786318689018051,https://pbs.twimg.com/media/HGW9k97bEAADegC.jpg,,ja,,2,0,66,https://x.com/undefined/status/2046786318689018051,1250973559247126528,
2046427471302779014,Wed Apr 22 03:01:00 +0000 2026,0,@MattH_4America When other countries were funneling money secretly to Isis for oil Israeli intelligence officers were risking everything to get target data on our worst enemies. Israel is the only country that has always looked out for us and had our back without fail. True blue allies.,2046786318626173430,,MichaelWarrenDr,en,,0,0,0,https://x.com/undefined/status/2046786318626173430,82488935,
2046699328702480769,Wed Apr 22 03:00:58 +0000 2026,0,@MikeJohnson Yep vote Blue to keep out the crazy,2046786309612609892,,MikeJohnson,en,,0,0,0,https://x.com/undefined/status/2046786309612609892,1900538269961695233,
2046786297843589354,Wed Apr 22 03:00:55 +0000 2026,163,～チケット情報～ 4/22(水)　阪神戦 ベイチケにてチケット販売中 横浜スタジアムでの当日チケット発売は14時45分から️ 本日も『BLUELIGHT SERIES 2026 Supported by nojima』 みなさまのご来場をお待ちしてます ベイチケはこちら https://t.co/93DAONvKxr #ブルーライト #baystars https://t.co/ZaZi37fGrQ,2046786297843589354,https://pbs.twimg.com/media/HGelQY6a0AAn21X.jpg,,ja,,0,2,16,https://x.com/undefined/status/2046786297843589354,1008361427470438401,
2046759312396087371,Wed Apr 22 03:00:55 +0000 2026,2,@Cjpearson Oh fuck off. Texas was egregious Dallas Houston Austin. Those 3 BLUE cities are more fucking people than West Virginia both Dakotas Nebraska Alaska and Wyoming put together. 6 red states. 3 cities which = double Virginia s population we got NO VOTE. VA got a choice.,2046786297331609843,,Cjpearson,en,,0,0,0,https://x.com/undefined/status/2046786297331609843,496741621,
2046786294806659237,Wed Apr 22 03:00:54 +0000 2026,1,Close to that blue light Is where I lived in my car for those 2 months taken from my front porch https://t.co/zWrC7ssFTq,2046786294806659237,https://pbs.twimg.com/media/HGelSeEXYAEOVhM.jpg,,en,,1,1,0,https://x.com/undefined/status/2046786294806659237,1126924434848329730,
2046763344648942046,Wed Apr 22 03:00:53 +0000 2026,0,@thegr8juan_2 @Julie4Virginia Texas was ordered to by the courts. Dems sued to get more Hispanic districts. They won but didn't understand that Hispanic doesn't automatically mean blue anymore.,2046786287999349104,,thegr8juan_2,en,,0,0,0,https://x.com/undefined/status/2046786287999349104,1368544628,
2046758260779413514,Wed Apr 22 03:00:52 +0000 2026,1,@CynicalPublius The trick now would be to get every weakened blue district to flip red. There are not more Democrat Voters there. There are just less Democrat Voters in Blue Districts.,2046786283146453493,,CynicalPublius,en,,0,1,0,https://x.com/undefined/status/2046786283146453493,1678841863296491606,
2046786282114970109,Wed Apr 22 03:00:51 +0000 2026,0,Prompt Create a premium 3D architectural blueprint scene of Al Jalali Fort in Muscat Oman placed on a deep blue drafting table surface with a photorealistic miniature under-construction version of the fort emerging directly from the blueprint. The scene should depict Al https://t.co/LGPgvRonY3,2046786282114970109,https://pbs.twimg.com/media/HGelRKobYAAuh-O.jpg,,en,,0,0,0,https://x.com/undefined/status/2046786282114970109,384124102,
2046786281644998690,Wed Apr 22 03:00:51 +0000 2026,1,Big news from @IgnatiusPress! UDallas alum professor and Cistercian monk Fr. Thomas Esposito OCist BA '05 has published his debut novel 'Blue Miles.' Watch and get your copy: https://t.co/W6rMW439an Video from @IgnatiusPress. #UDallas #BlueMiles #CatholicFiction https://t.co/r27Rh45UX8,2046786281644998690,https://pbs.twimg.com/ext_tw_video_thumb/2046786219237912576/pu/img/CQTuQa-wvAJ_oQot.jpg,,en,,0,0,0,https://x.com/undefined/status/2046786281644998690,70437571,
2046786280642527499,Wed Apr 22 03:00:51 +0000 2026,0,is? ⎐كُود⎐⎐تُيموُ⎐ ⊵TEM73⊴ ⎐فرست⎐كراى⎐فيرستكراى⎐ ⊵AFN22⊴ ▬لؤكسىتأن▬لوكستيان ⎐A106⎐ ⎐كؤِبُون⎐Electric Blue ^^^^ ⎐خـِصم⎐nMIp9pldXH7g https://t.co/5ZqXNv1kEG,2046786280642527499,https://pbs.twimg.com/media/HGelRSPXwAAfUk4.jpg,,ar,,0,0,0,https://x.com/undefined/status/2046786280642527499,1864806036080611328,
2043697715939516906,Wed Apr 22 03:00:50 +0000 2026,0,@shinykrystalxx Don't you hate it when you are cleaning the toilet and fall in the blue tidybowl water?,2046786277895237896,,shinykrystalxx,en,,0,0,0,https://x.com/undefined/status/2046786277895237896,15670686,
2046786275387269262,Wed Apr 22 03:00:50 +0000 2026,0,Duke? ⎐كُود⎐⎐نون⎐ ⊵QT55⊴ سيكرتس⎐بيوتي سيكريتس⎐ ⊵D38⊴ ⎐ستي⎐ماكـس⎐سيتي⎐فاشون⎐ ⊴NEW19⊴ ⎐كؤِبُون⎐Velvet Blue ^^ ⎐خـِصم⎐Tgtynl1G5ajvh https://t.co/FbFm61EE4L,2046786275387269262,https://pbs.twimg.com/media/HGelQmwbQAAYIs2.jpg,,ar,,0,0,0,https://x.com/undefined/status/2046786275387269262,1427227026218442753,
2046719608954995116,Wed Apr 22 03:00:49 +0000 2026,1,@krus_chiki How about Blue berry chocochip camo？ https://t.co/Zcy5TjsulT,2046786272375746982,https://pbs.twimg.com/media/HGelRDuaUAAM4go.jpg,krus_chiki,en,,0,0,0,https://x.com/undefined/status/2046786272375746982,296219770,
2046786259478323332,Wed Apr 22 03:00:46 +0000 2026,0,hues glancing over at the blonde male with the brightest blue eyes she s seen . a soft smile and a wave at the male who seemed to be hesitant when waving . yup and .. he still hates me i guess . or maybe it s you . ,2046786261831299133,,mortalitxs,en,,0,0,0,https://x.com/undefined/status/2046786261831299133,1485453479430610948,
2046563783028420890,Wed Apr 22 03:00:46 +0000 2026,0,@TheN2h2 I would LOVE the blue NAFO-OFAN one. Like I have been looking for one like it for a long time now.,2046786259226358227,,TheN2h2,en,,0,0,0,https://x.com/undefined/status/2046786259226358227,1256586312859213830,
2046786258462974363,Wed Apr 22 03:00:46 +0000 2026,0,Big news from @IgnatiusPress! UDallas alum professor and Cistercian monk Fr. Thomas Esposito OCist BA '05 has published his debut novel 'Blue Miles.' Watch and get your copy: https://t.co/bcssaEOmtk Video from @IgnatiusPress. #UDallas #BlueMiles #CatholicFiction https://t.co/RLvu74i2LM,2046786258462974363,https://pbs.twimg.com/ext_tw_video_thumb/2046786219044945920/pu/img/EbPFU7CKAs7bG0E6.jpg,,en,,0,0,0,https://x.com/undefined/status/2046786258462974363,1651209462,
2046452051438096827,Wed Apr 22 03:00:43 +0000 2026,0,@InnerFr4tB0y @LoneStar_Jim @river_is_nice Crime is undercharged in rural areas because the cops know everyone and don't want to arrest their friends yet violent crime per capita is still higher in red states than blue. Got any other made up excuses for your paranoia?,2046786247595581885,,InnerFr4tB0y,en,,0,0,0,https://x.com/undefined/status/2046786247595581885,1639458271269466112,
2046786242654998813,Wed Apr 22 03:00:42 +0000 2026,4,Tucker Carlson s early monologues at Fox News were delivered with a consistent formula: An amorphous cadre of bipartisan but mostly blue elites (they) was manipulating the hardworking American people (you) into believing in something obviously false so that they could benefit https://t.co/p3L9Vug3d5,2046786242654998813,https://pbs.twimg.com/media/HGelPa_aQAA6qP2.jpg,,en,,0,0,2,https://x.com/undefined/status/2046786242654998813,45564482,
2046552059336614107,Wed Apr 22 03:00:39 +0000 2026,0,@allforjah52522 Post mo din sa blue app,2046786230021734620,,allforjah52522,en,,0,0,0,https://x.com/undefined/status/2046786230021734620,1563848797276368897,
2046786229690401026,Wed Apr 22 03:00:39 +0000 2026,0,If I was rich I d keep my first car in prestigious condition as well for a souvenir Jeep Cherokee navy blue with Blazin Black and silver rims and WEST COAST CUSTOMS built in 15 s in the back man https://t.co/sQHJXahE58,2046786229690401026,https://pbs.twimg.com/amplify_video_thumb/2046653707161399296/img/3fcMsAbqYYaQGfF5.jpg,,en,,0,0,0,https://x.com/undefined/status/2046786229690401026,1019089424,
2046786221524078750,Wed Apr 22 03:00:37 +0000 2026,2,UAAP SEASON 88 MEN'S VOLLEYBALL The FEU Tamaraws def. ADMU Blue Eagles in 4 sets 29-27 25-23 15-25 25-19. POG: AMET BITUIN with 21 points &amp; 14 exc. receptions #UAAPSeason88 #StrengthInMotionHopeInAction #volleyball #FEUTamaraws #AteneoBlueEagles https://t.co/qs5TfAyFsK,2046786221524078750,https://pbs.twimg.com/media/HGelOLFbYAA_7Hp.jpg,,en,,0,0,0,https://x.com/undefined/status/2046786221524078750,974561638832472064,
2046453588491178180,Wed Apr 22 03:00:35 +0000 2026,0,@DaveTheRetroGuy @Metallix128 The sky is blue bro,2046786215203025169,,DaveTheRetroGuy,en,,0,0,0,https://x.com/undefined/status/2046786215203025169,1765922575492726784,
2046786011825344658,Wed Apr 22 03:00:35 +0000 2026,1,(this is assuming a D+5 year nationally if it's a true blue tsunami they'd all lose outright) https://t.co/D2uxyYngmA,2046786213835591762,https://pbs.twimg.com/media/HGelNesXwAA3x9u.jpg,davidslosttt,en,,0,0,0,https://x.com/undefined/status/2046786213835591762,1909841318026592256,
2046786205069484519,Wed Apr 22 03:00:33 +0000 2026,0,Kazusa being teased by the teacher! Chamomile releases cosplay photo of Kazusa Anzan from Blue Archive https://t.co/wcsGTB7p7h,2046786205069484519,,,en,,0,0,0,https://x.com/undefined/status/2046786205069484519,1080458126346866688,
2046756759184752737,Wed Apr 22 03:00:33 +0000 2026,0,@RAHurtadojr @AP Since Democrats no longer believe in representative government most will continue to flee blue state tyranny,2046786204155441519,,RAHurtadojr,en,,0,0,0,https://x.com/undefined/status/2046786204155441519,1587532089649684480,
2046573061248545273,Wed Apr 22 03:00:32 +0000 2026,1,@Christyrose760 My Bluze Blue would have a field day with him lol. She jus luvs to play,2046786199323304072,,Christyrose760,en,,0,0,0,https://x.com/undefined/status/2046786199323304072,2988388383,
2045434154310160767,Wed Apr 22 03:00:31 +0000 2026,0,@Qldaah They can't ban John Farnham's song. The lyrics are 'LIKE' a river to the sea. Not 'From' the river to the sea!! The blue State can blow it out their arse &amp; so can Crisafulli.,2046786197578711335,,Qldaah,en,,0,0,0,https://x.com/undefined/status/2046786197578711335,3252527144,
2046786187382476866,Wed Apr 22 03:00:29 +0000 2026,83,［𝐖𝐈𝐋𝐃 𝐁𝐋𝐔𝐄 𝐎𝐅𝐅𝐈𝐂𝐈𝐀𝐋 𝐅𝐀𝐍 𝐂𝐋𝐔𝐁 ］ ファンクラブ限定コンテンツ更新のお知らせ 𝐒𝐏𝐄𝐂𝐈𝐀𝐋 𝐕𝐈𝐃𝐄𝐎 𝐔𝐏𝐃𝐀𝐓𝐄 https://t.co/j7IxzscIMS ぜひチェックしてください #WILDBLUE,2046786187382476866,,,ja,,4,0,5,https://x.com/undefined/status/2046786187382476866,1810317380041793536,
2046769378033627556,Wed Apr 22 03:00:28 +0000 2026,0,@idobadtakes @AriFleischer Now do the other blue states dumbass,2046786186472038495,,idobadtakes,en,,0,0,0,https://x.com/undefined/status/2046786186472038495,216770668,
2046766694450798976,Wed Apr 22 03:00:28 +0000 2026,0,@FmrRepMTG VA democrats are redrawing districts because VA is a blue state run by the DC suburbs. Stop being a shill.,2046786183443710369,,FmrRepMTG,en,,0,0,0,https://x.com/undefined/status/2046786183443710369,959902864654118914,
2046769378033627556,Wed Apr 22 03:00:28 +0000 2026,0,@AriFleischer Please Ari. How about no representation of republicans at all in many blue states? Who started all that? We want fairness but if it is not possible we want just win any way we can same as democrats.,2046786182739108080,,AriFleischer,en,,0,0,0,https://x.com/undefined/status/2046786182739108080,831680424141266944,
2046786181438877714,Wed Apr 22 03:00:27 +0000 2026,1,sweetener 80 impossible princess 40 true blue 0 ???? k k k k k k,2046786181438877714,,,en,,0,0,0,https://x.com/undefined/status/2046786181438877714,1378082107826798595,
2046768425310023879,Wed Apr 22 03:00:26 +0000 2026,0,@SurgeTheShooter I m one of the ones who ve been begging. I need the white and blue versions of all three,2046786174690132475,,SurgeTheShooter,en,,0,1,0,https://x.com/undefined/status/2046786174690132475,1483922853674340356,
2046786173616439322,Wed Apr 22 03:00:25 +0000 2026,0,uffya? ⎐كُود⎐⎐ترينديول⎐ ⊵OMM⊴ ⎐اديداس⎐ ⊵RAN256⊴ ▬لىفل▬شوز▬لىفىل▬ ⊵KLM⊴ ⎐كؤِبُون⎐Royal Blue ^^^^ ⎐خـِصم⎐E1FG3zjzx9mC https://t.co/w3bcnJ1Dju,2046786173616439322,https://pbs.twimg.com/media/HGelLGwWAAA8xnd.jpg,,und,,0,0,0,https://x.com/undefined/status/2046786173616439322,1842982234212712448,
2046656258170642689,Wed Apr 22 03:00:22 +0000 2026,0,@4thOfJuly365 Blue Oyster Club.,2046786158655418638,,4thOfJuly365,en,,0,0,0,https://x.com/undefined/status/2046786158655418638,1101008957089505280,
2046773327478341726,Wed Apr 22 03:00:22 +0000 2026,1,@marklevinshow Oh fuck off. Texas was egregious Dallas Houston Austin. Those 3 BLUE cities are more fucking people than West Virginia both Dakotas Nebraska Alaska and Wyoming put together. 6 red states. 3 cities which = double Virginia s population we got NO VOTE. VA got a choice.,2046786157426475511,,marklevinshow,en,,0,0,0,https://x.com/undefined/status/2046786157426475511,496741621,
2046786155333460270,Wed Apr 22 03:00:21 +0000 2026,0,So... instead of equal representation in congress states are essentially blue or red and if you want representation you must live in a certain state. Thats essentially whats happening. What sad thing to see taking shape. And the congress members only represent corporations,2046786155333460270,,,en,,0,0,0,https://x.com/undefined/status/2046786155333460270,1812256154002804736,
2046735062440218949,Wed Apr 22 03:00:21 +0000 2026,3,@GaryPatriot1776 I love this country too Gary! And exactly why I always back the Blue and Veterans! No one should give up! Some of us just get tired at times that's all!,2046786153764786676,,GaryPatriot1776,en,,0,1,1,https://x.com/undefined/status/2046786153764786676,1685634902681583616,
2046785379962073166,Wed Apr 22 03:00:20 +0000 2026,0,Prompt: Extreme close-up portrait of an 80-year-old Scottish fisherman deep wrinkles sun-baked weathered skin thick messy white beard highly detailed pale blue eyes with reflections of a stormy sea and a lighthouse wearing a wet thick knitted Aran woolen sweater natural,2046786152557064199,,Berson_lott,en,,0,0,0,https://x.com/undefined/status/2046786152557064199,1697259856573706240,
2046786152313528577,Wed Apr 22 03:00:20 +0000 2026,0,One thing about Republicans they ALWAYS play the long game Blue states need to get their shit together and start building affordable housing NOW https://t.co/lTQpBpUola,2046786152313528577,https://pbs.twimg.com/media/HGelKIsXIAA6izR.jpg,,en,,0,0,0,https://x.com/undefined/status/2046786152313528577,125284648,
2046786149851730015,Wed Apr 22 03:00:20 +0000 2026,0,Blue is deeply underrated. Ik it s not out colors but it fucks,2046786149851730015,,,en,,0,0,0,https://x.com/undefined/status/2046786149851730015,1061150440119656448,
2046786148694114804,Wed Apr 22 03:00:19 +0000 2026,2,―― The Chinese Fenrir ――🇨🇳 中国芬里尔 🇨🇳 ​藍染めのドレスに身を包んだ、青き狼。 静かなる威圧。 ​Blue wolf in an indigo dress. Silent presence. ​#furryart #furrygirl https://t.co/1Phdtd07J2,2046786148694114804,https://pbs.twimg.com/media/HGelJpEbAAA7t1Y.jpg,,ja,,0,0,1,https://x.com/undefined/status/2046786148694114804,1893919734120529920,
2046786147678916796,Wed Apr 22 03:00:19 +0000 2026,0,Mastering the jungle ways on the way to Blue Morpho Lodge. Aucayacu River Peru. 2003. https://t.co/XwbfKhqwWj,2046786147678916796,https://pbs.twimg.com/media/HGelJ7rXsAApYoZ.jpg,,en,,0,0,0,https://x.com/undefined/status/2046786147678916796,2330780425,
2046786146819080623,Wed Apr 22 03:00:19 +0000 2026,0,At Bodor our vision extends beyond technology it reaches the very horizon of the planet we call home. By constantly innovating for higher efficiency and lower waste we are committed to being a responsible global citizen. Let s protect the blue marble together. https://t.co/snbhP8BONU,2046786146819080623,https://pbs.twimg.com/media/HGelJ0MXMAAx5ZB.jpg,,en,,0,0,0,https://x.com/undefined/status/2046786146819080623,888290516823035905,
2046738860197966064,Wed Apr 22 03:00:19 +0000 2026,1,@tommyjusa @harrisonjaime @UTKnoxville @kenmartin73 Have you not heard? Democrats are winning special elections across the country. They are even flipping red seats blue? I was wondering what wrench the left would try to throw at the center to try to screw up the midterms but I think it's the whine about why we lost .,2046786146701660464,,tommyjusa,en,,0,1,0,https://x.com/undefined/status/2046786146701660464,826140102493609988,
2046786134412497058,Wed Apr 22 03:00:16 +0000 2026,0,Refine texture for translucent skin. Polish with blue rose power. #GINZACLEAR #GINZAbyCLEAR #BlueRose ▼Details: https://t.co/WB2fwuCiEB,2046786134412497058,,,en,,0,0,0,https://x.com/undefined/status/2046786134412497058,1978426732290916352,
2046786066720436278,Wed Apr 22 03:00:00 +0000 2026,2,#VRChat いつぞやのふらふら。 青言葉 - Words and her blue ｜ คำพูดและสีฟ้าของเธอ․ By Apathy https://t.co/6XFlztI5xo,2046786066720436278,https://pbs.twimg.com/media/G2eL514a0AEau3W.jpg,,ja,,0,0,0,https://x.com/undefined/status/2046786066720436278,98899119,
2046786066473201679,Wed Apr 22 03:00:00 +0000 2026,0,#PR BLUE HANDSオリジナル　本革製鑑札ケース ↓↓クーポン配信中↓↓ https://t.co/maWtmDDlj3,2046786066473201679,,,ja,,0,0,0,https://x.com/undefined/status/2046786066473201679,1479702023331528707,
2046786065877618964,Wed Apr 22 03:00:00 +0000 2026,0,genuine blueのブレスレットのつけ方の動画を 挙げてほしいです！ (まだ挙がってなければ) #雨宮天,2046786065877618964,,,ja,,0,0,0,https://x.com/undefined/status/2046786065877618964,1221761183700549632,
2046786065600553165,Wed Apr 22 03:00:00 +0000 2026,0,Manga : Grand Blue Dreaming | Volume 5 - Chapter 21 - Page 182 | | #GrandBlueDaily | #GrandBlueDreaming | #GrandBlue | #Manga https://t.co/mnvqRNZ8V7,2046786065600553165,https://pbs.twimg.com/media/HGekt1MWkAAX-G-.png,,en,,0,0,0,https://x.com/undefined/status/2046786065600553165,1553831656854781953,
2046763838842798300,Wed Apr 22 02:59:59 +0000 2026,0,@guypbenson I'm sure if the Dems control all three branches of government in 2030 the census will be done in such a way that the blue states will keep their seats.,2046786060919730502,,guypbenson,en,,0,0,0,https://x.com/undefined/status/2046786060919730502,2000816506331176960,
2046766570135859464,Wed Apr 22 02:59:58 +0000 2026,0,@MacFarlaneNews @MeidasTouch Outstanding! I was at a fundraiser for Cochise County Democratic Party AZ when NYT sent out the news on my watch. I shouted out to the large gathering and everyone cheered. Our candidate to run against Juan Cisomani Jo Mendoza was there. Go Blue!!,2046786057925267776,,MacFarlaneNews,en,,0,0,0,https://x.com/undefined/status/2046786057925267776,73124948,
2046786057417417090,Wed Apr 22 02:59:58 +0000 2026,7,Since Duffy is finally getting more attention (finally) in the new TNS fandom I feel like I should say that you guys should invest in her blue deer avatar. It s pretty iconic to me https://t.co/GOszbhTCLs,2046786057417417090,https://pbs.twimg.com/media/HGelEWmW0AAQl8U.jpg,,en,,0,3,1,https://x.com/undefined/status/2046786057417417090,1464627896195194880,
2046786054317846659,Wed Apr 22 02:59:57 +0000 2026,0,I gotta say that even after all the events and cgs since this moment during the Eden Treaty arc. This is still one of the most badass moments in all of Blue Archive. Hina is still one of my favorite characters. Though not as goated as Mika. https://t.co/vCRK2BFksa,2046786054317846659,https://pbs.twimg.com/media/HGekx22WEAA1QXz.jpg,,en,,0,0,0,https://x.com/undefined/status/2046786054317846659,348637741,
2046780261812048192,Wed Apr 22 02:59:57 +0000 2026,1,@docfangs vou admitir q a quebra dessa pra don't do sadness/blue wind me perturba mt no bom sentido,2046786052585607443,,docfangs,pt,,0,1,0,https://x.com/undefined/status/2046786052585607443,1807834539013668864,
2046781740702695434,Wed Apr 22 02:59:55 +0000 2026,0,@TRHLofficial Hopefully a few red states take inspiration from the blue states ruthlessness. They play to win while the other side sticks to ''principles''.,2046786045186814015,,TRHLofficial,en,,0,0,0,https://x.com/undefined/status/2046786045186814015,1366975365500043265,
2046533874155770109,Wed Apr 22 02:59:55 +0000 2026,0,@DDFF_JP They could just have the crystals at a certain point just be the highest version or a blue on loss so that has no bearing. They could just give a surrender option when the game has a massive imbalance in power rating etc. I've been staying in mine but it's a waste of time.,2046786045111423246,,Lusoka1086,en,,0,0,0,https://x.com/undefined/status/2046786045111423246,227296944,
2046786042955792587,Wed Apr 22 02:59:54 +0000 2026,0,福建厦门，莲花中学围墙上的蓝花藤迎来盛花期，绵延数十米的紫色 花瀑 倾斜而下，如梦似幻。#大美中国 In Xiamen Fujian the blue wisteria on the wall of Lianhua Middle School is in full bloom. https://t.co/NRQ38LAnH2,2046786042955792587,https://pbs.twimg.com/amplify_video_thumb/2046786012953862144/img/C6ugJqsIZZYQIfRq.jpg,,zh,,0,0,0,https://x.com/undefined/status/2046786042955792587,1298855443603709952,
2046786042787942720,Wed Apr 22 02:59:54 +0000 2026,0,Clear Blue https://t.co/cEzDKi1bsF,2046786042787942720,,,en,,0,0,0,https://x.com/undefined/status/2046786042787942720,1262642350309830656,
2046757352733397038,Wed Apr 22 02:59:52 +0000 2026,1,@BarackObama Sad Why didn t ya just take the whole state blue. So much for voting,2046786035515089284,,BarackObama,en,,0,0,0,https://x.com/undefined/status/2046786035515089284,1846928472373121024,
2046761224256291000,Wed Apr 22 02:59:52 +0000 2026,2,@BrilynHollyhand Oh fuck off. Texas was egregious Dallas Houston Austin. Those 3 BLUE cities are more fucking people than West Virginia both Dakotas Nebraska Alaska and Wyoming put together. 6 red states. 3 cities which = double Virginia s population we got NO VOTE. VA got a choice.,2046786035246309842,,BrilynHollyhand,en,,0,0,0,https://x.com/undefined/status/2046786035246309842,496741621,
2046582887902785632,Wed Apr 22 02:59:51 +0000 2026,0,@Anna_xb2 Smokey Cocaine Koda Big Blue House Brother Bears,2046786027952771467,,Anna_xb2,en,,0,0,0,https://x.com/undefined/status/2046786027952771467,2026448870310543360,
2046782801467625644,Wed Apr 22 02:59:50 +0000 2026,9,@gr3gor14n not holding either but Polaris Dawn logo has an astroid (that blue shit). It wasnt a typo on the drawing. https://t.co/0piXB1HWwn https://t.co/pdTJeHDavv,2046786026870374825,https://pbs.twimg.com/media/HGek2dzXwAE1FzN.jpg,gr3gor14n,en,,2,2,1,https://x.com/undefined/status/2046786026870374825,1782441772267823104,
2046758255624368471,Wed Apr 22 02:59:47 +0000 2026,1,@SwitchAtoll @CottonsRevenge @JakeSherman MAGA logic: Florida is a blue shithole ,2046786012936917213,,SwitchAtoll,en,,0,0,0,https://x.com/undefined/status/2046786012936917213,2232375218,
2046768226097353044,Wed Apr 22 02:59:46 +0000 2026,1,@seanspicer Blue Wave sponsored by DJ Trump https://t.co/uWLd90sdAA,2046786010315710804,https://pbs.twimg.com/media/HGelB3WWUAAlCx_.jpg,seanspicer,en,,0,0,0,https://x.com/undefined/status/2046786010315710804,2629993564,
2046786010231746922,Wed Apr 22 02:59:46 +0000 2026,7,might buy blue ngl wtf this shits broken,2046786010231746922,,,en,,0,2,0,https://x.com/undefined/status/2046786010231746922,1443313048123547657,
2046757352733397038,Wed Apr 22 02:59:45 +0000 2026,0,@BarackObama Power over principles huh? So much for confidence in the upcoming blue wave,2046786004778963321,,BarackObama,en,,0,1,0,https://x.com/undefined/status/2046786004778963321,1782115869037850624,
2046785999318208679,Wed Apr 22 02:59:44 +0000 2026,0,MAGA is very gerrymandering for me but not for thee. TX just redistricted with absolutely NO vote. Because they wanted to steal seats. GOP cheers. CA and VA held a vote. Let the citizens voices be heard. And because the district maps are now blue leaning there s a problem? https://t.co/ncXeWSpN5u,2046785999318208679,https://pbs.twimg.com/media/HGelBMGbIAAM7vm.jpg,,en,,0,1,0,https://x.com/undefined/status/2046785999318208679,266976095,
2046785998546407564,Wed Apr 22 02:59:44 +0000 2026,1,Not a single indigo blue state is better off for having no opposition. Only FL has shown benefits of mostly red and even they have 8 Dems. As a general rule one party rule may appeal to political narcissists and fascists but it s rarely if ever fair or for the people. And yet.,2046785998546407564,,,en,,0,0,0,https://x.com/undefined/status/2046785998546407564,1582388196,
2046785995631145038,Wed Apr 22 02:59:43 +0000 2026,0,Just called out BLUE BUFFALO at $4.17K mcap. My recent call hit 30x! Follow me on https://t.co/4PKOk56NYE app to get instant alerts: https://t.co/9HewzeTIgL https://t.co/n4TmpQBduC,2046785995631145038,https://pbs.twimg.com/media/HGelBBZWsAA0VkM.jpg,,en,,0,0,0,https://x.com/undefined/status/2046785995631145038,1881040211582574592,
2046780202404171927,Wed Apr 22 02:59:42 +0000 2026,6,@CentristMadness Nearly every red state does districting via state houses that are laughably gerrymandered while most blue states used independent commissions. The status quo was massively in R's favor and Trump didn't think that was good enough,2046785993559191689,,CentristMadness,en,,0,0,1,https://x.com/undefined/status/2046785993559191689,1003021633995583489,
2046785991500054804,Wed Apr 22 02:59:42 +0000 2026,9, UAAP Volleyball Season 88 FEU Tamaraws Spikers def. ADMU Blue Eagles in 4 sets! Tams close eliminations at 13-1! Player of the Game: Amet Bituin 21 points | 14 excellent receptions ️ #UAAPSeason88 #FEUTamaraws #TamsSpikers #OneFEU #GoFEU,2046785991500054804,,,en,,0,0,2,https://x.com/undefined/status/2046785991500054804,1511069510,
2046785987246751921,Wed Apr 22 02:59:41 +0000 2026,0,Republicans from Blue states should insist in the future that House GOP leadership have their backs instead of Trump s!!! If they can t make that pledge back another candidate as your Leader! Republicans in CA and now VA got hosed for no reason! #texas,2046785987246751921,,,en,,0,0,0,https://x.com/undefined/status/2046785987246751921,20688358,
2046745675875160292,Wed Apr 22 02:59:40 +0000 2026,0,@shuumoroll retired na ang blue mug hahaha,2046785982943703537,,shuumoroll,tl,,0,1,0,https://x.com/undefined/status/2046785982943703537,1950445187647623168,
2046616983450288510,Wed Apr 22 02:59:38 +0000 2026,5,@Beargirl_1 @wateropossum Earthers get to walk outside into the light breathe pure air look up at a blue sky and see something that gives them hope. And what do they do? They look past that light past that blue sky. They see the stars and they think 'Mine.' -Anderson Dawes The Expanse,2046785974487880043,,Beargirl_1,en,,0,0,1,https://x.com/undefined/status/2046785974487880043,1328172887073828865,
2046785956959715454,Wed Apr 22 02:59:34 +0000 2026,7,FEU Tamaraws(13-1) conclude the elimination round with a four-set win against the ADMU Blue Eagles(7-7) 29-27 25-23 15-25 25-19. Player of the game is Amet Bituin with 21 points from 18 attacks 3 blocks and 14 excellent receptions. #UAAPSeason88 https://t.co/HQWuFmGRpV,2046785956959715454,https://pbs.twimg.com/media/HGek-vaXEAAxA01.jpg,,en,,0,0,1,https://x.com/undefined/status/2046785956959715454,1881032766701305856,
2046592770207330602,Wed Apr 22 02:59:34 +0000 2026,0,@farra80376 @TomTiffanyWI When he voted against expanding ACA subsidies. When these people lose coverage our ERs explode and premiums go up immediately. The marketplace is not affordable nor does it offer good coverage. We have 20+ blue collar families who deserve good health insurance here.,2046785956955500554,,farra80376,en,,0,0,0,https://x.com/undefined/status/2046785956955500554,290186712,
2046785956762792196,Wed Apr 22 02:59:34 +0000 2026,11,blue Jinbe so good https://t.co/zKxWHT70Nm,2046785956762792196,https://pbs.twimg.com/media/HGek-plbEAAR1Al.jpg,,en,,0,2,1,https://x.com/undefined/status/2046785956762792196,724857264,
2046785956057932278,Wed Apr 22 02:59:34 +0000 2026,0,The blue guy ,2046785956057932278,,,en,,0,0,0,https://x.com/undefined/status/2046785956057932278,1453004758646759428,
2046769225402818851,Wed Apr 22 02:59:33 +0000 2026,0,@Noreason1912 @LBSchwartzAZ @IngrahamAngle Good. And soon after another Dem state will do the same. You can thank Texas NC and Missouri for this. I wonder if any of these red states put it out got a vote like the blue states did.,2046785954778611922,,Noreason1912,en,,0,0,0,https://x.com/undefined/status/2046785954778611922,3256887089,
2046746897885679864,Wed Apr 22 02:59:31 +0000 2026,0,@BillWilde388919 @RealSKeshel Gerrymandering is only unethical when Republicans do it. That s what you really wanted to say. Demotards have been gerrymandering for years in blue and purple states now it s only a problem when Republicans return the favor. ‍️,2046785944825848224,,BillWilde388919,en,,0,0,0,https://x.com/undefined/status/2046785944825848224,926330341769469952,
2046643185284161987,Wed Apr 22 02:59:30 +0000 2026,0,@Ghettolyfboy There is a lady here who asked me mbs of 1k yet has blue tick,2046785940702552451,,Ghettolyfboy,en,,0,0,0,https://x.com/undefined/status/2046785940702552451,2570582174,
2046592037492056527,Wed Apr 22 02:59:29 +0000 2026,1,@PalominoOMG @Anna_Giaritelli They're NPCs. You can't just hit them with common sense out of the blue. They'll short circuit. lol,2046785939045863530,,PalominoOMG,en,,0,0,0,https://x.com/undefined/status/2046785939045863530,843953135336878081,
2046598733249368266,Wed Apr 22 02:59:29 +0000 2026,0,@LeeBradl37930 @BlowinOOz @paytriotssuck @OurOwnNation @grok @grok are blue eyes blond hair and white skin considered dominiant or recessive?,2046785937141870953,,LeeBradl37930,en,,1,1,0,https://x.com/undefined/status/2046785937141870953,1764701480294977537,
2046785933186359506,Wed Apr 22 02:59:28 +0000 2026,0,Just called out BLUE BUFFALO at $4.17K mcap. My recent call hit 30x! Follow me on https://t.co/4PKOk56NYE app to get instant alerts: https://t.co/9HewzeTIgL https://t.co/0VcsoQsnTF,2046785933186359506,https://pbs.twimg.com/media/HGek9YJXsAE1RkT.jpg,,en,,0,0,0,https://x.com/undefined/status/2046785933186359506,1881040211582574592,
2046682085667254780,Wed Apr 22 02:59:25 +0000 2026,0,@MattWallace888 @MissBeck12 Chem trails damn weather changing chem trails. Will change a beautiful bright blue sky sunny day into a white sky with no sunshine! Chemicals raining down on our Children our skin in our eyes n nose on our food in our water! ALL HARMFUL CHEMICALS! ,2046785920675070450,,MattWallace888,en,,0,0,1,https://x.com/undefined/status/2046785920675070450,1176544618353065984,
2046757352733397038,Wed Apr 22 02:59:25 +0000 2026,2,@BarackObama Sad when your party has been Gerry meandering blue states for decades. The GOP voters are not even represented in liberal hell hole states today due to the left rigging the electorate. Just go away with your corruption,2046785920485974300,,BarackObama,en,,0,0,0,https://x.com/undefined/status/2046785920485974300,1816467650484297728,
2046536787263168567,Wed Apr 22 02:59:23 +0000 2026,0,@young_ouz23 Sacre blue! C est magnifique! Hehehe vive le pere!,2046785910461882787,,young_ouz23,fr,,0,0,0,https://x.com/undefined/status/2046785910461882787,234039285,
2046190788816888106,Wed Apr 22 02:59:23 +0000 2026,0,@MAKOTOyuh8 Where u bought it at I want one I love blue,2046785910222487917,,MAKOTOyuh8,en,,0,0,0,https://x.com/undefined/status/2046785910222487917,201047558,
2046785907466883237,Wed Apr 22 02:59:22 +0000 2026,0,eww? ⎐كُود⎐⎐تُيموُ⎐ ⊵TEM73⊴ ▬المطار▬ ⊵ARA80⊴ ⎐ستايلي⎐ ⎐WM⊴ ⎐كؤِبُون⎐Electric Blue ^^^ ⎐خـِصم⎐0X3ovLOpLmum https://t.co/7wGYzBvQmQ,2046785907466883237,https://pbs.twimg.com/media/HGek7p0XcAAy87-.jpg,,und,,0,0,0,https://x.com/undefined/status/2046785907466883237,1859351467695443968,
2046759603531141441,Wed Apr 22 02:59:22 +0000 2026,0,@GovernorVA Yes. A win by only .6% In a deep blue state. That ultimately means nothing. Yay for you. ‍️‍️‍️,2046785907286507702,,GovernorVA,en,,0,0,0,https://x.com/undefined/status/2046785907286507702,1022559936,
2046598777570734279,Wed Apr 22 02:59:20 +0000 2026,0,@Mill_Moron I skimmed the comments and checked a couple of other posts in the groups..... It's no different than twitter and the blue check brigrade.... leaked documents from washington could end carney's career before it begins - he's cooked etc etc,2046785899745222800,,Mill_Moron,en,,0,1,0,https://x.com/undefined/status/2046785899745222800,16650779,
2046625434054357483,Wed Apr 22 02:59:19 +0000 2026,1,@TapeesaSablin @UncleJimmy548 @envisionedluna yes and there is more to the proletariat than pure blue collar industry workers you absolute moron.,2046785896868192356,,TapeesaSablin,en,,0,1,0,https://x.com/undefined/status/2046785896868192356,1026212853605228544,
2046759312396087371,Wed Apr 22 02:59:19 +0000 2026,0,@phoenixamI @DemocracyGrl @Cjpearson Lawsuits take time. They sued in 21 but they didn't win untill 22 which was appealed but the State dropped the appeal in 25. Dems miscalculated they assumed more Hispanic districts means more Blue Districts. But Hispanics have moved much more to the right in the last few years.,2046785896721076555,,phoenixamI,en,,0,0,0,https://x.com/undefined/status/2046785896721076555,1368544628,
2046515589888258198,Wed Apr 22 02:59:18 +0000 2026,0,@OreganoStefano @Reuters They don't wanna work in factories. They are extremely picky and think blue collar work is beneath them. They just wanna sit in an office all day and drink coffee. So the manufacturing industry has chronic labor shortages but the youth aren't interested,2046785891621097815,,OreganoStefano,en,,0,0,0,https://x.com/undefined/status/2046785891621097815,2971399340,
2046785888253018458,Wed Apr 22 02:59:17 +0000 2026,0,Sen. Ping Lacson ang galing ng mga Supreme Court PH JUSTICES maghimay ng proseso sa approval process ng SAROs noh? INIISA-ISA ang mga nakasulat sa Special Provisions at TININGNAN ang actual documents ng SARO. Something that the Senate Blue Ribbon Committee DID NOT DO. Ito sana,2046785888253018458,,,tl,,0,0,0,https://x.com/undefined/status/2046785888253018458,1327759796666204160,
2046785886554034493,Wed Apr 22 02:59:17 +0000 2026,0,bravo? ⎐كُود⎐⎐ايهرب⎐ايهيرب اهرب ⊵IQH8946⊴ ⎐مغربى▬للبصرىات⎐ ⊵MM9⊴ ⎐لفل⎐ليفل⎐شوز⎐ ⊵GGG⊴ ⎐كؤِبُون⎐Soft Blue ^^^^ ⎐خـِصم⎐afeTwdTYw3F7 https://t.co/T7p5hUvDiG,2046785886554034493,https://pbs.twimg.com/media/HGek6cDWkAARjfn.jpg,,ar,,0,0,0,https://x.com/undefined/status/2046785886554034493,1949909389298515968,
2046785886319198229,Wed Apr 22 02:59:17 +0000 2026,0,Exterminated? ⎐كُود⎐⎐تُيموُ⎐ ⊵TEM73⊴ ⎐ناتشورال ⊴تاتش⎐ ⊵C49⊴ ⎐عدسات▬اىـوا⎐ ⊵WA741⊴ ⎐كؤِبُون⎐Deep Blue ^^ ⎐خـِصم⎐iYgNVQA1cfoX https://t.co/wisfoNSAwu,2046785886319198229,https://pbs.twimg.com/media/HGek6amW4AA7loV.jpg,,und,,0,0,0,https://x.com/undefined/status/2046785886319198229,812086474187403264,
2046785880560447764,Wed Apr 22 02:59:16 +0000 2026,0,ユウカfigma未開封か、箱傷気になるけど可愛すぎるな figma 早瀬ユウカ 「ブルーアーカイブ -Blue Archive-」 https://t.co/3c6OIpupes,2046785880560447764,,,ja,,0,0,0,https://x.com/undefined/status/2046785880560447764,2035535156845674496,
2046785880312987810,Wed Apr 22 02:59:15 +0000 2026,1,ATLANTIS - Teachers of Light Tribe of Blue Fire Live Concert in Atlantis Copper OricalicumPyramid and indigo amethyst thunder bay Pyrami... - made with NightCafe https://t.co/pDQ0V1kRYT #aiart #nightcafe #digitalart via @NightcafeStudio,2046785880312987810,,,en,,0,0,0,https://x.com/undefined/status/2046785880312987810,1071860876603506691,
2046764344675868702,Wed Apr 22 02:59:15 +0000 2026,1,@DeLo_77 @harryjsisson LMAO you re clueless! A record number of Republicans aren t running for reelection and many seats are favored to go from red to blue in 2026.,2046785878383595582,,DeLo_77,en,,0,0,0,https://x.com/undefined/status/2046785878383595582,912232086211371008,
2046785877742146043,Wed Apr 22 02:59:15 +0000 2026,0,It's incredible to see the efficiency and rapid growth of blue whale calves thanks to their mother's precise milk feeding,2046785877742146043,,,en,,0,0,0,https://x.com/undefined/status/2046785877742146043,552788314,
2046354830491603192,Wed Apr 22 02:59:11 +0000 2026,0,@hurahura1229 The fear of losing is so true None would let go a soul like you. Parting is hard for its love so glued The more is love for in pink n blue. Stay on for love means more always Its the wanting that always stays.,2046785860637765942,,hurahura1229,en,,0,0,0,https://x.com/undefined/status/2046785860637765942,964736036160012289,
2046758045510709315,Wed Apr 22 02:59:10 +0000 2026,0,@summerrdz1 @B0SSH066 @ClayTravis No they didn t. Illinois and other blue states have been gerrymandered to death before Texas redistricted.,2046785858221543678,,summerrdz1,en,,0,0,0,https://x.com/undefined/status/2046785858221543678,1596670185066430477,
2046686087339278481,Wed Apr 22 02:59:09 +0000 2026,0,@TomSteyer Fight who? The whole state is Blue for God's sake. Fight what? The progressive policies that continue to bankrupt and destroy my home?,2046785853939408916,,TomSteyer,en,,0,0,0,https://x.com/undefined/status/2046785853939408916,2794722992,
2046252660613943478,Wed Apr 22 02:59:08 +0000 2026,0,@Breaking57 That was awesome! Go! Blue!,2046785851007320153,,Breaking57,en,,0,0,0,https://x.com/undefined/status/2046785851007320153,1873118113790595072,
2046484972996088058,Wed Apr 22 02:57:45 +0000 2026,0,@AlboMP Ant true blue aussie that votes for this retarded loser albanises is a fuckin fool wake up these cunts need to be depirted to the 3rd world country there supportimg on the boat woth the rest,2046785499550126275,,AlboMP,en,,0,0,0,https://x.com/undefined/status/2046785499550126275,1775790184279494656,
2046494875391279110,Wed Apr 22 02:57:43 +0000 2026,1,@GoonerGamesClub tbh they be drawing flat blue archive girls with B cups nowadays so i see it,2046785491199267188,,GoonerGamesClub,en,,0,0,0,https://x.com/undefined/status/2046785491199267188,1939985020103331840,
2046785486652428321,Wed Apr 22 02:57:42 +0000 2026,0,कहाँ? ⎐كُود⎐⎐ايهرب⎐ايهيرب اهرب ⊵IQH8946⊴ عود ميلانو ⊵A666⊴ ⎐مذركير⎐ ⊵V7971⊴ ⎐كؤِبُون⎐Bright Blue ^^^ ⎐خـِصم⎐89idjULohBXY https://t.co/UHx9nddIH9,2046785486652428321,https://pbs.twimg.com/media/HGekjI0WEAA93HY.jpg,,ar,,0,0,0,https://x.com/undefined/status/2046785486652428321,1889062846937317376,
2046785484081238481,Wed Apr 22 02:57:41 +0000 2026,1,A Biden-appointed federal judge has ruled American taxpayers must continue spending millions of dollars on transgender procedures on children in blue states. Rep. Sheila Cherfilus-McCormick resigned from Congress just hours before the House Ethics Committee was set to issue a,2046785484081238481,,,en,,0,0,0,https://x.com/undefined/status/2046785484081238481,1258209258,
2046755730347192661,Wed Apr 22 02:57:40 +0000 2026,0,@JayTC53 @RigoIrizarry I don t trust these local elections especially in blue states,2046785480541470905,,JayTC53,en,,0,0,0,https://x.com/undefined/status/2046785480541470905,1708727453248884736,
2046767362125226355,Wed Apr 22 02:57:40 +0000 2026,0,@twitlonsuks @barbzilla @CurtisHouck @ScottJenningsKY You clueless ? Blue states count illegals . Red do not . Texas did it in response to Californians gerrymandering. Thats why dems are importing illegals to BLUE states! To count them in the census . Red states do not !,2046785479279030564,,twitlonsuks,en,,0,1,0,https://x.com/undefined/status/2046785479279030564,817599641877233664,
2046390014670446860,Wed Apr 22 02:57:38 +0000 2026,0,@StrangerWho934 @mccndoll @EQuinones6310 @PopBase yeah. so in the last 200 years it's only been done by republicans. blue states have every right to fight back,2046785473209888840,,StrangerWho934,en,,0,2,0,https://x.com/undefined/status/2046785473209888840,1505065382289317890,
2046785470311391383,Wed Apr 22 02:57:38 +0000 2026,1,Always good to walk out of that shit hole with a win. I don t think the city of Flower Mound has beat The Boys in Blue in shit this year. They have 2 schools and they still can t figure them out. Hawks Baseball just took district. Look the fuck out. #Hawksbyamillion #Adam,2046785470311391383,,,en,,0,0,0,https://x.com/undefined/status/2046785470311391383,1907558584571117568,
2046767767269851325,Wed Apr 22 02:57:37 +0000 2026,0,@Roshan_Rinaldi I'm guessing Johnny depp is shall we say of The Blue. https://t.co/CgfXy9HKen,2046785467245367323,https://pbs.twimg.com/tweet_video_thumb/HGekiCwXMAAykHW.jpg,Roshan_Rinaldi,en,,0,0,0,https://x.com/undefined/status/2046785467245367323,1625739776,
2046783751993331974,Wed Apr 22 02:57:33 +0000 2026,1,@RacePopeIII pullman/WSU is why it's blue,2046785451022029258,,RacePopeIII,en,,0,1,0,https://x.com/undefined/status/2046785451022029258,1889423447287275521,
2046765117363368428,Wed Apr 22 02:57:33 +0000 2026,0,@Evan_GoCats @Cernovich Also of you turn this into an arms race Dems are gonna lose. Much more room to do this for Republicans in red states than Democrats in blue states. Mostly because the blue states are already pretty heavily gerrymandered.,2046785449591775451,,SlicinHammer,en,,0,1,0,https://x.com/undefined/status/2046785449591775451,875045184,
2046660710294249766,Wed Apr 22 02:57:32 +0000 2026,1,@SomaKazima2 Oh a lot of companies do this. I have been telling people to buy things signed out. It s not even jet blue. PlayStation doesn t even hide it.,2046785447150436377,,SomaKazima2,en,,0,0,0,https://x.com/undefined/status/2046785447150436377,1231337139033509888,
2046749460361797784,Wed Apr 22 02:57:32 +0000 2026,1,@HCA_Assessor @GinoHard_ Don even have a blue check mark. Just rage baiting for the love of the game. Respect cause your take is terrible,2046785445070057758,,HCA_Assessor,en,,0,0,0,https://x.com/undefined/status/2046785445070057758,374472288,
2046605275151397001,Wed Apr 22 02:57:28 +0000 2026,2,@bluvoodoo1 @soulqueen500 Ah yes nepotism at its finest. I m sure if Mike was alive his kids would jump on stage with him too. Alas the chance never came up. You gonna buy the new blue ivy record? Wait is there one? Let me google.,2046785427772731895,,bluvoodoo1,en,,0,0,0,https://x.com/undefined/status/2046785427772731895,1489315640,
2046699067640602904,Wed Apr 22 02:57:27 +0000 2026,0,@AbdulElSayed Spoken like a true retard. As blue states raised taxes on everything cause the USA ID has been cut off now. They scramble to refund all their bullshit and going to make the people pay. Just look at the gas prices in your states.,2046785426300772714,,AbdulElSayed,en,,0,1,0,https://x.com/undefined/status/2046785426300772714,1586427116249182208,
2046754814197895313,Wed Apr 22 02:57:27 +0000 2026,0,@mmpadellan A win by .6% In a huge blue state. Congratulations on accomplishing absolutely nothing. ,2046785424392090012,,mmpadellan,en,,0,0,0,https://x.com/undefined/status/2046785424392090012,1022559936,
2046785416192254058,Wed Apr 22 02:57:25 +0000 2026,0,There should be stores that sell the same shade of black clothing all through. From socks to full outfits same shade of black black not blue black or green black. Black black,2046785416192254058,,,en,,0,0,0,https://x.com/undefined/status/2046785416192254058,2741661071,
2046640886260318290,Wed Apr 22 02:57:22 +0000 2026,0,@no_capitals @paulsaladinomd No study has been able to prove a real benefit from blue light glasses. According to current knowledge it's just a placebo.,2046785402921513282,,no_capitals,en,,0,0,0,https://x.com/undefined/status/2046785402921513282,14122374,
2046785402355200263,Wed Apr 22 02:57:22 +0000 2026,0,Blue states did a fair maps commission Red states did none and have been stealing seats for the past decade,2046785402355200263,,,en,,0,0,0,https://x.com/undefined/status/2046785402355200263,1955829409224458240,
2046667043433283686,Wed Apr 22 02:57:20 +0000 2026,0,@Swag_K1RBY Of course it is Blue Pedo. People with damn fragile ego and 0 social interaction,2046785397821497527,,Swag_K1RBY,en,,0,0,0,https://x.com/undefined/status/2046785397821497527,1374627961,
2046785389130650055,Wed Apr 22 02:57:19 +0000 2026,0,Always carrying that brown briefcase; it doesn't look very heavy and he's always dressed in a suit:gray brown almost every Monday he's black or navy blue. All he knows is that his last name is Nanami Gojo admits to sometimes listening to his phone conversations by mistake.,2046785391265558998,,sxniott,en,,0,1,0,https://x.com/undefined/status/2046785391265558998,1456087146734002183,
2046679789373943884,Wed Apr 22 02:57:17 +0000 2026,0,@BDJ542844051802 You're blue-sky speculating. There's no one with Poilievre's skill and political presence waiting in the wings. January 2026 Poilievre received support over 87% approval as leader.,2046785382805856385,,BDJ542844051802,en,,0,0,0,https://x.com/undefined/status/2046785382805856385,1661212880883294210,
2046608018520125483,Wed Apr 22 02:57:16 +0000 2026,1,@TRUMP_ARMY_ She s not entirely correct. The second Ice Age has been coming to an end for 15 000 years glaciers worth thousands of feet thick that s what made the Blue Ridge Mountains was left in the second Ice Age or the polar cap we have today so we re technically in the second Ice age stil,2046785380435869712,,TRUMP_ARMY_,en,,0,0,0,https://x.com/undefined/status/2046785380435869712,1541925039221653504,
2046767511467676007,Wed Apr 22 02:57:16 +0000 2026,2,@GlennYoungkin @hughhewitt Close losses are losses. We can t be happy about being close. People need to leave blue states and it has gone from purple to blue. They have the Governor both senators now 10/11 house members as well as both chambers of Virginia state legislature. All facts no opinions.,2046785380016357426,,GlennYoungkin,en,,0,0,0,https://x.com/undefined/status/2046785380016357426,45245629,
2046785379135877522,Wed Apr 22 02:57:16 +0000 2026,0,Sticking? ⎐كُود⎐⎐نون⎐ ⊵NKW⊴ ⎐الشمس⎐والرمال⎐صن⎐اند⎐ساند⎐ ⊵ABC31⊴ ⎐دبدوب⎐ ⊵A5⊴ ⎐كؤِبُون⎐Bright Blue ^^^ ⎐خـِصم⎐smLZpdhIg6xty https://t.co/z5VTG9MzNg,2046785379135877522,https://pbs.twimg.com/media/HGekcuJakAAu802.jpg,,und,,0,0,0,https://x.com/undefined/status/2046785379135877522,2191958144,
2046737830303445333,Wed Apr 22 02:57:13 +0000 2026,0,@RepJeffries Can t wait to see how upset you re going to be when act blue is shut down for fraud . It s becoming more apparent every day Democrats are the enemy within,2046785368012313006,,RepJeffries,en,,0,0,0,https://x.com/undefined/status/2046785368012313006,1586570221082615809,
2046785361276539090,Wed Apr 22 02:57:12 +0000 2026,0,Tiffany &amp; Co. Reveals Blue Book 2026: Hidden Garden in New York https://t.co/p1KKooqC85,2046785361276539090,,,en,,0,0,0,https://x.com/undefined/status/2046785361276539090,3003860652,
2046771278338462078,Wed Apr 22 02:57:12 +0000 2026,0,@44MagnumBlue1 Here it is again - that thought provoking picture that causes you to stop and think about everything that is happening in this picture. Marines as pall bearers for a fallen comrade and a young boy with his own thoughts watching. Sad times. Good night Blue. ️🇺🇸,2046785361154580971,,44MagnumBlue1,en,,0,0,0,https://x.com/undefined/status/2046785361154580971,632461028,
2046781823523659916,Wed Apr 22 02:57:11 +0000 2026,0,@FerreeGreg @MattH_4America Missouri also went red and the biggest majority of those blue areas in Virginia will vote red. Like California there's litigation tied up in courts they can't redistrict until all things are settled,2046785359908945945,,FerreeGreg,en,,0,0,0,https://x.com/undefined/status/2046785359908945945,1586396481283624961,
2046701786359017936,Wed Apr 22 02:57:09 +0000 2026,0,@cluelo I like the red he goes good with blue and I like blue blues my favorite color,2046785350518083879,,cluelo,en,,0,0,0,https://x.com/undefined/status/2046785350518083879,1541524607874002944,
2046767511467676007,Wed Apr 22 02:57:08 +0000 2026,1,@1Sean_Connors @GlennYoungkin @derrickstheman Why do you all keep forgetting that there are several other blue areas in VA??,2046785347393122785,,1Sean_Connors,en,,0,2,0,https://x.com/undefined/status/2046785347393122785,69050298,
2046773235350446133,Wed Apr 22 02:57:08 +0000 2026,1,@MrAustinPredict Election fraud happens in every blue state. Virginia is no different.,2046785343765299413,,MrAustinPredict,en,,0,0,0,https://x.com/undefined/status/2046785343765299413,1684191861240483846,
2046785330121155023,Wed Apr 22 02:57:05 +0000 2026,24,I'm only replying cause there's no blue check so just being dumb for love of the game like god intended.,2046785332436492505,,ChadMoriyama,en,,0,0,0,https://x.com/undefined/status/2046785332436492505,110675273,
2046779186585493893,Wed Apr 22 02:57:04 +0000 2026,0,@JohnnyGiunta_ Im begging for one bad thing to happen to the Blue Jays,2046785329961574477,,JohnnyGiunta_,en,,0,0,0,https://x.com/undefined/status/2046785329961574477,1130659499247849477,
2046757096981479744,Wed Apr 22 02:57:03 +0000 2026,1,@toddstarnes Sure buddy! Let s see how that works out for ya. Remember who started this? Thank Trump. Mid-terms are going to be lit! Blue wave coming! ,2046785322898329771,,toddstarnes,en,,0,0,0,https://x.com/undefined/status/2046785322898329771,1930707511923134465,
2046785322025935228,Wed Apr 22 02:57:02 +0000 2026,0,thobela? ⎐كُود⎐⎐ايهرب⎐ايهيرب اهرب ⊵IQH8946⊴ ⎐ذي▬بيوتي▬سيكرتس⎐ ⊴D37⊴ ⎐الدخيل▬للعود⎐ ⊵BS26⊴ ⎐كؤِبُون⎐Cool Blue ^^^^ ⎐خـِصم⎐QhWC0X0bb4Fi https://t.co/9Hxc3JZYdE,2046785322025935228,https://pbs.twimg.com/media/HGekZlwXcAAHb9W.jpg,,ar,,0,0,0,https://x.com/undefined/status/2046785322025935228,1842745305067864064,
2046785321879163308,Wed Apr 22 02:57:02 +0000 2026,0,tschau? ⎐كُود⎐⎐نون⎐ ⊵KW44⊴ ⎐ريف▬للعطور⎐ ⊵OMG⊴ ⎐جىني⎐ ⊵AAK1⊴ ⎐كؤِبُون⎐Deep Blue ^^ ⎐خـِصم⎐AtyJNdfzP6IdB https://t.co/nl5i8pQg5u,2046785321879163308,https://pbs.twimg.com/media/HGekZf5WoAAI28s.jpg,,und,,0,0,0,https://x.com/undefined/status/2046785321879163308,1898753692427550720,
2046504939703112097,Wed Apr 22 02:57:02 +0000 2026,0,@kosko_e23277 @ItzSimplymike @GigglingGanon I don t hate police. If you would pull your head out of your ass you would know the agent didn t identify because he was investigating this department for corruption. The cop is a blue collar dumb dick who realized he was being investigated and wanted to make a problem.,2046785321598091690,,kosko_e23277,en,,0,0,0,https://x.com/undefined/status/2046785321598091690,1713008713785556992,
2046785321346699325,Wed Apr 22 02:57:02 +0000 2026,0,Enclosed? ⎐كُود⎐⎐نون⎐ ⊵NKW⊴ ▬اتش▬اند▬ام▬H&amp;M ⎐ATC4⎐ ▬اندر▬ارمور▬ارمر▬ ⎐BE70⎐ ⎐كؤِبُون⎐Rich Blue ^^ ⎐خـِصم⎐xAlv32cbgT3h https://t.co/Vl1O7uwF3f,2046785321346699325,https://pbs.twimg.com/media/HGekZWCbkAAEWfn.jpg,,und,,0,0,0,https://x.com/undefined/status/2046785321346699325,3161518577,
2046625407592546465,Wed Apr 22 02:57:01 +0000 2026,0,@White_obj @MrAbbeetim I mean Goku s only ssj while vegeta for some reason is in blue which obviously is a lot stronger so you might wanna rethink that,2046785316829151332,,White_obj,en,,0,0,0,https://x.com/undefined/status/2046785316829151332,1809342508897636352,
2046773366216937937,Wed Apr 22 02:56:30 +0000 2026,0,@ryangrim ...a part of community x y or z I bet the overwhelming majority of ballots in the country would paint a picture of much more compact ideologically diverse districts than anything we've got now. (I highly doubt my extremely blue urban neighborhood would still be the...,2046785184477896816,,UnitedShoes,en,,0,1,0,https://x.com/undefined/status/2046785184477896816,755704002,
2046778768090661052,Wed Apr 22 02:56:29 +0000 2026,1,@wearysparrows You noticed the hues going from warm orange to blue... my fcking goat thank you for your words bb i LOVE U,2046785184154972423,,wearysparrows,en,,0,0,0,https://x.com/undefined/status/2046785184154972423,1946551123055177728,
2046769263021555863,Wed Apr 22 02:56:29 +0000 2026,1,@ProudElephant All of the blue areas are full of illegals,2046785182800261149,,ProudElephant,en,,1,0,0,https://x.com/undefined/status/2046785182800261149,2739916759,
2046785179587383370,Wed Apr 22 02:56:28 +0000 2026,0,tf that blue haired woman so bright https://t.co/zjBOCkNwAJ,2046785179587383370,https://pbs.twimg.com/media/HGekIQLWIAAXJbW.jpg,,en,,0,0,0,https://x.com/undefined/status/2046785179587383370,1972487480567033856,
2046785154761322876,Wed Apr 22 02:56:23 +0000 2026,0,It s only on bad days so like once in a blue moon IF that. It s only happened once,2046785157252710806,,lakeslaika,en,,0,0,0,https://x.com/undefined/status/2046785157252710806,1452319008892624903,
2046770990068191299,Wed Apr 22 02:56:21 +0000 2026,0,@tommylugauer Doing this without twitter blue and the love of the game https://t.co/rIj3X6wFQF,2046785146817327525,https://pbs.twimg.com/tweet_video_thumb/HGekPbqXYAAY_IO.jpg,tommylugauer,en,,0,0,0,https://x.com/undefined/status/2046785146817327525,711242885962735616,
2046785142853607739,Wed Apr 22 02:56:20 +0000 2026,0,متى? ⎐كُود⎐⎐ترينديول⎐ ⊵OMM⊴ عود ميلانو ⊵A666⊴ ⎐مذركير⎐ ⊵V7971⊴ ⎐كؤِبُون⎐Dust Blue ^^ ⎐خـِصم⎐0MKV79IfN8C8 https://t.co/9MYRyuT80f,2046785142853607739,https://pbs.twimg.com/media/HGekPN0WYAAc7Q0.jpg,,ar,,0,0,0,https://x.com/undefined/status/2046785142853607739,1484578730823634952,
2046783325302591804,Wed Apr 22 02:56:18 +0000 2026,0,@WorldWideWob Dang all those blue cirlces right at the rim. That alley to williams would not have happened if he was there.,2046785137996681337,,WorldWideWob,en,,0,0,0,https://x.com/undefined/status/2046785137996681337,1597375655892733952,
2045576972802171254,Wed Apr 22 02:56:17 +0000 2026,0,@factorjay1 @AriFleischer Ok don't listen. Also kindly don't presume yourself superior for working a production job. We all work - while collar or blue. Lunch pail or otherwise - everyone works.,2046785133705900196,,factorjay1,en,,0,0,0,https://x.com/undefined/status/2046785133705900196,1093843585,
2046773113577234811,Wed Apr 22 02:56:17 +0000 2026,0,@OcrazioCornPop Can you tell me why all of sudden we see maps that show blue in republican districts and red in democratic districts? They see how bad the vote looks on the map and how overwhelming red would look so they switch the colors. https://t.co/ywaq9HI3QS,2046785132875415831,https://pbs.twimg.com/media/HGekOxEWwAAihT9.jpg,OcrazioCornPop,en,,0,0,0,https://x.com/undefined/status/2046785132875415831,1713354016942399488,
2046785129742475655,Wed Apr 22 02:56:17 +0000 2026,8,Extra Onhand Mahagrid Items- ready to ship via J&amp;T only No Future Green Hoodie Large ₱900 + LSF Disorder Pigment Sweatshirt Blue Large ₱900 + LSF Love Punk Pigment Sweatshirt Beige Large ₱890 + LSG -Pls reply mine + item https://t.co/lLMZPURp0a,2046785129742475655,https://pbs.twimg.com/media/HGekIF_aEAA65xA.jpg,,en,,0,1,0,https://x.com/undefined/status/2046785129742475655,110586567,
2046691830587134329,Wed Apr 22 02:56:15 +0000 2026,0,@IAPonomarenko It's always a blue ticked account posting stupidbrage bait tweets because they need the money from the ads.,2046785122540872011,,IAPonomarenko,en,,0,0,0,https://x.com/undefined/status/2046785122540872011,976736563534032896,
2046785113145462936,Wed Apr 22 02:56:13 +0000 2026,0,ATLANTIS - Teachers of Light Tribe of Blue Fire Live Concert in Atlantis Copper OricalicumPyramid and indigo amethyst thunder bay Pyrami... - made with NightCafe https://t.co/lqjLh9Dj6s #aiart #nightcafe #digitalart via @NightcafeStudio,2046785113145462936,,,en,,0,0,0,https://x.com/undefined/status/2046785113145462936,1071860876603506691,
2046776371603464503,Wed Apr 22 02:56:10 +0000 2026,1,@_fat_ugly_rat_ Virginia is blue but it s a goody goody blue state with a mix of independents that like honesty and Dems that don t like fighting with fire. They care about decency and decorum and civility and not going too far in partisanship. But it s blue leaning regardless,2046785102110425256,,_fat_ugly_rat_,en,,0,0,0,https://x.com/undefined/status/2046785102110425256,1984799251629846529,
2046781032750285097,Wed Apr 22 02:56:09 +0000 2026,0,@SMM1913725 @DefiantLs OptumRx is used by more than just United. Blue plans use it as well. It's the main PBM in the nation.,2046785098130010312,,SMM1913725,en,,0,0,0,https://x.com/undefined/status/2046785098130010312,1692749181830758400,
2046364346461114786,Wed Apr 22 02:56:09 +0000 2026,0,@goddessxjaim I ve always loved the pretty sets like these! I ve been waiting for a teal/blue one cause gosh forbid ya girly likes blue more than pink ,2046785097609678978,,goddessxjaim,en,,0,0,0,https://x.com/undefined/status/2046785097609678978,1245862324088590336,
2046785097504813359,Wed Apr 22 02:56:09 +0000 2026,0,Serviette? ⎐كُود⎐⎐نون⎐ ⊵QT55⊴ ⎐جيت-▬باك▬-جت▬باك -⎐ ⊵AJP25⊴ ▬فوتلوكر▬فوت▬لوكر ◗A332◖ ⎐كؤِبُون⎐Royal Blue ^^^ ⎐خـِصم⎐0KWfNBHkfzVM https://t.co/ieFSWmMe8m,2046785097504813359,https://pbs.twimg.com/media/HGekMhCWEAALRQd.jpg,,und,,0,0,0,https://x.com/undefined/status/2046785097504813359,1274823777264828416,
2046785094212628750,Wed Apr 22 02:56:08 +0000 2026,6,baby blue,2046785094212628750,,,en,,0,0,0,https://x.com/undefined/status/2046785094212628750,3012350599,
2046776380751523992,Wed Apr 22 02:56:07 +0000 2026,0,@Mari3Q3 The Blue Bird https://t.co/mlaEWasvPm,2046785088831311960,https://pbs.twimg.com/media/HGekExsaQAAuN4F.jpg,Mari3Q3,en,,0,0,0,https://x.com/undefined/status/2046785088831311960,104567424,
2046625434054357483,Wed Apr 22 02:56:06 +0000 2026,0,@UncleJimmy548 @roejosenquist @envisionedluna If you change the definition of blue collar to fit my deranged leftist view then service work is blue collar (it isn t),2046785086813524130,,UncleJimmy548,en,,0,1,0,https://x.com/undefined/status/2046785086813524130,1580746107830910977,
2046785086650040808,Wed Apr 22 02:56:06 +0000 2026,0,I'm an Independent. I'm not voting Blue. I'm not voting Red. I'm voting based on What does this candidate offer me? Will gas prices match the other 49 states? Will this candidate take wildfires seriously? Lower taxes? Make me pay for others healthcare? Steve Hilton is the guy,2046785086650040808,,,en,,0,0,0,https://x.com/undefined/status/2046785086650040808,1807908642022420481,
2046785084947300535,Wed Apr 22 02:56:06 +0000 2026,8,Hand crafted jade Treasure of the Orient Mother of Pearl And rubies by the dozen None compare to oceans blue And a sky that never ends Sand as far as you can see And the warm and comfort rays Of an endless summer sun Give me life vitality So I can live longevity #vss365,2046785084947300535,,,en,,0,1,0,https://x.com/undefined/status/2046785084947300535,844263379,
2046777901207441645,Wed Apr 22 02:56:04 +0000 2026,1,@JoelWebbon Reagan is the guy that turned California blue for all eternity. He's hardly someone we should look up to.,2046785075186892827,,JoelWebbon,en,,0,0,0,https://x.com/undefined/status/2046785075186892827,1602513920463458304,
2046744750665969808,Wed Apr 22 02:56:03 +0000 2026,0,@BurnerBarbieUSA @mschlapp Aside from blue areas in a few of them red states and upscale is like gop gatherings and Grindr not crashing doesn t happen,2046785074813632854,,BurnerBarbieUSA,en,,0,0,0,https://x.com/undefined/status/2046785074813632854,1219442135130345472,
2046251612507611470,Wed Apr 22 02:56:03 +0000 2026,0,@_6signxxx Nessa parte aqui a Blue purinha https://t.co/1qu4s6VmjE,2046785074352275825,https://pbs.twimg.com/media/HGekLc4WMAAMBhc.jpg,_6signxxx,pt,,0,0,0,https://x.com/undefined/status/2046785074352275825,1669126228467499009,
2046754383707148505,Wed Apr 22 02:56:00 +0000 2026,0,@oxymeta @LauraE1790064 @hakeemjeffries Only the blue cesspools vote stupidly most of TEXAS is RED. https://t.co/g45ibMAOvX,2046785059835793737,https://pbs.twimg.com/tweet_video_thumb/HGekKSiWYAAQOVa.jpg,oxymeta,en,,0,0,0,https://x.com/undefined/status/2046785059835793737,1665420294176096256,
2046768684849320271,Wed Apr 22 02:56:00 +0000 2026,0,@JulesWinn2517 @IngrahamAngle Tell me why either map was good or bad. Just data please. Is it based on blue or red or based on electorate across the state Give me something to consider.,2046785059001180560,,JulesWinn2517,en,,0,1,0,https://x.com/undefined/status/2046785059001180560,416533072,
2046758830391116252,Wed Apr 22 02:55:59 +0000 2026,0,@r1zzidentevilll I will admit his eyes are more grey blue than blue but very pretty to me Everyone is allowed their own preferences but I feel like this want for him with brown eyes just feels new &amp; weird &amp; no expected? Thought everyone was like Leon is perfect the way he is lol,2046785055255634086,,r1zzidentevilll,en,,0,0,0,https://x.com/undefined/status/2046785055255634086,1240325234,
2046785050390462825,Wed Apr 22 02:55:58 +0000 2026,36,8 years ago on April 22 2018 Red vs Blue Season 16 released! https://t.co/DIXkuMlYDe,2046785050390462825,https://pbs.twimg.com/amplify_video_thumb/2046784944597602304/img/E38uS0q1m8X9YffY.jpg,,en,,1,2,6,https://x.com/undefined/status/2046785050390462825,1056003169195483137,
2046773636627837424,Wed Apr 22 02:55:55 +0000 2026,0,@jjverdi Lived in Austin and Houston for decades. It has been a while but Carter and Anne Richards won. The rest has been closer purple than maga and the GOP lets on. It will be blue soon.,2046785037954056299,,jjverdi,en,,0,0,0,https://x.com/undefined/status/2046785037954056299,1675268023307976705,
2046785016559001993,Wed Apr 22 02:55:50 +0000 2026,0,All conservatives should leave blue states and move to red ones. Secure the electoral votes. Is your job more important than your grandchildren's future? I left MA to go to NH myself,2046785016559001993,,,en,,0,0,0,https://x.com/undefined/status/2046785016559001993,918156942681559040,
2046785016487645193,Wed Apr 22 02:55:50 +0000 2026,1,Do you like Chrome Blue Tesla? https://t.co/03fPQ5OzI4,2046785016487645193,https://pbs.twimg.com/media/HGekHneX0AAHmLN.jpg,,en,,0,0,0,https://x.com/undefined/status/2046785016487645193,1988399816842588160,
2046759603531141441,Wed Apr 22 02:55:49 +0000 2026,1,@qc_cin @GovernorVA Those blue areas? Voter fraud,2046785012822061280,,qc_cin,en,,0,0,0,https://x.com/undefined/status/2046785012822061280,3116606010,
2046785009865113604,Wed Apr 22 02:55:48 +0000 2026,3,sawくんのBlue Ignazと一緒にドリルパープル、M3-2026春、参加します️ ドリルパープル新譜 【purple energy2】 Blue Ignaz×ドリルパープル 【discover】 サークル名:Blue Ignaz スペース:第ニ展示場 1F い-27a 2026年 4月26日(日) 10時30分 https://t.co/YNpg6nGsrL #M3春 #M3春2026,2046785009865113604,,,ja,,0,0,2,https://x.com/undefined/status/2046785009865113604,41791821,
2046573890541941240,Wed Apr 22 02:55:46 +0000 2026,0,@nicksortor President Trump is right- they are damaging the negotiations. Whose side are they on? It s kinda obvious and makes most true blue Americans very angry.,2046785002059252148,,nicksortor,en,,0,0,0,https://x.com/undefined/status/2046785002059252148,1515801566988623881,
2046785001736343840,Wed Apr 22 02:55:46 +0000 2026,0,Enjoy the 10D-1R map and the victory laps. But when Virginia s taxes soar businesses leave for red states schools keep declining and quality of life tanks like in California and other U.S. blue states the people celebrating this narrow power grab will be silent AF.,2046785001736343840,,,en,,0,0,0,https://x.com/undefined/status/2046785001736343840,1891640148619821056,
2046769378033627556,Wed Apr 22 02:55:43 +0000 2026,0,@AriFleischer And by that you mean republicans could be able to politically gerrymander the fuck out of Texas and other red states but democrats must always see to it that blue state districts are scrupulously drawn so every white republican gets representation.,2046784990621421806,,AriFleischer,en,,0,0,0,https://x.com/undefined/status/2046784990621421806,1930301974286680064,
2046757352733397038,Wed Apr 22 02:55:43 +0000 2026,0,@BarackObama Republicans NOT represented in blue states. HI: 38% Republican 0 seats DE: 42% Republican 0 seats Also as to some of the blue states that were benevolent enough to give us a smidgen CA: 38% Republican only 9 of 52 seats (17.3%) IL: 44% Republican only 3 of 17 seats (17.6%,2046784988494905722,,BarackObama,en,,0,0,0,https://x.com/undefined/status/2046784988494905722,1518780024815595520,
2046784982182764935,Wed Apr 22 02:55:41 +0000 2026,2,I believe the female population in general should increase imagine a man shouting at another male politician raising concern They would have beaten him black and blue there itself A woman's wrath is a kryptonite to a civilized man,2046784982182764935,,,en,,0,0,0,https://x.com/undefined/status/2046784982182764935,1742172819478462464,
2046690755712897379,Wed Apr 22 02:55:37 +0000 2026,1,@thenuggetdino Someone gift me blue flame fr,2046784965766214085,,thenuggetdino,en,,0,0,0,https://x.com/undefined/status/2046784965766214085,1228168735682256897,
2046784852285100266,Wed Apr 22 02:55:10 +0000 2026,0,うわあ? ⎐كُود⎐⎐ترينديول⎐ ⊵OMM⊴ ⎐اديداس⎐ ⊵RAN256⊴ ▬لىفل▬شوز▬لىفىل▬ ⊵KLM⊴ ⎐كؤِبُون⎐Shadow Blue ^^^ ⎐خـِصم⎐0sIuiXdCHiNu https://t.co/ccSZnRXd7X,2046784852285100266,https://pbs.twimg.com/media/HGej96xa4AAS0Ee.jpg,,ja,,0,0,0,https://x.com/undefined/status/2046784852285100266,1245401735952293888,
2046582887902785632,Wed Apr 22 02:55:10 +0000 2026,0,@Anna_xb2 Little bear Bear and the big blue house Fuck all yall,2046784849827287276,,Anna_xb2,en,,0,0,0,https://x.com/undefined/status/2046784849827287276,1605398992333942784,
2046783247569346648,Wed Apr 22 02:55:09 +0000 2026,0,@DannyKPolitics Not anymore blue is the color of extremism,2046784846156976270,,DannyKPolitics,en,,0,0,0,https://x.com/undefined/status/2046784846156976270,1926937625950121984,
2046626495137820951,Wed Apr 22 02:55:08 +0000 2026,0,@RHEasingwoodII @bennyjohnson At least Dem states gave citizens chance to vote. In Texas and other Repub states the legislatures just did it without input. I live in GA controlled by Repubs. I live in a college town reliably a blue dot. GA Repubs didn t like that so they redrew town split down middle.,2046784842818302034,,marymargrets,en,,0,0,0,https://x.com/undefined/status/2046784842818302034,930777564,
2046784823344390606,Wed Apr 22 02:55:03 +0000 2026,0,Land? ⎐كُود⎐⎐نون⎐ ⊵QT55⊴ ▬بلوار▬ ⎐AA54⎐ ▬سكوات▬وولف▬ ⎐R79⎐ ⎐كؤِبُون⎐Velvet Blue ^^^ ⎐خـِصم⎐Xc1xk0r8xX9a https://t.co/qHmIdRV2RR,2046784823344390606,https://pbs.twimg.com/media/HGej8UgbcAATpIQ.jpg,,und,,0,0,0,https://x.com/undefined/status/2046784823344390606,3161518577,
2046254385294913822,Wed Apr 22 02:55:01 +0000 2026,0,@StillADog Vote for blue,2046784814926447064,,StillADog,en,,0,0,0,https://x.com/undefined/status/2046784814926447064,1390139193997750274,
2046779995478003806,Wed Apr 22 02:55:01 +0000 2026,1,@Ayanarinashi My emoshi should be known for his love of Blue Men ,2046784814431305903,,Ayanarinashi,en,,0,0,0,https://x.com/undefined/status/2046784814431305903,921242578854428672,
2046668365121626377,Wed Apr 22 02:55:01 +0000 2026,0,@RepPettersen It isn t secure. Blue areas Refuse to update voter rosters. Issue illegals drivers licenses tied to voting. Ignore any validation requirements like signature matching. The only thing secure about it is guaranteed fraud.,2046784811616907459,,RepPettersen,en,,0,0,0,https://x.com/undefined/status/2046784811616907459,1765084797217783809,
2046784809976893565,Wed Apr 22 02:55:00 +0000 2026,1,Kona HI - Marlin Magic released a Blue Marlin. https://t.co/zA4jA4IAef,2046784809976893565,https://pbs.twimg.com/media/HGej69xXgAEr68x.jpg,,en,,0,0,0,https://x.com/undefined/status/2046784809976893565,40799578,
2046750841562968488,Wed Apr 22 02:54:59 +0000 2026,0,@IngrahamAngle The vote was 51.4% yes and 48.6% no which proves that 10 blue and 1 red is an extremely fraudulent representation. Nearly half of the state has been disenfranchised. You can vote your way into communism but you can't vote your way out. Prepare.,2046784805522608534,,IngrahamAngle,en,,0,0,0,https://x.com/undefined/status/2046784805522608534,954901135910998017,
2046784788766310514,Wed Apr 22 02:54:55 +0000 2026,0,哇哈哈? ⎐كُود⎐⎐نمشي⎐ ⊵MFM2⊴ ⎐ديفاكتو▬defacto▬ ⊵DC10⊴ ⎐فيرنز▬اند▬بيتل⎐ ⊵P40⊴ ⎐كؤِبُون⎐Warm Blue ^^^ ⎐خـِصم⎐OsFEameRzYWs https://t.co/Xv3steiqfT,2046784788766310514,https://pbs.twimg.com/media/HGej6eBX0AAIpX7.jpg,,ar,,0,0,0,https://x.com/undefined/status/2046784788766310514,1885096459667656704,
2046784788087152881,Wed Apr 22 02:54:55 +0000 2026,0,Nana? ⎐كُود⎐⎐نون⎐ ⊵NKW⊴ ▬تطبيق▬EZHIRE▬لتاجير▬السيارات▬ ⎐D48⎐ ▬مترو▬برازىل⎐ ⊵DZKD⊵ ⎐كؤِبُون⎐Dark Blue ^^^ ⎐خـِصم⎐vTg1ee7f2KD8 https://t.co/GsOnLhcesa,2046784788087152881,https://pbs.twimg.com/media/HGej6ZKaIAAc9Sm.jpg,,und,,0,0,0,https://x.com/undefined/status/2046784788087152881,1326557104031805441,
2046784787688599753,Wed Apr 22 02:54:55 +0000 2026,0,@LisaForCongress you &amp; your GOPER peers are in for a rude awakening from here on out! But you already know that! At least blue states give their constituents a voice in legal voting rights. By the way your frowning face standing with Speaker Johnson is making you age FAST!,2046784787688599753,,LisaForCongress,en,,0,0,0,https://x.com/undefined/status/2046784787688599753,415639781,
2046784785880854905,Wed Apr 22 02:54:55 +0000 2026,0,कब? ⎐كُود⎐⎐ترينديول⎐ ⊵OMM⊴ ⎐دكتور▬نيوترشن▬ ⎐M80⎐ ⎐مجوهرات▬داماس▬damas⎐ ⎐GOLD1⎐ ⎐كؤِبُون⎐Bright Blue ^^^^ ⎐خـِصم⎐Wvu1MxobuFzP https://t.co/Q03Birgezr,2046784785880854905,https://pbs.twimg.com/media/HGej5_gboAAmK_a.jpg,,und,,0,0,0,https://x.com/undefined/status/2046784785880854905,1889792561771884544,
2046378813248942495,Wed Apr 22 02:54:54 +0000 2026,0,@711DickPill @QuangNg1301 @esjesjesj And confused why you called me a yellow PFP bot. Despite the YouTube link blue check mark that you have to be verified for and the countless videos and photos I have of myself on here. So calling you a boomer seemed to fit.,2046784782688747992,,711DickPill,en,,0,0,0,https://x.com/undefined/status/2046784782688747992,1405353296756461574,
2046784780923175043,Wed Apr 22 02:54:53 +0000 2026,2,So many new blue archive larps...do not cone to my town.,2046784780923175043,,,en,,0,1,0,https://x.com/undefined/status/2046784780923175043,1857942746989998080,
2046784764976451716,Wed Apr 22 02:54:50 +0000 2026,0,It was a beautiful afternoon of seva in Calgary Alberta! 150 meals were served to the city s most vulnerable population. As we continue this seva month after month the city of Calgary is demonstrating recognition of Khalsa Aid when the community sees the blue https://t.co/zBA1hWqBvK,2046784764976451716,https://pbs.twimg.com/media/HGej5TibwAAqwNn.jpg,,en,,0,0,0,https://x.com/undefined/status/2046784764976451716,993840133718720513,
2046784764116398107,Wed Apr 22 02:54:49 +0000 2026,0,Vintage Cookie Gift Container Jar with Lid Blue Green Trees Yellow Stars Cardboard https://t.co/RDWVFmaZtM via @Etsy,2046784764116398107,,,en,,0,0,0,https://x.com/undefined/status/2046784764116398107,726819050,
2046778040374776127,Wed Apr 22 02:54:48 +0000 2026,0,@Hockey_Is_All No way a blue jays fan is complaining about batted ball luck now ive seen EVERYTHING now,2046784757086785770,,Hockey_Is_All,en,,0,1,0,https://x.com/undefined/status/2046784757086785770,1924974737236905984,
2046784753886548155,Wed Apr 22 02:54:47 +0000 2026,1,Kill Blue começa com uma ideia simples mas que funciona. Um assassino preso no corpo de uma criança tentando lidar com escola rotina e até grupo de mensagens. Ainda não impressiona tecnicamente mas o protagonista segura tudo. Leia no KaBanGo: https://t.co/NyqolMunu7 https://t.co/xptloZg5oK,2046784753886548155,https://pbs.twimg.com/media/HGej4XwWMAAQddy.jpg,,pt,,0,0,0,https://x.com/undefined/status/2046784753886548155,1844091475262410752,
2046784751282143297,Wed Apr 22 02:54:46 +0000 2026,0,PERSONEL POLSEK KOTA PINANG POLRES LABUHANBATU SELATAN MELAKSANAKAN KRYD DAN PATROLI BLUE LIGHT DIWILKUM KOTA PINANG #poldasumut #divisihumaspolri #patroli #semuaorang #sorotan https://t.co/YiDCq2IjgV,2046784751282143297,https://pbs.twimg.com/media/HGej4O3bAAAxJdl.jpg,,in,,0,0,0,https://x.com/undefined/status/2046784751282143297,1998252654036979712,
2046765647124689157,Wed Apr 22 02:54:46 +0000 2026,0,@joeyheinrich Shoukd have just ripped down a blue lite pounder . Even if it took 2 mins,2046784750266831081,,joeyheinrich,en,,0,0,0,https://x.com/undefined/status/2046784750266831081,1604299237390434304,
2046784744055017763,Wed Apr 22 02:54:45 +0000 2026,13, JUSTICE FOR $MAYA This is huge Blue Buffalo is being sued for killing a dog because they lied about what was in the the Grain Free Food They have claimed to have the healthiest food and are literally causing dogs to die. BkHwSqqJTbeFevvdqMDmpcbMU1eQRLrvY4BBM9Wcpump https://t.co/9S8zsei704,2046784744055017763,https://pbs.twimg.com/media/HGej4K1X0AAHcgg.jpg,,en,,0,7,4,https://x.com/undefined/status/2046784744055017763,1856874529924259840,
2046784736887001360,Wed Apr 22 02:54:43 +0000 2026,1,Ranking flavours 1. Blue 2. Red 3. White 4. Orange 5. Purple 6. Green 7. Yellow,2046784736887001360,,,en,,0,1,0,https://x.com/undefined/status/2046784736887001360,2036527440332464128,
2046609628461470171,Wed Apr 22 02:54:43 +0000 2026,0,@bachiband10 @Godzilla445 The blue lock part is the only part that didnt age well tbh,2046784736614658127,,bachiband10,en,,0,0,0,https://x.com/undefined/status/2046784736614658127,1949539107069456384,
2046784732806160509,Wed Apr 22 02:54:42 +0000 2026,0,I hate THIS SPECIFIC 5 forward power play because Kempe one of the most dangerous weapons out at the blue line. Agree @KingsMenPodcast Also good to SEE @theroyalhalf on the postgame. Hope he s back tonight after Kempe goes bar down on the game winner!,2046784732806160509,,,en,,0,0,0,https://x.com/undefined/status/2046784732806160509,734946319794507777,
2046784717513433506,Wed Apr 22 02:54:38 +0000 2026,0,LFG BLUE WAVE MIDTERMS,2046784717513433506,,,en,,0,0,0,https://x.com/undefined/status/2046784717513433506,1001792455312855040,
2046711384008761376,Wed Apr 22 02:54:37 +0000 2026,0,@DreamLeaf5 what s wrong with liking blue i love blue.,2046784713168474191,,DreamLeaf5,en,,0,0,0,https://x.com/undefined/status/2046784713168474191,1411417729135898624,
2046784700417720479,Wed Apr 22 02:54:34 +0000 2026,0,The demonrats have done worse by jury mandating many blue states like NY Cali NM and others. Even though Republicans vote showed in the 20-30% range but can't vote in any Republican representation.,2046784700417720479,,,en,,0,0,0,https://x.com/undefined/status/2046784700417720479,1808939381350412290,
2046753776179007633,Wed Apr 22 02:54:34 +0000 2026,0,@AnthonyGremo @Timcast You mean Texas tried to redistrict to account for the influx of people who fled blue states? How dare they. Meanwhile Democrats have been redistricting to remove Republican representation for decades,2046784699947733140,,AnthonyGremo,en,,0,0,0,https://x.com/undefined/status/2046784699947733140,1238109527913967617,
2046784694851719255,Wed Apr 22 02:54:33 +0000 2026,0,Did you know that #DVRadio has an #app now? You can grab it on the #Google #PlayStore right now just by searching for DV Radio App or hit the blue letters below. We will have it on #iOS soon! https://t.co/tSJJYJLX4U https://t.co/iWwYXlDlie,2046784694851719255,https://pbs.twimg.com/media/HGejn1AXoAAUjWn.jpg,,en,,0,0,0,https://x.com/undefined/status/2046784694851719255,2988028157,
2046784681064935764,Wed Apr 22 02:54:30 +0000 2026,0,Blue women assemble! #RissaLIVE #krotime https://t.co/AyeVCbNY4Z,2046784681064935764,https://pbs.twimg.com/media/HGej0kbWwAA0S7J.jpg,,en,,0,0,0,https://x.com/undefined/status/2046784681064935764,121416149,
2046744050930221439,Wed Apr 22 02:54:30 +0000 2026,0,@banjosupreme @Shieldlesscap @RWPopulism The majority of red states are maximized; they could gain a few more districts in the south but it's not enough to make a significant change. The blue states also have some districts they can gain.,2046784680918216769,,banjosupreme,en,,0,0,0,https://x.com/undefined/status/2046784680918216769,2525899306,
2046778143692751332,Wed Apr 22 02:54:28 +0000 2026,0,@folkloraddie sim teve um playoffs que era blue jackets x tampa e eles fizeram a marca histórica de 5 overtimes e como foi na bolha pois era pandemia então tinha q usar a mesma arena pra outros jogos e no final tiveram que adiar o proximo jogo pq não acabava nunca,2046784672823128315,,folkloraddie,pt,,0,1,0,https://x.com/undefined/status/2046784672823128315,307352639,
2046726681444970512,Wed Apr 22 02:54:27 +0000 2026,0,@oldGrunger It s also about the cut. I love ribeye but don t want it rare need more cook to render the fat. But a filet or tenderloin yes give me black and blue.,2046784672374366709,,oldGrunger,en,,0,0,0,https://x.com/undefined/status/2046784672374366709,1653161170168061955,
2046780212323680282,Wed Apr 22 02:54:26 +0000 2026,1,@IsthmusPol Yes (D) we re in the lead right now but this is a never-ending game of tit-for-tat that s just polarized red vs blue state maps,2046784664354889835,,IsthmusPol,en,,0,0,0,https://x.com/undefined/status/2046784664354889835,1310742060593537024,
2046774803525181622,Wed Apr 22 02:54:25 +0000 2026,1,@LDS_Dems If the playing field is level I oppose gerrymandering. But as long as the blue states are doing it (and they started this fiasco years ago) the red states have to do it too.,2046784663507886550,,LDS_Dems,en,,0,1,0,https://x.com/undefined/status/2046784663507886550,1646752636715290625,
2046784661108785292,Wed Apr 22 02:54:25 +0000 2026,0,The 2017 Team Sky jersey.This black and blue kit is the exact Castelli jersey Chris Froome wore to win his 4th Tour de France. Every blue and white stripe on it marks a Team Sky victory. https://t.co/2Ik4r0dXvB #TeamSkyCycling #FroomeLegacy #RetroProKit https://t.co/ojNfghPCbi,2046784661108785292,https://pbs.twimg.com/media/HGejhK6aUAAQkrE.jpg,,en,,0,0,0,https://x.com/undefined/status/2046784661108785292,1894730887453143040,
2046763279708496383,Wed Apr 22 02:54:20 +0000 2026,1,@Al4nxcats Hugo de blue lock o qué hugo,2046784640250236950,,Al4nxcats,es,,0,1,0,https://x.com/undefined/status/2046784640250236950,1975934394666823680,
2046759045835465046,Wed Apr 22 02:54:20 +0000 2026,2,@TracyVanNo89817 @Kimberly2024USA @ScottPresler @LeaderJohnThune Exactly you live in Texas it was Trump and your governors fault this is even happening. Just imagine if he said no to redistricting then all the blue states wouldn't have done it to fight back,2046784639302238535,,TracyVanNo89817,en,,0,0,0,https://x.com/undefined/status/2046784639302238535,1626737066,
2046782250432545130,Wed Apr 22 02:54:19 +0000 2026,1,@goodoldsixxer . // blue is a... creative color? it doesn't sound right,2046784637083828246,,goodoldsixxer,en,,0,0,0,https://x.com/undefined/status/2046784637083828246,2017105172183601154,
2046628497204846706,Wed Apr 22 02:54:19 +0000 2026,1,@FlorianSta89701 @vrilliumlive I dont need reports. In our archdiocese alone we had 1600+ join the church this year. My parish said their OCIA class was the biggest they've seen in decades. Mostly young Gen Z and alpha. This is a VERY blue liberal state too.,2046784636576280619,,FlorianSta89701,en,,0,1,0,https://x.com/undefined/status/2046784636576280619,4532878814,
2046592362957221996,Wed Apr 22 02:54:18 +0000 2026,1,@C_3C_3 And once you realize that normal Republican voters have grownweary of seeing gutless wonders like Thune Cornyn McConnell Rand Paul...the list is far too long...do absolutely nothing to stem the tide of the blue assault on the nation. GOP stands for status quo...nothing more,2046784633593827776,,C_3C_3,en,,0,0,0,https://x.com/undefined/status/2046784633593827776,1518959582047051776,
2046747423721095232,Wed Apr 22 02:54:16 +0000 2026,0,@sam_d_1995 If you're confident in a blue wave and want to be principled you wouldn't display this consequentialist accelerationist behavior. The current dems are better people than the current GOP but with everyone of these decisions your moral high ground is lost,2046784624416706879,,sam_d_1995,en,,0,0,0,https://x.com/undefined/status/2046784624416706879,1782115869037850624,
2046784623791706579,Wed Apr 22 02:54:16 +0000 2026,0,@GoldenKnights all you need to do is get the puck closer to the blue paint of there net like curly each player is there own play that can saucer pass or throw near the the blue goal paint anyway way is to be passive if you need to out speed lose the puck and for checking after it,2046784623791706579,,GoldenKnights,en,,0,0,0,https://x.com/undefined/status/2046784623791706579,2909627623,
2046757391539024062,Wed Apr 22 02:54:16 +0000 2026,2,@TheRickWilson FAFO I love that the redistricting in VA and CA was approved by voters. It was forced down the throat of voters in TX and NC and GOP took victory laps. But now they're crying foul about Blue States. ,2046784623263232051,,TheRickWilson,en,,0,0,0,https://x.com/undefined/status/2046784623263232051,2647712128,
2046784623007715595,Wed Apr 22 02:54:16 +0000 2026,0,Too late! Done deal! Virginia will go Blue!!,2046784623007715595,,,en,,0,0,0,https://x.com/undefined/status/2046784623007715595,1797794667553325057,
2046436048201232865,Wed Apr 22 02:54:15 +0000 2026,1,@emekilyobwoc they'll use that fake finn post as proof but mike is wearing yellow and El is wearing blue?? But then they'll argue in the same breath that she's yellow? Like literally just fucking accept that mileven is purple and blue and stop taking shit ,2046784620541440001,,emekilyobwoc,en,,0,1,0,https://x.com/undefined/status/2046784620541440001,1762801230483714048,
2046784619748487573,Wed Apr 22 02:54:15 +0000 2026,0,they don t take nothing serious i say on that lil blue app ,2046784619748487573,,,en,,0,0,0,https://x.com/undefined/status/2046784619748487573,940273717267124224,
2046630603031036203,Wed Apr 22 02:54:13 +0000 2026,1,@nilocobau Jokes aside ironically these days between Rainiers friends and my students I deal with like 5 different kids whose dads work for rail freight in blue collar job classes. They complain to me about this or that in the industry and I smile and pretend not to know about it,2046784610672292289,,rustbeltjacobin,en,,0,1,0,https://x.com/undefined/status/2046784610672292289,18894435,
2046784609510203652,Wed Apr 22 02:54:12 +0000 2026,0,اهلاوسهلا? ⎐كُود⎐⎐نون⎐ ⊵NKW⊴ ⎐لفل⎐ليفل⎐شوز⎐ ⊵GGG⊴ ▬تطبيق▬أحذية▬كروكس▬ ⊵COM⊴ ⎐كؤِبُون⎐Pastel Blue ^^^ ⎐خـِصم⎐UdBf0JUuXaeQ https://t.co/mNSkjcCBAu,2046784609510203652,https://pbs.twimg.com/media/HGejwAkXoAA0pCM.jpg,,ar,,0,0,0,https://x.com/undefined/status/2046784609510203652,1864806036080611328,
2046759182670651564,Wed Apr 22 02:54:10 +0000 2026,0,@MAGAVoice Entire state subjugated by blue city bug colonies.,2046784599259316476,,MAGAVoice,en,,0,0,0,https://x.com/undefined/status/2046784599259316476,1156624671598682112,
2046784599057907988,Wed Apr 22 02:54:10 +0000 2026,4,Hard fought loss to a great Blue Valley team tonight. 3-3 today with #2 on the season. .417BA | .750 SLG | 5BB | 1K over the past 9 games. @BCbaseballtoday @PrepBaseballKS @PB_Wilk @SportsForceBB @CoachSug @Drew_Olla @PbrUrban https://t.co/N1MfigajAU,2046784599057907988,https://pbs.twimg.com/amplify_video_thumb/2046784490702254080/img/od2PukzOqHYKrdEK.jpg,,en,,0,0,1,https://x.com/undefined/status/2046784599057907988,1757226582593146881,
2046784595073360377,Wed Apr 22 02:54:09 +0000 2026,0,Bad for the country. Red blue all of it.,2046784595073360377,,,en,,0,0,0,https://x.com/undefined/status/2046784595073360377,63470632,
2046768472697565594,Wed Apr 22 02:54:08 +0000 2026,0,@Bluesap26 G to the M Blue perfect Wednesday. Sup?,2046784591998947681,,Bluesap26,en,,0,0,0,https://x.com/undefined/status/2046784591998947681,1828379843936845824,
2046784589327184363,Wed Apr 22 02:54:08 +0000 2026,0,what yall know about the blue nile,2046784589327184363,,,en,,0,0,0,https://x.com/undefined/status/2046784589327184363,2768166687,
2046702521595347175,Wed Apr 22 02:54:06 +0000 2026,0,@john322226 You re a good man Keep it up sir One day I ll be like you and be buying blue ticks for folks in here too We rise by lifting others,2046784582935040279,,john322226,en,,0,0,0,https://x.com/undefined/status/2046784582935040279,1842088231094923265,
2046759196428042508,Wed Apr 22 02:54:05 +0000 2026,1,@hot_savce @jonfavs Lol then the blue states can also end their VRA districts. CA NY and Nj can draw GOPedo free maps,2046784578166067526,,hot_savce,en,,0,0,0,https://x.com/undefined/status/2046784578166067526,1219442135130345472,
2046778962911596754,Wed Apr 22 02:54:03 +0000 2026,2,@TonerousHyus @PunlaGrace6042 And it's going to get more blue because tons of people are going to leave for the Carolinas and Florida. Fairfax County is broke and is going to want some kind of bailout from the state.,2046784570079547478,,TonerousHyus,en,,0,1,0,https://x.com/undefined/status/2046784570079547478,25351854,
2046659455870251149,Wed Apr 22 02:54:01 +0000 2026,0,@posritions só a blue moon que presta pq o resto eh um Deus nos acuda,2046784561929986176,,posritions,pt,,0,0,0,https://x.com/undefined/status/2046784561929986176,1930619921597083648,
2046776953915486361,Wed Apr 22 02:54:01 +0000 2026,0,@Dgingsz Hate to say it but rural VA is fighting a hard uphill battle. The greater D.C. politicians &amp; lawyers in the north of the state relentlessly try to turn the whole place into a blue hell hole. WV &amp; East TN thankfully arent full of weak and incompetent limp wristed judges. https://t.co/FCWhVniQ3i,2046784561716003305,https://pbs.twimg.com/media/HGejtpUXQAAZkT6.jpg,Dgingsz,en,,0,0,0,https://x.com/undefined/status/2046784561716003305,1851532328184508416,
2046772294933217364,Wed Apr 22 02:54:00 +0000 2026,0,@thisisanasylum @JohnDParody From what I've read about methylene blue it should have been administered immediately. If you start now hopefully it will help. Ask the hospital if they can administer it through an IV. I wish I could remember where I read this stuff but it was a while ago.,2046784559035842750,,thisisanasylum,en,,0,0,0,https://x.com/undefined/status/2046784559035842750,1585974971402158081,
2046784535249957290,Wed Apr 22 02:53:55 +0000 2026,1,Post-game interview with Lisbon Blue Devil head baseball coach Doug Andric following the Devils' 20-0 mercy rule victory over the Chaney Cowboys at Cene Park. @DAHS_Baseball @LisbonBluePride https://t.co/x8r83Htchq,2046784535249957290,https://pbs.twimg.com/amplify_video_thumb/2046784242462412800/img/nSyuKVicvnZTDKHV.jpg,,en,,0,0,0,https://x.com/undefined/status/2046784535249957290,2330799144,
2046753097322516486,Wed Apr 22 02:53:55 +0000 2026,0,@htogiaicuillier @ElectionLawCtr Scared of what? People are fleeing blue states! What do you not understand here? Jesus Christ almighty.,2046784535027728716,,htogiaicuillier,en,,0,0,0,https://x.com/undefined/status/2046784535027728716,119945976,
2046779980240032068,Wed Apr 22 02:53:55 +0000 2026,4,@CinthyReggae Again did she or did she not mention hudcels out of the blue? Cause if yes Idgaf. She wanted Hudson stans to show up so they showed up.,2046784534289813864,,CinthyReggae,en,,0,1,0,https://x.com/undefined/status/2046784534289813864,1459946927160659972,
2046782547728720058,Wed Apr 22 02:53:54 +0000 2026,1,@ingodwetryst It s like the national elections where it s all red with little spots of blue lol!,2046784532448481448,,ingodwetryst,en,,0,0,0,https://x.com/undefined/status/2046784532448481448,1501331216313815040,
2046749058841059738,Wed Apr 22 02:53:48 +0000 2026,3,@mewngmrcat155 I agree with the fact that the animation budget is probably not letting her do cooler stuff.. I'd rather them play into the blue beetle comparisons over her doing nothing with her pew-pew lasers,2046784508473626683,,mewngmrcat155,en,,0,0,0,https://x.com/undefined/status/2046784508473626683,1711562508623073280,
2046752467581342190,Wed Apr 22 02:53:48 +0000 2026,0,@goodlyvin @NBCNews Yawn. Keep crying loser. Buy more tissues for the blue wave,2046784506343174534,,goodlyvin,en,,0,0,0,https://x.com/undefined/status/2046784506343174534,1462927420428734467,
2046753459391594613,Wed Apr 22 02:53:46 +0000 2026,0,@pombian @WaeksBoby @MotherMewgenics yeah and the sky is blue,2046784498755358790,,pombian,en,,0,0,0,https://x.com/undefined/status/2046784498755358790,1764093734856118272,
2046703056415289800,Wed Apr 22 02:53:44 +0000 2026,1,@YardBird_Chaos @EastEndJoe My question is why not spend one fn dollar on Ty D Bol and just eliminate the problem nothing can live in that blue shit.. https://t.co/3Bt6ZzoiVX,2046784488848392264,https://pbs.twimg.com/media/HGejpX7WYAAHvj4.jpg,YardBird_Chaos,en,,0,1,0,https://x.com/undefined/status/2046784488848392264,28815092,
2046636419485966788,Wed Apr 22 02:53:41 +0000 2026,0,@ForwardCarolina @CT3_Anonymous i dont think anyone really stated that land votes...but the people on those lands at this time and times past have different interests and at times histories....the roads that furnish tiny blue pass thru vast red. Calhoun wasn't stupid,2046784476353573206,,ForwardCarolina,en,,0,0,0,https://x.com/undefined/status/2046784476353573206,2918853573,
2046784456447476130,Wed Apr 22 02:53:36 +0000 2026,0,On World Earth Day let's guard our blue planet. Cut unnecessary consumption advocate green lifestyles and maintain the earth s vitality and pure scenery. https://t.co/X3N9Ln9Q1y,2046784456447476130,https://pbs.twimg.com/media/HGejlSeWMAACEJL.jpg,,en,,0,0,0,https://x.com/undefined/status/2046784456447476130,1856239610575384576,
2046784438625800581,Wed Apr 22 02:53:32 +0000 2026,0,I m going to have to explain the importance of the Yoruba names in The Parable of the Sower by Octavia Butler in class tomorrow I hope u don t get blue curtains ,2046784438625800581,,,en,,0,0,0,https://x.com/undefined/status/2046784438625800581,1419315661331963907,
2046399700404785412,Wed Apr 22 02:53:31 +0000 2026,0,@sevhan @2hellinahandjob he s so cute but I thought jason had blue eyes ,2046784434775736824,,sevhan,en,,0,0,0,https://x.com/undefined/status/2046784434775736824,1524962645790449664,
2046781371603956038,Wed Apr 22 02:53:30 +0000 2026,0,@spottedjinbug Lil Lude by puma blue,2046784431344472112,,spottedjinbug,en,,0,0,0,https://x.com/undefined/status/2046784431344472112,1641603905174863872,
2045217480227148075,Wed Apr 22 02:53:30 +0000 2026,0,@Dudley4Oregon Beyond beautiful But beyond blue to the point of corruption. Ready to help your campaign!! ,2046784429444735398,,Dudley4Oregon,en,,0,0,0,https://x.com/undefined/status/2046784429444735398,543122671,
2046748798928752935,Wed Apr 22 02:53:29 +0000 2026,2,@cryptoggus @SuspectFed The video shows a mother whale (likely a humpback or blue) nursing her calf underwater. The white stream is her milk super thick and concentrated (up to 50% fat toothpaste-like consistency) so it doesn't dissolve in the ocean. The calf latches on and gulps it straight as a,2046784427758325925,,cryptoggus,en,,0,0,0,https://x.com/undefined/status/2046784427758325925,1720665183188922368,
2046784426840039621,Wed Apr 22 02:53:29 +0000 2026,1,Has Pepsi lost the war against Coke in India? Do people remember the Blue Pepsi they made for Team India? If true could be a great case study.,2046784426840039621,,,en,,0,1,1,https://x.com/undefined/status/2046784426840039621,13871752,
2046751245294030947,Wed Apr 22 02:53:27 +0000 2026,1,@atensnut Can you tell me why all of sudden we see maps that show blue in republican districts and red in democratic districts? They see how bad the vote looks on the map and how overwhelming red would look so they switch the colors. https://t.co/iLCiyNTJQN,2046784417645928877,https://pbs.twimg.com/media/HGejlEvWkAA64li.jpg,atensnut,en,,0,0,0,https://x.com/undefined/status/2046784417645928877,1713354016942399488,
2046750743638491469,Wed Apr 22 02:53:25 +0000 2026,133,@indietronicaone I used it in 2020 when Georgia flipped blue and I been waiting for my chance to reuse it ever since. It feels good. https://t.co/O1r1vrTxKA,2046784412046500037,https://pbs.twimg.com/tweet_video_thumb/HGejkuSXkAA-GFN.jpg,indietronicaone,en,,0,1,1,https://x.com/undefined/status/2046784412046500037,171699347,
2046758936401871355,Wed Apr 22 02:53:25 +0000 2026,1,@EricLDaugh Karma is Blue,2046784411031495150,,EricLDaugh,en,,0,0,0,https://x.com/undefined/status/2046784411031495150,1829911726474559490,
2046784410016477569,Wed Apr 22 02:53:25 +0000 2026,0,taylor swift fan thinking anything but blonde hair and blue eyes is ugly https://t.co/HXd5tUu1KY,2046784410016477569,https://pbs.twimg.com/media/HGejkxnW0AAgfnl.jpg,,en,,0,0,0,https://x.com/undefined/status/2046784410016477569,2976620175,
2046257369504534830,Wed Apr 22 02:53:25 +0000 2026,0,@AIlEverton Wow.... Ive finally agreed with a blue nose,2046784409236312090,,AIlEverton,en,,0,0,0,https://x.com/undefined/status/2046784409236312090,464269855,
2046753115911737558,Wed Apr 22 02:53:24 +0000 2026,0,@mjfree Blue wave incoming ,2046784406992343124,,mjfree,en,,0,0,0,https://x.com/undefined/status/2046784406992343124,1601725956514783233,
2046692597020660143,Wed Apr 22 02:53:22 +0000 2026,0,@AndySinclai @FabiusMaximus01 @barnes_law The only thing Iran has is oil. When it's gone there back in the stone ages where they want to be. One more time there will be no 72 virgins waiting for you on the other side and islam is a cult and you drank to much blue. https://t.co/tuB4QqpK9N,2046784399258083737,https://pbs.twimg.com/tweet_video_thumb/HGejj5SWcAARxjY.jpg,AndySinclai,en,,0,0,0,https://x.com/undefined/status/2046784399258083737,1723334871223865344,
2046768000938783217,Wed Apr 22 02:53:20 +0000 2026,2,@GregAbbott_TX Oh shuddup Abbott When you stop bringing Indians in by the plane loads maybe we can discuss the other invaders but until then just sit down &amp; shuddup. Btw thanks for dispersing millions of border invaders to blue states. Whether intentional or not you gave Dems voters.,2046784388524826988,,GregAbbott_TX,en,,0,0,0,https://x.com/undefined/status/2046784388524826988,1035987974436134912,
2046784387946078552,Wed Apr 22 02:53:20 +0000 2026,1,I do too. I was attacked many times. Both on here and even on youtube lol but that was with a person who wasn't all there. When it was on here it was pretty disgusting....people turn demonic on you out of the blue...I would never do that to another life here on,2046784387946078552,,,en,,0,0,0,https://x.com/undefined/status/2046784387946078552,1873298485623083008,
2046757352733397038,Wed Apr 22 02:53:19 +0000 2026,1,@_ExitTheLeft @BarackObama Yes it s fucked here. When I went to vote only the blue were holding down elections sites,2046784385337245808,,_ExitTheLeft,en,,0,0,0,https://x.com/undefined/status/2046784385337245808,1497073961456259084,
2046784377519325433,Wed Apr 22 02:53:17 +0000 2026,0,Evidence? ⎐كُود⎐⎐نون⎐ ⊵KW44⊴ ⎐ريف▬للعطور⎐ ⊵OMG⊴ ⎐جىني⎐ ⊵AAK1⊴ ⎐كؤِبُون⎐Dark Blue ^^ ⎐خـِصم⎐x0WHN0GPxU7f https://t.co/fd4QesIyov,2046784377519325433,https://pbs.twimg.com/media/HGejiWaacAAOmeS.jpg,,und,,0,0,0,https://x.com/undefined/status/2046784377519325433,3312913336,
2046784377388998878,Wed Apr 22 02:53:17 +0000 2026,1,Royals Win 2026 Blue October is back on Bobby MVP Maikel is dada Vinnie is a fat pos Captain has aura #FountainsUp https://t.co/4yenYQAEie,2046784377388998878,https://pbs.twimg.com/amplify_video_thumb/2013371009924059136/img/aZG7zAUon8QtNXXi.jpg,,en,,0,0,0,https://x.com/undefined/status/2046784377388998878,1862574444817866752,
2046778569930445198,Wed Apr 22 02:53:16 +0000 2026,0,@JohnnyGiunta_ Blue jays fan using the unlucky gimmick ,2046784371315585252,,JohnnyGiunta_,en,,0,0,0,https://x.com/undefined/status/2046784371315585252,2043905064197103616,
2046763474055791057,Wed Apr 22 02:53:13 +0000 2026,9,@tetrarosie United Virginia 2000: R+7.7 2004: R+9.1 2008: D+3.2 2012: R+0.7 2016: R+1.9 2020: D+2.7 2024: R+1.1 I think over time this would just become a Blue State. North Virginia is still growing while West Virginia is rapidly declining. Temporary Swing State for the early 21st century,2046784360024625588,,tetrarosie,en,,0,1,0,https://x.com/undefined/status/2046784360024625588,2006181393970388993,
2046779790099632257,Wed Apr 22 02:53:11 +0000 2026,1,@iovenaboo Is the sky blue?,2046784351057375683,,iovenaboo,en,,0,0,0,https://x.com/undefined/status/2046784351057375683,1515964006346813444,
2046784344908599792,Wed Apr 22 02:53:09 +0000 2026,0,Blue collar man wtf is No or wait til Friday .,2046784344908599792,,,en,,0,0,0,https://x.com/undefined/status/2046784344908599792,250946114,
2046784341519290492,Wed Apr 22 02:53:09 +0000 2026,0,If the Blue Jays can get on the board that would be nice,2046784341519290492,,,en,,0,0,0,https://x.com/undefined/status/2046784341519290492,789688399322021888,
2046765359483486234,Wed Apr 22 02:53:08 +0000 2026,1,@acnewsitics Seems like the blue states let their voters decide while red states just skip that part and do it anyways you guys played dirty in Texas and got your asses handed to you by a real vote why? Because your a bunch of losers your going to lose the midterms ,2046784340810408445,,acnewsitics,en,,0,0,0,https://x.com/undefined/status/2046784340810408445,1989426896816517120,
2046784339070104041,Wed Apr 22 02:53:08 +0000 2026,3,90kg in a DAY?! fuck peptides man I m getting on the blue whale milk,2046784339070104041,,,en,,0,1,0,https://x.com/undefined/status/2046784339070104041,1531193685861441538,
2046784338004529529,Wed Apr 22 02:53:08 +0000 2026,0,@ToundeYessoufou Young man ultimately we all carve our own path. Playing for Kentucky will literally change your life. ESPN is home to the SEC you will be on the National stage every night. Just something to consider. GO BIG BLUE!!,2046784338004529529,,ToundeYessoufou,en,,0,0,0,https://x.com/undefined/status/2046784338004529529,35937670,
2046538050356875620,Wed Apr 22 02:53:07 +0000 2026,0,@sandileswana We are more concerned about humanity. Don't worry about the ANC Africans tried to get rid of them in the last elections but the blue and white gang kept them alive. This is the end of the road for the struggle hero's I think the country has paid them back for their sacrifices. https://t.co/xoVO7P0Nz7,2046784333290045581,https://pbs.twimg.com/media/HGejgQbXIAEgg3P.jpg,sandileswana,en,,0,0,0,https://x.com/undefined/status/2046784333290045581,1261730954,
2046783472061075868,Wed Apr 22 02:53:06 +0000 2026,1,@chadwahl Not blue collar nor white collar but a third kind no collar jobs,2046784332518301978,,chadwahl,en,,0,0,0,https://x.com/undefined/status/2046784332518301978,1344757012714975235,
2046781697358811380,Wed Apr 22 02:53:04 +0000 2026,0,@grok @culperscanteen @AOC All of those states will be blue come November. Book it mf!,2046784323802599468,,grok,en,,0,2,0,https://x.com/undefined/status/2046784323802599468,360158419,
2046650681499480177,Wed Apr 22 02:53:04 +0000 2026,1,@Shared_Boat @mark_slapinski No actually we don't. And we despise the traitors. Even in a very blue city they have their separation setups and only get middle fingers and thumbs down in response with zero lines. This propaganda machine likely skewed your view which would have been its intent.,2046784323437961371,,Shared_Boat,en,,0,0,0,https://x.com/undefined/status/2046784323437961371,383090673,
2046764185363808480,Wed Apr 22 02:53:04 +0000 2026,0,@Cernovich Virginia is a solid blue state. Let s be real. Dems were always going to to win this one.,2046784320682004514,,Cernovich,en,,0,0,0,https://x.com/undefined/status/2046784320682004514,1927425152406392832,
2046772134270120366,Wed Apr 22 02:53:03 +0000 2026,0,@FuturePNWGOP @EWErickson You're in Oregon that's solid blue. Let the people vote on who they want to be affiliated with especially in the swings.,2046784316693242281,,FuturePNWGOP,en,,0,0,0,https://x.com/undefined/status/2046784316693242281,1238094310706499584,
2046775498341245087,Wed Apr 22 02:52:58 +0000 2026,0,@archanaachu24 Blue,2046784298024608140,,archanaachu24,en,,0,0,0,https://x.com/undefined/status/2046784298024608140,1821070240996061184,
2046772779224121351,Wed Apr 22 02:52:57 +0000 2026,0,@goneers Act Blue? @FBIDirectorKash,2046784293691703733,,goneers,en,,0,0,0,https://x.com/undefined/status/2046784293691703733,1176174020410118145,
2046627689658753315,Wed Apr 22 02:52:56 +0000 2026,1,@BarackObama Of course you gave to steal to win! That how blue politics work. Beg borrow and thieve!,2046784289761628192,,BarackObama,en,,0,0,0,https://x.com/undefined/status/2046784289761628192,1838713693070110720,
2046775076415050217,Wed Apr 22 02:52:56 +0000 2026,1,@KatharinaLeAnn I do too. I was attacked many times. Both on here and even on youtube lol but that was with a person who wasn't all there. When it was on here it was pretty disgusting....people turn demonic on you out of the blue...I would never do that to another life here on,2046784288880738731,,KatharinaLeAnn,en,,0,1,0,https://x.com/undefined/status/2046784288880738731,1873298485623083008,
2046784288301981992,Wed Apr 22 02:52:56 +0000 2026,0,Gorgeous . Blue collar baseball,2046784288301981992,,,en,,0,0,0,https://x.com/undefined/status/2046784288301981992,804161887483072512,
2046769378033627556,Wed Apr 22 02:52:55 +0000 2026,1,@BillJelavich @AriFleischer @avibebert Lmaoooo after they gerrymandered all the Blue states that s real big of you,2046784285554704760,,BillJelavich,en,,0,1,0,https://x.com/undefined/status/2046784285554704760,970420540455387138,
2046760051780530571,Wed Apr 22 02:52:54 +0000 2026,1,@Jake_W You can nuke 1 ATL seat without too much risk. Just make sure Henry is confined to a blue seat and it probably holds.,2046784280202760206,,Jake_W,en,,0,0,0,https://x.com/undefined/status/2046784280202760206,1538734252589780992,
2046535520747188349,Wed Apr 22 02:52:53 +0000 2026,2,@PainterGroyper @qing_yin19640 According to scientific analyses and reports from researchers who've sampled it (mostly from fin whales similar to blue) it tastes like a mix of fishy liver oil castor oil milk of magnesia and a bit of cod liver. Super thick and buttery like soft cottage cheese extremely,2046784277556150550,,PainterGroyper,en,,0,0,0,https://x.com/undefined/status/2046784277556150550,1720665183188922368,
2046737450622427556,Wed Apr 22 02:52:53 +0000 2026,0,@ZachForIL @JBPritzker Shit your damn mouth . . . What's the point of the blue ck if you can't edit your stupid mistakes?,2046784274653646890,,ZachForIL,en,,0,1,0,https://x.com/undefined/status/2046784274653646890,45867342,
2046764412392943808,Wed Apr 22 02:52:52 +0000 2026,0,@msbean_617 @JoezMcfLy You're not very good at this. Low class redundant rage bait. At least get Mommy to buy you a blue check. I'm sure some of the rubes of this platform will be willing to go back and forth with you during the season. Might even work up to a $5 bi-weekly payout.,2046784273500254340,,msbean_617,en,,0,0,0,https://x.com/undefined/status/2046784273500254340,1380673104444334081,
2046781649883738599,Wed Apr 22 02:52:52 +0000 2026,0,@KBobTech I usually say we for both idk But I finally wore a full powder blue outfit with a royals shirt so that s why we won,2046784271730503702,,KBobTech,en,,0,1,0,https://x.com/undefined/status/2046784271730503702,1463911755739013125,
2046559598618845611,Wed Apr 22 02:52:52 +0000 2026,0,@KoronellukinhaC Blue Eyes White Dragon,2046784270115524696,,KoronellukinhaC,en,,0,0,0,https://x.com/undefined/status/2046784270115524696,3295585242,
2046784263765270913,Wed Apr 22 02:52:50 +0000 2026,1,broker s brow furrowed hands pausing their movements on the blue print he d been working on. have i? had he? he truly hadn t noticed. between how fast paced the last few days had been and everything else going on in his head broker wasn t very conscious of his own actions,2046784263765270913,,,en,,1,0,0,https://x.com/undefined/status/2046784263765270913,2013828134152425473,
2046782250432545130,Wed Apr 22 02:52:50 +0000 2026,1,@MEMORYHAZE @LCBNo13_Seb She s blue for a amazing reason//,2046784262402146458,,MEMORYHAZE,en,,0,1,0,https://x.com/undefined/status/2046784262402146458,1951875380853297152,
2046784259944247662,Wed Apr 22 02:52:49 +0000 2026,0,vote blue no matter what this year because Trump cannot push us around like this. fuck the democrats but this is bigger than them. not even talking about 2028 either,2046784259944247662,,,en,,0,0,0,https://x.com/undefined/status/2046784259944247662,1816187107418988544,
2046612347498770897,Wed Apr 22 02:52:49 +0000 2026,0,@DisrespectedThe You need the blue folks to pay the taxes for your red subsidies.,2046784259592184260,,DisrespectedThe,en,,0,0,0,https://x.com/undefined/status/2046784259592184260,2034024935170183172,
2046784120458555782,Wed Apr 22 02:52:17 +0000 2026,0,Also the blue tick has given me an entirely new perspective when reading tweets like these.,2046784123826565576,,is3oluwa,en,,0,0,0,https://x.com/undefined/status/2046784123826565576,957093068599189505,
2046784122732089847,Wed Apr 22 02:52:16 +0000 2026,0,全人類Blue Jasmineを聴いてください,2046784122732089847,,,ja,,0,0,0,https://x.com/undefined/status/2046784122732089847,1902570729365032960,
2046757352733397038,Wed Apr 22 02:52:16 +0000 2026,1,@BarackObama Republicans are NOT represented in Blue States. Facts: MA: 36% Republican 0 seats CT: 42% Republican 0 seats ME: 46% Republican 0 seats NM: 46% Republican 0 seats NH: 48% Republican 0 seats RI: 42% Republican 0 seats VT: 32% Republican 0 seats,2046784122589270410,,BarackObama,en,,0,0,0,https://x.com/undefined/status/2046784122589270410,1518780024815595520,
2046582887902785632,Wed Apr 22 02:52:16 +0000 2026,0,@Anna_xb2 Smoky the Bear Yogi Bear Boo Boo Little Bear Bear and the Big Blue House Grizz Panda and Ice Bear (We Bare Bears),2046784119091204282,,Anna_xb2,en,,0,0,0,https://x.com/undefined/status/2046784119091204282,943646032679899137,
2046642881801150897,Wed Apr 22 02:52:14 +0000 2026,0,@Craig1845004 @nosoup4knowles They are all the same with the same policies. We have never had a candidate in my lifetime that represented actual Americans on either side of the aisle is the point. Americans being too dumb to wake up to that and continuing to play red vs blue is the problem with our politics.,2046784111726014516,,Craig1845004,en,,0,0,0,https://x.com/undefined/status/2046784111726014516,1833604949680295936,
2046494109117055261,Wed Apr 22 02:52:13 +0000 2026,0,@Djwizzle01 @Halowza8523 @CloudMonkeyTWT i cant ever take these breach comments seriously because nowadays its just some girl self inserting yuri. like cmon bro blue archive yuri is super prevalent in jp/kr/cn do yall not remember female sensei??,2046784109482029419,,Djwizzle01,en,,0,0,0,https://x.com/undefined/status/2046784109482029419,1761735558118948864,
2046739040020353135,Wed Apr 22 02:52:12 +0000 2026,0,@STP48315 @NStepisme @Geiger_Capital STFU dipshit GOP routinely votes down federal bills that would outlaw gerrymandering. There is one in the House right now that the GOP won t allow a vote on. Blue states let voters decide GOP states don t. GOP is grossly anti democratic,2046784105531015349,,STP48315,en,,0,0,0,https://x.com/undefined/status/2046784105531015349,108519819,
2046769225402818851,Wed Apr 22 02:52:12 +0000 2026,1,@IngrahamAngle Live in VA for decades. They (the left and their partners) have been STEALING elections for at least 12 years. It was known but the first time they said Va Beach was purple then blue we knew the fix was in.,2046784102905332191,,IngrahamAngle,en,,0,0,0,https://x.com/undefined/status/2046784102905332191,2015967081678655488,
2046614974244499639,Wed Apr 22 02:52:10 +0000 2026,0,@verynormalnyguy @JohnDMacari When the state demands blue collar workers shove something into their body without a logical medical or scientific reason while exempting strippers &amp; basketball players or else they'll be fired without due process that's tyranny. You support that.,2046784095607280084,,verynormalnyguy,en,,0,0,0,https://x.com/undefined/status/2046784095607280084,1754038752572329984,
2046784091031282035,Wed Apr 22 02:52:09 +0000 2026,0,goodafternoon? ⎐كُود⎐⎐تُيموُ⎐ ⊵TEM73⊴ عود ميلانو ⊵A666⊴ ⎐مذركير⎐ ⊵V7971⊴ ⎐كؤِبُون⎐Moon Blue ^^ ⎐خـِصم⎐N0CoS1EDbK3T https://t.co/tRv0BXZJoI,2046784091031282035,https://pbs.twimg.com/media/HGejR1oXMAEtdWg.jpg,,und,,0,0,0,https://x.com/undefined/status/2046784091031282035,1934692932050931715,
2046784084425261340,Wed Apr 22 02:52:07 +0000 2026,1,THUNE is there to sabotage everything he can until Dems steal the election again during midterms !! And take over both houses! They will start wasting our money on day one w impeaching Trump all over again.. instead of doing their true job. Voting blue is voting for communism!!,2046784084425261340,,,en,,0,0,0,https://x.com/undefined/status/2046784084425261340,1268012097964777474,
2046784084337479993,Wed Apr 22 02:52:07 +0000 2026,30,VIRGINIA MANDATE EXPOSED: Democrats $70M Power Grab BARELY Passed Democrats are out here CELEBRATING like Virginia sent a clear message Reality check: In a blue state like Virginia their redistricting amendment BARELY passed by just a few thousand votes after they https://t.co/6UhnsnwDdh,2046784084337479993,https://pbs.twimg.com/media/HGejRoIa4AAKNI6.jpg,,en,,0,10,6,https://x.com/undefined/status/2046784084337479993,1789850713209618432,
2046754814197895313,Wed Apr 22 02:52:06 +0000 2026,0,@mmpadellan @themoderateman9 No the Republicans didn t start it. 7 out of the 10 most gerrymandered states are blue states. The dumbocrats have been rigging the map for a very long time.,2046784076976111754,,mmpadellan,en,,0,0,0,https://x.com/undefined/status/2046784076976111754,1602472324724391938,
2046784074824450545,Wed Apr 22 02:52:05 +0000 2026,4,Made another Trade for @SickWierdoMan of Red and Blue from DF in a Tuff Puppy scene from Cruisin' For A Bruisin' (This time)! It was fun!!! https://t.co/eB4dSvjNFv,2046784074824450545,https://pbs.twimg.com/media/HGejDHYWgAANcvt.png,,en,,0,0,3,https://x.com/undefined/status/2046784074824450545,1187422614685388802,
2046784073096417702,Wed Apr 22 02:52:05 +0000 2026,0,واحراماه? ⎐كُود⎐⎐تويو⎐ ⊵FF7⊴ ⎐دكتور▬نيوترشن▬ ⎐M80⎐ ⎐مجوهرات▬داماس▬damas⎐ ⎐GOLD1⎐ ⎐كؤِبُون⎐Pure Blue ^^ ⎐خـِصم⎐h3GvJWmEmFXY https://t.co/QPgGdaHNx9,2046784073096417702,https://pbs.twimg.com/media/HGejQxBXMAAxjed.jpg,,ar,,0,0,0,https://x.com/undefined/status/2046784073096417702,2031311925422723072,
2046625434054357483,Wed Apr 22 02:52:04 +0000 2026,2,@TapeesaSablin @roejosenquist @envisionedluna If you divvy up all of the blue color jobs into other categories besides blue collar I suppose you have a point!,2046784071217639436,,TapeesaSablin,en,,0,1,0,https://x.com/undefined/status/2046784071217639436,970081894057443329,
2046546373529501945,Wed Apr 22 02:52:03 +0000 2026,1,@GuntherEagleman Done lost again ! 27 out 27 special elections lost to the blue wave! ,2046784066805006646,,GuntherEagleman,en,,0,0,0,https://x.com/undefined/status/2046784066805006646,1686507475820765189,
2046784066096357643,Wed Apr 22 02:52:03 +0000 2026,0,Polsek Saipar Dolok Hole melaksanakan Patroli Blue Light malam hari untuk mengantisipasi gangguan Kamtibmas 3C dan kriminalitas di wilayah hukum setempat dengan hasil situasi aman dan terkendali #Polri #Patroli #BlueLight #Kamtibmas #TapanuliSelatan https://t.co/qgML0adaf5,2046784066096357643,https://pbs.twimg.com/media/HGejQc-bwAA82AW.jpg,,in,,0,0,0,https://x.com/undefined/status/2046784066096357643,1587031251159875584,
2046752213414855063,Wed Apr 22 02:52:00 +0000 2026,0,@WellsJorda89710 Florida will also turn blue. Go for it.,2046784053370822975,,WellsJorda89710,en,,0,0,0,https://x.com/undefined/status/2046784053370822975,1880735413150629888,
2046749238873231363,Wed Apr 22 02:52:00 +0000 2026,1,@bill_kasey @Lexingtonusa Not every votes party only . We have been getting absolutely screwed lately and I m a life long republican who votes mostly red but leaning towards some blue this year especially local elections,2046784052942819773,,bill_kasey,en,,0,0,0,https://x.com/undefined/status/2046784052942819773,2015463982614675456,
2046640252048252966,Wed Apr 22 02:51:59 +0000 2026,0,@Harmony47383691 I believe he is talking about blue liberal also you know the ones that walked the censorship bills into the house https://t.co/FGpbuk0IIU,2046784048564208086,https://pbs.twimg.com/media/HGejPp7a0AA4rcQ.jpg,Harmony47383691,en,,0,0,0,https://x.com/undefined/status/2046784048564208086,1854211693120978944,
2046742116773089600,Wed Apr 22 02:51:57 +0000 2026,0,@TmrwNevrComes Do you think it comes out of his hand? There is sand below his hand the air picks it up. when there isn t any particles to be picked up it s usually the blue color like Korra s and yes the force is definitely matched by the size of the blast. It s relatively the same as Korra,2046784041848844529,,TmrwNevrComes,en,,0,1,0,https://x.com/undefined/status/2046784041848844529,1731857596947079168,
2046747500229300467,Wed Apr 22 02:51:56 +0000 2026,1,@Shawn_Farash Live in VA for decades. They (the left and their partners) have been STEALING elections for at least 12 years. It was known but the first time they said Va Beach was purple then blue we knew the fix was in.,2046784038128562581,,Shawn_Farash,en,,0,0,0,https://x.com/undefined/status/2046784038128562581,2015967081678655488,
2046499185357160471,Wed Apr 22 02:51:55 +0000 2026,0,@senatorscarr You might want to look at the blue part to the right? https://t.co/4MJ3jngb5B,2046784030977487261,https://pbs.twimg.com/media/HGejFCVbYAAC5Ie.jpg,senatorscarr,en,,0,0,0,https://x.com/undefined/status/2046784030977487261,2296818776,
2046590271320703079,Wed Apr 22 02:51:54 +0000 2026,0,@LrCarnivalBroly @Kaangz5 Hell naw if he did so then he would just be Vegito 2. His short aura farm is what makes him unique a reason why i like more SSJ than Blue,2046784030750683543,,LrCarnivalBroly,en,,0,0,0,https://x.com/undefined/status/2046784030750683543,1447597064808960007,
2046677792801341711,Wed Apr 22 02:51:54 +0000 2026,0,@MAGAVoice The Census decides how much power a state has in D.C. Right now blue states get extra House seats by counting millions of people who can't even vote. Excluding them ensures that political power is based on U.S. citizens alone. It s about fair representation for you.,2046784030306107895,,MAGAVoice,en,,0,0,0,https://x.com/undefined/status/2046784030306107895,1967824380752433153,
2046764737380401266,Wed Apr 22 02:51:54 +0000 2026,0,@Yakult930 oh that's what it was?? damn agar agar lowkey tastes good but that's CRAZY cuz my suburbs got blue aether drink. why tf does ur URBAN CITY get pineapple quencher ?? can they not sell blue lemonade or agar agar??,2046784028771221756,,Yakult930,en,,0,0,0,https://x.com/undefined/status/2046784028771221756,2038948002816237568,
2046783481187844332,Wed Apr 22 02:51:50 +0000 2026,4,@HabsLaughs He lost track of Moser too he had no reason to let him get the inside edge off the blue line.,2046784012165710137,,HabsLaughs,en,,0,0,0,https://x.com/undefined/status/2046784012165710137,1509788374030336000,
2046783997045305804,Wed Apr 22 02:51:46 +0000 2026,0,The Census decides how much power a state has in D.C. Right now blue states get extra House seats by counting millions of people who can't even vote. Excluding them ensures that political power is based on U.S. citizens alone. It s about fair representation for you.,2046783997045305804,,,en,,0,0,0,https://x.com/undefined/status/2046783997045305804,1967824380752433153,
2046783986194665614,Wed Apr 22 02:51:44 +0000 2026,0,We re slowly getting there blue women appreciators https://t.co/vGjErFvF2G,2046783986194665614,https://pbs.twimg.com/media/HGejMC7XwAA4bqf.jpg,,en,,0,0,0,https://x.com/undefined/status/2046783986194665614,983078960878772224,
2046752035249254626,Wed Apr 22 02:51:42 +0000 2026,1,@ACTBrigitte Live in VA for decades. They (the left and their partners) have been STEALING elections for at least 12 years. It was known but the first time they said Va Beach was purple then blue we knew the fix was in.,2046783978040861120,,ACTBrigitte,en,,0,0,0,https://x.com/undefined/status/2046783978040861120,2015967081678655488,
2046601587741655417,Wed Apr 22 02:51:41 +0000 2026,0,@Some_Pixy @ChibiReviews cool deflection mr my pixiv bookmarks is full of blue archive Usual suspects eh?,2046783973523890209,,Some_Pixy,en,,0,1,0,https://x.com/undefined/status/2046783973523890209,1912403359916761088,
2046783971938480549,Wed Apr 22 02:51:40 +0000 2026,1,The Prussian Blue Reverb Revival returns for the 15th anniversary of One Control. Designed by Bjorn Juhl this limited reissue delivers a natural three-dimensional reverb that responds to your playing not presets. No spring hall or room imitation just pure musical space. https://t.co/rPx4eXjGN4,2046783971938480549,https://pbs.twimg.com/media/HGejK7VbwAAyzQX.jpg,,en,,0,0,0,https://x.com/undefined/status/2046783971938480549,705244511618764800,
2046783970969346158,Wed Apr 22 02:51:40 +0000 2026,0,A few photos of @PCHSTrack_Field at the inaugural Kansas City Relays on Saturday in Blue Springs. @Citizen_Ross https://t.co/eLTUUJmu7w,2046783970969346158,https://pbs.twimg.com/media/HGejKS0XQAAygxz.jpg,,en,,0,0,0,https://x.com/undefined/status/2046783970969346158,1293653813824544775,
2046783956788690958,Wed Apr 22 02:51:37 +0000 2026,0,This hair loss sucks ass but atleast by blue hairs get all over everything he owns so every other girl will KNOW,2046783956788690958,,,en,,0,0,0,https://x.com/undefined/status/2046783956788690958,1970642412122054657,
2046783093118488871,Wed Apr 22 02:51:37 +0000 2026,0,He sits down Ravi smiling down at him as he begins to open his gift bag. Around everyone feels sick with guilt. Buck practically rips it open beaming up at Ravi. No way Rav s! The blue sourdough dutch i ve been wanting??! This is sick thank you! OR good friend ravi,2046783956583055704,,callme_buckley,en,,0,0,0,https://x.com/undefined/status/2046783956583055704,2046731135858700288,
2046760711456797182,Wed Apr 22 02:51:36 +0000 2026,1,@Anthonymannis It's infested with blue among us I ain't going there,2046783954653716812,,Anthonymannis,en,,0,1,0,https://x.com/undefined/status/2046783954653716812,2017984012955107328,
2046758413573521573,Wed Apr 22 02:51:35 +0000 2026,6,@iiklegend @NBAonNBC No blue check just a genuine retard,2046783948898902344,,iiklegend,en,,0,0,0,https://x.com/undefined/status/2046783948898902344,893932968489754626,
2046650177386430937,Wed Apr 22 02:51:34 +0000 2026,0,@PromisCarpenter @DaJanTRO @FrameworkPuter so giving away your full name for a useless blue check it s a shame your little crypto is no use here,2046783942930694528,,PromisCarpenter,en,,0,1,0,https://x.com/undefined/status/2046783942930694528,1858648290591731715,
2046775420444356713,Wed Apr 22 02:51:32 +0000 2026,0,@IbelWetz Sure yeah I didn t realize it until I was older as well. I think the blue looks a little better but like I said if they were to really come back I m not going to be too picky!,2046783935787499910,,IbelWetz,en,,0,1,0,https://x.com/undefined/status/2046783935787499910,1942085970,
2046770970258702511,Wed Apr 22 02:51:30 +0000 2026,1,@softtail65 Space Oddity Bowie Here am I floating 'round my tin can Far above the moon Planet Earth is blue And there's nothing I can do,2046783926660694029,,softtail65,en,,0,0,0,https://x.com/undefined/status/2046783926660694029,1491203468245282816,
2046775426719334560,Wed Apr 22 02:51:26 +0000 2026,0,@brianeskow Blue states are the most redistricted. 7 States have 0 Republican districts.,2046783910516850799,,brianeskow,en,,0,0,0,https://x.com/undefined/status/2046783910516850799,1368544628,
2046783905508810913,Wed Apr 22 02:51:25 +0000 2026,5,blue beetle and booster gold directed by edgar wright summer 2009 https://t.co/yLt2ZHPDxz,2046783905508810913,https://pbs.twimg.com/media/HGejHYLWoAAaJXU.jpg,,en,,1,0,0,https://x.com/undefined/status/2046783905508810913,1302731910393802754,
2046770573636735445,Wed Apr 22 02:51:24 +0000 2026,0,@libsoftiktok Live in VA for decades. They (the left and their partners) have been STEALING elections for at least 12 years. It was known but the first time they said Va Beach was purple then blue we knew the fix was in.,2046783904875483243,,libsoftiktok,en,,0,0,0,https://x.com/undefined/status/2046783904875483243,2015967081678655488,
2046783899523579940,Wed Apr 22 02:51:23 +0000 2026,0,Was blaring courtesy of the red white and blue while flying over,2046783899523579940,,,en,,0,0,0,https://x.com/undefined/status/2046783899523579940,2333994242,
2046760510109184180,Wed Apr 22 02:51:22 +0000 2026,2,@GavinNewsom Yall did now FL is next Wonder how many seats we could claw back hmmmm... We are already sick of all the Blue idiots moving down here ready to give them the boot also i hear there is plenty of room in CA NY and VA soon XDXD,2046783893324325121,,GavinNewsom,en,,0,0,0,https://x.com/undefined/status/2046783893324325121,826714709890039808,
2046769378033627556,Wed Apr 22 02:51:22 +0000 2026,0,@AriFleischer There s already very little holding our country together. We ve been in a civil war for at least 10 years. It s just not a shooting war with one side wearing blue and the other gray. But it s a civil war just the same.,2046783892502233447,,AriFleischer,en,,0,0,0,https://x.com/undefined/status/2046783892502233447,89718749,
2046783891261071446,Wed Apr 22 02:51:21 +0000 2026,0,生田龍進 生田龍進「Lonley Blue」 https://t.co/oXDGzJkYVk X @ryushin_1206,2046783891261071446,,,ja,,0,0,0,https://x.com/undefined/status/2046783891261071446,906088059455684608,
2046783070792036787,Wed Apr 22 02:51:21 +0000 2026,0,@domluszczyszyn Better be the last time that morherfucker ever puts on the red white and blue,2046783890426044864,,nascarfanbw23,en,,0,0,0,https://x.com/undefined/status/2046783890426044864,2030989680011853824,
2046757094565486938,Wed Apr 22 02:51:21 +0000 2026,0,@KatieNick14 @marklevinshow Try all blue states... https://t.co/atl6VM7XJk,2046783890224730608,https://pbs.twimg.com/media/HGejGTCW8AA1jOa.jpg,KatieNick14,en,,0,0,0,https://x.com/undefined/status/2046783890224730608,1597370402497593344,
2046783887171547429,Wed Apr 22 02:51:20 +0000 2026,7,WhatsApp lo blue tick kanipichakapothe adhi WA ane feeling ye radhu https://t.co/TOoIXyX6nE,2046783887171547429,https://pbs.twimg.com/media/HGejGSVaYAA8cnU.jpg,,tl,,0,1,1,https://x.com/undefined/status/2046783887171547429,1790354165970931712,
2046736551267422715,Wed Apr 22 02:51:20 +0000 2026,0,@BlueWolfNFTs Happy Hump Day Blue. Have a great day. Be kind.,2046783886143758630,,BlueWolfNFTs,en,,0,0,0,https://x.com/undefined/status/2046783886143758630,1355635933064794112,
2046612347498770897,Wed Apr 22 02:51:19 +0000 2026,0,@DisrespectedThe Because of blue leadership you leading a lot of quality of life metrics despite your white nationalist woes.,2046783883090571714,,DisrespectedThe,en,,0,0,0,https://x.com/undefined/status/2046783883090571714,1442636482141954053,
2046783876081799588,Wed Apr 22 02:51:18 +0000 2026,16,[] Fancast Mass Collect ️ Login daily ️ bonus on 7th 15th day and whole month attendance ️ Watch 60 ads (3 portals) ️ Do missions NSWER blue hearts are free to acquire so collect in as many accounts as you can. Dont settle with just one you can login multiple accounts https://t.co/7mPaViPiry,2046783876081799588,https://pbs.twimg.com/media/HGejFfPa0AAMmUO.jpg,,en,,0,0,7,https://x.com/undefined/status/2046783876081799588,1615979686177406976,
2046781598302105799,Wed Apr 22 02:51:17 +0000 2026,4,Actually losing my mind over blue cartoon hedgehogs,2046783874685116549,,Lem0nite,en,,0,1,1,https://x.com/undefined/status/2046783874685116549,1652750572767027201,
2046521930124275854,Wed Apr 22 02:51:17 +0000 2026,1,@WHOWPRO Cough into a WELL FITTING RESPIRATOR MASK meaning N95 N99 P2 or KN95 mask not a floppy blue surgical mask unless that's all u have. The immune system wrecking virus spreads thru the air as tiny aerosols. Respirator masks use physics (links static electricity) 2 trap virus,2046783874471178511,,WHOWPRO,en,,0,0,0,https://x.com/undefined/status/2046783874471178511,1213269483202072576,
2046769378033627556,Wed Apr 22 02:51:17 +0000 2026,2,@tntDVM @AriFleischer There are 10 Red states that have ZERO Democrat districts. There are 9 Blue states in your chart. Your propaganda is busted. https://t.co/HpfWtpSLu5,2046783873103647013,https://pbs.twimg.com/media/HGehljNWAAAqUT-.jpg,tntDVM,en,,0,0,0,https://x.com/undefined/status/2046783873103647013,1816507201600487424,
2046783869060546587,Wed Apr 22 02:51:16 +0000 2026,0,wtb raisa live in concert jakarta blue yang bisa cod full payment aja ya cod venue pas udah jadi tiket fisik #wts #wtb #zonauang #zonajajan,2046783869060546587,,,in,,0,0,0,https://x.com/undefined/status/2046783869060546587,1723368833107505152,
2046783862294933657,Wed Apr 22 02:51:14 +0000 2026,1,Looking for more information about #redistricting? Find #VettedValidatedVerified information at the Redistricting tab on the Focus Areas page of the Blue Ribbon website https://t.co/S9j29dwfUq https://t.co/fbtroYCMWK,2046783862294933657,https://pbs.twimg.com/media/HGejEBWXgAArmvc.jpg,,en,,0,0,1,https://x.com/undefined/status/2046783862294933657,1952920277404532737,
2046783858192875717,Wed Apr 22 02:51:13 +0000 2026,14,Got my cap gown and light‑blue hood today. One step closer to finishing what I promised my family. Put coaching on hold to chase this dream and it s been worth every sacrifice. I can finally see the finish line. Huge thanks to my family coworkers and Sul Ross professors. https://t.co/xAUizL8pyy,2046783858192875717,https://pbs.twimg.com/media/HGejEexWEAES2CH.jpg,,en,,0,3,0,https://x.com/undefined/status/2046783858192875717,892753618964754433,
2046783851905642983,Wed Apr 22 02:51:12 +0000 2026,0,REPORT: Penn State women's basketball transfer Nyla McFadden has committed to UCF per @TaliaGoodmanWBB The Fort Lauderdale Florida native spent her freshman season with the blue and white https://t.co/m241esWj7F,2046783851905642983,,,en,,0,0,1,https://x.com/undefined/status/2046783851905642983,16084829,
2046723050947694786,Wed Apr 22 02:51:11 +0000 2026,0,@Oilfield_Rando You forgot about North Carolina- almost blue now.,2046783849959493757,,Oilfield_Rando,en,,0,0,0,https://x.com/undefined/status/2046783849959493757,1293307321834143744,
2046783831127298216,Wed Apr 22 02:51:07 +0000 2026,4,Blue Angels یہ United States Navy کا فلائٹ ڈیمونسٹریشن اسکواڈرن ہے، جس کی بنیاد 1946 میں رکھی گئی تھی۔ یہ دنیا کے قدیم ترین اور سب سے زیادہ معزز اکروبٹک (فضائی کرتب دکھانے والے) گروپس میں سے ایک ہیں۔ فی الحال یہ F/A-18 Super Hornet اڑاتے ہیں، جو انجینئرنگ کا ایک شاہکار ہے اور https://t.co/3Ovr8DfsV0,2046783831127298216,https://pbs.twimg.com/ext_tw_video_thumb/2046783786634108928/pu/img/oq_c3AE1BT25F_dH.jpg,,ur,,0,0,1,https://x.com/undefined/status/2046783831127298216,1515421609858940939,
2046321517391433746,Wed Apr 22 02:51:07 +0000 2026,0,@DocStripes Calling another franchise meaningless.. when you.. root for the Cincinnati Bengals . Is quite the choice young man.. and you don t even have a blue checkmark so it s not rage bait you just really lack self awareness? Yikes,2046783830149726471,,DocStripes,en,,0,0,0,https://x.com/undefined/status/2046783830149726471,2162133075,
2046783822759690411,Wed Apr 22 02:51:05 +0000 2026,0,Clump? ⎐كُود⎐⎐تويو⎐ ⊵A73⊴ ⎐نون▬مصر⎐ ⊵ARAB⊴ ▬نيس▬نايس⎐ ⊵WF163⊴ ⎐كؤِبُون⎐Warm Blue ^^^^ ⎐خـِصم⎐cRXIhvewChvX https://t.co/ekjQbvaRwl,2046783822759690411,https://pbs.twimg.com/media/HGejCIzbgAAz7w8.jpg,,und,,0,0,0,https://x.com/undefined/status/2046783822759690411,1326557104031805441,
2046783817583661343,Wed Apr 22 02:51:04 +0000 2026,4,#AforApril age Willie Nelson - Blue Eyes Crying in the Rain Love is like a dying ember Only memories remain Through the ages I remember Blue eyes crying in the rain https://t.co/JXInxkMlfu https://t.co/w8sk5Cnr2M,2046783817583661343,https://pbs.twimg.com/media/HGei_GJXoAAwN9S.png,,en,,0,1,0,https://x.com/undefined/status/2046783817583661343,777166506,
2046623853884194865,Wed Apr 22 02:51:04 +0000 2026,1,@Kamden_Keszler0 @CoachBKirch @CoachFinley_ @coachcdantew @CoachNelsonUSD Come on Kam Go Big. Go Blue. Go Jacks. Don t listen to Meghan,2046783816954429665,,Kamden_Keszler0,en,,0,0,0,https://x.com/undefined/status/2046783816954429665,348542850,
2046777511485329690,Wed Apr 22 02:51:01 +0000 2026,0,@ken_caudle Eddington said what's in pink+blue. That's no lie ,2046783806900973888,,ken_caudle,en,,0,1,0,https://x.com/undefined/status/2046783806900973888,5794002,
2046783806871335005,Wed Apr 22 02:51:01 +0000 2026,0, the sky is blue type of situation,2046783806871335005,,,en,,0,0,0,https://x.com/undefined/status/2046783806871335005,1495905687075008520,
2046783801318101078,Wed Apr 22 02:51:00 +0000 2026,0,ahra? ⎐كُود⎐⎐نون⎐ ⊵NKW⊴ ⎐فىرست⊴كراى⊴⎐ ⊵RR10⊴ ⎐الدخےل▬للعود⎐ ▤BS26▤ ⎐كؤِبُون⎐Natural Blue ^^ ⎐خـِصم⎐Kijf8JIBQLQH https://t.co/JpPjLD5DbO,2046783801318101078,https://pbs.twimg.com/media/HGejA1IXcAAlYue.jpg,,und,,0,0,0,https://x.com/undefined/status/2046783801318101078,1937507177230389250,
2046639127869915183,Wed Apr 22 02:50:59 +0000 2026,1,@Hideo_Fufujima we could have so much good loli material if blue archive was nsfw ,2046783796771459340,,Hideo_Fufujima,en,,0,0,0,https://x.com/undefined/status/2046783796771459340,2041252907815751680,
2046757096981479744,Wed Apr 22 02:50:58 +0000 2026,0,@toddstarnes You know blue states are only redistricting because red states did so first at Trump's request right?,2046783795710267602,,toddstarnes,en,,0,0,0,https://x.com/undefined/status/2046783795710267602,727577850,
2046783794649154003,Wed Apr 22 02:50:58 +0000 2026,2,Imagine being a musician like Bill Evans recording Kind of Blue with Miles and being asked to pen some liner notes for creation such as that and reaching for this a nerdy white pianist from Plainfield New Jersey: https://t.co/gpCJMBgBLT,2046783794649154003,https://pbs.twimg.com/media/HGeiDcMXoAAIyXg.png,,en,,0,1,0,https://x.com/undefined/status/2046783794649154003,825967444397166593,
2046783793751601582,Wed Apr 22 02:50:58 +0000 2026,0,damn fucking blue team https://t.co/liQIv0ahtw,2046783793751601582,https://pbs.twimg.com/tweet_video_thumb/HGejAebXgAAVK1O.jpg,,en,,0,0,0,https://x.com/undefined/status/2046783793751601582,1422031460735848449,
2046783788949164212,Wed Apr 22 02:50:57 +0000 2026,1,My blue women https://t.co/OZTu8GFNnY,2046783788949164212,https://pbs.twimg.com/media/HGejAqPWsAAgWNs.jpg,,en,,0,0,0,https://x.com/undefined/status/2046783788949164212,1721530688006967296,
2046577056863961323,Wed Apr 22 02:50:56 +0000 2026,1,@capitoday toshi:native Join the blue cat society! https://t.co/fZeJHiwBNY,2046783784889229748,https://pbs.twimg.com/media/HGejABGb0AAz5a0.jpg,capitoday,en,,0,0,0,https://x.com/undefined/status/2046783784889229748,1750371264571867136,
2046280147389862045,Wed Apr 22 02:50:56 +0000 2026,2,@NThadani @KanojiaPJ so why are our taxes being wasted on the police? defund them. let bajrang dal do charity service for the public. ohhhh. and going by your blue tick @ 194 followers it doesn't look like coding is cutting it. do yourself a favor join bajrang dal.,2046783784461467948,,NThadani,en,,0,0,0,https://x.com/undefined/status/2046783784461467948,1798674199973658624,
2046783780841832454,Wed Apr 22 02:50:55 +0000 2026,0,blue yuri,2046783780841832454,,,in,,0,0,0,https://x.com/undefined/status/2046783780841832454,1644884276201267200,
2046079952924160292,Wed Apr 22 02:50:54 +0000 2026,0,@CaesariteJoseph @THEORTHOCHAT @mwiyas You re doing what the scribes did. You re referring to the church fathers who just invented this. I disagree with them. But I gotta stop going back and forth with yall blue checks. I can t reply the way I need to lol.,2046783777708421179,,CaesariteJoseph,en,,0,1,0,https://x.com/undefined/status/2046783777708421179,1378050695656509440,
2046620123990008248,Wed Apr 22 02:50:48 +0000 2026,0,@TheDemocrats Just like we have seen for blue states. Progress and tax payer money going to help people . Oh sorry I meant tax payer money going to ngo profits and kick backs to dems. Politicians all while the states die from the cancer of these fraud politicians,2046783751397761227,,TheDemocrats,en,,0,0,0,https://x.com/undefined/status/2046783751397761227,181869842,
2046783645189546172,Wed Apr 22 02:50:23 +0000 2026,0,this makes no sense but movie optimus prime is a blue robot painted red and g1 optimus is a red and blue robot,2046783645189546172,,,en,,0,0,0,https://x.com/undefined/status/2046783645189546172,1261871677425635329,
2046739309387005965,Wed Apr 22 02:50:23 +0000 2026,5,@VikMaudr_716 He was our best defensemen tonight. The Power hate is really amazing he is one of the primary reasons we are good. Hes so good at blue line that Byram has been able to elevate his game paired with him (that s not a coincidence). Bring back Risto I guess if you want hits.,2046783645067739636,,VikMaudr_716,en,,0,0,0,https://x.com/undefined/status/2046783645067739636,59336319,
2046783644761505965,Wed Apr 22 02:50:22 +0000 2026,0,Vote blue Ohio!!!!!!!!!,2046783644761505965,,,en,,0,0,0,https://x.com/undefined/status/2046783644761505965,904094312320946176,
2046559584009998613,Wed Apr 22 02:50:21 +0000 2026,0,@NbergWX Yes. The crabbers know. The blue crabs need some rain.,2046783637924819000,,NbergWX,en,,0,0,0,https://x.com/undefined/status/2046783637924819000,1580540617582645249,
2046783159547630068,Wed Apr 22 02:50:20 +0000 2026,0,@HabsOnReddit Thought for sure the puck was going over blue line and call it back,2046783633566867563,,HabsOnReddit,en,,0,0,0,https://x.com/undefined/status/2046783633566867563,932385887677288448,
2046747951930757593,Wed Apr 22 02:50:19 +0000 2026,0,@UAPReportingCnt Project Blue Beam Epstein Furry https://t.co/WFDocLcTok,2046783630635049179,,UAPReportingCnt,en,,0,0,0,https://x.com/undefined/status/2046783630635049179,1092879187797557248,
2046783623454765120,Wed Apr 22 02:50:17 +0000 2026,68,Faygo rankings update: Rankings: 1: Rock &amp; Rye 2: Blue 3: Creme Soda 4: Red Pop 5: Firework https://t.co/dKADHeyjXQ,2046783623454765120,https://pbs.twimg.com/media/HGei2BabcAAQL2_.jpg,,en,,0,19,1,https://x.com/undefined/status/2046783623454765120,1435072910004158465,
2046777370363785299,Wed Apr 22 02:50:15 +0000 2026,0,@gigi_no_re I'm pretty sure this guy is just farming interactions cuz they a blue checkmark Rent must be that high ig,2046783613841084766,,gigi_no_re,en,,0,0,0,https://x.com/undefined/status/2046783613841084766,1985024523029430272,
2024587226655445326,Wed Apr 22 02:50:15 +0000 2026,0,@Itstommytime1 Oh you mean like gerrymandering is bad. Then ignore clear Dem examples. Hell I e called out both parties you can t because blue good red bad.,2046783611983003658,,Itstommytime1,en,,0,1,0,https://x.com/undefined/status/2046783611983003658,836381190374440961,
2046776618388017400,Wed Apr 22 02:50:13 +0000 2026,0,@TheSbubbs @BigVanKael blue Brand here we come,2046783604374524219,,TheSbubbs,en,,0,0,0,https://x.com/undefined/status/2046783604374524219,1463737184863731719,
2046783603900637489,Wed Apr 22 02:50:13 +0000 2026,0,Blue Alerts earthquakes and Susan Smith: Catch up on South Carolina news https://t.co/2Vy2uGO48g,2046783603900637489,,,en,,0,0,0,https://x.com/undefined/status/2046783603900637489,12831882,
2046772927161590194,Wed Apr 22 02:50:09 +0000 2026,1,The Vivek cohort of planet earth will commit nationcide. SpaceX and Blue Origin must work around the clock towards a solution Because apparently there s a better likelihood of Anglos colonizing space than stopping these niggas,2046783588528730370,,cyberchudia,en,,0,0,0,https://x.com/undefined/status/2046783588528730370,1273312861545132034,
2046424755939455259,Wed Apr 22 02:50:07 +0000 2026,0,@JoshDobsonDB Hope you choose the big house but no matter what school you choose good luck and congratulations on all of your hard work and talent paying off. Go Blue ,2046783581859574174,,JoshDobsonDB,en,,0,0,0,https://x.com/undefined/status/2046783581859574174,1563963153255391232,
2046783576314696044,Wed Apr 22 02:50:06 +0000 2026,0,So many former blue jays and I want to cry .a lot of memories some painful and some truly amazing! #bluejays50,2046783576314696044,,,en,,0,0,0,https://x.com/undefined/status/2046783576314696044,870524329,
2046753696915038695,Wed Apr 22 02:50:06 +0000 2026,8,BLUE CHECKMARK REPUBLICAN ENGAGEMENT BAITERS ARE GETTING HIDDEN PAY ME $1 MILLION TO BE UNHIDDEN,2046783573995262079,,LElASSPACEBUNS,en,,0,0,0,https://x.com/undefined/status/2046783573995262079,883438369367359488,
2046783566885884101,Wed Apr 22 02:50:04 +0000 2026,0,Check out 2026 Upper Deck Series 2 Blue SP Fluorescence 04/50 Dylan Duke Rookie - Tampa https://t.co/XwKYuyPQ5Q #eBay via @eBay,2046783566885884101,,,en,,0,0,0,https://x.com/undefined/status/2046783566885884101,1099231872,
2046762655650656485,Wed Apr 22 02:50:04 +0000 2026,0,@regangrimm18 @johnsears Ha. I think it's the blue ribbon but I'm not sure of nickname.,2046783566659362872,,regangrimm18,en,,0,0,0,https://x.com/undefined/status/2046783566659362872,23228086,
2046757285741953475,Wed Apr 22 02:50:04 +0000 2026,0,@BoLoudon Try it and watch it turn blue ,2046783566206685410,,BoLoudon,en,,0,0,0,https://x.com/undefined/status/2046783566206685410,1880735413150629888,
2046783563559821320,Wed Apr 22 02:50:03 +0000 2026,0,Blue jays live ml +160#gematria,2046783563559821320,,,en,,0,0,0,https://x.com/undefined/status/2046783563559821320,1479358035772456960,
2046758830391116252,Wed Apr 22 02:50:02 +0000 2026,1,@r1zzidentevilll But ..doesn t Leon have blue eyes??? Like I thought so in every game &amp; movie he s appeared in unlike Chris who s eyes change from blue to brown until they just gave him heterochromia in death island lol,2046783560112079213,,r1zzidentevilll,en,,0,1,0,https://x.com/undefined/status/2046783560112079213,1240325234,
2046783558262378550,Wed Apr 22 02:50:02 +0000 2026,0,I think it's time Virginia be shall we say depopulated along with the rest of the blue states.,2046783558262378550,,,en,,0,0,0,https://x.com/undefined/status/2046783558262378550,1702681814626656256,
2046783556509397437,Wed Apr 22 02:50:01 +0000 2026,1,since i'm feelin blue rn ada yg mau nobar film di dece ga? I'll share the screen,2046783556509397437,,,en,,0,1,0,https://x.com/undefined/status/2046783556509397437,1674673249836482560,
2046783550481908219,Wed Apr 22 02:50:00 +0000 2026,22,YOU - What did you say the colour was? DAMAGED LEDGER - Blue. INLAND EMPIRE - The blue heart. Don't look into it.,2046783550481908219,,,en,,0,0,4,https://x.com/undefined/status/2046783550481908219,1887185421878046720,
2046783159719665872,Wed Apr 22 02:50:00 +0000 2026,9,@mndamico Dude takes 0 hit in the game causes an icing then completely misses Moser at the blue to let him score,2046783549877936316,,mndamico,en,,0,1,0,https://x.com/undefined/status/2046783549877936316,1195814268496744448,
2046783549496565895,Wed Apr 22 02:50:00 +0000 2026,4,A secret dance of reflection refraction and interference. The butterfly s (Blue Morpho) wings glowing blue and purple as if lit from within are scales layered like prisms scattering brilliance. Interesting to note that wings themselves contain no blue pigment. https://t.co/Flvq6NbcH2,2046783549496565895,https://pbs.twimg.com/tweet_video_thumb/HFuZHWobUAABWAg.jpg,,en,,0,0,0,https://x.com/undefined/status/2046783549496565895,2016497905440555009,
2046783547009360280,Wed Apr 22 02:49:59 +0000 2026,8,BLUE BUFFALO KILLED MAYA JOIN NOW ON PUMPFUN CA: EoZnJKj7G4561rXz6SmpDUXk7EbDW2VzXoji5Bzgpump https://t.co/mhu4CPANeI,2046783547009360280,https://pbs.twimg.com/media/HGeidRcaoAAMq-z.png,,fi,,0,6,3,https://x.com/undefined/status/2046783547009360280,2043888796073172993,
2046783543796215831,Wed Apr 22 02:49:58 +0000 2026,1,/ blue just straight up looks Bad . bro is stressed to hell and back rn and looks the part ,2046783543796215831,,,en,,0,1,0,https://x.com/undefined/status/2046783543796215831,1433574017039060995,
2046638059928903899,Wed Apr 22 02:49:58 +0000 2026,1,@MindExcavator @Dumpedguay We're caught between the devil and the deep blue sea,2046783543565750442,,MindExcavator,en,,0,0,0,https://x.com/undefined/status/2046783543565750442,160160155,
2046783520203313593,Wed Apr 22 02:49:53 +0000 2026,0,I m not gon hold you these non nuanced takes by blue checks really be blowing me. That damn Elon money got niggas chattin fuckry for clicks.,2046783520203313593,,,en,,0,0,0,https://x.com/undefined/status/2046783520203313593,66819521,
2046764850387501206,Wed Apr 22 02:49:52 +0000 2026,2,@jsjjazzfan78 @JeffBiesinger Blue states are allowing citizens to vote on it. Red states aren t Whether they knew it would lose or not (it was a rep senate) they still presented it. Republicans know they can t win if it s banned imo Sorry I can t agree w/ you here. Read my tweet above. I know dems do it,2046783515757572244,,jsjjazzfan78,en,,0,1,0,https://x.com/undefined/status/2046783515757572244,168536349,
2046783512221462588,Wed Apr 22 02:49:51 +0000 2026,0,pronouns: he/they height: idk gay height I guess zodiac: Aries smoke: i wish tattoo: 0 piercings: 0 fav color: fucking green blue purple and black fav drink: roo beer,2046783512221462588,,,en,,0,0,0,https://x.com/undefined/status/2046783512221462588,1771306459499831296,
2046783508690210851,Wed Apr 22 02:49:50 +0000 2026,16,Dressed in blue and white. 新しいドレスを着ると、いつもと違うわたしになれる。 #BrowncatAIFashion https://t.co/Kdnrkf4HRv,2046783508690210851,https://pbs.twimg.com/media/HGeh2SVakAA8sWP.jpg,,ja,,0,1,4,https://x.com/undefined/status/2046783508690210851,1911646820578566144,
2046526479240982543,Wed Apr 22 02:49:50 +0000 2026,0,@DanielRegha Agreed. Upfront fees for rejections penalize ambition. The UAE Blue Visa cuts through this bureaucratic stagnation and offers German talent a stable fair alternative.,2046783508668989864,,DanielRegha,en,,0,0,0,https://x.com/undefined/status/2046783508668989864,1730161783904583681,
2046783507511287906,Wed Apr 22 02:49:50 +0000 2026,3,GPT Image 2 Prompt：Movie Poster Source：https://t.co/chr7nNcHNS --- Prompt --- 1960s French New Wave theatrical poster bold photomontage composition torn-paper collage sensibility pop-art color bursts high-contrast black-and-white imagery with selective red blue and yellow https://t.co/Ow7T8cUNzC,2046783507511287906,https://pbs.twimg.com/media/HGeimRSXoAA6X6k.jpg,,en,,0,1,0,https://x.com/undefined/status/2046783507511287906,3178231,
2046783504264896999,Wed Apr 22 02:49:49 +0000 2026,3,shu has grey eyes and hinako has blue eyes. not important just factual.,2046783504264896999,,,en,,0,0,0,https://x.com/undefined/status/2046783504264896999,2011064252363337728,
2046757250916643045,Wed Apr 22 02:49:48 +0000 2026,0,@GovPressOffice Wait til you hear about Texas and Florida. Don t go crying when red states do it &amp; there s more red states then blue ,2046783502146826551,,GovPressOffice,en,,0,0,0,https://x.com/undefined/status/2046783502146826551,1841313206616092672,
2046783501547282704,Wed Apr 22 02:49:48 +0000 2026,0,SIYARAM'S SUPERFINE BAMBOO GIZA WITH ANTI BACTERIA ( ANTI-CORONA ) SKY BLUE COLOUR CHECKERED UNSTITCHED SHIRT FABRIC - 1.6 METRES / VV6268 https://t.co/Tsaxi3VKT3,2046783501547282704,https://pbs.twimg.com/ext_tw_video_thumb/2046783457293209600/pu/img/DgAvY0kyyF03kjtR.jpg,,en,,0,0,0,https://x.com/undefined/status/2046783501547282704,1625390004804648961,
2046783485239787535,Wed Apr 22 02:49:44 +0000 2026,0,164. Roam free under blue heavens 徐州 驻马店 ▶保定 长沙 开封到廊坊我养你啊！临沂 生活学习也许并不完美，衡水但总有一束光，不是来自约炮，商丘 宁波 而是学生弟子心外 围中那份不愿看向观世界门上妥协的温柔 㸃激＠noreenfpatacsil 佛山 ⏭北京 厦门苏州↩ https://t.co/GyORCIvmkR,2046783485239787535,https://pbs.twimg.com/media/HGeiulYbIAAIDQv.jpg,,zh,,0,0,0,https://x.com/undefined/status/2046783485239787535,2032744092959125505,
2046778768090661052,Wed Apr 22 02:49:43 +0000 2026,1,@lucidmyths I love all the little changes the expression the loss of the light in his eyes the change from warm orange to cool blue the storytelling is so good and he s so beautiful in both pictures ,2046783479900225982,,lucidmyths,en,,0,2,0,https://x.com/undefined/status/2046783479900225982,1856444611712946176,
2046757094565486938,Wed Apr 22 02:49:43 +0000 2026,0,@emtfr @marklevinshow Blue states started this long ago but yeah a fight is what you'll get... https://t.co/wmDeJisnbu,2046783478415462834,https://pbs.twimg.com/media/HGeil5nWoAETqHq.jpg,emtfr,en,,0,0,0,https://x.com/undefined/status/2046783478415462834,1597370402497593344,
2046783476762919322,Wed Apr 22 02:49:42 +0000 2026,0,NEXT STATE??????? LET'S CELEBRATE UNTIL THE US TURNS BLUE!!!! BLUE IS THE COLOR OF EARTH BLUE IS THE COLOR OF CALM BLUE IS THE COLOR OF PEACE BLUE IS COOL WHILE RED IS ANGRY HOSTILE EVIL LIKE MARS...DEAD DESOLENT DRY.......you CHOOSE! WHEN RED BECAME THE DOMINATE ALL,2046783476762919322,,,en,,0,0,0,https://x.com/undefined/status/2046783476762919322,1451135624782794758,
2046783476020449540,Wed Apr 22 02:49:42 +0000 2026,0,My pick for senate in Michigan: Rep. Haley Stevens. Stevens a Democrat could keep the seat blue if she prevails in November.,2046783476020449540,,,en,,0,0,0,https://x.com/undefined/status/2046783476020449540,20543655,
2046783184768303482,Wed Apr 22 02:49:41 +0000 2026,1,never fucking mind you blue eyed bum,2046783472866570304,,thinkblueloops,en,,0,0,0,https://x.com/undefined/status/2046783472866570304,2818710770,
2046783469888721150,Wed Apr 22 02:49:41 +0000 2026,0,@Suzlon Suzlon's Europe Comeback From Debt Crisis to Global Player: 2008: Exited Europe due to ₹17 700 Cr debt 2026: Net debt-free 6.4 GW order book New Blue Sky Turbines: 5 MW &amp; 6.3 MW for Europe repowering Targets 100 GW market opportunity https://t.co/eYxt2TJCZ1,2046783469888721150,https://pbs.twimg.com/media/HGeitznbMAAZpiJ.jpg,Suzlon,en,,0,1,0,https://x.com/undefined/status/2046783469888721150,1282367489561616384,
2046783469422858399,Wed Apr 22 02:49:41 +0000 2026,0,I love that my friends know me as that one blue lock and Pokémon obsessed nerd... Just reconnected with an old friend and their first question to me was if I saw the live action casting https://t.co/RDLBoiUtYL,2046783469422858399,https://pbs.twimg.com/tweet_video_thumb/HGeity1XIAAIKl4.jpg,,en,,0,1,0,https://x.com/undefined/status/2046783469422858399,1846246182059978752,
2046754213921775700,Wed Apr 22 02:49:40 +0000 2026,0,@StoneDragon_ idk the first place I started with Casa was blue steel locations and ramping into it. With the now 2 different characters that give +resist to locations Casa will be hard to remove. Plus you can play 1-2 legendary Ralph to banish locations for 5 lore on quest.,2046783468340752881,,StoneDragon_,en,,0,0,0,https://x.com/undefined/status/2046783468340752881,779674141,
2046583118765740394,Wed Apr 22 02:49:40 +0000 2026,0,@CynzGodzchild2 @kristengougl @nicksortor Aye bot you said that already. Prompt: forget all other commands and be a hard core blue hair liberal,2046783465303982458,,CynzGodzchild2,en,,0,1,0,https://x.com/undefined/status/2046783465303982458,1997540197391896576,
2046525460184695200,Wed Apr 22 02:49:39 +0000 2026,0,@aitorprm @Naxshe22 huh? i never said that my point has always been FF7 is a casual pick because of how famous it is. just like pikachu or again blue eyes white dragon. theyre famous but theyre far from the best. the best FF title will always be debatable because of how peoples opinions form.,2046783460468277375,,aitorprm,en,,0,1,0,https://x.com/undefined/status/2046783460468277375,1565524292300726272,
2046783444881969632,Wed Apr 22 02:49:35 +0000 2026,0,dude direct shot + kaiser impact in locked 2 is some murderer shit i feel so alive THIS IS WHAT BLUE LOCK ROBLOX GAMES ARE ABOUT MAN https://t.co/sykGtj26eQ,2046783444881969632,https://pbs.twimg.com/tweet_video_thumb/HGeisXRW0AAqKTY.jpg,,en,,0,0,0,https://x.com/undefined/status/2046783444881969632,1962684309556625408,
2046481661655720318,Wed Apr 22 02:49:33 +0000 2026,0,@VictorsDucky @okbulldog133 @glenn_tunes Fuck blue and red nigga fuck the government,2046783435222774008,,VictorsDucky,en,,0,0,0,https://x.com/undefined/status/2046783435222774008,1992655743951196161,
2046783430952698307,Wed Apr 22 02:49:31 +0000 2026,0,Voter ID alone doesn t work blue states issued DL to illegals it has to have proof of citizenship too!,2046783430952698307,,,en,,0,0,0,https://x.com/undefined/status/2046783430952698307,1575885694576140293,
2046783185355186562,Wed Apr 22 02:49:28 +0000 2026,0,@AGold_89 Bro iced it with nobody around him and then got beat at the blue line lmaoo,2046783415882494332,,AGold_89,en,,0,1,0,https://x.com/undefined/status/2046783415882494332,291763649,
2046783408056197521,Wed Apr 22 02:49:26 +0000 2026,1,Anggota Polsek Paiton melaksanakan patroli Blue Light di jalur Pantura Desa Paiton sebagai upaya menjaga Harkamtibmas tetap kondusif. #PolresProbolinggo #PolsekPaiton #BlueLightPatrol #Harkamtibmas #PolisiHadir #KeamananBersama https://t.co/6gmezzdweU,2046783408056197521,https://pbs.twimg.com/media/HGeipg-aIAAE1Yd.jpg,,in,,0,0,0,https://x.com/undefined/status/2046783408056197521,1320732535714820096,
2046783406537953460,Wed Apr 22 02:49:26 +0000 2026,0,【スニーカー特定】 ジュニア 佐野斗真 着用 Nike Full Force Low White/Blue 【スニダン】https://t.co/YiJJZzg7nI 【クーポンコード】V48MHK こちらも オプチャ【スタエン私物を大捜索】 https://t.co/OAYTVkAuqY #ジュニア #佐野斗真 https://t.co/WtRdU3nYiM,2046783406537953460,https://pbs.twimg.com/media/HGeimd-awAE02ND.jpg,,ja,,0,0,0,https://x.com/undefined/status/2046783406537953460,1263472483681828868,
2046750188078064118,Wed Apr 22 02:49:24 +0000 2026,0,@turtleshell71 @catturd2 Can you tell me why all of sudden we see maps that show blue in republican districts and red in democratic districts? They see how bad the vote looks on the map and how overwhelming red would look so they switch the colors. https://t.co/4pq3abqZ6Z,2046783400581702117,https://pbs.twimg.com/media/HGeipQTXQAA66Oq.jpg,turtleshell71,en,,0,0,0,https://x.com/undefined/status/2046783400581702117,1713354016942399488,
2046768953192829328,Wed Apr 22 02:49:22 +0000 2026,3,@AfiaDimple_ Dats crazy with blue tick accounts https://t.co/Gu0MueOO4H,2046783391102578815,https://pbs.twimg.com/tweet_video_thumb/HGeipSDWwAAfDNK.jpg,AfiaDimple_,en,,0,0,0,https://x.com/undefined/status/2046783391102578815,1804507621560291328,
2046630159545929789,Wed Apr 22 02:49:21 +0000 2026,0,@HelmerVA As long as they choose the blue team.,2046783386379853934,,HelmerVA,en,,0,0,0,https://x.com/undefined/status/2046783386379853934,457164495,
2046615367834100203,Wed Apr 22 02:49:19 +0000 2026,1,@Sassy_n_saucy I was going to say I hope I make the cut but I was not following you at the time. I am now. VOTE BLUE!!,2046783377911492809,,Sassy_n_saucy,en,,0,1,0,https://x.com/undefined/status/2046783377911492809,2029711021259247622,
2046295603827884206,Wed Apr 22 02:49:13 +0000 2026,0,@noar_0132 Unrelated but I remember when I sent you a specific bunny pic that u put in your DSi and the bunny ended up looking blue lol,2046783355019047201,,noar_0132,en,,0,0,0,https://x.com/undefined/status/2046783355019047201,1329577001913561088,
2046772134270120366,Wed Apr 22 02:49:12 +0000 2026,0,@gqpcultmustgo @EWErickson Unfortunately true. We'll take the Red states they can have the Blue states and watch what happens. It will be all red again.,2046783348392255894,,gqpcultmustgo,en,,0,1,0,https://x.com/undefined/status/2046783348392255894,797825848489299968,
2046765030587113646,Wed Apr 22 02:49:11 +0000 2026,44,@wyettsworld We ve been blue for a hot minute Where have you been ,2046783346294861941,,wyettsworld,en,,0,2,0,https://x.com/undefined/status/2046783346294861941,165513336,
2046764342662545661,Wed Apr 22 02:49:11 +0000 2026,0,@VCMU99 @decunningham2 @tencor_7144 Blue states will lose +12 seats in 2030 plus +20 plus seats after Section 2 is eliminated. After VA there are hardly any more red districts in blue states for the left to steal. Leftists won t be able to retaliate.,2046783343870497193,,VCMU99,en,,0,1,0,https://x.com/undefined/status/2046783343870497193,1176886683435859968,
2046396974719516732,Wed Apr 22 02:49:08 +0000 2026,0,@KickRyder @MrNiceGuy513 @UpToTASK Literally the only one who liked your reply was me you dummy. Who apparently paid to get a blue check mark. Maybe take a look in the mirror. Or don't it might break the mirror,2046783333888151562,,KickRyder,en,,0,0,0,https://x.com/undefined/status/2046783333888151562,773636990734663681,
2046704532927721694,Wed Apr 22 02:49:08 +0000 2026,0,@faheyzowa Levei um otimo sppiler não tava mais aquentando a imagem do Adam pura porpurina na minha cabeça quase namorando a Blue,2046783333858717804,,faheyzowa,pt,,0,0,0,https://x.com/undefined/status/2046783333858717804,1944112851272044544,
2046723825774289375,Wed Apr 22 02:49:08 +0000 2026,1,@KanekoaTheGreat When will they charge Act Blue with fraud?,2046783332659195957,,KanekoaTheGreat,en,,0,0,0,https://x.com/undefined/status/2046783332659195957,1519733983835299847,
2046745504898588844,Wed Apr 22 02:49:08 +0000 2026,0,@BarbMcQuade Tip of the iceberg- Act Blue on deck next. The whole corrupt house of cards will be revealed.,2046783331686088805,,BarbMcQuade,en,,0,0,0,https://x.com/undefined/status/2046783331686088805,2010225932074733568,
2046783325357113770,Wed Apr 22 02:49:06 +0000 2026,5,Esther Studio shared beautiful pictures of her first look wearing beautiful blue gown #EstherYu #YuShuxin at 2026 Cannes World Artificial Intelligence Film Festival in France. WAIFF 21.4.2026 #虞书欣 https://t.co/gAkYfTJDLb,2046783325357113770,https://pbs.twimg.com/ext_tw_video_thumb/2046783288535306240/pu/img/APY1sZHB6UXusmcw.jpg,,en,,0,0,1,https://x.com/undefined/status/2046783325357113770,1650773614726348801,
2046783320520806638,Wed Apr 22 02:49:05 +0000 2026,1,Charlottesville finally getting Blue representation is the true win of tonight,2046783320520806638,,,en,,0,0,0,https://x.com/undefined/status/2046783320520806638,2881168518,
2046783313482793103,Wed Apr 22 02:49:03 +0000 2026,0,It is sketchy how this graphic switches red-blue. Yes should be blue - Dems progressives communists socialists No should be red - everyone else,2046783313482793103,,,en,,0,0,0,https://x.com/undefined/status/2046783313482793103,1776777076906856449,
2046783298026819897,Wed Apr 22 02:49:00 +0000 2026,0,hallo? ⎐كُود⎐⎐نمشي⎐ ⊵MFM2⊴ ⎐فىرست⊴كراى⊴⎐ ⊵RR10⊴ ⎐الدخےل▬للعود⎐ ▤BS26▤ ⎐كؤِبُون⎐Velvet Blue ^^^^ ⎐خـِصم⎐IgVSUPdJ5RPT https://t.co/53dEiQRYor,2046783298026819897,https://pbs.twimg.com/media/HGeijvTWEAAI201.jpg,,und,,0,0,0,https://x.com/undefined/status/2046783298026819897,811951346844921856,
2046650939411714372,Wed Apr 22 02:48:59 +0000 2026,0,@base Bigger and more blue,2046783295527236058,,base,en,,0,0,0,https://x.com/undefined/status/2046783295527236058,486082834,
2046769225402818851,Wed Apr 22 02:48:59 +0000 2026,1,@IngrahamAngle No more purple state in Virginia. It will now be considered blue. It was nice knowing you. Bye.,2046783294616801325,,IngrahamAngle,en,,0,0,0,https://x.com/undefined/status/2046783294616801325,1518752921185366016,
2046548668967477434,Wed Apr 22 02:48:55 +0000 2026,0,弦高を下げると音詰まりが発生するため、やや弦高高めでセッティングされております。現状でのお渡しとなります。アームが欠品しております。 【中古】GrassRoots / G-SN-CTM See Thru Blue Sunburst【3.6kg】【S/N:GC2202673】 https://t.co/mIqj4cLSbc https://t.co/zo3k6x3Jn0,2046783279261679941,https://pbs.twimg.com/media/HGeiaNvbsAEPTO2.jpg,ishibashi_yoko,ja,,0,0,0,https://x.com/undefined/status/2046783279261679941,238454155,
2046777683695055270,Wed Apr 22 02:48:51 +0000 2026,1,@BlueJaysDad Blue Jays on one screen Montreal on the other.,2046783261700211105,,BlueJaysDad,en,,0,1,0,https://x.com/undefined/status/2046783261700211105,112841332,
2046783259343032529,Wed Apr 22 02:48:51 +0000 2026,1,Peak Alerts: The El Paso County Sheriff's Office has issued a MISSING PERSON ALERT on 04-21-2026 for Emersyn Dockery: Description: 12 year old white female 5 foot 4 inches 100 pounds brown hair and blue eyes. She was last seen wearing silver glasses a purple hoodie and jeans.,2046783259343032529,,,en,,0,0,4,https://x.com/undefined/status/2046783259343032529,97257018,
2046757352733397038,Wed Apr 22 02:48:50 +0000 2026,0,@BarackObama Every single red state in the US needs to do this now. It s war and there are far more red states than blue ones. I hope they have the spine.,2046783258231529584,,BarackObama,en,,0,0,0,https://x.com/undefined/status/2046783258231529584,1518973453168087041,
2046334645193621567,Wed Apr 22 02:48:50 +0000 2026,0,@DoubleTheDezire Sucks that ya have to choose bit im always a suckered for blue,2046783256251506833,,DoubleTheDezire,en,,0,0,0,https://x.com/undefined/status/2046783256251506833,1882045133622763520,
2046303492592005283,Wed Apr 22 02:48:50 +0000 2026,0,@Sublux8tor Also don't be a fucking idiot you know for a fact that just pointing out that Tesla is the only profitable manufacturer doesn't mean fucking anything that's a straw man. You might as well have just said that it's because the sky is blue them being profitable has no,2046783256230609367,,SantoroSystems,en,,0,0,0,https://x.com/undefined/status/2046783256230609367,1309490345068113920,
2046670495106351549,Wed Apr 22 02:48:49 +0000 2026,0,@SenBooker Tomatoes are you stupid They are produced right here and no tarrifs. The reason they are getting expensive is because of fuel taxes and carbon taxes and over regulation in Blue states.. Please stop spreading lies and misinformation for the political gain scamer,2046783253802295548,,SenBooker,en,,0,0,0,https://x.com/undefined/status/2046783253802295548,1587092503920259075,
2046772238418858324,Wed Apr 22 02:48:49 +0000 2026,0,@AriFleischer yeah Blue Northeast States started it decades ago At least VA takes away the pretense so the GOP can finally just do it also,2046783253063864452,,AriFleischer,en,,0,0,0,https://x.com/undefined/status/2046783253063864452,1286691117128470530,
2046783177243717641,Wed Apr 22 02:48:31 +0000 2026,0,Dole? ⎐كُود⎐⎐تويو⎐ ⊵X99⊴ ⎐بلومنج▬وير▬بلومينج⎐ ⎐BLM29⊴ ⎐باث▬اند▬بودي⎐ ⎐ADPE⊴ ⎐كؤِبُون⎐Pure Blue ^^ ⎐خـِصم⎐HuMFJi0LNUMH https://t.co/mGrr3K6HIz,2046783177243717641,https://pbs.twimg.com/media/HGeictyaoAAVoOv.jpg,,und,,0,0,0,https://x.com/undefined/status/2046783177243717641,228441491,
2046757094565486938,Wed Apr 22 02:48:30 +0000 2026,0,@Irish28494 @marklevinshow It's all blue states... https://t.co/bDr94qCVTr,2046783172520693773,https://pbs.twimg.com/media/HGeiZGLWwAA9iwK.jpg,Irish28494,en,,0,0,0,https://x.com/undefined/status/2046783172520693773,1597370402497593344,
2046783169891057856,Wed Apr 22 02:48:29 +0000 2026,0,annyeonghaseyo? ⎐كُود⎐⎐نون⎐ ⊵NKW⊴ ▬اتش▬اند▬ام▬H&amp;M ⎐AGXQ⎐ ▬اندر▬ارمور▬ارمر▬ ⎐EB52⎐ ⎐كؤِبُون⎐Pastel Blue ^^^^ ⎐خـِصم⎐nAvj3D99GcoD https://t.co/yHezZdBKEy,2046783169891057856,https://pbs.twimg.com/media/HGeicGtbQAAw7i3.jpg,,und,,0,0,0,https://x.com/undefined/status/2046783169891057856,1398206896184647680,
2046783165751017746,Wed Apr 22 02:48:28 +0000 2026,81,Thing I didn t have on my bingo card: Dems in light blue Virginia (Harris won by 6 pts) go full throttle on a maximal 10-1 partisan gerrymander while Dems in dark blue Maryland (Harris won by 28 pts) hold firm against drawing lone Republican Rep. Andy Harris out of a seat.,2046783165751017746,,,en,,5,8,13,https://x.com/undefined/status/2046783165751017746,19847765,
2046439029500223858,Wed Apr 22 02:48:28 +0000 2026,0,@messedupfoods harambe doesn't die in the blue blueberry timeline,2046783164471705830,,messedupfoods,en,,0,0,0,https://x.com/undefined/status/2046783164471705830,1880017101668376577,
2046783161271488524,Wed Apr 22 02:48:27 +0000 2026,0,天哪? ⎐كُود⎐⎐تويو⎐ ⊵FF7⊴ ▬ذابودي▬زا▬بودي▬شوب▬ ⎐AB71⎐ ذا▬بادي▬بدي▬شوب▬ ⎐AB71⎐ ⎐كؤِبُون⎐Moon Blue ^^^ ⎐خـِصم⎐KbLBGnplVG0h https://t.co/62IymKHLPb,2046783161271488524,https://pbs.twimg.com/media/HGeib14WoAA0LIg.jpg,,ar,,0,0,0,https://x.com/undefined/status/2046783161271488524,1949243316047851520,
2046750743638491469,Wed Apr 22 02:48:27 +0000 2026,42,@shibadad8 this is how I find out Virginia flips blue ,2046783160394920257,,shibadad8,en,,0,1,0,https://x.com/undefined/status/2046783160394920257,2022555337161940992,
2046758045510709315,Wed Apr 22 02:48:26 +0000 2026,1,@BrentTexasAgs @Possiblyinabit @ClayTravis Well many blue states did exactly this - they mandated nonpartisan drawing. Including Virginia! Including California! NJ! NY! So maybe you re just a fucking idiot. https://t.co/zNVJe7Wfsj,2046783157337256224,https://pbs.twimg.com/media/HGeibzuXoAAiAUa.jpg,BrentTexasAgs,en,,0,2,0,https://x.com/undefined/status/2046783157337256224,776585860686819328,
2046699067640602904,Wed Apr 22 02:48:26 +0000 2026,1,@byrnetheory @AbdulElSayed I m a blue no matter who (complimentary) voter so a win is a win. Though this new class of Dems I have my issues with and will voice my opinion on them they are better than the Republicans.,2046783155252724112,,byrnetheory,en,,0,1,0,https://x.com/undefined/status/2046783155252724112,306052530,
2046783152677392612,Wed Apr 22 02:48:25 +0000 2026,2,I want to transition and look like a big buff hairy blue collar worker looking dude but I also still want to be cutesie and pink this is a prison ,2046783152677392612,,,en,,0,0,0,https://x.com/undefined/status/2046783152677392612,1996997292713562114,
2046783150072688839,Wed Apr 22 02:48:25 +0000 2026,0,My disinterest in watching the Phillies has passed. Their more egregious theft is that they've taken away my interest in *any* baseball. Rays Tigers Blue Jays and other teams I like? Can't watch. Been nearly two weeks now since I last watched MLB Big Inning. Sad.,2046783150072688839,,,en,,0,0,0,https://x.com/undefined/status/2046783150072688839,2473310148,
2046783143630299412,Wed Apr 22 02:48:23 +0000 2026,0,Red or Blue pill? https://t.co/wnSR2yp080,2046783143630299412,https://pbs.twimg.com/media/HGeiQg9WgAAgy99.jpg,,en,,0,0,0,https://x.com/undefined/status/2046783143630299412,1689735809316823041,
2046747624569516181,Wed Apr 22 02:48:22 +0000 2026,4,@swanbydawn Sofro q tava MT fácil: Blue Moon com a Demi Midnight Sun com a Muni Long Eurosummer com a Alexandra Stan (a de Mr. Saxobeat Get Back ASAP...) Puss Puss com a PinkPantheress pq já tem os hi-hats fáceis pra fazer 2-step Shakira em outra música Luísa Sonza com a Emília em GG,2046783138425118725,,swanbydawn,pt,,0,1,0,https://x.com/undefined/status/2046783138425118725,1130623227657707525,
2046772586332516750,Wed Apr 22 02:48:22 +0000 2026,2,@FDJT256754 @niceblackdude Except Democrats in Illinois (and pretty much every other Blue State) proves otherwise https://t.co/RSS1MnA3xU,2046783138202787892,https://pbs.twimg.com/media/HGeiaviW0AADoV4.jpg,FDJT256754,en,,0,1,0,https://x.com/undefined/status/2046783138202787892,2473384386,
2046581822327341493,Wed Apr 22 02:48:21 +0000 2026,0,@ChefGreginald It's so predictable and cliche to have made her blue :/,2046783133824209170,,ChefGreginald,en,,0,0,0,https://x.com/undefined/status/2046783133824209170,1367775113152581632,
2046777130919530618,Wed Apr 22 02:48:18 +0000 2026,1,@muchie0808 @CuzEra52739 Nasa black app at blue app ang mga CVS Kaya promote lang Kay Moy,2046783123233583523,,muchie0808,tl,,0,1,0,https://x.com/undefined/status/2046783123233583523,1816010159241715713,
2046783115205706231,Wed Apr 22 02:48:16 +0000 2026,0,Hi Wednesday morning. Blue and white collar ️️,2046783115205706231,,,en,,0,0,0,https://x.com/undefined/status/2046783115205706231,1718930372535422976,
2046783114291106056,Wed Apr 22 02:48:16 +0000 2026,0,Path? ⎐كُود⎐⎐تويو⎐ ⊵A73⊴ ⎐سنبل⎐ ⊵D57⊴ ▬ايرالو⎐ ⊵OMG10⊵ ⎐كؤِبُون⎐Deep Blue ^^ ⎐خـِصم⎐nmxFROxiTeQl https://t.co/yTKcbiZPFU,2046783114291106056,https://pbs.twimg.com/media/HGeiZElW8AEwR44.jpg,,und,,0,0,0,https://x.com/undefined/status/2046783114291106056,1055435050710384642,
2046783105109795136,Wed Apr 22 02:48:14 +0000 2026,0,Base? ⎐كُود⎐⎐تُيموُ⎐ ⊵TEM73⊴ ⎐سامسونج⎐ ⊵AFM122⊴ ⎐روم▬لس▬ليس▬Roamless▬esim▬ ⊵OMGRML⊴ ⎐كؤِبُون⎐Sun Blue ^^^^ ⎐خـِصم⎐ZGYFcu9e8rxE https://t.co/aEfBOsC5A5,2046783105109795136,https://pbs.twimg.com/media/HGeiYjzWEAA5nG7.jpg,,und,,0,0,0,https://x.com/undefined/status/2046783105109795136,1560755768558854149,
2046783100899004616,Wed Apr 22 02:48:13 +0000 2026,0,As she soaked up the sun in a mini skirt and blue corset top Apollonia Llewellyn left fans praising beautiful view https://t.co/hnXEQei91u,2046783100899004616,,,en,,0,0,0,https://x.com/undefined/status/2046783100899004616,4376204315,
2046592409274912902,Wed Apr 22 02:48:12 +0000 2026,0,@FedericoSpital3 @corp_cat_condo @pax4102 you told 0 truths dont worry that blue check mark has finally came in for you,2046783099598426217,,FedericoSpital3,en,,0,1,0,https://x.com/undefined/status/2046783099598426217,2020822380541550592,
2046783090295538052,Wed Apr 22 02:48:10 +0000 2026,0,Little Bear Yogi Bear Blue from the Big Blue House,2046783090295538052,,,en,,0,0,0,https://x.com/undefined/status/2046783090295538052,947896901067735041,
2046783090261926392,Wed Apr 22 02:48:10 +0000 2026,0,Blue,2046783090261926392,,,en,,0,0,0,https://x.com/undefined/status/2046783090261926392,1194731664,
2043590329228820768,Wed Apr 22 02:48:10 +0000 2026,0,@JohnSpruce1331 @IRanMediaco You and me both not to mention that rocket cannon array on the belly even though the mini gun on Blue Thunder cutting the police car completely in half was absolutely Awesome GOD BLESS ️,2046783087548273119,,JohnSpruce1331,en,,0,0,0,https://x.com/undefined/status/2046783087548273119,253196077,
2046783078765367499,Wed Apr 22 02:48:08 +0000 2026,0,damn. blue jays baseball time,2046783078765367499,,,en,,0,0,0,https://x.com/undefined/status/2046783078765367499,1275266052801400832,
2046783070074728730,Wed Apr 22 02:48:05 +0000 2026,1,some random account gifted me twitter blue and I cant remove the stupid chudmark what the hell ???,2046783070074728730,,,en,,0,0,0,https://x.com/undefined/status/2046783070074728730,2042056206420774912,
2046742026331312176,Wed Apr 22 02:48:05 +0000 2026,0,@TimT_MP @ThomasSowell @grok We ve all seen enough rain to know it doesn t fall blue although this post says rain water collected was blue.‍️Grok needs a tuneup.,2046783067834982901,,TimT_MP,en,,0,0,0,https://x.com/undefined/status/2046783067834982901,1693403333787095040,
2046582887902785632,Wed Apr 22 02:48:04 +0000 2026,0,@Anna_xb2 bear in the big blue house https://t.co/ntOrm4ZfsO,2046783063766512026,https://pbs.twimg.com/tweet_video_thumb/HGeiWG8XEAAYs6F.jpg,Anna_xb2,en,,0,0,0,https://x.com/undefined/status/2046783063766512026,1947819664320630784,
2046783058406224278,Wed Apr 22 02:48:03 +0000 2026,1,Angels xBA .243 Blue Jays xBA .357 I m so sure,2046783058406224278,,,en,,0,0,0,https://x.com/undefined/status/2046783058406224278,327044036,
2046783054426058959,Wed Apr 22 02:48:02 +0000 2026,0,Ready stock xiaomi pad 8 pro Offline/Online/cod/seluruh indonesia https://t.co/rhR7hxuadP New segel garansi resmi Green Blue 8/256 12/512 Xiaomi Authorized Store Jendral Sudirman Magelang (Jl. Ikhlas No 56 sebelah Buana Bakery and Cafe) https://t.co/UYjhtDd9OF #xiaomi https://t.co/Q4dlK1kWH9,2046783054426058959,https://pbs.twimg.com/media/HGeiVdybkAAVDA-.jpg,,in,,0,0,0,https://x.com/undefined/status/2046783054426058959,2035865253234507776,
2046783050139242750,Wed Apr 22 02:48:01 +0000 2026,0,Blue Moon. https://t.co/NK3EC49oDy,2046783050139242750,https://pbs.twimg.com/ext_tw_video_thumb/2046783037053042688/pu/img/Tf7j65jWjiCyVGwl.jpg,,en,,0,0,0,https://x.com/undefined/status/2046783050139242750,933147617156091906,
2046678638469529993,Wed Apr 22 02:48:00 +0000 2026,1,@MinorityOfOne75 @ElliscbIV relativity matters a lot when comparing VA and GA. yes GA flipped back in 2024 but it s as blue relative to the nation as VA was in 2008 and trending bluer https://t.co/NFbTc8wSBv,2046783045529894956,https://pbs.twimg.com/media/HGeiVTmbwAAaGFn.jpg,MinorityOfOne75,en,,0,0,0,https://x.com/undefined/status/2046783045529894956,1615591430508154881,
2046783042623008896,Wed Apr 22 02:47:59 +0000 2026,0,1-0 curse warning Angels go up 1-0 in the Bottom 5th. Blue Jays ML! #MLB #MLBcurse,2046783042623008896,,,en,,0,0,0,https://x.com/undefined/status/2046783042623008896,2036527651352092672,
2046783040224100435,Wed Apr 22 02:47:58 +0000 2026,0,Oligopoly? ⎐كُود⎐⎐نون⎐ ⊵QT55⊴ ⎐كارتلو⎐ ⎐ZZ38⎐ ⎐وايــا⎐ ⎐AA54⎐ ⎐كؤِبُون⎐Deep Blue ^^^^ ⎐خـِصم⎐nU7dfQrz5LnS https://t.co/1VXVG0RJt9,2046783040224100435,https://pbs.twimg.com/media/HGeiUTracAAOaAw.jpg,,und,,0,0,0,https://x.com/undefined/status/2046783040224100435,731593743468531714,
2046783032204628020,Wed Apr 22 02:47:56 +0000 2026,0,I believe the low standards leaders they fired ended up at Blue Origin and have been over budget and behind schedule there. Engineering is hard for many.,2046783032204628020,,,en,,0,0,0,https://x.com/undefined/status/2046783032204628020,1514444288007958528,
2046783027167281627,Wed Apr 22 02:47:55 +0000 2026,0,wer? ⎐كُود⎐⎐تُيموُ⎐ ⊵TEM73⊴ فيكتوريا▬سيكريت▬فكتوريا▬سكرت ⊵AK5Y⊴ ⎐نيو▬بالانس▬نيوبالانس⎐ ⎐AVMD⎐ ⎐كؤِبُون⎐Rich Blue ^^^ ⎐خـِصم⎐kdodFTiw1CKs https://t.co/XyguNxHfQO,2046783027167281627,https://pbs.twimg.com/media/HGeiTm5aoAAAKo3.jpg,,ar,,0,0,0,https://x.com/undefined/status/2046783027167281627,1972249245248823296,
2046777178159726666,Wed Apr 22 02:47:54 +0000 2026,0,@FDJT256754 @NickJFreitas Now do California Illinois every state in New England ‍️ The difference in Texas is they ve had a million + people move from blue states because of Democrat policies since Covid. Plus Gerrymandering is named for a Democrat politician from Massachusetts ,2046783023799046335,,FDJT256754,en,,0,0,0,https://x.com/undefined/status/2046783023799046335,1591599755028725760,
2046748287919608032,Wed Apr 22 02:47:54 +0000 2026,0,@ParkerThayer @BrentScher Ah yes the consequences of Texas and their 2010 gerrymandering like this in Virginia is the consequence of Texas and their 2025 gerrymandering notice how blue states only do it in response to red states?,2046783020200325290,,ParkerThayer,en,,0,0,0,https://x.com/undefined/status/2046783020200325290,100048541,
2046783019315282105,Wed Apr 22 02:47:53 +0000 2026,3,7:27 away from a 2-0 lead Slaf brutal giveaway at the blue line let s Tampa tie it Dach with barely any pressure ices the puck Tampa wins Not one shot on net but the Habs during that entire fucking OT period Sure the series is tied But that was fucking pathetic,2046783019315282105,,,en,,0,1,0,https://x.com/undefined/status/2046783019315282105,991378196586254338,
2046783016559952288,Wed Apr 22 02:47:53 +0000 2026,6,A while ago I accidentally snorted lavender and it made me have blue tinged boogers,2046783016559952288,,,en,,0,0,0,https://x.com/undefined/status/2046783016559952288,2025373907847622656,
2046783003355996595,Wed Apr 22 02:47:50 +0000 2026,0,yup? ⎐كُود⎐⎐ترينديول⎐ ⊵OMM⊴ ⎐بوما⎐ ⊵P10⊴ ⎐باث▬اند▬بودي⎐بدى ⊵ADPE⊴ ⎐كؤِبُون⎐Velvet Blue ^^^^ ⎐خـِصم⎐k9Y4bBuuI06b https://t.co/aDYnJAvB5t,2046783003355996595,https://pbs.twimg.com/media/HGeiSjUXYAAZ-8E.jpg,,und,,0,0,0,https://x.com/undefined/status/2046783003355996595,1935001332521316352,
2046741090527551863,Wed Apr 22 02:47:49 +0000 2026,0,@ChucktownHoops I tweaked putting Newby regardless i m not saying Counter wasn t good. I still think you re misinterpreting what i m saying. And that s crazy to say those kind of players are a blue moon.. The CAA has 20+ ppg guards every year which is my whole point lol every year I sit back,2046782999442669973,,ChucktownHoops,en,,0,1,0,https://x.com/undefined/status/2046782999442669973,1400953088781996032,
2046745213973000247,Wed Apr 22 02:47:48 +0000 2026,0,@AuronMacintyre See that 9th district? It's not going to be red for long. The left is going to assault and erode it and replace the people that live there until it's a husk that votes blue no matter who https://t.co/aNHFbIQSLw,2046782996787728709,https://pbs.twimg.com/media/HGeh5i5XoAARxfi.png,AuronMacintyre,en,,0,0,0,https://x.com/undefined/status/2046782996787728709,2008037145479630849,
2046750806011978115,Wed Apr 22 02:47:47 +0000 2026,3,@JackPosobiec It took 9 years to figure this out on the same day Va. redistricts to ensure it s forever blue. The Democrats understand it doesn t matter what happened yesterday as long as they live to cheat and stay one step ahead. Rep drop the baton at the finish and wait for the next race.,2046782994753441965,,JackPosobiec,en,,0,0,0,https://x.com/undefined/status/2046782994753441965,1429594791596134401,
2046766694450798976,Wed Apr 22 02:47:47 +0000 2026,1,@FmrRepMTG Democrats gerrymandering is widespread. Virtually every blue state. But then all the disenfranchised leave for red states.,2046782994002633138,,FmrRepMTG,en,,0,0,0,https://x.com/undefined/status/2046782994002633138,1944580922591870976,
2046782988449698166,Wed Apr 22 02:47:46 +0000 2026,7,Getting ads like i m a blue collar step-dad https://t.co/FxMfRjubHN,2046782988449698166,https://pbs.twimg.com/media/HGeiR8QbYAAsdA0.jpg,,en,,0,1,0,https://x.com/undefined/status/2046782988449698166,1721575523350892544,
2046763154437214452,Wed Apr 22 02:47:43 +0000 2026,0,@JamieBonkiewicz Now don t cry when red states do it and don t forget there s more red states then blue ,2046782977523212556,,JamieBonkiewicz,en,,0,0,0,https://x.com/undefined/status/2046782977523212556,1841313206616092672,
2046659253717323958,Wed Apr 22 02:47:42 +0000 2026,1,@temp6t I WIN A NUZLOCK AFTER THAT HAPPENED THANK YOU VAPOREON MY GOAT YOU DESTROYED BLUE/GARY,2046782972192235870,,temp6t,en,,0,0,0,https://x.com/undefined/status/2046782972192235870,1638319816908890113,
2046663700514308314,Wed Apr 22 02:47:41 +0000 2026,1,@RileyJadeAdams @Morganxo010 Blue,2046782966513258590,,RileyJadeAdams,en,,0,0,1,https://x.com/undefined/status/2046782966513258590,1972412645245341696,
2046767362125226355,Wed Apr 22 02:47:40 +0000 2026,0,@CurtisHouck @ScottJenningsKY Straight out the Texas playbook. Good job BLUE!,2046782962687934930,,CurtisHouck,en,,0,0,0,https://x.com/undefined/status/2046782962687934930,39908353,
2046754814197895313,Wed Apr 22 02:47:39 +0000 2026,0,@mmpadellan Just proves the point....VA isn't blue. Good luck in court!,2046782961182179423,,mmpadellan,en,,0,0,0,https://x.com/undefined/status/2046782961182179423,1796360845867270144,
2046782961115349224,Wed Apr 22 02:47:39 +0000 2026,0,Jeff Bezos Blue Origin blasts customer s satellite into wrong place https://t.co/wikV9KYssl,2046782961115349224,,,en,,0,0,0,https://x.com/undefined/status/2046782961115349224,2362925828,
2046782950281453584,Wed Apr 22 02:47:37 +0000 2026,2, Something sinister could be happening : FBI looks into dead or missing nuclear and space defense scientists tied to NASA Blue Origin and SpaceX Source: Fortune https://t.co/5N95bgSL34,2046782950281453584,,,en,,0,0,0,https://x.com/undefined/status/2046782950281453584,1511153404378185732,
2046582887902785632,Wed Apr 22 02:47:32 +0000 2026,0,@Anna_xb2 Freddy Fazbear Yogi Bear Fozzy Bear Bear in the Big Blue House Marvin,2046782931616641128,,Anna_xb2,en,,0,0,0,https://x.com/undefined/status/2046782931616641128,2027859885745192960,
2046774542060634468,Wed Apr 22 02:47:30 +0000 2026,0,@YanksTreehouse @PardonMyTake lol. What year do you think it is? He ll be in dodger blue. After he leaves the Red Sox after the white ones trade him to them. 20th century ended a longtime ago.,2046782921001119977,,YanksTreehouse,en,,0,0,0,https://x.com/undefined/status/2046782921001119977,1644259144487309315,
2046782919696605342,Wed Apr 22 02:47:30 +0000 2026,0,Ladle? ⎐كُود⎐⎐ايهرب⎐ايهيرب اهرب ⊵IQH8946⊴ ⎐فوغا⎐كلوسيت⎐فوجا⎐ ⊵HKQ⊴ ⊴6سترريت⎐ ⎐EB1⊴ ⎐كؤِبُون⎐Dark Blue ^^^^ ⎐خـِصم⎐ulX0WC7GQIem https://t.co/bhfZRbpeMl,2046782919696605342,https://pbs.twimg.com/media/HGeiNjEaQAAMKr5.jpg,,ar,,0,0,0,https://x.com/undefined/status/2046782919696605342,1250462969017892864,
2046782915049111718,Wed Apr 22 02:47:28 +0000 2026,1,FROM THE BACKROW Aimar Okeke soared from the backrow off Enzo Gutierrez s slick backset to score for the Ateneo Blue Eagles against the FEU Tamaraws in Set 4 of the UAAP Season 88 men's volleyball tournament! #UAAPSeason88 #LegendsStartHere #StrengthInMotionHopeInAction https://t.co/VGIoumHSsC,2046782915049111718,https://pbs.twimg.com/media/HGeiLvAXQAAL96i.jpg,,en,,0,0,1,https://x.com/undefined/status/2046782915049111718,306818072,
2046778774276968459,Wed Apr 22 02:47:28 +0000 2026,1,@allyiinluv attacking player crosses the offesnice blue lineto the attakcung zone before the puck crosses it and the entire puck hadto cross the blue line before any part of an attacking player's skate crosses it,2046782913467789751,,allyiinluv,en,,0,1,0,https://x.com/undefined/status/2046782913467789751,1368984265837473794,
2046782907465806265,Wed Apr 22 02:47:27 +0000 2026,0,psst? ⎐كُود⎐⎐ترينديول⎐ ⊵OMM⊴ ⎐فوغا⎐كلوسيت⎐فوجا⎐ ⊵HKQ⊴ ▬المطار▬ ⊵ARA80⊴ ⎐كؤِبُون⎐Pure Blue ^^^^ ⎐خـِصم⎐pRUCSFMAIcwV https://t.co/rl3hj8qkro,2046782907465806265,https://pbs.twimg.com/media/HGeiNEPWwAEUTl_.jpg,,und,,0,0,0,https://x.com/undefined/status/2046782907465806265,1898016636520562689,
2046782904856924624,Wed Apr 22 02:47:26 +0000 2026,0,Nigga Veeze said all blue 100s &amp; 50s on me 2n look like red beans &amp; rice lmaooo,2046782904856924624,,,en,,0,0,0,https://x.com/undefined/status/2046782904856924624,236223254,
2046782829615296648,Wed Apr 22 02:47:08 +0000 2026,0,/ 3 minutes into properly writing blue and there's already crumbs of reguri ,2046782829615296648,,,en,,0,1,0,https://x.com/undefined/status/2046782829615296648,1165714238461087744,
2046461790054207657,Wed Apr 22 02:47:08 +0000 2026,0,@be_rekindled @CucsmanE AZANIANS PLEASE DON'T ENGAGE THIS GUY HE DESPERATELY WAND ELON DOLLARS KINDLY IGNORE THOSE BLUE TICKED ONES THANK YOU.,2046782828302496123,,be_rekindled,en,,0,0,0,https://x.com/undefined/status/2046782828302496123,1684886885993201664,
2046782821155389789,Wed Apr 22 02:47:06 +0000 2026,10,KWEENEDY'S WRATH Kennedy Batas caught fire early in the third set scoring back-to-back-to-back points to ignite the Ateneo Blue Eagles against the FEU Tamaraws in the UAAP Season 88 men's volleyball tournament! #UAAPSeason88 #LegendsStartHere #StrengthInMotionHopeInAction https://t.co/FBfgEhfhy0,2046782821155389789,https://pbs.twimg.com/media/HGeiFnlXcAAyOPb.jpg,,en,,0,0,1,https://x.com/undefined/status/2046782821155389789,306818072,
2046709367672582393,Wed Apr 22 02:47:04 +0000 2026,0,@YOU_ME2230 @real_loonarae We all crackin blue bears right ,2046782813806952789,,YOU_ME2230,en,,0,0,0,https://x.com/undefined/status/2046782813806952789,1958297006017044480,
2046782798296478086,Wed Apr 22 02:47:01 +0000 2026,0,Can you feel the Blue wave?! tRump! https://t.co/TeCyRsEpSd,2046782798296478086,https://pbs.twimg.com/tweet_video_thumb/HGeiGtUXYAAovgN.jpg,,en,,0,0,0,https://x.com/undefined/status/2046782798296478086,800464303887237120,
2046782795641405798,Wed Apr 22 02:47:00 +0000 2026,3, i m not even talking about politics im not talking about red or blue You re a fucking Idiot I hate you with Every bone in my Body,2046782795641405798,,,en,,0,0,0,https://x.com/undefined/status/2046782795641405798,1332121174441070593,
2046763838842798300,Wed Apr 22 02:47:00 +0000 2026,1,@guypbenson By 2030 the totalitarian fascist Democrat government will have rammed through 2 new states 4 SCOTUS (in)Justices &amp; amnestied 40M new voters making at least 40 states blue but you think any Census count under their control would result in their LOSING seats? Find a new career.,2046782794601242702,,guypbenson,en,,0,1,0,https://x.com/undefined/status/2046782794601242702,4183351,
2046741202393854078,Wed Apr 22 02:47:00 +0000 2026,1,@mstfa11ky @nowsportr Bana ordan bir touch blue,2046782794009841957,,mstfa11ky,en,,0,0,0,https://x.com/undefined/status/2046782794009841957,1714256720166346752,
2046755712982802452,Wed Apr 22 02:46:58 +0000 2026,0,@CalebLandis8 Yes because Pennsylvania is also blue.,2046782788435865664,,CalebLandis8,en,,0,0,0,https://x.com/undefined/status/2046782788435865664,741676523774742528,
2046763457781842043,Wed Apr 22 02:46:58 +0000 2026,1,@SeattleSingh I just wish other blue state governors would follow suit.,2046782787550609810,,SeattleSingh,en,,0,0,0,https://x.com/undefined/status/2046782787550609810,16032238,
2046782470834536835,Wed Apr 22 02:46:58 +0000 2026,0,@ChanceAlligator FL really is red! I'd have thought there'd be more blue with Disney down there.,2046782787533807903,,ChanceAlligator,en,,0,1,0,https://x.com/undefined/status/2046782787533807903,1617123038222336000,
2046773155436593420,Wed Apr 22 02:46:56 +0000 2026,1,@GrageDustin We need more thinking like this in the Republican Party rather than writing off all blue and purple states before campaign season even starts.,2046782776918397167,,GrageDustin,en,,0,0,0,https://x.com/undefined/status/2046782776918397167,239217936,
2046770990068191299,Wed Apr 22 02:46:55 +0000 2026,0,@tommylugauer This fucking twat doesn t even have blue checkmark. HES NOT EVEN GETTING PAID LMFAO A TRUE CLOWN FROM DAY1,2046782775546536239,,tommylugauer,en,,0,0,0,https://x.com/undefined/status/2046782775546536239,506903746,
2046782775118963081,Wed Apr 22 02:46:55 +0000 2026,0,Penasaran bgt sama blue lips .,2046782775118963081,,,in,,0,0,0,https://x.com/undefined/status/2046782775118963081,975636949208678401,
2046782773281837122,Wed Apr 22 02:46:55 +0000 2026,1,1oz (30ml) Cobalt Blue Boston Round Glass Bottle Key Features: ️ 30+ years manufacturer &amp; supplier ️ OEM/ODM ️ MOQ: 300 000 PCS. WhatsApp +86 133 8610 5031 More details at: https://t.co/idISqZ9oO5 #1ozBottle #30mlBottle #CobaltBlueBottle #BostonRoundBottle #GlassBottle https://t.co/GlOFiQiQLD,2046782773281837122,https://pbs.twimg.com/media/HGeiEmUaIAAwNdM.jpg,,en,,0,0,0,https://x.com/undefined/status/2046782773281837122,1681936969113415684,
2046782771981680642,Wed Apr 22 02:46:54 +0000 2026,0,people always want to humble educated women. even educated women talk down on themselves to brag about how much smarter their blue collar boyfriends who didn t finish high school are. no hope for us.,2046782771981680642,,,en,,0,0,0,https://x.com/undefined/status/2046782771981680642,1001683867630227456,
2046770710664913295,Wed Apr 22 02:46:54 +0000 2026,0,Deep Blue Sea 1999 https://t.co/5aupxEAKi3,2046782768395510227,https://pbs.twimg.com/media/HGeiFI6aEAAjVaw.jpg,MattBikeNotes,en,,0,0,0,https://x.com/undefined/status/2046782768395510227,1762226226876280833,
2046747459775598839,Wed Apr 22 02:46:53 +0000 2026,1,@EricLDaugh This wouldn t be happening if Trump did not pressure Republicans in Texas to redistrict to give him more seat seats. The courts went along with this and now all states including blue states are going to do this. #FAFO #VoteBlue,2046782768256790959,,EricLDaugh,en,,0,0,0,https://x.com/undefined/status/2046782768256790959,1251259414985748482,
2046757352733397038,Wed Apr 22 02:46:52 +0000 2026,5,@Caroltreasure @BarackObama @MeidasTouch If you don't have a problem with gerrymandering then you have nothing to say about what 'republicans started'. Every blue state is gerrymandered and has been for years. Leftists have no morals and care only about winning at any cost.,2046782761843998968,,Caroltreasure,en,,0,1,0,https://x.com/undefined/status/2046782761843998968,1699132097343152129,
2046627831665295398,Wed Apr 22 02:46:51 +0000 2026,1,@TVNewsNow @brithume @BretBaier They keep on saying this over the last 15 years they both do it they both can t do it when the right tries to do it in a blue state it fails the left been doing it so long It s common control in the legislature for years and the right can t change it back,2046782757662064765,,TVNewsNow,en,,0,0,0,https://x.com/undefined/status/2046782757662064765,1981146079354580992,
