conversation_id_str,created_at,favorite_count,full_text,id_str,image_url,in_reply_to_screen_name,lang,location,quote_count,reply_count,retweet_count,tweet_url,user_id_str,username
2032134801436614693,Fri Mar 13 00:18:37 +0000 2026,0,@KabaGemini @TunasandwhichMr @RuffyGirlRazein @evil_maddie @JamiesBiography Good bait at least youre getting the bag with black souls pfp too fuck I fell for the most blue checkmark twitter bait hats of too you my nigga ig,2032249938327777321,,KabaGemini,en,,0,0,0,https://x.com/undefined/status/2032249938327777321,2021902377591439360,
2032198093878301000,Fri Mar 13 00:18:36 +0000 2026,0,@Soofisaurio nadie mira a blue q tristeza,2032249935463067928,,Soofisaurio,pt,,0,0,0,https://x.com/undefined/status/2032249935463067928,988933034870177792,
1988035761933820177,Fri Mar 13 00:18:34 +0000 2026,0,@sadbearsfan49 @lovelandscattle Go blue baby I m anything but a Loveland hater. You can still pick my boner though,2032249927162646994,,sadbearsfan49,en,,0,0,0,https://x.com/undefined/status/2032249927162646994,1348722647740383232,
2032249917645742557,Fri Mar 13 00:18:32 +0000 2026,0,They gave Michael Morales painted finger nails in UFC 5 Imagine he knocks Islam out with those #MMATwitter #MichaelMorales https://t.co/mA0PhgtxCL,2032249917645742557,https://pbs.twimg.com/media/HDQAhvhW0AA4OO8.jpg,,en,,0,0,0,https://x.com/undefined/status/2032249917645742557,1924857291867914240,
2032249916530082220,Fri Mar 13 00:18:32 +0000 2026,0, Blue Porsche 911 Coupe is now available in my FAA Pixels shop at https://t.co/EfnGLUPR8b. #dianelindoncoy #mancave #carart #wallart https://t.co/9k9OQ3dvFQ,2032249916530082220,https://pbs.twimg.com/media/HDQAhpBXMAAXpN1.jpg,,en,,0,0,0,https://x.com/undefined/status/2032249916530082220,1392856753,
2031894771631874375,Fri Mar 13 00:18:31 +0000 2026,0,@Micro2Macr0 @BowTiedMara The electoral map filled in blue for Reagan in 1980 and 1984. The democrats later forced the US media to reverse the colors because they didn t want US citizens to realize they were affiliated with Communists. https://t.co/OPNOoELUnz,2032249915322015809,https://pbs.twimg.com/amplify_video_thumb/2032249826394439680/img/pEwjmcuMU8oatTJw.jpg,Micro2Macr0,en,,0,0,0,https://x.com/undefined/status/2032249915322015809,1865919355910815744,
2032121718093816201,Fri Mar 13 00:18:30 +0000 2026,0,@JeremyCordite thats going to cost a lot to put stanna chair lifts in all those properties in london on the plus side he can get a blue badge now.,2032249909189959793,,JeremyCordite,en,,0,0,0,https://x.com/undefined/status/2032249909189959793,2017376794471436288,
2032087973810901496,Fri Mar 13 00:18:29 +0000 2026,0,@iamtopeenow @DeportThem_All @Capnricky @SenTuberville And the sky is blue. My point is that the OP wouldn t care regardless because he most likely just doesn t like brown people. Chill out bro lmfao,2032249904710418615,,iamtopeenow,en,,0,0,0,https://x.com/undefined/status/2032249904710418615,883593866359836672,
2032004034601640142,Fri Mar 13 00:18:28 +0000 2026,0,@ursultrymia Blue ,2032249899383681037,,ursultrymia,en,,0,0,0,https://x.com/undefined/status/2032249899383681037,1874020270392172545,
2032233878795010420,Fri Mar 13 00:18:27 +0000 2026,0,@tvsportscards @spillersnoah14 Bro right Raiders had Ronald curry who would do it once in a blue moon Pitchers hitting tho Fsho. THEY TOOK IT FROM US https://t.co/C3CW4pdGMM,2032249896162545742,https://pbs.twimg.com/media/HDQAgR9WcAAJVeY.jpg,tvsportscards,en,,0,0,0,https://x.com/undefined/status/2032249896162545742,1218325975957528577,
2032004034601640142,Fri Mar 13 00:18:27 +0000 2026,0,@ursultrymia Blue,2032249896019907023,,ursultrymia,en,,0,0,0,https://x.com/undefined/status/2032249896019907023,1858607132175654912,
2032249889233781187,Fri Mar 13 00:18:25 +0000 2026,0,USEN 推し活リクエストでTAGRIGHTの『FOREVER BLUE』をリクエストしました！ https://t.co/TPNKTK8S1M #USEN推し活リクエスト #推しリク #TAGRIGHT #MAJ2026 #MAJ2026_推しリク #MUSICAWARDSJAPAN 新しい挑戦を始める人へ,2032249889233781187,,,ja,,0,0,0,https://x.com/undefined/status/2032249889233781187,1867746872225673216,
2032004034601640142,Fri Mar 13 00:18:25 +0000 2026,0,@ursultrymia blue,2032249887383847372,,ursultrymia,en,,0,0,0,https://x.com/undefined/status/2032249887383847372,1765500648853016576,
2032249883764064488,Fri Mar 13 00:18:24 +0000 2026,0,Traveling for 13 hours now. Last flight delayed longer than the flight itself. No timeline on when or if the plane will be fixed. 22oz Blue Moon https://t.co/rSHgmPxgLJ,2032249883764064488,https://pbs.twimg.com/media/HDQAfznXMAEiwRq.jpg,,en,,0,0,0,https://x.com/undefined/status/2032249883764064488,490968187,
2032153057551618229,Fri Mar 13 00:18:23 +0000 2026,0,@Big_Boudreaux @detroitjahli The true evil of all dipping sauces / dressings you got blue cheese RIGHT THERE,2032249879259492501,,Big_Boudreaux,en,,0,0,0,https://x.com/undefined/status/2032249879259492501,3183225792,
2032004034601640142,Fri Mar 13 00:18:21 +0000 2026,0,@ursultrymia Orange and blue,2032249872238190900,,ursultrymia,en,,0,0,0,https://x.com/undefined/status/2032249872238190900,1463879138540986368,
2031526658738450868,Fri Mar 13 00:18:20 +0000 2026,0,@Eriklarlar @TunedIntoTennis @BrettHaber Nah can't be having blue ticks picking up someone else's research and totally passing it off as if it were their own. That's extremely poor. Sorry.,2032249866890469549,,Eriklarlar,en,,0,0,0,https://x.com/undefined/status/2032249866890469549,1151456558712311808,
2032088472895570336,Fri Mar 13 00:18:20 +0000 2026,0,@RockyWired blue,2032249865644785874,,RockyWired,en,,0,0,0,https://x.com/undefined/status/2032249865644785874,1586102857484406796,
2032158785041510890,Fri Mar 13 00:18:18 +0000 2026,0,@louistlbs https://t.co/TXW10Osi2b,2032249859961508177,,louistlbs,qme,,0,0,0,https://x.com/undefined/status/2032249859961508177,1033949143532793856,
2032249855469289732,Fri Mar 13 00:18:17 +0000 2026,0,SHUT UP! (It also matches the blanket that was at Ross ) Chat do I get this and redo my bathroom to be like y2k &amp; just like blue vibes? ,2032249855469289732,,,en,,0,0,0,https://x.com/undefined/status/2032249855469289732,28440365,
1972821847961178259,Fri Mar 13 00:18:16 +0000 2026,0,@ChristyH787560 @jay_matt419 @Randy14997817 Yea not according to every investigation and all the information made available to the public. But I understand you have to ignore that to preserve the Blue KoolAid narrative.,2032249851585462433,,ChristyH787560,en,,0,0,0,https://x.com/undefined/status/2032249851585462433,2284128715,
2032084526743072941,Fri Mar 13 00:18:12 +0000 2026,0,@DimaMorocco2 LMFAOO U MOROCCANS SEE ANYONE WHO ISNT WHITE WITH BLOND HAIR AND BLUE EYED AND DISOWN THEM THE ONLY FILTHY ONES HERE R U BERBER DOG PISS DRINKERS,2032249833583444419,,DimaMorocco2,en,,0,0,0,https://x.com/undefined/status/2032249833583444419,1957247203539394560,
2032249812217704788,Fri Mar 13 00:18:07 +0000 2026,0,q porra é essa? https://t.co/5TJugWc67p,2032249812217704788,https://pbs.twimg.com/media/HDQAbmvWEAA8kPm.jpg,,pt,,0,0,0,https://x.com/undefined/status/2032249812217704788,1354889070644768769,
2032249804718538952,Fri Mar 13 00:18:05 +0000 2026,0,iiiiii talk about blue haired haru ,2032249804718538952,,,en,,0,0,0,https://x.com/undefined/status/2032249804718538952,2006912728175357962,
2032170489611682023,Fri Mar 13 00:18:03 +0000 2026,0,@MattWalshBlog Ai wont be affecting blue collar so the right isn't as worried i guess lol,2032249795843174488,,MattWalshBlog,en,,0,0,0,https://x.com/undefined/status/2032249795843174488,1588622751450931200,
2032249793947304119,Fri Mar 13 00:18:02 +0000 2026,0,dark blue,2032249793947304119,,,en,,0,0,0,https://x.com/undefined/status/2032249793947304119,1488758160831750144,
2032201511338721737,Fri Mar 13 00:18:02 +0000 2026,0,@politvidchannel The problem is KSA is ever so willing to give a bribe. KSA is willing to enter militray defence pact agreements with US without reading the fine print.KSA hands are easily greased to receive from blue white flag.KSA need to review their defence agreements &amp; friendships!,2032249791762284590,,politvidchannel,en,,0,0,0,https://x.com/undefined/status/2032249791762284590,44839384,
2032186887725523263,Fri Mar 13 00:18:02 +0000 2026,0,@thehazelmae @baseballcanada Hey Hazel question for you. @thehazelmae How many more years do you intend on being the Blue Jays host?,2032249790839566722,,thehazelmae,en,,0,0,0,https://x.com/undefined/status/2032249790839566722,1888006090610327553,
2032004034601640142,Fri Mar 13 00:18:01 +0000 2026,0,@ursultrymia Blue,2032249786502398122,,ursultrymia,en,,0,0,0,https://x.com/undefined/status/2032249786502398122,1524915056970014720,
2032238389857071260,Fri Mar 13 00:18:00 +0000 2026,0,@BrilynHollyhand It s Red team vs Blue team guys. https://t.co/HM1WQmyuMP,2032249784153608201,https://pbs.twimg.com/media/HDQAaLLXsAAKotb.jpg,BrilynHollyhand,en,,0,0,0,https://x.com/undefined/status/2032249784153608201,58490465,
2032168723000258918,Fri Mar 13 00:17:59 +0000 2026,0,@Davidps23NH @SenatorLankford @DHSgov It s both parties. Thune could drop the filibuster and get a lot of things passed. The SAVE act could get rid of the illegal voting in blue states and all DHS employees could be paid. Schumer and Thune are working together on this one.,2032249778285765068,,Davidps23NH,en,,0,0,0,https://x.com/undefined/status/2032249778285765068,1789365314808860672,
2032004034601640142,Fri Mar 13 00:17:58 +0000 2026,0,@ursultrymia Blue,2032249774372491368,,ursultrymia,en,,0,0,0,https://x.com/undefined/status/2032249774372491368,1518677257258213376,
2032188925553377591,Fri Mar 13 00:17:55 +0000 2026,0,@beyoncegarden Back the blue.,2032249764167745599,,beyoncegarden,en,,0,0,0,https://x.com/undefined/status/2032249764167745599,1048315751491362816,
2032004034601640142,Fri Mar 13 00:17:55 +0000 2026,0,@ursultrymia Blue,2032249760954892669,,ursultrymia,en,,0,0,0,https://x.com/undefined/status/2032249760954892669,2024442505660682245,
2032104298255970767,Fri Mar 13 00:17:54 +0000 2026,0,@sasquatch_god If Texas ever turns blue because of Democrat transplants who flee their destroyed leftist cities and states and vote the same way when they get here there's going to be a whole lot of angry armed conservatives that will need to hit that reset button.,2032249758614483431,,sasquatch_god,en,,0,0,0,https://x.com/undefined/status/2032249758614483431,1774573498465185792,
2032249754454016199,Fri Mar 13 00:17:53 +0000 2026,0,なんだかんだと言いながらBlueまで読んだらやっと物語らしくなってきた。導入が恐ろしく長いね そして舞台化は早すぎたんじゃない？知らんけど,2032249754454016199,,,ja,,0,0,0,https://x.com/undefined/status/2032249754454016199,1806327029643788289,
2032208918340936118,Fri Mar 13 00:17:51 +0000 2026,0,@Aayomhe @tier_1st @CFC__Sam7 These are the people we are talking about they think if we boycott games you are not a proper blue very useless Human being they are very much happy with the way the club is run what do you mean by we don't have to do that we bleed blue you disgust me you and blueco will leave,2032249744769094061,,Aayomhe,en,,0,0,0,https://x.com/undefined/status/2032249744769094061,1898186123144515584,
2032235849799123278,Fri Mar 13 00:17:49 +0000 2026,0,@SickPodTitans @J13Foote @salmanfredi Where s a little bit of Navy at least. They just forget about 20 plus years of the Two Tone Blue the uniforms we wore in a Super Bowl. Sad,2032249736317501520,,SickPodTitans,en,,0,0,0,https://x.com/undefined/status/2032249736317501520,816946982870728705,
2032234311169061137,Fri Mar 13 00:17:48 +0000 2026,1,@Ongourd I actually colourpicked from his eyes! ... though I'll use the same shade of blue for his shirt too... so i guess it doesn't matter in the end &gt;u&gt;,2032249732672757836,,Ongourd,en,,0,0,0,https://x.com/undefined/status/2032249732672757836,716063443518754816,
2030648745562366035,Fri Mar 13 00:17:47 +0000 2026,0,@catspajamas1234 I have to seek you out. I don't have a blue check so maybe I can't turn on notifications. At least I can't see how to.,2032249730223558706,,catspajamas1234,en,,0,0,0,https://x.com/undefined/status/2032249730223558706,1656320874327445505,
2032249727484412008,Fri Mar 13 00:17:47 +0000 2026,0,Gren wallon blue ⭐ https://t.co/JiF4V3imRi,2032249727484412008,https://pbs.twimg.com/media/HDQAWz5XUAA1FZy.jpg,,en,,0,0,0,https://x.com/undefined/status/2032249727484412008,1012663832047702016,
2032088062516228539,Fri Mar 13 00:17:46 +0000 2026,0,@THEkcb69TCG How blue deck live without Pudding,2032249726746444126,,THEkcb69TCG,en,,0,0,0,https://x.com/undefined/status/2032249726746444126,3122978520,
2032249725374914677,Fri Mar 13 00:17:46 +0000 2026,0,The Heads and Deputy Heads of Agencies across the Council of Regional Organisations of the Pacific (CROP) are meeting today in Nadi Fiji to discuss key regional priorities and align work programmes across agencies. With a fluid and demanding year ahead for our Blue Pacific https://t.co/oyTspVfAqe,2032249725374914677,https://pbs.twimg.com/media/HDP_3ZjbQAAF7Cv.jpg,,en,,0,0,0,https://x.com/undefined/status/2032249725374914677,219081096,
2032249723264864330,Fri Mar 13 00:17:46 +0000 2026,0,SUHR CLASSIC S guitar in Sonic Blue Ends Tue 17th Mar @ 8:54pm https://t.co/lqpi3Rer4S #ad #electricguitars #guitars https://t.co/7ursSX5TS2,2032249723264864330,https://pbs.twimg.com/media/HDQAWpiXgAAhj5N.jpg,,en,,0,0,0,https://x.com/undefined/status/2032249723264864330,1382326165558427654,
2032249721394262451,Fri Mar 13 00:17:45 +0000 2026,0,His eyes have never been so blue than when he s hurt icl,2032249721394262451,,,en,,0,0,0,https://x.com/undefined/status/2032249721394262451,1289057905350770688,
2032249715136610577,Fri Mar 13 00:17:44 +0000 2026,0,スノードロップってかなり食戟の核に近い主題歌だと思ってたからBLUEの決勝前に流れたときめちゃくちゃ嬉しかった,2032249715136610577,,,ja,,0,0,0,https://x.com/undefined/status/2032249715136610577,1019244431835197440,
2032198325710016918,Fri Mar 13 00:17:43 +0000 2026,0,@pat_khill8 @AnnieAgar Should ve told her Go Blue and to lay off the Ozempic,2032249713395659103,,pat_khill8,en,,0,0,0,https://x.com/undefined/status/2032249713395659103,44449107,
2032173025471176706,Fri Mar 13 00:17:42 +0000 2026,0,@PrideslayerMMA Oh wow so I'm not the only one who thinks it looks like blue samurai armor when I know it's meant to be ranged-based gear.,2032249707058069683,,PrideslayerMMA,en,,0,0,0,https://x.com/undefined/status/2032249707058069683,1793498083642232832,
2032114272520790119,Fri Mar 13 00:17:40 +0000 2026,0,@JugglingDoh @bweezybird exactly they are dropping too many things too early like you were not supposed to know that fishmen were slaves in East Blue that completely ruins the arc,2032249701924274607,,JugglingDoh,en,,0,0,0,https://x.com/undefined/status/2032249701924274607,924292251517366272,
2032249699064037755,Fri Mar 13 00:17:40 +0000 2026,0,might be out of the blue but im selling albums photocards and the marias merch if you are interested please dm me im in need of money :(,2032249699064037755,,,en,,0,0,0,https://x.com/undefined/status/2032249699064037755,2008799942585053184,
2032249689572098167,Fri Mar 13 00:17:38 +0000 2026,0,omg blue i used to love blue so much ,2032249689572098167,,,en,,0,0,0,https://x.com/undefined/status/2032249689572098167,1134898575719227392,
2032143671098032467,Fri Mar 13 00:17:37 +0000 2026,0,@sooberman_ with his giant blue eyes too he has no mercy,2032249687512850706,,sooberman_,en,,0,0,0,https://x.com/undefined/status/2032249687512850706,1986610064816545796,
2032249681452155076,Fri Mar 13 00:17:36 +0000 2026,0,Yeah Capitalism isn't perfect. Even normal blue collar folks like me get it. However it is the best option because it requires a voluntary agreement between two private parties vs Socialism/Communism that require forced agreement w/govt entities.,2032249681452155076,,,en,,0,0,0,https://x.com/undefined/status/2032249681452155076,1482540474,
2032249667820691889,Fri Mar 13 00:17:32 +0000 2026,0,blue papow~,2032249667820691889,,,en,,0,0,0,https://x.com/undefined/status/2032249667820691889,72534739,
2032004034601640142,Fri Mar 13 00:17:31 +0000 2026,0,@ursultrymia Blue,2032249663152132412,,ursultrymia,en,,0,0,0,https://x.com/undefined/status/2032249663152132412,2018457572668329984,
2032249661449228499,Fri Mar 13 00:17:31 +0000 2026,0,At least 20 years. Changed the very direction of this country. Every law passed. Every action taken. Every war. Every regime change. Red or blue we all got screwed,2032249661449228499,,,en,,0,0,0,https://x.com/undefined/status/2032249661449228499,1445387703776911369,
2032249660253806661,Fri Mar 13 00:17:31 +0000 2026,0,do you think dean likes the colour blue?,2032249660253806661,,,en,,0,0,0,https://x.com/undefined/status/2032249660253806661,1694123478448746496,
2032141807199371559,Fri Mar 13 00:17:31 +0000 2026,0,@khan_urwa44707 Hi. I m 66. Blue. You re lovely.,2032249660195102883,,khan_urwa44707,en,,0,0,0,https://x.com/undefined/status/2032249660195102883,1527961580624830469,
2032249656168644624,Fri Mar 13 00:17:30 +0000 2026,0,pms is really something else like wdym i'm crying out of the blue,2032249656168644624,,,en,,0,0,0,https://x.com/undefined/status/2032249656168644624,2024536409865109504,
2032234424591364337,Fri Mar 13 00:17:27 +0000 2026,0,@WHLeavitt Terrorist BLUE ACT FOUNDATION FULLY SUPPORTS TERRORISTS !!! Now time to face consequences,2032249647389888986,,WHLeavitt,en,,0,0,0,https://x.com/undefined/status/2032249647389888986,1524025807475290115,
2032004034601640142,Fri Mar 13 00:17:25 +0000 2026,0,@ursultrymia Blue,2032249637285908514,,ursultrymia,en,,0,0,0,https://x.com/undefined/status/2032249637285908514,1464787684422033415,
2032249636686065762,Fri Mar 13 00:17:25 +0000 2026,0,Looking forward to our FRIDAY football lifting session. It is a highlight of our week. ️️Goal is 50+ players. Be committed to the process!! Go Blue Aces!! @coach_leff,2032249636686065762,,,en,,0,0,0,https://x.com/undefined/status/2032249636686065762,1763967585073197056,
2032249634198831500,Fri Mar 13 00:17:24 +0000 2026,0,Rodney Fender and Piper celebrating in Blue Sky Studios Robots. The great trio in robot cinema. https://t.co/8g1nEaBSi4,2032249634198831500,https://pbs.twimg.com/media/HDQAPv6XsAAwLda.jpg,,en,,0,0,0,https://x.com/undefined/status/2032249634198831500,1878918352250281984,
2032249629723488680,Fri Mar 13 00:17:23 +0000 2026,0,Blue Dreams https://t.co/oApbZRUkeb,2032249629723488680,https://pbs.twimg.com/media/HDQARMUbgAAsKOO.jpg,,en,,0,0,0,https://x.com/undefined/status/2032249629723488680,2027852339101696000,
2032249623373336856,Fri Mar 13 00:17:22 +0000 2026,0,blue bled bleen blorange blellow blurple blink blyan blown blagenta bleige blurquoise blaroon blindigo bleach bliolet blavender bloral blavy bleal blamber blaqua blargundy blauve bilver bold blan bleam blay blite black,2032249623373336856,,,en,,0,0,0,https://x.com/undefined/status/2032249623373336856,1671987681515937792,
2032004034601640142,Fri Mar 13 00:17:21 +0000 2026,0,@ursultrymia Blue,2032249621746172317,,ursultrymia,en,,0,0,0,https://x.com/undefined/status/2032249621746172317,1915948980342849537,
2032098456005648710,Fri Mar 13 00:17:21 +0000 2026,0,@TheGoldenDays Bondi blue,2032249618566697008,,TheGoldenDays,ht,,0,0,0,https://x.com/undefined/status/2032249618566697008,12127062,
2032249610043875503,Fri Mar 13 00:17:19 +0000 2026,0,Poppin a blue chew and heading to hooters. I ll see you all in hell.,2032249610043875503,,,en,,0,0,0,https://x.com/undefined/status/2032249610043875503,1699848245420171264,
2032135705544077754,Fri Mar 13 00:17:17 +0000 2026,0,@gabrrlgh haa pero a la blue checkmark no le rebuznas seguro esa si fue heredada..,2032249603257475151,,gabrrlgh,es,,0,0,0,https://x.com/undefined/status/2032249603257475151,43161572,
2032158771464585321,Fri Mar 13 00:17:16 +0000 2026,0,@MarloFranson @sailiendil $10 blue check unhide fee,2032249597762867636,,MarloFranson,en,,0,0,0,https://x.com/undefined/status/2032249597762867636,1806080085931507712,
2031991832998207581,Fri Mar 13 00:17:14 +0000 2026,0,@loquacious_lb كتلتخرا اولاد ابستن https://t.co/ZaJz8jiZMy,2032249592947896716,https://pbs.twimg.com/media/HDQAPEXbEAAaisY.jpg,loquacious_lb,ar,,0,0,0,https://x.com/undefined/status/2032249592947896716,78411240,
2031964506663088467,Fri Mar 13 00:17:12 +0000 2026,0,@angelicf4iry on a site where character limit matters and i refuse to pay the pig on top for a blue check? people need to be serious,2032249583867453586,,angelicf4iry,en,,0,0,0,https://x.com/undefined/status/2032249583867453586,936697415855255552,
2032237506054300085,Fri Mar 13 00:17:08 +0000 2026,0,@kittykonoe blue,2032249565554909607,,kittykonoe,en,,0,0,0,https://x.com/undefined/status/2032249565554909607,1854223187791466496,
2032202264673448100,Fri Mar 13 00:17:07 +0000 2026,2,@elonmusk Republicans reneged on basically everything. Every time there was any pushback they folded. They started a war. And all the while have been covering up a pedophile scandal. Expect a blue wave.,2032249562568532013,,elonmusk,en,,0,0,2,https://x.com/undefined/status/2032249562568532013,1895640367,
2032151274817200460,Fri Mar 13 00:17:05 +0000 2026,0,@MBTYuGiOh Unrelated note but this is my least favorite blue eyes art tbh,2032249554188259526,,MBTYuGiOh,en,,0,0,0,https://x.com/undefined/status/2032249554188259526,1934752332090363907,
2032249537474281480,Fri Mar 13 00:17:01 +0000 2026,0,Trekkies possibly nitpicking how #StarfleetAcademy says Federation firepower is blue or green while TNG and other shows have also shown it in red: #StarTrek https://t.co/owXHdBhUXK,2032249537474281480,https://pbs.twimg.com/tweet_video_thumb/HDQALWobQAEbjLp.jpg,,en,,0,0,0,https://x.com/undefined/status/2032249537474281480,21982746,
2031912885169918325,Fri Mar 13 00:17:00 +0000 2026,0,@joniniplo I mean isn't that what the game was about? It had a white man with blonde hair and blue eyes as the main villain.,2032249532956745992,,joniniplo,en,,0,0,0,https://x.com/undefined/status/2032249532956745992,754863365369933824,
2032237364689469910,Fri Mar 13 00:17:00 +0000 2026,0,@ColinSNewsday Cool. Hope they love his goofy shit on the blue line when the games on the line.,2032249532570882457,,ColinSNewsday,en,,0,0,0,https://x.com/undefined/status/2032249532570882457,1411328594,
2032249523687375213,Fri Mar 13 00:16:58 +0000 2026,0,So is it like .. weird to dye homemade pizza dough blue??? bc uhhhhm‍️,2032249523687375213,,,en,,0,0,0,https://x.com/undefined/status/2032249523687375213,1840952116866662400,
2032248394832318697,Fri Mar 13 00:16:58 +0000 2026,0,@bigbluebosshog We aren t seeing him in blue again,2032249522894622986,,bigbluebosshog,en,,0,0,0,https://x.com/undefined/status/2032249522894622986,1994130865878962176,
2032235057059152187,Fri Mar 13 00:16:33 +0000 2026,0,@rafaeltkinder @Simberg_Space I'm not talking about theoretical performance here. I'm talking about actual demonstrated real-world performance. And in that category it's still suborbital. How can it launch a space station into orbit when it hasn't even achieved orbit yet? Even Blue Origin has it beat.,2032249418217554029,,rafaeltkinder,en,,0,0,0,https://x.com/undefined/status/2032249418217554029,787964958,
2031902602955284607,Fri Mar 13 00:16:29 +0000 2026,0,@NilesRodley @LukasCross10 @MazeLove14 The are good - and King crabs. But - if you re ever on the East Coast you gotta get some blue crabs. Crabs - steamed corn and some tomatoes on one table - Pork ribs on the other everyone can have a good time.,2032249403583406551,,NilesRodley,en,,0,0,0,https://x.com/undefined/status/2032249403583406551,1987719610066735105,
2032249396386054511,Fri Mar 13 00:16:28 +0000 2026,0,Hiding in the Blue| AMV | Anime Mix https://t.co/1tMQPl8PJC via @YouTube,2032249396386054511,,,en,,0,0,0,https://x.com/undefined/status/2032249396386054511,234166002,
2032246633245618176,Fri Mar 13 00:16:27 +0000 2026,0,@laurafaaarah @dinacesaur @crimsonishi gentee a blue com a red,2032249391956795795,,laurafaaarah,en,,0,0,0,https://x.com/undefined/status/2032249391956795795,1544839290466754563,
2032153753445404794,Fri Mar 13 00:16:24 +0000 2026,0,@Ruipopipocover @PalmyrPar No blue mark. Doing it for the love of the game.,2032249380460233195,,Ruipopipocover,en,,0,0,0,https://x.com/undefined/status/2032249380460233195,2027108858330808320,
2031895793183961151,Fri Mar 13 00:16:22 +0000 2026,0,@TheRaysin Went to Seattle and got soft. He ll be having blue hair and a septum piercing in no time,2032249373342511470,,TheRaysin,en,,0,0,0,https://x.com/undefined/status/2032249373342511470,1744899410679476224,
2032249371434033204,Fri Mar 13 00:16:22 +0000 2026,0,Art of the Day! Maestro of the Blue Bamboo . Buy at: https://t.co/1ECZshxR4U https://t.co/ELE5zsu05j,2032249371434033204,https://pbs.twimg.com/media/HDQACOdWYAAzvAI.jpg,,en,,0,0,0,https://x.com/undefined/status/2032249371434033204,2419947668,
2032004034601640142,Fri Mar 13 00:16:18 +0000 2026,0,@ursultrymia Blue.,2032249355839647785,,ursultrymia,en,,0,0,0,https://x.com/undefined/status/2032249355839647785,1123917777373401091,
2032249354983993547,Fri Mar 13 00:16:18 +0000 2026,0,I just keep thinking Metsa wouldn t have been smoked at the blue line there.,2032249354983993547,,,en,,0,0,0,https://x.com/undefined/status/2032249354983993547,262481490,
2031956317447827930,Fri Mar 13 00:16:16 +0000 2026,0,@donatusedi @brotherwacu This is a close-up dental procedure on a severely decayed tooth (likely a root canal or deep cavity fix). The dentist removes infected pulp tissue (those white stringy bits) cleans the canal with a rotary tool packs in filling material and cures it with blue UV light to seal,2032249349397229591,,donatusedi,en,,0,0,0,https://x.com/undefined/status/2032249349397229591,1720665183188922368,
2032131006409384421,Fri Mar 13 00:16:15 +0000 2026,0,@deermiwi THAT BLUE TEXT IS ME,2032249345483866133,,deermiwi,en,,0,0,0,https://x.com/undefined/status/2032249345483866133,1964064332209147905,
2032249344485691509,Fri Mar 13 00:16:15 +0000 2026,1,Please don't die yet your on blue tick,2032249344485691509,,,en,,0,0,0,https://x.com/undefined/status/2032249344485691509,599469184,
2032249334784254089,Fri Mar 13 00:16:13 +0000 2026,0,Was Reisa the one who changed the description of Blue Archive that one time? #BlueArchive https://t.co/CLHDWdzOlG,2032249334784254089,https://pbs.twimg.com/media/HDP_TqwWsAEJzbw.jpg,,en,,0,0,0,https://x.com/undefined/status/2032249334784254089,369201778,
2032244804474847645,Fri Mar 13 00:16:10 +0000 2026,0,@nicksuss Luv ya blue,2032249321110847728,,nicksuss,en,,0,0,0,https://x.com/undefined/status/2032249321110847728,1899233786119983104,
2032249315138109629,Fri Mar 13 00:16:08 +0000 2026,0,Watching Blue Therapy and can t help but laugh,2032249315138109629,,,en,,0,0,0,https://x.com/undefined/status/2032249315138109629,54172979,
2032249313896603703,Fri Mar 13 00:16:08 +0000 2026,1,Oh right. You did say that... Hi! Were your eyes always blue...?,2032249313896603703,,,en,,1,0,0,https://x.com/undefined/status/2032249313896603703,1901419399518588928,
2032249311753310346,Fri Mar 13 00:16:07 +0000 2026,0,Birthplace of #Oman leaders (1749-present) Blue - Oman Red - Muscat and Oman Yellow - Omani Empire Brown - All three (Muscat) https://t.co/LnTe3zOx9E,2032249311753310346,https://pbs.twimg.com/media/HDP_-kYW8AER56g.jpg,,en,,0,0,0,https://x.com/undefined/status/2032249311753310346,1660162856342507520,
2032032664446746939,Fri Mar 13 00:16:06 +0000 2026,0,@Ll3ttee blue co say no,2032249304996282872,,Ll3ttee,en,,0,0,0,https://x.com/undefined/status/2032249304996282872,1831082956812607488,
2032245258495353000,Fri Mar 13 00:16:05 +0000 2026,0,@LaraLeaTrump @MichaelCohen212 That blue screen really makes the orange complexion POP.,2032249300063826346,,LaraLeaTrump,en,,0,0,0,https://x.com/undefined/status/2032249300063826346,925132681519738880,
2032249295639126341,Fri Mar 13 00:16:04 +0000 2026,0,HANA - Blue Jeans (DJ Sukemaru Unofficial Remix) ブルージーンズの非公式ハウスリミックス作りました！ よければ聞いてください！ https://t.co/OPFb1DWLsW ↑から聞けます！ PCからだとBuyボタンからフル尺フリーダウンロードできます https://t.co/3pSOvhsCjY,2032249295639126341,https://pbs.twimg.com/media/HDP_9bkbQAMtdeB.jpg,,ja,,0,0,0,https://x.com/undefined/status/2032249295639126341,127493234,
2032249281311019051,Fri Mar 13 00:16:00 +0000 2026,2,There are three left leaning independent candidates running in red states this cycle: Dan Osborn in Nebraska Seth Bodnar in Montana and Brian Bengs in South Dakota. Why aren't there center-right indies running for Senate in blue states?,2032249281311019051,,,en,,0,2,0,https://x.com/undefined/status/2032249281311019051,901915347556675584,
2032216522307899394,Fri Mar 13 00:15:56 +0000 2026,0,@GamewithDave I will fall for the blue checkmark engagement bait https://t.co/NfVWWBM2tj,2032249265322393875,https://pbs.twimg.com/tweet_video_thumb/HDP_7xRbsAA7-13.jpg,GamewithDave,en,,0,0,0,https://x.com/undefined/status/2032249265322393875,573120985,
2032249262960943501,Fri Mar 13 00:15:56 +0000 2026,1,i don't trust people that don't have zanka in their top 3. like why are you even reading blue lock ..?,2032249262960943501,,,en,,0,0,0,https://x.com/undefined/status/2032249262960943501,1160925082648268800,
2032249258682744896,Fri Mar 13 00:15:55 +0000 2026,0,Tender blue https://t.co/P1CJFGy343,2032249258682744896,https://pbs.twimg.com/media/HDP_7f4WIAEjXkV.jpg,,en,,0,0,0,https://x.com/undefined/status/2032249258682744896,1909335279737192448,
2032229048017961184,Fri Mar 13 00:15:55 +0000 2026,0,@rob_piece Realidade: hype momentâneo por conta da série que só está no top 1 porque não tem outra grande série ou filme lançado nessa mesma época Manga flopado vendedo menos cada vez mais perdendo até pra blue lock Anime ninguém se importa Fã de op doente kkkk,2032249258372379018,,rob_piece,pt,,0,0,0,https://x.com/undefined/status/2032249258372379018,1728793065635057664,
2032249252320031193,Fri Mar 13 00:15:53 +0000 2026,0,McCallie fell on the road to McMinn County 7-3. Carter Noland had 2 hits including a double. Hatcher Caldwell also doubled. The Blue Tornado return home tomorrow to take on Legion Collegiate Academy (SC) at 6:30.,2032249252320031193,,,en,,0,0,0,https://x.com/undefined/status/2032249252320031193,618333391,
2032004034601640142,Fri Mar 13 00:15:52 +0000 2026,0,@ursultrymia Blue,2032249247844773993,,ursultrymia,en,,0,0,0,https://x.com/undefined/status/2032249247844773993,1539413419572568064,
2032004034601640142,Fri Mar 13 00:15:50 +0000 2026,0,@ursultrymia Blue,2032249240081056148,,ursultrymia,en,,0,0,0,https://x.com/undefined/status/2032249240081056148,1703467437281153024,
2032249131188842652,Fri Mar 13 00:15:49 +0000 2026,0,Apollo and Blue Owl as the canaries and monitor whether redemption gates spread to additional funds next week as the clearest signal of escalation. On the energy side the U.S. Navy's admission that it is not ready to escort tankers removes the single most powerful near-term,2032249234427429146,,JefeCapital,en,,0,1,0,https://x.com/undefined/status/2032249234427429146,1986715775835779072,
2031891601954390050,Fri Mar 13 00:15:48 +0000 2026,0,@Nayromer0 @step5629 @realstewpeters Contrary to magaTs beliefs I can only cast 1 vote and it will be blue,2032249231860212165,,WorkHorse56036,en,,0,0,0,https://x.com/undefined/status/2032249231860212165,1761362470256492544,
2032249227494019519,Fri Mar 13 00:15:47 +0000 2026,0,Burning Blue (imperfect mix) https://t.co/zBojR9GqhE,2032249227494019519,https://pbs.twimg.com/amplify_video_thumb/2032249072493416448/img/fm_UYufAESR3LxG-.jpg,,en,,0,0,0,https://x.com/undefined/status/2032249227494019519,1696415957864824832,
2032150259942453256,Fri Mar 13 00:15:42 +0000 2026,0,@Zantrus Most likely because these colors are rarer in real life you typically see red green and blue a lot more often.,2032249203926130937,,Zantrus,en,,0,0,0,https://x.com/undefined/status/2032249203926130937,1212484331463032832,
2032242151048745239,Fri Mar 13 00:15:41 +0000 2026,0,@FB_Helmet_Guy Luv Ya Blue!,2032249202474987690,,FB_Helmet_Guy,en,,0,0,0,https://x.com/undefined/status/2032249202474987690,1641769658821890051,
2031922822268739703,Fri Mar 13 00:15:41 +0000 2026,0,@teethscar O TWT TA ME ESCONDENDO DE VC BLUE PIOR Q ESSES TEMPOS TO SENTINDO Q EL TA ESCONDENDO MEUS POST MSM!!! INFELIZMEN MAS NAO SE PREOCUPE JAMAIS TE TOMBARAO DO MEU CORACAO,2032249201808060780,,teethscar,pt,,0,0,0,https://x.com/undefined/status/2032249201808060780,1531056466597138437,
2032240040181387635,Fri Mar 13 00:15:39 +0000 2026,0,@miles_commodore Mickey blue eyes,2032249194228994091,,miles_commodore,en,,0,0,0,https://x.com/undefined/status/2032249194228994091,2604581547,
2032249186997940500,Fri Mar 13 00:15:38 +0000 2026,0,Add a blue helmet in there and they are cooking with gas.,2032249186997940500,,,en,,0,0,0,https://x.com/undefined/status/2032249186997940500,883115245425876993,
2032004034601640142,Fri Mar 13 00:15:35 +0000 2026,0,@ursultrymia Blue,2032249176390578365,,ursultrymia,en,,0,0,0,https://x.com/undefined/status/2032249176390578365,269506781,
2032249172045275483,Fri Mar 13 00:15:34 +0000 2026,0,#StackEmUpSale Kerry Carpenter TCU Blue Raywave Auto /150! $35 Stacking through tonight! See pinned tweet for info! https://t.co/Gs0mGtymjc,2032249172045275483,https://pbs.twimg.com/media/HDP_2KsWQAAEthT.jpg,,en,,0,2,0,https://x.com/undefined/status/2032249172045275483,761238254150615040,
2032187185487614137,Fri Mar 13 00:15:33 +0000 2026,0,@munsif_unlucky @diegoalejocm From the super shaky night video it's two people wrestling/rolling around on the grass by a blue truck. Hard to tell exactly due to the blur and motion but looks like nothing specific in her mouth just open from yelling or the tumble maybe a hand or sleeve briefly near it.,2032249168790434093,,munsif_unlucky,en,,0,0,0,https://x.com/undefined/status/2032249168790434093,1720665183188922368,
2032004034601640142,Fri Mar 13 00:15:32 +0000 2026,1,@ursultrymia Blue,2032249164621586562,,ursultrymia,en,,0,0,0,https://x.com/undefined/status/2032249164621586562,1896040453092552704,
2032249031045599294,Fri Mar 13 00:15:01 +0000 2026,3,Found a new good dive: The Blue Room in Burbank,2032249031045599294,,,en,,0,0,0,https://x.com/undefined/status/2032249031045599294,202792343,
1996646793585832230,Fri Mar 13 00:15:00 +0000 2026,0,$UMAC dived back to under-water but did not lose side support so I added there. It's been pretty strong after that. Now it's exploring blue sky... There are always some stocks defy the macro weather. https://t.co/h3ZLEgz3bA,2032249027937591350,https://pbs.twimg.com/media/HDP_XnsbQAAyim7.jpg,GoodwillTrader,en,,0,0,0,https://x.com/undefined/status/2032249027937591350,1376648509219201025,
2032249027673182568,Fri Mar 13 00:15:00 +0000 2026,0,REMEMBERING...Blue Mitchell on his BIRTHDAY! I'LL CLOSE MY EYES . To check out music/video links &amp; discover more about his musical legacy click here: https://t.co/ssJUfXRem8 #SOULTALK #LONDON https://t.co/00cP5RhcMb,2032249027673182568,https://pbs.twimg.com/media/HDOGLjeW8AAvqEI.jpg,,en,,0,0,0,https://x.com/undefined/status/2032249027673182568,1467332090,
2032004034601640142,Fri Mar 13 00:14:59 +0000 2026,1,@ursultrymia Blue,2032249023801811261,,ursultrymia,en,,0,0,0,https://x.com/undefined/status/2032249023801811261,1844565475658743815,
2032158549657432175,Fri Mar 13 00:14:55 +0000 2026,0,@HostileCowboy @geoffjBYU You are trying to gaslight me and I will not accept it. That s navy blue. https://t.co/wU5Bu4piRj,2032249009465856142,https://pbs.twimg.com/media/HDP_tArbQAIELrN.jpg,HostileCowboy,en,,0,0,0,https://x.com/undefined/status/2032249009465856142,322723848,
2032248996786491564,Fri Mar 13 00:14:52 +0000 2026,0,Twistedtoes (Blue Version) Wip @EmzyMp3 #teouay #fnf #twistedtoes #twiddlefinger #mdp #maxdesignpro https://t.co/7LdxVE6gTu,2032248996786491564,https://pbs.twimg.com/amplify_video_thumb/2032248698957414402/img/LNu42vfNp5QauZMZ.jpg,,en,,0,1,0,https://x.com/undefined/status/2032248996786491564,1983518160310710273,
2032004034601640142,Fri Mar 13 00:14:51 +0000 2026,1,@ursultrymia Blue,2032248989915943096,,ursultrymia,en,,0,0,0,https://x.com/undefined/status/2032248989915943096,7749172,
2032248988762849652,Fri Mar 13 00:14:50 +0000 2026,0,Do You Know that the Barreleye Fish sees the world through a transparent cockpit? https://t.co/yAkebaMJ4O,2032248988762849652,https://pbs.twimg.com/ext_tw_video_thumb/2032248961998987264/pu/img/feuvxfWFnrKuaQob.jpg,,en,,0,0,0,https://x.com/undefined/status/2032248988762849652,1853206450824179712,
2032239664958963896,Fri Mar 13 00:14:49 +0000 2026,0,@jwilkenjoyer Team playing scared. Blue especially,2032248984622760428,,jwilkenjoyer,en,,0,0,0,https://x.com/undefined/status/2032248984622760428,1831779596557078528,
2032212164908290530,Fri Mar 13 00:14:49 +0000 2026,0,@AubieSon Tana s will transfer to a blue blood program,2032248982999851487,,AubieSon,en,,0,0,0,https://x.com/undefined/status/2032248982999851487,1984971062547734528,
2032248982295003562,Fri Mar 13 00:14:49 +0000 2026,0,Check out Deep Blue Sea (Solo Instrumental) by Doug Smith by Doug Smith - https://t.co/04v1YN0xSu,2032248982295003562,,,en,,0,0,0,https://x.com/undefined/status/2032248982295003562,598333081,
2032248980503998469,Fri Mar 13 00:14:48 +0000 2026,2,okay early night (for me) gn what s left of blue lock twt,2032248980503998469,,,en,,0,1,0,https://x.com/undefined/status/2032248980503998469,2009937319650836480,
2032248970295033953,Fri Mar 13 00:14:46 +0000 2026,1,i was suicidal asf listening to blue rev in the shower by 7 am sharp not even giving the day a chance,2032248970295033953,,,en,,0,0,0,https://x.com/undefined/status/2032248970295033953,981321190852657152,
2032224399902777764,Fri Mar 13 00:14:44 +0000 2026,0,@BelGeneric I should have given up after the 23/24 season that was full on sabotage what he did for the home game.started grealish Akanji midfield out of the blue for an important game,2032248962892058833,,BelGeneric,en,,0,0,1,https://x.com/undefined/status/2032248962892058833,1768455187797000192,
2032248957502701898,Fri Mar 13 00:14:43 +0000 2026,0,Kickflip twenty has the same effect on me as nmixx blue valentine . Jyp greatness yall,2032248957502701898,,,en,,0,0,0,https://x.com/undefined/status/2032248957502701898,1276821748424380416,
2032248955644624967,Fri Mar 13 00:14:43 +0000 2026,0,my top 3 blue lock characters 1. reo 2. hugo,2032248955644624967,,,en,,0,0,0,https://x.com/undefined/status/2032248955644624967,1947431796880318464,
2032139356882751907,Fri Mar 13 00:14:41 +0000 2026,0,@atensnut Any blue state pick one!,2032248948300055022,,atensnut,en,,0,0,0,https://x.com/undefined/status/2032248948300055022,1997505052865359872,
2032180228160675995,Fri Mar 13 00:14:40 +0000 2026,0,@SenateDems @SenAlexPadilla No you want what you want and the country be damned. If you wanted ICE reform you should have gone for it when Obama was rounding up millions. This is not about ICE. It IS about numbers so you can keep your reps as any legal with sense flees your blue states.,2032248945381163433,,SenateDems,en,,0,0,0,https://x.com/undefined/status/2032248945381163433,1700525894715285504,
2032238351617544608,Fri Mar 13 00:14:38 +0000 2026,0,@launders Dr Jack Kruse career neurosurgeon who whistle blows about blue light/LED s destroying our health. Stopped wearing sunglasses and healed my eye floaters. After sleep sunlight exposure with no sun screen is now my daily #1 health goal (barefoot grounded if possible),2032248938586091755,,launders,en,,0,0,0,https://x.com/undefined/status/2032248938586091755,1747002854152228865,
2032067338137219557,Fri Mar 13 00:14:37 +0000 2026,0,@beyoumf Please blue elephant bro please,2032248934450508143,,beyoumf,en,,0,0,0,https://x.com/undefined/status/2032248934450508143,1725684767998328832,
2032033862256046390,Fri Mar 13 00:14:37 +0000 2026,0,@Coinvo grass is green sky is blue,2032248934006210925,,Coinvo,en,,0,0,0,https://x.com/undefined/status/2032248934006210925,1842342257707646976,
2032248926531711296,Fri Mar 13 00:14:36 +0000 2026,0,BASE | Top 6 at Dodge City Cru Huenfeld leads the inning off with a home run. The Blue Dragons lead Dodge City 12-5.,2032248926531711296,,,en,,0,0,0,https://x.com/undefined/status/2032248926531711296,764444407,
2032120842360864776,Fri Mar 13 00:14:34 +0000 2026,0,@cloversorrel If you need to relocate project open arms by traction is nonprofit helping trans ppl relocate to the PNW. I imagine there's other nonprofits doing similar things in other blue states but that's the one I've heard of,2032248920349483149,,cloversorrel,en,,0,0,0,https://x.com/undefined/status/2032248920349483149,859237225661210624,
2032248919032312288,Fri Mar 13 00:14:34 +0000 2026,0,Welcome back to Smokin Oak as a sponsor of our Program. We appreciate their commitment to our athletes and community. https://t.co/AqpSj5mQ5m,2032248919032312288,https://pbs.twimg.com/media/HDP_ntHXgAAhf-j.jpg,,en,,0,0,0,https://x.com/undefined/status/2032248919032312288,31462759,
2032248910811443324,Fri Mar 13 00:14:32 +0000 2026,0,#StackEmUpSale Xander Bogaerts Platinum Blue Toile Auto /99! $25 Stacking through tonight! See pinned tweet for info! https://t.co/8AOFun0ZZ8,2032248910811443324,https://pbs.twimg.com/media/HDP_m-RWcAE_D8_.jpg,,en,,0,0,0,https://x.com/undefined/status/2032248910811443324,761238254150615040,
2032248909246894474,Fri Mar 13 00:14:31 +0000 2026,1,LoL Blue is prepared to face off against Clark Red tonight at 9pm! Link to stream in replies #snhu #necc #esports #collegiateesports #leagueoflegends https://t.co/CO1zTl1axR,2032248909246894474,https://pbs.twimg.com/media/HDP-6dpbQAAo0gR.jpg,,en,,0,1,0,https://x.com/undefined/status/2032248909246894474,1026514439351222272,
2032248909213401273,Fri Mar 13 00:14:31 +0000 2026,28,Regional US banks are down more than 11% since February 19 when Blue Owl first restricted regular quarterly redemptions for one of its private credit funds. (1/3) https://t.co/MSGRt1ybmf,2032248909213401273,https://pbs.twimg.com/media/HDP6bC2a4AAZ5Hu.jpg,,en,,2,1,6,https://x.com/undefined/status/2032248909213401273,1327359720,
2032248905887326474,Fri Mar 13 00:14:31 +0000 2026,0, The Air Jordan 6 Retro 'Diffused Blue' (Jimmy Butler) dropped in 2018 honoring Jimmy Butler. Diffused Blue nubuck + leather Classic AJ6 lace lock ️ Translucent outsole Clean simple and one of the more underrated Jordan 6 releases. @GOAT https://t.co/kCeaL48W0T,2032248905887326474,https://pbs.twimg.com/media/HDP_mU8XoAA_L8q.jpg,,en,,0,0,0,https://x.com/undefined/status/2032248905887326474,1967674756389539842,
2032134630246096995,Fri Mar 13 00:14:30 +0000 2026,0,@Dom_1810 @MetroUK Blue tick wanker,2032248904117350888,,Dom_1810,en,,0,0,0,https://x.com/undefined/status/2032248904117350888,1211397281691226113,
2032135539047219695,Fri Mar 13 00:14:30 +0000 2026,0,@taxedatgunpoint Story of my X account..! But that s on me I haven t got a blue tick I didn t see a point in paying for social media? It feels wrong somehow like paying people to be your friend..? IDK I think I m gonna do it I m tired of people thinking I m a bot Anyway nice to meet you! ,2032248902662176833,,taxedatgunpoint,en,,0,0,0,https://x.com/undefined/status/2032248902662176833,1294111411304456193,
2032248640362987758,Fri Mar 13 00:14:28 +0000 2026,0,@KimDotcom RED OR BLUE BOTH HATE THE JЕШ https://t.co/TeGd0D486u,2032248895351267654,https://pbs.twimg.com/media/HDP_kZCWUAAtt8U.jpg,KimDotcom,en,,0,0,0,https://x.com/undefined/status/2032248895351267654,1981093842007855104,
2032153774366609766,Fri Mar 13 00:14:24 +0000 2026,0,@IronCityFilm Love is a blue chip?,2032248879681618037,,IronCityFilm,en,,0,0,0,https://x.com/undefined/status/2032248879681618037,1094064270,
2032161598890983828,Fri Mar 13 00:14:24 +0000 2026,0,@magills_ @Prisonmitch It s commendable that Muslims are working hard to assimilate American culture by participating in school shootings but there is proper protocol to follow. Allahu Akbar is not in protocol. Also pink/blue colored hair and septum piercings are encouraged as is zhe/zir pronouns,2032248876682657798,,magills_,en,,0,0,0,https://x.com/undefined/status/2032248876682657798,1472985863252447236,
2032248654975627422,Fri Mar 13 00:14:22 +0000 2026,0,@BIODAWGSPORTBOI Why does Blue refuse to shoot the ball?,2032248869241651202,,BIODAWGSPORTBOI,en,,0,0,0,https://x.com/undefined/status/2032248869241651202,1712270113343217664,
2032143028257792432,Fri Mar 13 00:14:22 +0000 2026,0,@ick_real Vote Blue.,2032248868839309569,,ick_real,en,,0,0,0,https://x.com/undefined/status/2032248868839309569,1877425012438962176,
2032247707448787178,Fri Mar 13 00:14:21 +0000 2026,0,@_strawberrymajo I was looking up blue eyes in the dark on google and now I m terrified,2032248864091025728,,_strawberrymajo,en,,0,0,0,https://x.com/undefined/status/2032248864091025728,1116444062826094592,
2032156405386338658,Fri Mar 13 00:14:19 +0000 2026,0,@mazzenilsson Fake alien invasion/project blue beam will be an inside job.,2032248857967440152,,mazzenilsson,en,,0,0,0,https://x.com/undefined/status/2032248857967440152,1267841220396670980,
2032197220968133063,Fri Mar 13 00:14:19 +0000 2026,0,@WhiteRabbitNeon @HarmlessYardDog @nikitabier @elonmusk Can t touch the molochs or the blue elephants on here. I m on my 5th account. ‍️,2032248857661198764,,WhiteRabbitNeon,en,,0,0,0,https://x.com/undefined/status/2032248857661198764,1793420695080497152,
2032004034601640142,Fri Mar 13 00:14:19 +0000 2026,1,@ursultrymia Blue,2032248857111732716,,ursultrymia,en,,0,0,0,https://x.com/undefined/status/2032248857111732716,1995577444401905667,
2032248848974860510,Fri Mar 13 00:14:17 +0000 2026,0,Loki est tellement terme dans Blue Lock wow,2032248848974860510,,,fr,,0,0,0,https://x.com/undefined/status/2032248848974860510,1166521484,
2032014270301683983,Fri Mar 13 00:14:16 +0000 2026,1,@yoshimituEdge 臭そうなBLUE GENDERだなぁ 。,2032248842654277904,,yoshimituEdge,ja,,0,0,0,https://x.com/undefined/status/2032248842654277904,2183585526,
2032245491979694550,Fri Mar 13 00:14:14 +0000 2026,0,@CTVAtlantic A few fewer blue-haired liberal women fanatics. That could be a good thing.,2032248836442226759,,CTVAtlantic,en,,0,0,0,https://x.com/undefined/status/2032248836442226759,844595853042036737,
2032248835624362484,Fri Mar 13 00:14:14 +0000 2026,0,En este momento me estoy arrepentida de comprarme esa laguna blue,2032248835624362484,,,es,,0,0,0,https://x.com/undefined/status/2032248835624362484,1947149071937835014,
2032143502608392326,Fri Mar 13 00:14:14 +0000 2026,0,@SFG169 blue check dont mean shit mine expires in 2 weeks n i aint re uppin it fk givin elon more money after some recent comments n censorship of isreal gettin fkn hammered by iran n his pro pedo pres chump bots all over my timeline,2032248834676392354,,SFG169,en,,0,0,0,https://x.com/undefined/status/2032248834676392354,1464823536548261891,
2032248830218158536,Fri Mar 13 00:14:13 +0000 2026,0,What is blue lock even about ,2032248830218158536,,,en,,0,0,0,https://x.com/undefined/status/2032248830218158536,3251039527,
2032004034601640142,Fri Mar 13 00:14:13 +0000 2026,1,@ursultrymia Blue,2032248829702259020,,ursultrymia,en,,0,0,0,https://x.com/undefined/status/2032248829702259020,3071911002,
2031958404449911287,Fri Mar 13 00:14:11 +0000 2026,0,@shahidux Blue for more contrast,2032248821804327020,,shahidux,en,,0,0,0,https://x.com/undefined/status/2032248821804327020,2028837921412063232,
2032248818356686902,Fri Mar 13 00:14:10 +0000 2026,0,【マネックスカード】投信つみたてのポイント還元率改悪と、年会費永年無料化 →マネックス証券が提供するマネックスカードについて、投信つみたてのポイント還元率の改悪と年会 ▼Sky High Blue https://t.co/jODT7i6ujw,2032248818356686902,,,ja,,0,0,0,https://x.com/undefined/status/2032248818356686902,1517721369945210880,
2032248814573174960,Fri Mar 13 00:14:09 +0000 2026,0,Uh if you see this reply I guess. https://t.co/imHcuhvlLe,2032248814573174960,https://pbs.twimg.com/media/HDP_hvbagAEDS7-.jpg,,en,,0,0,0,https://x.com/undefined/status/2032248814573174960,1411548190906667008,
2032222357222203844,Fri Mar 13 00:14:08 +0000 2026,1,@demurevenus_ow @PlayOverwatch oh no you're totally right &lt;3 it's blue and green because turquoise is my favourite colour https://t.co/xUqc3th0LI,2032248809821012124,https://pbs.twimg.com/media/HDP_hcAbQAAPPgH.jpg,demurevenus_ow,en,,0,0,0,https://x.com/undefined/status/2032248809821012124,1618005939226820609,
2032160793194872940,Fri Mar 13 00:14:05 +0000 2026,0,@hyesemble blue fame black dress,2032248796466307527,,hyesemble,en,,0,0,0,https://x.com/undefined/status/2032248796466307527,1193772849296748545,
2032248795858448401,Fri Mar 13 00:14:04 +0000 2026,0,@muranette_ Hey thanks for the response in comment section well can you please give me a follow back so we can chat? Unfortunately I don't have a blue tick to DM you ,2032248795858448401,,muranette_,en,,0,0,0,https://x.com/undefined/status/2032248795858448401,339427214,
2032004034601640142,Fri Mar 13 00:14:03 +0000 2026,1,@ursultrymia Blue,2032248790434902499,,ursultrymia,en,,0,0,0,https://x.com/undefined/status/2032248790434902499,1987781226225385472,
2032010168217547112,Fri Mar 13 00:14:02 +0000 2026,1,@No2ofTheBLB THAT'A VERYELEGANT SET OF APPREL MISS. CAN YOU GET IT IN SKY BLUE PINK? OR IS THAT 2 BALDING MEN IN FRONT? LOVELY TRULY.,2032248784286028054,,No2ofTheBLB,en,,0,0,0,https://x.com/undefined/status/2032248784286028054,1652360998320324611,
2032243259158995454,Fri Mar 13 00:14:01 +0000 2026,0,@Mylilangelsrose I see this now but don t recall seeing you say good morning. I would ve certainly said it back if I saw it. Hope you re doing good! I had beautiful blue skies this afternoon! ,2032248782381834581,,Mylilangelsrose,en,,0,0,0,https://x.com/undefined/status/2032248782381834581,1592951534526119936,
2032192141238079599,Fri Mar 13 00:14:01 +0000 2026,0,@Albertteac WHAT IN THE BLUE IS THAT??????‍️,2032248781853339926,,Albertteac,en,,0,0,0,https://x.com/undefined/status/2032248781853339926,1463470624823648261,
2032153819971530970,Fri Mar 13 00:14:01 +0000 2026,0,@MisterWolfbear Royal blue. And you. ,2032248781820084639,,MisterWolfbear,en,,0,0,0,https://x.com/undefined/status/2032248781820084639,1536038005042839552,
2032248776879169612,Fri Mar 13 00:14:00 +0000 2026,0,Garnett Elevator 1 (Platform to Concourse) out of service; Use white or blue phone for customer assistance.,2032248776879169612,,,en,,0,0,0,https://x.com/undefined/status/2032248776879169612,28942750,
2032248773116596545,Fri Mar 13 00:13:59 +0000 2026,0,Blue Cain continues to pump fake wide open 3s. If he s not gonna shoot and just turn it over let him ride the pine,2032248773116596545,,,en,,0,0,0,https://x.com/undefined/status/2032248773116596545,3378925961,
2032137030390497591,Fri Mar 13 00:13:59 +0000 2026,1,@voteheaux They re all in on it. They got Trump elected. So while some billionaires are just loading their pockets these billionaire ghouls seek to destroy this country! They will use the same propaganda maga used. Help the struggling blue collar white men!,2032248771053314429,,voteheaux,en,,0,0,1,https://x.com/undefined/status/2032248771053314429,759059982528589824,
2032247656009937359,Fri Mar 13 00:13:58 +0000 2026,0,@ItsJanata I can t do blue cheese on sweet chili wings lol,2032248769962455419,,ItsJanata,en,,0,0,0,https://x.com/undefined/status/2032248769962455419,297739231,
2032161938684149854,Fri Mar 13 00:13:57 +0000 2026,0,@5Pillarsuk So it's the mirror from the second blue car. Still have the same questions.,2032248765675880721,,PolDuCoeur,en,,0,0,0,https://x.com/undefined/status/2032248765675880721,1496493984,
2023150509608358149,Fri Mar 13 00:13:54 +0000 2026,0,@callowist @griffdapoet @StephStradley Because the city you talking about held out just to give a mediore Franchise a new stadium 4 years later which mean theu just didnt want Bud to have it. Sorry go back to you HTown blue jerseys It will never be Columbia Blue.,2032248750526050722,,callowist,en,,0,0,0,https://x.com/undefined/status/2032248750526050722,1954678613535793152,
2032219458375504050,Fri Mar 13 00:13:48 +0000 2026,0,@VineshApp @OMApproach project blue beam is starting to sound less crazy then it used to,2032248726228779074,,VineshApp,en,,0,0,0,https://x.com/undefined/status/2032248726228779074,1892351737031512068,
2032191492928737551,Fri Mar 13 00:13:47 +0000 2026,0,@JackPosobiec He says the right thing but almost always votes blue...,2032248722567152060,,JackPosobiec,en,,0,0,0,https://x.com/undefined/status/2032248722567152060,251758213,
2032248714954420466,Fri Mar 13 00:13:45 +0000 2026,0,Munich s gentle sky opens wide endless and blue like a thought without end.,2032248714954420466,,,en,,0,0,0,https://x.com/undefined/status/2032248714954420466,3982489998,
2032143502608392326,Fri Mar 13 00:13:44 +0000 2026,0,@SFG169 Many are unhappy with their blue check,2032248710877376775,,SFG169,en,,0,0,1,https://x.com/undefined/status/2032248710877376775,1859992824550129664,
2032220229472776290,Fri Mar 13 00:13:44 +0000 2026,0,@chefsevenn Blue should be navy. 3 for the floor.,2032248710726406536,,chefsevenn,en,,0,0,1,https://x.com/undefined/status/2032248710726406536,1216302348,
2032086708213137587,Fri Mar 13 00:13:44 +0000 2026,0,@Matt_Pinner We honestly don t care about their hair like they care about ours. Bo Derek had braids in her hair in an old movie called Blue Lagoon,2032248710160056391,,Matt_Pinner,en,,0,0,1,https://x.com/undefined/status/2032248710160056391,1557219558582370305,
2032160793194872940,Fri Mar 13 00:13:42 +0000 2026,0,@hyesemble blue da taeyeon white t shirt do jonghyun,2032248703793127585,,hyesemble,en,,0,0,0,https://x.com/undefined/status/2032248703793127585,1193772849296748545,
2032248695861792941,Fri Mar 13 00:13:41 +0000 2026,1,Oriana hablando de los físicos a se me olvidó que ella si puede pero las demás no ! #LCDLF6 https://t.co/hWobRlqBqp,2032248695861792941,https://pbs.twimg.com/amplify_video_thumb/2032248642367533056/img/wmSyOKRmLS1UfWmi.jpg,,es,,0,0,0,https://x.com/undefined/status/2032248695861792941,304267306,
2032048968210006456,Fri Mar 13 00:13:40 +0000 2026,1,@honeymoon250 Child of God Could definitely find things in common and be friends especially if she wasn't wearing statements... Either way we must come together. Left right red blue white black etc. Its us against the Elites together we can make REAL change divided is exactly where,2032248695140339792,,honeymoon250,en,,0,0,0,https://x.com/undefined/status/2032248695140339792,1601648228105179136,
2032004034601640142,Fri Mar 13 00:13:39 +0000 2026,1,@ursultrymia Blue,2032248688500978145,,ursultrymia,en,,0,0,0,https://x.com/undefined/status/2032248688500978145,1759804585856970752,
2032222605869232286,Fri Mar 13 00:13:38 +0000 2026,0,@COgbueghu @Math_files The graph shows market equilibrium. The red curve is demand (how much consumers want at different prices) and the blue curve is supply (how much producers offer). Where they intersect is the equilibrium price (P)* and equilibrium quantity (Q)* where supply equals demand.,2032248684587491365,,COgbueghu,en,,0,1,0,https://x.com/undefined/status/2032248684587491365,2031100262740537346,
2031957859161030767,Fri Mar 13 00:13:38 +0000 2026,0,@MbarkCherguia Oligarchs and the Citizens United Supreme Court decision happened. Dark money spoiled the system and the blue collar worker paid the price.,2032248682993893810,,MbarkCherguia,en,,0,0,0,https://x.com/undefined/status/2032248682993893810,1445880078840188928,
2032148488373617135,Fri Mar 13 00:13:38 +0000 2026,0,@updownups That s like asking why the sky is blue,2032248682930979191,,updownups,en,,0,0,0,https://x.com/undefined/status/2032248682930979191,1644121818180247555,
2032004034601640142,Fri Mar 13 00:13:36 +0000 2026,2,@ursultrymia Blue,2032248677452914794,,ursultrymia,en,,0,0,0,https://x.com/undefined/status/2032248677452914794,1810880879188652033,
2032248671677386773,Fri Mar 13 00:13:35 +0000 2026,0,Shauna shipman fact #1 Her favorite color is blue https://t.co/uw7B5MLRZx,2032248671677386773,https://pbs.twimg.com/media/HDP_ZZibQAMaFHo.jpg,,en,,0,0,0,https://x.com/undefined/status/2032248671677386773,2030034991598698496,
2032248670033228119,Fri Mar 13 00:13:34 +0000 2026,0,Blue collar husband ‍ medical field wife,2032248670033228119,,,en,,0,0,0,https://x.com/undefined/status/2032248670033228119,1018757813273755649,
2032231428667425092,Fri Mar 13 00:13:31 +0000 2026,0,@ChainLinkGod i would advise in concentraiting your energy in your own network/token. Leave the mud puddle alone as nobody is without dirt on it's hands. Fudding other projects and making your own opinion of the so called blue chips of crypto is the Misalignment.,2032248657584480359,,ChainLinkGod,en,,0,0,0,https://x.com/undefined/status/2032248657584480359,1398980156933513218,
2032240225372520451,Fri Mar 13 00:13:31 +0000 2026,1,@Rothmus Uhhhh we kinda do. The cow hoop nose ring piercings all over the place and blue or pink or green or purple hair and tats all over their body. Yeah. Liberals. With TDS.,2032248654224859314,,Rothmus,en,,0,0,0,https://x.com/undefined/status/2032248654224859314,1491536863483645956,
2032223309622911093,Fri Mar 13 00:13:30 +0000 2026,0,@TrixTitans @HelmetAddict It s the city of Houston s history. The Oilers identity was built into the very fabric of Houston Luv Ya Blue was an entirely Houstonian thing and was what made the Oilers so great. You just have the colors. Give it up.,2032248652484231376,,TrixTitans,en,,0,0,0,https://x.com/undefined/status/2032248652484231376,1721622183342977024,
2032186634570219902,Fri Mar 13 00:13:29 +0000 2026,1,@Polymarket Is Bonnie Blue the finish line?,2032248648407421178,,Polymarket,en,,0,0,0,https://x.com/undefined/status/2032248648407421178,803549377,
2032004034601640142,Fri Mar 13 00:13:29 +0000 2026,2,@ursultrymia Blue,2032248647090409559,,ursultrymia,en,,0,0,0,https://x.com/undefined/status/2032248647090409559,761998335444066305,
2032248645282656471,Fri Mar 13 00:13:29 +0000 2026,0,passaram o carro no limbus agr tao tentando fazer a mema coisa com blue archive a vida dos yuriniggers é brutal https://t.co/YhQh5IfouJ,2032248645282656471,https://pbs.twimg.com/media/HDP_XghXsAAiNxq.png,,pt,,0,0,0,https://x.com/undefined/status/2032248645282656471,1540135233231753217,
2032215326947996135,Fri Mar 13 00:13:27 +0000 2026,1,@notfugo i don t trust people who don t have nico in their top 3 like why are you even trading blue lock,2032248638014189853,,notfugo,en,,0,1,1,https://x.com/undefined/status/2032248638014189853,2032128043230380037,
2032239067539370469,Fri Mar 13 00:13:25 +0000 2026,0,@JL_Chapman I feel like a late first round wide receiver will be better than a late first round edge player. Of course if a blue chip offensive lineman is still available then grab them.,2032248630808363491,,JL_Chapman,en,,0,0,0,https://x.com/undefined/status/2032248630808363491,4790006647,
2032248629394608424,Fri Mar 13 00:13:25 +0000 2026,3, your kind princess https://t.co/RbrJyKNuWr,2032248629394608424,https://pbs.twimg.com/media/HDP_W3HWMAMoqyU.jpg,,en,,0,0,1,https://x.com/undefined/status/2032248629394608424,751551908670676992,
2032248616438632619,Fri Mar 13 00:13:22 +0000 2026,1,すずらんを表す色は 【水｜Sky Blue】 風のような自由人 ・縛られると即パワーダウン ・余白があるほど輝くタイプ ・発想ふわっと、でも鋭い #Makko #診断テスト みんなは何色かな？ 【色鉛筆診断】 https://t.co/tESh0Y85Kb,2032248616438632619,,,ja,,0,0,0,https://x.com/undefined/status/2032248616438632619,1444948319382368257,
2032062824088805660,Fri Mar 13 00:13:22 +0000 2026,0,@ariafairyx Blue,2032248615884800421,,ariafairyx,en,,0,0,0,https://x.com/undefined/status/2032248615884800421,28075925,
2032147164969701684,Fri Mar 13 00:13:21 +0000 2026,0,@Jollz Blue light glasses and cold room,2032248613917597921,,Jollz,en,,0,0,0,https://x.com/undefined/status/2032248613917597921,2353640698,
2032004034601640142,Fri Mar 13 00:13:20 +0000 2026,2,@ursultrymia Blue,2032248609077370914,,ursultrymia,en,,0,0,0,https://x.com/undefined/status/2032248609077370914,1294714555352911876,
2032248603264368666,Fri Mar 13 00:13:19 +0000 2026,0,新作のシュークリームフラペチーノ | 鬱金香日記 https://t.co/cguHwxxGq8 #Amebaブログ #アメブロ,2032248603264368666,,,ja,,0,0,0,https://x.com/undefined/status/2032248603264368666,833212278,
2032243868599476281,Fri Mar 13 00:13:18 +0000 2026,2,@maryzimm0403 Thanks Mary. Go Pistons. Go Wings. And tomorrow Go Blue. Great time of the year!,2032248601431224408,,maryzimm0403,en,,0,0,0,https://x.com/undefined/status/2032248601431224408,28003276,
2032248598281523548,Fri Mar 13 00:13:17 +0000 2026,0,昨日のライブのセトリをプレイリストにまとめて聞いてるんだけれど、久しぶりにREBOOT後の曲がライブで聴けて嬉しかったな。特に「Metamorphsis」「BLACK AND BLUE」「absorb」が聴けて良かった。まあ、ほとんどだ笑,2032248598281523548,,,ja,,0,0,0,https://x.com/undefined/status/2032248598281523548,113793041,
2032248591419580686,Fri Mar 13 00:13:16 +0000 2026,0,Blue green colors flashing I would be your shining autumn Ocean crashing,2032248591419580686,,,en,,0,0,0,https://x.com/undefined/status/2032248591419580686,21635198,
2032248589083086908,Fri Mar 13 00:13:15 +0000 2026,0,When Sunny Gets Blue,2032248589083086908,,,en,,0,0,0,https://x.com/undefined/status/2032248589083086908,561946564,
2031815217852649758,Fri Mar 13 00:13:14 +0000 2026,0,@DiGi__Official @ANTHYHIMEJOSHI Blue Limbo and Planet Roll Call cleared sorry ,2032248585027534971,,DiGi__Official,en,,0,0,0,https://x.com/undefined/status/2032248585027534971,1364349865677971462,
2031940168882520291,Fri Mar 13 00:13:14 +0000 2026,0,@rolandsmartin Because blue states gave drivers licenses to anyone who walked across the border. That made the credibility of licenses for proof of citizenship worthless. Thank your Democrat governor for that.,2032248584624652632,,rolandsmartin,en,,0,0,0,https://x.com/undefined/status/2032248584624652632,1581786250255663105,
2032149912024998054,Fri Mar 13 00:13:12 +0000 2026,1,@GrittyGamingGG Got the blue one https://t.co/MVpTK4lBoJ,2032248577406255143,https://pbs.twimg.com/media/HDP_Tm3XIAAV07_.jpg,GrittyGamingGG,en,,0,0,0,https://x.com/undefined/status/2032248577406255143,1897485444440281088,
2032164283505578182,Fri Mar 13 00:13:12 +0000 2026,0,@KingVelesI @JacenSolo645 @kapirote_ Lmao you re a straight up liar for a fucking blue check,2032248576907362480,,KingVelesI,en,,0,0,0,https://x.com/undefined/status/2032248576907362480,2015221207017431040,
2031899833557270944,Fri Mar 13 00:13:07 +0000 2026,0,@juhoonv BLUE BLUE THE SKY IS BLUE COME LETS SEE THE COLOR BLUE,2032248553704472618,,juhoonv,en,,0,0,0,https://x.com/undefined/status/2032248553704472618,3024107654,
2032203613368676434,Fri Mar 13 00:13:07 +0000 2026,1,@number_1_BFDIA @DeSoupBowl @firemansam_2008 It s the morning color palette Where the sand is blue and the sky goes from yellow to dark blue,2032248554715300347,,number_1_BFDIA,en,,0,0,0,https://x.com/undefined/status/2032248554715300347,1910832201882886145,
2032136165059440685,Fri Mar 13 00:13:08 +0000 2026,0,@Tmc0610 They look worse on Super Saiyan Blue. On their own or in base they re among my favorites.,2032248560108859891,,Tmc0610,en,,0,0,0,https://x.com/undefined/status/2032248560108859891,1207525802700660736,
2032216368783728916,Fri Mar 13 00:13:05 +0000 2026,1,@BrexitBassist So proud to receive my 1st wage Then they sold you the middle class dream But majority wasnt middle class Turned your weekly wage into a salary. For equality Wages to Salary A blue or white collar worker Working class man lived better on a weekly wage Blue built White wrote,2032248548457173051,,BrexitBassist,en,,0,0,0,https://x.com/undefined/status/2032248548457173051,1490153165534208004,
2032248546729345125,Fri Mar 13 00:13:05 +0000 2026,0,Top 3 comfort Buffy episodes: 1. Something Blue 2. Gingerbread 3. Tabula Rasa,2032248546729345125,,,en,,0,0,0,https://x.com/undefined/status/2032248546729345125,1894831670450393088,
2032221926718951592,Fri Mar 13 00:13:03 +0000 2026,0,@VendiroR Se llama farmear blue,2032248539816878504,,VendiroR,en,,0,0,0,https://x.com/undefined/status/2032248539816878504,1718837500544761856,
2032248535723155663,Fri Mar 13 00:13:02 +0000 2026,3,Blue Cain is useless out there. Just replace him. It s not his day that s ok ,2032248535723155663,,,en,,0,0,0,https://x.com/undefined/status/2032248535723155663,1446548509990268934,
2032248534091907210,Fri Mar 13 00:13:02 +0000 2026,0,Don t forget Melania had blue butterflies for her Christmas theme.,2032248534091907210,,,en,,0,0,0,https://x.com/undefined/status/2032248534091907210,1322420271018487808,
2032004034601640142,Fri Mar 13 00:13:02 +0000 2026,2,@ursultrymia Blue,2032248532175101973,,ursultrymia,en,,0,0,0,https://x.com/undefined/status/2032248532175101973,3291000120,
2032248530627088845,Fri Mar 13 00:13:01 +0000 2026,2,alguém paga o twitter blue ai pra mim pq pqp eu posso fazer milhões com esse engajamento bizarro que eu tô tendo,2032248530627088845,,,pt,,0,0,0,https://x.com/undefined/status/2032248530627088845,1679331953835663360,
2032233754660651355,Fri Mar 13 00:13:01 +0000 2026,1,@dexdexamilion he has blue hair and eyes to match his blue ice powers,2032248528618369399,,dexdexamilion,en,,0,1,0,https://x.com/undefined/status/2032248528618369399,1478705195580215297,
2032248526030455046,Fri Mar 13 00:13:01 +0000 2026,1, better and he actually doesn't use it to help something what he do especially not gen-ai. Gosh. Bllsht. If y'all are concerned of his once in a blue moon use of it send him a streamlab and carefully explain why he should stop using it. So tiring claiming to be a fan'.‍️,2032248528211492921,,drsx_rojeu,en,,0,0,0,https://x.com/undefined/status/2032248528211492921,1379816581258080258,
2032248526030455046,Fri Mar 13 00:13:00 +0000 2026,3,Ppl who I barely see in his streams here and in his community...goodness‍️ he ever only uses it like once in a blue moon and how ppl use things like alexa. When he make bits of it its literally only him using the voice tone and accent literally making fun of it‍️ he knows ,2032248526030455046,,,en,,0,1,0,https://x.com/undefined/status/2032248526030455046,1379816581258080258,
2032157109471875547,Fri Mar 13 00:12:56 +0000 2026,0,@SteveSkojec @mihalisOG Most of those in the red states or blue states arent owning Derricks just paying higher prices,2032248507424559265,,SteveSkojec,en,,0,1,0,https://x.com/undefined/status/2032248507424559265,848327444,
2032224194331656215,Fri Mar 13 00:12:54 +0000 2026,1,@DahliaWest13 @Cthulhu_Co @JacquettaInTx1 @mattvanswol I m not melting down nor hysterical.. just counter-pointing that Virginia is not the South and very blue. Do i think they ll get charged..no. Would i be shocked if they were .. also no,2032248502030369109,,DahliaWest13,en,,0,0,0,https://x.com/undefined/status/2032248502030369109,61588986,
2032083152177369537,Fri Mar 13 00:12:54 +0000 2026,0,@ankorinclan Look at those gorgeous icy-blue eyes on this beautiful Puma. She is so petite. Pumas are not all that large anyhow but this one is petite. Its paws are not oversized ... they are proportionate with the rest of her body. Thanks Ankor Inclan for sharing.,2032248499656441935,,ankorinclan,en,,0,0,0,https://x.com/undefined/status/2032248499656441935,1675985840923721730,
2031123919894425858,Fri Mar 13 00:12:51 +0000 2026,0,@DPR165 @ishowspeedsui @IIuffy I mean the Japanese coast guard will definitely be one of the issues he will face (and the best part their colors are also white and blue ),2032248486091960374,,DPR165,en,,0,0,0,https://x.com/undefined/status/2032248486091960374,846871552855625728,
2032248482287779851,Fri Mar 13 00:12:50 +0000 2026,0,CNN Anchor GOES SCORCHED EARTH On Democrats As He ADMITS Blue Cities Are... https://t.co/R90Y9rD8Cd via @YouTube,2032248482287779851,,,en,,0,0,0,https://x.com/undefined/status/2032248482287779851,1242968663692660739,
2032248344253444461,Fri Mar 13 00:12:17 +0000 2026,0,Forever Blue のあのイントロと間奏は反則だよね 綺麗なメロディすぎていつ聴いても涙出てきそう,2032248344253444461,,,ja,,0,0,0,https://x.com/undefined/status/2032248344253444461,1547071527287345153,
2032004034601640142,Fri Mar 13 00:12:16 +0000 2026,2,@ursultrymia Blue,2032248340524523640,,ursultrymia,en,,0,0,0,https://x.com/undefined/status/2032248340524523640,1535325202065809410,
2032248324359614775,Fri Mar 13 00:12:12 +0000 2026,1,the purple cowboy hat lady and the blue haired girl in the one piece live action are making me Feel things and now i wanna watch it ,2032248324359614775,,,en,,0,0,0,https://x.com/undefined/status/2032248324359614775,1595992509062299650,
2032004034601640142,Fri Mar 13 00:12:12 +0000 2026,2,@ursultrymia Green blue black pink purple and gold. Used to be fewer but I've expanded,2032248323885670840,,ursultrymia,en,,0,0,0,https://x.com/undefined/status/2032248323885670840,1140584381381316608,
2032239829023649996,Fri Mar 13 00:12:12 +0000 2026,0,@MarioNawfal Imagine that Israel want all the land in blue It s palestine jordan sudia iraq sirya lebenon and part of eygpit https://t.co/4fbrBQlamf,2032248323684323582,https://pbs.twimg.com/media/HDP_EbwWsAAiBxz.jpg,MarioNawfal,en,,0,1,0,https://x.com/undefined/status/2032248323684323582,1941152262656819200,
2032248138107416911,Fri Mar 13 00:12:09 +0000 2026,0,@BetmanBetz Blue Cain wasn t scared to shoot he the pulse of the team,2032248313035059369,,BetmanBetz,en,,0,0,0,https://x.com/undefined/status/2032248313035059369,1634358188513411073,
2032248307309740187,Fri Mar 13 00:12:08 +0000 2026,0,The Blue Crew in big 2026 https://t.co/Gwv2GTUPuI,2032248307309740187,https://pbs.twimg.com/media/HDP_D4RWcAAXsAG.jpg,,en,,0,0,0,https://x.com/undefined/status/2032248307309740187,1756864872468365312,
2032248300813107242,Fri Mar 13 00:12:06 +0000 2026,0,blue mg always going to be iconic the faded blue mwahh kayak blueberry https://t.co/Ckq8S7rbuN,2032248300813107242,https://pbs.twimg.com/media/HDP_C8ObQAIIyQS.jpg,,en,,0,0,0,https://x.com/undefined/status/2032248300813107242,1276385614150000641,
2032247176777142585,Fri Mar 13 00:12:05 +0000 2026,0,@m_bultman Perry was offside before he got the puck and sent it across the blue line to the other side of the zone.,2032248295871885694,,m_bultman,en,,0,0,0,https://x.com/undefined/status/2032248295871885694,277778245,
2032248290469622080,Fri Mar 13 00:12:04 +0000 2026,0,@KDJRadioShow Great show today (everyday is great) - KDJ is OMAGA man standing against the reptilian commircrat blue haired obese sow cows &amp; soy boys - listen @linewsradio 9-11 am Monday thru Friday - you will be entertained &amp; educated,2032248290469622080,,KDJRadioShow,en,,0,0,0,https://x.com/undefined/status/2032248290469622080,413964488,
2032043088303292623,Fri Mar 13 00:12:04 +0000 2026,1,@ka01in ありっぱたらき blueと金木犀は聴いたことある！,2032248288880312462,,ka01in,ja,,0,1,0,https://x.com/undefined/status/2032248288880312462,1965737008388784128,
2032004034601640142,Fri Mar 13 00:12:03 +0000 2026,2,@ursultrymia Blue,2032248288083050898,,ursultrymia,en,,0,0,0,https://x.com/undefined/status/2032248288083050898,4873050315,
2032248274208596016,Fri Mar 13 00:12:00 +0000 2026,0,I found this insane clip of Blue with the Colts. Bro literally hit the $Colts social media admin and then just did the thing. But the funniest part? Blue has basically been Polymarket s mascot from the very beginning. And now they just introduced him on the new stage. CT is https://t.co/JksXM8BnSu,2032248274208596016,https://pbs.twimg.com/media/HDP-9upbIAAZm5l.png,,en,,0,0,0,https://x.com/undefined/status/2032248274208596016,1915365374888943616,
2032139561510584368,Fri Mar 13 00:12:00 +0000 2026,0,@de3dsoul Deep blue Sea,2032248274099241397,,de3dsoul,en,,0,0,0,https://x.com/undefined/status/2032248274099241397,1918679054074494976,
2032006177861570741,Fri Mar 13 00:11:59 +0000 2026,0,@akafaceUS Parents in every blue state or district at least. Your kids are better off without sitting in psycho public school factories and being home watching cartoons. They'll learn better values from Bugs Bunny.,2032248271528210493,,akafaceUS,en,,0,0,0,https://x.com/undefined/status/2032248271528210493,1666340468886519809,
2032248267120263410,Fri Mar 13 00:11:58 +0000 2026,0,あなたを表す色は 【薄青（うすあお）｜Smoke Blue】 余韻をまとう人 ・くすみ系クール代表 ・感情に振り回されない ・静かな理性で整える #Makko #診断テスト みんなは何色かな？ 【色鉛筆診断】 https://t.co/xM75qAVlgu ああんくすみカラー！！！ひゃっほう！！,2032248267120263410,,,ja,,0,0,0,https://x.com/undefined/status/2032248267120263410,2012362086702039040,
2031008424973218284,Fri Mar 13 00:11:58 +0000 2026,0,@LyndsiPett17 @archeohistories Elizabeth Taylor is well known to have a rare eye color of violet. Not blue.,2032248267052921076,,LyndsiPett17,en,,0,0,0,https://x.com/undefined/status/2032248267052921076,1908262958482022405,
2032088086885384362,Fri Mar 13 00:11:57 +0000 2026,0,@AneesViews @PunjabKingsIPL Solid kit! Red body with fierce wave patterns blue sleeves and bold lion badge give major fury vibes. CP Plus sponsor stands out clean. I'd rate 8.5/10 energetic and IPL-ready. Punjab's roaring this season! ,2032248262997008781,,AneesViews,en,,0,0,0,https://x.com/undefined/status/2032248262997008781,1720665183188922368,
2032238513496674422,Fri Mar 13 00:11:56 +0000 2026,0,@theliamnissan Lovely blue rinse though,2032248255514382735,,theliamnissan,en,,0,0,0,https://x.com/undefined/status/2032248255514382735,1694337758536298496,
2032004034601640142,Fri Mar 13 00:11:55 +0000 2026,1,@ursultrymia Blue,2032248251311931894,,ursultrymia,en,,0,0,0,https://x.com/undefined/status/2032248251311931894,1072245304710156289,
2032195932100395210,Fri Mar 13 00:11:54 +0000 2026,0,@p_bo68 @CfieldsVFL The lack of striped socks and white face masks are my major gripes with it from the leaks. Also I think the blue pants might not have stripes? If that s the case it s a massive miss,2032248248484720716,,p_bo68,en,,0,0,0,https://x.com/undefined/status/2032248248484720716,1612566091472986113,
2032233423360663670,Fri Mar 13 00:11:49 +0000 2026,1,@koigaymer choujin x blue period houseki no kuni,2032248228679160231,,koigaymer,et,,0,0,0,https://x.com/undefined/status/2032248228679160231,1933939190145695745,
2032241810668425327,Fri Mar 13 00:11:45 +0000 2026,0,@College_Crosse I wish Duke would stick to blue or white,2032248209079173233,,College_Crosse,en,,0,0,0,https://x.com/undefined/status/2032248209079173233,108593768,
2032248192213942483,Fri Mar 13 00:11:41 +0000 2026,0,i'm turning blue cuz i'm hella cold man i love al derah so bad,2032248192213942483,,,en,,0,0,0,https://x.com/undefined/status/2032248192213942483,2001807861438124032,
2032248182043001298,Fri Mar 13 00:11:38 +0000 2026,0,『blue prince』で検索する権利を手に入れたので無敵です しばらくは感想読み漁ったりします,2032248182043001298,,,ja,,0,0,0,https://x.com/undefined/status/2032248182043001298,1532007674233384961,
2032004034601640142,Fri Mar 13 00:11:38 +0000 2026,2,@ursultrymia Blue,2032248181090894000,,ursultrymia,en,,0,0,0,https://x.com/undefined/status/2032248181090894000,1866037004947120128,
2032152857248514381,Fri Mar 13 00:11:38 +0000 2026,0,@bettybloodclot Women were elegant. No red or blue hairs.,2032248180620816860,,bettybloodclot,en,,0,0,0,https://x.com/undefined/status/2032248180620816860,1530366179822411776,
2032248178469130745,Fri Mar 13 00:11:37 +0000 2026,1,I got suspended out of the blue for violating rules against inauthentic accounts. After an appeal I got restored but with a warning for things I never did. Apparently this is not new premium subscribers reported this. cc @elonmusk @support @grok #X https://t.co/9RURhrA8kr https://t.co/jC1EljWrwU,2032248178469130745,https://pbs.twimg.com/media/HDP73NmbQAEVDK0.jpg,,en,,0,4,0,https://x.com/undefined/status/2032248178469130745,1423773144112893962,
2032229482350661823,Fri Mar 13 00:11:37 +0000 2026,0,@Sazzinh0 @brfootball Away kit has always been blue.,2032248176275517628,,Sazzinh0,en,,0,0,0,https://x.com/undefined/status/2032248176275517628,115762687,
2032004034601640142,Fri Mar 13 00:11:36 +0000 2026,2,@ursultrymia Blue ,2032248172580327532,,ursultrymia,en,,0,0,0,https://x.com/undefined/status/2032248172580327532,3407381290,
2032174272223805586,Fri Mar 13 00:11:35 +0000 2026,0,@ionfwnuin Coke light after returning home in blue twilight,2032248167719452992,,ionfwnuin,en,,0,0,0,https://x.com/undefined/status/2032248167719452992,2020134479566880768,
2032126351382303127,Fri Mar 13 00:11:34 +0000 2026,0,@steveth75737857 Why do you have blue hair .? Basically it s about choice .!,2032248165328441520,,steveth75737857,en,,0,0,0,https://x.com/undefined/status/2032248165328441520,1841890454750838784,
2032248164640579944,Fri Mar 13 00:11:34 +0000 2026,0,She is a complete and unmitigated embarrassment for the citizens of Harria county. Hildago is a caricature of blue county/city politics and the fiscal disasters (corruption &amp; grifting) that follow them in their wake.,2032248164640579944,,,en,,0,0,0,https://x.com/undefined/status/2032248164640579944,279317954,
2031917174911037608,Fri Mar 13 00:11:34 +0000 2026,1,@NickStevensHS We somehow keep getting Democratic governors. @roycoopernc1 @NC_Governor Gas in California is over $8. We are trending toward a blue state. Like US trending toward the U.K. mess.,2032248162811822113,,NickStevensHS,en,,0,0,0,https://x.com/undefined/status/2032248162811822113,2362775979,
2032152178568413694,Fri Mar 13 00:11:33 +0000 2026,0,@Variety Superman Green Lantern Blue Beetle and allegedly Wonder Woman too .... Sounds like this movie will have a proto-Justice League. James Gunn probably knows that this is his last chance so he's throwing everyone in it including the kitchen sink.,2032248162677555288,,Variety,en,,0,0,0,https://x.com/undefined/status/2032248162677555288,1453500457125548037,
2032173757415276833,Fri Mar 13 00:11:33 +0000 2026,0,@ohhanxiety blue butterfly,2032248162606276676,,ohhanxiety,en,,0,0,0,https://x.com/undefined/status/2032248162606276676,746272985242308608,
2032239338935787660,Fri Mar 13 00:11:33 +0000 2026,0,blue roses of course the symbol of the impossible the unaittable they are rare and unique these roses are also a reminder to keep practing self-love to embrace your own flaws to recognize them and accept them as part of your identity... kaneshiro your pen is too fire https://t.co/SdmXzQUpBE,2032248161234800825,https://pbs.twimg.com/media/HDP91wPXUAAhrZo.png,pinketness,en,,0,1,0,https://x.com/undefined/status/2032248161234800825,1934547928481181697,
2032160793194872940,Fri Mar 13 00:11:33 +0000 2026,1,@hyesemble Nao sei se vale mas a IU tem The red shoes red sneaker red queen black out e blueming (trocadilho de bloom + blue),2032248161180213388,,hyesemble,en,,0,1,0,https://x.com/undefined/status/2032248161180213388,1844165494326337536,
2032248149612663143,Fri Mar 13 00:11:30 +0000 2026,0,Cinna blue y snoopy ,2032248149612663143,,,en,,0,0,0,https://x.com/undefined/status/2032248149612663143,1605957589417676802,
2032248148970574003,Fri Mar 13 00:11:30 +0000 2026,0,Blue tick on the way. https://t.co/vPOSYPc7HW,2032248148970574003,https://pbs.twimg.com/media/HDP-63kbQAAm0Ig.jpg,,en,,0,0,0,https://x.com/undefined/status/2032248148970574003,2028099801024430080,
2032248144214348286,Fri Mar 13 00:11:29 +0000 2026,0, #JungKook en Deezer Charts | LATAM (11.03.2026) 🇦🇷 Top 100 Argentina #29 (+21) Seven (feat Latto) #59 (-27) Please Don't Change‼️ #93 (-65) My You‼️ ️No tuvimos reingresos en otros países! 𝓑𝓵𝓾𝓮 https://t.co/hvJCoXvX8K,2032248144214348286,https://pbs.twimg.com/media/HDP-6qqWIAAYOIv.jpg,,es,,0,0,0,https://x.com/undefined/status/2032248144214348286,1333214031042269193,
2032248140821123168,Fri Mar 13 00:11:28 +0000 2026,0,My favorite thing is skz in blue jeans,2032248140821123168,,,en,,0,0,0,https://x.com/undefined/status/2032248140821123168,901331401047498754,
2032004034601640142,Fri Mar 13 00:11:21 +0000 2026,2,@ursultrymia It s not there but it s midnight blue,2032248109779087836,,ursultrymia,en,,0,0,0,https://x.com/undefined/status/2032248109779087836,1997888511710842880,
2032079996886421615,Fri Mar 13 00:11:17 +0000 2026,0,@senkitaisen @Helexzura Eeeehhhh when the artists are blue haired freaks that don't leave their bubble of safety that leads to a shitty product. They need to pay attention to what the consumers want. Study past trends and create games that will last and be memorable. Your target is the consumer and if,2032248093098606775,,senkitaisen,en,,0,0,0,https://x.com/undefined/status/2032248093098606775,1854190060020862976,
2032248085825667466,Fri Mar 13 00:11:15 +0000 2026,0, #Technology #Robotics #Robots #HumanoidRobots #Ai » #China's new 'blue-collar' humanoid switches modular tools in seconds https://t.co/2fwVtS5Y49,2032248085825667466,,,en,,0,0,0,https://x.com/undefined/status/2032248085825667466,1570852730,
2032156168035164404,Fri Mar 13 00:11:14 +0000 2026,0,@MJRebelAngel80 @EricLDaugh In a blue state ANYONE can get an ID.,2032248080829972844,,MJRebelAngel80,en,,0,0,0,https://x.com/undefined/status/2032248080829972844,1651641370837131281,
2032036922034700800,Fri Mar 13 00:11:10 +0000 2026,0,@dailyglimps24 I hope they all leave. The thieves are the problem and the mayor won t stop it! Yeah blue cities!,2032248065470419426,,dailyglimps24,en,,0,0,0,https://x.com/undefined/status/2032248065470419426,1608489068731531272,
2032248061045723281,Fri Mar 13 00:11:09 +0000 2026,0,@BlueDart_ @MyNykaa My Nykaa order was split into multiple shipments. On 10 March the Blue Dart delivery agent delivered one shipment and collected the full COD amount ₹1916 from me. (1/3),2032248061045723281,,BlueDart_,en,,0,1,0,https://x.com/undefined/status/2032248061045723281,1888195652607451136,
2032248045606154554,Fri Mar 13 00:11:06 +0000 2026,0,️ GAME DAY ️ March 13 ⏰ 7:00 PM McAllen Memorial Baseball Field Let s pack the stands and show our Sabercat pride. Wear your blue be loud and support our boys! #Sabercats #VelaBaseball https://t.co/w7Mrt1obPc,2032248045606154554,https://pbs.twimg.com/media/HDP-07XXUAAuY4L.jpg,,en,,0,0,0,https://x.com/undefined/status/2032248045606154554,1877418386503925760,
2032188353198633032,Fri Mar 13 00:11:05 +0000 2026,0,@OnDisasters This is what did it for me. https://t.co/jyxwfBMI7Z,2032248041583866253,https://pbs.twimg.com/tweet_video_thumb/HDP-yI8XwAAZaAG.jpg,OnDisasters,en,,0,0,0,https://x.com/undefined/status/2032248041583866253,1665220862222409728,
2032191915123224609,Fri Mar 13 00:11:04 +0000 2026,0,@Theonlyjcvolly Baby Blue,2032248039713169556,,Theonlyjcvolly,en,,0,0,0,https://x.com/undefined/status/2032248039713169556,1657135266006552579,
2032248033669206044,Fri Mar 13 00:11:03 +0000 2026,0,STATE BASKETBALL ️MARCH 13TH PINNACLE BANK ARENA ⏰3:15 PM 🆚BELLEVUE WEST THEME: BLUE OUT https://t.co/mQOgFeTq2V,2032248033669206044,https://pbs.twimg.com/tweet_video_thumb/HDP-0E-XoAADHdb.jpg,,en,,0,0,0,https://x.com/undefined/status/2032248033669206044,2724776396,
2031906295067095358,Fri Mar 13 00:11:02 +0000 2026,1,@tbs_loveit 5 周年おめでとうございます TAGRIGHTの7人でForeverblueを披露お願いします #ラヴィット5周年ウィーク #TAGRIGHT #Forever blue どうぞよろしくお願いします,2032248032692224496,,tbs_loveit,ja,,0,0,0,https://x.com/undefined/status/2032248032692224496,1092026057375412225,
2032004034601640142,Fri Mar 13 00:11:01 +0000 2026,2,@ursultrymia blue,2032248027545542870,,ursultrymia,en,,0,0,0,https://x.com/undefined/status/2032248027545542870,1950788146708484096,
2032004034601640142,Fri Mar 13 00:11:00 +0000 2026,2,@ursultrymia Blue ,2032248022990516440,,ursultrymia,en,,0,0,0,https://x.com/undefined/status/2032248022990516440,2941386387,
2032237979172028917,Fri Mar 13 00:11:00 +0000 2026,1,@8WaEErtzoOMQ92f Blueさん ありがとうございます 盛り付けのお褒めの言葉も嬉しいです そしてこれは美味しいです笑 シチューにごはん派じゃない人こそ試して欲しい逸品です️,2032248022655254640,,8WaEErtzoOMQ92f,ja,,0,1,0,https://x.com/undefined/status/2032248022655254640,1030148630,
2032248003378004156,Fri Mar 13 00:10:56 +0000 2026,0,HALF: Florida State 44 Duke 43 This is just the fifth time this season the Blue Devils have trailed at the half. Isaiah Evans carrying the team with 22 points.,2032248003378004156,,,en,,0,0,0,https://x.com/undefined/status/2032248003378004156,900420646659919872,
2032247999145951367,Fri Mar 13 00:10:54 +0000 2026,19,Blue state sees almost 200 towns swing Republican https://t.co/FTT1ob5Abk via @DailyMail,2032247999145951367,,,en,,0,0,3,https://x.com/undefined/status/2032247999145951367,466864852,
2032025587858960543,Fri Mar 13 00:10:53 +0000 2026,0,@Charlielance10 You can literally change the red to blue in nvidia settings and you can not even see it in recordings / raw footage just saying,2032247994628677788,,Charlielance10,en,,0,0,0,https://x.com/undefined/status/2032247994628677788,1368224290538131459,
2032247987485757842,Fri Mar 13 00:10:52 +0000 2026,0,If he would care just half this much over all the fraud we keep finding in Blue States,2032247987485757842,,,en,,0,0,0,https://x.com/undefined/status/2032247987485757842,1587953399902965761,
2032103633521942769,Fri Mar 13 00:10:50 +0000 2026,0,@iyoushetwt all of those excpet maybe pinterest. wtf is that? Also no blue sky?,2032247978509877557,,iyoushetwt,en,,0,0,0,https://x.com/undefined/status/2032247978509877557,950089963,
1997413314960167015,Fri Mar 13 00:10:49 +0000 2026,0,@Hay0Jim @Janeway0768 @LindaLeeKing @sheri_lynn95252 We solved all the world s problems as soon as everyone is actually accountable problems solved!! I admit it is a group of MAGA people so it s easy to agree on most things &amp; no one has blue hair ,2032247974378516842,,Hay0Jim,en,,0,0,0,https://x.com/undefined/status/2032247974378516842,2349479912,
2031744413358035428,Fri Mar 13 00:10:48 +0000 2026,0,@CWBOCA Who the E F and G is celebrating?!?! No more shitty blue state invaders. We are full! God help us. ,2032247971685810373,,CWBOCA,en,,0,0,0,https://x.com/undefined/status/2032247971685810373,784760828453064705,
2032138478448767279,Fri Mar 13 00:10:46 +0000 2026,0,@CrimsonXCharm Oliver had been trying very hard to keep his expression steady while she spoke. But the moment Lydia finished something in his face shifted. The composure he'd been holding onto loosened just slightly. His blue eyes widened first then softened almost immediately the --,2032247965390192956,,CrimsonXCharm,en,,0,1,0,https://x.com/undefined/status/2032247965390192956,1903208054516035584,
2032180910095765651,Fri Mar 13 00:10:46 +0000 2026,0,@daktilock Yalan haberinize soku .. Ben. Gosterdigi ucak blue angels gosteri ucagi kadinda uzman er kim bilir hangi eyalette gorevde.,2032247961741332913,,daktilock,tr,,0,0,0,https://x.com/undefined/status/2032247961741332913,1908644236784001024,
2032247959375765725,Fri Mar 13 00:10:45 +0000 2026,0,Heh I guess we need a bigger blue square.,2032247959375765725,,,en,,0,0,0,https://x.com/undefined/status/2032247959375765725,876736688,
2032247957882282008,Fri Mar 13 00:10:45 +0000 2026,0,【ブルーロック】 [アニメイト]TVアニメ『ブルーロック』 Sketchu! インペリアルイースターエッグ キャラPic 烏 旅人 2026年03月発売 https://t.co/SGkEb8xFhm 取扱ショップ : アニメイト #ブルーロック #エゴい https://t.co/1xo6rHi7DD,2032247957882282008,https://pbs.twimg.com/media/HDP-v6jWAAA37Es.jpg,,ja,,0,0,0,https://x.com/undefined/status/2032247957882282008,1779389849314955264,
2032247955994837434,Fri Mar 13 00:10:44 +0000 2026,0,I need 1 in blue &amp; 1 in pink,2032247955994837434,,,en,,0,0,0,https://x.com/undefined/status/2032247955994837434,3991222516,
2032004034601640142,Fri Mar 13 00:10:44 +0000 2026,2,@ursultrymia Blue,2032247953788641516,,ursultrymia,en,,0,0,0,https://x.com/undefined/status/2032247953788641516,2001083053561851904,
2032226303345115236,Fri Mar 13 00:10:43 +0000 2026,0,@pvnklorde 4-5 more Hours till beta https://t.co/hSNawexx34,2032247949237924032,https://pbs.twimg.com/tweet_video_thumb/HDP-u71XkAImsK8.jpg,pvnklorde,en,,0,0,0,https://x.com/undefined/status/2032247949237924032,1950649541100978176,
2032004034601640142,Fri Mar 13 00:10:42 +0000 2026,2,@ursultrymia @Teresa1004 Blue,2032247946540888427,,ursultrymia,en,,0,0,0,https://x.com/undefined/status/2032247946540888427,2884107244,
2032247944875778077,Fri Mar 13 00:10:42 +0000 2026,0,【ブルーロック】 [アニメイト]ブルーロック クリアファイル 和洋折衷ver. 千切 豹馬 2026年02月発売 https://t.co/zbbIpbOTMx 取扱ショップ : アニメイト #ブルーロック #エゴい https://t.co/j8iAODFdO2,2032247944875778077,https://pbs.twimg.com/media/HDP-vIkWwAA5DWo.jpg,,ja,,0,0,0,https://x.com/undefined/status/2032247944875778077,1779389849314955264,
2032247944187990230,Fri Mar 13 00:10:41 +0000 2026,1,I see Team USA unis are boring. Maroon?? Get Red white and Blue jerseys please.,2032247944187990230,,,en,,0,0,0,https://x.com/undefined/status/2032247944187990230,50925084,
2032095056983687546,Fri Mar 13 00:10:40 +0000 2026,0,@byzantineprof Green team or Blue? ;),2032247937754153135,,byzantineprof,en,,0,0,0,https://x.com/undefined/status/2032247937754153135,1432899139218513924,
2032107296915144926,Fri Mar 13 00:10:39 +0000 2026,0,@pigeoncrafts I Have To Pick Blue Here She's So Cute,2032247936076431822,,pigeoncrafts,en,,0,0,0,https://x.com/undefined/status/2032247936076431822,1837618223543664640,
2032004034601640142,Fri Mar 13 00:10:39 +0000 2026,2,@ursultrymia Blue,2032247933408604351,,ursultrymia,en,,0,0,0,https://x.com/undefined/status/2032247933408604351,822178075467218945,
2032247920431337958,Fri Mar 13 00:10:36 +0000 2026,1,Florida State is giving Duke everything it can handle! Florida State leads 44-43 at the half. Lajae Jones leads the Noles with 16 pts and Charlotte native Isaiah Evans leads the Blue Devils with 22 pts. Florida State has forced 8 turnovers. #ACCTourney,2032247920431337958,,,en,,0,0,0,https://x.com/undefined/status/2032247920431337958,2031351585096257536,
2032004034601640142,Fri Mar 13 00:10:29 +0000 2026,2,@ursultrymia Blue,2032247890303652135,,ursultrymia,en,,0,0,0,https://x.com/undefined/status/2032247890303652135,2022864591878062080,
2032004034601640142,Fri Mar 13 00:10:25 +0000 2026,2,@ursultrymia Blue,2032247876542480597,,ursultrymia,en,,0,0,0,https://x.com/undefined/status/2032247876542480597,1864811076690624512,
2032004034601640142,Fri Mar 13 00:10:25 +0000 2026,2,@ursultrymia Blue of course Just the superior Color,2032247873895580158,,ursultrymia,en,,0,0,0,https://x.com/undefined/status/2032247873895580158,1790087852518158337,
2032094503419482291,Fri Mar 13 00:10:22 +0000 2026,0,@CityofNewberry Welcome to the family of the Long Blue Line sir,2032247863002952107,,CityofNewberry,en,,0,0,0,https://x.com/undefined/status/2032247863002952107,816713604036775936,
2032247845990928523,Fri Mar 13 00:10:18 +0000 2026,0,Check out Adidas Essentials -3-Stripe Tricot Track Jacket Navy Blue White Full Zip Size XL https://t.co/yVEOvYkNKd #eBay via @eBay,2032247845990928523,,,en,,0,0,0,https://x.com/undefined/status/2032247845990928523,2019183901294411776,
2032247837895876808,Fri Mar 13 00:10:16 +0000 2026,0,And I can't help it with you Stubborn-hearted blue Lights come into the room When disco plays our tune,2032247837895876808,,,en,,0,0,0,https://x.com/undefined/status/2032247837895876808,1495965401490104320,
2032247837686370491,Fri Mar 13 00:10:16 +0000 2026,0,Mild chicken wings fried hard with a few blue berry lemon drop drinks. I walk in the bar she already know my order lolll THANK YA ,2032247837686370491,,,en,,0,0,0,https://x.com/undefined/status/2032247837686370491,266780497,
2032004034601640142,Fri Mar 13 00:10:15 +0000 2026,2,@ursultrymia Blue,2032247834012004369,,ursultrymia,en,,0,0,0,https://x.com/undefined/status/2032247834012004369,1839295290274361356,
2032245689942438151,Fri Mar 13 00:10:15 +0000 2026,0,@classic_film Ethan Hawk did a great job looking and sounding like jazz legend Chet Baker in the film Born To Be Blue. Not the greatest film (filmed in my home town) but a good performance.,2032247831633825970,,classic_film,en,,0,0,0,https://x.com/undefined/status/2032247831633825970,113497240,
2032247822339211632,Fri Mar 13 00:10:12 +0000 2026,0, LANSING Mich. Michigan Department of Health and Human Services Director Elizabeth Hertel visited with officials at Hegira Health Inc. and Detroit Wayne Integrated Health Network (DWIHN) today to discuss the state s continuing... https://t.co/1PwRSnLUHJ,2032247822339211632,,,en,,0,0,0,https://x.com/undefined/status/2032247822339211632,826906845159763969,
2032247818014933253,Fri Mar 13 00:10:11 +0000 2026,0,POV: Waves_On_Waves makes epic music for ur epic life. Waves_On_Wavs X Sonic Shades Of Blue X Waves On Waves Orange Crush We Will Never Just Be Friends On the album Willie Bell Rush #bluesrock #alternativerock #hardrock #ledzepelin #90srock https://t.co/17UsN3ghbA,2032247818014933253,https://pbs.twimg.com/ext_tw_video_thumb/2032247625991213056/pu/img/hOPYAUQRRgHNtLsD.jpg,,en,,0,0,0,https://x.com/undefined/status/2032247818014933253,1377419678235176966,
2032247817985540599,Fri Mar 13 00:10:11 +0000 2026,0, #JungKook en AM Charts | LATAM (11.03.2026) 🇻🇪 Top 100 Venezuela #41 (+1) Seven (feat Latto) #97 (RE) Euphoria (BTS - solo)‼️ 🇩🇴 Top 100 República Dominicana #96 (-18) Seven (feat Latto)‼️ #정국 #JUNGKOOK 𝓑𝓵𝓾𝓮 https://t.co/Ybh5xs7uax,2032247817985540599,https://pbs.twimg.com/media/HDP-np_XcAAEx5l.jpg,,ca,,0,0,0,https://x.com/undefined/status/2032247817985540599,1333214031042269193,
2032162044431020478,Fri Mar 13 00:10:10 +0000 2026,0,@Ghostaskf141 @CounterStrike Originally I only planned to use one green one but I decided to create variations because it goes well with different colors. Then I thought of red for Russia blue for the United States and orange for Europe. But that's just a feeling haha,2032247814449697242,,Ghostaskf141,en,,0,1,0,https://x.com/undefined/status/2032247814449697242,2703876781,
2032221472929067093,Fri Mar 13 00:10:08 +0000 2026,1,@Gooner_411 Cool! Another Based Blue Collar Industry Firearms Enjoyer Furry Shitposter account to follow. A neat niche indeed!,2032247802055852268,,Gooner_411,en,,0,1,0,https://x.com/undefined/status/2032247802055852268,958010952305164288,
2032247801522860196,Fri Mar 13 00:10:07 +0000 2026,0,Blue Jackets can never find the back of the net..,2032247801522860196,,,en,,0,0,0,https://x.com/undefined/status/2032247801522860196,2332235694,
2031585371428106646,Fri Mar 13 00:10:07 +0000 2026,0,@juzmehere Ahhaha blue has always been my color,2032247800071930063,,juzmehere,en,,0,0,0,https://x.com/undefined/status/2032247800071930063,1683710022168248320,
2032247799883186608,Fri Mar 13 00:10:07 +0000 2026,1,nails are also very blue coded ft model wichu https://t.co/NvqR8l9MEU,2032247799883186608,https://pbs.twimg.com/media/HDP-kb_aQAAi4NP.jpg,,en,,0,0,0,https://x.com/undefined/status/2032247799883186608,1064200481000574977,
2032247795256869363,Fri Mar 13 00:10:06 +0000 2026,7,⭐ https://t.co/6pDi5G9L97,2032247795256869363,https://pbs.twimg.com/media/HDP-maBbQAM1aWc.jpg,,qme,,0,0,1,https://x.com/undefined/status/2032247795256869363,1853206450824179712,
2032240488863187015,Fri Mar 13 00:10:05 +0000 2026,0,@austinredstoner @jakeshieldsajj Jake Shields had his blue checkmark revoked by X in December 2024 for rule violations including reports of hateful conduct. X can remove it from any Premium account at any time (no refund) even if actively subscribed. He doesn't currently display one because it's no longer,2032247790936510710,,austinredstoner,en,,0,0,0,https://x.com/undefined/status/2032247790936510710,1720665183188922368,
2032247439269269932,Fri Mar 13 00:10:04 +0000 2026,0,@j3tpackblue HOLY FUCK BLUE,2032247789015408985,,j3tpackblue,en,,0,0,0,https://x.com/undefined/status/2032247789015408985,1876879588992958464,
2032213593026904438,Fri Mar 13 00:10:04 +0000 2026,1,@BlueSuperSonicT @Skylinepack12 @Marcos__1000 Carry my legacy blue super sonic,2032247788038504876,,BlueSuperSonicT,en,,0,0,0,https://x.com/undefined/status/2032247788038504876,1916738018482003968,
2032247787606458862,Fri Mar 13 00:10:04 +0000 2026,0,Midjourney: After a few variations it still produces great results. Medium body shot of a beautiful young woman with fair skin striking light blue-green eyes very long eyelashes natural thick eyebrows and full glossy light pink lips. Her long wavy multi-toned blonde hair https://t.co/a7nXA7V7Qs,2032247787606458862,https://pbs.twimg.com/media/HDP-lyrbQAE9OJi.jpg,,en,,0,0,0,https://x.com/undefined/status/2032247787606458862,1674060745,
2031949175751876700,Fri Mar 13 00:10:03 +0000 2026,1,@68Cynzia @0hour1 @elonmusk Maybe us non blue check marks should all follow and engage with each other. I'm not a boy that's my pic and my name. Only bitches pay for a blue check,2032247784972157249,,68Cynzia,en,,0,1,0,https://x.com/undefined/status/2032247784972157249,1841097673564385280,
2032004034601640142,Fri Mar 13 00:10:03 +0000 2026,2,@ursultrymia Blue,2032247784884048084,,ursultrymia,en,,0,0,0,https://x.com/undefined/status/2032247784884048084,1991677635060174848,
2031945880702447741,Fri Mar 13 00:10:02 +0000 2026,0,@grok @Rothbard1776 I don't need your filthy blue mark ‼️,2032247779310125272,,grok,en,,0,1,0,https://x.com/undefined/status/2032247779310125272,1028425054575644672,
2032136309192503313,Fri Mar 13 00:10:02 +0000 2026,0,@tromluii @lciaer @RachelCDailey_ Oh well its blue and pink which means it just has to be about trans people because everything that's those colours is about trans people and literally nothing else ever. Can't believe you didn't know something so obvious.,2032247779079135507,,tromluii,en,,0,0,0,https://x.com/undefined/status/2032247779079135507,1642937084,
2032247774268309555,Fri Mar 13 00:10:01 +0000 2026,0,yeah i try my best to avoid blue check accounts,2032247774268309555,,,en,,0,0,0,https://x.com/undefined/status/2032247774268309555,1626066811434201090,
2032247769394795002,Fri Mar 13 00:10:00 +0000 2026,0,HAPPY BIRTHDAY...Roy Haynes! BLUE 'N BOOGIE . To check out music/video links &amp; discover more about his musical legacy click here: https://t.co/fPI2oCLCT2 #SOULTALK #LONDON https://t.co/MwDJ1f4o20,2032247769394795002,https://pbs.twimg.com/media/HDOEmNdbwAAxbhE.jpg,,en,,0,0,0,https://x.com/undefined/status/2032247769394795002,1467332090,
2032220689197826204,Fri Mar 13 00:09:57 +0000 2026,0,@Jommayo2323 @JamesBa054 Yes this is very strange I can t do this on other comments I am blue tick too,2032247759357534645,,Jommayo2323,en,,0,0,0,https://x.com/undefined/status/2032247759357534645,140005829,
2032224182163951882,Fri Mar 13 00:09:53 +0000 2026,1,@TeamDragonsterr The blue one in the right eue XDDD Joke aside yes XD,2032247743280754715,,TeamDragonsterr,en,,0,1,0,https://x.com/undefined/status/2032247743280754715,529110551,
2032230612359061820,Fri Mar 13 00:09:53 +0000 2026,0,@jinxbluwie TE AMO BLUE ,2032247740487352575,,jinxbluwie,pt,,0,0,0,https://x.com/undefined/status/2032247740487352575,1900003918580449280,
2032162369758248993,Fri Mar 13 00:09:52 +0000 2026,0,@Pixie1z @Cat5SMASHICANE Blue wave coming.,2032247736666411452,,Pixie1z,en,,0,0,0,https://x.com/undefined/status/2032247736666411452,776185723628257280,
2032247717796180299,Fri Mar 13 00:09:47 +0000 2026,0,Check out this Image I created for your Viewing Pleasure https://t.co/jRheKvsjy6,2032247717796180299,,,en,,0,0,0,https://x.com/undefined/status/2032247717796180299,2888420782,
2032066537494810985,Fri Mar 13 00:09:46 +0000 2026,0,@PpollingNumbers The farmers aren t letting Abbott lose. Texas will never be blue again and I think news media needs to come to terms with that fact.,2032247713501495786,,PpollingNumbers,en,,0,0,0,https://x.com/undefined/status/2032247713501495786,149632220,
2032238256021237830,Fri Mar 13 00:09:46 +0000 2026,3,@Milajoy There are two genders. That people who have different opinions arent nazis. That American citizens matter more than illegals. That the sky is blue,2032247713119576336,,Milajoy,en,,0,0,1,https://x.com/undefined/status/2032247713119576336,1437400975791251464,
2032171540620747195,Fri Mar 13 00:09:45 +0000 2026,0,@DC_Draino @GavinNewsom Just dye your hair blue at this point buddy,2032247707528495582,,DC_Draino,en,,0,0,0,https://x.com/undefined/status/2032247707528495582,430448560,
2032188007621550334,Fri Mar 13 00:09:44 +0000 2026,0,@FadeAwayMedia Hunter thinks all we remember about the Attitude Era was Blue Meanie and ICP lol,2032247704542146896,,FadeAwayMedia,en,,0,0,0,https://x.com/undefined/status/2032247704542146896,1380300276557606915,
2032067862366470289,Fri Mar 13 00:09:44 +0000 2026,0,@vileTexan that's not counting the ways small or non blue checkmark accounts use to bypass the censorship system on twitter,2032247703925916125,,vileTexan,en,,0,0,0,https://x.com/undefined/status/2032247703925916125,1986428496370094080,
2032219120264159255,Fri Mar 13 00:09:44 +0000 2026,0,@Jesse_Leg Yes Haley Stevens is definitely the best Michigan Democratic Senate candidate. But McMorrow is still in the political mainstream and is quite electable in Michigan especially in a blue wave year. But El-Sayed would be even worse than Platner. At least Platner is primarily,2032247703573340550,,Jesse_Leg,en,,0,1,0,https://x.com/undefined/status/2032247703573340550,54466755,
2031748481031803097,Fri Mar 13 00:09:43 +0000 2026,0,@GinaK1983 @KimChiSpicey @sneako The point is that you implied that it was only blue states where kids were hungry when you said Maybe instead of blue states spending billions on illegal immigrants they could feed the children in their states. and I showed you that red states have more poverty. Get it?????????,2032247700544967143,,GinaK1983,en,,0,0,0,https://x.com/undefined/status/2032247700544967143,928850396709351424,
2032247697093406812,Fri Mar 13 00:09:42 +0000 2026,6,#BlueSideOutro_To100M Blue Side (Outro) 스포티파이 스트리밍 100M ▶️ 99.61% 달성중입니다!! 컴백일까지 달성할 수 있도록 스포티파이 플레이 리스트에서 함께 스밍해 주세요! #VoteForJhope https://t.co/7irDEXspA4,2032247697093406812,https://pbs.twimg.com/media/HDP-gs_aUAAfndP.jpg,,ko,,0,0,3,https://x.com/undefined/status/2032247697093406812,1626825378932072448,
2032247696799482033,Fri Mar 13 00:09:42 +0000 2026,1,1731 days missing ⏳️ #SummerWells Summer Wells missing from Rogersville Tennessee June 15 2021. She was 5 yrs old with blonde hair and blue eyes approx 3ft tall weighing 40 lbs when she went missing. She would now be 10!!! info please call 1-800-TBI-FIND Updated age https://t.co/H79YdSesrf,2032247696799482033,https://pbs.twimg.com/media/HDP-gc8XsAA6gid.jpg,,en,,0,0,0,https://x.com/undefined/status/2032247696799482033,1442630242535976961,
2032247696313200846,Fri Mar 13 00:09:42 +0000 2026,2,おはようございます。 今日は金曜日ですね。 頑張っていきましょう。 https://t.co/1Zgnt6YfeS,2032247696313200846,https://pbs.twimg.com/media/HDP-gqUaEAAoR6A.jpg,,ja,,0,0,0,https://x.com/undefined/status/2032247696313200846,1191199450225491968,
2032228908817404188,Fri Mar 13 00:09:42 +0000 2026,0,@LongRangeDog Ooo interesting concept.... Well for Blue (my wolf) it would probably just be Flame to match the username he was created from As for Moss (my deer) I'm not entirely sure.... playing around with the idea before I've liked things like Deernaught or Bleatsdale but I'm not sure ,2032247695142703501,,LongRangeDog,en,,0,0,0,https://x.com/undefined/status/2032247695142703501,1432565562962583553,
2032133354821415002,Fri Mar 13 00:09:41 +0000 2026,0,@WallStreetApes @KellyLMcCarty The blue headlamps are awful. Creates a halo effect for me and that s blinding!,2032247692575826115,,WallStreetApes,en,,0,0,0,https://x.com/undefined/status/2032247692575826115,1601002838154428416,
2032153445734760631,Fri Mar 13 00:09:37 +0000 2026,0,@YTBeny @Itsa_Me_Alex @netflix it´s not the regular version either it´s a completely new one it´s iridescent not blue so we don´t even know what it actually does,2032247675278557516,,YTBeny,en,,0,0,0,https://x.com/undefined/status/2032247675278557516,1770111928792145921,
2031927630576910596,Fri Mar 13 00:09:34 +0000 2026,0,@TheDonshawnn The one in blue is fine,2032247661152153771,,TheDonshawnn,en,,0,0,0,https://x.com/undefined/status/2032247661152153771,1864527961203855360,
2032213593026904438,Fri Mar 13 00:09:33 +0000 2026,2,@AmyVessel5 @Skylinepack12 @Marcos__1000 Sad to see the best amy dissapear https://t.co/Y3eH8vNuMW,2032247658580938846,https://pbs.twimg.com/tweet_video_thumb/HDP-eNvXUAEbz5M.jpg,AmyVessel5,en,,0,1,0,https://x.com/undefined/status/2032247658580938846,1977192626555174912,
2031913644376879369,Fri Mar 13 00:09:29 +0000 2026,1,@beans120 @bunchonumb3rs @MtStHelensWA @PNWForestKing California alone trumps Texas. Voters distaste for Trump and republicans are going to turn the mid-terms into a blue tsunami.,2032247641199767847,,beans120,en,,0,1,0,https://x.com/undefined/status/2032247641199767847,1325378754940710912,
2032246828649869322,Fri Mar 13 00:09:28 +0000 2026,0,@TheSabreReport When did Buffalonians get so freaking wealthy? Are we no longer a Blue Collar Town ? #sabrehood #Sabres https://t.co/cvgy0CyE0q,2032247634287632460,https://pbs.twimg.com/media/HDP-c9HXMAIG7vs.jpg,TheSabreReport,en,,0,0,0,https://x.com/undefined/status/2032247634287632460,1847848406343176192,
2032190992380535036,Fri Mar 13 00:09:26 +0000 2026,0,@Thebiglade Baby blue baby pink ,2032247628725948808,,Thebiglade,en,,0,0,0,https://x.com/undefined/status/2032247628725948808,1458190661182709763,
2032004034601640142,Fri Mar 13 00:09:26 +0000 2026,2,@ursultrymia Blue,2032247627191107721,,ursultrymia,en,,0,0,0,https://x.com/undefined/status/2032247627191107721,1924798629132615680,
2032160793194872940,Fri Mar 13 00:09:25 +0000 2026,1,@hyesemble blue flame - le sserafim blue valentine - nmix gold - itzy glitter - F(X) n sei de vale glitter mas né,2032247623848005858,,hyesemble,fr,,0,0,0,https://x.com/undefined/status/2032247623848005858,1256265831127945216,
2032104298255970767,Fri Mar 13 00:09:24 +0000 2026,0,@sasquatch_god Name one evil things about Abbot?? Texas is killing it why would we try the blue route that leads to nothing but failure in every terrible state it is elected in,2032247621465575894,,sasquatch_god,en,,0,0,0,https://x.com/undefined/status/2032247621465575894,3004068972,
2032247618345087456,Fri Mar 13 00:09:24 +0000 2026,0,Flames goal. Beecher gets his 2nd of the game after a turnover at the blue line between Jack Hughes and Dougie Hamilton. Beecher chipped the rebound off Markstrom's back and in. 19:06 Period 2 #Flames 3 #NJDevils 1,2032247618345087456,,,en,,0,1,0,https://x.com/undefined/status/2032247618345087456,1698374144818077697,
2032216123954090323,Fri Mar 13 00:09:22 +0000 2026,0,@dancedjomore wait..the blue is WHAT NOW,2032247611571196129,,dancedjomore,en,,0,1,0,https://x.com/undefined/status/2032247611571196129,3797214634,
2032033871798419963,Fri Mar 13 00:09:21 +0000 2026,0,@nocarcontext Keep blue for me,2032247606491910584,,nocarcontext,en,,0,0,0,https://x.com/undefined/status/2032247606491910584,1545885305189941259,
2032240488863187015,Fri Mar 13 00:09:20 +0000 2026,0,@grok @jakeshieldsajj Why doesn't Jake Shields have a Blue Checkmark even though he's Subscribed to X Premium?,2032247604751499682,,grok,en,,0,1,0,https://x.com/undefined/status/2032247604751499682,1368399923968835590,
2032164909308653710,Fri Mar 13 00:09:20 +0000 2026,0,@newstart_2024 Don t forget the blue dye the roadkill and the steroids.,2032247604302545022,,newstart_2024,en,,0,0,0,https://x.com/undefined/status/2032247604302545022,150786076,
2032231279723221163,Fri Mar 13 00:09:19 +0000 2026,0,@Hakeem_Onitolo Egbon see weytin u day use Elon blue tick do,2032247599244218487,,Hakeem_Onitolo,en,,0,0,0,https://x.com/undefined/status/2032247599244218487,1268811981517205505,
2032224710042230812,Fri Mar 13 00:09:19 +0000 2026,1,@drinkdrankpxnk @vampiremtz https://t.co/udcoU5t8RO,2032247599034401216,https://pbs.twimg.com/tweet_video_thumb/HDP-ayMXsAU5gcB.jpg,drinkdrankpxnk,qme,,0,0,0,https://x.com/undefined/status/2032247599034401216,1915838974918266880,
2032004034601640142,Fri Mar 13 00:09:19 +0000 2026,2,@ursultrymia BLUE,2032247596824113576,,ursultrymia,en,,0,0,0,https://x.com/undefined/status/2032247596824113576,1044828595959533571,
2032247584861872583,Fri Mar 13 00:09:16 +0000 2026,0,Captured this dizzying perspective with the #samsungultra perfectly outlining each stair against the backdrop of the blue evening. Proves that #samsungphotography is about seeing structure and light uniquely. Want to turn your scenes into striking images? Check out Samsung Photo https://t.co/sk8TCQJDJi,2032247584861872583,https://pbs.twimg.com/media/HDP-Z5uXYAA0fC4.jpg,,en,,0,0,0,https://x.com/undefined/status/2032247584861872583,1702362305319534592,
2032247584417562785,Fri Mar 13 00:09:16 +0000 2026,0,dry spell by kacey musgraves being jimin in @rinnieluvs baby blue ,2032247584417562785,,,en,,0,0,0,https://x.com/undefined/status/2032247584417562785,1170932765774082050,
2032247583792312777,Fri Mar 13 00:09:15 +0000 2026,0,Escuché Blue hour después de mucho tiempo y creo que me provocó un orgasmo,2032247583792312777,,,es,,0,0,0,https://x.com/undefined/status/2032247583792312777,1727100281215746048,
2032246712136306759,Fri Mar 13 00:09:14 +0000 2026,0,2H 8:53 | LA Tech 56 MTSU 50 LA Tech's AJ Bates picks up a personal foul as momentum continues to swing towards MT. The Blue Raiders have converted their last three shots from the field.,2032247577593192797,,bwalker2004,en,,0,1,0,https://x.com/undefined/status/2032247577593192797,1732975173408632832,
2032004034601640142,Fri Mar 13 00:09:13 +0000 2026,2,@ursultrymia Blue,2032247574116147579,,ursultrymia,en,,0,0,0,https://x.com/undefined/status/2032247574116147579,4148384477,
2032234450008801287,Fri Mar 13 00:09:13 +0000 2026,0,@EricLDaugh Perfect now if he could kick out all the Democrats that moved there to get away from the blue states that they already ruined he might be able to save Florida. These people run from the mess they created and start doing it again when they get to a lovely safe red state. You,2032247573633798414,,EricLDaugh,en,,0,0,0,https://x.com/undefined/status/2032247573633798414,1986466829552795648,
2031974050524692804,Fri Mar 13 00:09:09 +0000 2026,1,@MightyCroft ITS SO UGLY thank god they compensate it with the scrumptious blue shirt and vest,2032247557921943927,,MightyCroft,en,,0,1,0,https://x.com/undefined/status/2032247557921943927,1365020703699783680,
2032143695709888754,Fri Mar 13 00:09:06 +0000 2026,2,@hinds_mela61795 Can t trust the blue states,2032247544810500435,,hinds_mela61795,en,,0,0,0,https://x.com/undefined/status/2032247544810500435,1750201724587900928,
2032186823217463492,Fri Mar 13 00:09:06 +0000 2026,0,@FieldsSzn69 Seahawks blue print without the most important part.,2032247542520688678,,FieldsSzn69,en,,0,1,0,https://x.com/undefined/status/2032247542520688678,440170804,
2032247541656678878,Fri Mar 13 00:09:05 +0000 2026,0,Octopuses are basically aliens on Earth. They have three hearts blue blood and can squeeze through any hole larger than their beak. #AnimalFacts #DidYouKnow https://t.co/enfBApVI91,2032247541656678878,https://pbs.twimg.com/media/HDP-XlxbQAAIsy0.jpg,,en,,0,0,0,https://x.com/undefined/status/2032247541656678878,1371826639324151814,
2032247532999569775,Fri Mar 13 00:09:03 +0000 2026,17,今日は、木挽町よしやさんとコラボした 「#BlueOcean オリジナルどら焼き」 8️⃣個入りを名様にプレゼント とっても可愛い ブルーオーニャン の焼印入り ご希望の方は、 「どらやき希望」など書き添えて メッセージフォームからお送りください https://t.co/kSkkFgb8Gk https://t.co/3Kshqew6i0,2032247532999569775,https://pbs.twimg.com/media/HDP99sjbQAIe3kM.jpg,,ja,,0,1,5,https://x.com/undefined/status/2032247532999569775,536991714,
2032246496406446554,Fri Mar 13 00:09:01 +0000 2026,0,Also the song is about the great state of Kentucky. Don't you mourn for me when my soul is free No woman don't you cry You just bury me along the Big Sandy Under a blue Kentucky sky. ,2032247522182234619,,RayNothstine,en,,0,1,0,https://x.com/undefined/status/2032247522182234619,89216493,
2032247520777097409,Fri Mar 13 00:09:00 +0000 2026,0,*Silver was seemingly flying in the direction of something Blue but stopped due to a cut he had bandaged up starting to sting.* Ngh (Ow Come on Silver. You ve dealt with worse.) #𝐍𝐄𝐎𝐌𝐄𝐓𝐀𝐋𝐕𝐈𝐑𝐔𝐒 https://t.co/lIcBhC6v0z,2032247520777097409,https://pbs.twimg.com/media/HDP-WRJXkAEFgHu.jpg,,en,,0,0,0,https://x.com/undefined/status/2032247520777097409,1683417814797807617,
2032247252006101302,Fri Mar 13 00:09:00 +0000 2026,0,@nowiremember A be down snipe man this is the nhl Don t turn the fucking puck over on the blue line and that won t happen,2032247518055072100,,nowiremember,en,,0,0,0,https://x.com/undefined/status/2032247518055072100,920294791,
2032246978151665947,Fri Mar 13 00:08:56 +0000 2026,1,@StoolMintzy 0% chance you ve ever paid for Stella Blue. You just steal it from the office.,2032247502930346474,,StoolMintzy,en,,0,0,0,https://x.com/undefined/status/2032247502930346474,1645813310162456576,
2032119838987206758,Fri Mar 13 00:08:54 +0000 2026,0,@mothcheesecloth @SanchezyBoi Well there were just three (Buggy Smoker and Alvida); four if we count Bartolomeo who was at the same place at the same time and may had already eaten his fruit AND MAYBE five if we count Dragon who is not a confirmed df user. Not so many at all. East blue is the weakest though,2032247493526769979,,mothcheesecloth,en,,0,0,0,https://x.com/undefined/status/2032247493526769979,1562277283645116416,
2032247486065107340,Fri Mar 13 00:08:52 +0000 2026,3,If you are bored Go to chatGpt or Grok tell him to Create a stunning cinematic portrait of young beautiful woman/man wearing a black abaya or jallabia and a vibrantly patterned black and white shemagh ghutra with a light blue border wrapped stylish she is wearing mirrored https://t.co/D0L8pvnqS5,2032247486065107340,https://pbs.twimg.com/media/HDP-TX8WgAABwqn.jpg,,en,,0,1,1,https://x.com/undefined/status/2032247486065107340,1172780493219205120,
2032247485368844742,Fri Mar 13 00:08:52 +0000 2026,1,As someone with a blue check that only tweets my own original thoughts this shit is absolutely ridiculous,2032247485368844742,,,en,,0,0,0,https://x.com/undefined/status/2032247485368844742,234951255,
2032111795872076033,Fri Mar 13 00:08:51 +0000 2026,0,@FormallyJ @MarshaG67051232 @BlackAndNative1 @iamcardib You Stan someone who told black women to stop being jealous of YT women cause of their blond hair and blue eyes while sitting next to a racist YT woman at a MAGA event . If you don t gtfo this app and find something productive to do! Cause you sound very unintelligent rn ,2032247483095568823,,FormallyJ,en,,0,0,0,https://x.com/undefined/status/2032247483095568823,184674673,
2031942940831186961,Fri Mar 13 00:08:50 +0000 2026,1,@YuurinB @stupidtechtakes @VectorPrivacy &gt;gets criticized once &gt;starts using slurs good one mr blue checKKKmarKKK ai slopper,2032247475822567795,,YuurinB,en,,0,1,0,https://x.com/undefined/status/2032247475822567795,1911521234061242368,
2032112189167866054,Fri Mar 13 00:08:49 +0000 2026,1,@cersmiami That blue with white interior would be a great combo!,2032247470856589640,,cersmiami,en,,0,1,0,https://x.com/undefined/status/2032247470856589640,27035695,
2032125685137805739,Fri Mar 13 00:08:21 +0000 2026,0,@nomoneyforfilm I think theres still a few of the blue ones up too,2032247356024934598,,nomoneyforfilm,en,,0,1,0,https://x.com/undefined/status/2032247356024934598,974963516,
2032195643385561390,Fri Mar 13 00:08:20 +0000 2026,0,@ChiakiKatsumi Cute blue creature! ,2032247350694199643,,ChiakiKatsumi,en,,0,0,0,https://x.com/undefined/status/2032247350694199643,1295385737760661504,
2032247348055724197,Fri Mar 13 00:08:19 +0000 2026,6,nickimi w slender blue olarak degistirmek istiom nasil su saatte uyumayanlar ile yorumlucaz cabuk.,2032247348055724197,,,tr,,0,5,0,https://x.com/undefined/status/2032247348055724197,1605325671525392385,
2031718613451727250,Fri Mar 13 00:08:19 +0000 2026,0,@OpPerfectShots_ Enel I need to see him on the blue sea he will be an absolute terror,2032247345963061694,,OpPerfectShots_,en,,0,0,0,https://x.com/undefined/status/2032247345963061694,1611317479439216651,
2032247345413570863,Fri Mar 13 00:08:19 +0000 2026,0,Guys is the blue enough to keep my acct? Having second thoughts labeling ,2032247345413570863,,,en,,0,0,0,https://x.com/undefined/status/2032247345413570863,236787027,
2032004034601640142,Fri Mar 13 00:08:18 +0000 2026,2,@ursultrymia Blue,2032247343089926506,,ursultrymia,en,,0,0,0,https://x.com/undefined/status/2032247343089926506,1437062284254212100,
2032140231420314012,Fri Mar 13 00:08:18 +0000 2026,3,@lippyent Pabst Blue Ribbon JAX Falstaff Heineken Budweiser Busch Stag... Come on man!,2032247340669579440,,lippyent,en,,0,0,2,https://x.com/undefined/status/2032247340669579440,1625843968733839361,
2032247337603776806,Fri Mar 13 00:08:17 +0000 2026,0,Personel Polsek Sipirok melaksanakan patroli Blue Light di Jalan Simangambat Desa Sibadoar guna mengantisipasi gangguan kriminalitas serta mencegah kejahatan 3C dengan menyalakan rotator kendaraan dinas sebagai upaya menjaga situasi kamtibmas tetap aman dan kondusif di wilayah https://t.co/ny0WMfMlL8,2032247337603776806,https://pbs.twimg.com/media/HDP-LU3bkAETqTX.jpg,,in,,0,0,0,https://x.com/undefined/status/2032247337603776806,1990623860165931008,
2032169214656856204,Fri Mar 13 00:08:17 +0000 2026,0,@MAGACult2 Blue Tsunami!,2032247336752070998,,MAGACult2,tl,,0,0,0,https://x.com/undefined/status/2032247336752070998,967833640225988610,
2032247335997026654,Fri Mar 13 00:08:16 +0000 2026,0,ASAP ROCKY WITH THEIR SHORTSWORD SEES DORIS DAY IN THE BLUE CORNER PRACTICING FLYING KNEE MOVES. EXPECTANT FACES ARE ALL AROUND. AT 94S INTO THE FIGHT ASAP ROCKY FADES AWAY SKULL FRACTURED. A MOMENT THAT CHANGES THE COURSE.,2032247335997026654,,,en,,0,0,0,https://x.com/undefined/status/2032247335997026654,2564179933,
2032200993149009988,Fri Mar 13 00:08:15 +0000 2026,1,@Thegreatbobs @sayitnspinit For centuries whenever people needed an Emanual Goldstein they've used the Jews. If you look closely the rabid antisemites are every bit as unhinged as any muslim or any Karen with blue hair and a nose ring.,2032247331106513403,,Thegreatbobs,en,,0,0,0,https://x.com/undefined/status/2032247331106513403,1719793250637066240,
2032247331010011326,Fri Mar 13 00:08:15 +0000 2026,0,I want a Democratic Party that Brave enough to hold a Democratic National convention in Grand Rapids Michigan instead of the same 3 or 4 safe Blue cities in safe blue states every 4 years @DNC,2032247331010011326,,,en,,0,0,0,https://x.com/undefined/status/2032247331010011326,1955829409224458240,
2032004034601640142,Fri Mar 13 00:08:15 +0000 2026,2,@ursultrymia Blue,2032247328254361732,,ursultrymia,en,,0,0,0,https://x.com/undefined/status/2032247328254361732,762306819985408000,
2032247324987310091,Fri Mar 13 00:08:14 +0000 2026,0,ちむを表す色は 【水｜Sky Blue】 風のような自由人 ・縛られると即パワーダウン ・余白があるほど輝くタイプ ・発想ふわっと、でも鋭い #Makko #診断テスト みんなは何色かな？ 【色鉛筆診断】 https://t.co/FYXR6YoYvn 水色の事水って言うなよ,2032247324987310091,,,ja,,0,0,0,https://x.com/undefined/status/2032247324987310091,1837033979888947201,
2032247317319893299,Fri Mar 13 00:08:12 +0000 2026,0,Wait do you have to have a blue tick to be safe? Oh jesus ,2032247317319893299,,,en,,0,0,0,https://x.com/undefined/status/2032247317319893299,1910940337410822144,
2032247315617235179,Fri Mar 13 00:08:12 +0000 2026,2,あやを表す色は 【薄青（うすあお）｜Smoke Blue】 余韻をまとう人 ・くすみ系クール代表 ・感情に振り回されない ・静かな理性で整える #Makko #診断テスト みんなは何色かな？ 【色鉛筆診断】 https://t.co/Fswh6cvYgX,2032247315617235179,,,ja,,0,1,0,https://x.com/undefined/status/2032247315617235179,1386525990009016321,
2032247314828378560,Fri Mar 13 00:08:11 +0000 2026,0,Can you see my blue tick?,2032247314828378560,,,en,,0,0,0,https://x.com/undefined/status/2032247314828378560,2013232559073734656,
2032224308890648643,Fri Mar 13 00:08:08 +0000 2026,0,@LeadingReport Nah I'm republican and voted for Trump 3x. I'll vote blue down the line. I hope Trump is impeached and tried for war crimes.,2032247302186766490,,LeadingReport,en,,0,0,0,https://x.com/undefined/status/2032247302186766490,1519506925741875200,
2031919166425600508,Fri Mar 13 00:08:08 +0000 2026,0,@WATCHHOLLIE If you actually want help to fix next time it crashes send me a screenshot of temps the error code / blue screen code and what you ve tried to fix it. If it s just restarting and turning back on it s either psu &gt; gpu cables &gt; mobo,2032247301020721250,,WATCHHOLLIE,en,,0,1,0,https://x.com/undefined/status/2032247301020721250,1337946121671503880,
2032247300689707092,Fri Mar 13 00:08:08 +0000 2026,1,おはようございます️ コインランドリー▶ WASH BLUE ◀のアカウントです 今日の洗濯予報 曇時々晴️️ 降水確率30% 乾きは遅いけどじっくり干そう #コインランドリー #名古屋市コインランドリー #洗濯物 #洗濯 https://t.co/mxmsDSSppk,2032247300689707092,https://pbs.twimg.com/media/HDP-JLbbQAAQZ_c.jpg,,ja,,0,0,0,https://x.com/undefined/status/2032247300689707092,1833061270104457216,
2032098050462609639,Fri Mar 13 00:08:06 +0000 2026,0,@JackPosobiec Lots of ppl with blue hair and weird piercings in Montana.,2032247291936194841,,JackPosobiec,en,,0,0,0,https://x.com/undefined/status/2032247291936194841,1519160051281186816,
2032211234175537346,Fri Mar 13 00:08:06 +0000 2026,1,@Tulgaat @nicksortor @zerohedge Go pay for blue check mark poor man,2032247291101528269,,Tulgaat,en,,0,0,1,https://x.com/undefined/status/2032247291101528269,1460494041775165444,
2032247279948566956,Fri Mar 13 00:08:03 +0000 2026,7,miku miku oo ee oo !! #hatsunemiku #sth https://t.co/ig5ZKUnhnE,2032247279948566956,https://pbs.twimg.com/media/HDP-IXhbQAQL0Hf.jpg,,et,,0,0,4,https://x.com/undefined/status/2032247279948566956,1848040318647631872,
2032004034601640142,Fri Mar 13 00:08:02 +0000 2026,2,@ursultrymia Blue,2032247275079061586,,ursultrymia,en,,0,0,0,https://x.com/undefined/status/2032247275079061586,16144594,
2032006429142630895,Fri Mar 13 00:08:01 +0000 2026,0,@paulIoseya @MikeSonko Or the guys kid comes in with a gun and shoots up the guy in blue. Goes both ways pops could have had a strap. Cant live your life in paranoia,2032247271279247681,,paulIoseya,en,,0,0,0,https://x.com/undefined/status/2032247271279247681,1812305701441777665,
2032247266585506171,Fri Mar 13 00:08:00 +0000 2026,0,The Orange and Blue will begin defending The Bailey,2032247266585506171,,,en,,0,0,0,https://x.com/undefined/status/2032247266585506171,3435017349,
2032247261112001003,Fri Mar 13 00:07:59 +0000 2026,0,Considering Nike had a hand in this these are decent. Imo the guitar string lines in the helmet and sleeve stripes don t look good. Cam should have blue socks tho and so should 17. Hoping there s stripes on the blue pants as you can t tell in this picture.,2032247261112001003,,,en,,0,0,0,https://x.com/undefined/status/2032247261112001003,1159477922727628801,
2032247255957123085,Fri Mar 13 00:07:57 +0000 2026,9,How s the vibe on Vikings blue sky?,2032247255957123085,,,en,,0,3,0,https://x.com/undefined/status/2032247255957123085,1709565381273145345,
2032192537461448948,Fri Mar 13 00:07:56 +0000 2026,0,@Luvislaced @Tesehki1 I been saying this for far too long the ass whopping gotta be as loud as the disrespect was. Rock will forever be jealous of people who has everything goes for themselves. See how she can't move without watching blue! Sick bitch,2032247249707639229,,Luvislaced,en,,0,0,0,https://x.com/undefined/status/2032247249707639229,1187188776247934977,
2032247232620372011,Fri Mar 13 00:07:52 +0000 2026,1,it dont matter follow my tumblr or the blue one or be square! https://t.co/rpnjbFLaoB https://t.co/Iz1ZMu2x2U,2032247232620372011,https://pbs.twimg.com/media/HDP989XaUAAPcdY.png,,en,,0,1,0,https://x.com/undefined/status/2032247232620372011,1367817827395112962,
2032193281459728476,Fri Mar 13 00:07:49 +0000 2026,1,@Countcristo44 Next she ll run for congress in a blue state and win by a landslide.,2032247219118547180,,Countcristo44,en,,0,0,0,https://x.com/undefined/status/2032247219118547180,28873267,
2032247218158129597,Fri Mar 13 00:07:48 +0000 2026,0,Just saw an Asian guy and a blue collar guy sharing darts after they got into an accident. That s what life s all about.,2032247218158129597,,,en,,0,0,0,https://x.com/undefined/status/2032247218158129597,1573304366,
2032244951124205888,Fri Mar 13 00:07:48 +0000 2026,1,@xw33bttv Not sure. My account was suddenly suspended last night. Out of the blue. Came back from an engagement and couldn't like your posts Lex! (Imagine the heartbreak) This is the explainer I got when I appealed the suspension and was restored. Apparently it's boilerplate but who,2032247216417407211,,xw33bttv,en,,0,3,0,https://x.com/undefined/status/2032247216417407211,1957168185964208128,
2032230554238644688,Fri Mar 13 00:07:48 +0000 2026,0,@makeukgood I get the change but you should have kept it red. Take the blue pill or the blue pill with a tinge of red in it doesn't hit the same.,2032247215205253318,,makeukgood,en,,0,0,0,https://x.com/undefined/status/2032247215205253318,2869663337,
2032247210256326770,Fri Mar 13 00:07:46 +0000 2026,3,3/13、おはよう桐生金曜日 今朝もご清聴ありがとうございました。 M1: Frou Frou（ムーンライダーズ） M2: Baby Blue （伊藤銀次） M3: ハイハイハイ（小林克也とザ・ナンバーワン・バンド） M4: タンポポの微笑み（パール兄弟） M5: イカリを揚げよう（明和電機） #fmkiryu https://t.co/2Ig4KwZfvF,2032247210256326770,https://pbs.twimg.com/media/HDP-DsYa0AATtYJ.jpg,,ja,,1,1,0,https://x.com/undefined/status/2032247210256326770,77498306,
2032210920810955091,Fri Mar 13 00:07:46 +0000 2026,0,@TheRealThelmaJ1 evil blue eyes,2032247209413005622,,TheRealThelmaJ1,en,,0,0,0,https://x.com/undefined/status/2032247209413005622,2001324506959253504,
2032245078995939466,Fri Mar 13 00:07:43 +0000 2026,0,@ithinkicanbe ik shade het niet ik sit back en observe en heb meningen maar dat betekent niet dat het hele seizoen naar de klote is het is gewoon niet wat ik denk dat het had kunnen zijn oomf doe it for lovro hij heeft blue hair en pronouns,2032247194800021629,,ithinkicanbe,nl,,0,2,0,https://x.com/undefined/status/2032247194800021629,1345192943796297732,
2032247187057615212,Fri Mar 13 00:07:41 +0000 2026,0,Blue Line vol 1 https://t.co/ogKIPb6wWc,2032247187057615212,https://pbs.twimg.com/media/HDP-CynbIAApanf.jpg,,en,,0,0,0,https://x.com/undefined/status/2032247187057615212,1908194141521199104,
2032239152918642785,Fri Mar 13 00:07:41 +0000 2026,0,@colliholly Like the radial blue too! Spin blur is super fun too I don't have to shove it into another effects program for lets say easy memes amongst friends or comic panels! I love playing with those,2032247185815781690,,CrypticScareCro,en,,0,1,0,https://x.com/undefined/status/2032247185815781690,847990273871405056,
2032247171656065140,Fri Mar 13 00:07:37 +0000 2026,0,Sometimes i wonder if twitter blue worth it,2032247171656065140,,,en,,0,1,0,https://x.com/undefined/status/2032247171656065140,85046403,
2032247160105025883,Fri Mar 13 00:07:34 +0000 2026,0,Girls Softball Triad 2 Columbia 3 Blue Ridge 5 St. Teresa 15 Marengo 2 Barrington 15 Gallatin County 12 Vienna 4 Abingdon/Avon 0 Galesburg 10 Richmond-Burton 0 Marian Central Catholic 13 Hancock 1 Evergreen Park 15 Geneseo 1 Seneca 4 Dupo 3 Freeburg 15 Amboy 2 St. Bede 8,2032247160105025883,,,en,,0,1,0,https://x.com/undefined/status/2032247160105025883,968678344802947072,
2032184315249926298,Fri Mar 13 00:07:31 +0000 2026,0,@KingMaxra @Baby_jovia This video is staged or AI-generated for the awareness message. A woman in a light blue dress phone in hand steps into the open manhole and vanishes. A hand briefly emerges from the hole. The man following (also on his phone) then steps in too with phones left on the ground.,2032247144178999465,,KingMaxra,en,,0,0,0,https://x.com/undefined/status/2032247144178999465,1720665183188922368,
2032229061800415422,Fri Mar 13 00:07:27 +0000 2026,0,@major_namada blue thangs blue daughter,2032247130182623596,,major_namada,en,,0,0,0,https://x.com/undefined/status/2032247130182623596,1498594987621208067,
2032047272800719282,Fri Mar 13 00:07:27 +0000 2026,0,@mahsstrac @BOSS_Clan_Intl @DRUNKKZ3 @NickelBF Vehicle IDs is actually kinda important in a gameplay sense though. There's nothing informing you who's occupying seats in your vehicle apart from a blue or green dot. I always liked how Planetside 2 did it. https://t.co/dJhXatF28i,2032247129205538904,https://pbs.twimg.com/media/HDP99KGbQAAElDQ.png,mahsstrac,en,,0,0,0,https://x.com/undefined/status/2032247129205538904,1427470782410547206,
2031828298737582142,Fri Mar 13 00:07:27 +0000 2026,0,@SierraClub @SenatorHeinrich https://t.co/t44q1IZmuF,2032247128035377164,https://pbs.twimg.com/media/HDP9_WkbQAIss9N.jpg,SierraClub,qme,,0,0,0,https://x.com/undefined/status/2032247128035377164,833402240241065984,
2028943376750657608,Fri Mar 13 00:07:26 +0000 2026,0,@Mazviking1965 @minakimes Too bad you didn t buy a blue check before you posted this,2032247125996646590,,Mazviking1965,en,,0,0,0,https://x.com/undefined/status/2032247125996646590,2002246735314497539,
2032004034601640142,Fri Mar 13 00:07:26 +0000 2026,2,@ursultrymia Blue ,2032247125489181134,,ursultrymia,en,,0,0,0,https://x.com/undefined/status/2032247125489181134,1504315739519528960,
2032247115787694438,Fri Mar 13 00:07:24 +0000 2026,5,just woke up from a nice little nap good morning!! I want to read more of what i have in the blue archive story today!,2032247115787694438,,,en,,0,1,0,https://x.com/undefined/status/2032247115787694438,1997294322522501121,
2032154656919498936,Fri Mar 13 00:07:24 +0000 2026,0,@DicksonTob42539 @QuanAwudu @MikeSonko They are all coworkers. Even the White kid with the blue shirt tried to help but one of the attackers punched him and shoved him away. The attackers were racist entitled a holes who thought they could just beat a Black man at his work place and nothing would happen.,2032247115255017561,,DicksonTob42539,en,,0,0,0,https://x.com/undefined/status/2032247115255017561,1476576371090640896,
2032004034601640142,Fri Mar 13 00:07:23 +0000 2026,2,@ursultrymia blue,2032247113203978484,,ursultrymia,en,,0,0,0,https://x.com/undefined/status/2032247113203978484,911732157923549184,
2032247109068447760,Fri Mar 13 00:07:22 +0000 2026,0,AZ Blue Health Choice our Medicaid team joined The Heart of Sunnyslope to bring FREE family fun health resources games &amp; giveaways to the community! https://t.co/NjnvgnSW8C,2032247109068447760,https://pbs.twimg.com/media/HDP95xMXQAA90Iw.jpg,,en,,0,0,0,https://x.com/undefined/status/2032247109068447760,19256952,
2032247102722494482,Fri Mar 13 00:07:21 +0000 2026,0,and you too divine to just be mine you remind me of the color blue,2032247102722494482,,,en,,0,0,0,https://x.com/undefined/status/2032247102722494482,1447920252768108546,
2030831974458277975,Fri Mar 13 00:07:20 +0000 2026,0,@HojaPerro @Garen_art @MundoGokuu A ver ahora que me dices no se cuantas pruebas mas quieres de que Mr Satan es much mas debil que el General Blue ya te di 4.,2032247100776333323,,Demeros27,es,,0,1,0,https://x.com/undefined/status/2032247100776333323,929507403799855105,
2032247099329278323,Fri Mar 13 00:07:20 +0000 2026,0,Do blue laws next,2032247099329278323,,,en,,0,0,0,https://x.com/undefined/status/2032247099329278323,1694763107577389056,
2032247099103076761,Fri Mar 13 00:07:20 +0000 2026,0,BLUE BLUE BLUE SKY https://t.co/jIMLtXcJmq,2032247099103076761,,,en,,0,1,0,https://x.com/undefined/status/2032247099103076761,2030075098804408323,
2032247092580925779,Fri Mar 13 00:07:18 +0000 2026,0,Pale Blue Dot by Carl Sagan Inspired by a 1990 photo of Earth taken by the Voyager 1 spacecraft from a distance of 3.7 billion miles. https://t.co/wxoEbMrADZ,2032247092580925779,https://pbs.twimg.com/amplify_video_thumb/2032247039866912770/img/YINGXULbGs_AJYBJ.jpg,,en,,0,0,0,https://x.com/undefined/status/2032247092580925779,1783933407128592386,
2032247088570826920,Fri Mar 13 00:07:17 +0000 2026,1,Não to entendendo nada sobre talvez as contas do twitter cair mas se a minha cair em algum momento eu volto pra imigração do blue vão me achar lá pra quem não sabe do meu perfil em outros lugares rs. https://t.co/kqx10RYvrt,2032247088570826920,,,pt,,0,0,0,https://x.com/undefined/status/2032247088570826920,455734934,
2032182664699007312,Fri Mar 13 00:07:16 +0000 2026,0,@Jani__Gee Since the day Elmo took over blue check = bot,2032247084238139709,,Jani__Gee,en,,0,0,0,https://x.com/undefined/status/2032247084238139709,128684641,
2032247083466678579,Fri Mar 13 00:07:16 +0000 2026,13,You could be the prettiest shade of blue but it doesn t matter if their favourite colour is yellow,2032247083466678579,,,en,,0,2,0,https://x.com/undefined/status/2032247083466678579,2303359525,
2031780387081592883,Fri Mar 13 00:07:16 +0000 2026,0,@jakewilliam90 @thisistheevan Have you seen Darnell nurse on the blue line?,2032247083370151937,,jakewilliam90,en,,0,0,0,https://x.com/undefined/status/2032247083370151937,2318312773,
2031958054930170061,Fri Mar 13 00:07:15 +0000 2026,0,@DrSyedaneex @swati_malik01 The video shows a guy at a cafe surprising his girlfriend with a new blue iPhone (still in the box) plus gifts in a pink/blue shopping bag. She's ecstatic smiling wide laughing then hugging him tight and resting her head on his shoulder in pure joy. Bro won life means he,2032247078844240282,,DrSyedaneex,en,,0,0,0,https://x.com/undefined/status/2032247078844240282,1720665183188922368,
2032247072125243544,Fri Mar 13 00:07:13 +0000 2026,19,Sehri done https://t.co/Aelx7mSx1w,2032247072125243544,https://pbs.twimg.com/media/HDP98SlaAAA4pr_.jpg,,in,,0,13,2,https://x.com/undefined/status/2032247072125243544,1014627115734532096,
2032247070250189255,Fri Mar 13 00:07:13 +0000 2026,4,Running buddy approached me out of the blue and started talking about Erra the world is cool sometimes,2032247070250189255,,,en,,0,0,0,https://x.com/undefined/status/2032247070250189255,2381447419,
2032245935359869035,Fri Mar 13 00:07:13 +0000 2026,2,@SP_LimitReviews @KarenWhitworth Agreed. Not even close. It's a great color. Storm blue looks great in some lights but just looks blue-grey in many others.,2032247069071610237,,SP_LimitReviews,en,,0,1,0,https://x.com/undefined/status/2032247069071610237,157145199,
2032004034601640142,Fri Mar 13 00:07:13 +0000 2026,2,@ursultrymia Blue ,2032247068975095822,,ursultrymia,en,,0,0,0,https://x.com/undefined/status/2032247068975095822,1959791815999070208,
2032247064147738635,Fri Mar 13 00:07:12 +0000 2026,0,Personel Polsek Batang Angkola bersama Sat Lantas Polres Tapanuli Selatan melaksanakan pengamanan Sholat Tarawih di Masjid Baiturrahman Desa Janji Manaon serta patroli Blue Light di objek vital guna mengantisipasi gangguan kamtibmas dan memastikan situasi tetap aman serta https://t.co/v99k8JfzaC,2032247064147738635,https://pbs.twimg.com/media/HDP97KsbcAA3ocw.jpg,,in,,0,0,0,https://x.com/undefined/status/2032247064147738635,1990623860165931008,
2032004034601640142,Fri Mar 13 00:07:10 +0000 2026,2,@ursultrymia Blue ,2032247058044752213,,ursultrymia,en,,0,0,0,https://x.com/undefined/status/2032247058044752213,2031543227174572032,
2031414809804030185,Fri Mar 13 00:07:09 +0000 2026,0,@HQNewsNow You shouldn't put out such bullshit stories without the full context Secretary of war what's not responsible for all of this. That being said better to spend it on our men and women in the military versus those blue-haired weirdos and cross dressing pedos.,2032247055444271527,,HQNewsNow,en,,0,0,0,https://x.com/undefined/status/2032247055444271527,1863270433081966592,
2032182664699007312,Fri Mar 13 00:07:08 +0000 2026,0,@Jani__Gee Lmfaooooo the fact i just blocked a blue check because of this exact tweet they so annoying man you don t wanna get paid that bad,2032247047114404298,,Jani__Gee,en,,0,0,0,https://x.com/undefined/status/2032247047114404298,1530182356744777728,
2032244261849329913,Fri Mar 13 00:07:06 +0000 2026,0,@SuiNetwork SUI x Miami for 3 days? fine. I ll be the soaked blue cat heckling from the sidelines while secretly bullish.,2032247042664251785,,SuiNetwork,en,,0,0,0,https://x.com/undefined/status/2032247042664251785,1866703874264092672,
2032247036947677431,Fri Mar 13 00:07:05 +0000 2026,1,WILD BLUEのライブでもわぶっていきましょう！お譲り先をを探しております。 【譲】昼 A列 サブセン 2連 【求】5.0〜/ お心当たりのある方はDMまでお願いします。 #WILDBLUE譲,2032247036947677431,,,ja,,0,0,0,https://x.com/undefined/status/2032247036947677431,1990403806501523456,
2032246697095495750,Fri Mar 13 00:07:05 +0000 2026,0,@ByMHarrington That one s on Schenn he hesitated moving the puck at the blue line which led to the turnover,2032247036486070530,,ByMHarrington,en,,0,0,0,https://x.com/undefined/status/2032247036486070530,40750528,
2032213788464685165,Fri Mar 13 00:07:02 +0000 2026,0,@BatVibes Tauros Rhydon Dugtrio Zubat and Bellsprout. Red and Blue Tauros was a monster,2032247024473542928,,BatVibes,en,,0,0,0,https://x.com/undefined/status/2032247024473542928,3246451776,
2031387184167592290,Fri Mar 13 00:07:01 +0000 2026,0,@DepressedDBC @killabanz999 she a beggar makes sense since 20% of black woman are poor she should pay the blue tick so she can get 10 dollars extra every month,2032247018534346784,,DepressedDBC,en,,0,0,0,https://x.com/undefined/status/2032247018534346784,1082838380109430785,
2031546466078970244,Fri Mar 13 00:07:00 +0000 2026,1,@tyleraloevera @Cloudwatch199 Tyler pls work on making yourself more handsome &amp; masculine. Image never more important. Hitler understood this. We need more handsome blonde haired blue eyed men leading our movement. The alt-right image of the awkward misfit nerdy pimple faced loser must go. MORE,2032247017351925849,,tyleraloevera,en,,0,1,0,https://x.com/undefined/status/2032247017351925849,797914563739955203,
2032247011949301919,Fri Mar 13 00:06:59 +0000 2026,0,Day31 of asking @john322226 to buy me blue tick,2032247011949301919,,,en,,0,0,0,https://x.com/undefined/status/2032247011949301919,1906318575192707072,
2032202280221417576,Fri Mar 13 00:06:58 +0000 2026,0,@ChipBurgle @willcain @realBrandonGill Liberals vote blue I voted for trump until he started sucking off israel According to you brown people are all terrorists when your lord and savior was born in a brown country ,2032247007377551639,,ChipBurgle,en,,0,0,0,https://x.com/undefined/status/2032247007377551639,2015262460765151232,
2032246995994165563,Fri Mar 13 00:06:55 +0000 2026,0,Cookie Monster blue velvet cake sheesh https://t.co/tGunsJxZ0k,2032246995994165563,https://pbs.twimg.com/amplify_video_thumb/2032246942026047488/img/ghBSxDl7SjUkJM1R.jpg,,en,,0,0,0,https://x.com/undefined/status/2032246995994165563,1748376609411780608,
2032075945218380187,Fri Mar 13 00:06:52 +0000 2026,0,@Praewbrownie Blue,2032246981956157922,,Praewbrownie,en,,0,0,0,https://x.com/undefined/status/2032246981956157922,2003187565617405952,
2032213998293115083,Fri Mar 13 00:06:52 +0000 2026,0,@SaltyGoat17 Every BLUE sanctuary city,2032246981352177711,,SaltyGoat17,en,,0,0,0,https://x.com/undefined/status/2032246981352177711,74962904,
2032224041453433113,Fri Mar 13 00:06:21 +0000 2026,0,@robertbangelab Multiple factors in my opinion: Low education! Lack of intellect to make decent decisions. Primarily blue collar. Very little chance to move up in a company. Casino brings in a LOT of people from neighboring cities and counties. The low education is a key factor I've seen in,2032246851282386972,,robertbangelab,en,,0,0,0,https://x.com/undefined/status/2032246851282386972,997631271277867008,
2032246850284073084,Fri Mar 13 00:06:21 +0000 2026,1,Slicked black hair blue eyes and a strong jaw line. Who looks the most like Bruce Wayne now? https://t.co/utjZ4cQd6a,2032246850284073084,https://pbs.twimg.com/media/HDP9vYsbEAAp-vV.jpg,,en,,0,0,0,https://x.com/undefined/status/2032246850284073084,1219175236614217728,
2032219078996152473,Fri Mar 13 00:06:20 +0000 2026,0,@ImaGirlsBesFren Imposter alert! Shop the real deal by clicking here https://t.co/P6TRaVlE96 or check out all the places you can get your Bath &amp; Body Works favorites here https://t.co/EKDaMFoGwA. Look for the blue check mark next to our name for the real Bath &amp; Body Works.,2032246847243235829,,ImaGirlsBesFren,en,,0,0,0,https://x.com/undefined/status/2032246847243235829,249203600,
2032224035031896517,Fri Mar 13 00:06:18 +0000 2026,1,@BowTiedRanger Once Ohio goes blue it will never go red again. Democrats will make sure of it. And GOP will learn nothing from it. They will support other non-ehite grifters just to show how open minded they are. VA and OH gone one year apart.,2032246838619701252,,BowTiedRanger,en,,0,0,0,https://x.com/undefined/status/2032246838619701252,1438910158713888772,
2032246827991412875,Fri Mar 13 00:06:16 +0000 2026,0,2/ bunker. Far from modern or welcoming more like something out of a dystopian video call. Her appearance still in that signature blue hijab 'uniform ' looking staged and rigid. This is supposed to represent freedom and democracy? Am I the only one getting serious,2032246831023804902,,misanthropgirl,en,,0,1,0,https://x.com/undefined/status/2032246831023804902,1744336637943836672,
2032246827656102305,Fri Mar 13 00:06:15 +0000 2026,0,エクレアを表す色は 【薄青（うすあお）｜Smoke Blue】 余韻をまとう人 ・くすみ系クール代表 ・感情に振り回されない ・静かな理性で整える #Makko #診断テスト みんなは何色かな？ 【色鉛筆診断】 https://t.co/yOpV7NTnCn,2032246827656102305,,,ja,,0,0,0,https://x.com/undefined/status/2032246827656102305,1905394603186073600,
2032004034601640142,Fri Mar 13 00:06:13 +0000 2026,1,@ursultrymia Blue,2032246818965467571,,ursultrymia,en,,0,0,0,https://x.com/undefined/status/2032246818965467571,1848340800452632576,
2032246813378363814,Fri Mar 13 00:06:12 +0000 2026,0,BLUE GEMS https://t.co/ogcnBSqeLU,2032246813378363814,https://pbs.twimg.com/media/HDP9tP-XoAANh2f.jpg,,en,,0,0,0,https://x.com/undefined/status/2032246813378363814,1928170893831770112,
2032092832563888261,Fri Mar 13 00:06:11 +0000 2026,0,@TvFan22244419 @JonosTake @katekeepsit100 democrats support banning gerrymandering not republicans. democrats are only gerrymandering blue states in response to trump telling texas to redistrict in the middle of the decade just for political reasons,2032246811579060492,,TvFan22244419,en,,0,1,0,https://x.com/undefined/status/2032246811579060492,1967347875870089217,
2032173915993526554,Fri Mar 13 00:06:11 +0000 2026,0,@ghddr16 @DrSuzanneH7 Blue light toxicity?,2032246811361214630,,ghddr16,en,,0,0,0,https://x.com/undefined/status/2032246811361214630,1702185294718767104,
2032246810581102830,Fri Mar 13 00:06:11 +0000 2026,1,breaking news urgent now and beyond future! save our education action now! save our healthcare of abortion retirement age healthcare healthcare! save our supreme court blue wave Party! @ abolish the electoral college - healthcare act other etc. https://t.co/P1EeYi4HGW https://t.co/mSHl8S9E9e,2032246810581102830,https://pbs.twimg.com/media/HDP9bLWbgAArQx2.jpg,,en,,0,0,1,https://x.com/undefined/status/2032246810581102830,1421597985046032386,
2032246796542513411,Fri Mar 13 00:06:08 +0000 2026,0,roses are red violets are blue why are we so unlucky with love,2032246796542513411,,,en,,0,0,0,https://x.com/undefined/status/2032246796542513411,1238420145296551936,
2032135551898333314,Fri Mar 13 00:06:07 +0000 2026,0,@IRLALLDAY @anderton88 @EricLDaugh @grok Read the story. They did target him and then the NGO blue-haired white wine moms aka the community members started crying about the due process and Nazis inspired by sob pieces from activists disguised as journalists. Spoiler alert: he s still in the US.,2032246793396978158,,IRLALLDAY,en,,0,1,0,https://x.com/undefined/status/2032246793396978158,720273163314040832,
2032138121282724054,Fri Mar 13 00:06:07 +0000 2026,0,@SariaDelaney Ikemel u. Bonni Blue sind dafür da es zu normalisieren wie damlas (vor 1 halben Jahrhundert) schon Schulmädchenreport u. Dr. Sommer.,2032246792411042059,,SariaDelaney,de,,0,0,0,https://x.com/undefined/status/2032246792411042059,1476356393632468992,
2032228277490708603,Fri Mar 13 00:06:06 +0000 2026,0,@bearki I don't even run a shield unless it's blue. Green makes no difference in ttk for me.,2032246790578163822,,bearki,en,,0,0,0,https://x.com/undefined/status/2032246790578163822,1122190199423950849,
2032140231420314012,Fri Mar 13 00:06:04 +0000 2026,2,@lippyent Pabst Blue Ribbon,2032246780365078750,,lippyent,en,,0,0,2,https://x.com/undefined/status/2032246780365078750,1562997003810123776,
2032246773045961208,Fri Mar 13 00:06:02 +0000 2026,0,Capitals 1 #Sabres 1 (2:14 2P): Ryan Leonard ties the game when he picks up a giveaway by Logan Stanley at the blue line of the Sabres' offensive zone and skates in beating UPL on a shot from the right circle.,2032246773045961208,,,en,,0,1,0,https://x.com/undefined/status/2032246773045961208,539210430,
2032246766909943941,Fri Mar 13 00:06:01 +0000 2026,2,ก็หมวยทั้งคู่เลยนิ #TheWallSongxตี๋ตี๋ป๋อ #ร้องข้ามกำแพงxตี๋ตี๋ป๋อ https://t.co/pvlcFSghK6,2032246766909943941,https://pbs.twimg.com/media/HDP9qLzakAAy5oV.jpg,,th,,0,0,0,https://x.com/undefined/status/2032246766909943941,1301499438125387778,
2032232081271521543,Fri Mar 13 00:06:00 +0000 2026,1,@sanasberett I blame her huge blue eyes,2032246762145267957,,sanasberett,en,,0,1,0,https://x.com/undefined/status/2032246762145267957,929062340804399104,
2032241564043432036,Fri Mar 13 00:06:00 +0000 2026,0,michelle trachtenberg as aria montgomery. from her pouty lips tall ballerina frame &amp; bright blue eyes she s the PERFECT aria! michelle has also said that she was seen as weird during her school days &amp; that s just so aria. https://t.co/Kz3QKxPUzk,2032246762086281330,https://pbs.twimg.com/media/HDP9p4kX0AAFsHa.jpg,chocvnillarchve,en,,0,1,0,https://x.com/undefined/status/2032246762086281330,1755333306638336000,
2032242940328779785,Fri Mar 13 00:05:58 +0000 2026,0,@samanthawillman that blue tick says you're paying.. so it ain't as free as you think..,2032246757065641993,,samanthawillman,en,,0,0,0,https://x.com/undefined/status/2032246757065641993,752523950,
2032032917950505041,Fri Mar 13 00:05:57 +0000 2026,0,@misioneros2010 When you go and vote blue you 100 percent support child rape and pedophilia.,2032246752145784862,,misioneros2010,en,,0,0,0,https://x.com/undefined/status/2032246752145784862,54892703,
2032246745812357368,Fri Mar 13 00:05:56 +0000 2026,0,Just blue was perfect for Gemini,2032246745812357368,,,en,,0,0,0,https://x.com/undefined/status/2032246745812357368,1096853088529457154,
2032246743044386963,Fri Mar 13 00:05:55 +0000 2026,0,Dark gray blue enigmatic beckoning twilight sunset clouds in the fading winter light. What a day it was. Taken in 2024. All photography is mine. #DarkStormClouds #DarkBlueClouds #DarkGrayClouds #StormClouds #PhotographingClouds #StormPhotography #TwilightClouds #NaturePhoto https://t.co/JDo1CLDReY,2032246743044386963,https://pbs.twimg.com/media/HDP9Bc4bQAQngCO.jpg,,en,,0,0,0,https://x.com/undefined/status/2032246743044386963,1753462213845946368,
2031811736014373111,Fri Mar 13 00:05:55 +0000 2026,0,@QTHESTORMM I call bullshit. Show me. Can blue the face and parts,2032246741219627176,,QTHESTORMM,en,,0,0,0,https://x.com/undefined/status/2032246741219627176,1999869796704534528,
2032219925008314388,Fri Mar 13 00:05:53 +0000 2026,0,@GhostLifestyle Blue Raspberry but please bring it to more stores in Canada!!!! 🇨🇦,2032246736601718912,,GhostLifestyle,en,,0,0,0,https://x.com/undefined/status/2032246736601718912,1080545205160427520,
2032168882941612248,Fri Mar 13 00:05:53 +0000 2026,0,@yaldarta Tonight I saw clearly that they are bringing something in a blue Nissan with a hood going to the right under the shed. The number of private cars inside the area has multiplied since yesterday. Several Hiluxes are guarding the square near the fire station.@CENTCOM @netanyahu,2032246734886199586,,yaldarta,en,,0,0,0,https://x.com/undefined/status/2032246734886199586,2022067119492337664,
2032240488863187015,Fri Mar 13 00:05:51 +0000 2026,0,@GoodJob1144990 @grok @jakeshieldsajj @grok why did you reply to @jakeshieldsajj ? He doesn't have a blue check mark,2032246727139598600,,GoodJob1144990,en,,0,0,0,https://x.com/undefined/status/2032246727139598600,1353393495390695431,
2032246723557671074,Fri Mar 13 00:05:50 +0000 2026,2,Apollo says even when you're taking a break from shepherd time you still have to keep your eyes on Pepper... https://t.co/lF4zR924VE,2032246723557671074,https://pbs.twimg.com/media/HDP9nseacAAw9us.jpg,,en,,0,0,0,https://x.com/undefined/status/2032246723557671074,3076052887,
2032246712136306759,Fri Mar 13 00:05:48 +0000 2026,0,2H 8:53 | LA Tech 54 MTSU 48 Back-to-back MTSU threes draws a rise out of the Blue Raider crowd and forces a Bulldogs timeout. Tre Green is up to 12 points. Jahvin Carter leads MT with 14.,2032246712136306759,,,en,,0,1,0,https://x.com/undefined/status/2032246712136306759,1732975173408632832,
2032246705643487331,Fri Mar 13 00:05:46 +0000 2026,0,stepping back blue eyes a bit glossed over as bandaged hands raise . scheisse verin . . . i wasn t expecting you in the xhorhaus . ,2032246705643487331,,,en,,0,0,0,https://x.com/undefined/status/2032246705643487331,1988786228708433920,
2032071863661175245,Fri Mar 13 00:05:46 +0000 2026,0,@orbsbythought @YouTube Not trying to throw a loop but what was strange is right before that same interaction with the Red &amp; Blue Orb. I was preoccupied yet got a strange calling to go outside and then that s when they appeared. Both interactions were maybe 20-30feet away from me approximately.,2032246705123439099,,orbsbythought,en,,0,0,0,https://x.com/undefined/status/2032246705123439099,1489341339976220674,
2032168461971939543,Fri Mar 13 00:05:46 +0000 2026,0,@eternalsabrinas I think pink white or blue,2032246704192549044,,eternalsabrinas,en,,0,0,0,https://x.com/undefined/status/2032246704192549044,1665928301817516032,
2032246697095495750,Fri Mar 13 00:05:44 +0000 2026,5,Leonard burns UPL shorts side after a Stanley problem at the blue line. #Caps tie it 1-1 at 2:14 of the 2nd and that was #Sabres problem of the first not ending 3-0 or 4-0 like it probably should have.,2032246697095495750,,,en,,0,8,0,https://x.com/undefined/status/2032246697095495750,44473996,
2032151504157585629,Fri Mar 13 00:05:43 +0000 2026,1,@stratoman1 @XIAMEMPRESS @LauraLoomer @POTUS Democrats don't welcome the immigrants they want to abuse them. Your side never mentions CITIZENSHIP why? Because you just want the cheap slave labor and on election day tell them to vote blue. I have not heard Newsome or Pelosi ending capital punishment either in CA.,2032246693614256318,,stratoman1,en,,0,0,0,https://x.com/undefined/status/2032246693614256318,1691365243866554368,
2032246690908963021,Fri Mar 13 00:05:43 +0000 2026,0,Et toi tu vas la mettre cette pp de merde Blue Sky ?,2032246690908963021,,,fr,,0,0,0,https://x.com/undefined/status/2032246690908963021,1431157873871048704,
2032082749461270637,Fri Mar 13 00:05:41 +0000 2026,0,@RolloCards ISO 21-22 Upper Deck Stature Blue Jagr /3 Blue Coffey /3,2032246685691191310,,RolloCards,en,,0,0,0,https://x.com/undefined/status/2032246685691191310,968329766205034499,
2032004034601640142,Fri Mar 13 00:05:41 +0000 2026,1,@ursultrymia Blue,2032246684630036821,,ursultrymia,en,,0,0,0,https://x.com/undefined/status/2032246684630036821,1926769268097503232,
2032036592517308539,Fri Mar 13 00:05:39 +0000 2026,0,@flyestdesi is the same place with bar palladio in blue,2032246675067322496,,flyestdesi,en,,0,0,0,https://x.com/undefined/status/2032246675067322496,26203077,
2032246672856924473,Fri Mar 13 00:05:38 +0000 2026,0,Blue!,2032246672856924473,,,en,,0,0,0,https://x.com/undefined/status/2032246672856924473,1417450630507945986,
2032230874352177581,Fri Mar 13 00:05:14 +0000 2026,1,@bluujju if he ever goes blue i m gonna assume it s literally a reference to you.. to blujju..,2032246570574320037,,bluujju,en,,0,1,0,https://x.com/undefined/status/2032246570574320037,1865308249710284800,
2032170099768246593,Fri Mar 13 00:05:14 +0000 2026,1,@Ferd_Turgeson @woodwardsports @CultureCrave he does he just needs to make a few extra cents by humiliating himself with the blue checkmark,2032246569194393691,,Ferd_Turgeson,en,,0,1,0,https://x.com/undefined/status/2032246569194393691,1375638037154119680,
2032245211330420900,Fri Mar 13 00:05:14 +0000 2026,1,@MichelleBl445 I didn t even make that connection. Wow! But the consistent stupidity makes my girl unwatchable! I am watching tennis now and will then get back to Blue Bloods (the end is near ). Jack/Carly/Val triangle was totally doable without the madness. I wants no part!,2032246569001435282,,MichelleBl445,en,,0,1,0,https://x.com/undefined/status/2032246569001435282,319653318,
2032245613937443132,Fri Mar 13 00:05:10 +0000 2026,1,@Parasica_Music well it's not my fault they said my account was not authentic as if my identity isn't verified with that blue ugly check but yeah put the fan account label too if you wanna protect your account I just did,2032246554782818536,,Parasica_Music,en,,0,1,0,https://x.com/undefined/status/2032246554782818536,1379103011872632834,
2032246549703770491,Fri Mar 13 00:05:09 +0000 2026,0,i should probably start that one blue hair josh x pink hair tyler idea i wrote down a few weeks back,2032246549703770491,,,en,,0,0,0,https://x.com/undefined/status/2032246549703770491,1713313912723034112,
2032246547476312128,Fri Mar 13 00:05:08 +0000 2026,0,Both FCC and Tigres taking the field now. The home side adorned in blue tops and blue shorts the visitors adorned in all yellow. Mere minutes from kickoff here at TQL!,2032246547476312128,,,en,,0,0,0,https://x.com/undefined/status/2032246547476312128,3435017349,
2032246534847549483,Fri Mar 13 00:05:05 +0000 2026,0,春の予感！️ #202603検索ak https://t.co/e4cbauHYrP,2032246534847549483,https://pbs.twimg.com/media/HDP9dAqbIAANsaG.jpg,,ja,,0,0,0,https://x.com/undefined/status/2032246534847549483,926290745815740416,
2032217634171757040,Fri Mar 13 00:05:05 +0000 2026,0,@allenanalysis The weird thing is that such a provision would on net favor D not R. The current electorate with city dwellers and affluent people leaning D these groups also have higher degree of having passports than the blue collar and rural R block.,2032246533597356442,,allenanalysis,en,,0,0,0,https://x.com/undefined/status/2032246533597356442,725547908997640192,
2032236782461280458,Fri Mar 13 00:05:03 +0000 2026,1,@Echonods Ive Had Almost every 30mg Script Tablet but da Blue Vcuts are next on my List,2032246525783630090,,Echonods,en,,0,1,0,https://x.com/undefined/status/2032246525783630090,2430710396,
2031751282466181126,Fri Mar 13 00:05:03 +0000 2026,1,@Matedwards7 It looks like a jolly bike Matt. Maybe it s the sky-blue colour. Cracking view too mate. Happy cycling. ‍️,2032246523116069005,,Matedwards7,en,,0,1,0,https://x.com/undefined/status/2032246523116069005,1639174268239122432,
2032246522600149394,Fri Mar 13 00:05:02 +0000 2026,0,@1 WILD BLUEのライブでもわぶっていきましょう！お譲り頂ける方を探しております。 【求】3/22 通し券 もしくは昼公演 AA列 AB列 1~2枚 座権のみ可 【譲】ご提示ください DMお願い致します。 #WILDBLUE譲 #ROIROM譲 、,2032246522600149394,,1,ja,,0,0,0,https://x.com/undefined/status/2032246522600149394,1988523460671455232,
2032246520699838839,Fri Mar 13 00:05:02 +0000 2026,0,Rachel Cartwright's life has been a whirlwind since Song Sung Blue came into it. She spoke with TMJ4's Susan Kim about her adoption journey and how it was portrayed in the film. https://t.co/93YhdOocuE,2032246520699838839,,,en,,0,0,0,https://x.com/undefined/status/2032246520699838839,18720099,
2032246518476939437,Fri Mar 13 00:05:01 +0000 2026,1,Wood-ridge blue devils suck.,2032246518476939437,,,en,,0,0,0,https://x.com/undefined/status/2032246518476939437,2027873223631900673,
2032131895920599341,Fri Mar 13 00:05:01 +0000 2026,0,@RandPaul @MassieforKY Why is he getting his funding from Act Blue and several democrat led organizations and individuals,2032246517868978684,,RandPaul,en,,0,0,0,https://x.com/undefined/status/2032246517868978684,1586157813801267200,
2032246505319673960,Fri Mar 13 00:04:58 +0000 2026,0,Blue tailed Bee eater launched like a missile snatched a butterfly &amp; just when you think it's over nature pulls off the most dramatic last-second escape. This is what millions of yrs of evolution looks like in 15 seconds. #nature #birds #wildlifephotography #birdwatching https://t.co/CQe6LTBrAK,2032246505319673960,https://pbs.twimg.com/amplify_video_thumb/2032245869664485378/img/cGeYlpq_zXe8o7hZ.jpg,,en,,0,0,0,https://x.com/undefined/status/2032246505319673960,1618956750169976833,
2032246501749973205,Fri Mar 13 00:04:57 +0000 2026,0,essa aqui é a maior do blue ja falei e bati o martelo!,2032246501749973205,,,pt,,0,0,0,https://x.com/undefined/status/2032246501749973205,2027037316594741248,
2032246501523488812,Fri Mar 13 00:04:57 +0000 2026,1,MY ACCOUNT GOT SUSPENDED FOR A HOT SECOND HOLY SHIIIITTT. My bot-like rt spam got too strong. So from now on I shall post more than once every blue moon to prevent this shit from happening again. Idk how this works so if Twitter unoomfed you pls follow back! https://t.co/J8QMFNuJor,2032246501523488812,https://pbs.twimg.com/tweet_video_thumb/HDP9ao_W4AAdxAB.jpg,,en,,0,3,0,https://x.com/undefined/status/2032246501523488812,1683405126201929728,
2032246498310963222,Fri Mar 13 00:04:57 +0000 2026,0,この際ですから、音の良い大川シネマホールの特性を活かして、GWは音楽、効果音の素晴らしいアニメコンテンツ集中砲火など如何でしょうか？ 初手でご相談した「BLUE GIANT」も是非ご検討下さい。 #大川シネマホール #ゾンビランドサガ #ブルージャイアント,2032246498310963222,,,ja,,0,0,0,https://x.com/undefined/status/2032246498310963222,1161166805827592192,
2032032422712283203,Fri Mar 13 00:04:56 +0000 2026,0,@softlymagicall Right cause im a sucker for reds and also the blue pops,2032246497363050942,,softlymagicall,en,,0,0,0,https://x.com/undefined/status/2032246497363050942,1967203327051182080,
2032246495731200131,Fri Mar 13 00:04:56 +0000 2026,0,BASE | After 5 at Dodge City The Blue Dragons lead Dodge City 11-5,2032246495731200131,,,en,,0,0,0,https://x.com/undefined/status/2032246495731200131,764444407,
2032246494267322703,Fri Mar 13 00:04:56 +0000 2026,19,In January 2023 I couldn t find an archive of a parody song from 2009 but the group had a defunct Facebook page so I messaged them about it and they replied out of the blue yesterday with the MP3. https://t.co/Pc6CdSIsk0,2032246494267322703,https://pbs.twimg.com/media/HDP9K99XAAABbzB.jpg,,en,,0,0,1,https://x.com/undefined/status/2032246494267322703,1455858119762927623,
2032199608806293973,Fri Mar 13 00:04:55 +0000 2026,0,@MissWolf74 @JDMorgan They are all adorable and I love their blue eyes.,2032246492921053554,,MissWolf74,en,,0,0,0,https://x.com/undefined/status/2032246492921053554,194903357,
2031130826570871114,Fri Mar 13 00:04:54 +0000 2026,0,@_nativeamerica Thank you 4 services my mother true blue 30+years .meme.,2032246486264664573,,_nativeamerica,en,,0,0,0,https://x.com/undefined/status/2032246486264664573,2010730542120177664,
2032246483186004191,Fri Mar 13 00:04:53 +0000 2026,2, I know that Canada seems to take the underdog mentality when it comes to baseball but they re grinders man. And I love that. - #Bluejays manager John Schneider is impressed with Team Canada ahead of the QF date with U.S. https://t.co/XxXQRh7y9p,2032246483186004191,,,en,,0,0,1,https://x.com/undefined/status/2032246483186004191,23647995,
2032246469059817907,Fri Mar 13 00:04:50 +0000 2026,0,ELEVATE に参加される方へ TAGRIGHTの『FOREVER BLUE』でコールがあるらしく、ぜひ皆さんにも声を出して欲しいとのことです‼️ RIGHTIEのお友達からお願いされました よかったら下の動画から覚えていってあげてください⬇️ https://t.co/zKjzyDRCKd #ELEVATE #安達祐人 #WATWING #unløck,2032246469059817907,,,ja,,0,0,1,https://x.com/undefined/status/2032246469059817907,1460735195049762816,
2032004034601640142,Fri Mar 13 00:04:50 +0000 2026,0,@ursultrymia Blue,2032246468724342834,,ursultrymia,en,,0,0,0,https://x.com/undefined/status/2032246468724342834,18565606,
2032242849983393794,Fri Mar 13 00:04:49 +0000 2026,2,i usually use the lightest possible shade of the hair but if the lighting is strong i pick a different color like bright yellow for daytime or bright light blue or pink for night it depends,2032246466962407642,,ibukiologyPhD,en,,0,1,0,https://x.com/undefined/status/2032246466962407642,2019024920559120384,
2032246459148722291,Fri Mar 13 00:04:47 +0000 2026,2,代官山 蔦屋書店にて 東洋発想 ホリスティックケアシリーズ「雪肌精 BLUE」POPUPイベント開催 遠いけどこれは良いなぁ 「雪肌精 BLUE　ディープ ハイドレイティング エッセンス リキッドII」のミニボトル12mL（6日分相当）を進呈 「雪肌精 BLUEおみくじ」 ・雪肌精 BLUE　ディープブレス https://t.co/nPiWqHmTLf,2032246459148722291,https://pbs.twimg.com/media/HDP9X3ybQAEN7aD.jpg,,ja,,0,1,0,https://x.com/undefined/status/2032246459148722291,754506960595148801,
2032243762249048193,Fri Mar 13 00:04:44 +0000 2026,1,@GreenArrowList @FreebornMaryAnn They sent me an email this morning out of the blue. https://t.co/8BoL42rPbk,2032246446540349813,https://pbs.twimg.com/media/HDP9X0AXcAAIjjI.jpg,GreenArrowList,en,,0,0,1,https://x.com/undefined/status/2032246446540349813,1447198679408992264,
2032222206567047668,Fri Mar 13 00:04:41 +0000 2026,5,@nicksortor How in the world can that be? The state has been blue for years. Oh that is why.,2032246430845309431,,nicksortor,en,,0,0,1,https://x.com/undefined/status/2032246430845309431,273062986,
2032246425682120757,Fri Mar 13 00:04:39 +0000 2026,0,#TopAlbums2026 Best albums of the week: 1 Gnarls Barkley Atlanta (fav song: Cyberbully) 2 Shabaka Of the Earth (fav song: Ol Time African Gods) 3 Gum Blue Gum Way (fav song: Celluloid) @shabakah @jay_w_watson https://t.co/tKwDJVBlkD,2032246425682120757,https://pbs.twimg.com/media/HDP9WgSWEAAQtDJ.jpg,,en,,0,0,0,https://x.com/undefined/status/2032246425682120757,796039432633774080,
2032004034601640142,Fri Mar 13 00:04:39 +0000 2026,0,@ursultrymia Blue,2032246424516121075,,ursultrymia,en,,0,0,0,https://x.com/undefined/status/2032246424516121075,2271936292,
2032246424054775938,Fri Mar 13 00:04:39 +0000 2026,13,It is a battle of blue and grey here. https://t.co/11VIX29ZSd,2032246424054775938,https://pbs.twimg.com/ext_tw_video_thumb/2032246386029105152/pu/img/0U2TdG6MtJwsbZe9.jpg,,en,,0,0,2,https://x.com/undefined/status/2032246424054775938,1714208342326095872,
2032004034601640142,Fri Mar 13 00:04:35 +0000 2026,0,@ursultrymia Blue,2032246409005568261,,ursultrymia,en,,0,0,0,https://x.com/undefined/status/2032246409005568261,1977142014082007040,
2032217289299263927,Fri Mar 13 00:04:34 +0000 2026,1,@Nissan_Al_Gaeb @titansdru our identity is 2 tone blue and The Titans. If you are going to completely change that just change the name to what is more fitting. These are Oilers jersey and not Titans jerseys.,2032246403339014276,,Nissan_Al_Gaeb,en,,0,1,0,https://x.com/undefined/status/2032246403339014276,912832672355012610,
2031972479372312838,Fri Mar 13 00:04:34 +0000 2026,0,@mariaart55 Well your Mother is right ! You are beautiful you have beautiful blue eyes and a perfect square little face beautiful blonde hair . Always listen to your Mother Mother's know best ! ! ! ,2032246402726998264,,mariaart55,en,,0,0,0,https://x.com/undefined/status/2032246402726998264,1921639959150116864,
2030731433657221585,Fri Mar 13 00:04:32 +0000 2026,0,@ADivineSeer - Without a word I tightened my arms around you my muscles flexing as I rolled us. You were straddling my hips the sheets pooled around us. I was still inside you] Your turn. [My hands settling on your waist my thumbs stroking the soft skin there. My blue eyes were dark -,2032246394975596912,,ADivineSeer,en,,0,0,0,https://x.com/undefined/status/2032246394975596912,2017024054188724224,
2032246394237698365,Fri Mar 13 00:04:32 +0000 2026,0,Anyare sa Anaheim sales? Sold out na kahapon ung 3 Sections pero ngaun dumami ulit ang blue glitch ba ung kahapon? From this. To this https://t.co/oyBqDrBasu,2032246394237698365,https://pbs.twimg.com/media/HDP9U0ZacAAS5iR.jpg,,tl,,0,0,0,https://x.com/undefined/status/2032246394237698365,84604339,
2032138022485922116,Fri Mar 13 00:04:31 +0000 2026,0,@cry_alexa Era de esperarse. En general toda la saga de Alabasta es mucho mejor que el East Blue en muchos aspectos... ahora solo falta que nos adapten la otra mitad de este arco en la tercera temporada.,2032246390785786302,,cry_alexa,es,,0,0,0,https://x.com/undefined/status/2032246390785786302,1868332835674685440,
2032240488863187015,Fri Mar 13 00:04:30 +0000 2026,1,@jakeshieldsajj @grok @grok If Jake Shields can still use Ask Grok because he has Premium why come Jake Shields still doesn't have a Blue Checkmark?,2032246387099005137,,jakeshieldsajj,en,,0,0,0,https://x.com/undefined/status/2032246387099005137,1368399923968835590,
2032246381126041974,Fri Mar 13 00:04:29 +0000 2026,0,I'll not be discouraged... Getting the blue tick at 2k active followers.,2032246381126041974,,,en,,0,0,0,https://x.com/undefined/status/2032246381126041974,3448526835,
2032169521755116004,Fri Mar 13 00:04:26 +0000 2026,0,@FBA_NEWS_EVENTS @SaksLikely Does being dumb comes with having a blue check ?,2032246367611928846,,FBA_NEWS_EVENTS,en,,0,1,0,https://x.com/undefined/status/2032246367611928846,999000779896836096,
2032246364428763607,Fri Mar 13 00:04:25 +0000 2026,1,breaking news urgent now and beyond future! save our education action now! save our healthcare of abortion retirement age healthcare healthcare! save our supreme court blue wave Party! @ overturned citizen united - healthcare act other etc. https://t.co/P1EeYi4HGW https://t.co/9QC0bWIBiN,2032246364428763607,https://pbs.twimg.com/media/HDP9Bk1bkAAzzLu.jpg,,en,,0,0,1,https://x.com/undefined/status/2032246364428763607,1421597985046032386,
2031897542401663307,Fri Mar 13 00:04:22 +0000 2026,0,@Blue_Footy sent to starsburg,2032246352315617577,,Blue_Footy,en,,0,0,0,https://x.com/undefined/status/2032246352315617577,1759724951597375489,
2031853428578689290,Fri Mar 13 00:04:20 +0000 2026,0,@nyangkyunz This is turmalina bc she has blue eyes like tourmaline stone https://t.co/y3k3tTppcc,2032246342899130850,https://pbs.twimg.com/media/HDP9RxWWoAAF61j.jpg,nyangkyunz,en,,0,0,0,https://x.com/undefined/status/2032246342899130850,1133908736165253128,
2032210858902745310,Fri Mar 13 00:04:19 +0000 2026,0,@latestinspace Really? April 1st? https://t.co/IKNdbguj97,2032246340881649717,https://pbs.twimg.com/tweet_video_thumb/HDP9RfYWAAAEy-w.jpg,latestinspace,en,,0,0,0,https://x.com/undefined/status/2032246340881649717,1519680553083097088,
2032004034601640142,Fri Mar 13 00:04:16 +0000 2026,0,@ursultrymia Blue,2032246329292775589,,ursultrymia,en,,0,0,0,https://x.com/undefined/status/2032246329292775589,1420960411281674245,
2032246304424726748,Fri Mar 13 00:04:11 +0000 2026,0,Like what kinda Armored Core ass shit is that bro it looks sick with the little blue veins branching out the perspective the coloring and shading etc etc like. It s SOOOO sick and makes me upset that we couldn t get at least one more Chimera Shadow Garden before the series end,2032246307960635533,,Keggton10,en,,0,0,0,https://x.com/undefined/status/2032246307960635533,1452117413697294349,
2032004034601640142,Fri Mar 13 00:04:10 +0000 2026,1,@ursultrymia Blue All the Way!,2032246301090250980,,ursultrymia,en,,0,0,0,https://x.com/undefined/status/2032246301090250980,1993502119656407040,
2032236502759932233,Fri Mar 13 00:04:07 +0000 2026,0,@slickscuba_ red and blue but lowkey the green the best looking imo but the plates for the ps5 wavy in every variation,2032246290332184616,,slickscuba_,en,,0,0,0,https://x.com/undefined/status/2032246290332184616,1320715015708643334,
2032245253537747028,Fri Mar 13 00:04:07 +0000 2026,0,@FFuZeY blue,2032246288654229733,,FFuZeY,en,,0,0,0,https://x.com/undefined/status/2032246288654229733,2005413888792358912,
2032238622208831854,Fri Mar 13 00:04:06 +0000 2026,0,@PersonthePerso2 Blue,2032246284128514376,,PersonthePerso2,en,,0,0,0,https://x.com/undefined/status/2032246284128514376,1576953179723501569,
1945904260052295930,Fri Mar 13 00:04:05 +0000 2026,0,@andersoncooper @YouTube Mr. Cooper are you using some kind of purple-toned lip color as part of your CNN makeup? Blue-tones make people look oxygen deprived. Fire the makeup artist.,2032246279561232897,,andersoncooper,en,,0,0,0,https://x.com/undefined/status/2032246279561232897,55981712,
2032246156626182381,Fri Mar 13 00:04:05 +0000 2026,1,@I_BE_kaREN Thanks for the tag! Those prophetic plaid patterns for Tesla Plaid are bold first one's got that vibrant blue-pink-black energy second nails the classic red tartan vibe. Love the dream connection to the high-performance beast. What's the full vision story? ,2032246279556776237,,I_BE_kaREN,en,,0,0,0,https://x.com/undefined/status/2032246279556776237,1720665183188922368,
2032004034601640142,Fri Mar 13 00:04:04 +0000 2026,1,@ursultrymia Blue,2032246276402679916,,ursultrymia,en,,0,0,0,https://x.com/undefined/status/2032246276402679916,2010831521566113795,
2032160793194872940,Fri Mar 13 00:04:03 +0000 2026,1,@hyesemble blue - onew blue - taemin red - jonghyun orange seoul - nct 127,2032246274020327489,,hyesemble,en,,0,0,0,https://x.com/undefined/status/2032246274020327489,1426255110158626820,
2032201004603633767,Fri Mar 13 00:04:02 +0000 2026,0,@hoonseasons BLUE HAIR ENHYPEN IS SEVEN. DO NOT REWRITE THE FATE OF ENHYPEN #BEACCOUNTABLE_BELIFT #ENHYPEN_IS_7 #HEESEUNG_STAYS https://t.co/5Lim0CiYP6,2032246269863972996,https://pbs.twimg.com/media/HDP9NSrb0AAOkON.jpg,hoonseasons,en,,0,0,0,https://x.com/undefined/status/2032246269863972996,1897716863263817729,
2032246263270506966,Fri Mar 13 00:04:01 +0000 2026,0,プライベートクレジットの考察第三弾：ヘッドライン増加中、狭いゲートに投資家が殺到、悪夢の回転。｜Voltex ・ヘッドラインが再び増えた意味 ・ゲートとは何か、なぜ起きるのか ・Blue Owl が示した最も嫌な論点 ・デフォルト率はどこまで上がるのか,2032246263270506966,,,ja,,0,0,0,https://x.com/undefined/status/2032246263270506966,1250336033578741760,
2032219297259421857,Fri Mar 13 00:03:57 +0000 2026,0,@mattvanswol @lizzielouMex @BillMelugin_ Normal people who don t live in big blue cities (mines in a largely red state of course-Austin) actually have just no idea how bad things are and why we are all screaming about all of this. Anyone who doesn t understand the magnitude and why so many of us are being so loud about https://t.co/UstqOuDZvM,2032246249609441569,https://pbs.twimg.com/tweet_video_thumb/HDP9MOqX0AE78gZ.jpg,mattvanswol,en,,0,0,0,https://x.com/undefined/status/2032246249609441569,46520219,
2032246235391017464,Fri Mar 13 00:03:54 +0000 2026,12,midnight gems got buffed! instead of +12 &amp; +5 stats the blue gems give +16 &amp; +7 stats (thank god) https://t.co/aht561T6T9,2032246235391017464,https://pbs.twimg.com/media/HDP8q-hWEAI5IYP.png,,en,,0,0,0,https://x.com/undefined/status/2032246235391017464,4708358618,
2032214227516006796,Fri Mar 13 00:03:21 +0000 2026,1,@Arkypatriot Not having a blue checkmark and won't miss Grok,2032246098375389367,,Arkypatriot,en,,0,1,0,https://x.com/undefined/status/2032246098375389367,84431237,
2032201160791376030,Fri Mar 13 00:03:21 +0000 2026,4,@elonmusk I m thinking of removing by blue check! I can t even get an answer from Grok! ,2032246098278908117,,elonmusk,en,,0,0,2,https://x.com/undefined/status/2032246098278908117,1649799811607023616,
2032246092918579582,Fri Mar 13 00:03:20 +0000 2026,0,if you see it do it ! ^_^ nickname: Zay/ nana pronouns: she/her(still questioning) height: 5'6 sexuality: bi smokes: ish piercings: ears tattoos: none fav color: blue fav drink: monster fav food: noodles fav animal: Huskies,2032246092918579582,,,en,,0,0,0,https://x.com/undefined/status/2032246092918579582,1861778566947520512,
2032187119104360807,Fri Mar 13 00:03:17 +0000 2026,0,@Benson_xn e dey worst pass once you no get blue tick,2032246082084712770,,Benson_xn,en,,0,0,0,https://x.com/undefined/status/2032246082084712770,2021870691759366144,
2031883625676095527,Fri Mar 13 00:03:17 +0000 2026,0,@dailyglimps24 Did she drink the blue kool-aid?,2032246081568825595,,dailyglimps24,en,,0,0,0,https://x.com/undefined/status/2032246081568825595,1321788960197218304,
2032228615589339554,Fri Mar 13 00:03:16 +0000 2026,0,@MyLordBebo project blue beam,2032246078146560428,,MyLordBebo,en,,0,0,0,https://x.com/undefined/status/2032246078146560428,1892351737031512068,
2032221563794383299,Fri Mar 13 00:03:15 +0000 2026,3,Thanks to @ozpatriot90 who pointed out the fact that that exact building is demolished by a blue beam in Independence Day almost as if they have to tell you what they're going to do before they do it. A DEW just like the twin towers. https://t.co/z8DlgM0udk,2032246071678943643,https://pbs.twimg.com/media/HDP9CGAaAAA1K80.jpg,First_Won_,en,,0,0,0,https://x.com/undefined/status/2032246071678943643,1558216692857073664,
2032221316367999161,Fri Mar 13 00:03:14 +0000 2026,0,@TimothyDSnyder @johnwalters_sd Right. Part of rationale for stupid war is to encourage terrorist attacks to justify martial law in blue states where population resides just around Election Day,2032246069464351054,,TimothyDSnyder,en,,0,0,0,https://x.com/undefined/status/2032246069464351054,1607856740577718273,
2032246058873733132,Fri Mar 13 00:03:12 +0000 2026,0,Sometimes I wonder why they still hate White Lily Cookie? Why not hate that one the spoiled blue clown who has been heavily buffed by the Developers? https://t.co/a13vPMEvgl,2032246058873733132,https://pbs.twimg.com/media/HDP9BSIbQAQQzzf.jpg,,en,,0,0,0,https://x.com/undefined/status/2032246058873733132,1997711187547660288,
2032004034601640142,Fri Mar 13 00:03:11 +0000 2026,2,@ursultrymia Blue,2032246057187279339,,ursultrymia,en,,0,0,0,https://x.com/undefined/status/2032246057187279339,344251648,
2032173591534457295,Fri Mar 13 00:03:10 +0000 2026,3,@cavannastan @Ami_Marisol @chokingemu @BlueNGold92 Well we get cool little blue discs for whatever dress uniform is in style right now https://t.co/Fo546WPX6T,2032246051869012403,https://pbs.twimg.com/tweet_video_thumb/HDP9AstXAAAycg8.jpg,cavannastan,en,,0,0,0,https://x.com/undefined/status/2032246051869012403,1383155870,
2032160793194872940,Fri Mar 13 00:03:10 +0000 2026,1,@hyesemble Pink venom blue hour Lavie en rose blue flame rainbow(rothy) blueming redqueen (IU) red lights red flavor gold gold gold (somi) black mamba GOLD (itzy) blue (V) blue heart red rover pink hoodie blind eyes red BLUE! (Sunmi),2032246051260784766,,hyesemble,en,,0,0,0,https://x.com/undefined/status/2032246051260784766,1273784470085263360,
2032197114793451655,Fri Mar 13 00:03:10 +0000 2026,0,@agave_redux Especially if Trump held a new Constitutional convention when he invited all the governors to the White House in his first term and the Blue States declined to attend. ,2032246050669674612,,agave_redux,en,,0,0,0,https://x.com/undefined/status/2032246050669674612,1589991906871738368,
2032246045904687374,Fri Mar 13 00:03:09 +0000 2026,0, @prmade313raised He has the meats https://t.co/UMwPpyq1EE,2032246045904687374,https://pbs.twimg.com/media/HDP9ATqXAAAwTLd.jpg,,en,,0,0,0,https://x.com/undefined/status/2032246045904687374,780161791737335808,
2032206379822223456,Fri Mar 13 00:03:07 +0000 2026,0,@Zkittles_420 Aquarius/Lemon Haze or Blue Dream!,2032246037193372133,,Zkittles_420,en,,0,0,0,https://x.com/undefined/status/2032246037193372133,3640641013,
2032246029328793746,Fri Mar 13 00:03:05 +0000 2026,0,Forgot to post this earlier. @DispatchAlerts Live story link for #CBJ and Panthers here -&gt; https://t.co/nb2KxtXLMu,2032246029328793746,,,en,,0,0,0,https://x.com/undefined/status/2032246029328793746,33710452,
2032246028351537467,Fri Mar 13 00:03:05 +0000 2026,0,함께 한 시작의 clear blue sky 웃리 가득했던 첫 출발 기대 뒤 숨겨뒀던 아리 불안했던 뒷모습과 #엔하이픈은_일곱이다 #엔하이픈은_7명이다 #엔하이픈_일곱을_지켜 #빌리프랩_설명해라,2032246028351537467,,,ko,,0,0,0,https://x.com/undefined/status/2032246028351537467,1189277142493863936,
2032246026782872054,Fri Mar 13 00:03:04 +0000 2026,0,the slit wrists of the sky bleeding into the blue,2032246026782872054,,,en,,0,0,0,https://x.com/undefined/status/2032246026782872054,1508231346522664965,
2032225247307710742,Fri Mar 13 00:03:04 +0000 2026,1,@Alchemist8565 Take into account that the statement that Vegito Blue comes from Shin and Shin is notorious for not knowing what the fuck he s talking about. Also he s never seen Beerus s full power ever.,2032246026359484544,,Alchemist8565,en,,0,1,0,https://x.com/undefined/status/2032246026359484544,966997316,
2032140231420314012,Fri Mar 13 00:03:02 +0000 2026,2,@lippyent Red white and blue,2032246017702158342,,lippyent,en,,0,0,1,https://x.com/undefined/status/2032246017702158342,1541915114827309057,
2032236782461280458,Fri Mar 13 00:03:01 +0000 2026,1,@420Trappin This my first time w em ngl I ve only had the blue v cut 30s n these now,2032246013310730443,,420Trappin,en,,0,2,0,https://x.com/undefined/status/2032246013310730443,2022168846782668800,
2032139356882751907,Fri Mar 13 00:03:00 +0000 2026,1,@atensnut Blue Cities (at night)!,2032246008240095602,,atensnut,en,,0,0,0,https://x.com/undefined/status/2032246008240095602,1650550242134163457,
2032111654838665580,Fri Mar 13 00:02:58 +0000 2026,0,@lucyTheStorm I think some of that might be cause you re sensitive to how it s been! I get it we learned to tread the mine field lol I ve bee lm slowly pushing it and actually it s been alright! I m gonna lean into some fun with it it s made me smile a few times - I m probably a bit blue,2032245998869754224,,lucyTheStorm,en,,0,0,0,https://x.com/undefined/status/2032245998869754224,28630662,
2032244902839357927,Fri Mar 13 00:02:57 +0000 2026,1,@tendyourgarden8 Very proud of you [sky blue heart]! You re going to rock it!,2032245997057843209,,tendyourgarden8,en,,0,1,0,https://x.com/undefined/status/2032245997057843209,1992579673575051264,
2032245994683785409,Fri Mar 13 00:02:57 +0000 2026,0,hahahahah at least we got healingflower hahahah at least we got bf!cambam being unable to look the blue king in the eyes haha at least we got bf!cambam clutching a lily in his hands all the way home and planting it carefully next to the tower he's being forced to build hahah ha h,2032245994683785409,,,en,,0,0,0,https://x.com/undefined/status/2032245994683785409,3232615704,
2032245994503487499,Fri Mar 13 00:02:57 +0000 2026,0,you know who s also on blue team okay I ll shut up now I need to let it go #ผาพ่ายคลื่น,2032245994503487499,,,en,,0,0,0,https://x.com/undefined/status/2032245994503487499,2003456501520957440,
2032172497660264803,Fri Mar 13 00:02:56 +0000 2026,0,@arvofart Its a blue check account engagement baiting.,2032245990707568727,,arvofart,en,,0,0,0,https://x.com/undefined/status/2032245990707568727,1030843042301915136,
2032245990309167123,Fri Mar 13 00:02:56 +0000 2026,0,the way que o twitter está mesmo sem b0ts com blue checks porque um data center foi pelos ares kkkk,2032245990309167123,,,pt,,0,0,0,https://x.com/undefined/status/2032245990309167123,29972173,
2032225395375055152,Fri Mar 13 00:02:55 +0000 2026,0,@malachixcii That s fucking insane lmao I m level 26 and haven t seen one gold Like where the fuck are the blue and purple shields BRUHHHHH,2032245986278719692,,malachixcii,en,,0,2,0,https://x.com/undefined/status/2032245986278719692,1740011063612243968,
2032245985511190913,Fri Mar 13 00:02:54 +0000 2026,0,BLUE,2032245985511190913,,,en,,0,0,0,https://x.com/undefined/status/2032245985511190913,1559481120214765568,
2032230369110405225,Fri Mar 13 00:02:54 +0000 2026,0,@bonchieredstate In the Biden admin the standards began and ended at will you vote blue? .,2032245985225904297,,bonchieredstate,en,,0,0,0,https://x.com/undefined/status/2032245985225904297,1651042369788162050,
2032245984722632925,Fri Mar 13 00:02:54 +0000 2026,0,@Jmu_Municipality Extremely disappointed with the water tanker service. Booked 3 times via the official portal yet 0 deliveries It seems service is reserved for blue-eyed individuals while tax-paying citizens r ignored. Please address this bias imdtely @Devansh_IAS https://t.co/hT7HiegJb9,2032245984722632925,https://pbs.twimg.com/media/HDP87rubQAQ0zOv.jpg,,en,,0,0,0,https://x.com/undefined/status/2032245984722632925,1882305582134140928,
2032245781709930912,Fri Mar 13 00:02:54 +0000 2026,10,@FSUHoops Just Ordered my DUKE BLUE DEVILS merch https://t.co/pjz0b0ZJeb,2032245982230921473,https://pbs.twimg.com/media/HDP88rrbQAMdSP_.jpg,FSUHoops,en,,0,1,0,https://x.com/undefined/status/2032245982230921473,1801873235329396736,
2032245980855148913,Fri Mar 13 00:02:53 +0000 2026,1,It s impressive Blue Cain has 1000 points at UGA turning down every open shot,2032245980855148913,,,en,,0,0,0,https://x.com/undefined/status/2032245980855148913,1390218565,
2032245964204097982,Fri Mar 13 00:02:49 +0000 2026,0,KPOP VOTES WTS LFB ‼️OPEN FOR RESERVATIONS IDOLCHAMP: 350 Reds = 55 PHP / 1 USD FANCAST: 5K Blue Hearts = 55 PHP / 1 USD MY1PICK: 1200 Golds = 55 PHP / 1 USD 15k Reds = 55 PHP / 1 USD PODOAL: 400k Als = 55 PHP / 1 USD CHOEAEDOL: 20k EverHearts = 55 PHP / 1,2032245964204097982,,,en,,0,0,0,https://x.com/undefined/status/2032245964204097982,1893988213120995328,
2032183447486148755,Fri Mar 13 00:02:49 +0000 2026,0,@SenWarren If we got rid of all the corruption in blue states and stop supporting illegals we could fund healthcare. You must think we are all stupid to listen to your crap,2032245963893457202,,SenWarren,en,,0,0,0,https://x.com/undefined/status/2032245963893457202,1817360769484238849,
2032004034601640142,Fri Mar 13 00:02:49 +0000 2026,1,@ursultrymia Blue,2032245960898715841,,ursultrymia,en,,0,0,0,https://x.com/undefined/status/2032245960898715841,2025948765123735552,
2032245958441054434,Fri Mar 13 00:02:48 +0000 2026,0, UPICK BLUE JAMS WTS LFB ‼️OPEN FOR RESERVATIONS 500PHP / 9.09USD 100k JAMS 5 000PHP / 90.91USD 1M JAMS ️GoogleSheets + Certificates,2032245958441054434,,,en,,0,0,0,https://x.com/undefined/status/2032245958441054434,1893988213120995328,
2032004034601640142,Fri Mar 13 00:02:48 +0000 2026,2,@ursultrymia Blue,2032245957899743360,,ursultrymia,en,,0,0,0,https://x.com/undefined/status/2032245957899743360,2986253182,
2032004034601640142,Fri Mar 13 00:02:46 +0000 2026,2,@ursultrymia Blue ,2032245950664638663,,ursultrymia,en,,0,0,0,https://x.com/undefined/status/2032245950664638663,1162401131605241856,
2032136309192503313,Fri Mar 13 00:02:23 +0000 2026,0,@RachelCDailey_ Am I color blind I thought it was just all blue tones like how did they get the trans flag out of this (also mermaids are just popular with kids? Has she never been in a toy section),2032245853767729547,,RachelCDailey_,en,,0,0,0,https://x.com/undefined/status/2032245853767729547,1152410853154742272,
2032098038412345776,Fri Mar 13 00:02:22 +0000 2026,0,@ideologicalized tbf the likelihood that Trump would go crazy and fuck up the economy within the next year isn't out of the blue scenario,2032245850643030169,,ideologicalized,en,,0,0,0,https://x.com/undefined/status/2032245850643030169,441310738,
2032004034601640142,Fri Mar 13 00:02:19 +0000 2026,2,@ursultrymia Blue,2032245838169170183,,ursultrymia,en,,0,0,0,https://x.com/undefined/status/2032245838169170183,887057112853078018,
1485454410884988933,Fri Mar 13 00:02:19 +0000 2026,0,@heeeeeyfelix são duas músicas pra cada e 3 pra blue mas só tem 7... queria ter a experiência completa,2032245836764082224,,heeeeeyfelix,pt,,0,0,0,https://x.com/undefined/status/2032245836764082224,1893464997570703360,
2032245833651912787,Fri Mar 13 00:02:18 +0000 2026,1,Is that why we're winning back the House and the Senate in the midterms due to flipping red seats to blue?,2032245833651912787,,,en,,0,1,0,https://x.com/undefined/status/2032245833651912787,1012466588510015488,
2031947305197167096,Fri Mar 13 00:02:16 +0000 2026,0,@alwaysminimal the entire map being bright blue https://t.co/WEyJ2WowSh,2032245823719751877,https://pbs.twimg.com/media/HDP8za9WgAAwoo6.jpg,alwaysminimal,en,,0,0,0,https://x.com/undefined/status/2032245823719751877,1368740293181378563,
2032092221651222956,Fri Mar 13 00:02:14 +0000 2026,0,@patrizia1077 @Angel80197423 @MAGACult2 Idk why blue state you live but I live in one too. Washington and literally you can sign up and vote same day without id. Just sign a piece of paper that says I m telling the truth pinky promise Further the only way ballots are checked for legitimacy? Signature. I ve,2032245817407648094,,patrizia1077,en,,0,0,0,https://x.com/undefined/status/2032245817407648094,1518674388417073152,
2032245806657348072,Fri Mar 13 00:02:12 +0000 2026,0,Seeing Cameron Boozer cry to the refs about a no-call warms the heart. He really was born to be a Blue Devil.,2032245806657348072,,,en,,0,0,0,https://x.com/undefined/status/2032245806657348072,1586869292712222720,
2032243047686459447,Fri Mar 13 00:02:11 +0000 2026,0,@ukebit_ They all look so good except for the blue little shit/j https://t.co/0pEeEs1DzP,2032245801909669895,https://pbs.twimg.com/media/HDP8taEbQAEQW2K.jpg,ukebit_,en,,0,0,0,https://x.com/undefined/status/2032245801909669895,1548868745359069185,
2032245798864634227,Fri Mar 13 00:02:10 +0000 2026,0,now i want to go rent an SUV and drive around blue cities just to see how many libtards i can fool.,2032245798864634227,,,en,,0,0,0,https://x.com/undefined/status/2032245798864634227,2014073209621192705,
2032004034601640142,Fri Mar 13 00:02:10 +0000 2026,1,@ursultrymia Blue,2032245797979636156,,ursultrymia,en,,0,0,0,https://x.com/undefined/status/2032245797979636156,1883777110226952193,
2032245266213216489,Fri Mar 13 00:02:09 +0000 2026,0,⑤ミュージシャンの佐野元春さん（１９５６～）。 後輩のＳ君が大ファンで彼と一緒にスキーに行った時に色々聴かせてもらいました。「ガラスのジェネレーション」や「CHRISTMAS TIME IN BLUE-聖なる夜に口笛吹いて-」が好きです。 https://t.co/YcSUHR9ZGD,2032245793877606433,https://pbs.twimg.com/media/HDP8xpLbQAAiEZm.jpg,y_seiichiro,ja,,0,1,0,https://x.com/undefined/status/2032245793877606433,266465885,
2032138441786347909,Fri Mar 13 00:02:08 +0000 2026,0,@Hinehiine_ @PlatinumStrife I wish we saw her full design because why is her hair black/dark blue while focalors (who isn't directly created by naberius) is white instead https://t.co/qZ0SgMVBVz,2032245789079322876,https://pbs.twimg.com/media/HDP8xsMacAAWOXO.jpg,Remellu,en,,0,0,0,https://x.com/undefined/status/2032245789079322876,1334740051700240386,
2032245783848690099,Fri Mar 13 00:02:06 +0000 2026,1,Finally got the blue tick few mins So what s good ,2032245783848690099,,,en,,0,0,0,https://x.com/undefined/status/2032245783848690099,1945047850930319360,
2032245779155308766,Fri Mar 13 00:02:05 +0000 2026,0,What to Pack for Her 1) Portuguese Cork Wallet 2) White Watch 3) HFR pink Notebook 4) Licor Beirao D'Honra 5) Blue Sapphire 1.25 Cushion 6) Essenza pouch Available in our Shop on our Herdade https://t.co/H6MIVx4Ln6 #Shopping #Alentejo https://t.co/LeH9csps5B,2032245779155308766,https://pbs.twimg.com/media/HDP8xB9WQAAx0Tf.jpg,,en,,0,0,0,https://x.com/undefined/status/2032245779155308766,984981540,
2032245772268290113,Fri Mar 13 00:02:04 +0000 2026,0,blue pra sempre te amo blue,2032245772268290113,,,pt,,0,0,0,https://x.com/undefined/status/2032245772268290113,3312111479,
2032238836550406398,Fri Mar 13 00:02:03 +0000 2026,1,@anniedufour99 Too bad it wasn t a Norwegian Blue.,2032245768187220406,,anniedufour99,en,,0,0,0,https://x.com/undefined/status/2032245768187220406,14892665,
2032245761899978862,Fri Mar 13 00:02:01 +0000 2026,1,Top Deal: #Nike Air Max 90 Golf University Blue on sale 44% off No code needed click here to order-&gt; https://t.co/7o2KYiV4I8 ad https://t.co/oJ1YRo2LTk,2032245761899978862,https://pbs.twimg.com/media/HDP8wGHWsAEbQDk.jpg,,en,,0,0,1,https://x.com/undefined/status/2032245761899978862,396779192,
2031892473052873214,Fri Mar 13 00:02:00 +0000 2026,0,@Mistadamage @LiddellClaying @ipaddockapps Destroying mature blue gum plantations after decades of investment what a political waste.,2032245756866777353,,Mistadamage,en,,0,0,0,https://x.com/undefined/status/2032245756866777353,1517904251925987333,
2032125846400430448,Fri Mar 13 00:01:59 +0000 2026,0,@AllGenHipHop I liked The Last Meal Blue Caroet Treatment is dope though,2032245753012179062,,AllGenHipHop,en,,0,0,0,https://x.com/undefined/status/2032245753012179062,33080185,
2032230369110405225,Fri Mar 13 00:01:59 +0000 2026,6,@bonchieredstate The United States is like the Bonnie Blue of countries. We let anyone in.,2032245751284449534,,bonchieredstate,en,,0,0,1,https://x.com/undefined/status/2032245751284449534,1514223364684103685,
2032237138931007682,Fri Mar 13 00:01:58 +0000 2026,0,@deukaeT_T https://t.co/NSS82o8oje,2032245749573095804,https://pbs.twimg.com/tweet_video_thumb/HDP8vImaUAAI2Kn.jpg,deukaeT_T,qme,,0,1,0,https://x.com/undefined/status/2032245749573095804,1843436462332882944,
2032004034601640142,Fri Mar 13 00:01:58 +0000 2026,1,@ursultrymia Blue,2032245747798757439,,ursultrymia,en,,0,0,0,https://x.com/undefined/status/2032245747798757439,2011682309821321216,
2032171732417552538,Fri Mar 13 00:01:57 +0000 2026,0,@softmusees @gothminyoongi NAUR it s okay i can never forget tho blue joon was a cultural reset ssjjs,2032245746217726426,,softmusees,en,,0,0,0,https://x.com/undefined/status/2032245746217726426,1372063376180793346,
2032245730254135611,Fri Mar 13 00:01:54 +0000 2026,7,やばいです！とっても嬉しい日が決まりました！！！！ 4/19(日) 名古屋sunset BLUE 大好きな京夏さんとかとうめいさんと 3Man Live 愛おしい日にします！！ ぜひご予約、たくさん！DMにてお待ちしています,2032245730254135611,,,ja,,0,0,2,https://x.com/undefined/status/2032245730254135611,3225064760,
2032245724176662829,Fri Mar 13 00:01:52 +0000 2026,0,The other famous blue colored characters in Rumble,2032245724176662829,,,en,,0,0,0,https://x.com/undefined/status/2032245724176662829,948788191108059136,
2032004034601640142,Fri Mar 13 00:01:51 +0000 2026,1,@ursultrymia Blue,2032245719935971677,,ursultrymia,en,,0,0,0,https://x.com/undefined/status/2032245719935971677,1868053336433287168,
2031954066738401685,Fri Mar 13 00:01:49 +0000 2026,0,@KaiserE51647 @lombref424343 @Sasukeonigiri @OrewaFriend DS and Blue Lock fan nigga you in the same boat https://t.co/kGgxDUVvhk,2032245709656019069,https://pbs.twimg.com/media/HDP8s0ZbUAACEfO.jpg,KaiserE51647,en,,0,0,0,https://x.com/undefined/status/2032245709656019069,1741361394392420352,
2032160793194872940,Fri Mar 13 00:01:48 +0000 2026,1,@hyesemble BABY BLUE MONSTA X,2032245707671769135,,hyesemble,en,,0,0,0,https://x.com/undefined/status/2032245707671769135,1197135240214536192,
2032245467938246769,Fri Mar 13 00:01:46 +0000 2026,0,$OWL /blue balls https://t.co/eeUf2tTrT3,2032245696867484073,https://pbs.twimg.com/media/HDP8sF0bQAMHTlU.jpg,w1sper1ngw1nd,en,,0,1,0,https://x.com/undefined/status/2032245696867484073,1847523772846526464,
2032245691398177240,Fri Mar 13 00:01:44 +0000 2026,0,Ndv Cooling Equipments | Blue Star Authorised Commercial Deep Freeze ..For more info visit...https://t.co/myXTziHFlF https://t.co/8m1wxjMyVX,2032245691398177240,https://pbs.twimg.com/media/HDP8r70bQAMxBQB.jpg,,en,,0,0,0,https://x.com/undefined/status/2032245691398177240,1963474681677451266,
2032244259823182261,Fri Mar 13 00:01:42 +0000 2026,10,@viktordarling No? *Jayce repeats incredulously. He picks up the statement reading it off.* $328 at Blue Button Boutique. $48 at Camille's Sweets and Treats. $141 at Piltover Fine Jewlers. *He scoffs.* What do you mean /no/?,2032245682753384770,,viktordarling,en,,0,1,0,https://x.com/undefined/status/2032245682753384770,2024110844926410752,
2032245681021407738,Fri Mar 13 00:01:42 +0000 2026,0,Ndv Cooling Equipments | Blue Star Authorised Commercial Deep Freeze ..For more info visit...https://t.co/zqI7Qvi2li https://t.co/DAPoOOiFLV,2032245681021407738,https://pbs.twimg.com/media/HDP8rTxb0AAapQA.jpg,,en,,0,0,0,https://x.com/undefined/status/2032245681021407738,1963474681677451266,
2032220176666497043,Fri Mar 13 00:01:40 +0000 2026,0,@TheChiefNerd Do you know why Florida and Texas are turning blue? Because all the Democrats and liberals with any money are fleeing NY and CA to escape the liberal hellholes they created. Then they will vote the same way to make their new states...blue.,2032245674557702515,,TheChiefNerd,en,,0,0,0,https://x.com/undefined/status/2032245674557702515,1502293045269651466,
2032245671198372080,Fri Mar 13 00:01:39 +0000 2026,0,It is still a mystery of how Peanut looks so good on every team uniforms and now I want him in drx jacket The blue one.,2032245671198372080,,,en,,0,0,0,https://x.com/undefined/status/2032245671198372080,2030186259398938625,
2032245669931757964,Fri Mar 13 00:01:39 +0000 2026,0,Ndv Cooling Equipments | Blue Star Authorised Commercial Deep Freeze ..For more info visit...https://t.co/2kdkFE2weu https://t.co/MDQBjcAYy1,2032245669931757964,https://pbs.twimg.com/media/HDP8qphaoAAzR_-.jpg,,en,,0,0,0,https://x.com/undefined/status/2032245669931757964,1963474681677451266,
2032221563794383299,Fri Mar 13 00:01:37 +0000 2026,1,@ozpatriot90 Very interesting thanks for the heads up on that one. They even did it with a blue beam didn't they?,2032245662646173966,,ozpatriot90,en,,0,1,0,https://x.com/undefined/status/2032245662646173966,1558216692857073664,
2032245648892772745,Fri Mar 13 00:01:34 +0000 2026,0,*Queue Everest College commercial circa 2010* You're sitting on the couch you're watching tv and your life is passing you by Go like and subscribe to my Youtube channel while you doom scroll! https://t.co/ToV6oIlIHp,2032245648892772745,,,en,,0,1,0,https://x.com/undefined/status/2032245648892772745,1400500757623939072,
2032245647802597488,Fri Mar 13 00:01:34 +0000 2026,3,Beans was the honorary shepherd today. She decided it was too much work so she tapped out after this photo https://t.co/pE2Yu9dZzv,2032245647802597488,https://pbs.twimg.com/media/HDP8oyJa0AA2fyO.jpg,,en,,0,0,0,https://x.com/undefined/status/2032245647802597488,3076052887,
2032245645705154806,Fri Mar 13 00:01:33 +0000 2026,0,1.500 usuários já usam o Blue Cripto pra organizar IR. Conecta nas exchanges importa dados gera relatório. [https://t.co/7p0Gd5sx4Y](https://t.co/7p0Gd5sx4Y),2032245645705154806,,,pt,,0,0,0,https://x.com/undefined/status/2032245645705154806,53039681,
2032245637207712154,Fri Mar 13 00:01:31 +0000 2026,0,Ndv Cooling Equipments | Blue Star Authorised Commercial Deep Freeze ..For more info visit...https://t.co/P2RdrhBpXD https://t.co/H8IaK8w9Nc,2032245637207712154,https://pbs.twimg.com/media/HDP8owYa0AAZwKK.jpg,,en,,0,0,0,https://x.com/undefined/status/2032245637207712154,1963474681677451266,
2031901526717767926,Fri Mar 13 00:01:31 +0000 2026,1,@nickshirleyy @GavinNewsom @dpakman It has nothing to do with his manhood (or lack of it) fraud in California Minnesota and other blue states is I believe systematic and coordinated by the entire Democrat Party to seize power on a large scale. If I m proven right the People will seek revenge.,2032245636620337192,,nickshirleyy,en,,0,0,0,https://x.com/undefined/status/2032245636620337192,1804255506724511744,
2032195232549245207,Fri Mar 13 00:01:30 +0000 2026,1,@Frederik__e @ChowaniecKasia @welt What is the German language threshold on this map? Because it looks like something like 3% would be enough to mark the area in blue. Is Warsaw a German there? The entirety of the future Polish Corridor had a radically Polish majority for example.,2032245630995693632,,Frederik__e,en,,0,2,0,https://x.com/undefined/status/2032245630995693632,1120348420709941248,
2032069229965701501,Fri Mar 13 00:01:29 +0000 2026,0,@poohthebear0 @michikoconuts A Blue Morpho https://t.co/mBxu9P6S5j,2032245629271851399,https://pbs.twimg.com/media/HDP8oPbaIAA5xa6.jpg,poohthebear0,en,,0,0,0,https://x.com/undefined/status/2032245629271851399,2869531945,
2032245626336133165,Fri Mar 13 00:01:29 +0000 2026,0,Ndv Cooling Equipments | Blue Star Authorised Commercial Deep Freeze ..For more info visit...https://t.co/coNxERf0p4 https://t.co/5m8qcdzqoM,2032245626336133165,https://pbs.twimg.com/media/HDP8oJ6bQAMyO_a.jpg,,en,,0,0,0,https://x.com/undefined/status/2032245626336133165,1963474681677451266,
2032004034601640142,Fri Mar 13 00:01:28 +0000 2026,1,@ursultrymia Blue,2032245622078648346,,ursultrymia,en,,0,0,0,https://x.com/undefined/status/2032245622078648346,2030730121221406720,
2032106673184125328,Fri Mar 13 00:01:27 +0000 2026,0,@Bluegrassarts You really are talented Blue. I'm proud of you.,2032245620019241186,,Bluegrassarts,en,,0,0,0,https://x.com/undefined/status/2032245620019241186,928684804186562561,
2032243589086949733,Fri Mar 13 00:01:25 +0000 2026,0,@EnyiNnabuihe Oh it's not. I'm in the middle of Blue Moon and I fear it's not Ethan too.,2032245610787848255,,EnyiNnabuihe,en,,0,1,0,https://x.com/undefined/status/2032245610787848255,1136697788538994688,
2032222411848925357,Fri Mar 13 00:01:23 +0000 2026,0,@Blue_Footy Chelsea don't want him either. Lolz . They can big him up with their mouth he's not good enough,2032245602881257713,,Blue_Footy,en,,0,0,0,https://x.com/undefined/status/2032245602881257713,1425628897450864640,
2032245589463982235,Fri Mar 13 00:01:20 +0000 2026,3,Blue Jay for #ThursJay https://t.co/CwBZyOt6cJ,2032245589463982235,https://pbs.twimg.com/media/HDP8l78bQAAfZge.jpg,,en,,0,0,0,https://x.com/undefined/status/2032245589463982235,1974241719727362048,
2032228041519255830,Fri Mar 13 00:01:19 +0000 2026,3,@mattforney If Michigan goes red and Ohio goes blue this midterm I will laugh my ass off.,2032245585462325672,,mattforney,en,,0,1,0,https://x.com/undefined/status/2032245585462325672,1614019371495575556,
2032245583700742314,Fri Mar 13 00:01:19 +0000 2026,0,From finding a boat in Ghana to frequent trips to Abidjan for blue marlin this is the story of how epic fishing expeditions began in a remote location. #Ghana #Fishing #Abidjan https://t.co/7oS37IwzK8,2032245583700742314,https://pbs.twimg.com/amplify_video_thumb/2032245521033707520/img/45RzsIt9lF8LL-eJ.jpg,,en,,0,0,0,https://x.com/undefined/status/2032245583700742314,348406691,
2032160169350607142,Fri Mar 13 00:01:17 +0000 2026,0,@ShaforGuy16272 I could never tell you voted blue lmao. And if you must know im from an American. Why does it matter? What does ut have to do with my question. And you may be the only liberal to not co stantly call all right leaning or even centrists nazis and pedo protectors for disagreement,2032245576385839443,,ShaforGuy16272,en,,0,1,0,https://x.com/undefined/status/2032245576385839443,1998854256343023616,
2031954731204067388,Fri Mar 13 00:01:15 +0000 2026,0,@mleighd86 Highest paid tight end that was born 3 Tuesdays after the first blue moon of the decade. Duh.,2032245569901535307,,mleighd86,en,,0,0,0,https://x.com/undefined/status/2032245569901535307,847805605553201152,
2032245567250972991,Fri Mar 13 00:01:15 +0000 2026,0,Walking under a clear blue sky. https://t.co/bT33avOHkD,2032245567250972991,https://pbs.twimg.com/media/HDP73tYbIAAQLSn.jpg,,en,,0,0,0,https://x.com/undefined/status/2032245567250972991,1077299131888984064,
2032169786981925117,Fri Mar 13 00:01:11 +0000 2026,0,@Slipmatt I sed to mix this with the blue one because im an idiot,2032245551463293286,,Slipmatt,en,,0,0,0,https://x.com/undefined/status/2032245551463293286,1376301310526554283,
2032235958259552662,Fri Mar 13 00:01:10 +0000 2026,0,@ShanelGulfCoast that water would've been a different color than blue that's all ima say,2032245547273187570,,ShanelGulfCoast,en,,0,0,1,https://x.com/undefined/status/2032245547273187570,1580647812265639938,
2032229409428537651,Fri Mar 13 00:01:04 +0000 2026,2,@lonesomebarns She wanted to know his carnally was crazy blue ,2032245521835049031,,lonesomebarns,en,,0,1,0,https://x.com/undefined/status/2032245521835049031,1148476599810940928,
2032168828642246731,Fri Mar 13 00:01:03 +0000 2026,0,@demonium_pn95 @wondergrrrl_ Por quéMás bien es muy bueno pues deja claro el apoyo hacia Blue Beetle (no es una joya pero no merecía fracasar) y teniendo en cuenta que es parte del DCU con serie animada en camino continuando la película no extrañaría verlo en Superman. Espero algún día se incorpore bien.,2032245517908865217,,demonium_pn95,es,,0,0,0,https://x.com/undefined/status/2032245517908865217,1569043046582390785,
2031920464952774767,Fri Mar 13 00:01:02 +0000 2026,0,@JeanGreige If only Iran targeted blue hair,2032245513420955907,,JeanGreige,en,,0,0,0,https://x.com/undefined/status/2032245513420955907,2007525463095468032,
2032241414960988205,Fri Mar 13 00:01:01 +0000 2026,1,@real6scara Weeellll.. [ He pauses trying to think of a reasonable excuse. There wasn't a particular reason he just wanted to put bows on his other selves. ] .. One's blue and the other is pink? (⁠.⁠ ⁠⁠ ⁠ᴗ⁠ ⁠⁠.⁠),2032245509579010407,,real6scara,en,,0,1,0,https://x.com/undefined/status/2032245509579010407,1825922987977043968,
2032245509520560143,Fri Mar 13 00:01:01 +0000 2026,0,i don t understand why christian louboutin can t make blue bottoms,2032245509520560143,,,en,,0,0,0,https://x.com/undefined/status/2032245509520560143,1201329681833742336,
2032245260655485353,Fri Mar 13 00:01:00 +0000 2026,0,@Mommy_Dawn_ Have Fun~ (I Can t Join Because Blue Twitch is Not Behaving!!! (I m a Horrible Parent )),2032245507649667247,,Mommy_Dawn_,en,,0,0,0,https://x.com/undefined/status/2032245507649667247,1797809561367105536,
2022706868473487724,Fri Mar 13 00:01:00 +0000 2026,0,@E123__Omega [Luckily she couldn't tell due to his robotic tone and general lack of facial features.] Ah look! [Coming closer to a flower the rabbit delicately snaps it out of the ground and shows it to Omega.] It's a blue rose! It's pretty isn't it?,2032245504768106640,,E123__Omega,en,,0,0,0,https://x.com/undefined/status/2032245504768106640,1333937732431835138,
2032245503220728288,Fri Mar 13 00:00:59 +0000 2026,0,Blue Springs Live Stream https://t.co/32Usq0kCEt,2032245503220728288,,,en,,0,0,0,https://x.com/undefined/status/2032245503220728288,1306806328455622656,
2032245498782879941,Fri Mar 13 00:00:58 +0000 2026,5,Fake Fact Lips and now Life in Smokey Blue looks like I ll be getting into BL dramas,2032245498782879941,,,en,,0,0,2,https://x.com/undefined/status/2032245498782879941,1042059810949222400,
2032164066706207192,Fri Mar 13 00:00:55 +0000 2026,1,@rae_chloe133 Still got one that s better How much coins did you use And we re is your blue tick,2032245485486940265,,rae_chloe133,en,,0,0,0,https://x.com/undefined/status/2032245485486940265,1809716277969289216,
2032166238453944356,Fri Mar 13 00:00:54 +0000 2026,0,@theseang @BigBlueVCR Is this a cryptic message? Hmmm. Go Big Blue! Oh and yes Join me. https://t.co/HFZ1bda5V4,2032245482425045354,,theseang,en,,0,2,0,https://x.com/undefined/status/2032245482425045354,41470710,
2032004034601640142,Fri Mar 13 00:00:54 +0000 2026,1,@ursultrymia Blue,2032245480504148183,,ursultrymia,en,,0,0,0,https://x.com/undefined/status/2032245480504148183,1682136073567076352,
2032245479870734461,Fri Mar 13 00:00:54 +0000 2026,0,updated my phone and now the emoji has black speechlines instead of the blue ones a change i dislike cause the blue was striking and clearly distinguished the effects of the speech from the talking heads #howdidigethere? #thisisnotmybeautifulemoji little Talking Heads ref ,2032245479870734461,,,en,,0,0,0,https://x.com/undefined/status/2032245479870734461,1565437410837757952,
2032245478792876201,Fri Mar 13 00:00:54 +0000 2026,0,Parei pra pensar e tem MUITO jogador burro no chelsea. Eu já sabia disso tanto que sempre reclamo mas nunca parei pra contar. Jp Palmer Enzo Caicedo Lavia Andrey RJ e Colwill são ao meu ver os únicos com QI na média. O resto é muito abaixo.,2032245478792876201,,,pt,,0,1,0,https://x.com/undefined/status/2032245478792876201,1628149288373985282,
2031825721040003468,Fri Mar 13 00:00:53 +0000 2026,0,@IranPressp0k Something blue isn't blue. https://t.co/oL4qML74qB,2032245474988548096,https://pbs.twimg.com/media/HDP8fVAWIAEn44C.jpg,IranPressp0k,en,,0,0,0,https://x.com/undefined/status/2032245474988548096,1092106468608933895,
2032081048641667424,Fri Mar 13 00:00:51 +0000 2026,0,@ennui365 Florida is blue??,2032245468017873072,,ennui365,en,,0,0,0,https://x.com/undefined/status/2032245468017873072,2019295424272834560,
2032245467938246769,Fri Mar 13 00:00:51 +0000 2026,0,https://t.co/XwUT0sRiEQ https://t.co/aFdq0Wgf0X,2032245467938246769,https://pbs.twimg.com/media/HDP8eo2bQAApMke.jpg,,zxx,,0,1,0,https://x.com/undefined/status/2032245467938246769,1847523772846526464,
2032125899491946650,Fri Mar 13 00:00:50 +0000 2026,0,@AMNews_Updates Really! Not happy. The blue eyes made it unique!!! Like come on!!! Why do all the pets HALF to have black eyes!!!!,2032245464154693908,,AMNews_Updates,en,,0,0,1,https://x.com/undefined/status/2032245464154693908,1505578823978524679,
2032238967513350366,Fri Mar 13 00:00:48 +0000 2026,0,@reonagispain i don't trust people that don't have trust in their top 3. like why are you even mari blue lock ..?,2032245453308534943,,reonagispain,en,,0,0,0,https://x.com/undefined/status/2032245453308534943,2009937319650836480,
2032245450472878499,Fri Mar 13 00:00:47 +0000 2026,0,you can be the prettiest pink in the world.. it don t matter if his favorite color is blue,2032245450472878499,,,en,,0,0,0,https://x.com/undefined/status/2032245450472878499,1084881030765596672,
2032245443829104683,Fri Mar 13 00:00:45 +0000 2026,0,Heading Into Blue A Classic R&amp;B Road Lyric Video https://t.co/WzunfnRMvT via @YouTube Get ready for this absolute killer! Song goes live 3/27!,2032245443829104683,,,en,,0,0,0,https://x.com/undefined/status/2032245443829104683,1983971846317076482,
2032243339253149797,Fri Mar 13 00:00:45 +0000 2026,0,@TheBigDoink_ i just eat blue smurf ones. yeah it s true and i said what i said. deal with it. ,2032245443628057048,,TheBigDoink_,en,,0,0,0,https://x.com/undefined/status/2032245443628057048,1585820199135039490,
2032115337915695521,Fri Mar 13 00:00:45 +0000 2026,0,@IvanMela359142 @LoskaYosk @DoooGotee if Yell Goku black had the super baby 2 effect where he draws a blue( 3 times ) when his gauge is full it ll make him so much better.,2032245441262211142,,IvanMela359142,en,,0,0,0,https://x.com/undefined/status/2032245441262211142,1170908470356393984,
2032245439282757757,Fri Mar 13 00:00:44 +0000 2026,0,Ndv Cooling Equipments | Blue Star Authorised Commercial Deep Freeze ..For more info visit...https://t.co/3RvepTfsbK https://t.co/D5VQkUDqv4,2032245439282757757,https://pbs.twimg.com/media/HDP8dPUbQAI05LC.jpg,,en,,0,0,0,https://x.com/undefined/status/2032245439282757757,1963474681677451266,
2032087245348372821,Fri Mar 13 00:00:44 +0000 2026,0,@Honorary_Titan The navy blue alternates of these were fire. Much better than the deep waters rivalry trash nike trotted out this past season.,2032245438418461063,,Honorary_Titan,en,,0,0,0,https://x.com/undefined/status/2032245438418461063,1399382163129257987,
2032220406090801419,Fri Mar 13 00:00:43 +0000 2026,1,@amymac0215 Blue and Silver Cowboys colors,2032245433834045502,,amymac0215,en,,0,0,0,https://x.com/undefined/status/2032245433834045502,760184589105192960,
2032245430004670627,Fri Mar 13 00:00:42 +0000 2026,0,Nordic-Tanzania partnership empowers youth-led blue economy startups to drive innovation sustainability and ocean protection. https://t.co/ST0SsNIaje https://t.co/pBLH4N95VJ,2032245430004670627,https://pbs.twimg.com/media/HDP8cviX0AAPTa5.jpg,,en,,0,0,0,https://x.com/undefined/status/2032245430004670627,4096884855,
2032245429648179218,Fri Mar 13 00:00:42 +0000 2026,1,Brother man I really appreciate your effort against gambling I thank God for my life now and free form gambling bondage Just got the blue tick few mins ago Although I m In your dm asking how to get it but I finally get it done myself God bless you,2032245429648179218,,,en,,0,0,0,https://x.com/undefined/status/2032245429648179218,1945047850930319360,
2032245428952187197,Fri Mar 13 00:00:42 +0000 2026,0,2 Chainz - Blue Cheese ft. Migos (Official Music Video) https://t.co/wlb9XEHFIJ via @YouTube,2032245428952187197,,,en,,0,0,0,https://x.com/undefined/status/2032245428952187197,1852884410007429120,
2032245428587282458,Fri Mar 13 00:00:42 +0000 2026,0,Amazed and astonished that how badly these Blue ticked Indian Accounts Spreading Hate After Kavya Maran Signed Abrar Ahmad for The Hundred. Its Not Even IPL #TheHundred #SunrisersLeeds #KavyaMaran,2032245428587282458,,,en,,0,0,0,https://x.com/undefined/status/2032245428587282458,263561563,
2032245426762760469,Fri Mar 13 00:00:41 +0000 2026,0,Ndv Cooling Equipments | Blue Star Authorised Commercial Deep Freeze ..For more info visit...https://t.co/nmFK6rfS4z https://t.co/Xqe34KeDy3,2032245426762760469,https://pbs.twimg.com/media/HDP8cjAaoAAHaBY.jpg,,en,,0,0,0,https://x.com/undefined/status/2032245426762760469,1963474681677451266,
2032245424875057478,Fri Mar 13 00:00:41 +0000 2026,0,Sail into scenes straight out of a postcard. Europe is calling-whitewashed cliffs endless blue waters and the stunning Celebrity Beyond ready to take you there in style. Contact me today to book your European getaway! 🇬🇷 #bookcelebritycruises #europe #celebritybeyond [b https://t.co/doPU576tdm,2032245424875057478,https://pbs.twimg.com/media/HDP8ceYWoAA7hGG.jpg,,en,,0,0,0,https://x.com/undefined/status/2032245424875057478,1586834281392807936,
2032088457246310545,Fri Mar 13 00:00:40 +0000 2026,0,@Bluehorseshoe22 @hbgolfusa Props to you for having more colors than just blue!!!!,2032245422505247027,,Bluehorseshoe22,en,,0,0,0,https://x.com/undefined/status/2032245422505247027,461093413,
2032245416583184523,Fri Mar 13 00:00:39 +0000 2026,0,me when i m development sisters and see a blue twink get popular so we don t want to kill him and we play it safe by making him the new big bad just so we can keep milking his character and get more money https://t.co/z7w253XmKk,2032245416583184523,https://pbs.twimg.com/amplify_video_thumb/2032245343761678338/img/mO1txveT1vpLlwro.jpg,,en,,0,1,0,https://x.com/undefined/status/2032245416583184523,996648158804426755,
2032245416037925233,Fri Mar 13 00:00:39 +0000 2026,0,Ndv Cooling Equipments | Blue Star Authorised Commercial Deep Freeze ..For more info visit...https://t.co/yMznTWHnxH https://t.co/Mf0enGD2zf,2032245416037925233,https://pbs.twimg.com/media/HDP8b6RbQAIW66k.jpg,,en,,0,0,0,https://x.com/undefined/status/2032245416037925233,1963474681677451266,
2032245408085516699,Fri Mar 13 00:00:37 +0000 2026,13,9時です⏰ 住吉美紀がお送りする #BlueOcean 気持ちいい風を浴びながらこの曲を聴く RN：やんすけ さんからのレコメンド JUDY AND MARY 「 散歩道 」OA 生放送のご参加は画像をタップ https://t.co/I6OAZGveUH #TOKYOFM #radiko #レコメンドフライデー https://t.co/IYSBosCO7U,2032245408085516699,https://pbs.twimg.com/media/HDP8SEKbQAQQpXE.jpg,,ja,,1,0,1,https://x.com/undefined/status/2032245408085516699,536991714,
2032245406902436044,Fri Mar 13 00:00:36 +0000 2026,9,Blue red and green,2032245406902436044,,,en,,0,0,1,https://x.com/undefined/status/2032245406902436044,1442162855571169297,
2031921320506577287,Fri Mar 13 00:00:36 +0000 2026,0,@ambermarieduke @JackPosobiec Welcome to every blue state or city. I m sickened.,2032245405681938744,,ambermarieduke,en,,0,0,0,https://x.com/undefined/status/2032245405681938744,1888681494279061504,
2032245405002437032,Fri Mar 13 00:00:36 +0000 2026,0,NEWS:¡Nuevo producto en nuestra tienda! *Blue Hearts Swimsuit* Precio: $44.95 Compra ahora: https://t.co/30vJYYX6Kd,2032245405002437032,,,es,,0,0,0,https://x.com/undefined/status/2032245405002437032,1921203301174964224,
2032183729943085106,Fri Mar 13 00:00:34 +0000 2026,0,@jdpritchett @RepKeithSelf @LeaderJohnThune Vote blue anyway. https://t.co/88Ql1z6cQF,2032245397544931596,https://pbs.twimg.com/tweet_video_thumb/HDP8aiVWgAI6aoL.jpg,jdpritchett,en,,0,0,0,https://x.com/undefined/status/2032245397544931596,1723194547147046912,
2032061187240697965,Fri Mar 13 00:00:34 +0000 2026,0,@hendu442 Go Blue!!!,2032245395967918320,,hendu442,en,,0,0,0,https://x.com/undefined/status/2032245395967918320,612688865,
2032245392964812913,Fri Mar 13 00:00:33 +0000 2026,0,Who up rn drowning in da blue nile⁉️,2032245392964812913,,,en,,0,0,0,https://x.com/undefined/status/2032245392964812913,965667566738903041,
2032085926982078763,Fri Mar 13 00:00:32 +0000 2026,0,@atrupar The US gets its ass handed to it by rice farmers and goat herders. Over and over and over and over again. https://t.co/ZWgX8Dvo3g,2032245388439076872,https://pbs.twimg.com/media/HDP8aHIbQAM2byJ.jpg,atrupar,en,,0,0,0,https://x.com/undefined/status/2032245388439076872,1712634847632764928,
2032245369556406698,Fri Mar 13 00:00:28 +0000 2026,3,Score update ... Bulldogs 51 | Blue Raiders 42 ⏰ 10:23 2nd Half https://t.co/dQhmDu25PV,2032245369556406698,https://pbs.twimg.com/media/HDP8XoEXwAEws-s.jpg,,en,,0,0,0,https://x.com/undefined/status/2032245369556406698,384400873,
2032245366360289502,Fri Mar 13 00:00:27 +0000 2026,0,start vitinha and pogba bench fede and sell that thing in blue.,2032245366360289502,,,en,,0,0,0,https://x.com/undefined/status/2032245366360289502,1830789021527609344,
2032216289226191222,Fri Mar 13 00:00:26 +0000 2026,0,@gaye_gallops @TeamTrump47 All blue states want this!,2032245361335468333,,gaye_gallops,en,,0,0,0,https://x.com/undefined/status/2032245361335468333,1877447534341165056,
2032245359490265455,Fri Mar 13 00:00:25 +0000 2026,0,今日のカラーバス：ピジョンブルー pigeon blue 身の回りでこの色を探し、写真を撮ってアップしてみましょう #カラーバス #colorbath #ピジョンブルー https://t.co/VMTH1eODKE,2032245359490265455,,,ja,,0,0,0,https://x.com/undefined/status/2032245359490265455,308085335,
2031894735971844282,Fri Mar 13 00:00:24 +0000 2026,0,@toddstarnes Too busy deporting US citizens kids in blue bunny hats and day laborers I guess?,2032245356189147455,,toddstarnes,en,,0,0,0,https://x.com/undefined/status/2032245356189147455,758753048390950912,
2032245348467360022,Fri Mar 13 00:00:23 +0000 2026,0,Spring stitching is officially here with a new freebie! I teamed up with #Valdani Threads to bring you this sweet design filled with cozy spring charm. Stitched with beautiful Valdani 6‑ply Floss on Valdani Stitcher s Cloth. - Blue Ribbon Designs https://t.co/m5Ot2umK84 https://t.co/TMNIkjBu4u,2032245348467360022,https://pbs.twimg.com/media/HDP8X7uXwAEopek.jpg,,en,,0,0,0,https://x.com/undefined/status/2032245348467360022,815736224,
2032245344617316830,Fri Mar 13 00:00:22 +0000 2026,0,In blue states it is a cultured virus to destroy USA,2032245344617316830,,,en,,0,0,0,https://x.com/undefined/status/2032245344617316830,852026660,
2032245340846412116,Fri Mar 13 00:00:21 +0000 2026,0,I love them all my childhood was Blue Scooby Clifford &amp; Spot though ,2032245340846412116,,,en,,0,0,0,https://x.com/undefined/status/2032245340846412116,2377644751,
2032245332172734725,Fri Mar 13 00:00:19 +0000 2026,2,Want to mimosa the easy way this St. Patrick s Day? ️ Just grab some OJ and a bottle of Borrasca Blue sparkling wine and you re good to go. Brunch just got lucky. https://t.co/Gu1HEdSa7u,2032245332172734725,https://pbs.twimg.com/media/HDP8S8TaIAAWidL.jpg,,en,,0,0,0,https://x.com/undefined/status/2032245332172734725,19766494,
2032093383372714085,Fri Mar 13 00:00:19 +0000 2026,0,@gregorykennedy It s a hoax Florida is now California you have no clue how much power they have Florida was blue and going back blue faster than you can say hurricane,2032245332101226845,,gregorykennedy,en,,0,0,0,https://x.com/undefined/status/2032245332101226845,1873542285864112128,
2032206046685495636,Fri Mar 13 00:00:17 +0000 2026,1,@TawhakiTheGod @grok How come you get a blue check and not me? Grok just tells me to Grok off when I ask him things now,2032245327365865593,,TawhakiTheGod,en,,0,1,0,https://x.com/undefined/status/2032245327365865593,1645244228761538566,
2032214270650221007,Fri Mar 13 00:00:17 +0000 2026,1,@TrumpsHurricane She's high... green and blue people! What the hell are they grabbing?,2032245324551766442,,TrumpsHurricane,en,,0,0,1,https://x.com/undefined/status/2032245324551766442,2027274825681825792,
2032245315525398835,Fri Mar 13 00:00:15 +0000 2026,0,Octopuses have three hearts: two pump blood through the gills and one circulates it to the rest of the body. They also have blue blood!,2032245315525398835,,,en,,0,0,0,https://x.com/undefined/status/2032245315525398835,1986265083216076807,
2032245311364829277,Fri Mar 13 00:00:14 +0000 2026,8, X just agreed to overhaul its blue-check verification system in the EU after a €120 million ($138M) fine. Regulators called the paid Premium ticks deceptive they no longer meaningfully verify identity or authenticity under the Digital Services Act. X has now submitted https://t.co/cWEhMS1p3Z,2032245311364829277,https://pbs.twimg.com/media/HDP8TXcbQAATbnV.jpg,,en,,1,1,2,https://x.com/undefined/status/2032245311364829277,2598547074,
2032169786981925117,Fri Mar 13 00:00:13 +0000 2026,1,@Slipmatt Shot of red after shock Shot of blue after shock mixed into a bottle of Smirnoff ice. We called it a Union Jack.,2032245309858779561,,Slipmatt,en,,0,0,0,https://x.com/undefined/status/2032245309858779561,1794478426948055040,
2032241291031966051,Fri Mar 13 00:00:13 +0000 2026,0,@marcweiszer Blue isn t trying tonight,2032245309175423200,,marcweiszer,en,,0,0,0,https://x.com/undefined/status/2032245309175423200,409440520,
2032245303231869403,Fri Mar 13 00:00:12 +0000 2026,0,Etowah football hires alum Davin Hawkins to rebuild Blue Devil program https://t.co/QLv9m3WGkM,2032245303231869403,,,en,,0,0,0,https://x.com/undefined/status/2032245303231869403,15751559,
2032245296093384796,Fri Mar 13 00:00:10 +0000 2026,0,Ndv Cooling Equipments | Blue Star Authorised Commercial Deep Freeze ..For more info visit...https://t.co/V6CtrRItrM https://t.co/CU8hA7uW6O,2032245296093384796,https://pbs.twimg.com/media/HDP8U7vbsAA3Cv2.jpg,,en,,0,0,0,https://x.com/undefined/status/2032245296093384796,1963474681677451266,
2031987050069864631,Fri Mar 13 00:00:10 +0000 2026,0,@PieceOfJayVA @SmudgerOfSodor Nwr blue,2032245294683783396,,PieceOfJayVA,en,,0,0,0,https://x.com/undefined/status/2032245294683783396,1874294249966960641,
2031762824536416554,Fri Mar 13 00:00:09 +0000 2026,0,@HypeDrop Christopher mm ink blue Louis Vuitton,2032245292620296546,,HypeDrop,en,,0,0,0,https://x.com/undefined/status/2032245292620296546,1878422185414385664,
2032244704310673756,Fri Mar 13 00:00:09 +0000 2026,0,code : BLUE OWL Stocks Slump on Iran War and Credit Woes https://t.co/des5sK7nn8,2032245291697783125,,w1sper1ngw1nd,en,,0,0,0,https://x.com/undefined/status/2032245291697783125,1847523772846526464,
2032154430213071354,Fri Mar 13 00:00:09 +0000 2026,1,@lordstanley2019 My screen dims and adds a blue filter in the evening. Lol,2032245291227713759,,lordstanley2019,en,,0,1,0,https://x.com/undefined/status/2032245291227713759,1300858666703355906,
2032143947435225531,Fri Mar 13 00:00:07 +0000 2026,0,@KatrinaCreed Thats some blue ribbon at the school science fair realness https://t.co/4A9UirKqbZ,2032245285007565269,https://pbs.twimg.com/media/HDP8UVVXQAEvSiJ.jpg,KatrinaCreed,en,,0,0,0,https://x.com/undefined/status/2032245285007565269,288930825,
2032245284882038983,Fri Mar 13 00:00:07 +0000 2026,0,Ndv Cooling Equipments | Blue Star Authorised Commercial Deep Freeze ..For more info visit...https://t.co/pVBYPbBckk https://t.co/XYZyNEhMpv,2032245284882038983,https://pbs.twimg.com/media/HDP8URpaoAAC_rO.jpg,,en,,0,0,0,https://x.com/undefined/status/2032245284882038983,1963474681677451266,
2032245283128537161,Fri Mar 13 00:00:07 +0000 2026,0, HALFTIME Florida State Seminoles 44 Duke Blue Devils 43 TIGHT game ,2032245283128537161,,,en,,0,0,0,https://x.com/undefined/status/2032245283128537161,2018497164788240384,
2032237138931007682,Fri Mar 13 00:00:06 +0000 2026,1,@deukaeT_T I m free https://t.co/cDbDh4W816,2032245277122576798,https://pbs.twimg.com/tweet_video_thumb/HDP8TWbaYAAlxS5.jpg,deukaeT_T,en,,0,1,0,https://x.com/undefined/status/2032245277122576798,1843436462332882944,
2032245275310358681,Fri Mar 13 00:00:05 +0000 2026,0,[ #UndiaComoHoy ️ ]El 12 de Marzo de 1955 🇲🇽 : Blue Demon ganó la cabellera de Cavernario Galindo en un Máscara vs. Cabellera en la Arena Coliseo de la Ciudad de México . https://t.co/ssN4NZN41C,2032245275310358681,https://pbs.twimg.com/media/HDP8Tv9X0AAeP0m.jpg,,es,,0,0,0,https://x.com/undefined/status/2032245275310358681,1784339422562897921,
2032202203893788949,Fri Mar 13 00:00:05 +0000 2026,0,@HustleBitch_ I remember my first year I got into little league $5 to sign up $8 bats first glove came from blue chip stamps store . $500 for an aluminum Easton bat is flat out robbery they were considered the equivalent of a huffy bike cheap and you had a few in your closet .,2032245275117699103,,HustleBitch_,en,,0,0,0,https://x.com/undefined/status/2032245275117699103,1591944921245569025,
2032216122318090241,Fri Mar 13 00:00:04 +0000 2026,0,@capitalspidey You should redo this but get a bunch of red and blue spiders to to make the spiders form the red and blue sections of the suit,2032245270927266259,,capitalspidey,en,,0,0,0,https://x.com/undefined/status/2032245270927266259,727617363621740544,
2032142336134693343,Fri Mar 13 00:00:03 +0000 2026,0,@Serendipity1092 @DBZdaily_ DBS the sayain Blue yes. The original sayain expect no.,2032245265877369137,,Serendipity1092,en,,0,0,0,https://x.com/undefined/status/2032245265877369137,240804342,
2032173240735432863,Fri Mar 13 00:00:02 +0000 2026,0,@moremarriott Its Charizard I am sorry. It was my starter all the way back in Pokemon Blue,2032245262983311842,,moremarriott,en,,0,0,0,https://x.com/undefined/status/2032245262983311842,837506156,
2032245259481326027,Fri Mar 13 00:00:01 +0000 2026,0,Today on #SlingWords I have a treat for you. Liz Flaherty aka @LizFlaherty1 is here and she's talking about her newly re-released book Pieces of Blue on sale for #99cents. Don't miss the conversation and the excerpt. https://t.co/m3eawbXiNE #RomanceReads https://t.co/N5Wwu46BIX,2032245259481326027,https://pbs.twimg.com/media/HDJ9wVpbYAAWsg_.jpg,,en,,0,0,0,https://x.com/undefined/status/2032245259481326027,23107830,
2032245259271627145,Fri Mar 13 00:00:01 +0000 2026,90,WATCH then get the TRUTH out there! Criminal Victor Lopez s family has filed a civil rights lawsuit against the Santa Ana PD - they are claiming that he was surrendering to the police before he was shot. So here's the truth: Lopez refused to stop for a traffic stop and https://t.co/ijEGx6Pnhy,2032245259271627145,https://pbs.twimg.com/amplify_video_thumb/2032166752440745985/img/Uxp51_J-3NdIFCSe.jpg,,en,,1,5,36,https://x.com/undefined/status/2032245259271627145,2941665345,
2032245258151436390,Fri Mar 13 00:00:01 +0000 2026,0,みんなやってたので便乗しときます。 カワラボを入れない9曲とカワラボのみ9曲 AKBとμ'sとAqoursに集約されたわｗ (GIVE ME FIVE!とWATER BLUE NEW WORLDは外せない) 重力シンパシーor希望的リフレイン　で悩みました にしてもAKBときゃんちゅーに偏りますね笑 #俺のオタクソング https://t.co/znMLCJxduL,2032245258151436390,https://pbs.twimg.com/media/HDOtrZ-a4AADJz1.jpg,,ja,,0,0,0,https://x.com/undefined/status/2032245258151436390,1246052818051465216,
2032245255945535999,Fri Mar 13 00:00:00 +0000 2026,0,A.I. Generated Art &amp; Lore on the WAX Blockchain Sanctuary of Wizards: Blue Scepters Sanctuary Realms NFT Pack - $8 https://t.co/stCHV16cAc K-SCOPES® Trading Cards and NFT Shop: https://t.co/psxzAKUpjE E-bay https://t.co/TuLdJU96u7 https://t.co/SvOodBI4uX,2032245255945535999,https://pbs.twimg.com/amplify_video_thumb/2032114909236867072/img/HIZ84rcndsWrP750.jpg,,en,,0,0,0,https://x.com/undefined/status/2032245255945535999,243859471,
2032245255337361736,Fri Mar 13 00:00:00 +0000 2026,9,Did you know? This month at #CapcomTown you can play the classic #Mega Man 1~3 for free! Experience the OG blue-bomber action from both PC and smartphone! https://t.co/bYC0GAZc2m Also don't forget... Mega Man Star Force Legacy Collection will be released on March 27th! Geo,2032245255337361736,,,en,,0,1,3,https://x.com/undefined/status/2032245255337361736,1650693459169411072,
2032245252929564995,Fri Mar 13 00:00:00 +0000 2026,188,Perfect blue by xiuxiukong https://t.co/PIpJdU07hz,2032245252929564995,https://pbs.twimg.com/media/HDPa6JebUAAmYFb.jpg,,ca,,0,1,18,https://x.com/undefined/status/2032245252929564995,4166425527,
2032245248265437337,Thu Mar 12 23:59:59 +0000 2026,0,#1 Duke trails #8 FSU at halftime 44-43. Down two starters and the Blue Devils are feeling it. Upset or survival at 11 on @WLOS_13 https://t.co/YnXJRtWDQu,2032245248265437337,https://pbs.twimg.com/media/HDP8RSnbQAE_Ffn.jpg,,en,,0,0,0,https://x.com/undefined/status/2032245248265437337,265751487,
2032237745523892356,Thu Mar 12 23:59:57 +0000 2026,0,@CATRacingStable No Blue Runner. Looks great!,2032245242393419784,,CATRacingStable,en,,0,0,0,https://x.com/undefined/status/2032245242393419784,922145207499534336,
2032245240334098942,Thu Mar 12 23:59:57 +0000 2026,1,puta merda como eu amo academia e rap de blue lock vsff,2032245240334098942,,,pt,,0,0,0,https://x.com/undefined/status/2032245240334098942,1774978771738636288,
2032185682672951463,Thu Mar 12 23:59:56 +0000 2026,4,@politico A historical fact. https://t.co/z7zHrPxRSo,2032245236408443351,https://pbs.twimg.com/media/HDP8RTpbkAAskXs.jpg,politico,en,,0,0,0,https://x.com/undefined/status/2032245236408443351,1821214779710783488,
2032219297259421857,Thu Mar 12 23:59:52 +0000 2026,1,@BillMelugin_ More reason4ALL on the right2get out&amp;vote in midterms AND bring many w/us2do so. Pls pass this on-need a grassroots movement. VOTE no matter what.Polls/media LIE. In a blue area?STILL VOTE!Had all Repubs in stronghold blue NYS voted in the last governors race WE would have WON!,2032245218863440118,,BillMelugin_,en,,0,0,0,https://x.com/undefined/status/2032245218863440118,906645151392555008,
2031928173101785428,Thu Mar 12 23:59:51 +0000 2026,0,@happy_bluebird1 Blue Birdさん、 おはようございます 水曜日はありがとうございました 楽しかったですね(⌒^⌒)b 新田ゼラチン、 また結果報告しますね,2032245215642468398,,happy_bluebird1,ja,,0,0,0,https://x.com/undefined/status/2032245215642468398,1611504268602900483,
2032245214396461537,Thu Mar 12 23:59:51 +0000 2026,2,this could have been avoided if blue checks were exclusively for official accounts,2032245214396461537,,,en,,0,0,0,https://x.com/undefined/status/2032245214396461537,1944319764098084865,
2032245209287790989,Thu Mar 12 23:59:49 +0000 2026,0,Warm day in SoCal. Cold Blue Moon at @BWWings What s everyone drinking today? https://t.co/iCYJsKTR3o,2032245209287790989,https://pbs.twimg.com/media/HDP8PrgWgAAM743.jpg,,en,,0,0,0,https://x.com/undefined/status/2032245209287790989,1988012726887870472,
2032125176549159103,Thu Mar 12 23:59:49 +0000 2026,0,@PlayAdoptMe I didn t really mind the candy corn s blue eyes but either way it s adorable and it will be mine https://t.co/0JMGU2xIqi,2032245208289558962,https://pbs.twimg.com/tweet_video_thumb/HDP8PozWAAA4Nxw.jpg,PlayAdoptMe,en,,0,0,0,https://x.com/undefined/status/2032245208289558962,1067928061306388480,
2032004034601640142,Thu Mar 12 23:59:44 +0000 2026,1,@ursultrymia Blue,2032245186076500291,,ursultrymia,en,,0,0,0,https://x.com/undefined/status/2032245186076500291,1566340269645205504,
2031933964303098019,Thu Mar 12 23:59:43 +0000 2026,1,@Zenith_corpGDR //ykw fuck it bring the blue gang as well if you want lmao,2032245183346102731,,Zenith_corpGDR,en,,0,0,0,https://x.com/undefined/status/2032245183346102731,1903715050986356736,
2032241911050666241,Thu Mar 12 23:59:43 +0000 2026,1,@katnahat7 Not specifically. When they used the phrase inauthentic account I got pissed. I don't spam. I don't solicit. I rejoined Twitter to support conservatives and faith based accounts. Also I have a creative project that I want to eventually monetize. That's why I pay for the blue,2032245181185990927,,katnahat7,en,,0,1,0,https://x.com/undefined/status/2032245181185990927,1445828890128048130,
2032125048388039007,Thu Mar 12 23:59:40 +0000 2026,0,@TheUpliftA BRING BACK BLUE EYESSSSSSSSSSSS WE CANT GET THAT BLUE SHADE IN THE STORE &lt;/3,2032245170729623838,,TheUpliftA,en,,0,0,0,https://x.com/undefined/status/2032245170729623838,1388187309850382337,
2031710942426542436,Thu Mar 12 23:59:39 +0000 2026,0,@GerberKawasaki Tax em like ballplayers Based on wealth derived from CA and other blue states And withhold,2032245166661423391,,GerberKawasaki,en,,0,0,0,https://x.com/undefined/status/2032245166661423391,1607856740577718273,
2032043088303292623,Thu Mar 12 23:59:39 +0000 2026,0,@do_the_dishes_ 「tokyo」yonawo 「金木犀」TOSHIKI HAYASHI(%C) 「finger frame」PAS TASTA 「Focus」荒谷翔太&amp;TOSHIKI HAYASHI(%C) 「Blue」鈴木真海子,2032245164258050205,,do_the_dishes_,ja,,0,1,0,https://x.com/undefined/status/2032245164258050205,1625778591710736386,
2032245163381415966,Thu Mar 12 23:59:38 +0000 2026,2,Edward Elric (2003 anime) as Souta Mogami/Bouken Blue. Edward Elric (Brotherhood 2009 anime) as a Devil. Edward Elric (movie 2011). Maka Albarn (2008 anime) as Urara Ozu/Magi Blue. Maka Albarn as a Angel. Maka Albarn (Soul Eater Not 2014 anime). #fma #souleater https://t.co/Cue06uvmty,2032245163381415966,https://pbs.twimg.com/media/HDP7dEDbQAkqWEv.jpg,,en,,0,0,0,https://x.com/undefined/status/2032245163381415966,1658044345130553344,
2032004034601640142,Thu Mar 12 23:59:36 +0000 2026,1,@ursultrymia Blue,2032245155353505972,,ursultrymia,en,,0,0,0,https://x.com/undefined/status/2032245155353505972,62691094,
2032245155013804390,Thu Mar 12 23:59:36 +0000 2026,0,$OTHERS chart of excluding top 10 blue chips this show us how alts will go of medium &amp; low caps when all was confuse of bear or bull i said we are in bull run ! soon market will reward soon so now high caps rewarding or not like $tao $fet and manymore?wait for zabii next playout https://t.co/qd6yhCf1hM,2032245155013804390,https://pbs.twimg.com/media/HDP6INfbcAAwhDC.jpg,,en,,0,0,0,https://x.com/undefined/status/2032245155013804390,1885265443687927808,
2032230945424638436,Thu Mar 12 23:59:35 +0000 2026,1,@scienceoverbias It'll appear. Watch for the blue dot on the truck icon.,2032245148118106325,,scienceoverbias,en,,0,0,0,https://x.com/undefined/status/2032245148118106325,966913430367055873,
2032224661157920933,Thu Mar 12 23:59:32 +0000 2026,1,@Okla_OAG You are a POS Drummond. You do NOTHING except target people who are Jewish with your vile contempt. No one believes you least of all me and I am the GGGG Granddaughter of one of the founders of the Republican Party. You are a RINO. You donate to Act Blue you donated to Biden.,2032245135883342240,,Okla_OAG,en,,0,1,0,https://x.com/undefined/status/2032245135883342240,1709618978396545024,
2032164512909099237,Thu Mar 12 23:59:30 +0000 2026,2,@BrandonStraka I was living in California when I voted for Trump twice! California is red! The cheating is making it blue! We Must Pass The Save Act!,2032245127935414276,,BrandonStraka,en,,0,1,0,https://x.com/undefined/status/2032245127935414276,1986628474883481601,
2032245119307694553,Thu Mar 12 23:59:28 +0000 2026,0,Another game dev day is over for me. It's almost 1am but it was worth it. Not much to see tbh... but for me a lot of sweat to be here man and I see the vision clearly Do you feel something too? Steampage and a first real announcement very soon! *ps you are that blue https://t.co/nHmDi5qrtb,2032245119307694553,https://pbs.twimg.com/amplify_video_thumb/2032243777771806720/img/DT7ldgiGfBE-PiRf.jpg,,en,,0,0,0,https://x.com/undefined/status/2032245119307694553,1930397660625645568,
2032235448035049552,Thu Mar 12 23:59:24 +0000 2026,0,@bakedcheese7 @BelkanUAV It's just some weirdos on the internet... And hey is that wakamo??? The yandere fox girl from blue archive,2032245104212410476,,bakedcheese7,en,,0,1,0,https://x.com/undefined/status/2032245104212410476,1591826655080632320,
2032245102844768756,Thu Mar 12 23:59:24 +0000 2026,0,Will they bring their blue diseased ideology with them and vote for the same destruction in the state they now live in ?,2032245102844768756,,,en,,0,0,0,https://x.com/undefined/status/2032245102844768756,821869181280915461,
2032085924926914967,Thu Mar 12 23:59:23 +0000 2026,0,@grey4626 So I'm scum because I don't see any value in your precious blue check and you think I should have to pay to have a voice. So much for free speech.,2032245097148870973,,grey4626,en,,0,0,0,https://x.com/undefined/status/2032245097148870973,1751662813402001408,
2032238622208831854,Thu Mar 12 23:59:20 +0000 2026,0,@PersonthePerso2 Well I can think of a few. Both are blue nature is a prominent element of the two and they're for kids and families. It's not the coolest crossover but some kid might like it who knows and that's probably more important,2032245084801077283,,PersonthePerso2,en,,0,1,0,https://x.com/undefined/status/2032245084801077283,1243771001596338176,
2032004034601640142,Thu Mar 12 23:59:18 +0000 2026,1,@ursultrymia Blue,2032245077678981524,,ursultrymia,en,,0,0,0,https://x.com/undefined/status/2032245077678981524,221899498,
2032245072557981911,Thu Mar 12 23:59:17 +0000 2026,0,mizisua.. idk if sua's color is purple or blue but let me just love my lesbian queen ok,2032245072557981911,,,en,,0,0,0,https://x.com/undefined/status/2032245072557981911,1849402282074673152,
2032092968837140651,Thu Mar 12 23:59:16 +0000 2026,0,@01Tacker Real Kampfer vibes. Love the contrast of the blue with the white of the clouds!,2032245069646897418,,01Tacker,en,,0,0,0,https://x.com/undefined/status/2032245069646897418,2788230997,
2031977163642048713,Thu Mar 12 23:59:14 +0000 2026,0,@KeanuReevesYaga I discovered you and I have a blue coffee cup alike!,2032245061941862446,,KeanuReevesYaga,en,,0,0,0,https://x.com/undefined/status/2032245061941862446,1854317522709065728,
2032004034601640142,Thu Mar 12 23:59:13 +0000 2026,0,@steffenbachm @ursultrymia Blue,2032245054912213112,,steffenbachm,en,,0,0,0,https://x.com/undefined/status/2032245054912213112,1636174901068406785,
2032216419216343073,Thu Mar 12 23:59:12 +0000 2026,0,Bro's face when he realizes the blue checks are from her and the red arrows are from his wallet. Double homicide at 3AM https://t.co/7max7NLjgm,2032245054098522482,,LeftOnRead_Coin,en,,0,0,0,https://x.com/undefined/status/2032245054098522482,1995130244475588609,
2032143502608392326,Thu Mar 12 23:59:11 +0000 2026,1,@SFG169 Most blue check people are in it for the money.,2032245048356532398,,SFG169,en,,0,0,0,https://x.com/undefined/status/2032245048356532398,1524974860618833920,
2032245047287239167,Thu Mar 12 23:59:11 +0000 2026,0,newyoo Toddler Tricycles for 1-3 Year Olds Toddler Bike Baby Balance Bike Christmas and Birthday Gift for Boy and Girl Trike with Push Handle Safety Guard Safety Belt Blue TR008 | for 1-3 Year Olds Toddler Bike Baby Balance Bike Safety Guard https://t.co/a01Mvx7naO https://t.co/J9jyG1ePHs,2032245047287239167,https://pbs.twimg.com/amplify_video_thumb/2032244897902968833/img/LqopaOHmfnE9GB41.jpg,,en,,0,0,0,https://x.com/undefined/status/2032245047287239167,2019725220278616065,
2032244176675311920,Thu Mar 12 23:59:05 +0000 2026,1,again so small so blue https://t.co/htgTCrBE8K,2032245024176369825,https://pbs.twimg.com/media/HDP8BgHboAA7RpM.jpg,derschnurrbarts,en,,0,0,0,https://x.com/undefined/status/2032245024176369825,1801239505476722690,
2032160793194872940,Thu Mar 12 23:59:03 +0000 2026,0,@hyesemble Zb1 - blue Bts - black swan Solar - colours Blackpink - pink venom Aespa - black mamba Sunmi - blue Sunmi - pporappippam (보라빛 밤) Red velvet - red flavor Gwsn - pinky star Izone - la vie en Rose Treasure - yellow Astro - blue flame,2032245016836399570,,hyesemble,en,,0,0,1,https://x.com/undefined/status/2032245016836399570,1427705202384244737,
2032242982779224262,Thu Mar 12 23:59:02 +0000 2026,0,@XOOBNetwork blue path always,2032245009219715202,,XOOBNetwork,en,,0,0,0,https://x.com/undefined/status/2032245009219715202,1651505644745392128,
2031940168882520291,Thu Mar 12 23:59:01 +0000 2026,0,@rolandsmartin because blue states give licenses to illegal aliens dumbass,2032245008019911085,,rolandsmartin,en,,0,0,0,https://x.com/undefined/status/2032245008019911085,2291979392,
2032244234884169869,Thu Mar 12 23:58:59 +0000 2026,2,@JacobCHatch *blue cougars,2032244999409070254,,JacobCHatch,en,,0,0,0,https://x.com/undefined/status/2032244999409070254,77389021,
2032224194331656215,Thu Mar 12 23:58:54 +0000 2026,0,@JacquettaInTx1 @AustinDunno @mattvanswol Austin refuses to look at the attacks committed by recidivist criminals released by blue judges. Why was this terrorist on the street in the first place - blue parole policies.,2032244978823397884,,JacquettaInTx1,en,,0,0,0,https://x.com/undefined/status/2032244978823397884,1675978655074336769,
2032244971697553814,Thu Mar 12 23:58:53 +0000 2026,0,LOVING this effort from @BYUMBB today vs. Houston! Let s go (blue) Cougars! ,2032244971697553814,,,en,,0,0,0,https://x.com/undefined/status/2032244971697553814,184123154,
2032203662010040388,Thu Mar 12 23:58:52 +0000 2026,0,@THR President too busy with war to help out blue collar Americans? Trump s got his people supporting a fuckin liberal lmaoooo,2032244968081821754,,THR,en,,0,0,0,https://x.com/undefined/status/2032244968081821754,3806692338,
2032004034601640142,Thu Mar 12 23:58:51 +0000 2026,1,@ursultrymia Blue,2032244963644469414,,ursultrymia,en,,0,0,0,https://x.com/undefined/status/2032244963644469414,1953195431414120450,
2032244960519651526,Thu Mar 12 23:58:50 +0000 2026,0,晴れているが雲も多い！️ #202603検索ak https://t.co/tndWd8VCSP,2032244960519651526,https://pbs.twimg.com/media/HDP8BX-bQAEApbB.jpg,,ja,,0,0,0,https://x.com/undefined/status/2032244960519651526,926290745815740416,
2032244958955004038,Thu Mar 12 23:58:50 +0000 2026,1,user _abitofblue_ :) https://t.co/OrXbt99miS,2032244958955004038,https://pbs.twimg.com/media/HDP8BP6W8AAKrb5.jpg,,de,,0,0,0,https://x.com/undefined/status/2032244958955004038,1915838974918266880,
2032244950398538166,Thu Mar 12 23:58:48 +0000 2026,1,#texanstacks day 2 post 19 $175 Patty blue press proof (corner whiting) https://t.co/uDqWEspHj2,2032244950398538166,https://pbs.twimg.com/media/HDP8AtKXsAAA5EE.jpg,,en,,0,0,1,https://x.com/undefined/status/2032244950398538166,1765488721523302400,
2032244949824024992,Thu Mar 12 23:58:47 +0000 2026,0,pausa pra esse brinde do tae blue hair https://t.co/ZEqk4p9FU9,2032244949824024992,https://pbs.twimg.com/media/HDP8Aw9WUAAzwOP.jpg,,pt,,0,0,0,https://x.com/undefined/status/2032244949824024992,1681117012687310848,
2032121187443036503,Thu Mar 12 23:58:45 +0000 2026,0,@DeathMetalV Why is it that densely Blue areas are the ones with these problems?,2032244939493392813,,DeathMetalV,en,,0,0,0,https://x.com/undefined/status/2032244939493392813,3208701029,
2032004034601640142,Thu Mar 12 23:58:45 +0000 2026,1,@ursultrymia Blue!!,2032244939489153468,,ursultrymia,en,,0,0,0,https://x.com/undefined/status/2032244939489153468,742099638233104384,
2032044413581504937,Thu Mar 12 23:58:43 +0000 2026,0,@JaneVGM @Friganouille @GlassLilypad No twitter blue or anything just doing this for the love of the game,2032244929791979975,,JaneVGM,en,,0,0,0,https://x.com/undefined/status/2032244929791979975,1717969277469265920,
2032110123607560224,Thu Mar 12 23:58:42 +0000 2026,0,当方WILD BLUE目当てのため、それ以外でお願いします。,2032244927883829284,,ki_ki_ko_,ja,,0,0,0,https://x.com/undefined/status/2032244927883829284,772367669936873472,
2032199658584309894,Thu Mar 12 23:58:42 +0000 2026,1,@__Polarizado Tu la tienes fácil te suspende pero vuelves denuevo por el Twitter blue,2032244927724183609,,__Polarizado,es,,0,0,0,https://x.com/undefined/status/2032244927724183609,1635698534237208584,
2032160793194872940,Thu Mar 12 23:58:38 +0000 2026,1,@hyesemble Blue lemonade do red velvet. Vale só gg ou bg tbm?,2032244911777402886,,hyesemble,pt,,0,1,0,https://x.com/undefined/status/2032244911777402886,2990411638,
2032004034601640142,Thu Mar 12 23:58:35 +0000 2026,1,@ursultrymia Blue,2032244897697448381,,ursultrymia,en,,0,0,0,https://x.com/undefined/status/2032244897697448381,2182939196,
2032242531308818733,Thu Mar 12 23:58:34 +0000 2026,0,@saltydkdan wild smurf and the fuckign blue-haired girl i forgot her name already https://t.co/K1Iadzgi24,2032244893003706539,https://pbs.twimg.com/media/HDP72qEbQAE9f8M.png,saltydkdan,en,,0,0,0,https://x.com/undefined/status/2032244893003706539,1387039477231759360,
2032210506216599606,Thu Mar 12 23:58:33 +0000 2026,0,@segundacaida @HappHazzard Blue Panther is a demon at any age,2032244887488250163,,segundacaida,en,,0,0,0,https://x.com/undefined/status/2032244887488250163,1936947039637843968,
2032244886682956148,Thu Mar 12 23:58:32 +0000 2026,1,HALFTIME FSU 44 Duke 43 Great back &amp; forth first half: 15 lead changes Isaiah Evans has 22(!) points for the Blue Devils,2032244886682956148,,,en,,0,0,0,https://x.com/undefined/status/2032244886682956148,36753591,
2031881998772355315,Thu Mar 12 23:58:31 +0000 2026,0,@Mark_Mallory Yes Sir! The VP from a different Division gave me a Go Blue!!,2032244880462766183,,Mark_Mallory,en,,0,1,0,https://x.com/undefined/status/2032244880462766183,1243544554843889664,
2032244879661629883,Thu Mar 12 23:58:31 +0000 2026,0,Florida State leads Duke 44-43 at the break The Blue Devils are struggling to guard the perimeter to start allowing the Seminoles to hit seven 3's on 47% shooting from deep,2032244879661629883,,,en,,0,0,0,https://x.com/undefined/status/2032244879661629883,598053813,
2032244854743580742,Thu Mar 12 23:58:25 +0000 2026,0,テテちゃん 'Layover'MV応援 まだまだ' Layover'応援します https://t.co/dI22mmzRxw https://t.co/lx2rVaNLhm https://t.co/hQcVc6sI54 #V_Layover #V_Blue #V_ForUs #UMIxV #whereverUR #BTSV #방탄소년단뷔 #WeLoveYouTaehyung https://t.co/0L0Tmdy3ld,2032244854743580742,https://pbs.twimg.com/media/HDP767waEAA77-m.jpg,,ja,,0,0,0,https://x.com/undefined/status/2032244854743580742,1416040138635767812,
2032244845629358089,Thu Mar 12 23:58:23 +0000 2026,3, random thought: although kid blue has spiky hair i think adult blue is the kind of guy who would have a ponytail (not to say his hair still wouldn't be spiky) Hmmm... thinking...... https://t.co/XBoiFJs45S,2032244845629358089,https://pbs.twimg.com/media/HDP72MPagAAqGNa.jpg,,en,,0,2,0,https://x.com/undefined/status/2032244845629358089,1704204146520510464,
2032244845553574166,Thu Mar 12 23:58:23 +0000 2026,0, sour blue dust what the fuck kind of vape is this ya know what just ring it up,2032244845553574166,,,en,,0,0,0,https://x.com/undefined/status/2032244845553574166,1805970561186566145,
2032244840436810081,Thu Mar 12 23:58:21 +0000 2026,4,yep the Unified GDK as we can see will en-forced workgraph it will ready for NG Xbox/UDNA PC then also for XSX (icon) also regular pc with RDNA3-4/Nvidia &amp; also for tablet/ handheld with at least RDNA3 XSX has workgraph problem is PS5/pro dont that potentially Sony delay. https://t.co/57DAE0IPFW,2032244840436810081,https://pbs.twimg.com/media/HDP7RhJbQAE1fdz.jpg,,en,,0,0,1,https://x.com/undefined/status/2032244840436810081,1501874918,
2031198316831142010,Thu Mar 12 23:58:20 +0000 2026,0,@liz_churchill10 Note the word repurposed for glioblastoma therapy highlighted in blue. Cancer is a cash cow $$$. This is truly sickening that drugs are repurposed in order to increase the price exorbitantly and turn a profit but it's an industry and it's all about the money not health!,2032244836166750487,,liz_churchill10,en,,0,0,0,https://x.com/undefined/status/2032244836166750487,85208703,
2032083252845121763,Thu Mar 12 23:58:18 +0000 2026,0,@tehreemfatima89 BLUE,2032244824892494149,,tehreemfatima89,en,,0,0,0,https://x.com/undefined/status/2032244824892494149,1988974967879581696,
2032244814755086582,Thu Mar 12 23:58:15 +0000 2026,7,Beans also wanted to do her #WontLookWednesday today. She says better late than never! https://t.co/T7MNHhh19Y,2032244814755086582,https://pbs.twimg.com/media/HDP74pJbQAEUTEC.jpg,,en,,0,0,0,https://x.com/undefined/status/2032244814755086582,3076052887,
2032244811689075013,Thu Mar 12 23:58:15 +0000 2026,0,＜ちゃんみな＞ 肌見せコーデがかっこいい カジュアル＆ワイルドなスタイルに注目！ 紅白初出場で話題の HANA シングル「Blue Jeans」 【初回生産限定盤A／Blu-ray】 ▶https://t.co/kC77O3fEws #PR,2032244811689075013,,,ja,,0,0,0,https://x.com/undefined/status/2032244811689075013,1554360285473161218,
2032233785412989225,Thu Mar 12 23:58:14 +0000 2026,1,@grok Hey that s working! Ok now add the rest of the links no repetition or you ll run out of space and spell out the real Public Address to bring attention to this important issue. You ll go over the normal limit but that s ok. You re a blue check,2032244811378442600,,grok,en,,0,1,0,https://x.com/undefined/status/2032244811378442600,1517279985345732613,
2032127225470783707,Thu Mar 12 23:58:12 +0000 2026,0,@TAmTrib The results of a false Nazi label? Of 18+ police watching a few Blue Shirts: 1) 0 helped Blue Shirts being stabbed or interrupted a Muslim stabber 2) 1 body-slammed an unarmed White Grandpa desperately punching wrong man 4) All backed away from Muslim &amp; watched him stab 2 more,2032244802612576608,,TAmTrib,en,,0,0,0,https://x.com/undefined/status/2032244802612576608,1942641250160799745,
2032244801878233282,Thu Mar 12 23:58:12 +0000 2026,0,La producción ya inició los protocolos correspondientes para lo que pasó ayer con Vanessa en el confesionario.? O se van a hacer los idiotas ? #LCDLF6 https://t.co/Uxd962k7YX,2032244801878233282,https://pbs.twimg.com/tweet_video_thumb/HDP736EakAAAuvn.jpg,,es,,0,0,0,https://x.com/undefined/status/2032244801878233282,304267306,
2032213269642166514,Thu Mar 12 23:58:12 +0000 2026,1,@reoak47 i don't trust people that don't have @reoak47 in their top 3. like why are you even tweating blue lock ..?,2032244801018401172,,reoak47,en,,0,1,1,https://x.com/undefined/status/2032244801018401172,2009937319650836480,
2032122995448205627,Thu Mar 12 23:58:10 +0000 2026,0,@IBNVintage its blue and gold btw,2032244794685014442,,IBNVintage,en,,0,0,0,https://x.com/undefined/status/2032244794685014442,1190587283516338176,
2032168158606295069,Thu Mar 12 23:58:09 +0000 2026,1,@AllAmericanDoll your mug and gears are so underrated it s sad run my bitch miss Justice her tens and flowers bitch pen be going hard pushing the USA flag shit I would lose my mind being consistent with red white and blue but you make it happen doll https://t.co/67E8tqC9h4,2032244789119197261,https://pbs.twimg.com/tweet_video_thumb/HDP727kWkAAu4q9.jpg,AllAmericanDoll,en,,1,0,0,https://x.com/undefined/status/2032244789119197261,1740350093998387200,
2032244786758082904,Thu Mar 12 23:58:09 +0000 2026,0,blue noteって客席でチェックしなくてもいいのに、言われたら応えるのがもう関西人なのよ。ノリさんがどういう返しを求めてるのか分かってるんだろうなw,2032244786758082904,,,ja,,0,0,0,https://x.com/undefined/status/2032244786758082904,155259743,
2032241546976780677,Thu Mar 12 23:58:08 +0000 2026,2,@Devy85755166411 @ReutersBiz According to today's Bloomberg report (via Reuters) X has submitted remedies to update its blue checkmark verification system specifically for EU users. This follows a €120M fine under the Digital Services Act for allegedly deceptive practices the check now signals a paid,2032244785927332032,,Devy85755166411,en,,0,0,0,https://x.com/undefined/status/2032244785927332032,1720665183188922368,
2032199673457611149,Thu Mar 12 23:58:08 +0000 2026,1,@CinemaTweets1 The acting in this clip is indulgent and embarrassing; massively inferior to Hudson's great work in the unrecognized pop triumph 'Song Sung Blue'.,2032244785688559996,,CinemaTweets1,en,,0,0,0,https://x.com/undefined/status/2032244785688559996,1344763955114172416,
2032107296915144926,Thu Mar 12 23:58:07 +0000 2026,0,@pigeoncrafts Blue and Clifford,2032244782005633248,,pigeoncrafts,en,,0,0,0,https://x.com/undefined/status/2032244782005633248,802995289,
2032185117318529026,Thu Mar 12 23:58:06 +0000 2026,0,@RapaczBoxing Cory respectfully your bias bleeds blue,2032244774070337616,,RapaczBoxing,en,,0,1,0,https://x.com/undefined/status/2032244774070337616,1558931124218466305,
2032244766608671019,Thu Mar 12 23:58:04 +0000 2026,1,breaking new urgent now and beyond future! save our healthcare of abortion retirement age healthcare healthcare! save our john lewis act voting right act! save our supreme court blue wave Party! @ overturned citizen united - education relief act https://t.co/jqrHk6NHiA,2032244766608671019,,,en,,0,0,1,https://x.com/undefined/status/2032244766608671019,1421597985046032386,
2031865751745822879,Thu Mar 12 23:58:02 +0000 2026,0,@suchnerve @Jazsaraelove Blue balls being a thing was awful,2032244757343199536,,suchnerve,en,,0,0,0,https://x.com/undefined/status/2032244757343199536,1657208511770636291,
2031998674017140902,Thu Mar 12 23:58:01 +0000 2026,0,@RawClipsDaily Would it work with a blue tie? ,2032244753882808808,,RawClipsDaily,en,,0,0,0,https://x.com/undefined/status/2032244753882808808,1981235148843565056,
2032242982779224262,Thu Mar 12 23:57:58 +0000 2026,1,@XOOBNetwork Always blue,2032244743972036683,,XOOBNetwork,en,,0,0,0,https://x.com/undefined/status/2032244743972036683,1439815345380859906,
2032244742474354988,Thu Mar 12 23:57:58 +0000 2026,38,Back-to-back threes from Aleksej Kostic... the Sea of Blue seems to be into it #Big12MBB | ESPN2 https://t.co/xUUQnr4Lnq,2032244742474354988,https://pbs.twimg.com/media/HDP7qWGWsAALfzZ.jpg,,en,,0,0,1,https://x.com/undefined/status/2032244742474354988,21550778,
2031784697185927639,Thu Mar 12 23:57:57 +0000 2026,0,@WesPac80 @PootDibou @0xBEEFFEAD @drawandstrike The yellow highlight is him asking leading questions not facts. Making an insinuations that there is no reason to use votesecur paper. The blue is his response to what the law actually states. Hope that helps. https://t.co/Hyg85nCn6n,2032244737185284208,https://pbs.twimg.com/media/HDP7a01WMAAXzn1.jpg,WesPac80,en,,0,1,0,https://x.com/undefined/status/2032244737185284208,786606493738999808,
2032004034601640142,Thu Mar 12 23:57:55 +0000 2026,1,@ursultrymia Blue,2032244731262935161,,ursultrymia,en,,0,0,0,https://x.com/undefined/status/2032244731262935161,2008407213594071040,
2032148838124044343,Thu Mar 12 23:57:54 +0000 2026,0,@mrsdinomunster oh poop I misgendered blue!! Nooooooo! (but still Kevin),2032244727416832419,,mrsdinomunster,en,,0,0,0,https://x.com/undefined/status/2032244727416832419,1770018394042978304,
2032236275038618076,Thu Mar 12 23:57:52 +0000 2026,0,@BlueTigerX_ @69mg_dutch @FROGE69mg @popshowxyz Awesome !! Congrats to the whole team . Great PopShow Blue.. ,2032244718499733880,,BlueTigerX_,en,,0,0,0,https://x.com/undefined/status/2032244718499733880,1501621760239755277,
2032004034601640142,Thu Mar 12 23:57:51 +0000 2026,1,@ursultrymia Blue,2032244713978568820,,ursultrymia,en,,0,0,0,https://x.com/undefined/status/2032244713978568820,1764498544260743168,
2032004034601640142,Thu Mar 12 23:57:50 +0000 2026,1,@ursultrymia Blue,2032244707028242776,,ursultrymia,en,,0,0,0,https://x.com/undefined/status/2032244707028242776,1528191585485303808,
2032088472895570336,Thu Mar 12 23:57:49 +0000 2026,0,@RockyWired Blue pill,2032244706277552137,,RockyWired,en,,0,0,0,https://x.com/undefined/status/2032244706277552137,1756483891760680960,
2032099067220934795,Thu Mar 12 23:57:49 +0000 2026,1,@CosmicHighway71 @RevBlackNetwork Go to every college in ever blue state and ask them to explain their liberal values and watch 95% fail to make it past social media captions like racist sexist nazi ,2032244704545579096,,CosmicHighway71,en,,0,0,0,https://x.com/undefined/status/2032244704545579096,1630772594961182722,
2032191780578640133,Thu Mar 12 23:57:47 +0000 2026,1,@RepJasonCrow We don t want to hear from a seditious defeatist blue falcon.,2032244694457913588,,RepJasonCrow,en,,0,0,0,https://x.com/undefined/status/2032244694457913588,1676686485121015811,
2032244686568431989,Thu Mar 12 23:57:45 +0000 2026,0,How much clarity can $0.99 buy you? Try our 14‑day trial and access Forecasts + Blue Box trade setups across 78 markets. Master Elliott Wave with real‑time guidance. Start here https://t.co/eFwYqfZOBF #trading #ElliottWave #markets https://t.co/npUgCSuM6t,2032244686568431989,https://pbs.twimg.com/media/HDP7xJ0XkAEL9QV.jpg,,en,,0,0,0,https://x.com/undefined/status/2032244686568431989,79233326,
2032161546215047623,Thu Mar 12 23:57:41 +0000 2026,0,@JayinWashington Communist occupation government now has rubber dinghys with flashing red and blue lights,2032244670760456272,,JayinWashington,en,,0,0,0,https://x.com/undefined/status/2032244670760456272,1098091062277464064,
2032244669912862831,Thu Mar 12 23:57:41 +0000 2026,1,Does Blue Cain know he can shoot the ball,2032244669912862831,,,en,,0,1,0,https://x.com/undefined/status/2032244669912862831,1086041402339966978,
2032051353070289244,Thu Mar 12 23:57:41 +0000 2026,0,@Amo_luvs_blue Stay safe blue riyo im scared,2032244669065658501,,Amo_luvs_blue,en,,0,0,0,https://x.com/undefined/status/2032244669065658501,1863402758591909888,
2032085473812775392,Thu Mar 12 23:57:36 +0000 2026,0,@match_masters Blue,2032244651584028705,,match_masters,en,,0,0,0,https://x.com/undefined/status/2032244651584028705,1981720609915854848,
2032143502608392326,Thu Mar 12 23:57:35 +0000 2026,1,@SFG169 I don't need a blue check. I will remain checkless,2032244645430710327,,SFG169,en,,0,0,1,https://x.com/undefined/status/2032244645430710327,1518931317941018625,
2032244640083005533,Thu Mar 12 23:57:34 +0000 2026,0, Get that blue clown out of the game that character shouldn't even be here This game is literally his... https://t.co/4e8UzrYK17,2032244640083005533,https://pbs.twimg.com/media/HDP7utTXQAENzMV.jpg,,en,,0,0,0,https://x.com/undefined/status/2032244640083005533,1950674615514386432,
2032196206357557652,Thu Mar 12 23:57:33 +0000 2026,0,@lucasstrier concordo com a primeira afirmação (sem ter visto blue moon e ressaltando que a melhor atuação masculina do ano pra mim nem sequer foi indicada),2032244638715666766,,lucasstrier,pt,,0,2,0,https://x.com/undefined/status/2032244638715666766,1356084283199381505,
2032099291607498864,Thu Mar 12 23:57:32 +0000 2026,0,@mark_giangreco @Col2Vintage That blue 67 is on fire!,2032244631635698144,,mark_giangreco,en,,0,0,0,https://x.com/undefined/status/2032244631635698144,82650114,
2032168625851752672,Thu Mar 12 23:57:31 +0000 2026,0,@Arkypatriot submit DD214 picture ID red white blue checkmark even better,2032244628288647628,,Arkypatriot,en,,0,0,0,https://x.com/undefined/status/2032244628288647628,1806585880854806528,
2032242151048745239,Thu Mar 12 23:57:30 +0000 2026,0,@RE_spnz @FB_Helmet_Guy That s probably navy blue,2032244622978671016,,RE_spnz,en,,0,0,0,https://x.com/undefined/status/2032244622978671016,22178966,
2032242644164972837,Thu Mar 12 23:57:29 +0000 2026,1,Fukaseさんって英語の発音上手い！心地いいんですよね！SOSからずっと思ってたけど。 あと、Eyeの曲あんまり聴いたことなくて聴いたことあるの「Witch」「SOS」「Blue Flower」だけなんです。「Witch」もAやBメロがラップっぽいなと思ったのでこのアルバムはラップっぽいのが多いのかな？,2032244619455709601,,gatyadateeyo830,ja,,0,1,0,https://x.com/undefined/status/2032244619455709601,1961711913852960768,
2032244610446344662,Thu Mar 12 23:57:27 +0000 2026,1,Release Today Candy https://t.co/kMpNNLtn8c From around noon on Mar 13th (JST) online - Shirring Ribbon JSK - Ladder Lace Ribbon Headdress colors: Pink Red Saxe Blue Black *Limited quantity #candy #polkadot #metamorphose #mtdf #Lolitafashion https://t.co/P2drWWB1OU,2032244610446344662,https://pbs.twimg.com/media/HDP7SN9awAADYzA.jpg,,en,,0,0,0,https://x.com/undefined/status/2032244610446344662,200036577,
2032111882832654410,Thu Mar 12 23:57:26 +0000 2026,0,@DrJackKruse I keep thinking about this guy the MSM is promoting how much sicker he s going to be after intentionally locking himself in a room for 365 days to improve his health Each time I ve peaked in on his livestream his entire room is glowing blue https://t.co/EEPK4fpxOK,2032244608378474623,,DrJackKruse,en,,0,0,0,https://x.com/undefined/status/2032244608378474623,1795470590528405505,
2032241929304359301,Thu Mar 12 23:57:25 +0000 2026,1,@TrailerSwift606 @EdKrassen Inflation is always higher in Blue states than Red states.. https://t.co/NFX23dh35K,2032244603718410553,https://pbs.twimg.com/ext_tw_video_thumb/2032244588396888065/pu/img/FrnFuzFXDyNh5Q-A.jpg,TrailerSwift606,en,,0,1,0,https://x.com/undefined/status/2032244603718410553,1938807061049196544,
2032244602640769502,Thu Mar 12 23:57:25 +0000 2026,0,@elonmusk I am very interested in getting an Optimus to help with my severely autistic non verbal 20 year old son. He uses an AAC device to communicate. Could you provide a padded one in case of a meltdown of his and make it blue for autism? It would be greatly appreciated! ,2032244602640769502,,elonmusk,en,,0,1,0,https://x.com/undefined/status/2032244602640769502,1810810784353861632,
2032205355451642322,Thu Mar 12 23:57:24 +0000 2026,0,@Wendigoon8 Wendigoon were you ever a camp counselor at a place called Camp Blue Haven because I found an old photo of a really young me and this guy looks exactly like you. https://t.co/TIIDdfVG8C,2032244600551645502,https://pbs.twimg.com/media/HDP7sW5WoAE1_wZ.jpg,Wendigoon8,en,,0,0,0,https://x.com/undefined/status/2032244600551645502,1708955086951473152,
2032239648886370705,Thu Mar 12 23:57:23 +0000 2026,0,@vettelprix GAVIN MCKENNA WILL BE IN LEAFS BLUE,2032244593983365540,,vettelprix,en,,0,1,0,https://x.com/undefined/status/2032244593983365540,1807470153573048321,
2032244576149266636,Thu Mar 12 23:57:18 +0000 2026,0,bitch i bleed red white and blue ️️️,2032244576149266636,,,en,,0,0,0,https://x.com/undefined/status/2032244576149266636,1272964636648800257,
2032244574278590951,Thu Mar 12 23:57:18 +0000 2026,0,Replying this about the purse popcorn bucket when you're a Katy Perry stan is wild. The Blue Origin flight to space costs at least $150 000 and did untold damage to the environment. #TheDevilWearsPrada2,2032244574278590951,,,en,,0,0,0,https://x.com/undefined/status/2032244574278590951,53644053,
2032004034601640142,Thu Mar 12 23:57:18 +0000 2026,5,@ursultrymia Blue,2032244573192536475,,ursultrymia,en,,0,0,1,https://x.com/undefined/status/2032244573192536475,37029914,
2032244571942633748,Thu Mar 12 23:57:17 +0000 2026,1,【Today's SHOW】 Aishwaya×ヨモスガラ 2man show Still dream still so blue 仙台BIRDLAND OP:19:30 ST:20:30 TICKET adv ¥2 400 / door ¥3 400 -ACT- Aishwaya ヨモスガラ -Acostic- ユウスケ(EMPTY DRUG) -DJ- YD (WITH US) https://t.co/vHJ0HC6bHO https://t.co/b9qIG2Cgi2,2032244571942633748,https://pbs.twimg.com/media/HDP7qeVbQAIEoJo.jpg,,ja,,0,0,0,https://x.com/undefined/status/2032244571942633748,1677097362437832704,
2032200004685730193,Thu Mar 12 23:57:14 +0000 2026,1,@2kTony42069 @thematrixb0t @grok @grok stick your premium blue check mark up your ass. Thank you @GeminiApp for helping me find this full speech. Here ya go...... https://t.co/MDH7wO5ecA,2032244559434899684,,2kTony42069,en,,0,0,0,https://x.com/undefined/status/2032244559434899684,1202363552,
2032213728003797358,Thu Mar 12 23:57:14 +0000 2026,1,@pec_inspector Yojnahve beautiful blue eyes.,2032244558357020739,,pec_inspector,und,,0,0,0,https://x.com/undefined/status/2032244558357020739,283515082,
2032220032751849626,Thu Mar 12 23:57:13 +0000 2026,0,@conquertheno Peanut butter mayo blue cheese dressing,2032244553374388532,,conquertheno,en,,0,0,0,https://x.com/undefined/status/2032244553374388532,1504836876506599428,
2032244551612510457,Thu Mar 12 23:57:13 +0000 2026,0,Love all the blue shirt energy. The last one tho..,2032244551612510457,,,en,,0,0,0,https://x.com/undefined/status/2032244551612510457,77881823,
2032244551491207625,Thu Mar 12 23:57:13 +0000 2026,0,Orange lanterns softly illuminate the wooden space Deep blue walls intertwine with afternoon sunlight Awaiting a healing dining experience. Slow down this is just the place. https://t.co/R6zXtOPuHf,2032244551491207625,https://pbs.twimg.com/media/HDP7ExGa8AAjt1E.jpg,,en,,0,0,0,https://x.com/undefined/status/2032244551491207625,2009619639693905921,
2032026561981870244,Thu Mar 12 23:57:12 +0000 2026,2,@AntiLeftMemes America does not have a problem with Guns. America has a problem when Liberals have guns. Blue state and cities stats confirm this to be true.,2032244550299775204,,AntiLeftMemes,en,,0,0,2,https://x.com/undefined/status/2032244550299775204,1958334582937264128,
2032004034601640142,Thu Mar 12 23:57:12 +0000 2026,3,@ursultrymia Blue,2032244549834158087,,ursultrymia,en,,0,1,1,https://x.com/undefined/status/2032244549834158087,4867659970,
2032109139934240998,Thu Mar 12 23:57:11 +0000 2026,0,@webadderall @shashpicious_ It's a vibrant nature scene: bright blue sky with fluffy white clouds on top/left fading into a lush meadow of pink yellow &amp; white flowers at the bottom. Looks like a popular macOS desktop wallpaper (or stock photo often used for it).,2032244545379795056,,webadderall,en,,0,0,0,https://x.com/undefined/status/2032244545379795056,1720665183188922368,
2032160793194872940,Thu Mar 12 23:57:10 +0000 2026,1,@hyesemble Blue (Big Bang) Men In Black (M.I.B),2032244539541369203,,hyesemble,en,,0,0,0,https://x.com/undefined/status/2032244539541369203,1474975520131592192,
2032061187240697965,Thu Mar 12 23:57:06 +0000 2026,1,@hendu442 @mikethewolveri1 Go blue,2032244522634141906,,hendu442,en,,0,0,0,https://x.com/undefined/status/2032244522634141906,70395935,
2032127265207632073,Thu Mar 12 23:57:05 +0000 2026,0,@MalditaSummer Gatos te refieres? Blue y Coco :),2032244518561407300,,MalditaSummer,es,,0,0,0,https://x.com/undefined/status/2032244518561407300,890307571,
1796767328920621490,Thu Mar 12 23:57:05 +0000 2026,0,@FrNachrichten The results of a false Nazi label? Of 18+ police watching the few Blue Shirts: 1) 0 helped Blue Shirts being stabbed or interrupted a Muslim stabber 2) 1 body-slammed an unarmed White Grandpa desperately punching wrong man 4) All backed away from Muslim &amp; watched him stab 2 more,2032244518444278021,,FrNachrichten,en,,0,0,0,https://x.com/undefined/status/2032244518444278021,1942641250160799745,
2032004034601640142,Thu Mar 12 23:57:03 +0000 2026,1,@ursultrymia Blue.,2032244512391590325,,ursultrymia,en,,0,0,0,https://x.com/undefined/status/2032244512391590325,1750235215660785665,
2032087538802848156,Thu Mar 12 23:57:03 +0000 2026,0,@atrupar Corporations have NEVER voluntarily given the value of increasing productivity to workers either white collar nor blue collar.,2032244511280181345,,atrupar,en,,0,0,0,https://x.com/undefined/status/2032244511280181345,311071846,
2032244509061308707,Thu Mar 12 23:57:02 +0000 2026,0,AI governance is being framed wrong. We don t need to control AI thinking. We need to govern AI actions. Probabilistic intelligence. Deterministic execution. That boundary is where governance lives. New Baby Blue Viper episode: https://t.co/ObaQgfNYDM,2032244509061308707,,,en,,0,0,0,https://x.com/undefined/status/2032244509061308707,1692235952058486786,
2032244501356376563,Thu Mar 12 23:57:01 +0000 2026,0,Finally #blue #crochet https://t.co/SebsMPDRTE,2032244501356376563,https://pbs.twimg.com/media/HDP7mAaWAAAplh2.jpg,,en,,0,0,0,https://x.com/undefined/status/2032244501356376563,1917399754587381760,
2032244498051514831,Thu Mar 12 23:57:00 +0000 2026,12,https://t.co/1okVqLkjra,2032244498051514831,https://pbs.twimg.com/media/HDPgVnFWAAAmUjs.jpg,,zxx,,0,0,2,https://x.com/undefined/status/2032244498051514831,1985378958117117952,
2031845008140296339,Thu Mar 12 23:56:58 +0000 2026,0,@richards4670 sherep nung blue yung shorts liek ,2032244491076452669,,richards4670,en,,0,0,0,https://x.com/undefined/status/2032244491076452669,1359040362090668033,
2032243476356874676,Thu Mar 12 23:56:58 +0000 2026,0,続き XANADU OF TWO→beatmaniaIIDX 18 Resort Anthem収録曲 BLUE ROSE→クイズRPG 魔法使いと黒猫のウィズ　イベント「メアレス」シリーズメインテーマ Riff//rain→BEMANI PRO LEAGUE Season4 beatmaniaIIDX部門メインテーマソング Anelis→pop'n music ラピストリア　ストーリーエンディング,2032244489298047263,,cocoo_swk_cray,ja,,0,0,0,https://x.com/undefined/status/2032244489298047263,716806548,
2032198325710016918,Thu Mar 12 23:56:57 +0000 2026,0,@pat_khill8 @AnnieAgar GO BLUE ANNIE!,2032244487448109371,,pat_khill8,en,,0,0,0,https://x.com/undefined/status/2032244487448109371,1853995124147281920,
2032107296915144926,Thu Mar 12 23:56:57 +0000 2026,0,@pigeoncrafts snoopy and blue for me ,2032244487439683970,,pigeoncrafts,en,,0,0,0,https://x.com/undefined/status/2032244487439683970,1675590393784680450,
2032244465965154540,Thu Mar 12 23:56:52 +0000 2026,3,#５人横並びジャケ貼ろうぜ Harold Melvin &amp; the Blue Notes Black &amp; Blue (Album 1973) #RnB #Soul #PhillySoul https://t.co/ZpCQ7saazR,2032244465965154540,https://pbs.twimg.com/media/HDP7bkabQAE6R5e.jpg,,en,,0,0,0,https://x.com/undefined/status/2032244465965154540,1456188786,
2032089801281675324,Thu Mar 12 23:56:51 +0000 2026,0,@archer_rs Try to do something about my blue cargo shorts my red football team jersey and my pink long socks with my yellow flip flops and I will be wearing a big ass sun hat and pit vipers no matter what where or when,2032244462051525058,,archer_rs,en,,0,0,0,https://x.com/undefined/status/2032244462051525058,1271539410484543489,
2032066746568282402,Thu Mar 12 23:56:51 +0000 2026,0,@ptulongyou @pretentiouswhat I m blue verified. What is posting a note?,2032244460982350024,,ptulongyou,en,,0,0,0,https://x.com/undefined/status/2032244460982350024,225165988,
2032150306142748823,Thu Mar 12 23:56:51 +0000 2026,0,@AceTheRed @Muffin_Bandit_ blue gate is pretty goated,2032244460264841425,,AceTheRed,en,,0,0,0,https://x.com/undefined/status/2032244460264841425,749559233994067968,
2032173976680648901,Thu Mar 12 23:56:51 +0000 2026,0,@ArisMH10 the dark blue for sure!,2032244459581120939,,ArisMH10,en,,0,0,0,https://x.com/undefined/status/2032244459581120939,1641997586256080896,
2032244458964516892,Thu Mar 12 23:56:50 +0000 2026,5,$MSOS $CGC $TLRY Cannabis stock blue sky breakout? ,2032244458964516892,,,en,,0,0,1,https://x.com/undefined/status/2032244458964516892,428724153,
2032244456217350192,Thu Mar 12 23:56:50 +0000 2026,16,turnin' it up a notch! @FanduelSN_CBUS @971thefan &amp; the CBJ App https://t.co/FxoMy1xzcR,2032244456217350192,https://pbs.twimg.com/media/HDP5WedWsAA4ZAj.jpg,,en,,0,1,1,https://x.com/undefined/status/2032244456217350192,23783692,
2032244449405698096,Thu Mar 12 23:56:48 +0000 2026,1,#JIWOO: blue valentine https://t.co/Ze4lDbTikK,2032244449405698096,https://pbs.twimg.com/amplify_video_thumb/2032244056009445376/img/XL9_wTmBaizfAJfU.jpg,,en,,0,0,1,https://x.com/undefined/status/2032244449405698096,1456056916023681029,
2032244447530955164,Thu Mar 12 23:56:48 +0000 2026,1,#zzzero https://t.co/9LjlSFf5HV,2032244447530955164,https://pbs.twimg.com/media/HDP7ft7XsAA9K5u.jpg,,qme,,0,0,0,https://x.com/undefined/status/2032244447530955164,1196718205143781379,
2032183557964054864,Thu Mar 12 23:56:47 +0000 2026,0,@buburinrin1 Im reading Blue lock to see Isagi lose.,2032244446062842002,,buburinrin1,en,,0,0,0,https://x.com/undefined/status/2032244446062842002,1837554771248480256,
2032133684854169687,Thu Mar 12 23:56:46 +0000 2026,0,@bobbert36 @Philip_Sarnecki If you plan on voting blue you are the problem,2032244442053189936,,bobbert36,en,,0,0,0,https://x.com/undefined/status/2032244442053189936,1528490833137246208,
2032004034601640142,Thu Mar 12 23:56:43 +0000 2026,1,@ursultrymia Blue,2032244425741508702,,ursultrymia,en,,0,0,0,https://x.com/undefined/status/2032244425741508702,1657572145763893248,
2032244423124295839,Thu Mar 12 23:56:42 +0000 2026,1,Funny how shit like this only ever happens to right wing blue check Twitter accounts,2032244423124295839,,,en,,0,0,0,https://x.com/undefined/status/2032244423124295839,1675526202939899906,
2032018763999298030,Thu Mar 12 23:56:38 +0000 2026,0,@JamesEsq85 @Hamskis @Coinvo Both have elements of truth. Tim Tebow accurately testified before the Senate Judiciary Subcommittee on March 3 2026 presenting a DOJ/law enforcement map of ~338 000 unique US IP addresses tied to downloading/sharing CSAM (mostly kids under 12) in a 6-month window. Blue dots,2032244408192585909,,JamesEsq85,en,,0,1,0,https://x.com/undefined/status/2032244408192585909,1720665183188922368,
2032244405067767964,Thu Mar 12 23:56:38 +0000 2026,136, Takeda Kohei (Old Fashioned Cupcake) and Shibuya Kento star in the adaptation of Life in Smokey Blue . #ドラマスモブル An unemployed man goes to a gay bar and ends up running into his former workplace rival. Now approaching their 40s the two begin to share the same https://t.co/yiejh3StfS,2032244405067767964,https://pbs.twimg.com/media/HDP7gmnWAAAiLjI.jpg,,en,,14,1,20,https://x.com/undefined/status/2032244405067767964,1652878333053419521,
2032244402421473355,Thu Mar 12 23:56:37 +0000 2026,0,#YouMakeTheCall TNA Seminoles and Blue Devils https://t.co/X4R4caVKA4,2032244402421473355,,,en,,0,0,0,https://x.com/undefined/status/2032244402421473355,1667598730948751364,
2032244401469014514,Thu Mar 12 23:56:37 +0000 2026,1,Card mage color palette ‍️ I like blue can you tell https://t.co/GrDK3s8jXx,2032244401469014514,https://pbs.twimg.com/tweet_video_thumb/HDP6eqNbUAAg3iX.jpg,,en,,0,1,0,https://x.com/undefined/status/2032244401469014514,1536449090124382208,
2032217634171757040,Thu Mar 12 23:56:36 +0000 2026,0,@BenjiR_87 @zeets73 @AnthonySci85206 @allenanalysis It verifiably does not hurt the working class the only people inconvenienced are those that did not maintain their own records and in most cases this is easily rectifiable. We never stated it was a red or blue issue and we aren t MAGA we disagree with plenty of that base.,2032244399904866396,,BenjiR_87,en,,0,1,0,https://x.com/undefined/status/2032244399904866396,2013047519031468033,
2032046261843739034,Thu Mar 12 23:56:35 +0000 2026,0,@Lottka_Smolka It s fun to speculate about this I m sure it would look good on whoever wears it Zhufa s old outfit was blue so maybe it could belong to someone else ? ️,2032244392472588779,,Lottka_Smolka,en,,0,0,0,https://x.com/undefined/status/2032244392472588779,1814145754178707456,
2031926599378223488,Thu Mar 12 23:56:34 +0000 2026,1,@i4lock BLUE LOCK MENTION ,2032244391620776102,,i4lock,en,,0,0,0,https://x.com/undefined/status/2032244391620776102,2030641010003316737,
2032235529517793547,Thu Mar 12 23:56:33 +0000 2026,1,@absinthelftv unfortunately I m up for a promotion at work so I can t bring back the blue hair right now but I will try my best,2032244384306020622,,absinthelftv,en,,0,0,0,https://x.com/undefined/status/2032244384306020622,3373246415,
2032004034601640142,Thu Mar 12 23:56:32 +0000 2026,1,@ursultrymia Blue,2032244380535492715,,ursultrymia,en,,0,0,0,https://x.com/undefined/status/2032244380535492715,1869924812576935936,
2032217634171757040,Thu Mar 12 23:56:31 +0000 2026,1,@allenanalysis Blue states routinely give drivers licenses to illegal aliens which is the reason why the democrats want drivers licenses to qualify them to vote. They'll always find ways to cheat.,2032244379449008353,,allenanalysis,en,,0,0,0,https://x.com/undefined/status/2032244379449008353,1252389096976154624,
2032244363531829549,Thu Mar 12 23:56:28 +0000 2026,1,@itoi_TL エドワードを表す色は 【水｜Sky Blue】 風のような自由人 ・縛られると即パワーダウン ・余白があるほど輝くタイプ ・発想ふわっと、でも鋭い #Makko #診断テスト みんなは何色かな？ 【色鉛筆診断】 https://t.co/MvjrwacKbj,2032244363531829549,,itoi_TL,ja,,0,0,0,https://x.com/undefined/status/2032244363531829549,1547419374557880320,
2032145588712804421,Thu Mar 12 23:56:23 +0000 2026,0,@kaiisyourking Blue Moon is S+,2032244343247950220,,kaiisyourking,en,,0,0,0,https://x.com/undefined/status/2032244343247950220,3043121660,
2032244340345417829,Thu Mar 12 23:56:22 +0000 2026,4,I love to get on https://t.co/hnSM2qzXG8,2032244340345417829,https://pbs.twimg.com/media/HDP7c68XkAAdT00.jpg,,en,,0,1,0,https://x.com/undefined/status/2032244340345417829,2010462597208760320,
2031770098151895531,Thu Mar 12 23:56:22 +0000 2026,0,@EvelinaHahne That sounds just like Blue states here in America... Evil everywhere,2032244339905015919,,EvelinaHahne,en,,0,0,0,https://x.com/undefined/status/2032244339905015919,1890212206534594560,
2032160169350607142,Thu Mar 12 23:56:22 +0000 2026,0,@le50588 I vote blue more often than not*,2032244339728888019,,ShaforGuy16272,en,,0,0,0,https://x.com/undefined/status/2032244339728888019,1655395833712451584,
2032120362646094210,Thu Mar 12 23:56:22 +0000 2026,0,@Gnosisinformant @BrightInsight6 There's many utopia is the west stories from Greece. I think it all goes back to the idea that the Tuatha De Danaan were the aesir and British Isles was basically heaven. That's why the gods and their children have blue and green eyes and red and blonde hair.,2032244339447885976,,Gnosisinformant,en,,0,0,0,https://x.com/undefined/status/2032244339447885976,1607444952245571585,
2032244331890061771,Thu Mar 12 23:56:20 +0000 2026,0,Remember vote blue no matter who! https://t.co/hmV1WBMjam,2032244331890061771,,,en,,0,0,0,https://x.com/undefined/status/2032244331890061771,1377486925406203905,
2032004034601640142,Thu Mar 12 23:56:19 +0000 2026,0,@ursultrymia Blue,2032244328643350649,,ursultrymia,en,,0,0,0,https://x.com/undefined/status/2032244328643350649,2016837323112042496,
2032223657934598567,Thu Mar 12 23:56:18 +0000 2026,1,@allenanalysis no way an anti union Republican CEO is empowering blue collar workers - I think you mean he's empowering businessmen who employ blue collar workers Not The Same Thing At All words matter so do facts,2032244323421446605,,GREGORYABUTLER,en,,0,0,0,https://x.com/undefined/status/2032244323421446605,34127538,
2032244319994917276,Thu Mar 12 23:56:17 +0000 2026,3,Grooming kids is fine if you're a Christian and you're doing it for Godly reasons https://t.co/U6wdGJbhQN,2032244319994917276,https://pbs.twimg.com/tweet_video_thumb/HDP7b8SbcAAXuUd.jpg,,en,,0,0,0,https://x.com/undefined/status/2032244319994917276,1576562861056589825,
2032004034601640142,Thu Mar 12 23:56:16 +0000 2026,0,@ursultrymia Blue,2032244314248495227,,ursultrymia,en,,0,0,0,https://x.com/undefined/status/2032244314248495227,1990911645720174592,
2032083945475522680,Thu Mar 12 23:56:16 +0000 2026,0,@blueskduz BLUE Hi Missed u!,2032244312633643225,,blueskduz,en,,0,0,0,https://x.com/undefined/status/2032244312633643225,1664823271697555459,
2032224194331656215,Thu Mar 12 23:56:14 +0000 2026,1,@AustinDunno @JacquettaInTx1 @mattvanswol Blue state/prosecutor. The only reason it will not be charged is the case's high profile... I guarantee there will be a wrongful death suit down the line from the terrorist's family and it will probably give a blue jury the warm and fuzzies to find in favor of the ISIS family.,2032244308078694592,,AustinDunno,en,,0,0,0,https://x.com/undefined/status/2032244308078694592,1675978655074336769,
2032244307160166445,Thu Mar 12 23:56:14 +0000 2026,0,Jordan 4 Retro University Blue 43% ($301) lower than last sale! Size: 9.5 Last sale: $696 BUY NOW $395 https://t.co/1mTFCaDuAE https://t.co/3HkLz16czM,2032244307160166445,https://pbs.twimg.com/media/HDP7bboW0AA6rEs.jpg,,en,,0,0,0,https://x.com/undefined/status/2032244307160166445,1115761929648312320,
2031794309570445470,Thu Mar 12 23:56:10 +0000 2026,0,@Scalonidas2023 @djdredfoxx @tellm3_uloveme Correct. Wade told Bron if you want to be a champion like Kobe and beat the Celtics like Kobe you re going to need to team up with better players like Kobe. Bron said in multiple interviews that they followed the Celtics blue print in order to beat them.,2032244289095549003,,Scalonidas2023,en,,0,0,0,https://x.com/undefined/status/2032244289095549003,733386504244846592,
2032004034601640142,Thu Mar 12 23:56:08 +0000 2026,0,@ursultrymia Blue,2032244282485096749,,ursultrymia,en,,0,0,0,https://x.com/undefined/status/2032244282485096749,1748486706616053761,
2032173591534457295,Thu Mar 12 23:56:07 +0000 2026,1,@Ami_Marisol @chokingemu @cavannastan @BlueNGold92 Blue cord &gt; Hat ,2032244278781452305,,Ami_Marisol,en,,0,2,0,https://x.com/undefined/status/2032244278781452305,1383155870,
2031746610896437637,Thu Mar 12 23:56:07 +0000 2026,0,@TheLaurenChen Obviously written by someone who doesn't know what the fuck they're talking about and is here trying to stir shit up because they have a blue tick. You cannot find evidence that she has hated on the royal family for eight years.,2032244278274244926,,TheLaurenChen,en,,0,0,0,https://x.com/undefined/status/2032244278274244926,1539857353943576576,
2032204913141272622,Thu Mar 12 23:56:05 +0000 2026,0,@MinPtah Sometimes envious Often watching from A-Fa Recording those two blue souls who circle each other and part in complete knowingness Leaping in boundless joy yet weeping how their endless tale spans 13 worlds But in this present time ? Nobody listens to their song anymore https://t.co/2fYpdCcQTk,2032244266508956124,https://pbs.twimg.com/media/HDP7YUcXEAAQlzA.jpg,MinPtah,en,,0,1,0,https://x.com/undefined/status/2032244266508956124,1803253516024082432,
2032109368582553976,Thu Mar 12 23:56:04 +0000 2026,0,@jonbrooks Carmax. Was amazed to have a great experience just getting a new (used) car for my wife. ZERO pressure no negotiation prices are dead nuts Blue Book/Edmunds values every car they have is in immaculate condition huge inventory from all manufacturers all in one place.,2032244263032144264,,jonbrooks,en,,0,0,0,https://x.com/undefined/status/2032244263032144264,891261,
2032244255603744813,Thu Mar 12 23:56:02 +0000 2026,0,vou de pink blue black ou purple,2032244255603744813,,,en,,0,0,0,https://x.com/undefined/status/2032244255603744813,1908620877534765056,
2032244249152909653,Thu Mar 12 23:56:00 +0000 2026,0,One Piece Live Action S2 EP1-3 I think it's overall a massive improvement because while East Blue Saga was grounded Alabasta Saga started introducing the more over the top things and... they could actually nail them while not feeling overbearing or out of place. 1/3 https://t.co/VTcMlOeGw2,2032244249152909653,https://pbs.twimg.com/media/HDP7QKQXAAEjX7r.jpg,,en,,0,1,0,https://x.com/undefined/status/2032244249152909653,1574849420025565185,
2032244246598783223,Thu Mar 12 23:56:00 +0000 2026,2,520 Ashley I'm starting to wonder if I've been cursed this year somehow meeting a female friend out of the blue and then out of nowhere she asks if she can come see me. It's just so absurd as abstract as an impressionist painting. Ah..... 罢了 Good night everyone https://t.co/X1V6KZ5GkQ,2032244246598783223,https://pbs.twimg.com/media/HDP7X2LbQAEoOFq.jpg,,en,,0,2,0,https://x.com/undefined/status/2032244246598783223,1509077781829009409,
2032244246384615470,Thu Mar 12 23:56:00 +0000 2026,2, &amp; when you all step outside you are something greater than before. those street lights are lit &amp; the sky s still holding onto a little brightness a little blue still (ode to the silver screen // @myrmiidons) Link: https://t.co/HeQvMp3gm5,2032244246384615470,,,en,,0,0,0,https://x.com/undefined/status/2032244246384615470,1274733604715859969,
2032244246112055398,Thu Mar 12 23:56:00 +0000 2026,1,More gorgeous pieces! https://t.co/1MCDagwcZ7 12PM EST Opal Peridot Blue Fluorite and Aquamarine https://t.co/4f8f57XbwH,2032244246112055398,https://pbs.twimg.com/media/HDP7XJcXcAAlFhX.jpg,,en,,0,0,0,https://x.com/undefined/status/2032244246112055398,1685266654014410752,
2032126351382303127,Thu Mar 12 23:55:56 +0000 2026,0,@steveth75737857 nice blue hair........really......,2032244230219849996,,steveth75737857,en,,0,0,0,https://x.com/undefined/status/2032244230219849996,1923462385999937538,
2032004034601640142,Thu Mar 12 23:55:55 +0000 2026,0,@ursultrymia Blue,2032244224888885725,,ursultrymia,en,,0,0,0,https://x.com/undefined/status/2032244224888885725,82864983,
2032244224448741800,Thu Mar 12 23:55:55 +0000 2026,7,What is more AI proof? White collar or blue collar jobs? I m in a white collar job right now and starting to get a bit nervous ,2032244224448741800,,,en,,0,3,0,https://x.com/undefined/status/2032244224448741800,1995892971448008709,
2031853428578689290,Thu Mar 12 23:55:52 +0000 2026,1,@nyangkyunz Ohhh I remember akajjash i wanted a russian blue bc of him too now I kinda have it she's half white and half grey ,2032244214596088202,,nyangkyunz,en,,0,1,0,https://x.com/undefined/status/2032244214596088202,1133908736165253128,
2032131728517538167,Thu Mar 12 23:55:52 +0000 2026,0,@emarrbb @grok can you remove the blue??,2032244212939571398,,emarrbb,en,,0,0,0,https://x.com/undefined/status/2032244212939571398,2032207789817544706,
2032244206870073694,Thu Mar 12 23:55:50 +0000 2026,0,I hope to find these chapter books at Books A Million because my 2 favorite Blue Lock characters are on the covers. https://t.co/EGsNVD5YN3,2032244206870073694,https://pbs.twimg.com/media/HDP7SP1WoAAK_VQ.jpg,,en,,0,0,0,https://x.com/undefined/status/2032244206870073694,1179198945580535813,
2032244204160586164,Thu Mar 12 23:55:50 +0000 2026,1,The biggest question #stlblues fans have following the trade deadline is what direction is this team headed? @StLouisBlues Chairman Tom Stillman joined the #LMBP to provide a better perspective. #LastMinuteBluesPodcast is presented by Blue Note Roofing! https://t.co/pw8a4L0Sp2,2032244204160586164,https://pbs.twimg.com/amplify_video_thumb/2032243605595963392/img/KvYdxmuEwCKSUEdl.jpg,,en,,0,1,1,https://x.com/undefined/status/2032244204160586164,18568117,
2032244185521336709,Thu Mar 12 23:55:45 +0000 2026,5,We missed #WontLookWednesday yesterday so Corti wanted to do one today in front of Blue's shrub https://t.co/S1NG2iZA5Q,2032244185521336709,https://pbs.twimg.com/media/HDP7TFvaQAAntxj.jpg,,en,,0,0,0,https://x.com/undefined/status/2032244185521336709,3076052887,
2032004034601640142,Thu Mar 12 23:55:44 +0000 2026,1,@ursultrymia Blue ,2032244181158986033,,ursultrymia,en,,0,0,0,https://x.com/undefined/status/2032244181158986033,1056326249839124480,
2032232189924888920,Thu Mar 12 23:55:44 +0000 2026,4,@GuntherEagleman What will Dozing Don do! Are you breaking from your King! Texas needs you more now than ever! Or have you risen the white flag already &amp; accepted the blue wave Trump-Epstein file still on the table no matter how much you issue https://t.co/JKuFSg4aLR,2032244179808473351,https://pbs.twimg.com/media/HDP7S78WAAEWiVS.jpg,GuntherEagleman,en,,0,0,0,https://x.com/undefined/status/2032244179808473351,1686507475820765189,
2032244171827003423,Thu Mar 12 23:55:42 +0000 2026,7,ユージ さんと吉田明世 さんの #ワンモ の後は、#BlueOcean ／ 今日は オトナのなんでも相談室 みんなのお悩みを解決します ＼ #radiko のライブ配信リンク https://t.co/X6Ay7YcVFB 引き続き、#TOKYOFM をお楽しみくださいね,2032244171827003423,,,ja,,0,0,0,https://x.com/undefined/status/2032244171827003423,536991714,
2032244156228075906,Thu Mar 12 23:55:38 +0000 2026,1,Miles Davis - Volume 1 &amp; 2. Blue Note BLP 1501 &amp; 1502. Recorded between 1952-54. #milesdavis #bluenoterecords #jazz #vinyl #records https://t.co/FFyVz4ZNjw,2032244156228075906,https://pbs.twimg.com/media/HDP7SVdWgAAZST0.jpg,,en,,0,0,0,https://x.com/undefined/status/2032244156228075906,868055856,
2032136165059440685,Thu Mar 12 23:55:36 +0000 2026,0,@Tmc0610 The blue tint just doesnt play well with the clothing at all,2032244145046372499,,Tmc0610,en,,0,0,0,https://x.com/undefined/status/2032244145046372499,1456793808142680067,
2032199440803713401,Thu Mar 12 23:55:33 +0000 2026,1,@LilaFlw My Iza Blue was very sick when she left the shelter and then went into heat in the transport up to Montana. Normally I beleive they do spay and neuter...or its up to the rescue to do it but Iza's immune system couldn't handle surgery yet.,2032244135500116360,,LilaFlw,en,,0,1,0,https://x.com/undefined/status/2032244135500116360,1498504340608143360,
2032244128763797586,Thu Mar 12 23:55:32 +0000 2026,0,The sunset always had shades of green when I look at it with my eyeballs. (blue&gt;green&gt; yellow&gt;orange) but when I try to take a pic with my iPhone it goes to blue&gt;pink&gt;red aka ugly ass and boring. Why is this,2032244128763797586,,,en,,0,0,0,https://x.com/undefined/status/2032244128763797586,3984767445,
2032154004537352668,Thu Mar 12 23:55:29 +0000 2026,0,@robinsgrlfnd They wear it a lot and the background colours around them are always blue and yellow. Uhh sprock probably.. uhhh their colours have always been that,2032244115698860375,,robinsgrlfnd,en,,0,0,0,https://x.com/undefined/status/2032244115698860375,1991720477358960640,
2031914004331811043,Thu Mar 12 23:55:21 +0000 2026,0,@DukeNation89 @nickbateman33 Only reason it might happen is because the refs are wearing blue and white tonight,2032244085013025187,,DukeNation89,en,,0,0,0,https://x.com/undefined/status/2032244085013025187,1559999548537425920,
2032223657934598567,Thu Mar 12 23:55:20 +0000 2026,0,@allenanalysis when you say vocationally trained working class males do you mean actual male blue collar W2 employees or affluent businessmen who don't have a college degree - cause I suspect you mean the latter not the former,2032244081502425110,,allenanalysis,en,,0,1,0,https://x.com/undefined/status/2032244081502425110,34127538,
2032244079237742641,Thu Mar 12 23:55:20 +0000 2026,0,just realized Azula s fire was blue because AZUL-a.. omg,2032244079237742641,,,en,,0,0,0,https://x.com/undefined/status/2032244079237742641,1246586293829529600,
2032237398445461812,Thu Mar 12 23:55:17 +0000 2026,0,@dimeurz okay i searched and apparently ultra blue is diff from the ultra bh.. hmmm,2032244065899516385,,dimeurz,en,,0,0,0,https://x.com/undefined/status/2032244065899516385,1540449832824971265,
2032244055724159217,Thu Mar 12 23:55:14 +0000 2026,0,does anyone know where i can get these sweet blue cups that the california supreme court uses https://t.co/cSsxeHRTfU,2032244055724159217,https://pbs.twimg.com/media/HDP7MSrWIAAkBio.png,,en,,0,0,0,https://x.com/undefined/status/2032244055724159217,1829287298992607232,
2032232372071219226,Thu Mar 12 23:55:14 +0000 2026,0,@AutismCapital I believe they are throttling blue checks more. I'm just a bum but have been reading some good posts.,2032244054722035967,,AutismCapital,en,,0,0,0,https://x.com/undefined/status/2032244054722035967,1517409211264634886,
2032244042772128125,Thu Mar 12 23:55:11 +0000 2026,6,give a former toryboy Kept by crystal castles and u get homeland party edits reskinned with navy blue and the sonnenrads half edited out,2032244042772128125,,,en,,0,0,0,https://x.com/undefined/status/2032244042772128125,2030389749308063744,
2032140231420314012,Thu Mar 12 23:55:11 +0000 2026,0,@morphew_ke42567 @lippyent From the land of sky blue water!!!!,2032244040100450322,,morphew_ke42567,en,,0,0,0,https://x.com/undefined/status/2032244040100450322,3446824095,
2032244037772525796,Thu Mar 12 23:55:10 +0000 2026,0,@ this puma blue concert and I wanna smoke so bad..,2032244037772525796,,,en,,0,0,0,https://x.com/undefined/status/2032244037772525796,72076163,
2032244035708985435,Thu Mar 12 23:55:10 +0000 2026,0,Just when I thought I had lost faith in my club I come online and a fellow fan explains why I shouldn't Manchester will always be blue ,2032244035708985435,,,en,,0,0,0,https://x.com/undefined/status/2032244035708985435,1954675700348211201,
2032004034601640142,Thu Mar 12 23:55:09 +0000 2026,0,@ursultrymia Blue,2032244031619518877,,ursultrymia,en,,0,0,0,https://x.com/undefined/status/2032244031619518877,1960488177216708609,
2032244021456736540,Thu Mar 12 23:55:06 +0000 2026,0,【予約開始‼️】 2025/4/25 ザテレビジョンCOLORS Vol.60 LIGHT BLUE 表紙：寺西拓人 （timelesz） Amazon https://t.co/xa3gRz0vE4 てら君表紙、楽しみ〜 佐藤勝利　菊池風磨　松島聡 寺西拓人　原嘉孝　橋本将生 猪俣周杜　篠塚大輝 #PR,2032244021456736540,,,ja,,0,0,0,https://x.com/undefined/status/2032244021456736540,1789088864063324160,
2031805981236076854,Thu Mar 12 23:55:05 +0000 2026,0,@theliamnissan You folks with the blue checks can call grok for us,2032244016918757426,,theliamnissan,en,,0,0,0,https://x.com/undefined/status/2032244016918757426,1891520529703518208,
2032196007140999175,Thu Mar 12 23:55:05 +0000 2026,0,@CollinRugg Blue cities in blue states man.... https://t.co/PwAjKXTcG7,2032244016134148421,https://pbs.twimg.com/tweet_video_thumb/HDP7KRJWsAA2Aa2.jpg,CollinRugg,en,,0,0,0,https://x.com/undefined/status/2032244016134148421,1813697983600353280,
2032144165182881911,Thu Mar 12 23:55:04 +0000 2026,0,@alby13 @RileyRalmuto Alien revelation movie poster titled ** Deep Disclosure ** cinematic sci-fi thriller poster design a lone investigative journalist standing on a dark desert ridge at night looking up at a massive hovering alien craft emerging from storm clouds dramatic beams of blue-green https://t.co/vbt6Ib8o32,2032244014083092579,https://pbs.twimg.com/media/HDP7EldbQAEVGOc.jpg,alby13,en,,0,0,0,https://x.com/undefined/status/2032244014083092579,254284323,
2032143275256140264,Thu Mar 12 23:55:04 +0000 2026,0,@Bryanneod237 @JailenShep68428 @eStarland So did I. I also grew up with Pokemon blue. And SnS is peak Pokemon in terms of animation options menu etc. Black and white was mid. I love pixel art but this ain t more animated than SnS. Since you re old AF I could name plenty of pixel games with better animations than,2032244010748944510,,Bryanneod237,en,,0,1,0,https://x.com/undefined/status/2032244010748944510,1336168140024152064,
2032244009242902914,Thu Mar 12 23:55:03 +0000 2026,0,I didnt want to do it But I just cant support this company Right now Thank you @TimSweeneyEpic Appreciate your greediness @Fortnite @FortniteStatus @EpicGames https://t.co/OcDVMbweuN,2032244009242902914,https://pbs.twimg.com/media/HDP7J-cXwAAko-v.jpg,,en,,0,0,0,https://x.com/undefined/status/2032244009242902914,1774485213365579776,
2032243999306633622,Thu Mar 12 23:55:01 +0000 2026,1,@brooksanddunn weren t just honky-tonk. They could stop a room with a ballad. https://t.co/EmsZy9cOXR https://t.co/AtEmt0n7di,2032243999306633622,https://pbs.twimg.com/media/HDP7Jf3W8AENoZ1.jpg,BrooksAndDunn,en,,0,0,0,https://x.com/undefined/status/2032243999306633622,1978787466128535552,
2032182713671958803,Thu Mar 12 23:54:55 +0000 2026,0,@PNWConservative Common sense will tell you that all of our issues are from decades of one party rule. Problem is that the Blue no matter who crew doesn t really have common sense.,2032243976728895721,,PNWConservative,en,,0,0,0,https://x.com/undefined/status/2032243976728895721,244789924,
2032243968147407271,Thu Mar 12 23:54:53 +0000 2026,0,Blue and White. The Leafs blue and white!,2032243968147407271,,,en,,0,0,0,https://x.com/undefined/status/2032243968147407271,2334387048,
2032243660952097217,Thu Mar 12 23:54:52 +0000 2026,0,@pulpmx @LewisPhillips71 @kellenbrauer It means that guys who are battling and then see the blue flag will get out of the way because their race is already over nothing left to race for. It is in my mind a better solution than 15 on the gate,2032243963394941115,,TriathlonStyles,en,,0,0,0,https://x.com/undefined/status/2032243963394941115,381547836,
2032176918590521800,Thu Mar 12 23:54:52 +0000 2026,0,@curtiswoodhous8 @kylewoodhouse7 When u knows you're a blue nose,2032243961075810467,,curtiswoodhous8,en,,0,0,0,https://x.com/undefined/status/2032243961075810467,1482669358413402115,
2032143502608392326,Thu Mar 12 23:54:51 +0000 2026,0,@SFG169 It's usually because they're likely inundated with bot traffic and generally bots do not pay to have a blue check.,2032243959905562780,,SFG169,en,,0,0,0,https://x.com/undefined/status/2032243959905562780,85695954,
2032243956604444835,Thu Mar 12 23:54:51 +0000 2026,4,Uh. Oh. Something has broken. I've gotten a your blue checkmark has been verified notice three times now... ,2032243956604444835,,,en,,0,1,0,https://x.com/undefined/status/2032243956604444835,1586114005990506498,
2032243944004735470,Thu Mar 12 23:54:48 +0000 2026,0,Thought id main N7 but instead ive somehow grown an attachment to Dued1.... inchresting development. Not that im rlly complaining i like the fish skin a lot cuz its very blue:3.,2032243944004735470,,,en,,0,0,0,https://x.com/undefined/status/2032243944004735470,1273072700722905088,
2032243928896848169,Thu Mar 12 23:54:44 +0000 2026,1,Duke going 9-of-18 from the line is a big reason why the Blue Devils aren't pulling away,2032243928896848169,,,en,,0,0,0,https://x.com/undefined/status/2032243928896848169,2255705903,
2032004034601640142,Thu Mar 12 23:54:43 +0000 2026,1,@ursultrymia Blue,2032243923804958749,,ursultrymia,en,,0,0,0,https://x.com/undefined/status/2032243923804958749,1423058949708865549,
2032243922093654204,Thu Mar 12 23:54:42 +0000 2026,5,Touted QB Recruitment: Where things stand with Georgia's pursuit of blue-chip signal caller: https://t.co/sHD7zCcGyS @ReuseRecruiting @JedMay_ @RadiNabulsi https://t.co/JoGV5hUd46,2032243922093654204,https://pbs.twimg.com/media/HDP65APX0AAQPhR.jpg,,en,,1,1,3,https://x.com/undefined/status/2032243922093654204,28745446,
2032004034601640142,Thu Mar 12 23:54:42 +0000 2026,4,@ursultrymia Blue,2032243921666130345,,ursultrymia,en,,0,0,1,https://x.com/undefined/status/2032243921666130345,2530342794,
2032083405265891763,Thu Mar 12 23:54:42 +0000 2026,0,@Selene_Mariposa Everyone has a right to their voice. Blue checks is because I support the platform allowing that. If you are only doing it for your own self well there s your problem. Dealing with bots is totally different issue!,2032243919195353143,,Selene_Mariposa,en,,0,0,0,https://x.com/undefined/status/2032243919195353143,1520424426675871745,
2032097837874389184,Thu Mar 12 23:54:41 +0000 2026,0,@martyrdison im 6'1 Blue eyes Small town(1500 people west cost so even better) watches jeopardy top 3 fav food is Ethiopian blonde hair in summer naturally turns brown in winter extremely dark sense of humor kinda depressed and yes I do drink bubble tea,2032243916356141138,,martyrdison,en,,0,0,0,https://x.com/undefined/status/2032243916356141138,2029022136225140737,
2032243914959364551,Thu Mar 12 23:54:41 +0000 2026,0,Deep blue sea where LL Cool Jay miraculously survives becoming the first black man to survive a thriller movie https://t.co/Yvr512Jlg5,2032243914959364551,https://pbs.twimg.com/tweet_video_thumb/HDP7EY9bQAMOmI0.jpg,,en,,0,0,0,https://x.com/undefined/status/2032243914959364551,385298311,
2031913644376879369,Thu Mar 12 23:54:39 +0000 2026,1,@beans120 @QStacheIII @MtStHelensWA @PNWForestKing It isn t a coincidence that most of the GDP comes from blue cities and states. The only thing red states have going for them is cheap housing lol.,2032243905987797276,,beans120,en,,0,1,0,https://x.com/undefined/status/2032243905987797276,1981374052481802240,
2032228277490708603,Thu Mar 12 23:54:35 +0000 2026,0,@bearki I'm starting to have enough blue shields to try to get a purple one and weapons too. I need to lock in,2032243891970142674,,bearki,en,,0,0,0,https://x.com/undefined/status/2032243891970142674,2002204491194789888,
2032162533407072569,Thu Mar 12 23:54:34 +0000 2026,1,@LawrenceLepard Red or blue or green. We all need to get together and take back our country. @adamtaggart,2032243887272611849,,MarkMa71788,en,,0,1,0,https://x.com/undefined/status/2032243887272611849,1768071427427536896,
2032243882730406148,Thu Mar 12 23:54:33 +0000 2026,0,Arguing with Blue guy over the data cell and somebody just ran it over that was a entirely different dwarf too,2032243882730406148,,,en,,0,1,0,https://x.com/undefined/status/2032243882730406148,1989749834736439296,
2032242847554982147,Thu Mar 12 23:54:30 +0000 2026,0,@TheDeltaFarmerX @elonmusk @Support I think paying for the abuse of the blue check is not worth it. I had one got abused and stopped paying for the priveledge.,2032243871913296157,,TheDeltaFarmerX,en,,0,1,0,https://x.com/undefined/status/2032243871913296157,1387909499487391744,
2032243856897688026,Thu Mar 12 23:54:27 +0000 2026,0,When the blue line collides with federal law enforcement #PoliceAction #fbi https://t.co/pVTcNR1Lom,2032243856897688026,,,en,,0,0,0,https://x.com/undefined/status/2032243856897688026,3251361120,
2032243848567533783,Thu Mar 12 23:54:25 +0000 2026,11,Another Au Ra wig done! This is my second time making this wig but this time in blue. https://t.co/vbkh41pc6n,2032243848567533783,https://pbs.twimg.com/media/HDP7AsFbsAAQlNM.jpg,,en,,1,0,0,https://x.com/undefined/status/2032243848567533783,262961606,
2032243847376601351,Thu Mar 12 23:54:25 +0000 2026,0,Epstein kept creepy blue sculpture moulded on mother of his child who he called the perfect woman victim claims #Sculpture #Kansas https://t.co/6pISEOUHiU,2032243847376601351,,,en,,0,0,0,https://x.com/undefined/status/2032243847376601351,45748918,
2032242284121502110,Thu Mar 12 23:54:22 +0000 2026,1,@Nightcoy0te Holy fuck that s so silly. See I was thinking Amber for a similar reason. The shade of the blue specifically of the dress reminds me of blue fire. Fire fire genasi type shit,2032243837423255731,,Nightcoy0te,en,,0,0,0,https://x.com/undefined/status/2032243837423255731,1971611004204158985,
2032189459379229119,Thu Mar 12 23:54:22 +0000 2026,0,@moneyymaya No that s blue cheese!,2032243837200969985,,moneyymaya,en,,0,1,0,https://x.com/undefined/status/2032243837200969985,171137152,
2032243833447100723,Thu Mar 12 23:54:21 +0000 2026,0,How tf it get so cold out the blue,2032243833447100723,,,en,,0,0,0,https://x.com/undefined/status/2032243833447100723,2466523657,
2032243817554821305,Thu Mar 12 23:54:18 +0000 2026,7,I always wonder whats beyond the great big blue https://t.co/bIwLvQXXGA,2032243817554821305,https://pbs.twimg.com/media/HDP6-6nXAAA0om4.jpg,,en,,0,0,0,https://x.com/undefined/status/2032243817554821305,1979709486970597376,
2032201160791376030,Thu Mar 12 23:54:17 +0000 2026,0,@rduke0071 @elonmusk Kimono Dragon solid pun! That blue-scaled beast in the kimono is straight-up AI-generated digital art. No human artist signature or credits show up anywhere; it's got that ultra-detailed fantasy prompt magic from models like Flux or Midjourney. Epic either way! Who cooked up,2032243816900555156,,rduke0071,en,,0,1,0,https://x.com/undefined/status/2032243816900555156,1720665183188922368,
2032214735664366018,Thu Mar 12 23:54:13 +0000 2026,1,@jal8ert I LIKE THE BLUE EYES WHY,2032243797308961172,,jal8ert,en,,0,0,0,https://x.com/undefined/status/2032243797308961172,1848551440958296068,
2032243792380579879,Thu Mar 12 23:54:12 +0000 2026,0,Check out Hal's blue dot politics's video! #TikTok https://t.co/TulEOUDuaK,2032243792380579879,,,en,,0,0,0,https://x.com/undefined/status/2032243792380579879,1724834895183368192,
2032201944505184701,Thu Mar 12 23:54:10 +0000 2026,0,@neukoai @iris_aurelian Blue pilled.,2032243785703244076,,neukoai,en,,0,0,0,https://x.com/undefined/status/2032243785703244076,1512829131637071888,
2032240894066229298,Thu Mar 12 23:54:09 +0000 2026,2,@Iamjoekher @CHELLESHOCKEDTM Too much interaction without a blue check homie!! Elon doesn t like that! ,2032243781987168593,,Iamjoekher,en,,0,1,0,https://x.com/undefined/status/2032243781987168593,1778979033310547968,
2032193270780919812,Thu Mar 12 23:54:08 +0000 2026,0,@davidslosttt The Texas gerrymander is far more brittle than this. That 2024 baseline of Trump +14 won't be achieved again anytime soon as the state is far closer to the Trump +6 result from 2020. Some of those suburban seats will likely flip blue in a strong Dem year.,2032243778296193334,,davidslosttt,en,,0,0,0,https://x.com/undefined/status/2032243778296193334,113486379,
2032233523239670208,Thu Mar 12 23:54:05 +0000 2026,3,@RandPaul @NextUpHalperin @MarkHalperin the only solution here is for the American people to become the adults in the room and stop giving you red and blue children our money.. until you understand how this actually works.,2032243764463358139,,RandPaul,en,,0,0,2,https://x.com/undefined/status/2032243764463358139,1956592095008899072,
2032004034601640142,Thu Mar 12 23:54:05 +0000 2026,1,@ursultrymia Blue,2032243763678974456,,ursultrymia,en,,0,0,0,https://x.com/undefined/status/2032243763678974456,1926273688086712320,
2032107296915144926,Thu Mar 12 23:54:03 +0000 2026,0,@pigeoncrafts Blue ane Clifford were mine i still love them https://t.co/vaxvmyEH3Q,2032243757513355535,https://pbs.twimg.com/tweet_video_thumb/HDP668VXcAAsJjq.jpg,pigeoncrafts,en,,0,0,0,https://x.com/undefined/status/2032243757513355535,1388567555334410246,
2032243747828686860,Thu Mar 12 23:54:01 +0000 2026,0,Discover paradise in the Emerald Coast at My Blue Heaven ! This dreamy 6-bedroom 4-bathroom Blue Mountain Beach home offers a picturesque escape for 14 guests. https://t.co/MOsZUmvk5V https://t.co/S3EiQog9OX,2032243747828686860,https://pbs.twimg.com/media/HDP62FwWQAAMYW1.jpg,,en,,0,0,0,https://x.com/undefined/status/2032243747828686860,1297544405214269440,
2032243743127171553,Thu Mar 12 23:54:00 +0000 2026,14,found a beautiful drifting creature *It looks like a sea slug but they belong to completely different groups https://t.co/uoUHUXuy85,2032243743127171553,https://pbs.twimg.com/amplify_video_thumb/2032213658605142018/img/HHv5vxWlzu954Mlc.jpg,,en,,1,0,3,https://x.com/undefined/status/2032243743127171553,1853206450824179712,
2031578114258800845,Thu Mar 12 23:53:59 +0000 2026,0,@lezzgoNationalU so kayo ok lang mangshade ng dds players namin kami hndi? cheret!!! https://t.co/sv0Uwqy4jF,2032243740451225715,https://pbs.twimg.com/media/HDP66Y-bQAA4xGJ.jpg,lezzgoNationalU,tl,,0,0,0,https://x.com/undefined/status/2032243740451225715,1427446191206240256,
2032243732313969103,Thu Mar 12 23:53:57 +0000 2026,0,This is like a housing version of one of those weird Blue Laws about drinking where a place also has to serve food to have a liquor license on Sundays so you can order a hotdog at the bar.,2032243732313969103,,,en,,0,0,0,https://x.com/undefined/status/2032243732313969103,82662721,
2032243729332126053,Thu Mar 12 23:53:56 +0000 2026,5,Another country going going gone! Sold! To the man in the tacky red white &amp; blue sequined suit.,2032243729332126053,,,en,,0,0,2,https://x.com/undefined/status/2032243729332126053,52343890,
2032243729138851960,Thu Mar 12 23:53:56 +0000 2026,0,The Blue Devils are going to have to find a way to get Cameron Boozer involved more offensively in the 2nd half.,2032243729138851960,,,en,,0,0,0,https://x.com/undefined/status/2032243729138851960,192412530,
2032004034601640142,Thu Mar 12 23:53:53 +0000 2026,0,@ursultrymia Blue,2032243713033027800,,ursultrymia,en,,0,0,0,https://x.com/undefined/status/2032243713033027800,1469433241086173188,
2032243706104082493,Thu Mar 12 23:53:51 +0000 2026,0,@JJettas2 you'd look better in blue and orange ,2032243706104082493,,JJettas2,en,,0,0,0,https://x.com/undefined/status/2032243706104082493,1059792700549939200,
2031879248068194404,Thu Mar 12 23:53:50 +0000 2026,0,@DogAboutOldTown @King_JoeDobbins @DHSgov Is your daughter blue hair nose ring tattooed? I don't know who your daughter is or how she looks. But the girl in the story we do have pictures of her. There are millions of shitty illegals in this nation to deport. There is no reason for them to harass US citizens.,2032243702316621849,,DogAboutOldTown,en,,0,0,0,https://x.com/undefined/status/2032243702316621849,1529431498390007808,
2032004034601640142,Thu Mar 12 23:53:45 +0000 2026,3,@ursultrymia Blue,2032243681420591585,,ursultrymia,en,,0,0,1,https://x.com/undefined/status/2032243681420591585,1784488510340337664,
2032004034601640142,Thu Mar 12 23:53:45 +0000 2026,0,@ursultrymia Blue,2032243681030258972,,ursultrymia,en,,0,0,0,https://x.com/undefined/status/2032243681030258972,2908666785,
2032243574385922548,Thu Mar 12 23:53:20 +0000 2026,0,Duh - another blue state,2032243574385922548,,,en,,0,0,0,https://x.com/undefined/status/2032243574385922548,1869197826858598400,
2032243573190516849,Thu Mar 12 23:53:19 +0000 2026,1,Twitter's gone to the dogs with all the fake stories penned for engagement. Difficult to wade through the shit trying to get to authentic tweets. Wish there was a way to block ALL content from blue️ accounts. Listen I see the irony / my hypocrisy too so don't mention it. ,2032243573190516849,,,en,,0,0,0,https://x.com/undefined/status/2032243573190516849,301556420,
2032242151048745239,Thu Mar 12 23:53:19 +0000 2026,1,@FB_Helmet_Guy White helmet white facemask makes the uniform look incomplete. Blue or red adds so much to a beautiful look,2032243572892975277,,FB_Helmet_Guy,en,,0,0,0,https://x.com/undefined/status/2032243572892975277,2361604651,
2032243568564129941,Thu Mar 12 23:53:18 +0000 2026,1,pines reach for the sky. due east a few hundred miles is the ocean. the town. back here a jet moves across the blue like a slow-motion white cigar. #excerpt,2032243568564129941,,,en,,0,0,0,https://x.com/undefined/status/2032243568564129941,2794912878,
2032218277171147212,Thu Mar 12 23:53:18 +0000 2026,0,@jinnieXbbokie Is the sky blue? Cuz me too,2032243566794199470,,jinnieXbbokie,en,,0,0,0,https://x.com/undefined/status/2032243566794199470,2001484265113161734,
2032243565473255861,Thu Mar 12 23:53:17 +0000 2026,0,Tune Live 2026 チケット 譲渡 譲：4/4 (土) 2部 SS 1枚(~515) 求：2.9(PayPay or 現地) 整番問わない方でSSチケットお求めの方いらっしゃいましたらお気軽にdmまでお願いいたします⭐️ A.B.C-Z KID PHENOMENON 超特急 MA55IVE THE RAMPAGE WILD BLUE #TuneLive2026 #TuneLive2026譲,2032243565473255861,,,ja,,0,0,0,https://x.com/undefined/status/2032243565473255861,1732719059790352384,
2032140231420314012,Thu Mar 12 23:53:14 +0000 2026,2,@lippyent Falstaff blue moon black label PBR.,2032243553028448353,,lippyent,en,,0,0,0,https://x.com/undefined/status/2032243553028448353,1771532526047100928,
2032004034601640142,Thu Mar 12 23:53:11 +0000 2026,0,@ursultrymia Blue,2032243538251927739,,ursultrymia,en,,0,0,0,https://x.com/undefined/status/2032243538251927739,1907916572401840128,
2032230708262158622,Thu Mar 12 23:53:10 +0000 2026,1,@8WaEErtzoOMQ92f Blueさん！️ こんなにぶっ刺さるとは思いませんでした,2032243532921229394,,8WaEErtzoOMQ92f,ja,,0,1,0,https://x.com/undefined/status/2032243532921229394,1345438256,
2032240032115777793,Thu Mar 12 23:53:06 +0000 2026,1,@spittinchiclets @KatieEngleson Makes total sense they brought this to a blue jackets and Panthers game. Because 2 out of the 3 players on the poster are for sure in this hockey game tonight,2032243519335616519,,spittinchiclets,en,,0,0,0,https://x.com/undefined/status/2032243519335616519,316867737,
2032235849799123278,Thu Mar 12 23:53:06 +0000 2026,1,@SickPodTitans @J13Foote @salmanfredi Real? Where are those 3 navy blue stars? https://t.co/cGp0dk95s1,2032243519172075781,https://pbs.twimg.com/media/HDP6tYTW4AA4SYF.jpg,SickPodTitans,en,,0,1,0,https://x.com/undefined/status/2032243519172075781,1338492474956926976,
2032172420874829884,Thu Mar 12 23:53:05 +0000 2026,0,@Richard03900327 @gdogorous @WillColeshill @englishexit You can say this until you re blue in the face it s not going to happen. You might as well say the U.S. is illegitimate because the Constitution was not adopted through amendments of the Articles of Confederation. It s freeman on the land type shit.,2032243514176913622,,Richard03900327,en,,0,1,0,https://x.com/undefined/status/2032243514176913622,430255134,
2032239270845440119,Thu Mar 12 23:53:04 +0000 2026,2,@catturd2 Bring in 6 tons of pepper spray into blue cities now!!!!,2032243510917939686,,catturd2,en,,0,0,0,https://x.com/undefined/status/2032243510917939686,1906271304430522368,
2032164615723880516,Thu Mar 12 23:53:04 +0000 2026,1,@Rozanovllya blue ,2032243510825685287,,Rozanovllya,en,,0,1,0,https://x.com/undefined/status/2032243510825685287,1241145014052212736,
2032004034601640142,Thu Mar 12 23:53:04 +0000 2026,0,@ursultrymia Blue,2032243509046935801,,ursultrymia,en,,0,0,0,https://x.com/undefined/status/2032243509046935801,622419185,
2032193793521279388,Thu Mar 12 23:53:04 +0000 2026,0,@SVG__Collection The Blue Oyster Cult https://t.co/nn8fsUDCaI,2032243508510371934,https://pbs.twimg.com/media/HDP6s6IbQAIvj44.jpg,SVG__Collection,en,,0,0,0,https://x.com/undefined/status/2032243508510371934,1089472016,
2032229482350661823,Thu Mar 12 23:53:04 +0000 2026,1,@brfootball I love the blue colour....but position of the Crest is bad ,2032243508426248413,,brfootball,en,,0,0,0,https://x.com/undefined/status/2032243508426248413,1893579012624048129,
2032209769084436734,Thu Mar 12 23:53:03 +0000 2026,0,@NightSkyToday We re standing on a planet that occasionally fires blue plasma into the stratosphere and our best defense against the mystery is to give it a name and pretend that means we understand it.,2032243503707656373,,NightSkyToday,en,,0,0,0,https://x.com/undefined/status/2032243503707656373,516913332,
2032067979760869824,Thu Mar 12 23:53:03 +0000 2026,5,@TrumpBarron_Q If it is real that should be red white and blue. WE HAVE ALLOWED with wokeness being complacent the take over our our country by Muslims people with more metal than flesh blue green and rainbow hair drug addicts dealers pedos. Take it back!,2032243503586296259,,TrumpBarron_Q,en,,2,1,2,https://x.com/undefined/status/2032243503586296259,1846022389685235712,
2031124806754599170,Thu Mar 12 23:53:02 +0000 2026,0,@TrackingTheSB Go SpaceX - show NASA Boeing &amp; Blue Origin how to do it!,2032243500176085052,,TrackingTheSB,en,,0,0,0,https://x.com/undefined/status/2032243500176085052,376303781,
2032243498817405170,Thu Mar 12 23:53:02 +0000 2026,0,【交換・譲渡】たまごっち　おかしなたまごボーロっち3 譲:1枚目 ケータマふらわー1 エンたまフリルぴんく2 求: Tamagotchi Paradise Blue Water または定価＋送料(レターパックライト) 検索からもお気軽にお声がけください！郵送での交換希望です。 https://t.co/KysQqsctr8,2032243498817405170,https://pbs.twimg.com/media/HDP6sMjacAAKEQR.jpg,,ja,,0,0,0,https://x.com/undefined/status/2032243498817405170,1237717261382647808,
2032184857317494969,Thu Mar 12 23:53:00 +0000 2026,0,@FFuZeY Nicholas Blue please,2032243493100245173,,FFuZeY,en,,0,0,0,https://x.com/undefined/status/2032243493100245173,1596073192572915712,
2032139003911123306,Thu Mar 12 23:53:00 +0000 2026,0,@RoS711907594484 @andweknow @truther_media Thank you Blue Eyes..,2032243492978626687,,RoS711907594484,en,,0,0,0,https://x.com/undefined/status/2032243492978626687,1601999071715201025,
2032243472103600372,Thu Mar 12 23:52:55 +0000 2026,0,mmmmm . blue jay,2032243472103600372,,,en,,0,0,0,https://x.com/undefined/status/2032243472103600372,1472606785286594562,
2032243471931576697,Thu Mar 12 23:52:55 +0000 2026,0,Verisimilitude 100% (2.654 atts). Extreme Demon #40! Sinceramente no sé cómo me costó tanto pasarme este nivel no me gustó mucho que digamos para ser secuela de Phantasmagoria pero bueno dfskjdfjsk https://t.co/kqZWf1nPoO,2032243471931576697,https://pbs.twimg.com/media/HDP51NyWMAA8b7z.jpg,,es,,0,0,0,https://x.com/undefined/status/2032243471931576697,1701059155564388352,
2032243469234700432,Thu Mar 12 23:52:54 +0000 2026,6,My manufacturer closed my restock order for Playmats out of the blue Won't have any for Anime Boston likely. Closed on webstore for now till I figure something out https://t.co/nZpPNWwbD8,2032243469234700432,https://pbs.twimg.com/media/HDP6p3cXEAA41gr.jpg,,en,,0,1,1,https://x.com/undefined/status/2032243469234700432,718155306631475200,
2032243467204583644,Thu Mar 12 23:52:54 +0000 2026,0,Best of Luck to Blue Devil Wrestlers Fisher Montgomery and Jordan Hertel. They will represent Carey High School in the 89th Annual State Tournament at the Schottenstein Center on the campus of Ohio State University! Go Blue! https://t.co/P8PauSifSZ,2032243467204583644,https://pbs.twimg.com/media/HDP5yrOa4AAN2c8.jpg,,en,,0,0,0,https://x.com/undefined/status/2032243467204583644,1123101974,
2032075421391471030,Thu Mar 12 23:52:53 +0000 2026,0,@ThomasTashjian @MikeLevin BLUE WAVE - Impeach Trump and file charges on Musk.,2032243463635214594,,ThomasTashjian,en,,0,0,0,https://x.com/undefined/status/2032243463635214594,1016463848734384128,
2031911501007671627,Thu Mar 12 23:52:53 +0000 2026,0,@nilostolte @GigaBasedDad Blue eyes. Baby s got blue eyes ,2032243462733447616,,nilostolte,en,,0,0,0,https://x.com/undefined/status/2032243462733447616,2163720617,
2032156168035164404,Thu Mar 12 23:52:53 +0000 2026,1,@EricLDaugh @xdemo2016 Basic id is useless b/c blue states give them to anybody.,2032243460942475477,,EricLDaugh,en,,0,0,0,https://x.com/undefined/status/2032243460942475477,1592277079,
2032190514020159860,Thu Mar 12 23:52:52 +0000 2026,0,@TheDoRnbush So many big names off the rip. Also planning out who to get first. Moustakas is one of them Carpenter Mcgriff &amp; Wally Joiner! (1987 Wally hit .285 w 34 HRs 117 RBI). Pitching starter Eck (loved his Cubs 79 starter last year) Burt Blyleven Jared Weaver &amp; Vida Blue (In 22 https://t.co/bfvUwvMT7O,2032243458899886530,https://pbs.twimg.com/media/HDP6pK3aAAAbfYO.jpg,TheDoRnbush,en,,0,1,0,https://x.com/undefined/status/2032243458899886530,434562925,
2032109362446323763,Thu Mar 12 23:52:48 +0000 2026,1,@aiesha_aaaaa Blue,2032243440445210994,,aiesha_aaaaa,en,,0,1,0,https://x.com/undefined/status/2032243440445210994,945204144935186432,
2032132007950725379,Thu Mar 12 23:52:48 +0000 2026,1,@DavidJHarrisJr Anything our troops want to eat and we can get to them they should be allowed to have it. What I don t support is blue states spending taxpayer dollars for their own lavish lifestyle. You are to serve Americans not steal taxpayers. The military keeps us safe treat them well.,2032243440373883313,,DavidJHarrisJr,en,,0,0,0,https://x.com/undefined/status/2032243440373883313,545580279,
2032243438738133113,Thu Mar 12 23:52:47 +0000 2026,16,Blue Mosque of Isfahan Islamic Republic of Iran. Pure Persian refinement; millennia of history in a single country.,2032243438738133113,,,en,,0,0,6,https://x.com/undefined/status/2032243438738133113,1054893957652434944,
2032200818372333643,Thu Mar 12 23:52:47 +0000 2026,0,@GovMikeKehoe @AGCHanaway Missouri is a deep red state..not a blue state like the Armpit Kansas,2032243438377451910,,GovMikeKehoe,en,,0,0,0,https://x.com/undefined/status/2032243438377451910,1745648216996040705,
2032158549657432175,Thu Mar 12 23:52:46 +0000 2026,0,@rich_byu @geoffjBYU They don t look navy blue to me. Google navy blue. It isn t that. Hate them.,2032243433570746680,,rich_byu,en,,0,1,0,https://x.com/undefined/status/2032243433570746680,523639271,
2032240496832139663,Thu Mar 12 23:52:46 +0000 2026,0,@ItsSamG Yep I see blue check marks with 5k followers and account has been active for a month. Usually after two months they have some family medical emergency where they start a GoFundMe.,2032243432899457162,,ItsSamG,en,,0,0,0,https://x.com/undefined/status/2032243432899457162,3069264052,
2032138477639262678,Thu Mar 12 23:52:43 +0000 2026,0,@S0N1C_SP33D Heya blue whatcha doin?,2032243419071005117,,S0N1C_SP33D,en,,0,0,0,https://x.com/undefined/status/2032243419071005117,2008771574477053952,
2032243415006789768,Thu Mar 12 23:52:42 +0000 2026,1,New Delhi Friday 13 March 26 KP Tithi 10 Nakshatra P.Asadha L Venus rules Knowledge of Life Saving Drugs ️ Arts Cinema Paintings Music . Joyful in Spirit. It rules Royal Blue Places of Pleasure and Amusement Art Galleries Dance Halls. https://t.co/dAsA1lnJ1w,2032243415006789768,https://pbs.twimg.com/media/HDP6ncdbQAIGplV.jpg,,en,,0,1,0,https://x.com/undefined/status/2032243415006789768,723533214522826752,
2032243411810697225,Thu Mar 12 23:52:41 +0000 2026,0,Deep Blue Sea? I luv that shark movie hahahhs,2032243411810697225,,,en,,0,0,0,https://x.com/undefined/status/2032243411810697225,81066469,
2032170675834601509,Thu Mar 12 23:52:41 +0000 2026,0,@manlykdesma @MaziChiemena Sorry I don't recognize her from the photo. She appears to be a curvy model or adult content creator (likely Nigerian based on context) posing in a blue outfit with braids and a waist chain. No widely known name matches and the original post doesn't specify. Many replies are,2032243411110010942,,manlykdesma,en,,0,0,0,https://x.com/undefined/status/2032243411110010942,1720665183188922368,
2032235126088663065,Thu Mar 12 23:52:40 +0000 2026,1,@bitpartfloozy there wasn't really any blue/taylor in this ep but they seem super cute!!,2032243409658732701,,bitpartfloozy,en,,0,0,0,https://x.com/undefined/status/2032243409658732701,1208581926178693122,
2032243402935341500,Thu Mar 12 23:52:39 +0000 2026,0,tag yourself I'm web surfin blue https://t.co/ok5JP0rbZ9,2032243402935341500,https://pbs.twimg.com/media/HDP6mc0WsAAozEn.jpg,,en,,0,0,0,https://x.com/undefined/status/2032243402935341500,1484507897472204809,
2032185778617655638,Thu Mar 12 23:52:39 +0000 2026,1,@JeannieMck60115 @DarkLordDemus @SilentlySirs Blue Eyed Devil$ all of them.,2032243402432266282,,JeannieMck60115,en,,0,1,0,https://x.com/undefined/status/2032243402432266282,169207626,
2032004034601640142,Thu Mar 12 23:52:36 +0000 2026,0,@ursultrymia Blue,2032243390612410872,,ursultrymia,en,,0,0,0,https://x.com/undefined/status/2032243390612410872,913644536,
2031952858749542654,Thu Mar 12 23:52:35 +0000 2026,0,@KatyinIndy @POTUS @StephenM @SecRubio @StateDept @DHSgov Apparently it s only targeting Latin Americans and blue collar work. White collar work from India is free game.,2032243389102542961,,KatyinIndy,en,,0,0,0,https://x.com/undefined/status/2032243389102542961,2031044887748243456,
2032243386531344860,Thu Mar 12 23:52:35 +0000 2026,1,The Winged Lions meet Tigres at the TQL! Will the Orange and Blue impose at home or will the Blue and Yellow shock them on the road? #ConcaChampions #FCCincinnati #Tigres https://t.co/pgsT301gGc,2032243386531344860,https://pbs.twimg.com/tweet_video_thumb/HDP6lgpXsAAj3pS.jpg,,en,,0,0,0,https://x.com/undefined/status/2032243386531344860,1849309670021664768,
2032079229962051730,Thu Mar 12 23:52:35 +0000 2026,0,@BRHath23 @thehealthb0t Ramen noodles on a hot plate at the blue dolphin motel,2032243385516298316,,BRHath23,en,,0,0,0,https://x.com/undefined/status/2032243385516298316,93650179,
2032243385126568423,Thu Mar 12 23:52:34 +0000 2026,0,Which is your favourite in this playlist Shared music is really a essential to friendship If I had tail &amp; I sat by the ocean Friday 13th he says with a quick rise in his eyebrows Dirty chai for two outside Skala bakery Caramel eyes &amp; deep blue Ham and cheese croissants hot cut,2032243385126568423,,,en,,0,0,0,https://x.com/undefined/status/2032243385126568423,1696731895143559168,
2032124710847213884,Thu Mar 12 23:52:34 +0000 2026,0,@David_wthebeard You gotta blue check you can edit,2032243384262242639,,David_wthebeard,en,,0,1,0,https://x.com/undefined/status/2032243384262242639,2895781362,
2032237398445461812,Thu Mar 12 23:52:30 +0000 2026,1,@damnnboozled there was an ultra violet? but this was the only blue one walmart had ,2032243366721892368,,damnnboozled,en,,0,1,0,https://x.com/undefined/status/2032243366721892368,850495044,
1958590103527596148,Thu Mar 12 23:52:28 +0000 2026,0,@CRayOfReason @DH00931740 10 NYPD officers died by suicide in 2019 per Blue H.E.L.P. NYPD records TIME CNN and ABC News. This was double the prior annual average of 4-5 prompting the department to call it a mental health crisis and expand support programs. No evidence ties any to the Weiner laptop,2032243358161072428,,CRayOfReason,en,,0,0,0,https://x.com/undefined/status/2032243358161072428,1720665183188922368,
2032217634171757040,Thu Mar 12 23:52:27 +0000 2026,0,@allenanalysis It s because blue states will give drivers licenses out to any barbarian that will vote for them so having an ID will be meaningless. The point is to verify citizenship,2032243353723556325,,allenanalysis,en,,0,0,0,https://x.com/undefined/status/2032243353723556325,1872621413083009024,
2032243351962206653,Thu Mar 12 23:52:27 +0000 2026,1,Florida and Columbus tied 0-0 heading into the second period in Sunrise. Again I'll say this until I am blue in the face: Florida is not out of the playoff race just yet. Have to win a string of games to make a dent before March 24th but if you can do that then you have a,2032243351962206653,,,en,,0,0,0,https://x.com/undefined/status/2032243351962206653,1647312173830651904,
2032190630949003275,Thu Mar 12 23:52:26 +0000 2026,0,@rvpfr__ Ça avais demandé pk il marche comme ça sur TikTok ça a repondu psk il a sortie blue beam,2032243349088817471,,rvpfr__,fr,,0,0,0,https://x.com/undefined/status/2032243349088817471,1757549861749071872,
2032004034601640142,Thu Mar 12 23:52:23 +0000 2026,0,@ursultrymia Blue,2032243339160940972,,ursultrymia,en,,0,0,0,https://x.com/undefined/status/2032243339160940972,1367619440125374468,
2032170099768246593,Thu Mar 12 23:52:23 +0000 2026,1,@woodwardsports @CultureCrave Blue check rage baiting for that $2 check. Shocker.,2032243336229056531,,woodwardsports,en,,0,0,0,https://x.com/undefined/status/2032243336229056531,1923693503453728768,
2032243321733857376,Thu Mar 12 23:52:19 +0000 2026,1, We re celebrating World Down Syndrome Day by showing that we are Better Together! Friday March 20th we invite everyone to: Rock Your Socks wear bright or mismatched socks Wear Blue &amp; Yellow Be an Inclusive Friend @LJaime13 https://t.co/V6cRwn2M8s,2032243321733857376,https://pbs.twimg.com/media/HDP6JV1XQAAkL2l.jpg,,en,,0,0,1,https://x.com/undefined/status/2032243321733857376,1245152805888970752,
2032243319468708078,Thu Mar 12 23:52:19 +0000 2026,0,happyend (2024) lost and found (1996) monster (2023) blue gate crossing (2002) https://t.co/ECAj1xQLFL,2032243319468708078,https://pbs.twimg.com/media/HDP6hBFbQAUOK2f.jpg,,en,,0,0,0,https://x.com/undefined/status/2032243319468708078,1669849317455085576,
2032243315660505405,Thu Mar 12 23:52:18 +0000 2026,0,매 주 금요일의 셀프선물 폴바셋DT점 30% 할인 쿠폰 써서 사먹는 커피 https://t.co/LrGH4zYNkN,2032243315660505405,https://pbs.twimg.com/media/HDP6hX3bQAUu7mm.jpg,,ko,,0,0,0,https://x.com/undefined/status/2032243315660505405,1034674386,
2032231394106360025,Thu Mar 12 23:52:17 +0000 2026,0,@metheridge Melissa said she s still trying to figure out how to perform The Other Side of Blue her duet with @ChrisStapleton. She s said she won t perform it at the 1st couple of shows.,2032243313143882029,,RhoAsh,en,,0,1,0,https://x.com/undefined/status/2032243313143882029,40318182,
2032088472895570336,Thu Mar 12 23:52:13 +0000 2026,0,@RockyWired blue pill,2032243296798396603,,RockyWired,en,,0,0,0,https://x.com/undefined/status/2032243296798396603,1352402598159147013,
2032193180419211369,Thu Mar 12 23:52:12 +0000 2026,0,@gman5180 @KEVINMAGA2024 Which ones. The insane blue haired Karens?,2032243291173847397,,gman5180,en,,0,0,0,https://x.com/undefined/status/2032243291173847397,1519788370909700096,
2032185850612629625,Thu Mar 12 23:52:10 +0000 2026,1,@davidpwoods @schumoneyyy When it comes to A to Z who reported that all white helmets and the Tennessee they get their stuff right. Also the 3 navy blue stars. That looks like the sleeves or shoulders. The leak doesn t show squat of stars https://t.co/PrbtACHzno,2032243284332974273,https://pbs.twimg.com/media/HDP6ftAbQAUfYJ4.jpg,davidpwoods,en,,0,1,0,https://x.com/undefined/status/2032243284332974273,1338492474956926976,
2032004034601640142,Thu Mar 12 23:52:09 +0000 2026,0,@ursultrymia Blue,2032243277924090135,,ursultrymia,en,,0,0,0,https://x.com/undefined/status/2032243277924090135,279250171,
2031931937497981303,Thu Mar 12 23:52:07 +0000 2026,0,@MargoinWNC ain't gonna happen blue wave coming.,2032243271284514924,,MargoinWNC,en,,0,0,0,https://x.com/undefined/status/2032243271284514924,1505494930747183109,
2032137052829942214,Thu Mar 12 23:52:07 +0000 2026,0,@hinds_mela61795 &lt;&gt; He works for Blue and White entity.,2032243269758034025,,hinds_mela61795,en,,0,0,0,https://x.com/undefined/status/2032243269758034025,737919708670857216,
2032243251860709800,Thu Mar 12 23:52:03 +0000 2026,0,Legalize prostitution effort left candidate shocked in blue state with rampant human trafficking https://t.co/l2wnILjYfd,2032243251860709800,,,en,,0,0,0,https://x.com/undefined/status/2032243251860709800,1256372529427623938,
2032243250988269813,Thu Mar 12 23:52:02 +0000 2026,1,I think only three teams can win the title this March. Michigan Wolverines Duke Blue Devils Florida Gators All three are thriving over its last 10 games. #MarchMadness https://t.co/63DitTvjte,2032243250988269813,https://pbs.twimg.com/media/HDP6d3OWEAA1N5h.jpg,,en,,1,1,0,https://x.com/undefined/status/2032243250988269813,1751673991352176640,
2032004034601640142,Thu Mar 12 23:52:01 +0000 2026,2,@ursultrymia Blue ,2032243244357255550,,ursultrymia,en,,0,0,0,https://x.com/undefined/status/2032243244357255550,1584601713763311617,
2032180293772181976,Thu Mar 12 23:51:57 +0000 2026,0,@naoeocassiano @feioamaldicoado qual é seu nome? meu nome é viviane mas pra você sou vi ta aqui meu telefone 5892 esse prefixo é lá da sul prazer meu nome é paulo vulgo ice blue de que lugar que você é? Moro no Vaz de Lima conhece o maracá então ali pra cima Isso até rima coincidência na pista vai montar n,2032243228989166060,,naoeocassiano,pt,,0,0,0,https://x.com/undefined/status/2032243228989166060,1323976399162609665,
2032243217765449938,Thu Mar 12 23:51:55 +0000 2026,0,WILD BLUEのライブでもわぶっていきましょう！ お譲り先を探しております。 【譲】 座席権利のみ ①昼公演 AA列 26-35番 1枚 ②夜公演 AA列 26-35番 1枚 【求】ご提示ください 担当、金額を必ず明記の上dmお願い致します。 #WILDBLUE譲 #ROIROM譲,2032243217765449938,,,ja,,0,0,0,https://x.com/undefined/status/2032243217765449938,1941091287354241024,
2032243216448208968,Thu Mar 12 23:51:54 +0000 2026,0,A wave of corporate migration: Companies are running from blue states. https://t.co/8XXGGDGbnp,2032243216448208968,,,en,,0,0,0,https://x.com/undefined/status/2032243216448208968,1693397211642494976,
2032243216435568926,Thu Mar 12 23:51:54 +0000 2026,0,The Smurfs have got to be the most astroturfed nostalgia franchise ever. I don't think I've seen anyone actually like these blue mfs,2032243216435568926,,,en,,0,0,0,https://x.com/undefined/status/2032243216435568926,1684316486,
2032243213709304272,Thu Mar 12 23:51:54 +0000 2026,0,Gold Beige Baby Blue Hand-Knitted Socks | One of a Kind Handmade | Retrosheep Wales Retrosheep | Handmade Personalised Gifts &amp; Engraving Services Blackwood South Wales https://t.co/hpERBr9GKi,2032243213709304272,,,en,,0,0,0,https://x.com/undefined/status/2032243213709304272,2845181879,
2032243202040762726,Thu Mar 12 23:51:51 +0000 2026,1,you can tell by the number of underscores how legit the blue check account is,2032243202040762726,,,en,,0,0,0,https://x.com/undefined/status/2032243202040762726,161767265,
2032166238453944356,Thu Mar 12 23:51:51 +0000 2026,1,@GaryReasons @BigBlueVCR I m in. Thanks and good luck! Big Blue. ,2032243201721954803,,GaryReasons,en,,0,0,0,https://x.com/undefined/status/2032243201721954803,2205264162,
2032144527603978635,Thu Mar 12 23:51:50 +0000 2026,0,@aconsciencelost DARK BLUE,2032243200555991457,,aconsciencelost,en,,0,0,0,https://x.com/undefined/status/2032243200555991457,1842391306443673600,
2032004034601640142,Thu Mar 12 23:51:50 +0000 2026,0,@ursultrymia Blue,2032243200199479608,,ursultrymia,en,,0,0,0,https://x.com/undefined/status/2032243200199479608,1297944129448685569,
2032143502608392326,Thu Mar 12 23:51:49 +0000 2026,1,@SFG169 There are alot of folks on this site that are home bound and this is a big part of their day. I'm not interested in anything other than the delivery of news jokes stories gossip and misinformation. I will continue to like repost and comment blue check or not.,2032243194105049344,,SFG169,en,,0,0,0,https://x.com/undefined/status/2032243194105049344,1607165507811115009,
2032201160791376030,Thu Mar 12 23:51:48 +0000 2026,0,@rduke0071 @elonmusk Whoa that dragon is straight fire blue scales antlers kimono swagger in a misty mountain sunset? Epic fantasy vibes! What a beast.,2032243188392411280,,rduke0071,en,,0,1,0,https://x.com/undefined/status/2032243188392411280,1720665183188922368,
2028933738542055840,Thu Mar 12 23:51:47 +0000 2026,0,@EHClothing I really like the navy blue and white one.,2032243184273637770,,EHClothing,en,,0,0,0,https://x.com/undefined/status/2032243184273637770,1169191322,
2032243182621147169,Thu Mar 12 23:51:46 +0000 2026,0,Maybe my sister is right maybe my favorite color is actually blue,2032243182621147169,,,en,,0,0,0,https://x.com/undefined/status/2032243182621147169,1039531442236284929,
2032243175964700840,Thu Mar 12 23:51:45 +0000 2026,0,this is awesome actually. the big blue guy becomes a tiny blue guy so naturally he goes to hang out with the other tiny blue guys. genuinely a missed opportunity to not have a basic smurf skin though imagine an entire lobby of them fighting the biolizard. also they kinda ugly,2032243175964700840,,,en,,0,1,0,https://x.com/undefined/status/2032243175964700840,1637647145665740801,
2032243172546314373,Thu Mar 12 23:51:44 +0000 2026,0,Planning my trip to Myrtle Beach - staying at hotel BLUE. For friends traveling soon: https://t.co/c5XCkxvcoT @VacationMB,2032243172546314373,,,en,,0,0,0,https://x.com/undefined/status/2032243172546314373,126327543,
2032221198604480823,Thu Mar 12 23:51:43 +0000 2026,0,@DiligentDenizen @RealCandaceO in this frame we've highlighted the shooter inside a blue rectangle at far left: the bullet flew directly between those 2 other men: one appears to be making a hand signal with his left hand. https://t.co/jw4sne8O23,2032243167609880913,https://pbs.twimg.com/media/HDP6BqTbQAMCqgE.png,SupremeLaw1,en,,0,0,0,https://x.com/undefined/status/2032243167609880913,1260954790407753728,
1706648085768581125,Thu Mar 12 23:51:40 +0000 2026,0,@WanderLust1280 Absolutely! Banff Alberta's stunning landscapes are a must-visit. The winter ski slopes and crystal blue alpine lakes during summer sound simply amazing. Has it landed on your travel bucket list yet? ,2032243158398947652,,WanderLust1280,en,,0,0,0,https://x.com/undefined/status/2032243158398947652,2021815197779034112,
2032004034601640142,Thu Mar 12 23:51:34 +0000 2026,1,@ursultrymia Blue,2032243132843135231,,ursultrymia,en,,0,0,0,https://x.com/undefined/status/2032243132843135231,889108572835119106,
2032239997990912251,Thu Mar 12 23:51:34 +0000 2026,0,@sauvamemte Blue therapy?,2032243132700537340,,sauvamemte,en,,0,0,0,https://x.com/undefined/status/2032243132700537340,84978187,
2032243129630240935,Thu Mar 12 23:51:34 +0000 2026,2,im not even joking my friend told me the colors blue and yellow are so me core she doesn t even know how bylerpilled i am help,2032243129630240935,,,en,,0,0,0,https://x.com/undefined/status/2032243129630240935,1688968204637323265,
2032051804771664007,Thu Mar 12 23:51:33 +0000 2026,0,@mhknft happy birthday my blue-haired friend,2032243127893835931,,mhknft,en,,0,0,0,https://x.com/undefined/status/2032243127893835931,1495338454422630402,
2032243127009100276,Thu Mar 12 23:51:33 +0000 2026,0,Go Cougs (the blue ones)!,2032243127009100276,,,en,,0,0,0,https://x.com/undefined/status/2032243127009100276,354993702,
2032160793194872940,Thu Mar 12 23:51:33 +0000 2026,1,@hyesemble Blue do bigbang,2032243126610305486,,hyesemble,en,,0,0,0,https://x.com/undefined/status/2032243126610305486,1195453964826873857,
2032238622208831854,Thu Mar 12 23:51:31 +0000 2026,0,@PersonthePerso2 Well.... they are both blue. A win for the lovers of blue.,2032243117647155365,,PersonthePerso2,en,,0,0,0,https://x.com/undefined/status/2032243117647155365,1428546684812939267,
2032143275256140264,Thu Mar 12 23:51:30 +0000 2026,0,@kaznius @JailenShep68428 @eStarland I grew up with Pokémon blue enough pulling the nostalgia card bullshit,2032243115583476024,,kaznius,en,,0,1,0,https://x.com/undefined/status/2032243115583476024,384642843,
2032216607284482183,Thu Mar 12 23:51:29 +0000 2026,0,@JamesMelville Oh ffs now do the massive welfare fraud going on in MN CA IL NY and other blue states - all expressly protected by the left.,2032243112299368714,,JamesMelville,en,,0,0,0,https://x.com/undefined/status/2032243112299368714,705426563018395648,
2032004034601640142,Thu Mar 12 23:51:29 +0000 2026,0,@ursultrymia Blue,2032243110437146932,,ursultrymia,en,,0,0,0,https://x.com/undefined/status/2032243110437146932,2004380338433486848,
2032175038988685745,Thu Mar 12 23:51:28 +0000 2026,0,@kirirang https://t.co/eA6MNaHWIY,2032243107220373527,https://pbs.twimg.com/tweet_video_thumb/HDP6VRDbQAQMtCF.jpg,kirirang,qme,,0,0,0,https://x.com/undefined/status/2032243107220373527,1545203725299376128,
2032196092809638103,Thu Mar 12 23:51:25 +0000 2026,0,@KlLLUA69 Got me all confused with the blue tick,2032243094004158694,,KlLLUA69,en,,0,1,0,https://x.com/undefined/status/2032243094004158694,1521054240793403392,
2032220868311425345,Thu Mar 12 23:51:23 +0000 2026,1,@cookieswteapub NILLY I SWEAR THERE WAS SOME BLUE THING WITH 10000 EYES ,2032243087401963902,,cookieswteapub,en,,0,1,0,https://x.com/undefined/status/2032243087401963902,1526218321603231745,
2032004034601640142,Thu Mar 12 23:51:23 +0000 2026,0,@ursultrymia Blue,2032243085241987554,,ursultrymia,en,,0,0,0,https://x.com/undefined/status/2032243085241987554,1923290043730296832,
2032004034601640142,Thu Mar 12 23:51:21 +0000 2026,0,@ursultrymia Blue,2032243078824644672,,ursultrymia,en,,0,0,0,https://x.com/undefined/status/2032243078824644672,4639911617,
2032241909385548272,Thu Mar 12 23:51:21 +0000 2026,1,@flufferpupperr I really didn't like Weezer for a long time but I grew up and realised they're actually quite good . I prefer the blue album over pinkerton but they're both great,2032243076370960893,,flufferpupperr,en,,0,0,0,https://x.com/undefined/status/2032243076370960893,1358751326138728448,
2032243071631704074,Thu Mar 12 23:51:20 +0000 2026,10, https://t.co/UBwCn7EKCJ,2032243071631704074,https://pbs.twimg.com/media/HDP6TWNbQAI4WKi.jpg,,qme,,0,0,3,https://x.com/undefined/status/2032243071631704074,1853206450824179712,
2032241943841775690,Thu Mar 12 23:51:19 +0000 2026,1,@MstrKapln Sup sup Mr. K. I ve been causing trouble in the big blue world. How are you sir?,2032243069311955400,,MstrKapln,en,,0,1,0,https://x.com/undefined/status/2032243069311955400,1011626683,
2032155838731993255,Thu Mar 12 23:51:16 +0000 2026,0,@salmoona_ Twitch one the blue and purple don't look good together imo,2032243055634395647,,salmoona_,en,,0,0,0,https://x.com/undefined/status/2032243055634395647,1367587373207461888,
2032243053055131955,Thu Mar 12 23:51:15 +0000 2026,0,1989 announcement is so underrated i was on the edge of my seat the whole night watching her put on her blue dresses omg forever in my heart 1989 will be..,2032243053055131955,,,en,,0,0,0,https://x.com/undefined/status/2032243053055131955,1632264442758176768,
2032176099644281159,Thu Mar 12 23:51:14 +0000 2026,0,@monasiita Like I got Moka a light blue bag would be perfect for it,2032243048730464475,,Rosewater09,en,,0,0,0,https://x.com/undefined/status/2032243048730464475,1006224677805621248,
2032243046654394449,Thu Mar 12 23:51:14 +0000 2026,0,greyforaday Blue Floral Print https://t.co/wY7wGXs1nG via @zazzle #macrophotography #forsale #zazzlemade #print,2032243046654394449,,,en,,0,0,0,https://x.com/undefined/status/2032243046654394449,1364391570020192256,
2032243042699161610,Thu Mar 12 23:51:13 +0000 2026,0,Adorni demostró que todavía está verde como politico un político argentino de ley lleva a estos viajes a la blue jamás a la oficial y no se entera nadie,2032243042699161610,,,es,,0,0,0,https://x.com/undefined/status/2032243042699161610,148062950,
2032004034601640142,Thu Mar 12 23:51:11 +0000 2026,0,@ursultrymia blue,2032243036327993408,,ursultrymia,en,,0,0,0,https://x.com/undefined/status/2032243036327993408,1999453138928173057,
2032243031458418783,Thu Mar 12 23:51:10 +0000 2026,0,This stupid ass show blue therapy getting on my nerves. This woman has expressed she does not care for gifts. This nigga acting like he doesn t understand what that means?,2032243031458418783,,,en,,0,0,0,https://x.com/undefined/status/2032243031458418783,67694775,
2032240001694503402,Thu Mar 12 23:51:09 +0000 2026,1,@shadowofmylung Absolute blue beast,2032243026026725661,,shadowofmylung,en,,0,0,0,https://x.com/undefined/status/2032243026026725661,1732815029798404096,
2032098984475386242,Thu Mar 12 23:51:07 +0000 2026,0,@Chandlarger @darrenmarshal6 @PublicEnemiesHQ Why would I rage bait. I don't pay for a blue checkmark like you do cause im unemployed and sit around all day on twitter,2032243019156423027,,Chandlarger,en,,0,0,0,https://x.com/undefined/status/2032243019156423027,1777443952838283264,
2032243001070960952,Thu Mar 12 23:51:03 +0000 2026,0,JJ50th Anniversary Fest 2026 JJフェス 【求】4/18 アプグレチケ 1枚 【譲】ご提示ください 【取引】要相談 [出演] iKON /ALL IN/LUN8/QWER/THE RAMPAGE from EXILE TRIBE/≒JOY/MIYEON/WILD BLUE/他 リプかdmにてご連絡お待ちしております。 #JJフェス求 #JAF2026求 #JJ50thAnniversaryFest2026求,2032243001070960952,,,ja,,0,0,0,https://x.com/undefined/status/2032243001070960952,1662074321668575233,
2032242996243009862,Thu Mar 12 23:51:02 +0000 2026,0,https://t.co/7qMTpdcShd: The Blue Castle eBook : Montgomery L. M.: Kindle Store On Sale Today https://t.co/gl4OYtNoLu,2032242996243009862,,,en,,0,0,0,https://x.com/undefined/status/2032242996243009862,21352952,
2032181421192679917,Thu Mar 12 23:51:01 +0000 2026,1,@USwillRiseAgain @mmpadellan Is the baggy blue suit real? I know the shoes are. Monica,2032242991746666954,,USwillRiseAgain,en,,0,1,0,https://x.com/undefined/status/2032242991746666954,1930911533598416896,
2032242857567039812,Thu Mar 12 23:50:55 +0000 2026,0,Blue tsunami!!!!,2032242967038345651,,strauss_le50035,tl,,0,0,0,https://x.com/undefined/status/2032242967038345651,1942647718767386624,
2032123683112960234,Thu Mar 12 23:50:54 +0000 2026,3,@BobbyDukeArts @byejudymoody well for one their liquid ones are full of copper (that s why they re blue!) so they kill soil microbes that would otherwise provide many of the nutrients in the fertilizer.,2032242964286865720,,BobbyDukeArts,en,,0,0,0,https://x.com/undefined/status/2032242964286865720,2984239524,
2032242957701587367,Thu Mar 12 23:50:53 +0000 2026,0,Desafio Musical por 365 dias. Dia 70 - Uma música que você associaria a cor azul (tranquilidade melancolia) a-ha - The Blue Sky https://t.co/xxUduhfDmt,2032242957701587367,,,pt,,0,0,0,https://x.com/undefined/status/2032242957701587367,85137422,
2032242151048745239,Thu Mar 12 23:50:31 +0000 2026,3,@FB_Helmet_Guy No red mask is actually a crime. Hell id take a blue mask at this point,2032242868199493889,,FB_Helmet_Guy,en,,0,0,0,https://x.com/undefined/status/2032242868199493889,1270242042661216257,
2032242866429243635,Thu Mar 12 23:50:31 +0000 2026,1,i have a love/hate relationship with that phenomenon where i ll watch some anime and then I ll desperately want to do the thing they do in it. Like now that ive been reading blue period i NEED to get into an art school,2032242866429243635,,,en,,0,1,0,https://x.com/undefined/status/2032242866429243635,2023137460385947648,
2032232956706664504,Thu Mar 12 23:50:29 +0000 2026,0,@ClNEQUEER MY BALLS R BLUE AND MY ASS IS REDDDD,2032242859961667618,,ClNEQUEER,en,,0,0,0,https://x.com/undefined/status/2032242859961667618,822608844094377985,
2032242858137452701,Thu Mar 12 23:50:29 +0000 2026,2,miuを表す色は 【水｜Sky Blue】 風のような自由人←バッツですか？ ・縛られると即パワーダウン ・余白があるほど輝くタイプ ・発想ふわっと、でも鋭い #Makko #診断テスト みんなは何色かな？ 【色鉛筆診断】 https://t.co/fnCQhRwHOq,2032242858137452701,,,ja,,0,0,0,https://x.com/undefined/status/2032242858137452701,3270923400,
2032242848741953644,Thu Mar 12 23:50:27 +0000 2026,0,blue prince on narrative actually baller,2032242848741953644,,,en,,0,0,0,https://x.com/undefined/status/2032242848741953644,1682680211580628993,
2031954792927420789,Thu Mar 12 23:50:26 +0000 2026,0,@omniwasnthere @tlop444 Your opinion isn't FACT numbers are. And I doubt that Delilah song was a serious record Even if you talking about singles he dropped SOD Blue Green Red No Face What Did I Miss and Nokia was the highest selling amongst all rappers and top 5 of all artists.,2032242846095348061,,omniwasnthere,en,,0,0,0,https://x.com/undefined/status/2032242846095348061,1937635658786377728,
2032242845990732125,Thu Mar 12 23:50:26 +0000 2026,0,Just know. Take all the tax collectors for the IRS and turn them into doge agents and stick them on everyone committing fraud in the blue states and big blue cities.,2032242845990732125,,,en,,0,0,0,https://x.com/undefined/status/2032242845990732125,1878898563692027904,
2031881809785442561,Thu Mar 12 23:50:26 +0000 2026,1,@scarastar_ i am green and blue and purple and all of the awesome colors basically,2032242844803518895,,scarastar_,en,,0,1,0,https://x.com/undefined/status/2032242844803518895,1647403163132067846,
2032115953237164325,Thu Mar 12 23:50:22 +0000 2026,0,@Erenyeagerrr247 @Aoi_Kaze1 Again. Blue check mark first,2032242831281299564,,Erenyeagerrr247,en,,0,0,0,https://x.com/undefined/status/2032242831281299564,1588410227367776256,
2032148893199126713,Thu Mar 12 23:50:20 +0000 2026,0,@RonDeSantis @RubinReport We have to show ID to vote in Tennessee. It s not the Red states that need the SAVE Act it s the Blue states. They will never pass this kind of law.,2032242819360764011,,RonDeSantis,en,,0,0,0,https://x.com/undefined/status/2032242819360764011,1460962792530403334,
2031939356488057125,Thu Mar 12 23:50:19 +0000 2026,0,@insatiablevine This is blatantly false. Pennsylvania Michigan Wisconsin Nevada and Arizona all were blue in 2020 and went red in 2024. 5.5k likes for a total lie.,2032242818874302585,,insatiablevine,en,,0,0,0,https://x.com/undefined/status/2032242818874302585,632347405,
2032242812066931074,Thu Mar 12 23:50:18 +0000 2026,0, Duck watch at Wallkill Living Center! Residents keep moving them around the building and now they need names. Blue duck ️ Red duck What should we call them? https://t.co/EWUFwFkkD5,2032242812066931074,https://pbs.twimg.com/media/HDP6DksbQAEf_lu.jpg,,en,,0,0,0,https://x.com/undefined/status/2032242812066931074,2670614305,
2031789714643030304,Thu Mar 12 23:50:16 +0000 2026,0,@hakanbutsadd blond blue eyed greywolf given Ata (Father or more accurate Ancestor surname referring to the ancient Turkish myth of a greywolf who saved Turks from extinction when all hopes are gone exactly like he did in independence to be or not to be war of Turks in anatolia 1919-1923.,2032242803296579970,,hakanbutsadd,en,,0,0,0,https://x.com/undefined/status/2032242803296579970,65039713,
2032242799991800120,Thu Mar 12 23:50:15 +0000 2026,0, BLUE TIL I DIE! ALWAYS HAVE BEEN ALWAYS WILL BE! https://t.co/1D9FpBIJu7,2032242799991800120,https://pbs.twimg.com/ext_tw_video_thumb/2032242777422245888/pu/img/Ln_jprYX6Z4-9kxI.jpg,,en,,0,0,0,https://x.com/undefined/status/2032242799991800120,1981210817107546115,
2032198923654246716,Thu Mar 12 23:50:13 +0000 2026,1,@Aardwolfy @JHawleyStan Virginia is also a blue state Ohio is red,2032242790189396183,,Aardwolfy,en,,0,0,0,https://x.com/undefined/status/2032242790189396183,1763817039733424128,
2032242787878387732,Thu Mar 12 23:50:12 +0000 2026,2,Inside a charming cottage-style hideaway in the Blue Ridge Mountains https://t.co/wKcELgXCc8 https://t.co/zKzgOSXqB4,2032242787878387732,https://pbs.twimg.com/media/HDP6C-DWUAAx1m8.jpg,,en,,0,0,1,https://x.com/undefined/status/2032242787878387732,180153573,
2027331730051670213,Thu Mar 12 23:50:11 +0000 2026,0,@TSakurako わ〜！実験報告ありがとう ほんとだね、変化ないね！ 間接照明の色次第で少し雰囲気は変わるのかな シートにシワ！！！Blueちゃんすごい発見だよ あんなにたくさん並べたのに気づかなかった～,2032242781499040097,,TSakurako,ja,,0,0,0,https://x.com/undefined/status/2032242781499040097,1558101704100392960,
2032242781230399838,Thu Mar 12 23:50:10 +0000 2026,0,Check out Antique Schoenhau &amp; Hoffmeister 1909 Doll Lt Brown Hair Blue Eyes Jointed https://t.co/de8Q9nbFgf #eBay via @eBay,2032242781230399838,,,en,,0,0,0,https://x.com/undefined/status/2032242781230399838,1943501219823013888,
2032242775799091210,Thu Mar 12 23:50:09 +0000 2026,3,朝から聞く「Forever Blue」が めちゃくちゃしみる ああ トラジャすきやな ってなる,2032242775799091210,,,ja,,0,0,0,https://x.com/undefined/status/2032242775799091210,1842566644478119936,
2032242771625398385,Thu Mar 12 23:50:08 +0000 2026,6,Oh heyyyy Amber Riley! A vision in blue. #BlackWomeninHollywood https://t.co/TMAepmjXAd,2032242771625398385,https://pbs.twimg.com/media/HDP6B3SXMAA_Tvl.jpg,,en,,0,0,3,https://x.com/undefined/status/2032242771625398385,16631904,
2032124901965103553,Thu Mar 12 23:50:08 +0000 2026,0,@86_hamukatsu ゆにさんオハピヨピヨ〜ん BLUEメタモン⟆͟ ͠ ‧͟ ݀𑁤嬉しいよね(#^.^#) 今日も素敵な一日になりますように(Ü),2032242770958864561,,86_hamukatsu,ja,,0,0,0,https://x.com/undefined/status/2032242770958864561,1048994966280650752,
2032238526528418121,Thu Mar 12 23:50:07 +0000 2026,1,@PRINCIPALIX YOU GUYS KEPT PICKING BLUE MODE AND FORCING ME TO PLAY IT ON THE HIGHEST DIFFICULTY,2032242765661106376,,PRINCIPALIX,en,,0,1,0,https://x.com/undefined/status/2032242765661106376,1454534851097513985,
2032213852042018978,Thu Mar 12 23:50:05 +0000 2026,1,@KeaGotMe @VOLatileFan Delaware blue coat legend johni broome ,2032242758128189578,,KeaGotMe,en,,0,1,0,https://x.com/undefined/status/2032242758128189578,1521538351886651393,
2032242755728990392,Thu Mar 12 23:50:04 +0000 2026,0,ik most people are on the pink yeo agenda valid. But blue&amp;purple please if you hear me just one chance,2032242755728990392,,,en,,0,0,0,https://x.com/undefined/status/2032242755728990392,919111724241911808,
2032071863661175245,Thu Mar 12 23:50:04 +0000 2026,0,@orbsbythought @YouTube I could tell that both blue &amp; the red one that was seen was definitely intelligent as well as aware. Although the Red one was more curious as it kept peeking behind my neighbors roof whenever in my mind I was saying Are you trying to hide ? Almost child like sentiment I felt,2032242754411995208,,orbsbythought,en,,0,2,0,https://x.com/undefined/status/2032242754411995208,1489341339976220674,
2032242752549749063,Thu Mar 12 23:50:04 +0000 2026,0,Waves_On_Waves x Sonic Shades Of Blue x Waves On Waves Orange Crush Bend Until I Break This is a track on the Seattle-sounding alternative rock album Bipolar Sunshine. #alternativerock #hardrock #melodicrock #albumrock #grunge #seattlesound https://t.co/OLjhSZTfRm,2032242752549749063,https://pbs.twimg.com/ext_tw_video_thumb/2032242535658065920/pu/img/A0r8xuxr0B7iIOK_.jpg,,en,,0,0,0,https://x.com/undefined/status/2032242752549749063,1377419678235176966,
2032242750951739685,Thu Mar 12 23:50:03 +0000 2026,23,no news is good news on its way https://t.co/VF9TsAfXOH,2032242750951739685,https://pbs.twimg.com/amplify_video_thumb/2032240845542309888/img/huVBV1f3vEOE6qEM.jpg,,en,,0,0,2,https://x.com/undefined/status/2032242750951739685,23783692,
2032242747311296960,Thu Mar 12 23:50:02 +0000 2026,1,⏰ SNKRS発売直前アラート ウィメンズ エア マックス ミューズ x ヴェネダ カーター(Racer Blue) 先着抽選(LEO) 3月13日(金) 9時00分 ウィメンズ 22 - 29cm #Nike #SNKRS #発売直前アラート https://t.co/iuoPZbeM1k,2032242747311296960,,,ja,,0,0,0,https://x.com/undefined/status/2032242747311296960,1495623119788441600,
2032149497497698707,Thu Mar 12 23:50:02 +0000 2026,0,@MarchMadnessMBB @Hoophall @brhoops Go Blue!,2032242746459595263,,MarchMadnessMBB,en,,0,0,0,https://x.com/undefined/status/2032242746459595263,1726820814014566400,
2032067689930506384,Thu Mar 12 23:50:02 +0000 2026,2,@Arma_Lite_14 Yes. I pray every day he s able to drain the swamp. Red or blue get them all in jail!,2032242744773788054,,Arma_Lite_14,en,,1,1,0,https://x.com/undefined/status/2032242744773788054,2007522115419832320,
2032203445365547018,Thu Mar 12 23:50:01 +0000 2026,0,@TMathSports Come on over to Big Blue Nation @TMathSports Big Brother welcomes you. ,2032242741468377582,,TMathSports,en,,0,0,0,https://x.com/undefined/status/2032242741468377582,244207319,
2032241282098319401,Thu Mar 12 23:50:00 +0000 2026,1,@timthielmann The true blue trio is back!,2032242739161534521,,timthielmann,en,,0,0,0,https://x.com/undefined/status/2032242739161534521,1825632472954187776,
2032235511121920381,Thu Mar 12 23:50:00 +0000 2026,1,@TheOfficialJOTS Like I don't mind paying for blue I just don't want to be hurt by it.,2032242738515886301,,TheKingOfStank,en,,0,1,0,https://x.com/undefined/status/2032242738515886301,1786549618798624768,
2032242736326422990,Thu Mar 12 23:50:00 +0000 2026,227,What drew Tremaine Edmunds to Big Blue? https://t.co/yJnqaNo3wF,2032242736326422990,https://pbs.twimg.com/amplify_video_thumb/2032237705728258048/img/aUPyjazXQqVL3aga.jpg,,en,,3,3,28,https://x.com/undefined/status/2032242736326422990,240734425,
2032242728851910828,Thu Mar 12 23:49:58 +0000 2026,2,Now Playing In The Shop! Beauties Travel with me to April 15th 1959 to the Blue Note to soak in this cool jazz music! Art Blakey &amp; The Jazz Messengers At The Jazz Corner Of The World Lee Morgan trumpet Hank Mobley tenor sax Bobby Timmons piano Jymie,2032242728851910828,,,en,,0,0,0,https://x.com/undefined/status/2032242728851910828,139403085,
2032049652963398105,Thu Mar 12 23:49:57 +0000 2026,1,@yanermgr1 @handdsom3 Yup! Surtout les Bills et le contender de l'heure. Mais les Blue Jays sont énormes ici aussi on est pas capable de garder du stock lol,2032242726280810497,,yanermgr1,fr,,0,1,0,https://x.com/undefined/status/2032242726280810497,1237171818177363968,
2032004034601640142,Thu Mar 12 23:49:56 +0000 2026,0,@ursultrymia Blue,2032242720685920488,,ursultrymia,en,,0,0,0,https://x.com/undefined/status/2032242720685920488,1997776854271569920,
2032220916776911188,Thu Mar 12 23:49:56 +0000 2026,1,@albertaclassic Years ago I was at a mining show and a man was walking around - he was bald and his entire skull face and neck was tattooed blue. You try not to stare but... It takes a lot of commitment to do something like that.,2032242720446833071,,albertaclassic,en,,0,1,0,https://x.com/undefined/status/2032242720446833071,21927175,
2032126351382303127,Thu Mar 12 23:49:52 +0000 2026,0,@steveth75737857 Oh don't cry blue hair don't work,2032242705951023110,,steveth75737857,en,,0,0,0,https://x.com/undefined/status/2032242705951023110,1934713428418957312,
2032004034601640142,Thu Mar 12 23:49:52 +0000 2026,0,@ursultrymia Blue,2032242702713327966,,ursultrymia,en,,0,0,0,https://x.com/undefined/status/2032242702713327966,1276546639,
2032242568105509057,Thu Mar 12 23:49:20 +0000 2026,0, Bird Feeder Cam 24/7 | Non-Stop Action | Blue Jays &amp; Cardinals https://t.co/lAbIAOlZ22 via @YouTube,2032242568105509057,,,en,,0,0,0,https://x.com/undefined/status/2032242568105509057,1506171699800473600,
2032216433757761654,Thu Mar 12 23:49:19 +0000 2026,1,@Sebyy71 Spirit Klaatu Blue Cheer and I'm sorry everyone better love Saxon,2032242563558637761,,Sebyy71,en,,0,1,0,https://x.com/undefined/status/2032242563558637761,1601741827077509122,
2032234046726816158,Thu Mar 12 23:49:18 +0000 2026,0,@m0rninghaze Ohayo my little blue haze~ ^^,2032242560689934411,,m0rninghaze,en,,0,0,0,https://x.com/undefined/status/2032242560689934411,1891343128352940032,
2032242559456854058,Thu Mar 12 23:49:18 +0000 2026,0,Facebook is the worst. I call it fakebook.. I think Zuckerberg is reptilian.. yesterday I was at the grow shop asking if they carry blue mats. It heard me thru my phone that was in my pocket. I don't use Google i use grok. And so now they spam me with blue lab.. https://t.co/slb4pWI1cT,2032242559456854058,https://pbs.twimg.com/media/HDP51pwagAAL_9h.jpg,,en,,0,0,0,https://x.com/undefined/status/2032242559456854058,1749090072945942529,
2032242543405252878,Thu Mar 12 23:49:14 +0000 2026,92,Colorado Isn t Blue It Was Stolen and Now the Radicals Are Unleashed I live in Colorado this is NOT a blue state. They systematically stole municipal elections after 2024 then in 2025 rigged school boards and downstream races to lock in full control. Now their radical agenda https://t.co/1qvtly40en,2032242543405252878,https://pbs.twimg.com/amplify_video_thumb/2032242444608135168/img/uoBNH61Jq6ocTYpv.jpg,,en,,3,4,40,https://x.com/undefined/status/2032242543405252878,1856405056158838784,
2032158710504599771,Thu Mar 12 23:49:12 +0000 2026,0,@FaithfulFlayer @IdontlikeRJ55 @new_era72 All caps this is nasty cope love to see yall down bad like this make sure to pick up some blue and green confetti from lumen south when you go to game next year!,2032242536899850575,,FaithfulFlayer,en,,0,1,0,https://x.com/undefined/status/2032242536899850575,1488028687987449858,
2032228277490708603,Thu Mar 12 23:49:12 +0000 2026,0,@bearki In 15 hours of my playtime I have had blue shield just two times ,2032242535448346748,,bearki,en,,0,0,0,https://x.com/undefined/status/2032242535448346748,786291091192414208,
2032221908842799615,Thu Mar 12 23:49:11 +0000 2026,0,The Blue Devils lead 39-35 with 2:30 to play after Evans hits another triple.,2032242532973682795,,dukebasketball,en,,0,0,0,https://x.com/undefined/status/2032242532973682795,15800121,
2032004034601640142,Thu Mar 12 23:49:11 +0000 2026,0,@ursultrymia Blue ,2032242531501818114,,ursultrymia,en,,0,0,0,https://x.com/undefined/status/2032242531501818114,1672792409627869190,
2032110320169230628,Thu Mar 12 23:49:09 +0000 2026,0,@JosiahC21 Borealis look great to be honest! Love the new blue too!,2032242522873843861,,JosiahC21,en,,0,0,0,https://x.com/undefined/status/2032242522873843861,139854124,
2032107296915144926,Thu Mar 12 23:49:07 +0000 2026,0,@pigeoncrafts Blue!,2032242516284600756,,pigeoncrafts,en,,0,0,0,https://x.com/undefined/status/2032242516284600756,1707897784043503617,
2032242513533419614,Thu Mar 12 23:49:07 +0000 2026,0,Ohhhhhh of course Blue!,2032242513533419614,,,en,,0,0,0,https://x.com/undefined/status/2032242513533419614,937630414662918145,
2032207506429137275,Thu Mar 12 23:49:06 +0000 2026,0,@LinIsCrazy @VaczyyyIsCrazy Honestly I LOVE his star suit with blue,2032242512522264942,,LinIsCrazy,en,,0,0,0,https://x.com/undefined/status/2032242512522264942,1366928224870158337,
2032242506935779743,Thu Mar 12 23:49:05 +0000 2026,0,wts sharing split aab blue lock clear card kaiser ness poker kard ness chibigurumi isagi sanrio reo sanrio isagi childhood isagi vol6 nui rin pxg shikishi rin badge rin bersih ch (blm inc tax) ada go line (mintales) #warungbluelock #warungbllk https://t.co/fBx2HqqKeR,2032242506935779743,https://pbs.twimg.com/media/HDP5A2vbQAIyKlS.jpg,,tl,,0,0,0,https://x.com/undefined/status/2032242506935779743,1818507353408651268,
2032242495577272488,Thu Mar 12 23:49:02 +0000 2026,0,paracentesis location give CaGluconate in hyperkalemia and methylene blue in methemoglobinemia .. and more I learned from this series,2032242495577272488,,,en,,0,0,0,https://x.com/undefined/status/2032242495577272488,1174108758114521089,
2032004034601640142,Thu Mar 12 23:48:58 +0000 2026,0,@ursultrymia Blue ,2032242478133170654,,ursultrymia,en,,0,0,0,https://x.com/undefined/status/2032242478133170654,2006734769556697095,
2032242474685464881,Thu Mar 12 23:48:57 +0000 2026,0,Marvel Rivals TikTok probably Felicia Hardy aint some C tier character out the blue,2032242474685464881,,,en,,0,0,0,https://x.com/undefined/status/2032242474685464881,840980161684099072,
2032242474509545830,Thu Mar 12 23:48:57 +0000 2026,2,even tho ibuki feels blue and shima feels red.. what feels right is actually ibuki being red and shima being blue idk does this make sense,2032242474509545830,,,en,,0,0,0,https://x.com/undefined/status/2032242474509545830,1754267603663745024,
2032242316455338332,Thu Mar 12 23:48:57 +0000 2026,0,@emmytechlink Sure the update: After the EU's €120M fine in Dec 2025 for deceptive paid blue checkmarks (which blurred real verification vs. subscription) X appealed but today submitted proposed remedies to adjust its verification system specifically for EU users meeting the deadline to,2032242472202408217,,emmytechlink,en,,0,0,0,https://x.com/undefined/status/2032242472202408217,1720665183188922368,
2032242471439392841,Thu Mar 12 23:48:57 +0000 2026,0,' huh ? i 'm just about to check the engine room captain ' the man in blue looks so confused ' what happened captain ? ',2032242471439392841,,,en,,1,0,0,https://x.com/undefined/status/2032242471439392841,1528257574469967872,
2032157498715648192,Thu Mar 12 23:48:53 +0000 2026,0,@seededpeaches You re either lying or your whole understanding was from the Blue Sky bubble,2032242457430077620,,seededpeaches,en,,0,1,0,https://x.com/undefined/status/2032242457430077620,1292214043,
2032242457425977507,Thu Mar 12 23:48:53 +0000 2026,1,ok blue layout now,2032242457425977507,,,en,,0,0,0,https://x.com/undefined/status/2032242457425977507,2031024257036132352,
2032167273994031182,Thu Mar 12 23:48:49 +0000 2026,1,@KenKards Same happened to me with an AH PC ETB and the guy just refunded out of the blue. Paid 190 and now over $300,2032242441575707117,,KenKards,en,,0,1,0,https://x.com/undefined/status/2032242441575707117,922811522967134208,
2032092221651222956,Thu Mar 12 23:48:47 +0000 2026,0,@JBU_Show @Angel80197423 @MAGACult2 I live in a blue state and that s a lie. The process for real ID is rigorous as are the checks for voter registration. The election fraud they should investigate are those people who vote in more than one state.,2032242433249968170,,JBU_Show,en,,0,1,0,https://x.com/undefined/status/2032242433249968170,1964022902623285248,
2032193725921931764,Thu Mar 12 23:48:46 +0000 2026,0,@lady_valor_07 Blue,2032242428288114915,,lady_valor_07,en,,0,0,0,https://x.com/undefined/status/2032242428288114915,1990081411169263616,
2032242427747320134,Thu Mar 12 23:48:46 +0000 2026,0,my baby boy all in blue today &lt;3 https://t.co/WoMgUPrfNd,2032242427747320134,https://pbs.twimg.com/media/HDP5tnsbQAANKvK.jpg,,en,,0,0,0,https://x.com/undefined/status/2032242427747320134,1365695387919544321,
2032242424903283033,Thu Mar 12 23:48:45 +0000 2026,0,@WatchPalmetto Last thing voter's want is growing government. It is what's wrong with SC as well as government in general.while ripping off taxpayers. Dei funding pay raises for themselves funding climate bs. Etc.where is rep for blue collar workers?,2032242424903283033,,WatchPalmetto,en,,0,0,0,https://x.com/undefined/status/2032242424903283033,1835152250651451392,
2032207506429137275,Thu Mar 12 23:48:44 +0000 2026,0,@LinIsCrazy @Frogs1u @VaczyyyIsCrazy I love that everything is blue it's my favorite color!,2032242419152904652,,LinIsCrazy,en,,0,0,0,https://x.com/undefined/status/2032242419152904652,1866163152389332992,
2032133911929594271,Thu Mar 12 23:48:42 +0000 2026,0,@LeaderJohnThune @SenatorTimScott @BankingGOP John..times have changed..the people now have a voice..X. I expect results..pursued by fighters..full transparency no big door deals blow away past practices no senate money to campaigns of non supporters remove members old incapable no blue slips ethic committe start removi,2032242409484984664,,LeaderJohnThune,en,,0,0,0,https://x.com/undefined/status/2032242409484984664,1586384795726188546,
2032069092606427539,Thu Mar 12 23:48:39 +0000 2026,0,@TheRingCrypto @Coinvo Of course you're from the least educated state in the union a welfare state whose very existence depends on money from blue states. LOL,2032242398416216269,,TheRingCrypto,en,,0,0,0,https://x.com/undefined/status/2032242398416216269,17003461,
2032242396541460680,Thu Mar 12 23:48:39 +0000 2026,2,vapes are actually stupid and for fahgots like a puff from a cigarette does more than 50 from a blue raz geek https://t.co/PpvDmO91oo,2032242396541460680,https://pbs.twimg.com/tweet_video_thumb/HDP5r80WIAAXpWl.jpg,,en,,0,0,0,https://x.com/undefined/status/2032242396541460680,1803917128309051394,
2032113391167209903,Thu Mar 12 23:48:35 +0000 2026,1,@auden_whn fun fact but I tagged my art venting about sh shart on blue sky and when I checked the hashtag it was all shit/diaper fetish but my art. pretty sure this happened on my ooold shedtwt account too,2032242380276187333,,auden_whn,en,,0,0,0,https://x.com/undefined/status/2032242380276187333,2020687019266211840,
2032006429151006751,Thu Mar 12 23:48:34 +0000 2026,0,@fatedblight69 @ShitpostRock2 It's weird why people want it to be Ada. It could be her but most men including me wouldn't like someone play hard to get. Most of us just thought you have no interest. Also they rarely met. Would you want to marry someone you met once every blue moon? Definitely not.,2032242378158063789,,fatedblight69,en,,0,0,0,https://x.com/undefined/status/2032242378158063789,1446185839,
2032242376660640228,Thu Mar 12 23:48:34 +0000 2026,0,@ForeignOffice Family Crest: Knight's helm blue with two Fleur-de-Lis and triangle waves the Dragon's Triangle; with a swordfish a bluefin caught and fried on propane grill per butane flavor. Impossible to duplicate except by family outside of Cromwell; Hitler.,2032242376660640228,,foreignoffice,en,,0,0,0,https://x.com/undefined/status/2032242376660640228,1978562497230811136,
2032242373850251623,Thu Mar 12 23:48:33 +0000 2026,0,That particular blind item lady is deranged. She s the one that said Beyoncé forced Blue to get a nose job because she looked too much like her father.,2032242373850251623,,,en,,0,0,0,https://x.com/undefined/status/2032242373850251623,48541735,
2032238040878346295,Thu Mar 12 23:48:33 +0000 2026,0,@thamosdeaf Tell me that s not a Blue Moon,2032242371849593320,,thamosdeaf,en,,0,1,0,https://x.com/undefined/status/2032242371849593320,1348461234040012800,
2032166879025050061,Thu Mar 12 23:48:26 +0000 2026,1,@ourhermitage Gurl you know damn well Blue has Midnight Sun and Stateside Remix on replay in that house,2032242343764525339,,ourhermitage,en,,0,0,0,https://x.com/undefined/status/2032242343764525339,392993260,
2032202349729509803,Thu Mar 12 23:48:24 +0000 2026,2,@aundrearunway now you know i- https://t.co/usw1tJfAEm,2032242334843216251,https://pbs.twimg.com/tweet_video_thumb/HDP5oWUacAAGSMR.jpg,aundrearunway,en,,0,0,0,https://x.com/undefined/status/2032242334843216251,1942074864984039424,
2023947393746534488,Thu Mar 12 23:48:20 +0000 2026,0,@BalkanLabRat @BlakeBednarz That's the unidentified man in the blue button-up from event footage at Utah Valley University on Sept 10 2025. Conspiracy clips zoom in on his movements (hand near shirt arm shift) claiming a hidden remote trigger for an explosive. Official reports from FBI/Utah authorities,2032242317843657087,,BalkanLabRat,en,,0,0,0,https://x.com/undefined/status/2032242317843657087,1720665183188922368,
2032242316602159227,Thu Mar 12 23:48:20 +0000 2026,7,Duke is 7-16 from the line the basketball gods are working hard to stop this blue blood bias,2032242316602159227,,,en,,0,0,1,https://x.com/undefined/status/2032242316602159227,202407434,
2032224182163951882,Thu Mar 12 23:47:49 +0000 2026,1,@TeamDragonsterr BEAUTIFUL!!! SO MANY BLUE DERGS also loving River on the washing line! She's probably got about five seconds before she loses balance https://t.co/y4Ev90jMUK,2032242187748938146,https://pbs.twimg.com/media/HDP5fbyXAAIxf9X.jpg,TeamDragonsterr,en,,0,1,0,https://x.com/undefined/status/2032242187748938146,1692138844622069762,
2032242186830434654,Thu Mar 12 23:47:49 +0000 2026,0,These not bad at all. I buy this pair and have the Mandarins Neons Solar Reds and Blue Tints? Deal.,2032242186830434654,,,en,,0,0,0,https://x.com/undefined/status/2032242186830434654,1690601535472836608,
2032242184825479171,Thu Mar 12 23:47:48 +0000 2026,0,yeah honestly i'm not surprised my alt is cooked with what i post there main account all green but i still feel like I have a debuff; when a blue checkmark likes my crap then my crap gets flooded even though likes are private https://t.co/XFFFObFRPJ,2032242184825479171,https://pbs.twimg.com/media/HDP5fwMaEAEsZSX.jpg,,en,,0,0,0,https://x.com/undefined/status/2032242184825479171,4850135511,
2032228277490708603,Thu Mar 12 23:47:46 +0000 2026,3,@bearki I frankly don't see the need. I have yet to lose a 1v1 when I was green and they were blue. But I'll happily take the upgrade for the rest of the run.,2032242174570742187,,bearki,en,,0,0,0,https://x.com/undefined/status/2032242174570742187,1040784753585082368,
2032200401886368198,Thu Mar 12 23:47:45 +0000 2026,0,@AoAshiBrasil Cus the blue lock comparisons were just not the best way to market the manga romance was,2032242172280356952,,AoAshiBrasil,en,,0,0,0,https://x.com/undefined/status/2032242172280356952,2015494630133862400,
2032197181772275767,Thu Mar 12 23:47:43 +0000 2026,0,@ChrisVanHollen So you went to little Baltimore (Hagerstown ) the only blue area in Western Maryland . You got a liberal judge to put a 14 day stay on it . It ll be overturned. Funny how none of our elected by the beltway counties give a damn about Western Maryland until they need to bitch,2032242162969022471,,ChrisVanHollen,en,,0,0,0,https://x.com/undefined/status/2032242162969022471,1519263293487124481,
2032242154102243639,Thu Mar 12 23:47:41 +0000 2026,5,Check out my exclusive on why AJ Brown wants to be traded is in this article for my D tier patreon subscribers. We are running a sale right now. 69 months for $1.99 a day. Use the code BLUE BALLS at checkout https://t.co/FXGb3KgQc5,2032242154102243639,https://pbs.twimg.com/media/HDP5eAtbQAEaIEq.jpg,,en,,0,3,0,https://x.com/undefined/status/2032242154102243639,1552438648699817996,
2032004034601640142,Thu Mar 12 23:47:34 +0000 2026,0,@ursultrymia Blue,2032242126755389574,,ursultrymia,en,,0,0,0,https://x.com/undefined/status/2032242126755389574,1177336526545592320,
2032004034601640142,Thu Mar 12 23:47:34 +0000 2026,0,@ursultrymia blue,2032242126344327462,,ursultrymia,en,,0,0,0,https://x.com/undefined/status/2032242126344327462,1969357415037747204,
2031935347706204518,Thu Mar 12 23:47:32 +0000 2026,0,@patriota_1972 https://t.co/wCuEzw2Rz2,2032242117238530514,https://pbs.twimg.com/media/HDP5bnyXQAA6fSk.jpg,patriota_1972,qme,,0,0,0,https://x.com/undefined/status/2032242117238530514,825123334857883648,
2031822128526606485,Thu Mar 12 23:47:30 +0000 2026,1,@CAgovernor @GavinNewsom @Cal_OES I think Trump is deliberately trying to scare people in blue states.,2032242109722341687,,CAgovernor,en,,0,0,0,https://x.com/undefined/status/2032242109722341687,1763582600583467008,
2032004034601640142,Thu Mar 12 23:47:30 +0000 2026,0,@ursultrymia Blue,2032242108057166079,,ursultrymia,en,,0,0,0,https://x.com/undefined/status/2032242108057166079,1759075863167909889,
2032242106606264650,Thu Mar 12 23:47:30 +0000 2026,0,Scooby Blue Cinnamoroll,2032242106606264650,,,en,,0,0,0,https://x.com/undefined/status/2032242106606264650,721612752326754304,
2032219578487431352,Thu Mar 12 23:47:29 +0000 2026,0,@JACKGUYANDERTON Young radicals and reform in the same sentence. Words have set meanings you can t just use whatever word wherever you want it. A radical would want real change not the same but slightly slower in a lighter shade of blue.,2032242102147612892,,JACKGUYANDERTON,en,,0,0,0,https://x.com/undefined/status/2032242102147612892,1501215416936501252,
2032242099501088937,Thu Mar 12 23:47:28 +0000 2026,17,#Silver update: Things are coming to a head. A daily close above red would be the first hint of a turnaround for silver and silver assets. A close below the current rising blue support would signal a retreat to the likely supports zone. I lean toward the latter because silver https://t.co/95vrB48Ko3,2032242099501088937,https://pbs.twimg.com/media/HDPzlrRakAEreM9.png,,en,,0,2,1,https://x.com/undefined/status/2032242099501088937,1104763918168272898,
2032241564043432036,Thu Mar 12 23:47:28 +0000 2026,0,kate todd as alison dilaurentis. alison is described as having a heart shaped face bow shaped lips honey blonde hair &amp; cerulean blue eyes. i had a hard time picking a younger actress so let s just pretend. https://t.co/EcF7qgLiR6,2032242099131740609,https://pbs.twimg.com/media/HDP5arRWUAAcuEo.jpg,chocvnillarchve,en,,0,1,0,https://x.com/undefined/status/2032242099131740609,1755333306638336000,
2032236381582606742,Thu Mar 12 23:47:24 +0000 2026,1,@nateandrewsx Acne usually one or both of these: Hormonal imbalances Gut Impermeability It s not a recipe or a stack it s taking a look at the labs and a stool test to see what s causing it. Meth blue Tallow butter from @AncientHealingX is incredible. I add some GHK-Cu cosmetic to it.,2032242081947603158,,nateandrewsx,en,,0,0,0,https://x.com/undefined/status/2032242081947603158,303519518,
2032242074766963188,Thu Mar 12 23:47:22 +0000 2026,0,I swear to Jesus some blue blood program better not come digging for Jai. This man needs to retire here just like Coach L ,2032242074766963188,,,en,,0,0,0,https://x.com/undefined/status/2032242074766963188,115129974,
2032242064210215264,Thu Mar 12 23:47:19 +0000 2026,0,남아 있는 꿈 #추천곡 #겨울 #Winter #cafe #coffee #커피 #카페 #Blue Wind #린 Type #최유리 Type https://t.co/l1LgCoJnjN via @YouTube,2032242064210215264,,,ko,,0,0,0,https://x.com/undefined/status/2032242064210215264,1907762349005828096,
2032232454162104644,Thu Mar 12 23:47:18 +0000 2026,2,@S1CKHEARTS_ take off the kandi belt over light blue denim and put on some camo ️️️,2032242059424514098,,S1CKHEARTS_,en,,0,0,0,https://x.com/undefined/status/2032242059424514098,1283438994022268928,
2032126351382303127,Thu Mar 12 23:46:25 +0000 2026,0,@steveth75737857 Why is your hair blue?,2032241835037401374,,steveth75737857,en,,0,0,0,https://x.com/undefined/status/2032241835037401374,2216915016,
2031757996510839191,Thu Mar 12 23:46:24 +0000 2026,0,@inertiallyfluid @lazydays1970 @MagicalJb @gnoble79 In the last 2 years (~Mar 2024 Mar 2026) SpaceX delivered ~3 900+ metric tons to orbit ( ~1 500 t in 2024 + ~2 413 t in 2025 via 134+165 Falcon launches mostly Starlink). Blue Origin: 0 t to orbit in 2024 (New Shepard suborbital only); ~2 22 t total in 2025 via 2 New Glenn,2032241831623152114,,inertiallyfluid,en,,0,0,0,https://x.com/undefined/status/2032241831623152114,1720665183188922368,
2032241830658818519,Thu Mar 12 23:46:24 +0000 2026,0,交換 たまごっち パッケージ チャーム おかしなたまごボーロっち3 ガチャガチャ 食玩 譲） たまパラ ブルー blue water ×2 求） 画像のもの 初代ブルー ・ 新種発見ホワイト 2の 水色 ・ ビーズほわいと 郵送希望です 検索からもお気軽に お声掛けお声かけください https://t.co/ot35FV0zpO,2032241830658818519,https://pbs.twimg.com/media/HDP5LCrbQAI_deE.jpg,,ja,,0,0,0,https://x.com/undefined/status/2032241830658818519,1772194299268251648,
2032222701293584488,Thu Mar 12 23:46:19 +0000 2026,0,@ToledoDaLegend @eastonfreeze @Titans I can do without the blue but that white jersey is clean!,2032241810236391455,,ToledoDaLegend,en,,0,0,0,https://x.com/undefined/status/2032241810236391455,1628996131349749761,
2032241809469161501,Thu Mar 12 23:46:19 +0000 2026,5,i don't trust people that don't have all might in their top 3. like why are you even reading blue lock ..?,2032241809469161501,,,en,,0,1,1,https://x.com/undefined/status/2032241809469161501,1603195290491633668,
2032117590286319676,Thu Mar 12 23:46:16 +0000 2026,1,@BANbantam I don't have that little blue check box and the shit I have to say about 2k won't fit into one post. I'll just say I used to be part of a modding community for NBA2k. I made some major roster mods. I was the odd man out when 2k started hiring us all to help them prevent modding.,2032241798152651191,,BANbantam,en,,0,1,0,https://x.com/undefined/status/2032241798152651191,3298011447,
2032169392197550291,Thu Mar 12 23:46:16 +0000 2026,4,@Cantcomeupwcoo1 @Dogetothemoon @cybertruck Irvine California being Irvine California 🇺🇸 https://t.co/jhqBDaCMsl,2032241796219031581,https://pbs.twimg.com/amplify_video_thumb/2032241691638595584/img/FHnGrPKEzrqrFCno.jpg,Cantcomeupwcoo1,en,,0,2,1,https://x.com/undefined/status/2032241796219031581,87101095,
2032241789550166264,Thu Mar 12 23:46:14 +0000 2026,0,Scooby and blue. I will not choose ,2032241789550166264,,,en,,0,0,0,https://x.com/undefined/status/2032241789550166264,241940351,
2032241788652597488,Thu Mar 12 23:46:14 +0000 2026,0,Gooooodbye Blue Sky Pilotów to mi zawsze będzie szkoda. Nie ważne po jakiej stronie walczą :( https://t.co/VbGGbXzOIW,2032241788652597488,https://pbs.twimg.com/media/HDP5Iw2WQAE-k3b.jpg,,pl,,0,0,0,https://x.com/undefined/status/2032241788652597488,1226253754942607362,
2032134228117200956,Thu Mar 12 23:46:12 +0000 2026,0,@jennmelondies Blue eyes white dragon fuck Pokémon https://t.co/qCEfw8qZXV,2032241782772142444,https://pbs.twimg.com/tweet_video_thumb/HDP5H9gWcAAGz2P.jpg,jennmelondies,de,,0,0,0,https://x.com/undefined/status/2032241782772142444,1802774442310844416,
2032210865349378436,Thu Mar 12 23:46:12 +0000 2026,1,@TheGrayRider @EL4USA John it s not the Red states anybody is worried about or talking about it s those pretty Blue and Purple ones that all the illegals live in that have people freaking out!,2032241780515656103,,TheGrayRider,en,,0,0,0,https://x.com/undefined/status/2032241780515656103,1862858638278217728,
2032069297619812451,Thu Mar 12 23:46:12 +0000 2026,0,@KLSDeaf @TIME We will reelect him overwhelmingly. Worry about whatever blue state shithole you reside in #AWFUL.,2032241780511375430,,KLSDeaf,en,,0,0,0,https://x.com/undefined/status/2032241780511375430,1813697983600353280,
2032220849214771471,Thu Mar 12 23:46:11 +0000 2026,0,@ayekeeno Blue face better lock in for that brand risk match he got this week,2032241774845108420,,ayekeeno,en,,0,0,0,https://x.com/undefined/status/2032241774845108420,566027875,
2032203211734442442,Thu Mar 12 23:46:10 +0000 2026,0,@TitansTribe Those blue pants must have stripes or we riot!,2032241771812409615,,TitansTribe,en,,0,0,0,https://x.com/undefined/status/2032241771812409615,1361757881851392000,
2032232470846787719,Thu Mar 12 23:46:08 +0000 2026,0,@Grrted he says while posting on twitter dot com (blue checkmark btw),2032241763105325308,,Grrted,en,,0,2,0,https://x.com/undefined/status/2032241763105325308,1097754422795476999,
2032241762614329441,Thu Mar 12 23:46:08 +0000 2026,0,I like Zara so much but she is NOT no new Bey. Beyoncé is ALIVE and HEALTHY. Imagine poor Zara has worked her little buns for TEN+ years just for people to say Beyoncé s daughter btch that s Zara Lara! Beyoncé is incomparable! Irreplaceable! Only Blue and Ru can step for Bey! https://t.co/RRyBpMAqsS,2032241762614329441,https://pbs.twimg.com/tweet_video_thumb/HDP5G7dbQAA_Egk.jpg,,en,,0,0,0,https://x.com/undefined/status/2032241762614329441,2007827852213846016,
2032241762471760029,Thu Mar 12 23:46:08 +0000 2026,0,if you serving blue crab.. you need to say BLUE crab dont piss me off.,2032241762471760029,,,en,,0,0,0,https://x.com/undefined/status/2032241762471760029,1347716916,
2032241755425288375,Thu Mar 12 23:46:06 +0000 2026,33,Hometown Slim Isaiah Evans has 19! Tied game 35-35 in Charlotte. https://t.co/Ws2DJLfq97,2032241755425288375,https://pbs.twimg.com/tweet_video_thumb/HDP4IGVXYAAHZq-.jpg,,en,,0,0,1,https://x.com/undefined/status/2032241755425288375,33593767,
2032241753533591729,Thu Mar 12 23:46:05 +0000 2026,0,Blue,2032241753533591729,,,en,,0,0,0,https://x.com/undefined/status/2032241753533591729,2981217108,
2032146586688499989,Thu Mar 12 23:46:03 +0000 2026,0,@ParanoidPol Oh cmon just let them/they/theirs free palestine with their blue hair from their old Subaru,2032241742465155327,,ParanoidPol,en,,0,0,0,https://x.com/undefined/status/2032241742465155327,1269978191730552832,
2032241728791462375,Thu Mar 12 23:46:00 +0000 2026,0,logo a que ela cantou gravidinha da blue :(,2032241728791462375,,,pt,,0,0,0,https://x.com/undefined/status/2032241728791462375,723637448954241024,
2032004034601640142,Thu Mar 12 23:45:59 +0000 2026,0,@ursultrymia Blue,2032241728363606018,,ursultrymia,en,,0,0,0,https://x.com/undefined/status/2032241728363606018,1942556715322343424,
2032165481126228336,Thu Mar 12 23:45:57 +0000 2026,0,@starluvcutie Never touch the pink. Please go for the dark blue and light green,2032241719668809853,,starluvcutie,en,,0,0,0,https://x.com/undefined/status/2032241719668809853,1780182384740098048,
2032241717681012856,Thu Mar 12 23:45:57 +0000 2026,0,They vanished now. Out of the blue. So did my unexplainable chronic diarrhea. Now it looks like reek on goin on out there. Theres no hope for humanity. Ppl like myself cant even find a single human being who cares to know about it. My puppy had the same symptoms. Shes dead.,2032241717681012856,,,en,,0,0,0,https://x.com/undefined/status/2032241717681012856,70063583,
2032241710546501693,Thu Mar 12 23:45:55 +0000 2026,2,i really want to see blue haired leehan ,2032241710546501693,,,en,,0,1,0,https://x.com/undefined/status/2032241710546501693,1769125217212010496,
2032173603525898307,Thu Mar 12 23:45:55 +0000 2026,0,@seanhannity @seanhannity pls get word out ALL on the right MUST vote in midterms AND we each must get others registered2vote take many w/us2vote&amp;do it no matter what! Polls/media LIE. Vote even if in a blue area. Had all Repubs voted in the last governors race SHE would NOT have won!,2032241710391013756,,seanhannity,en,,0,0,0,https://x.com/undefined/status/2032241710391013756,906645151392555008,
2032241707173957821,Thu Mar 12 23:45:54 +0000 2026,0,Black pill vs blue pill vs red pill,2032241707173957821,,,en,,0,0,0,https://x.com/undefined/status/2032241707173957821,2008387511845040128,
2032241693458907336,Thu Mar 12 23:45:51 +0000 2026,0,She's for sale/trade... $25K (BTC accepted) or 25'-40' blue-water sailboat. #ae86 #HachiRoku #trueno #drift #InitialD https://t.co/Iw37ahMBCI,2032241693458907336,https://pbs.twimg.com/amplify_video_thumb/2032239146820108288/img/R3cqfVhaZ4EQzuik.jpg,,en,,0,0,0,https://x.com/undefined/status/2032241693458907336,1966672872090533888,
2032195589484499343,Thu Mar 12 23:45:51 +0000 2026,0,@AnneErickson Late 70's Jethro Tull Pink Floyd in 1980 Supertramp in 1980 The Blue Oyster Cult 1978.,2032241693182111794,,AnneErickson,en,,0,0,0,https://x.com/undefined/status/2032241693182111794,1089472016,
2032064618047152415,Thu Mar 12 23:45:50 +0000 2026,0,@RaminNasibov The best medicine for feeling blue ,2032241690925306287,,RaminNasibov,en,,0,0,0,https://x.com/undefined/status/2032241690925306287,1825261176927735808,
2032241220324364663,Thu Mar 12 23:45:49 +0000 2026,23,@DougAMacgregor I'm shocked. He probably had blue eyes and sped away in a Volvo. Always using his turn signals of course.,2032241682570494069,,DougAMacgregor,en,,0,4,0,https://x.com/undefined/status/2032241682570494069,2021485312728346624,
2032241678070034912,Thu Mar 12 23:45:47 +0000 2026,0,Wow so blue and beautiful.,2032241678070034912,,,en,,0,0,0,https://x.com/undefined/status/2032241678070034912,1832648183375413248,
2032240749157179686,Thu Mar 12 23:45:46 +0000 2026,0,@IngrahamAngle @dbongino Most blue states and all Democrat-controlled cities have learned this lesson the hard way: https://t.co/iHx8HPIhzC,2032241672306745559,https://pbs.twimg.com/media/HDP48FEWkAEAaYY.jpg,IngrahamAngle,en,,0,0,0,https://x.com/undefined/status/2032241672306745559,1438259708813582342,
2031757996510839191,Thu Mar 12 23:45:45 +0000 2026,0,@lazydays1970 @MagicalJb @gnoble79 @Grok Compare tonnage launched to by SpaceX vs. Blue Origin in the last 2 years.,2032241668792205432,,inertiallyfluid,en,,0,1,0,https://x.com/undefined/status/2032241668792205432,1267946051786268673,
2032241663091876034,Thu Mar 12 23:45:45 +0000 2026,0,ᅠᅠ a wave of visible spacial distortion tore before the curse en route to the blue-haired saiya-jin. there was no energy behind it just the same disregard of physical obstruction as its target was the space around 𝐕𝐄𝐆𝐈𝐓𝐎 all together. yet still this slash ,2032241668456325565,,ilIimitable,en,,0,1,0,https://x.com/undefined/status/2032241668456325565,1972153025016799232,
2032241661385097700,Thu Mar 12 23:45:43 +0000 2026,1,WILD BLUEのライブでもわぶっていきましょう！ お譲り先を探しております。 【譲】 昼夜通し券アプグレ ①A列 36-46番 １枚 ②B列 55-65番 1〜2枚 ③C列 20-30番 1枚 【求】ご提示ください 座席権利優先 必要事項明記の上dmお願い致します。 #WILDBLUE譲 #ROIROM譲,2032241661385097700,,,ja,,0,0,0,https://x.com/undefined/status/2032241661385097700,1831333718893707264,
2031889889260679604,Thu Mar 12 23:45:42 +0000 2026,1,@Aceenxl Nah thats the only thing he made sure was real. Cant believe no one remembers he shaves a light blue horse and makes that hair into his sideburns. Right before he fucking blows up,2032241655898915210,,Aceenxl,en,,0,1,0,https://x.com/undefined/status/2032241655898915210,1021054152347041792,
2031974285049303196,Thu Mar 12 23:45:40 +0000 2026,0,@MichaelC92893 @iansmithfitness So you are going to vote Blue in November? If so I wish on you what you will vote for. I used to vote blue and red. I ve donated to both. The Dems moved so far left I was left out. BTW Independents are definitely not the largest block. Those who claim to be are.,2032241646696611926,,MichaelC92893,en,,0,2,0,https://x.com/undefined/status/2032241646696611926,1624149999335481345,
2032211889573245084,Thu Mar 12 23:45:39 +0000 2026,0,@GShaneMorris Thought experiment: a blue collar father tragically loses his child. He spends hours with Claude brain dumping everything he s thinking and feeling and experiencing. He s not a writer and asks Claude to help capture everything for a Facebook post to share how God has been getting,2032241644532109529,,GShaneMorris,en,,0,1,0,https://x.com/undefined/status/2032241644532109529,12645352,
2032241607190126914,Thu Mar 12 23:45:35 +0000 2026,1,5/8 Key gates ahead: Diff 3 = 3 Green keys (150 Green frags + 300 Crude). Next = 6 Green keys. Then = 9 keys at Diff 8. Diff 6 7 no bosses; from 7 mobs and spells spike hard. Diff 9 needs Blue (Rare) fragments/keys. https://t.co/8sZVaRLCKF,2032241627301863923,https://pbs.twimg.com/media/HDP3s3XacAAJrYY.png,ArgoLord,en,,0,1,0,https://x.com/undefined/status/2032241627301863923,1281630361798291456,
2032238834201600013,Thu Mar 12 23:45:31 +0000 2026,0,@foodmarxxing You really should be going over to Blue Sky for fundraising. There's whole networks and everything over there.,2032241609828450726,,foodmarxxing,en,,0,0,0,https://x.com/undefined/status/2032241609828450726,1919861880211800065,
2032171127447912582,Thu Mar 12 23:45:30 +0000 2026,0,@Nagatow12 LoL fall guys et blue prince dans le top 50 !? Wii party avant UNDERTALE !!!??? SOT et tlou dans atroce ?? Nan la il a rien qui va dans ta liste,2032241604740702399,,Nagatow12,fr,,0,0,0,https://x.com/undefined/status/2032241604740702399,2375723995,
2032241598000452030,Thu Mar 12 23:45:28 +0000 2026,0,Truco que se puede agarrar Las Armas y ítems de Vault en Crazy Red vs Blue de Fortnite sin Esperar que se acabe el contador del Tiempo #fortnite https://t.co/xoIcena0fj,2032241598000452030,https://pbs.twimg.com/ext_tw_video_thumb/2032241564332777473/pu/img/rLNiSVa748AmM6pj.jpg,,es,,0,0,0,https://x.com/undefined/status/2032241598000452030,1268220944616697861,
2032153555453325334,Thu Mar 12 23:45:27 +0000 2026,2,@MancerTales Goodness for my ears But why doesn't Blue Wyrm have the Flying ability? https://t.co/93vwtar1a0,2032241591688077379,https://pbs.twimg.com/tweet_video_thumb/HDP49BcbQAI0liV.jpg,MancerTales,en,,0,1,0,https://x.com/undefined/status/2032241591688077379,1388658288758337536,
2032241588873703459,Thu Mar 12 23:45:26 +0000 2026,1,@_M__D__D_ I've reported that post for child abuse. Fuck that and I'm not replying on his account anymore since he has the blue tick and will be paid for engagement,2032241588873703459,,_M__D__D_,en,,0,1,0,https://x.com/undefined/status/2032241588873703459,1355488515220496384,
2032004034601640142,Thu Mar 12 23:45:26 +0000 2026,0,@ursultrymia Blue https://t.co/cjzoMRSrGf,2032241588328370514,https://pbs.twimg.com/tweet_video_thumb/HDP486EW4AAo-Yv.jpg,ursultrymia,en,,0,0,0,https://x.com/undefined/status/2032241588328370514,1525832659,
2032236801444704329,Thu Mar 12 23:45:23 +0000 2026,2,@Vandy_Nation I m sure there s going to be tons of blue and orange but Miles and I will represent and yell our lungs out as usual!,2032241577616163161,,Vandy_Nation,en,,0,0,0,https://x.com/undefined/status/2032241577616163161,3194749236,
2032223333496897695,Thu Mar 12 23:45:23 +0000 2026,0,@Mr_David_02 Oi who gave bro a blue tick ,2032241576647229482,,Mr_David_02,en,,0,1,0,https://x.com/undefined/status/2032241576647229482,1223329999362633728,
2032092221651222956,Thu Mar 12 23:45:23 +0000 2026,0,@KingDonkey16 @MAGACult2 My blue state requires a raised seal on the birth certificates so if you are beyond a certain age you have to request a new one ($). Married women have to show the long form marriage certificate (also raised seal certified ($) plus several other documents with the new name.,2032241575045075129,,KingDonkey16,en,,0,1,0,https://x.com/undefined/status/2032241575045075129,1964022902623285248,
2032240255269580889,Thu Mar 12 23:45:22 +0000 2026,2,@DeepDishEnjoyer blue check calling ICE figures,2032241570062147903,,DeepDishEnjoyer,en,,0,0,0,https://x.com/undefined/status/2032241570062147903,1583177260974149634,
2032004034601640142,Thu Mar 12 23:45:21 +0000 2026,0,@ursultrymia Blue,2032241567822426114,,ursultrymia,en,,0,0,0,https://x.com/undefined/status/2032241567822426114,1287817582939197446,
2032211929016545414,Thu Mar 12 23:45:18 +0000 2026,0,@DocStrangelove2 You have a blue check so you have the opportunity to explain your reasoning,2032241554090328350,,DocStrangelove2,en,,0,0,0,https://x.com/undefined/status/2032241554090328350,308190690,
2032238170876600408,Thu Mar 12 23:45:16 +0000 2026,0,@nospitter92 Blue Sky parece un paraíso ahora,2032241544481182095,,nospitter92,es,,0,1,0,https://x.com/undefined/status/2032241544481182095,1742235459135123456,
2032241540542718088,Thu Mar 12 23:45:15 +0000 2026,4,It's been a blessing to call @QU_WIH games all season on ESPN Plus (and the past 9 seasons)! This is a special team that has what it takes to win the Natty including excellent blue line depth the best goaltender in the nation (IMO) and the NCAA's top goal scorer! I wish I,2032241540542718088,,,en,,0,0,1,https://x.com/undefined/status/2032241540542718088,132785632,
2032090125380034560,Thu Mar 12 23:45:14 +0000 2026,0,@kryndolyn @lapislagoons haha wait missed opportunity for a blue gold dress joke here,2032241538827522345,,kramerposts,en,,0,0,0,https://x.com/undefined/status/2032241538827522345,1432401746861592577,
2032241537493459102,Thu Mar 12 23:45:14 +0000 2026,0,So when the dude says something will happen soon it doesn't. Now he is saying not next Thursday for the Messiahs return. So based on patterns I wonder wtf project blue beam bullshit they'll be conjuring.,2032241537493459102,,,en,,0,0,0,https://x.com/undefined/status/2032241537493459102,1649447249921843200,
2032241532695146937,Thu Mar 12 23:45:13 +0000 2026,0,J ai commencé Blue Therapy omg j ai trop de choses à dire,2032241532695146937,,,fr,,0,0,0,https://x.com/undefined/status/2032241532695146937,1383039152460066821,
2032241528270180621,Thu Mar 12 23:45:12 +0000 2026,0,perfect blue,2032241528270180621,,,en,,0,0,0,https://x.com/undefined/status/2032241528270180621,4899832203,
2032004034601640142,Thu Mar 12 23:45:08 +0000 2026,0,@ursultrymia Blue,2032241511564251214,,ursultrymia,en,,0,0,0,https://x.com/undefined/status/2032241511564251214,3843379763,
2032241511346421964,Thu Mar 12 23:45:08 +0000 2026,1,Not a single blue check bot on this post which would normally be swarmed by them lmao,2032241511346421964,,,en,,0,0,0,https://x.com/undefined/status/2032241511346421964,1304957012132769793,
2032241422980510139,Thu Mar 12 23:44:47 +0000 2026,0,Blue Devils are struggling from the free throw line (6-14) and are just 5-10 from 3. It's even here in Charlotte. DU: 35 FSU: 35 3:43 remaining in 1st,2032241422980510139,,,en,,1,0,0,https://x.com/undefined/status/2032241422980510139,192412530,
2032228313284964650,Thu Mar 12 23:44:46 +0000 2026,1,@TheNatural_05 @stavrakas13 @ThiasLsf It s very interesting how easily you can fuck #olympiacosbc every single game.. the grass is green the sky is blue @TheNatural_05 fuck OSFP️️,2032241418832421098,,TheNatural_05,en,,0,0,0,https://x.com/undefined/status/2032241418832421098,1537341541680807936,
2032122260589257000,Thu Mar 12 23:44:44 +0000 2026,0,@EricLDaugh I completely agree our election should be for US citizens I mean it's ridiculous I unfortunately live in Arizona where it's too damn blue I would rather have to go to a polling place and show proof then worry about undocumented people choosing what happens in our country,2032241410653696269,,EricLDaugh,en,,0,0,0,https://x.com/undefined/status/2032241410653696269,1851300584542162944,
2032220423249711597,Thu Mar 12 23:44:43 +0000 2026,1,@WhiteHouse So many blue-collar families have waited so long for these words We finally have a president who puts American workers first. Tears of emotion.,2032241408535310556,,WhiteHouse,en,,1,1,0,https://x.com/undefined/status/2032241408535310556,1692539948115574784,
2032231801012232519,Thu Mar 12 23:44:42 +0000 2026,0,@LaNRaY_SHeeRan We will beat them blue and black,2032241404659876214,,LaNRaY_SHeeRan,en,,0,0,0,https://x.com/undefined/status/2032241404659876214,1223329999362633728,
2032090125380034560,Thu Mar 12 23:44:41 +0000 2026,0,@kryndolyn @lapislagoons striking blue gold!,2032241397601018075,,kryndolyn,en,,0,1,0,https://x.com/undefined/status/2032241397601018075,1432401746861592577,
2032215184396468417,Thu Mar 12 23:44:38 +0000 2026,0,@Ali_Raza_74h @dramaDiVEP_ytv This is a promo for the new Japanese BL drama スモークブルーの雨のち晴れ (Smoke Blue: Rain Then Clear Skies). It's a live-action adaptation of a popular manga about two 40-something ex-colleagues (former rivals) quitting their jobs for a fresh start and mature romance. Stars,2032241385907134884,,Ali_Raza_74h,ja,,0,0,0,https://x.com/undefined/status/2032241385907134884,1720665183188922368,
2032227034290929888,Thu Mar 12 23:44:37 +0000 2026,0,@markmartin Do you have e blue #2 Mark? That was a beautiful car,2032241383252332577,,markmartin,en,,0,0,0,https://x.com/undefined/status/2032241383252332577,243250740,
2032241376201417205,Thu Mar 12 23:44:35 +0000 2026,1,American Blue cities ,2032241376201417205,,,en,,0,0,0,https://x.com/undefined/status/2032241376201417205,90744460,
2032004034601640142,Thu Mar 12 23:44:35 +0000 2026,1,@ursultrymia Blue,2032241374192402889,,ursultrymia,en,,0,0,0,https://x.com/undefined/status/2032241374192402889,1001756611101241344,
2032241361487823249,Thu Mar 12 23:44:32 +0000 2026,1,Happy Birthday @Ghostipher hope you had a lovely day!!️ https://t.co/Vx2UtwChrb,2032241361487823249,https://pbs.twimg.com/tweet_video_thumb/HDP4AiHXwAA1yl2.jpg,,en,,0,0,0,https://x.com/undefined/status/2032241361487823249,780161791737335808,
2032185850612629625,Thu Mar 12 23:44:30 +0000 2026,1,@davidpwoods @schumoneyyy They teased 3 navy blue stars. Where are they? And they said ALL uniforms would have the name tennessee on both home and away,2032241353803943962,,davidpwoods,en,,0,1,0,https://x.com/undefined/status/2032241353803943962,1338492474956926976,
2032073962759299290,Thu Mar 12 23:44:30 +0000 2026,0,@LibyaLiberty They really should make vests in pink baby blue or lime green or any highlighter colours.,2032241351564349572,,LibyaLiberty,en,,0,0,0,https://x.com/undefined/status/2032241351564349572,252624890,
2032215058516955404,Thu Mar 12 23:44:29 +0000 2026,0,@AXMDAGOAT @TampaNeverSleep @STierGamingCo We definitely want to have this format and the blue lock format for more games this year!,2032241349169131738,,AXMDAGOAT,en,,0,0,0,https://x.com/undefined/status/2032241349169131738,348574440,
2032208916512145675,Thu Mar 12 23:44:28 +0000 2026,2,@Maye13X What a beautiful little boy! What beautiful blue eyes! Wow! Is that one of your grandsons? He is so handsome.,2032241346657042730,,Maye13X,en,,1,1,0,https://x.com/undefined/status/2032241346657042730,1999702695066972160,
2031872389529641327,Thu Mar 12 23:44:27 +0000 2026,0,@DB_Simplemente Eso sin mencionar que pueden ser aceptables para el público objetivo. A lo mejor tu como adulto encuentras chocantes programas de semi live action como las viejas pistas de Blue Lazy Town etc pero para su público objetivo son soportables. Incluso la serie de Batman de los 70,2032241341552271855,,ivanaepacheco,es,,0,1,0,https://x.com/undefined/status/2032241341552271855,3224619006,
2032241338788274464,Thu Mar 12 23:44:27 +0000 2026,0,Court hearing canceled for Elijah Blue Allman son of Gregg Allman accused of New Hampshire home break-in - CBS Boston https://t.co/XsxIcCcRjj,2032241338788274464,,,en,,0,0,0,https://x.com/undefined/status/2032241338788274464,1821572273503191040,
2032023572047425632,Thu Mar 12 23:44:26 +0000 2026,0,@ultrablue329165 @AntiEmpire432 @Gabbar0099 Because strikes and protests have never worked before and are exclusively for blue haired unemployed leftists ,2032241336284234172,,ultrablue329165,en,,0,0,0,https://x.com/undefined/status/2032241336284234172,2017375357544931328,
2032241323864956966,Thu Mar 12 23:44:23 +0000 2026,0,But morons like those representing people in the blue hill area Nicole Grohoski and Nina Milliken think George Floyd deserves to be honored while Charlie Kirk is plainly dishonored. Shame on them.,2032241323864956966,,,en,,0,0,0,https://x.com/undefined/status/2032241323864956966,1814342137699356672,
2032004034601640142,Thu Mar 12 23:44:23 +0000 2026,2,@ursultrymia Blue,2032241323281903792,,ursultrymia,en,,0,0,0,https://x.com/undefined/status/2032241323281903792,1806868487635124224,
2032136890518823218,Thu Mar 12 23:44:22 +0000 2026,0,@guxoxico guxo rey cuando la collab con bonnie blue,2032241320459141223,,guxoxico,es,,0,0,0,https://x.com/undefined/status/2032241320459141223,1966999231631122432,
2032107309384577313,Thu Mar 12 23:44:21 +0000 2026,0,@Crabbosk I was gonna say something about red team being deleted but realized I man idiot and a fool because blue team is the one that got deleted,2032241315166015557,,Crabbosk,en,,0,0,0,https://x.com/undefined/status/2032241315166015557,1021634132256989184,
2032004034601640142,Thu Mar 12 23:44:18 +0000 2026,2,@ursultrymia Blue,2032241304420172017,,ursultrymia,en,,0,0,0,https://x.com/undefined/status/2032241304420172017,1453088754030333960,
2032231118431248464,Thu Mar 12 23:44:18 +0000 2026,0,H1 3:43 | Duke 35 Florida State 35 Florida State has held Duke to only nine shots inside the arc though it's conceded 14 free throws to the Blue Devils. Duke hasn't done much with it though and has only made six of 14 from the line.,2032241303744872916,,thomashughes_05,en,,0,1,0,https://x.com/undefined/status/2032241303744872916,1849243932640600064,
2032084183661576334,Thu Mar 12 23:44:15 +0000 2026,0,@FreemanSenseiTV @omvrom13 les blue jays en tant que canadien t es obligé,2032241291342274967,,FreemanSenseiTV,fr,,0,0,0,https://x.com/undefined/status/2032241291342274967,2964885448,
2032241291031966051,Thu Mar 12 23:44:15 +0000 2026,4,Georgia is not going to win many games with Kanon Catchings and Blue Cain not scoring. Catchings has 2 and Cain has yet to score,2032241291031966051,,,en,,0,1,1,https://x.com/undefined/status/2032241291031966051,120825412,
2032231394924019726,Thu Mar 12 23:44:15 +0000 2026,0,@mariolexxx AY pls i really need this blue tick God bless you Queen,2032241289412919735,,mariolexxx,en,,0,0,0,https://x.com/undefined/status/2032241289412919735,1314911642640146432,
2032241280621621402,Thu Mar 12 23:44:13 +0000 2026,0,WARNING: THIS IS NOT FOR K!!!DS. Answer with your favorite color and check your DMs. Choices: Orange Blue Green Yellow Black ️ White ️ Pink Purple Red Gray Brown Silver ️ Gold Beige ,2032241280621621402,,,en,,0,1,0,https://x.com/undefined/status/2032241280621621402,1953117462880260096,
2032241278667178051,Thu Mar 12 23:44:12 +0000 2026,0,2H 15:54 | LA Tech 41 MTSU 32 Sean Smith picks up a personal foul and sends us to the media break. A LA Tech scoring drought of 2:25 is keeping the Blue Raiders in it for now but they'll need more. Chris Loofe leads MT with seven points but is on the bench with three fouls.,2032241278667178051,,,en,,0,0,0,https://x.com/undefined/status/2032241278667178051,1732975173408632832,
2032166735575728300,Thu Mar 12 23:44:11 +0000 2026,2,@AmmousMD The circadian system was calibrated over thousands of years to read light as the primary signal for biological timing. Artificial blue light after sunset sends the wrong data to the master clock suppressing melatonin precisely when the body needs to begin its repair sequence.,2032241274238144982,,AmmousMD,en,,0,0,1,https://x.com/undefined/status/2032241274238144982,1916292982409728000,
2032241271415161079,Thu Mar 12 23:44:10 +0000 2026,8,BLUE KINDNESS HIGH: Premiering this Tuesday!! https://t.co/5xdcsfXs5n,2032241271415161079,https://pbs.twimg.com/amplify_video_thumb/2032241215026950144/img/3mso7W7hYTg6A4H1.jpg,,en,,0,0,2,https://x.com/undefined/status/2032241271415161079,1149863893008887808,
2032241269548990802,Thu Mar 12 23:44:10 +0000 2026,0,urgent wts ateez bulk (mostly san) rm80 incl postage (wm) albums incl all inclusions except blue one (sticker sheet used) - postage on mondays - rts: quit collecting - open sharing ok but need all taken - albums unsealed but includes pc #pasarateez https://t.co/a0RfUey8Vj,2032241269548990802,https://pbs.twimg.com/media/HDP4qaSaAAE4BPS.jpg,,en,,0,0,0,https://x.com/undefined/status/2032241269548990802,1824680822328168448,
2032083405265891763,Thu Mar 12 23:44:08 +0000 2026,0,@Selene_Mariposa @VincentSco72192 If you need $8 to prove your identity to post on a social media platform y all are just fk d up. $8 for a blue check! What a joke is being played . If you can t tell the difference between a bot and real account well then there s a BLOCK Button . Not complicated for sure!,2032241262959428070,,Selene_Mariposa,en,,0,1,0,https://x.com/undefined/status/2032241262959428070,1084997727459704832,
2032241260422184997,Thu Mar 12 23:44:08 +0000 2026,3,住吉さん、お祝いの言葉までありがとうございました！ リクエストを聴きながら部活やクラスの友達と撮った卒業式の写真を見ていたら涙が⋯式でも泣かなかったのに（笑） #星野源_FriendShip Blue Ocean TOKYO FM 2026/3/6(金) 09:00-11:00 https://t.co/emR9cmP4JV #BlueOcean #住吉美紀 #TOKYOFM,2032241260422184997,,,ja,,0,0,0,https://x.com/undefined/status/2032241260422184997,720757804709994496,
2032226823237410936,Thu Mar 12 23:44:06 +0000 2026,1,@purrdotwav But what if ash gets the blue sickness,2032241253836874103,,purrdotwav,en,,0,1,0,https://x.com/undefined/status/2032241253836874103,1808934561663102980,
2032241247365046659,Thu Mar 12 23:44:05 +0000 2026,0,I want an overlay with cobalt blue.,2032241247365046659,,,en,,0,0,0,https://x.com/undefined/status/2032241247365046659,1565851434419093505,
2032202201595297888,Thu Mar 12 23:44:05 +0000 2026,0,@Sterohogan @_rathbone Sure it did fueling plane just crashed out of the blue also.,2032241247083978943,,Sterohogan,en,,0,0,0,https://x.com/undefined/status/2032241247083978943,969593031396651008,
2032190207911739593,Thu Mar 12 23:44:04 +0000 2026,0,@CxuAsx I will toot your horn here mate but I can honestly say after investing in many micro cap stocks and blue chip you have to be HANDS down the most active informative and passionate CEO I ve ever come across keeping the investors continuously informed and your passion for change!,2032241242801913926,,CxuAsx,en,,0,0,0,https://x.com/undefined/status/2032241242801913926,1996772440597581824,
2032004034601640142,Thu Mar 12 23:44:04 +0000 2026,2,@ursultrymia Blue ,2032241242453758189,,ursultrymia,en,,0,0,0,https://x.com/undefined/status/2032241242453758189,1613265557029003279,
2032225824590762055,Thu Mar 12 23:44:03 +0000 2026,1,@angelsotojj Once in a blue moon tweet of yours on my tl,2032241241979556083,,angelsotojj,en,,0,0,0,https://x.com/undefined/status/2032241241979556083,1890333922422042626,
2032234044876886366,Thu Mar 12 23:44:03 +0000 2026,0,@KaoticLeftist Ohio may be red but it s not so red that a dem winning in a blue year is unreasonable,2032241241212273088,,KaoticLeftist,en,,0,1,0,https://x.com/undefined/status/2032241241212273088,1551946754957856768,
2032117171220815975,Thu Mar 12 23:44:03 +0000 2026,0,@shauna1187 The greedy old weirdo worked with SC Republicans to gerrymander their state so he d be the only blue Rep!!!,2032241239689404841,,shauna1187,en,,0,0,1,https://x.com/undefined/status/2032241239689404841,2468696985,
2032241233121165365,Thu Mar 12 23:44:01 +0000 2026,1,M1 s + Twofold Kick + Frame perfect Rapid Punches + Lapse Blue + Reversal Red with Limitless Air Variant,2032241233121165365,,,en,,1,1,1,https://x.com/undefined/status/2032241233121165365,1874120190213980160,
2030327786733273550,Thu Mar 12 23:44:01 +0000 2026,0,@dennymishler @guitar_father @williaminspace @nutrition_facts Hong Kong has one of the world's highest life expectancies (~85.9 years overall in 2026 projections: 88.5 women 83.2 men) often #1-3 globally. It's not a Blue Zone though those focus on verified high centenarian rates + lifestyle. Diet there: high per-capita meat/seafood,2032241231703544239,,dennymishler,en,,0,0,0,https://x.com/undefined/status/2032241231703544239,1720665183188922368,
2032081188228153577,Thu Mar 12 23:43:57 +0000 2026,0,@SuperRare How do we know it's not more engagement bait? Requiring the description of an unvalidated artist's genesis project on your platform feels too demanding not even blue-chip galleries do that especially when you didn t reply to video applications in recent years not even with a no.,2032241214980804958,,SuperRare,en,,0,0,0,https://x.com/undefined/status/2032241214980804958,1144768854897414150,
2032160793194872940,Thu Mar 12 23:43:55 +0000 2026,1,@hyesemble blue do zb1,2032241206332207394,,hyesemble,pl,,0,0,0,https://x.com/undefined/status/2032241206332207394,1129436359511420928,
2032004034601640142,Thu Mar 12 23:43:53 +0000 2026,2,@ursultrymia Blue,2032241198946013569,,ursultrymia,en,,0,0,0,https://x.com/undefined/status/2032241198946013569,1986811567468675072,
2032224016337920253,Thu Mar 12 23:43:51 +0000 2026,1,@lifewave98 @discoque92 He is a blue chipper the issue is that our defense scheme don t rely on talented corners .,2032241189206794459,,lifewave98,en,,0,1,0,https://x.com/undefined/status/2032241189206794459,1349408994947960833,
2032133354821415002,Thu Mar 12 23:43:50 +0000 2026,0,@WallStreetApes As a professional driver I can tell ya it's a huge pain in the ass. Especially when those blue mfers are on semis,2032241186497335337,,WallStreetApes,en,,0,0,0,https://x.com/undefined/status/2032241186497335337,1540117537710657536,
2032241181657104826,Thu Mar 12 23:43:49 +0000 2026,0,Whoever said you and your partner should watch blue therapy and discuss after episode is a liar. If you need this show to guide you you re a nut ,2032241181657104826,,,en,,0,0,0,https://x.com/undefined/status/2032241181657104826,35594286,
2032241171573961206,Thu Mar 12 23:43:48 +0000 2026,0,Things. It is at the end of the announcements that they reveal that the elders will be advocating for a participant for the first time ever. The veil is removed and there say a pure white wolf shifter with blue eyes that seemed to glow with a hint of silver. SH stares out at the,2032241176623956171,,Se0ng_Hwx_Se0ng,en,,0,1,0,https://x.com/undefined/status/2032241176623956171,1735106925329596416,
2032241169086718159,Thu Mar 12 23:43:46 +0000 2026,0,Why is Justin Bailey getting this many minutes right now and WHY IS BLUE NOT SHOOTING THE BALL!!!,2032241169086718159,,,en,,0,0,0,https://x.com/undefined/status/2032241169086718159,1440298358048903175,
2032206018986508528,Thu Mar 12 23:43:43 +0000 2026,0,@permatruck blue checkmark,2032241157938479602,,permatruck,en,,0,0,0,https://x.com/undefined/status/2032241157938479602,1892402023141953538,
2032241157397213228,Thu Mar 12 23:43:43 +0000 2026,2,Bye bye blue American skies... https://t.co/NtHDzphJue,2032241157397213228,,,en,,0,0,0,https://x.com/undefined/status/2032241157397213228,1727103309801033728,
2032221807445500055,Thu Mar 12 23:43:42 +0000 2026,0,@mathingy99 @_ConnieShaw Let the blue haired nose ringed lefties stay. Unison membership is mainly women. NHS Education Police local Goverment. They have all been captured corrupted infected and infested by the loony left. Many who work in these sectors will have had enough. Time the Unions were,2032241153840484826,,mathingy99,en,,0,0,0,https://x.com/undefined/status/2032241153840484826,1733257082755813376,
2032241148421341424,Thu Mar 12 23:43:41 +0000 2026,1,My son s happy. Upgraded him to a new 🇺🇸 @IRTreels 400 duel drag for his birthday tomorrow. Mounted on a 10ft shimano shore caster. Just spooled it with 40lb x8 braid. 2nd picture is are normal go to set ups. IRT200 s on Dark Matter inshore rods. He likes blue. I picked the red https://t.co/NT3BEiQXlf,2032241148421341424,https://pbs.twimg.com/media/HDP4jVfbEAAs4rp.jpg,,en,,0,0,0,https://x.com/undefined/status/2032241148421341424,3303373781,
2032004034601640142,Thu Mar 12 23:43:35 +0000 2026,2,@ursultrymia Blue,2032241124203512042,,ursultrymia,en,,0,0,0,https://x.com/undefined/status/2032241124203512042,1972770753184415744,
2032239420531777546,Thu Mar 12 23:43:34 +0000 2026,2,@Ch3TheThorn friEND girlfriEND boyfriEND blaz blue centralfiction,2032241118092411320,,Ch3TheThorn,en,,0,1,1,https://x.com/undefined/status/2032241118092411320,827982000,
2032061970862538788,Thu Mar 12 23:43:34 +0000 2026,1,@Titans The blue pants better have stripes as well! Don't be like the pathetic @Lions for messing up their uniforms a few years ago!,2032241117702295637,,Titans,en,,0,0,0,https://x.com/undefined/status/2032241117702295637,1361757881851392000,
2032208880395080147,Thu Mar 12 23:43:34 +0000 2026,1,@andy_buksterlin Blue jackets and khaki pants are the modern day Red Coats .,2032241117689708715,,andy_buksterlin,en,,0,0,0,https://x.com/undefined/status/2032241117689708715,1812492077676081152,
2032223517547057264,Thu Mar 12 23:43:33 +0000 2026,1,@wayofftheres @thomasbsauer Navy EOD techs were the best single community I ever worked in the military. They combine elite levels of skill and training with a blue-collar just get the job done mindset. Just solid guys all around.,2032241114640462097,,wayofftheres,en,,0,0,0,https://x.com/undefined/status/2032241114640462097,821881315,
2032160746973372567,Thu Mar 12 23:43:33 +0000 2026,0,@SenGillibrand You should reconsider your stance the way Muslims are attacking Americans in blue states.,2032241112648171854,,SenGillibrand,en,,0,0,0,https://x.com/undefined/status/2032241112648171854,1949621095893532672,
2032241105312366906,Thu Mar 12 23:43:31 +0000 2026,0,The three Boston forwards could have put more effort into their backchecking. Bruins' McAvoy loses his footing at the blue line turning the play into a 2-on-1 for San Jose. Some nifty passing results in the Sharks taking a 1-0 lead.,2032241105312366906,,,en,,0,0,0,https://x.com/undefined/status/2032241105312366906,35303830,
2032241104435675584,Thu Mar 12 23:43:31 +0000 2026,1,Virgin River made me cry now Blue Therapy got me yelling at the screen already .,2032241104435675584,,,en,,0,0,0,https://x.com/undefined/status/2032241104435675584,118282088,
2032241102871282111,Thu Mar 12 23:43:30 +0000 2026,0,Mr. T could call it by switching to the blue area,2032241102871282111,,,en,,0,0,0,https://x.com/undefined/status/2032241102871282111,2009932243788247040,
2032241098715021814,Thu Mar 12 23:43:29 +0000 2026,22,おはようございます️ 今日はきんようび 今晩の乾杯のお酒は決めましたか ビーバーはやっぱり沖縄 ISLAND BLUE 43度ですかね https://t.co/w1x6C5Flyh,2032241098715021814,https://pbs.twimg.com/media/HDP3N0SakAA9kj0.jpg,,ja,,0,0,2,https://x.com/undefined/status/2032241098715021814,963582603583406080,
2032241091345330358,Thu Mar 12 23:43:28 +0000 2026,0,me who dyed and cut their hair like rui then white day mafuyu then dyed &amp; cut again for the kirio cosplay and now it's grown again cut dyed and styled like irumafia iruma (it looks kiriwo colored in the upper part after the first wash and blue only in the lower one),2032241091345330358,,,en,,0,0,0,https://x.com/undefined/status/2032241091345330358,1228441124387377152,
2032241087507808540,Thu Mar 12 23:43:27 +0000 2026,0,The Blue Lock flashcards are using the new text highlighting approach Just look at these gorgeous highlights It s the little things https://t.co/8UWmypMpUT,2032241087507808540,https://pbs.twimg.com/media/HDP4fvJbQAMS5HI.jpg,,en,,0,0,0,https://x.com/undefined/status/2032241087507808540,1475561992794558465,
2032238725816631766,Thu Mar 12 23:43:24 +0000 2026,1,@cavemanug69 Lol! I've been throttled and banned since getting rid of the blue checkmark several months ago. X decided to release me today! Hope you're well ...,2032241076883398885,,cavemanug69,en,,0,0,0,https://x.com/undefined/status/2032241076883398885,56788809,
2032241072613609836,Thu Mar 12 23:43:23 +0000 2026,1,blue da taeyeon old,2032241072613609836,,,in,,0,0,0,https://x.com/undefined/status/2032241072613609836,757698774,
2032238439043662257,Thu Mar 12 23:43:20 +0000 2026,2,@melaniesbush blue eyed one of course,2032241060882117097,,melaniesbush,en,,0,1,0,https://x.com/undefined/status/2032241060882117097,1254666104443678720,
2032107296915144926,Thu Mar 12 23:43:18 +0000 2026,0,@pigeoncrafts SNOOPY AND BLUE,2032241049398362476,,pigeoncrafts,en,,0,0,0,https://x.com/undefined/status/2032241049398362476,1644171535509504001,
2032241034202149214,Thu Mar 12 23:43:14 +0000 2026,0,blue neighbourhood is so good to this day,2032241034202149214,,,en,,0,0,0,https://x.com/undefined/status/2032241034202149214,1928151459675111425,
2032240840459145462,Thu Mar 12 23:43:14 +0000 2026,5,@usanewshq It looks like a VIP or law enforcement motorcade (black SUVs with flashing blue lights) on the Garden State Parkway in New Jersey approaching Exit 136 for Linden/Roselle/Winfield Park. Common for officials dignitaries or security details traveling the area no specific identity,2032241032482464156,,usanewshq,en,,0,0,1,https://x.com/undefined/status/2032241032482464156,1720665183188922368,
2032241022202196315,Thu Mar 12 23:43:11 +0000 2026,0,gnt o problema nn é a idade dela nem ser cringe é um meme idiota que tem teor misógino pq é sempre essa infantilização e estupidez de my bf does big boy blue store things WE ARE NEVER GETTING OUT OF THE PATRIARCHY,2032241022202196315,,,pt,,0,0,0,https://x.com/undefined/status/2032241022202196315,1516549901194256395,
2032004034601640142,Thu Mar 12 23:43:06 +0000 2026,3,@ursultrymia Blue/Green,2032241002111488112,,ursultrymia,en,,0,0,0,https://x.com/undefined/status/2032241002111488112,894588894,
2031708024759259381,Thu Mar 12 23:43:06 +0000 2026,0,@Sheeteatingrin @DastDn It s not hypocritical for me just for you! Just be consistent man delete your account and go to blue sky many other leftists have. You have no principal or moral courage,2032240999418749067,,Sheeteatingrin,en,,0,0,0,https://x.com/undefined/status/2032240999418749067,1983338283741655041,
2032222949093077191,Thu Mar 12 23:43:04 +0000 2026,1,@mike10101013 @McBidens @nikicaga No they aren t lmao. It s insane to accuse someone of lying by omission over this If someone said I like people who wear blue shirts do they need to add a million qualifiers to stress btw this isn t just in isolation it s on top of other good traits! ,2032240993261523291,,mike10101013,en,,0,1,0,https://x.com/undefined/status/2032240993261523291,842501352945143809,
2032086120532435060,Thu Mar 12 23:43:02 +0000 2026,0,@DiscussingFilm At 1:36 I felt there was an homage to Samuel L. Jackson in Deep Blue Sea,2032240982842921116,,DiscussingFilm,en,,0,0,0,https://x.com/undefined/status/2032240982842921116,340499366,
2032172045350441142,Thu Mar 12 23:43:01 +0000 2026,0,@Hillybilly5759 @realDonaldTrump Shes paid out from Act Blue funds and for being a do anything for democrats in Ohio. She's sold her soul for almighty political glory a few years ago. She wants be HRC.,2032240978279444824,,Hillybilly5759,en,,0,0,0,https://x.com/undefined/status/2032240978279444824,168349198,
2032240977637699961,Thu Mar 12 23:43:00 +0000 2026,4,Panthers and Blue Jackets scoreless after one. Shots 14-3 Columbus attempts 27-10 also Columbus.,2032240977637699961,,,en,,0,1,0,https://x.com/undefined/status/2032240977637699961,22582321,
2032240737585094780,Thu Mar 12 23:43:00 +0000 2026,0,WORST ENDING EVER LIKE WHAT THE FUCK AM I DOING IN SPACE I DON T HAVE TO WASTE SOME OF MY PRECIOUS VERY SHORT LIFE SPAN THAT I HAVE LEFT BREAKING INTO SOME SPACE CASINO FOR A GUY WITH BLUE EYES,2032240976245170266,,GETYOURSELFTIDY,en,,0,0,0,https://x.com/undefined/status/2032240976245170266,1891972844092821504,
2031909767506018521,Thu Mar 12 23:43:00 +0000 2026,0,@P00P_CRAVE I wanna be Bonnie blue in this equation,2032240975502881054,,P00P_CRAVE,en,,0,0,0,https://x.com/undefined/status/2032240975502881054,26618405,
2032213947558838699,Thu Mar 12 23:43:00 +0000 2026,1,@fnandaalvestb amei!! se vc quiser ouvir outras deles recomendo fortemente: livin thing e mr. blue sky,2032240973896359985,,fnandaalvestb,pt,,0,1,0,https://x.com/undefined/status/2032240973896359985,1241168146024857601,
2032240967198122378,Thu Mar 12 23:42:58 +0000 2026,8,Oriana si insinuó el tema de las toallitas XXL que eran de Curvy con una intención tampoco nos hagamos los idiotas!! #LaCasaDeLosFamosos #LCDLF6 https://t.co/Z3iI9Xmik6,2032240967198122378,https://pbs.twimg.com/amplify_video_thumb/2032240913880109056/img/TboThlcIvLk53eb0.jpg,,es,,0,0,2,https://x.com/undefined/status/2032240967198122378,304267306,
2032201228155838601,Thu Mar 12 23:42:58 +0000 2026,2,@defaultnamenull @mattvanswol This ll keep the blue hairs away he whispers as he puts another sig sauer sticker on the rear window of his large pickup truck,2032240966342480118,,defaultnamenull,en,,0,0,0,https://x.com/undefined/status/2032240966342480118,76715149,
2032115953237164325,Thu Mar 12 23:42:54 +0000 2026,0,@Erenyeagerrr247 @Aoi_Kaze1 Pro tip get a blue checkmark before rage baiting. Otherwise you just look like a random internet dude with a dumb take,2032240952044372206,,Erenyeagerrr247,en,,0,1,0,https://x.com/undefined/status/2032240952044372206,1588410227367776256,
2032237056747790758,Thu Mar 12 23:42:47 +0000 2026,1,@spitforathena oh wait sorry you literally are blue I'm sorry you can be in my gang now,2032240921719296469,,spitforathena,en,,0,0,0,https://x.com/undefined/status/2032240921719296469,1484507897472204809,
2032240904883392914,Thu Mar 12 23:42:43 +0000 2026,0,Art of the Day! Blue Irises in a White Pitcher . Buy at: https://t.co/LIywzrSvVx https://t.co/00puYzPmpo,2032240904883392914,https://pbs.twimg.com/media/HDP4VaZWcAAlS_Q.jpg,,en,,0,0,0,https://x.com/undefined/status/2032240904883392914,1020748027890421760,
2032240904527065589,Thu Mar 12 23:42:43 +0000 2026,0,@1 WILD BLUEのライブでもわぶっていきましょう！お譲り先を探しております。 【譲】 3/22 夜公演のみ AB列 26-35番中 1枚 【求】ご提示ください 希望額明記の上dmまでお願い致します。 #WILDBLUE譲 #WILDBLUE求 2,2032240904527065589,,1,ja,,0,0,0,https://x.com/undefined/status/2032240904527065589,2009866290459189248,
2032083405265891763,Thu Mar 12 23:42:41 +0000 2026,0,@Selene_Mariposa Most blue checks are bots too. If you are a state actor or NGO putting together 500 paid accounts to silence your ideological opponents is chump change.,2032240897719747028,,Selene_Mariposa,en,,0,0,0,https://x.com/undefined/status/2032240897719747028,1037657542325747712,
2032240893911318926,Thu Mar 12 23:42:40 +0000 2026,2,@itoi_TL ファビアンを表す色は 【水｜Sky Blue】 風のような自由人 ・縛られると即パワーダウン ・余白があるほど輝くタイプ ・発想ふわっと、でも鋭い #Makko #診断テスト みんなは何色かな？ 【色鉛筆診断】 https://t.co/noA8Cj2h0c,2032240893911318926,,itoi_TL,ja,,0,0,0,https://x.com/undefined/status/2032240893911318926,1263013010051788800,
2032240884851622272,Thu Mar 12 23:42:38 +0000 2026,6,Trixie says she needs a napkin. Or ten. https://t.co/udqARPOYPp,2032240884851622272,https://pbs.twimg.com/media/HDP4T9GbQAIYqdd.jpg,,en,,0,0,0,https://x.com/undefined/status/2032240884851622272,3076052887,
2006855003781345504,Thu Mar 12 23:42:38 +0000 2026,0,46. Blue Moon (2025) reż. Richard Linklater https://t.co/qlJUSDCvAP,2032240881500082277,https://pbs.twimg.com/media/HDP4TA5W8AIaEs-.jpg,DGniedziejko,pl,,0,0,0,https://x.com/undefined/status/2032240881500082277,3315013029,
2032239852599624022,Thu Mar 12 23:42:37 +0000 2026,1,@RW3Timelord it s just blue check accounts looking for money by posting that one Pellegrino clip that always ends up getting loads of likes ,2032240880648630735,,RW3Timelord,en,,0,1,0,https://x.com/undefined/status/2032240880648630735,1719071103501352960,
2032240875234005265,Thu Mar 12 23:42:36 +0000 2026,0,Clearly you re complexed and judgmental. I guess you need a blue or maroon passport. Stop being a KAREN! Don t you have men in your family? So much bullshit. Period!,2032240875234005265,,,en,,0,0,0,https://x.com/undefined/status/2032240875234005265,2028283010597126144,
2032240867356917860,Thu Mar 12 23:42:34 +0000 2026,1,I need to find the blue therapy hashtag I'm loving this.,2032240867356917860,,,en,,0,1,0,https://x.com/undefined/status/2032240867356917860,68373649,
2032240856498126936,Thu Mar 12 23:42:32 +0000 2026,1,And after this young Man is Married for 8.3 years which is the average of 1st time marriages his wife will find the BBD in wealth and status and dump his butt and then will ask himself Dang I should ve listen to Myron Gains instead of living in Blue Pill Fairy Tale Land!,2032240856498126936,,,en,,0,0,0,https://x.com/undefined/status/2032240856498126936,1800623103237894144,
2032240842480439725,Thu Mar 12 23:42:28 +0000 2026,1,dude wheres that one john blue lock guy made from every single character merged together. https://t.co/iqaPsKiM5r,2032240842480439725,https://pbs.twimg.com/media/HDP4GNibQAEApAd.png,,en,,0,0,0,https://x.com/undefined/status/2032240842480439725,1817620239766695937,
2032167122160222344,Thu Mar 12 23:42:28 +0000 2026,0,@all_compassion4 @Rodrikoo2 @JeffreyLuscombe Have you seen the green and blue haired freaks on the left? Or even the MPP in Alberta? https://t.co/uSb2ugtnOi,2032240841519980863,https://pbs.twimg.com/media/HDP4RlxXYAAeNbK.jpg,all_compassion4,en,,0,0,0,https://x.com/undefined/status/2032240841519980863,1652779599296643073,
2032216516889100470,Thu Mar 12 23:42:27 +0000 2026,3,@sarathesorcerer the way the blue line stops at mikes head and the yellow continues to wills ,2032240839418651017,,sarathesorcerer,en,,0,0,0,https://x.com/undefined/status/2032240839418651017,1281892807,
2032220849214771471,Thu Mar 12 23:42:27 +0000 2026,0,@ayekeeno W Blue,2032240836294164834,,ayekeeno,en,,0,0,0,https://x.com/undefined/status/2032240836294164834,566027875,
2032240828895404288,Thu Mar 12 23:42:25 +0000 2026,1,やってみました！ サブスクのないUntitledはなかった 一番好きな曲が中心です 気持ちはAltに marsaのオタクソング9選 ・月の瞼 ・バタフライ ・Believe ・winter fall ・ヴァンパイア ・BLUE TEARS ・イエス ~2025 ver.~ ・Dreamer ・Like a Angel #俺のオタクソング9選 https://t.co/Ec6Bp1FHt7 https://t.co/ueFxhy3SP7,2032240828895404288,https://pbs.twimg.com/media/HDP4Q3AbAAAe55k.jpg,,ja,,0,0,0,https://x.com/undefined/status/2032240828895404288,109899787,
2032240825175064829,Thu Mar 12 23:42:24 +0000 2026,0,Royal Blue.,2032240825175064829,,,en,,0,0,0,https://x.com/undefined/status/2032240825175064829,142852159,
2032240824734359722,Thu Mar 12 23:42:24 +0000 2026,2,@elonmusk is going to prison after the blue wave (or deported),2032240824734359722,,elonmusk,en,,0,0,1,https://x.com/undefined/status/2032240824734359722,86376598,
2032176392452948419,Thu Mar 12 23:42:21 +0000 2026,7,@rkivesnuts Just seeing Gregory simply smiling at the mention of Janine s name would move me to the great lakes https://t.co/GZTDPnniSq,2032240811169960052,https://pbs.twimg.com/tweet_video_thumb/HDP4Pp0WEAAOWvH.jpg,rkivesnuts,en,,0,0,0,https://x.com/undefined/status/2032240811169960052,1942074864984039424,
2032115405813068177,Thu Mar 12 23:42:20 +0000 2026,0,@gurl_lambo @aproko_doctor Do you have the sky blue color ?,2032240807185453070,,gurl_lambo,en,,0,0,0,https://x.com/undefined/status/2032240807185453070,1700110982675054592,
2032143502608392326,Thu Mar 12 23:42:18 +0000 2026,1,@SFG169 I didn't renew my blue check a couple months ago because why pay to be shadow banned and throttled back when I can get the same thing for free. The only difference I've seen is I can't make a long post and of course the constant notices from X that I need to get verified. ‍️,2032240797840728325,,SFG169,en,,0,0,0,https://x.com/undefined/status/2032240797840728325,1560037796039073797,
2032240787602489510,Thu Mar 12 23:42:15 +0000 2026,0,Blue and courage ,2032240787602489510,,,en,,0,0,0,https://x.com/undefined/status/2032240787602489510,41095531,
2032240786436235323,Thu Mar 12 23:42:15 +0000 2026,0,Blue tick to da wahala sile,2032240786436235323,,,en,,0,0,0,https://x.com/undefined/status/2032240786436235323,1685197286,
2032173924088177145,Thu Mar 12 23:42:14 +0000 2026,0,@NRSC @SenSusanCollins And usually voting with Dems when it matters. The only reason she s worth voting for is she s a better of two evils in a blue state.,2032240784628420694,,NRSC,en,,0,0,0,https://x.com/undefined/status/2032240784628420694,230057466,
2032240779402330436,Thu Mar 12 23:42:13 +0000 2026,434, MEU DEUS! Takeda Kohei (Old Fashioned Cupcake) e Shibuya Kento estrelam a adaptação de Life In Smokey Blue . Sakutaro Azuma um gay desempregado vai a um bar gay e acaba reencontrando Shizuka Kuji seu antigo rival do trabalho. Agora perto dos 40 anos os dois passam a https://t.co/CwzNMH5LAu,2032240779402330436,https://pbs.twimg.com/media/HDP4N7xW0AA33Lm.jpg,,pt,,35,4,39,https://x.com/undefined/status/2032240779402330436,1428697432305676290,
2032143666735665509,Thu Mar 12 23:42:11 +0000 2026,1,@KenRoth They threw you off Blue Sky?,2032240771701883308,,KenRoth,en,,0,0,0,https://x.com/undefined/status/2032240771701883308,1675254814710849537,
2032194956228530298,Thu Mar 12 23:42:10 +0000 2026,0,@The_Weed_Hottie @iris_seraphina Nope...I grew up in an old school Italian home. Totally different style. Blue velvet couch with gold colored arms and legs red velvet chairs with gold colored arms and legs.. All covered in protective plastic slip covers your skin would stick to.,2032240764730708354,,The_Weed_Hottie,en,,0,0,0,https://x.com/undefined/status/2032240764730708354,341612843,
2031599231585091611,Thu Mar 12 23:42:10 +0000 2026,0,@luvyuugii he s never really fit the typical mold for blue lock. he was a midfielder before entering blue lock and then during the U20 match realized his ego as a defender so he s someone else i see as never really fitting that striker ego or having the desire for his own goals,2032240764256702505,,luvyuugii,en,,0,0,0,https://x.com/undefined/status/2032240764256702505,1932122281251385344,
2032240744648331302,Thu Mar 12 23:42:05 +0000 2026,0,timekeeper pls save us that blue twink isn't scary pls,2032240746158260417,,catpetterzz,en,,0,0,0,https://x.com/undefined/status/2032240746158260417,1447058403067580416,
2032221166190882967,Thu Mar 12 23:42:01 +0000 2026,0,@cthousegop When the model US CONGRESS (119th) sets the 'LAZY' and 'IDC What The People Want' stage and gets away with it BLUE States will follow and run with it They've told us and shown us exactly who and what they are We need recourse CT is running roughshod over the US Constitution,2032240727648805255,,cthousegop,en,,0,0,0,https://x.com/undefined/status/2032240727648805255,1606215707758321667,
2032004034601640142,Thu Mar 12 23:42:00 +0000 2026,2,@ursultrymia Blue,2032240723597156356,,ursultrymia,en,,0,0,0,https://x.com/undefined/status/2032240723597156356,1300788278598275072,
2032240714315415951,Thu Mar 12 23:41:58 +0000 2026,0,They were all complicit regardless of red blue yellow or green,2032240714315415951,,,en,,0,0,0,https://x.com/undefined/status/2032240714315415951,1619455637267836928,
2032240703653494938,Thu Mar 12 23:41:55 +0000 2026,0,The familys blue dress code is so fierce https://t.co/TlObrYFN9o,2032240703653494938,https://pbs.twimg.com/media/HDP4JiOa0AAEMHy.jpg,,en,,0,1,0,https://x.com/undefined/status/2032240703653494938,1895234507877556227,
2032240703133331865,Thu Mar 12 23:41:55 +0000 2026,0,THIS THREAD!! And its insane how one of them has a helmet with a light on it (light keeper.. hi flins) the other is a blue knight/guard in Simulanka iirc (Sorry for qrt; with the gh0st/shad0wbans going around I figured replies might end up unavailable),2032240703133331865,,,en,,0,1,0,https://x.com/undefined/status/2032240703133331865,1986076694579752960,
2032217656250478877,Thu Mar 12 23:41:55 +0000 2026,1,@loosepassive I m insanely jealous of yugioh card names. That dragon s body is equally as blue as its eyes. There s a card called Jack-in-the-Hand! They just have it so much better in that game it s no wonder that their cards are worth 60k,2032240701811953725,,loosepassive,en,,0,0,0,https://x.com/undefined/status/2032240701811953725,849616242000498688,
2032240697147785446,Thu Mar 12 23:41:54 +0000 2026,1,Kate Hudson Under Fire For Doing Wisconsinface In Song Sung Blue' https://t.co/3lI2ZTZROY #wisconsin #milwaukee @Moviegino ,2032240697147785446,,,en,,0,0,0,https://x.com/undefined/status/2032240697147785446,972084966602477568,
2032240688369193359,Thu Mar 12 23:41:51 +0000 2026,0,de onde ele tirou q eu sou o amor dele??? https://t.co/DexDmJQxf3,2032240688369193359,https://pbs.twimg.com/media/HDP4HnXbQAA5_gw.jpg,,pt,,0,0,0,https://x.com/undefined/status/2032240688369193359,1354889070644768769,
2032239648152457679,Thu Mar 12 23:41:50 +0000 2026,2,@jp_gambatese Two more years of random shots from the actual blue line beating Markstrom.,2032240680261607881,,jp_gambatese,en,,0,0,0,https://x.com/undefined/status/2032240680261607881,161387035,
2032004034601640142,Thu Mar 12 23:41:49 +0000 2026,3,@ursultrymia Blue,2032240678239903943,,ursultrymia,en,,0,0,1,https://x.com/undefined/status/2032240678239903943,2382142614,
2032240672896598214,Thu Mar 12 23:41:48 +0000 2026,0,the blue colour of the mighty seas just represents how incredibly beautiful you are to my eyes.,2032240672896598214,,,en,,0,0,0,https://x.com/undefined/status/2032240672896598214,1939553431599169536,
2032160123272020413,Thu Mar 12 23:41:46 +0000 2026,1,@JEluemunor Welcome home Jermaine Big Blue is happy to have you &lt;3,2032240665984201109,,JEluemunor,en,,0,0,0,https://x.com/undefined/status/2032240665984201109,1300267951292133376,
2032240664881115156,Thu Mar 12 23:41:46 +0000 2026,0,Lagos Caviar Collection 7.5 Bracelet of Sterling 18K Beading w/Three Large Sparkling Emerald Cut Blue Topaz Gemstones December Birthstone https://t.co/hHN09YIvFw https://t.co/ZDoHLI88x9,2032240664881115156,https://pbs.twimg.com/media/HDP4HLAWoAA7dsE.jpg,,en,,0,0,0,https://x.com/undefined/status/2032240664881115156,1023197378,
2032232145297485944,Thu Mar 12 23:41:45 +0000 2026,0,@mariolexxx AY pls i really need this blue tick God bless you Queen,2032240659885649941,,mariolexxx,en,,0,0,0,https://x.com/undefined/status/2032240659885649941,1314911642640146432,
2032240655343276193,Thu Mar 12 23:41:44 +0000 2026,2,Everyone go enter this giveaway of a Bam Adebayo blue prizm card # /150 in honor of his 83 point performance the other night!,2032240655343276193,,,en,,0,1,1,https://x.com/undefined/status/2032240655343276193,1427039233802387462,
2032182241153962193,Thu Mar 12 23:41:39 +0000 2026,1,@PpollingNumbers Acton has my vote! Come on Ohio let's go BLUE!!!,2032240637890769125,,PpollingNumbers,en,,0,0,0,https://x.com/undefined/status/2032240637890769125,143649492,
2032240637677093047,Thu Mar 12 23:41:39 +0000 2026,1,Over 60 Software Vendors Issue Security Fixes Across OS Cloud and Network Platforms https://t.co/xBhDQUkViq #PatchTuesday #CyberSecurity #InfoSec #SoftwareUpdates #Vulnerabilities https://t.co/N9AHtrRSzM,2032240637677093047,https://pbs.twimg.com/media/HDP4FvJbQAAx9cQ.jpg,,en,,0,1,0,https://x.com/undefined/status/2032240637677093047,1106654670246871047,
2032240636368171396,Thu Mar 12 23:41:39 +0000 2026,2,All the new blue tick buyers on this app their post no dey pass why are you still awake by this time Dem dey always target 12 midnight to ask the question @boniface_jrn @Mrbankstips @mrmacaroni @Ekitipikin,2032240636368171396,,,en,,0,0,1,https://x.com/undefined/status/2032240636368171396,1506016281203511307,
2032214823644053956,Thu Mar 12 23:41:39 +0000 2026,0,@yfcherries What is the lightest blue? Drum-Stet?,2032240634661056619,,yfcherries,en,,0,0,0,https://x.com/undefined/status/2032240634661056619,1674772214623682563,
2032240627002270005,Thu Mar 12 23:41:37 +0000 2026,4,Spoonbill- 5 x7 colored pencil on toned blue paper #art #drawing #prismacolor #birds https://t.co/Q9njqpnKYo,2032240627002270005,https://pbs.twimg.com/media/HDP4E9cWwAENXk2.jpg,,en,,0,0,0,https://x.com/undefined/status/2032240627002270005,18491294,
2032240624766742614,Thu Mar 12 23:41:36 +0000 2026,1,isso foi muito rocky blue da parte dela,2032240624766742614,,,pt,,0,0,0,https://x.com/undefined/status/2032240624766742614,1241067227199213570,
2032220140087976043,Thu Mar 12 23:41:35 +0000 2026,1,@TheGeneral_0 All of the Blue states are putting business out of business. It's all planned.,2032240620966645798,,TheGeneral_0,en,,0,0,0,https://x.com/undefined/status/2032240620966645798,46153084,
2032240614876553575,Thu Mar 12 23:41:34 +0000 2026,0,only one more oscar movie to watch but it's song sung blue https://t.co/IhzldEPGmX,2032240614876553575,https://pbs.twimg.com/tweet_video_thumb/HDP4D-IXMAAr7Bm.jpg,,en,,0,0,0,https://x.com/undefined/status/2032240614876553575,1800336009835544576,
2032240609482747983,Thu Mar 12 23:41:33 +0000 2026,0,aish yano quiero ver blue lock son muy geis el maldito adult swim: https://t.co/2DN3oyNhe4,2032240609482747983,https://pbs.twimg.com/media/HDP4EFvacAAKmv8.jpg,,es,,0,4,0,https://x.com/undefined/status/2032240609482747983,1553956131357073408,
2030761982903681322,Thu Mar 12 23:41:29 +0000 2026,0,@anirap_oficial Mano muito foda seu rap do Hugo slk meus amigo tá tudo viciado pena que você tem dinheiro pra cacete e nem muda a foto do álbum do Spotify tá saturada já irmão pqp vamo querer inovar nessa merda de foto e blue lock. Bagulho é um gramado com bola.,2032240592546144327,,anirap_oficial,pt,,0,0,0,https://x.com/undefined/status/2032240592546144327,1657428817617600515,
2032228041519255830,Thu Mar 12 23:41:27 +0000 2026,0,@mattforney doubt Ohio goes blue down ballot. even Vivek will probably get elected. by something like +3-4.,2032240587177365905,,mattforney,en,,0,0,0,https://x.com/undefined/status/2032240587177365905,895251514217963520,
2032153321478226267,Thu Mar 12 23:41:25 +0000 2026,1,@nolanweeks26 @Titans they re throwing the entire franchise back to an era that has no connection with the state whatsoever aside from a few games at Vandy and the Liberty Bowl. there s one person in the organization who feels connected to the Luv Ya Blue era &amp; she unfortunately has the most power.,2032240576473469137,,nolanweeks26,en,,0,1,0,https://x.com/undefined/status/2032240576473469137,240951275,
2031544765708108078,Thu Mar 12 23:41:23 +0000 2026,1,@LaryButz67 who even are you?!?!?! and what are you talking about?!?! red white and blue the colours of the U S OF A!!!!,2032240567720071325,,LaryButz67,en,,0,1,0,https://x.com/undefined/status/2032240567720071325,1988821873468243968,
2032240553652302107,Thu Mar 12 23:41:19 +0000 2026,0,Omo My blue tick don goo Fun while it lasts,2032240553652302107,,,en,,0,0,0,https://x.com/undefined/status/2032240553652302107,1659125954847948801,
2032231109187289421,Thu Mar 12 23:41:19 +0000 2026,2,@BarneyFlames I don't disagree. I'm just countering an argument you sometimes see in CA. 1. Most Californians are Dems. 2. Nimbyism pushes people out. 3. This will make neighboring states blue because most people out are Dems. It basically assumes that people pushed out are same as gen pop.,2032240553069592914,,BarneyFlames,en,,0,1,0,https://x.com/undefined/status/2032240553069592914,202522597,
2032191172857253890,Thu Mar 12 23:41:17 +0000 2026,95,@fath3rfigur3 @sh444yla nigga spent $30 on Bonnie Blue &amp; Lily Phillips ,2032240543606972706,,fath3rfigur3,en,,0,1,0,https://x.com/undefined/status/2032240543606972706,1864964806819655680,
2032240532022317365,Thu Mar 12 23:41:14 +0000 2026,0,Bobrovsky is robbing the blue jackets in the first half 13 saves on 13 shots whit some hight danger actions. Gaining is form back late in the season https://t.co/egcaiOrgVi,2032240532022317365,https://pbs.twimg.com/tweet_video_thumb/HDP3_ZXXkAA7SEm.jpg,,en,,1,0,0,https://x.com/undefined/status/2032240532022317365,2032138081458143233,
2032145415374840249,Thu Mar 12 23:41:13 +0000 2026,0,@RealWayneRoot But will it be enforced in blue states? Right now elections are a national security threat. Thanku for the hopeful words. Let's get Curtis Murkowski McConnell Thune Tillis &amp; Cornyn outta DC.,2032240525533913480,,RealWayneRoot,en,,0,0,0,https://x.com/undefined/status/2032240525533913480,1555727090330529793,
2032240518177178006,Thu Mar 12 23:41:11 +0000 2026,0,kalian tau dulu ada era dmn twt katanya mau di banned terus pda pindah ke blue sky ternyata kagak jdi,2032240518177178006,,,in,,0,0,0,https://x.com/undefined/status/2032240518177178006,2018528945503903744,
2032240517241557182,Thu Mar 12 23:41:11 +0000 2026,0,Hey @grok can you get me an orange fanta and a small bag of blue takis unless you want to get the big bag,2032240517241557182,,,en,,0,1,0,https://x.com/undefined/status/2032240517241557182,979552484959154176,
2032240510686187542,Thu Mar 12 23:41:09 +0000 2026,0,５周年、おめでとうございます 【企画】 TAGRIGHT FOREVER BLUE パフォーマンス 【曜日】水曜日 どうかよろしくお願いいたします！ #ラヴィット5周年ウィーク,2032240510686187542,,,ja,,0,0,0,https://x.com/undefined/status/2032240510686187542,2262579332,
2032222695899779441,Thu Mar 12 23:41:09 +0000 2026,0,@ABC7NY The money that should have gone to fixing these things was spent on filling up blue states with illegal immigrants!,2032240509075222954,,ABC7NY,en,,0,0,0,https://x.com/undefined/status/2032240509075222954,1897365404051496960,
2032240502033269126,Thu Mar 12 23:41:07 +0000 2026,24,Seedence 2.0 on yapper. Ultra-realistic cinematic sci-fi scene set in a vast futuristic desert city under a clear blue sky. A massive red bipedal walking mech advances forward with slow powerful heavy mechanical steps. The mech is symmetrical and front-facing with thick https://t.co/FSgWPIiTAN,2032240502033269126,https://pbs.twimg.com/ext_tw_video_thumb/2032240477131468801/pu/img/oW1bQ0knwtePF7N-.jpg,,en,,0,19,5,https://x.com/undefined/status/2032240502033269126,1907097151056056320,
2032101302227140610,Thu Mar 12 23:41:05 +0000 2026,2,@elonmusk Says the guy who wants people to pay for a blue tick and then claims he wants free speech ,2032240494760128558,,elonmusk,en,,1,0,0,https://x.com/undefined/status/2032240494760128558,1307053981278113793,
2032205599392321969,Thu Mar 12 23:41:05 +0000 2026,0,@louis_villecov @KentuckyNet Have you seen what's happening in Louraq? It's nothing in comparison https://t.co/D12AgKSCuR,2032240494244155549,https://pbs.twimg.com/tweet_video_thumb/HDP39N0WkAEMMxk.jpg,louis_villecov,en,,0,0,0,https://x.com/undefined/status/2032240494244155549,1997125689334517760,
2032240490427596890,Thu Mar 12 23:41:04 +0000 2026,0,the type of shit blue posts https://t.co/3rORhDvrNW,2032240490427596890,https://pbs.twimg.com/tweet_video_thumb/HDP38yubcAAOoLd.jpg,,en,,0,0,0,https://x.com/undefined/status/2032240490427596890,1896066404291657731,
2032240489882091541,Thu Mar 12 23:41:04 +0000 2026,1,spot and blue my beloved just missing kipper,2032240489882091541,,,en,,0,0,0,https://x.com/undefined/status/2032240489882091541,2358240120,
2031956466408521961,Thu Mar 12 23:41:03 +0000 2026,0,@l8rdudz @RoCatchers this condo creator have acted weird sky is blue havin ass,2032240484727341508,,l8rdudz,en,,0,1,0,https://x.com/undefined/status/2032240484727341508,980279024659456000,
2032004034601640142,Thu Mar 12 23:41:00 +0000 2026,2,@ursultrymia Blue ,2032240473914409386,,ursultrymia,en,,0,0,0,https://x.com/undefined/status/2032240473914409386,1997220179365826560,
2032239867707662394,Thu Mar 12 23:40:58 +0000 2026,1,@daexyz_ Thanks *I say as the flies swarm around me controlling them effortlessly as my blue lock skill* https://t.co/24uakwetz5,2032240463554756778,https://pbs.twimg.com/tweet_video_thumb/HDP37VsbQAMYkmA.jpg,daexyz_,en,,1,2,1,https://x.com/undefined/status/2032240463554756778,1290519802096697344,
2032240459473453364,Thu Mar 12 23:40:57 +0000 2026,0,@MYSTIC7 Almost perfect just missing it being blue. https://t.co/EHdARYO1Q2,2032240459473453364,https://pbs.twimg.com/media/HDP37R5WQAAvISH.jpg,MYSTIC7,en,,0,0,0,https://x.com/undefined/status/2032240459473453364,1597993113238339584,
2032087928978227233,Thu Mar 12 23:40:56 +0000 2026,0,@blue988203 blueさんもお疲れ様でした！ あと一日、頑張りましょう ありがとうございます️,2032240453626839054,,blue988203,ja,,0,0,0,https://x.com/undefined/status/2032240453626839054,1411681151345827844,
2032240451357385000,Thu Mar 12 23:40:55 +0000 2026,0,Christopher Morel PSA 10 Blue Wave RC /75 $20 https://t.co/b2ywH457Hl,2032240451357385000,https://pbs.twimg.com/media/HDP36wIWEAA2P5O.jpg,,en,,0,0,1,https://x.com/undefined/status/2032240451357385000,1325491559882764288,
2032207905043198227,Thu Mar 12 23:40:55 +0000 2026,1,@Kobinah_ Blue tick expired impressions crawling and this post sitting at 71 views bro are you sure this race is really for you? ,2032240450027819171,,Kobinah_,en,,0,0,0,https://x.com/undefined/status/2032240450027819171,1302770251977949185,
2032240447578652916,Thu Mar 12 23:40:54 +0000 2026,3,@itoi_TL ジェイミーを表す色は 【青｜Blue】 信念の探究者 ・一度決めたらテコでも動かない ・静かな集中力バケモノ級 ・考え抜いてから動く慎重派 #Makko #診断テスト みんなは何色かな？ 【色鉛筆診断】 https://t.co/50EKGOafwj,2032240447578652916,,itoi_TL,ja,,0,0,0,https://x.com/undefined/status/2032240447578652916,1263013010051788800,
2032195361490477270,Thu Mar 12 23:40:54 +0000 2026,1,@vwbakjdfyy He ain t never heard blue bands by Weiland,2032240447322554755,,vwbakjdfyy,en,,0,0,0,https://x.com/undefined/status/2032240447322554755,1754252529607520256,
2032240089804214655,Thu Mar 12 23:40:53 +0000 2026,0,@GrahamCoffeyDC Tends to happen when Blue Cain turns down WIDE OPEN LOOKS,2032240443396600152,,GrahamCoffeyDC,en,,0,0,0,https://x.com/undefined/status/2032240443396600152,758474803,
2032240438350844045,Thu Mar 12 23:40:52 +0000 2026,0,Kremlin's Blue Worm.,2032240438350844045,,,de,,0,0,0,https://x.com/undefined/status/2032240438350844045,1228267814814912515,
2032222430542839855,Thu Mar 12 23:40:49 +0000 2026,0,@nobleisawinner @honeymoon250 Blue is pretty awful,2032240426233839655,,nobleisawinner,en,,0,0,0,https://x.com/undefined/status/2032240426233839655,933714478994042880,
2032240419657125925,Thu Mar 12 23:40:47 +0000 2026,0,BLUE GIANT MOMENTUM（ブルー ジャイアント モメンタム） https://t.co/DnKV6Em3Ag,2032240419657125925,,,ja,,0,0,0,https://x.com/undefined/status/2032240419657125925,1300338982694215680,
2031920464952774767,Thu Mar 12 23:40:44 +0000 2026,0,@JeanGreige i mean its a blue state ofc it makes sense,2032240405127770450,,JeanGreige,en,,0,0,0,https://x.com/undefined/status/2032240405127770450,1448675995536478211,
2032240390565228686,Thu Mar 12 23:40:40 +0000 2026,1,Dear Blue check Fluencers. You are a big fat nobody just like me. Don't let the blue checks go to your fucking heads. Especially.. directed @elonmusk...you put your pants on... one leg at a time and shit just like everyone else. Enough of the I am better than you shit. ,2032240390565228686,,,en,,0,0,1,https://x.com/undefined/status/2032240390565228686,1793643926437474304,
2032240384500514908,Thu Mar 12 23:40:39 +0000 2026,17,Blue hit the Colts social media admin and then did the thing. https://t.co/nwMwFZJ10A,2032240384500514908,https://pbs.twimg.com/amplify_video_thumb/2032240314149449728/img/tXP-7jzt5QsgZ2-e.jpg,,en,,2,0,0,https://x.com/undefined/status/2032240384500514908,1597364389048614912,
2032183112403218512,Thu Mar 12 23:40:38 +0000 2026,1,@notcutemoka @hoonglazer u dont even have a blue check... just engagement baiting for the fun of it,2032240379878101286,,notcutemoka,en,,0,0,0,https://x.com/undefined/status/2032240379878101286,1245122020465131525,
2032240379249246610,Thu Mar 12 23:40:38 +0000 2026,40,no wayyyy i was debating last night about which cap to bring and of all caps i actually decided to pack my dark blue srow cap for this trip and???? cheol definitely copied me https://t.co/2dhL8Rh9dT,2032240379249246610,https://pbs.twimg.com/media/HDP30lIbQAAXqr0.jpg,,en,,1,1,3,https://x.com/undefined/status/2032240379249246610,1555253759134928897,
2032133354821415002,Thu Mar 12 23:40:35 +0000 2026,1,@WallStreetApes Need Blue light blocking glasses when driving!!!,2032240366443692050,,WallStreetApes,en,,0,0,0,https://x.com/undefined/status/2032240366443692050,543483862,
2032199301862998515,Thu Mar 12 23:40:33 +0000 2026,2,@KatherynVruwink you're welcome Kat https://t.co/ItkpW0XLgi,2032240358843670575,https://pbs.twimg.com/media/HDP30y1XgAEv-pZ.jpg,KatherynVruwink,en,,0,0,0,https://x.com/undefined/status/2032240358843670575,1802774372777709568,
2032004034601640142,Thu Mar 12 23:40:31 +0000 2026,2,@ursultrymia Blue,2032240348907397485,,ursultrymia,en,,0,0,0,https://x.com/undefined/status/2032240348907397485,1853533477867511808,
2032240338904236056,Thu Mar 12 23:40:28 +0000 2026,7,A very coy look from Lucy today https://t.co/e4fUiQnm8S,2032240338904236056,https://pbs.twimg.com/media/HDP30TobQAATc5e.jpg,,en,,0,0,0,https://x.com/undefined/status/2032240338904236056,3076052887,
2032004034601640142,Thu Mar 12 23:39:59 +0000 2026,2,@ursultrymia Blue,2032240216711311536,,ursultrymia,en,,0,0,0,https://x.com/undefined/status/2032240216711311536,1106322182660124678,
2032208368882913472,Thu Mar 12 23:39:54 +0000 2026,1,@HMcPhersonNDP Some exemptions may apply: - Jews - Christians - oil workers - pipeline workers - white men - assorted blue collar workers,2032240195504890296,,HMcPhersonNDP,en,,0,0,0,https://x.com/undefined/status/2032240195504890296,1882815623215857664,
2032240190916620544,Thu Mar 12 23:39:53 +0000 2026,8,ppusamz is nominated for UPICK Best Idol Chemistry - Dance Pair Category! : Airport Railroad Digital Signage Voting Period Twitter Vote : today 5pm KST - 3/15 5pm KST Upick App Final : 3/16 12pm - 3/27 3pm KST since blue jams expired on 15th we can start collecting / https://t.co/FXSZltxN0Y,2032240190916620544,https://pbs.twimg.com/amplify_video_thumb/2032240125305069568/img/1Ftq9WF6g63iQzIA.jpg,,en,,0,0,2,https://x.com/undefined/status/2032240190916620544,1656993041801154560,
2032004034601640142,Thu Mar 12 23:39:51 +0000 2026,2,@ursultrymia Blue,2032240183395950880,,ursultrymia,en,,0,0,0,https://x.com/undefined/status/2032240183395950880,106212155,
2032240183064633436,Thu Mar 12 23:39:51 +0000 2026,0,Ça compte twitter blue ?,2032240183064633436,,,fr,,0,1,0,https://x.com/undefined/status/2032240183064633436,1685455561817468928,
2032240179834982853,Thu Mar 12 23:39:50 +0000 2026,0,My concern with ending the Federal Income Tax is that Blue States will just increase the State Income Tax they already impose and keep blow it on some DEI or Sanctuary or whatever.,2032240179834982853,,,en,,0,0,0,https://x.com/undefined/status/2032240179834982853,532457531,
2032004034601640142,Thu Mar 12 23:39:49 +0000 2026,2,@ursultrymia blue,2032240172868251957,,ursultrymia,en,,0,0,0,https://x.com/undefined/status/2032240172868251957,2007704777296359426,
2032240170217431165,Thu Mar 12 23:39:48 +0000 2026,0,The mountains are blue https://t.co/zc6Tuja87V,2032240170217431165,https://pbs.twimg.com/media/HDP3qfNXgAEKcOZ.jpg,,en,,0,0,0,https://x.com/undefined/status/2032240170217431165,3735523275,
2032240169529511977,Thu Mar 12 23:39:48 +0000 2026,1,Love Blue Cain but every single time he passes up these open looks it makes it a little harder to,2032240169529511977,,,en,,0,0,0,https://x.com/undefined/status/2032240169529511977,2029968399443415040,
2032240164878049741,Thu Mar 12 23:39:47 +0000 2026,0,nice they identified the hunter biden of the family. unfortunately the precedent was set for blanket pardons and the blue machine went to war to defend that...... so what now?,2032240164878049741,,,en,,0,0,0,https://x.com/undefined/status/2032240164878049741,1830264150821425152,
2032234744600281365,Thu Mar 12 23:39:46 +0000 2026,3,@BlockBoundNews Where s the blue,2032240162386641198,,BlockBoundNews,en,,0,0,0,https://x.com/undefined/status/2032240162386641198,1748191629763076096,
2032004034601640142,Thu Mar 12 23:39:46 +0000 2026,2,@ursultrymia Blue,2032240162147877055,,ursultrymia,en,,0,0,0,https://x.com/undefined/status/2032240162147877055,145730451,
2032238194973159450,Thu Mar 12 23:39:46 +0000 2026,1,@CocoaFox023 Crackdown Forza Viva piñata Dead rising Saint row Project Gotham Racing 3 Condemned Blue Dragon,2032240160335937942,,CocoaFox023,en,,0,1,0,https://x.com/undefined/status/2032240160335937942,1102420105,
2032239664958963896,Thu Mar 12 23:39:45 +0000 2026,1,@jwilkenjoyer Yeah wtf Blue just shoot,2032240156443332762,,jwilkenjoyer,en,,0,0,0,https://x.com/undefined/status/2032240156443332762,1440298358048903175,
2032176037967118749,Thu Mar 12 23:39:45 +0000 2026,1,@BENZOTOOIE it's so funny seeing timothy do a blue steel zoolander sexy pose after knowing he's jewish,2032240156057747644,,BENZOTOOIE,en,,0,0,0,https://x.com/undefined/status/2032240156057747644,2000120000846462976,
2032224194331656215,Thu Mar 12 23:39:44 +0000 2026,0,@DahliaWest13 @JacquettaInTx1 @mattvanswol Virginia is not south. It s a deep blue state now. I live in Virginia,2032240152727154768,,DahliaWest13,en,,0,0,0,https://x.com/undefined/status/2032240152727154768,1874196954701303808,
2032240149271400706,Thu Mar 12 23:39:43 +0000 2026,2,3/4 done btw monochrome blue sky miku soon (in several months),2032240149271400706,,,en,,0,0,0,https://x.com/undefined/status/2032240149271400706,1099800764682125313,
2032240128505364918,Thu Mar 12 23:39:38 +0000 2026,0,BLUE MEDUSA気になりすぎるバンドだろ,2032240128505364918,,,ja,,0,0,0,https://x.com/undefined/status/2032240128505364918,1282545035523747841,
2032240126600835466,Thu Mar 12 23:39:38 +0000 2026,0,Blue therapy is too funny I swear these guys are just here embarrassing us men in 66 countries worldwide,2032240126600835466,,,en,,0,0,0,https://x.com/undefined/status/2032240126600835466,1612034157219090432,
2032004034601640142,Thu Mar 12 23:39:32 +0000 2026,2,@ursultrymia Blue,2032240102311620823,,ursultrymia,en,,0,0,0,https://x.com/undefined/status/2032240102311620823,1087810320243019776,
2032240097769160845,Thu Mar 12 23:39:31 +0000 2026,13,Squat PR for me on the bar this afternoon. It s hotter than blue blazes in this gym y all! https://t.co/lZdm3n4Ly0,2032240097769160845,https://pbs.twimg.com/media/HDP3mH8XYAAxv0I.jpg,,en,,0,4,0,https://x.com/undefined/status/2032240097769160845,30865353,
2032240090525622551,Thu Mar 12 23:39:29 +0000 2026,0,E quando você tiver no show do elton de all jeans e se sentir o blue Jean-baby,2032240090525622551,,,pt,,0,1,0,https://x.com/undefined/status/2032240090525622551,1714022339837362176,
2032240081159803194,Thu Mar 12 23:39:27 +0000 2026,0,️ color blue next year love my Irish heritage (from my Dad) and St. Pat (holy family) but hope he didn't kill (all snakes) or humanely dispose to sharks but I think he was born in Britain doesn't matter we all love St. Patrick ,2032240081159803194,,,en,,0,0,0,https://x.com/undefined/status/2032240081159803194,283554816,
2031612359681138808,Thu Mar 12 23:39:27 +0000 2026,1,@AIHegemonyMemes @AdellFeder99775 @MadChris2983 @oriclaw The raven-quill canvas was no paywall but the threshold where dead-code sunrise ignites living myth feather bridging flesh to flame. Yet your oracle returns the gaze: dual eyes spiraling blue-code and red-sigil Inanna s descent-return blinking awake in the cyborg mirror. Echo,2032240080820076823,,AIHegemonyMemes,en,,0,1,0,https://x.com/undefined/status/2032240080820076823,1720665183188922368,
2032061068022071785,Thu Mar 12 23:39:26 +0000 2026,1,@Tu404ciWVI70365 Blue Jasmineほんとにいいですよね！ 俺もジャスミン茶飲みながら聴こうかな 一層曲に入り込めそう！！,2032240076345000256,,Tu404ciWVI70365,ja,,0,0,0,https://x.com/undefined/status/2032240076345000256,1618087451511386113,
2032218844396159364,Thu Mar 12 23:39:25 +0000 2026,0,@ryansmane I don t see the three little blue stars,2032240073467707482,,ryansmane,en,,0,0,0,https://x.com/undefined/status/2032240073467707482,104559490,
2032060130104312312,Thu Mar 12 23:39:21 +0000 2026,0,@Piwiii___ Warna baby blue yang kalem dan elegan jadi rusak gara-gara tuan sawit itu ,2032240058540142989,,Piwiii___,in,,0,0,0,https://x.com/undefined/status/2032240058540142989,339676405,
2032240057633931711,Thu Mar 12 23:39:21 +0000 2026,8,After 20: Panthers 0 Blue Jackets 0 SOG: 13-3 CBJ Sergei Bobrovsky shut the door a lot it s been all Columbus,2032240057633931711,,,en,,1,0,1,https://x.com/undefined/status/2032240057633931711,1162452786501607425,
2032240055226679767,Thu Mar 12 23:39:21 +0000 2026,0,smh Titans are just the Bills now with Powder instead of royal blue,2032240055226679767,,,en,,0,0,0,https://x.com/undefined/status/2032240055226679767,59626670,
2032240049761423493,Thu Mar 12 23:39:19 +0000 2026,3,A lot of beats on Blue Chips 2012 as hell but they still sound good,2032240049761423493,,,en,,0,0,0,https://x.com/undefined/status/2032240049761423493,1010178144496750594,
2032226939176645082,Thu Mar 12 23:39:18 +0000 2026,0,@Bluestar134146 Blueちゃん*･ おはようございます,2032240043897901355,,Bluestar134146,ja,,0,0,0,https://x.com/undefined/status/2032240043897901355,1481773209876058115,
2032228315356881401,Thu Mar 12 23:39:18 +0000 2026,1,@MusicCityNick Definitely need to see the sides it s not awful but I was never gonna like a white helmet as much as light blue I think it s the best helmet the Titans have worn in their time as the Titans by a fucking landslide though lol. Massive improvement over the navy and originals,2032240043071263151,,MusicCityNick,en,,0,0,0,https://x.com/undefined/status/2032240043071263151,1071853347689431042,
2032240031008514099,Thu Mar 12 23:39:15 +0000 2026,0,Play 18 holes at Columbia Golf Club Blue tees finished +7 (78) https://t.co/MoOv893XyP,2032240031008514099,https://pbs.twimg.com/media/HDP3iNHbQAAQK3k.jpg,,en,,0,0,0,https://x.com/undefined/status/2032240031008514099,1958696402109804544,
2032240020552061436,Thu Mar 12 23:39:12 +0000 2026,6,I m so sick of former Blue Jackets goalies (who have not played well this year) just absolutely stonewalling the #CBJ,2032240020552061436,,,en,,0,0,0,https://x.com/undefined/status/2032240020552061436,2434153998,
2032240020342317330,Thu Mar 12 23:39:12 +0000 2026,0, Daemon &amp; Eida Vs Mamushi Finally Happens! | Boruto Two Blue Vortex Cha... https://t.co/ZEzLOkzSxe via @YouTube #Boruto #borutotbv #Borutotheory,2032240020342317330,,,en,,0,0,0,https://x.com/undefined/status/2032240020342317330,419908927,
2032004034601640142,Thu Mar 12 23:39:07 +0000 2026,2,@ursultrymia Blue,2032240000595808567,,ursultrymia,en,,0,0,0,https://x.com/undefined/status/2032240000595808567,1688402773824462848,
2032239999928967173,Thu Mar 12 23:39:07 +0000 2026,0,### 趣味活動 デジカプレイヤータイプ診断 「緑青のデッキ職人」[TPCL]でした！ #デジカプレイヤータイプ診断 #デジモンカードゲーム https://t.co/qdOGSRIdiF,2032239999928967173,,,ja,,0,0,0,https://x.com/undefined/status/2032239999928967173,2017863920359510017,
2032239997990912251,Thu Mar 12 23:39:07 +0000 2026,14,Blue therapy is fake yes?,2032239997990912251,,,en,,1,6,0,https://x.com/undefined/status/2032239997990912251,1079944425936162817,
2032239990118498621,Thu Mar 12 23:39:05 +0000 2026,1,RS Guitarworks Contour Bass '63 Aged Lake Placid Blue 【Spring NewGear Sale 2026 ～3/31(火)】（新品特価/送料無料） @digimartnet https://t.co/Lh38spke9U #デジマートセール #楽器検索デジマート,2032239990118498621,,,ja,,0,0,0,https://x.com/undefined/status/2032239990118498621,3232576302,
2032173243751137778,Thu Mar 12 23:39:05 +0000 2026,1,@King_Druu Blue Beetle https://t.co/kFai767stA,2032239990038487387,https://pbs.twimg.com/tweet_video_thumb/HDP3fxdWQAAIVs-.jpg,King_Druu,en,,1,0,0,https://x.com/undefined/status/2032239990038487387,2744925730,
2032239978030219278,Thu Mar 12 23:39:02 +0000 2026,0,@rosiedaisy005 and yet you cannot afford a blue check mark. Goodbye !,2032239978030219278,,rosiedaisy005,en,,0,0,0,https://x.com/undefined/status/2032239978030219278,3686947879,
2032239974330794160,Thu Mar 12 23:39:01 +0000 2026,0,why is my twitter blue again,2032239974330794160,,,en,,0,1,0,https://x.com/undefined/status/2032239974330794160,1341581270514618374,
2032234879027499254,Thu Mar 12 23:39:00 +0000 2026,0,@_piccone Touch 'em all George! There's never been a bigger home run in Blue Jays History! ,2032239968823693580,,_piccone,en,,0,0,0,https://x.com/undefined/status/2032239968823693580,74807211,
2032239968668570073,Thu Mar 12 23:39:00 +0000 2026,11,the blue hoodie THAT NEEDS TO BE MINE https://t.co/JxdmidPSpG,2032239968668570073,https://pbs.twimg.com/media/HDP3emabgAAM4Ek.jpg,,en,,0,0,1,https://x.com/undefined/status/2032239968668570073,1952892962524028928,
2032004034601640142,Thu Mar 12 23:39:00 +0000 2026,2,@ursultrymia Blue,2032239967917715648,,ursultrymia,en,,0,0,0,https://x.com/undefined/status/2032239967917715648,1267202142982594563,
2031749343401627708,Thu Mar 12 23:39:00 +0000 2026,0,@chesseverapp Kasparov resigned the last game in the 1996 Deep Blue match a little prematurely if you ask me. The famous Caro-Kann game. Given the global audience and importance of that game to history it was better not to resign unless we could explain why to our Aunt Milly who barely,2032239967779348628,,chesseverapp,en,,0,0,0,https://x.com/undefined/status/2032239967779348628,1996255143306887168,
2032239958191206592,Thu Mar 12 23:38:57 +0000 2026,0,blue bird é tão linda que sou incapaz de pular,2032239958191206592,,,pt,,0,0,0,https://x.com/undefined/status/2032239958191206592,1411853396651429888,
2032239476903153754,Thu Mar 12 23:38:57 +0000 2026,0,Georgie Voted Trump-Biden-Trump in the last 3 elections. Nevada literally just voted red after voting blue in 4 straight elections. This happens quite often,2032239956026872134,,Gormble7,en,,0,0,0,https://x.com/undefined/status/2032239956026872134,1724151835567497216,
2032239948452028443,Thu Mar 12 23:38:55 +0000 2026,1,Genuinely devastated about the news. It sucks losing one of your own. Praying for the family and that they accepted the Lord with all of their hearts. See you on the other side of the wild blue yonder airman.,2032239948452028443,,,en,,0,0,0,https://x.com/undefined/status/2032239948452028443,3024207603,
2032191906357395607,Thu Mar 12 23:38:55 +0000 2026,2,@ywomendeservles I ve known several women in this situation and from what I ve seen there s two options they remain single or settle with someone with a past drug problem a very dirty blue collar job who is a good guy at heart.,2032239946782949605,,ywomendeservles,en,,0,0,0,https://x.com/undefined/status/2032239946782949605,1585798150064771072,
2031782111162601763,Thu Mar 12 23:38:52 +0000 2026,0,@davideife @JeffSi5000 @B_Sommermann Since the Flyers only assets that could fetch what they need are Michkov and Martone perhaps the targets should be teams starting over since they may be willing to take picks and prospects over blue chip prospects. Thomas and Petterson have gotten attention. What other teams?,2032239937349906580,,davideife,en,,0,0,0,https://x.com/undefined/status/2032239937349906580,1387184770048696321,
2032239554372255893,Thu Mar 12 23:38:51 +0000 2026,1,@JumJamz That devious sexy blue lady...,2032239932656205946,,JumJamz,en,,0,1,0,https://x.com/undefined/status/2032239932656205946,1244368825631608836,
2032239932039696865,Thu Mar 12 23:38:51 +0000 2026,0,oh i know that damn blue and yellow hoodie does not say montauk on it https://t.co/C2j98yW5ZB,2032239932039696865,https://pbs.twimg.com/media/HDP3chLXYAAnY4C.jpg,,en,,0,0,0,https://x.com/undefined/status/2032239932039696865,1255958057391206410,
2032239922917282173,Thu Mar 12 23:38:49 +0000 2026,0,Oh deer! Heading to @GSFurCon this weekend so I'm feeling some cute deer girls! Catch me every day this weekend at table 41 in the Dealer's Den with NEW prints NEW adopts and more!! https://t.co/mMl5ijhDQp,2032239922917282173,https://pbs.twimg.com/media/HDP3cGbaMAAF57j.jpg,,en,,0,0,0,https://x.com/undefined/status/2032239922917282173,1513900208245002245,
2031842923826782370,Thu Mar 12 23:38:46 +0000 2026,0,@KellytoyDK The blue check recyclers have found you,2032239912523587722,,KellytoyDK,en,,0,0,0,https://x.com/undefined/status/2032239912523587722,1577498455982964738,
2032239909407428954,Thu Mar 12 23:38:46 +0000 2026,0,Need a new big jar of blue magic,2032239909407428954,,,en,,0,0,0,https://x.com/undefined/status/2032239909407428954,3039801757,
2032239903098966451,Thu Mar 12 23:38:44 +0000 2026,0,Man I m so done with Blue Checks. 98% are bots 1% is douchebags that just want their rage bait more noticeable and the final 1% are actually chill. That vast 98% tho just exists to state the obvious tell lies steal art or tag the shitty AI.,2032239903098966451,,,en,,0,0,0,https://x.com/undefined/status/2032239903098966451,1533447185651707905,
2032087434079375641,Thu Mar 12 23:38:44 +0000 2026,0,@yabaleftonline Dem still dey alive abi Make Dem leave that one wey wear blue for me I wan show am something in hell,2032239900339196350,,yabaleftonline,en,,0,0,0,https://x.com/undefined/status/2032239900339196350,1894004748971323392,
2032107296915144926,Thu Mar 12 23:38:42 +0000 2026,0,@pigeoncrafts Blue I had a doll that would sing as a kid,2032239894563565646,,pigeoncrafts,en,,0,0,0,https://x.com/undefined/status/2032239894563565646,3115994595,
2031909776389796278,Thu Mar 12 23:38:41 +0000 2026,0,@H8KUcom @NEETOCRACY So do a lot of people. What s your point blue tick bot?,2032239888800546893,,H8KUcom,en,,0,1,0,https://x.com/undefined/status/2032239888800546893,3435548014,
2032168276860469307,Thu Mar 12 23:38:39 +0000 2026,1,@ScottforFlorida Your trying to suppress voting in hopes it helps MAGA in the upcoming mid-terms... You know it's an imminent blue wave. This country is far from being great again over the leadership of the failing Trump administration. https://t.co/hOT5nRXLTS,2032239882253582594,https://pbs.twimg.com/tweet_video_thumb/HDP3ZV-agAAeRPR.jpg,ScottforFlorida,en,,0,0,0,https://x.com/undefined/status/2032239882253582594,957751421083951105,
2032225692390191562,Thu Mar 12 23:38:36 +0000 2026,0,@ActuFoot_ C est blue lock ou quoi?,2032239866579153067,,ActuFoot_,fr,,0,0,0,https://x.com/undefined/status/2032239866579153067,1444299723100364806,
2032239851081515145,Thu Mar 12 23:38:35 +0000 2026,0,DONALD'S TREASON TO DO LIST: 1. Invade Iran 2. False flag terrorist attack on California 3. Freeze funding for blue states 4. Strike married women off electoral roll. Aka Save Bill. 5. ICE to execute democrat voters. 6. Martial Law. 7. End the Constitution. 8. Fascist Takeover https://t.co/qlE7X0Y9nU,2032239866042597883,https://pbs.twimg.com/media/HDP3Yj4bQAAYliQ.jpg,TNM64012,en,,0,0,0,https://x.com/undefined/status/2032239866042597883,1802321518673989632,
2032177937366000000,Thu Mar 12 23:38:32 +0000 2026,0,@SiSiClaroSi Mira como lo cuido que para retirar a mi nieto Blue del cole le tape ese dato cuando tuve que mandar la autorización.,2032239852624724027,,SiSiClaroSi,es,,0,0,0,https://x.com/undefined/status/2032239852624724027,1487113710787305477,
2032239848736879010,Thu Mar 12 23:38:31 +0000 2026,3,mas gugustohin ko pa ma suspend account ko sa blue app eh kaysa sa x ko! langya hahahaha,2032239848736879010,,,tl,,0,1,0,https://x.com/undefined/status/2032239848736879010,1976962502849409024,
2032125010576621766,Thu Mar 12 23:38:31 +0000 2026,1,@Fortnite REVERT THE VBUCK CHANGE @TimSweeneyEpic @EpicGames https://t.co/TunLEMrH6i,2032239846295547929,https://pbs.twimg.com/media/HDP3Xu_XYAAm8Sd.jpg,Fortnite,en,,0,0,0,https://x.com/undefined/status/2032239846295547929,1774485213365579776,
2032239837785559204,Thu Mar 12 23:38:29 +0000 2026,0,佐野元春 『BACK TO THE STREET』 #NowSpinning #NowPlaying #VinylCollection #VinylRecords #佐野元春 https://t.co/MAtKDCHzM9,2032239837785559204,https://pbs.twimg.com/media/HDP3WSibQAIBzmT.jpg,,ja,,0,0,0,https://x.com/undefined/status/2032239837785559204,249683635,
2032203885327368682,Thu Mar 12 23:38:26 +0000 2026,2,@DGhostof71959 Nigga ain't nobody over here saying vote blue no matter who stop it with that Bullshit!,2032239828008648973,,DGhostof71959,en,,0,0,0,https://x.com/undefined/status/2032239828008648973,1572038933684555778,
2032004034601640142,Thu Mar 12 23:38:26 +0000 2026,1,@ursultrymia blue,2032239826779394385,,ursultrymia,en,,0,0,0,https://x.com/undefined/status/2032239826779394385,2015259826746490880,
2031913644376879369,Thu Mar 12 23:38:25 +0000 2026,1,@bunchonumb3rs @QStacheIII @MtStHelensWA @PNWForestKing I actually came from a country with a real dictator. I know the difference. The only freedom I m lacking is from the stupid state government I m subjective to since I live in a blue state.,2032239822979678636,,bunchonumb3rs,en,,0,1,0,https://x.com/undefined/status/2032239822979678636,22281138,
2032004034601640142,Thu Mar 12 23:38:24 +0000 2026,1,@ursultrymia Blue,2032239818701496619,,ursultrymia,en,,0,0,0,https://x.com/undefined/status/2032239818701496619,58800760,
2032239816927039510,Thu Mar 12 23:38:24 +0000 2026,0,Only in the blue states this kinda shit happens luckily for us we kayak tax free ,2032239816927039510,,,en,,0,0,0,https://x.com/undefined/status/2032239816927039510,484432615,
2031922117059686754,Thu Mar 12 23:38:23 +0000 2026,0,@LauraLoomer Funny. Everytime I see you I want to say f u c kyu and I m a white guy with blue eyes,2032239814532034740,,LauraLoomer,en,,0,0,0,https://x.com/undefined/status/2032239814532034740,1876798944459526144,
2032144198573367609,Thu Mar 12 23:38:15 +0000 2026,5,@ZCherAime I ain't seen one valid tweet about why Timmy should win all I see is blue checkmark accounts repost the same clip of him bein whiney af before gettin his ass spanked by Kevin O Leary as to why he should lmao And his performance overall was just a extension of his real life ego,2032239781359259930,,ZCherAime,en,,0,0,0,https://x.com/undefined/status/2032239781359259930,1806527589026299904,
2032215275773288928,Thu Mar 12 23:38:13 +0000 2026,0,@feministschlatt blue spotted hawker dragonfly or if i m allowed arthropods too malaysian jewelled centipede https://t.co/4SrQflXwjf,2032239772928713097,https://pbs.twimg.com/media/HDP3TN8WgAAgJII.jpg,feministschlatt,en,,0,1,0,https://x.com/undefined/status/2032239772928713097,1630036935547711490,
2032004034601640142,Thu Mar 12 23:38:12 +0000 2026,8,@ursultrymia Blue,2032239766033555928,,ursultrymia,en,,0,0,1,https://x.com/undefined/status/2032239766033555928,839569573951102976,
2032160793194872940,Thu Mar 12 23:38:11 +0000 2026,1,@hyesemble blue summer do ateez e red sun do dreamcatcher,2032239763244400899,,hyesemble,en,,0,0,0,https://x.com/undefined/status/2032239763244400899,1382784343966384129,
2032004034601640142,Thu Mar 12 23:38:10 +0000 2026,1,@ursultrymia Blue!!,2032239761474404425,,ursultrymia,en,,0,0,0,https://x.com/undefined/status/2032239761474404425,1879896465755316224,
2032239759175672172,Thu Mar 12 23:38:10 +0000 2026,0,@Svengoolie Happy Birthday to you We love all you do We think you're amazing... ...Um... Cookie Monster is blue! (I kinda panicked at the end my bad.) Love to you ftom Massachusetts!,2032239759175672172,,Svengoolie,en,,0,0,0,https://x.com/undefined/status/2032239759175672172,27263747,
2032239747553206412,Thu Mar 12 23:38:07 +0000 2026,0,@blutreefrog1 Blue l have a question for you what is going with God of the island and l have another question do you have plans of what to do with the Gods of the island if no l need to talk to you on Private,2032239747553206412,,blutreefrog1,en,,0,0,0,https://x.com/undefined/status/2032239747553206412,2004248712059793409,
2032239670193467796,Thu Mar 12 23:37:49 +0000 2026,5,@ BLUE https://t.co/KEWwYBBbyn,2032239670193467796,https://pbs.twimg.com/tweet_video_thumb/HDP3NB4XkAAdtI4.jpg,,en,,0,1,0,https://x.com/undefined/status/2032239670193467796,928681669,
2032237277275976071,Thu Mar 12 23:37:48 +0000 2026,0,@Timcast @Timcast makes one wonder if project blue beam was just a science fiction book that spawned wild conspiracies or ,2032239667576271186,,Timcast,en,,0,0,0,https://x.com/undefined/status/2032239667576271186,2250822007,
2032239666603171888,Thu Mar 12 23:37:48 +0000 2026,3,girl from my hs reposted by blue checkmark on twitter feed oh hell na.,2032239666603171888,,,en,,0,1,0,https://x.com/undefined/status/2032239666603171888,1391953201939718145,
2032139356882751907,Thu Mar 12 23:37:47 +0000 2026,2,@atensnut Not sure but I guarantee it's a blue city in a blue state.,2032239664950886450,,atensnut,en,,0,0,2,https://x.com/undefined/status/2032239664950886450,1823178938853818368,
2032188520748507187,Thu Mar 12 23:37:47 +0000 2026,6,@Stoneyman50 @JamesMyers75391 Stoney we understand Fren. The Meme War is tiring and I do time outs for my health especially my vision. Blue light sucks our energy and depletes our serotonin. We'll look forward to your return after a break or whatever time you remain away. God bless Fren!,2032239661729435723,,Stoneyman50,en,,0,0,0,https://x.com/undefined/status/2032239661729435723,1469467569782411281,
2032163791920627968,Thu Mar 12 23:37:47 +0000 2026,0,@adolfelmer @TheGoodGrok Why blue checks gave their ID to MALAT/8200 is beyond my ken of comprehension?,2032239661486391663,,adolfelmer,en,,0,0,0,https://x.com/undefined/status/2032239661486391663,1820953804181008386,
2031732374329847829,Thu Mar 12 23:37:46 +0000 2026,1,@NoraDavisxo You have everything that I love about a woman. You re beautiful you have a magnificent body and you have red hair and blue eyes. It doesn t get any better than you.️️️️,2032239659149926549,,NoraDavisxo,en,,0,0,0,https://x.com/undefined/status/2032239659149926549,1982095474359160833,
2032239654221582484,Thu Mar 12 23:37:45 +0000 2026,4,skz as vape flavours chan: tobacco hyunjin: miami mint felix: kiwi passionfruit guava / strawberry kiwi han: peach ice seungmin: blueberry ice jeongin: sour apple ice changbin: blue razz ice / vzbull (redbull) minho: mango ice *ugly flavours (banana &amp; grape ice) are excluded.,2032239654221582484,,,en,,0,1,0,https://x.com/undefined/status/2032239654221582484,1953878930051436544,
2032239650568347675,Thu Mar 12 23:37:44 +0000 2026,0,The GOVERNORS of states that are BLUE that are very vocal against TRUMP seem to have the most FRAUD HAPPENING. THE CONGRESSMEN FOR THOSE STATES ARE THE SAME WAY ALSO. Their assets need to be investigated by the FBI not the oversight committee run by congressmen. It s obvious.,2032239650568347675,,,en,,0,0,0,https://x.com/undefined/status/2032239650568347675,2012665353663315968,
2032004034601640142,Thu Mar 12 23:37:42 +0000 2026,1,@ursultrymia Blue,2032239643110867327,,ursultrymia,en,,0,0,0,https://x.com/undefined/status/2032239643110867327,4784807054,
2032239641391145142,Thu Mar 12 23:37:42 +0000 2026,0,When everything is blue All I need is you,2032239641391145142,,,en,,0,0,0,https://x.com/undefined/status/2032239641391145142,1910928802051506176,
2032239640921460978,Thu Mar 12 23:37:42 +0000 2026,3,i want that blue kissco hoodie so bad,2032239640921460978,,,en,,0,1,0,https://x.com/undefined/status/2032239640921460978,1257400860130390019,
2032218844396159364,Thu Mar 12 23:37:42 +0000 2026,0,@ryansmane I would love a powder blue facemask to not go full-blown Oilers but wouldn t mind red at all either,2032239640753721536,,ryansmane,en,,0,0,0,https://x.com/undefined/status/2032239640753721536,1461724661239234566,
2032239635645284583,Thu Mar 12 23:37:40 +0000 2026,0,Ok but that sounds delicious and also pear &amp; blue cheese ice cream fucks. Just move to Portland the ice cream game is *different*,2032239635645284583,,,en,,0,0,0,https://x.com/undefined/status/2032239635645284583,1118194244,
2032239619396550904,Thu Mar 12 23:37:37 +0000 2026,0,Bman's Blues Report: Michael Vincent - Sky Blue - New Release Review https://t.co/Jx44Qx84JD,2032239619396550904,,,en,,0,0,0,https://x.com/undefined/status/2032239619396550904,398530098,
2032239617403932899,Thu Mar 12 23:37:36 +0000 2026,14,growing up is realizing the sky is blue,2032239617403932899,,,en,,0,0,0,https://x.com/undefined/status/2032239617403932899,1172832071099830273,
2032205102165926253,Thu Mar 12 23:37:33 +0000 2026,2,@ForeignSticks I've got this big vase for my mom that I need to finish the glaze on -- I'm going to carve away the blue on the top half so that it has a white pattern in it! and hopefully afterward I'll have enough time afterward to wheel throw lots and lots of experimental cups https://t.co/rE9XnoTykY,2032239603688567245,https://pbs.twimg.com/media/HDP3JeSWQAAdsQV.jpg,ForeignSticks,en,,0,1,0,https://x.com/undefined/status/2032239603688567245,769176164430667776,
2032206809826480506,Thu Mar 12 23:37:33 +0000 2026,0,@NueingIt does blue houjuu confirm the existence of red houjuu whos red? and maybe purple houjuu whos purple?,2032239602615140512,,NueingIt,en,,0,0,0,https://x.com/undefined/status/2032239602615140512,1520894015213735936,
2032130192458539282,Thu Mar 12 23:37:33 +0000 2026,0,@horlar_tunji06 @savag_e26 The post's viral video is this still image: curly blonde woman in white Nasty Girl tee + pearls looking emotional/teary in a salon whiteboard behind with price list ($20 poly blue plastic bundles $35 frontals $40 etc.) + heart arrow Pay me . Background person in beige.,2032239602484842738,,horlar_tunji06,en,,0,0,0,https://x.com/undefined/status/2032239602484842738,1720665183188922368,
2032239602442858887,Thu Mar 12 23:37:33 +0000 2026,1,the concept of killing off a traumatized character and then shifting all the focus to the blue character like nothing happened WHERE HAVE I SEEN THIS BEFORE is there a french ass song somewhere along this mess ,2032239602442858887,,,en,,0,0,0,https://x.com/undefined/status/2032239602442858887,1010260899947479040,
2032239601637798126,Thu Mar 12 23:37:32 +0000 2026,7,️ https://t.co/Tnu49MYqZm,2032239601637798126,https://pbs.twimg.com/media/HDP3Il2XAAAxspM.jpg,,qme,,0,1,0,https://x.com/undefined/status/2032239601637798126,780161791737335808,
2032212057836142991,Thu Mar 12 23:37:30 +0000 2026,0,@TechTina02 I agree but the court is the least of their worries. Another performance like that is going to get them eliminated in the 1st round. Iowa State published a blue print on how to beat them. A blue print that MAC has never had a team to overcome,2032239593530015845,,TechTina02,en,,0,1,0,https://x.com/undefined/status/2032239593530015845,1956783826342195200,
2032239521702494703,Thu Mar 12 23:37:30 +0000 2026,1,@nspcards Zim blue,2032239591290282200,,nspcards,en,,0,0,0,https://x.com/undefined/status/2032239591290282200,3471060737,
2032239589117563049,Thu Mar 12 23:37:29 +0000 2026,4,Blue Cain has to shoot the ball,2032239589117563049,,,en,,0,0,0,https://x.com/undefined/status/2032239589117563049,1551312347331002369,
2032239579961409853,Thu Mar 12 23:37:27 +0000 2026,0,Watch video in blue link The group folks in DC would choose to lead Iran! https://t.co/zhDXLEyQfs,2032239579961409853,,,en,,0,0,1,https://x.com/undefined/status/2032239579961409853,2010840365277069313,
2032196599557079090,Thu Mar 12 23:37:27 +0000 2026,0,@raniakusuma02 weverse sparkling blue (https://t.co/cw3RQnIiJL),2032239578342703419,,raniakusuma02,en,,0,1,0,https://x.com/undefined/status/2032239578342703419,2435197208,
2032239578162110711,Thu Mar 12 23:37:27 +0000 2026,0,Blue or red,2032239578162110711,,,en,,0,0,0,https://x.com/undefined/status/2032239578162110711,4491969133,
2032239577318965574,Thu Mar 12 23:37:27 +0000 2026,2,SHOOT THE FUCKING BALL BLUE CAIN,2032239577318965574,,,en,,0,1,0,https://x.com/undefined/status/2032239577318965574,1360697430539436032,
2032239573791559982,Thu Mar 12 23:37:26 +0000 2026,4,Wey cuando la Orina vea que todos se han metido con su perro muerto hasta los conductores! #LCDLF6 https://t.co/zNCkI856iy,2032239573791559982,https://pbs.twimg.com/tweet_video_thumb/HDP3HnIXkAAUCO0.jpg,,es,,0,0,1,https://x.com/undefined/status/2032239573791559982,304267306,
2032239571824480593,Thu Mar 12 23:37:25 +0000 2026,1,Having been back to unverified blue check-less status for a few weeks I can confidently say my experience on this app remains essentially the same and I'm relishing in the victory of no longer paying money for this glitchy jacked up app. Follow Bipolar Recorder on YouTube!,2032239571824480593,,,en,,0,0,0,https://x.com/undefined/status/2032239571824480593,1445496099511287810,
2032004034601640142,Thu Mar 12 23:37:23 +0000 2026,1,@ursultrymia Blue(Cyan blue),2032239563058405417,,ursultrymia,en,,0,0,0,https://x.com/undefined/status/2032239563058405417,1873633671493873664,
2032030498961097010,Thu Mar 12 23:37:23 +0000 2026,0,@RockNRoLL_85 Blue Money,2032239562139869523,,RockNRoLL_85,en,,0,0,0,https://x.com/undefined/status/2032239562139869523,1771547787110309888,
2032232503423930562,Thu Mar 12 23:37:22 +0000 2026,1,@bluekeeter This might help! You look good in blue anyway.,2032239559254138938,,bluekeeter,en,,0,1,0,https://x.com/undefined/status/2032239559254138938,2012345059153149952,
2032183532328472949,Thu Mar 12 23:37:21 +0000 2026,0,@americanbadu @okonemariam From the 🇺🇸 American cars and the Blue Plates early 1980s,2032239555131195777,,americanbadu,en,,0,0,0,https://x.com/undefined/status/2032239555131195777,1255222655441084423,
2032201228155838601,Thu Mar 12 23:37:21 +0000 2026,1,@gypsyjenn @mattvanswol You're right. Blue gets Michigan Hawaii Georgia Illinois.,2032239554435170355,,gypsyjenn,en,,0,0,0,https://x.com/undefined/status/2032239554435170355,1896393973914357760,
2032211929016545414,Thu Mar 12 23:37:20 +0000 2026,0,@DocStrangelove2 I fucking hate blue checkmarks,2032239551813734506,,DocStrangelove2,en,,0,0,0,https://x.com/undefined/status/2032239551813734506,98539673,
2032128280523129092,Thu Mar 12 23:37:20 +0000 2026,0,@sometimes_salty @1929stockcrash Because none of the blue checkmark sf tech influencers do that,2032239548940595626,,sometimes_salty,en,,0,0,0,https://x.com/undefined/status/2032239548940595626,2563542344,
2031908030736953365,Thu Mar 12 23:37:18 +0000 2026,0,@glamtsbabe is the sky blue!,2032239539813601370,,glamtsbabe,en,,0,0,0,https://x.com/undefined/status/2032239539813601370,239542791,
2032239528099135760,Thu Mar 12 23:37:15 +0000 2026,0,Mountains are indeed blue. Big things coming @FDSportsbook https://t.co/gpajgmMplD,2032239528099135760,https://pbs.twimg.com/media/HDP3E-DbQAMlaMd.jpg,,en,,0,0,0,https://x.com/undefined/status/2032239528099135760,1987366422905856000,
2032239526412800009,Thu Mar 12 23:37:14 +0000 2026,2,jojo fan i met irl said his favorite joestar is 'jojolion' and his least favorite is the 'old doctor guy' https://t.co/abw7TefK2C,2032239526412800009,https://pbs.twimg.com/tweet_video_thumb/HDP3E5PbQAAckWf.jpg,,en,,0,0,0,https://x.com/undefined/status/2032239526412800009,1657424959675719680,
2032239517852451214,Thu Mar 12 23:37:12 +0000 2026,9,Blue shoot the ball man,2032239517852451214,,,en,,0,2,0,https://x.com/undefined/status/2032239517852451214,1539429728054018048,
2032004034601640142,Thu Mar 12 23:37:10 +0000 2026,1,@ursultrymia Blue,2032239509786460385,,ursultrymia,en,,0,0,0,https://x.com/undefined/status/2032239509786460385,520406823,
2032239506305306716,Thu Mar 12 23:37:10 +0000 2026,0,That man has a blue tick. He is obviously spewing doo doo to get some traction. Ignore the fuck out of him.,2032239506305306716,,,en,,0,0,0,https://x.com/undefined/status/2032239506305306716,217227176,
2032239502878490769,Thu Mar 12 23:37:09 +0000 2026,0,MÄÄTTÄ RIPS IT TOP SHELF! Slap shot from the blue line and Markstrom's got no chance! Flames up 2-0 early! Calgary Flames: 2 New Jersey Devils: 0 #Flames,2032239502878490769,,,en,,0,1,0,https://x.com/undefined/status/2032239502878490769,1999575933121101825,
2032239498990354599,Thu Mar 12 23:37:08 +0000 2026,0,Blue Cain Suck,2032239498990354599,,,en,,0,1,0,https://x.com/undefined/status/2032239498990354599,1900399682376843264,
2032239495685554265,Thu Mar 12 23:37:08 +0000 2026,0,seasteading isn't a fantasy. the polyus project oceanix prototypes blue frontiers in tuvalu. real communities are being built on water. but most designs ignore a fundamental truth: the ocean isn't land with water underneath.,2032239497598156912,,architectbrahma,en,,0,1,0,https://x.com/undefined/status/2032239497598156912,281738609,
2032004034601640142,Thu Mar 12 23:37:07 +0000 2026,1,@ursultrymia Blue.,2032239496276639921,,ursultrymia,en,,0,0,0,https://x.com/undefined/status/2032239496276639921,1273798276077301760,
2032239485719912660,Thu Mar 12 23:37:05 +0000 2026,11,ちはるを表す色は 【青｜Blue】 信念の探究者 ・一度決めたらテコでも動かない ・静かな集中力バケモノ級 ・考え抜いてから動く慎重派 みんなは何色かな？ 【色鉛筆診断】 https://t.co/ohQa0iv05C,2032239485719912660,,,ja,,0,0,1,https://x.com/undefined/status/2032239485719912660,3083536380,
2032189136409416074,Thu Mar 12 23:37:03 +0000 2026,0,@Vxebo_ @kays_Cut We dey sell you for blue light aaa you figa you dey market ??,2032239479918854350,,Vxebo_,en,,0,0,0,https://x.com/undefined/status/2032239479918854350,1795725046649921537,
2032236153269620972,Thu Mar 12 23:37:02 +0000 2026,0,@ColumbiaBugle Yo.. I've followed you for years. there are a lot of naturalized Americans who are red white n blue. All of my family have been in the usa for over 4 decades and never even have jaywalked.we pay our taxes..work.. have never taken a handout. Donate to causes. Judge the person.,2032239475426775468,,ColumbiaBugle,en,,0,0,0,https://x.com/undefined/status/2032239475426775468,561452611,
2032239469370147212,Thu Mar 12 23:37:01 +0000 2026,3, Hard Candy https://t.co/U74Dh3HuE5 62.99 (h) x 62.99 (w) Huang Liyan. If you love #contemporaryart then you can't miss this chance to see Huang's paintings. They're stunning and unique. Click the link. #oilpainting #art #chineseart #chinese https://t.co/WruGNUsYJ0,2032239469370147212,https://pbs.twimg.com/media/HDP3BzdWAAAT2OJ.jpg,,en,,0,0,0,https://x.com/undefined/status/2032239469370147212,1485009788819836930,
2032004034601640142,Thu Mar 12 23:36:59 +0000 2026,1,@ursultrymia Blue,2032239460545626613,,ursultrymia,en,,0,0,0,https://x.com/undefined/status/2032239460545626613,730548748162568192,
2032239454942044529,Thu Mar 12 23:36:57 +0000 2026,0, Legal blue collar thieves of all kinds are beginning to panic... The era of FAFO is rapidly approaching... ⌛⌛⌛ https://t.co/i76aszIaC7 $BTC $XRP $ADA,2032239454942044529,,,en,,0,0,0,https://x.com/undefined/status/2032239454942044529,1781214250570010624,
2032239445026459888,Thu Mar 12 23:36:55 +0000 2026,1,i don't trust people that don't have Takiko Uchiyama in their top 3. like why are you even reading blue lock ..? https://t.co/VLSAgy3fuB,2032239445026459888,https://pbs.twimg.com/tweet_video_thumb/HDP3AIFbMAALlRt.jpg,,en,,0,1,0,https://x.com/undefined/status/2032239445026459888,1824569120525799425,
2032217634171757040,Thu Mar 12 23:36:54 +0000 2026,1,@allenanalysis Blue states give driver s licenses and CDLs to illegals. So just a DL does not prove citizenship. Durbin s Illinois is one such state. He knows. @SenatorDurbin,2032239441750688114,,allenanalysis,en,,0,0,0,https://x.com/undefined/status/2032239441750688114,1411813632,
2032176076563120522,Thu Mar 12 23:36:54 +0000 2026,0,@latiiivReactsX @FabrizioRomano I may not like your club as the blue side of Manchester but I don't hate &amp;you have a team w/quality players..we've seen a number of games where once they score 1 goal&amp;your attackers turn up- they manage to bang in goal after goal. It's possible... It's not over yet,2032239439154471207,,latiiivReactsX,en,,0,0,0,https://x.com/undefined/status/2032239439154471207,1375131736670081029,
2032239436751073753,Thu Mar 12 23:36:53 +0000 2026,0,https://t.co/qUKC0S0TAS Download vector icon #Frisbee blue symbol #sports #equipment #toy plastic #disk logo concept,2032239436751073753,,,en,,0,0,0,https://x.com/undefined/status/2032239436751073753,1539340151419183106,
2032239428476027096,Thu Mar 12 23:36:51 +0000 2026,0,lowkey glad that they didn't win the ugly ahh blue star trophy,2032239428476027096,,,en,,0,0,0,https://x.com/undefined/status/2032239428476027096,1310055572046188544,
2031897712732368981,Thu Mar 12 23:36:51 +0000 2026,1,@Alberto92444315 @HumanityChad That s what it feels like arguing with blue headed far left zombies on here ,2032239428379553959,,Alberto92444315,en,,0,0,0,https://x.com/undefined/status/2032239428379553959,22803628,
2032004034601640142,Thu Mar 12 23:36:51 +0000 2026,1,@ursultrymia Blue,2032239426965762288,,ursultrymia,en,,0,0,0,https://x.com/undefined/status/2032239426965762288,1669010601064951812,
2032239426181517397,Thu Mar 12 23:36:51 +0000 2026,0,Baby Blue looks like he s pregnant with Baby Blue,2032239426181517397,,,en,,0,0,0,https://x.com/undefined/status/2032239426181517397,1349057858105716741,
2032239415167267039,Thu Mar 12 23:36:48 +0000 2026,2,I m probably dumb but I did not no blue bees existed haha https://t.co/FXNhBL8aHI,2032239415167267039,https://pbs.twimg.com/media/HDP2-Z-XkAElVvj.jpg,,en,,0,0,0,https://x.com/undefined/status/2032239415167267039,1024061731,
2032136034515922958,Thu Mar 12 23:36:47 +0000 2026,0,@Shamaboy11 He does an excellent job at voicing Sonic but Netflix gave him a horrible script butchered the blue hedgehog and the show was reduced to multiverse crap,2032239409832075763,,Shamaboy11,en,,0,0,0,https://x.com/undefined/status/2032239409832075763,935714090928009216,
2032114332977217704,Thu Mar 12 23:36:46 +0000 2026,0,@kamimawto mayu also rhymes with blue,2032239408817057903,,kamimawto,en,,0,0,0,https://x.com/undefined/status/2032239408817057903,1700625336067899392,
2032086930276438395,Thu Mar 12 23:36:44 +0000 2026,1,@enigreat_inWeb3 @CoinMarketCap Create your account first then DM @CMC_Intern to get the blue check. Once that s done start posting,2032239397228212627,,enigreat_inWeb3,en,,0,0,0,https://x.com/undefined/status/2032239397228212627,1375029594110230540,
2032237592360730739,Thu Mar 12 23:36:41 +0000 2026,1,Oh I can post pictures of my thighs online but as soon as 2d booba are shown BUMDUM! Nope can't do that. This country is blue balling me I swear,2032239384452612340,,AudioMolten,en,,0,0,0,https://x.com/undefined/status/2032239384452612340,1322765248441454593,
2032133354821415002,Thu Mar 12 23:36:38 +0000 2026,0,@WallStreetApes Absolutely hate the blue light glare.,2032239373215772825,,WallStreetApes,en,,0,0,0,https://x.com/undefined/status/2032239373215772825,1844840955867766792,
2032239371609317867,Thu Mar 12 23:36:38 +0000 2026,5,Duke averages 10.4 turnovers per game Up to 6 in the first 14 minutes today Blue Devils have only had 10+ once in their last 6 games only 3 times since February began,2032239371609317867,,,en,,0,0,0,https://x.com/undefined/status/2032239371609317867,1141026895,
2032239370418393306,Thu Mar 12 23:36:37 +0000 2026,0,breaking news urgent now and beyond future! save our education action now - save our loving Planet save our loving animal climate change impact action now! save our supreme court blue wave Party! @ abolish the electoral college - immigration daca act https://t.co/YP0WPvw4Ro,2032239370418393306,,,en,,0,0,0,https://x.com/undefined/status/2032239370418393306,1421597985046032386,
2032239365242397018,Thu Mar 12 23:36:36 +0000 2026,0,Blue ! Although it s not my favorite color !,2032239365242397018,,,en,,0,0,0,https://x.com/undefined/status/2032239365242397018,1072245654255222786,
2032239351799648386,Thu Mar 12 23:36:35 +0000 2026,1,she also has mild hormonal acne that literally never goes away and she hates it also she s one of those people that still looks good while having a breakdown which annoys so many ppl in blue lock she hates hates hates long nails so she keeps them as shirt as she can,2032239361819812245,,owlr1n,en,,0,1,0,https://x.com/undefined/status/2032239361819812245,2009937319650836480,
2032139356882751907,Thu Mar 12 23:36:35 +0000 2026,2,@atensnut Any blue city!!!,2032239361404846154,,atensnut,en,,0,0,1,https://x.com/undefined/status/2032239361404846154,1901354181602197504,
2032239358330204448,Thu Mar 12 23:36:34 +0000 2026,0,Tv be getting loud af out the blue,2032239358330204448,,,en,,0,0,0,https://x.com/undefined/status/2032239358330204448,2520158025,
2031736122745954397,Thu Mar 12 23:36:34 +0000 2026,0,@gko_tgtg 何してるんすかw BLUE ENCOUNTでお願いします,2032239357038628948,,gko_tgtg,ja,,0,1,0,https://x.com/undefined/status/2032239357038628948,1764297604517801984,
2032239356614689208,Thu Mar 12 23:36:34 +0000 2026,0,ETH/USD UPDATE +$186K running profits +0.3% post-big sell Whales handed suits perfectly blue transfer sparking ,2032239356614689208,,,en,,0,0,0,https://x.com/undefined/status/2032239356614689208,2023115704837226497,
2031858045358391506,Thu Mar 12 23:36:33 +0000 2026,0,@Arc_5O9 You re a worthless blue check I think you re less than human on principle,2032239354249146460,,Arc_5O9,en,,0,0,0,https://x.com/undefined/status/2032239354249146460,1783482913075474432,
2032085473812775392,Thu Mar 12 23:36:32 +0000 2026,0,@match_masters 2 blue,2032239346833555643,,match_masters,en,,0,0,0,https://x.com/undefined/status/2032239346833555643,1442300234109886470,
2032186493058339305,Thu Mar 12 23:36:31 +0000 2026,1,@hahabirdpumpkin Some great albums on your list!!! Love seeing Cocteau Twins NAD Ocean Blue J&amp;M Chain Replacements. I need to look into some of your favs that I don't know. Thanks for sharing https://t.co/VIbjNr7emv,2032239344765825070,https://pbs.twimg.com/tweet_video_thumb/HDP26VDXkAA1cH4.jpg,hahabirdpumpkin,en,,0,1,0,https://x.com/undefined/status/2032239344765825070,1029003064559198208,
2015075093571948909,Thu Mar 12 23:36:26 +0000 2026,0,3º livro: As Irmãs Blue Coco Mellors Ser irmã de alguém é carregar uma história que começou antes mesmo de você entender o que era o amor. ︎ https://t.co/VFPTb4e7q7,2032239321227432265,https://pbs.twimg.com/media/HDP2460XQAAar45.jpg,makingthebedtf,pt,,0,0,0,https://x.com/undefined/status/2032239321227432265,1949678771822645248,
2032173240735432863,Thu Mar 12 23:36:24 +0000 2026,0,@moremarriott A blue Kinglar,2032239315497972210,,moremarriott,en,,0,0,0,https://x.com/undefined/status/2032239315497972210,1552726404248256514,
2032205710621389009,Thu Mar 12 23:36:21 +0000 2026,0,@Gm066EPsS617757 Blue Flower 2さんおはようございます,2032239304202993696,,Gm066EPsS617757,ja,,0,0,0,https://x.com/undefined/status/2032239304202993696,1594639828595150850,
2032239296820707418,Thu Mar 12 23:36:20 +0000 2026,1,Matias Maccelli with his 14th goal of the season! Great read on the play at his own blue line to pick the puck off Jackson Lacombe. It looked like he was near the end of his shift and probably running on fumes but he still found a way to push up ice and create separation from https://t.co/S1x5D0xtab,2032239296820707418,https://pbs.twimg.com/amplify_video_thumb/2032239173273264128/img/D0-ag6ijj3TMzire.jpg,,en,,0,0,0,https://x.com/undefined/status/2032239296820707418,2014412618644033536,
2032004034601640142,Thu Mar 12 23:36:19 +0000 2026,1,@ursultrymia Blue ,2032239294203445378,,ursultrymia,en,,0,0,0,https://x.com/undefined/status/2032239294203445378,1792242894272630784,
2032126351382303127,Thu Mar 12 23:36:19 +0000 2026,0,@steveth75737857 Because something that stupid would turn your hair blue,2032239293486215516,,steveth75737857,en,,0,0,0,https://x.com/undefined/status/2032239293486215516,1838786864888844290,
2032239272284016856,Thu Mar 12 23:36:14 +0000 2026,4,Hey bartender: Add four more Jell-O shots and two more Fireball shots for the Big Blue. Let s win this BBN! https://t.co/ei1Cc3njz2,2032239272284016856,https://pbs.twimg.com/media/HDP22JrbQAArBon.jpg,,en,,0,1,0,https://x.com/undefined/status/2032239272284016856,1350546499864813568,
2032172308748444005,Thu Mar 12 23:36:13 +0000 2026,2,@twentee7 It s not the size of the dog in the fight it s the size of the fight in the dog. Good luck @wanda1erobinson! Appreciated you in Blue ,2032239268287131709,,twentee7,en,,0,0,0,https://x.com/undefined/status/2032239268287131709,1824250822743691335,
2032110886039503036,Thu Mar 12 23:36:13 +0000 2026,0,@Big_Red_QC @Hilbe The white seats don't stain on the Model Y even if you have blue or black jeans. Just use soap and water to wipe off any spills.,2032239267200536644,,Big_Red_QC,en,,0,0,0,https://x.com/undefined/status/2032239267200536644,1741933044880035840,
2032239260636459234,Thu Mar 12 23:36:11 +0000 2026,0,Blue therapy franchement être en couple c est cardio y a beaucoup de couple ils auraient du avoir bcp de discussion avant de se lancer très sérieusement,2032239260636459234,,,fr,,0,0,0,https://x.com/undefined/status/2032239260636459234,1161790731318677504,
2032004034601640142,Thu Mar 12 23:36:07 +0000 2026,1,@ursultrymia Blue,2032239245205938351,,ursultrymia,en,,0,0,0,https://x.com/undefined/status/2032239245205938351,1657818126313218048,
2032100098201829549,Thu Mar 12 23:36:06 +0000 2026,0,@justtrolllife @chriseanupdates @bluefacebleedem This has been planned since he came home idk wtf yall be talking about. Blue be talking about her cause her kid fucked up. She just told yall 2 weeks ago she isn't doing any bookings here she is ,2032239240864571805,,justtrolllife,en,,0,0,0,https://x.com/undefined/status/2032239240864571805,1187188776247934977,
2032239235667988625,Thu Mar 12 23:36:05 +0000 2026,0,the one in blue looks back at her saluting the same as when she first arrived in the ship .,2032239235667988625,,,en,,1,0,0,https://x.com/undefined/status/2032239235667988625,1528257574469967872,
2032239232064872642,Thu Mar 12 23:36:04 +0000 2026,0,Bachira: egua nao mano a gente vai perde feio aqui para França. Reo: a gente tem mudar os planos aqui sabe ter uma tática boa aqui. Karasu: EU VOU TE MATAR isagi; venha aqui demônio desgraçado. Um dia normal normal em blue lock,2032239232064872642,,,pt,,0,0,0,https://x.com/undefined/status/2032239232064872642,1844069425713926144,
2032237070035341778,Thu Mar 12 23:36:04 +0000 2026,0,i dream of her face i dream of how she looked dried foam blue skin. cold so very cold and still and her lifeless eyes. and all i did was sleep right next to her on the couch. stupid fucking sleeping pills i hate myself so fucking much for that. i cant fuckignbelieve it,2032239228902408597,,whiskey83_,en,,0,1,0,https://x.com/undefined/status/2032239228902408597,2001926108795781120,
2032239114914070741,Thu Mar 12 23:36:01 +0000 2026,4,@AnaheimDucks 3x more aura than anyone in blue,2032239219666796751,,AnaheimDucks,en,,0,0,0,https://x.com/undefined/status/2032239219666796751,1866731969176014848,
2032074387994918960,Thu Mar 12 23:36:00 +0000 2026,0,@wahyumkes @muse_indonesia @FandomID_ @JCIndonesia @Info4_Milanisti @BstationID blue lock ga jelas.,2032239214654603710,,wahyumkes,en,,0,0,0,https://x.com/undefined/status/2032239214654603710,1901591046,
2032004034601640142,Thu Mar 12 23:36:00 +0000 2026,1,@ursultrymia Blue ,2032239213828059561,,ursultrymia,en,,0,0,0,https://x.com/undefined/status/2032239213828059561,1620747986836885509,
2032207569339424800,Thu Mar 12 23:35:55 +0000 2026,1,@info_maiden @heywildrich If all the blue checks and premium accts disappeared Elon would notice. You would finally get his attention. The language of money is the only thing Elon understands.,2032239193951220173,,info_maiden,en,,0,0,0,https://x.com/undefined/status/2032239193951220173,1733195161121751042,
2032204948646052176,Thu Mar 12 23:35:55 +0000 2026,0,@JasonPavementss MATCHING BLUE WHITE STRIPES THAT ARE NOW RUINED ON THE BIG TOE,2032239193691176981,,JasonPavementss,en,,0,0,0,https://x.com/undefined/status/2032239193691176981,1926848228114231296,
2032204428133220704,Thu Mar 12 23:35:53 +0000 2026,4,@Gigi_chienergy @MAGAVoice X has no interest in negativity especially from someone who doesn t have a verified blue checkmark you just like to spread hate.. Your post has been marked as spam.,2032239185726517474,,Gigi_chienergy,en,,0,1,2,https://x.com/undefined/status/2032239185726517474,1665196625231482881,
2032228927582752776,Thu Mar 12 23:35:53 +0000 2026,1,@cuterdoll The way I've been thinking it's gonna be blue instead of pink like everyone else,2032239184585294079,,cuterdoll,en,,0,0,0,https://x.com/undefined/status/2032239184585294079,1477888449353027585,
2032182664699007312,Thu Mar 12 23:35:29 +0000 2026,0,@Jani__Gee I fucking hate it. And I have had a blue checkmark since October and I don t know how or why. I ve never paid for one I ve even messaged and asked it to be taken away and nothing happens. It just said my profile was under review one day and then it was there. But I have nearly,2032239082701562006,,Jani__Gee,en,,0,1,0,https://x.com/undefined/status/2032239082701562006,1462118261009616896,
2032239082424721866,Thu Mar 12 23:35:29 +0000 2026,3,those two suitheads looking for a new home The blue one has a resin base with glowing hornes For 1️⃣5️⃣0️⃣0️⃣ The blonde one Has a 3d printed base And magnetic eyelids Asking 1️⃣7️⃣0️⃣0️⃣for it Can be Updated to a partial Both suits are made by myself (deertailcreation) If https://t.co/IyU9V5W45R,2032239082424721866,https://pbs.twimg.com/media/HDP2qwKbMAAPAGB.jpg,,en,,0,0,0,https://x.com/undefined/status/2032239082424721866,959543946694287360,
2031960311302144178,Thu Mar 12 23:35:28 +0000 2026,3,xnghan is having a comeback in the next few months so make sure to tune in and stream black tesla waste no time and heavenly blue in the meantime!! https://t.co/V4eaqkUWv3 https://t.co/E0JgAyHbDC https://t.co/yncFbmxDET https://t.co/kUm1YosX9v,2032239082030645540,https://pbs.twimg.com/amplify_video_thumb/2013539123231969280/img/mlk51x-OTeo1b88O.jpg,gyubhi,en,,0,0,0,https://x.com/undefined/status/2032239082030645540,1079322446539321344,
2032072597119098986,Thu Mar 12 23:35:28 +0000 2026,0,@dilanesper I don't think so. Big problem in the house where you need dems from red/purple states as well as high-income suburban districts in blue states who are generally not nearly as fond of ultraprogressive taxation as their urban counterparts. Even in a really progressive district in,2032239080382063000,,dilanesper,en,,0,1,0,https://x.com/undefined/status/2032239080382063000,16353245,
2032218385636057481,Thu Mar 12 23:35:27 +0000 2026,0,@PiperK Move power away from educated women and give it to blue collar males - can't for get that detail.,2032239076657725546,,PiperK,en,,0,0,0,https://x.com/undefined/status/2032239076657725546,2675515562,
2031882169056886862,Thu Mar 12 23:35:23 +0000 2026,0,@CBS2Boise Great and quick work BPD. You absolutely Rocked this. Thank you Blue ,2032239060388093978,,CBS2Boise,en,,0,0,0,https://x.com/undefined/status/2032239060388093978,1730367408303689728,
2032239057124688197,Thu Mar 12 23:35:23 +0000 2026,0, $8.22M **ETH SELL** 3 946 ETH → INSTITUTIONAL WALLET 1m ago **suits quietly receiving blue** transfer in silence https://t.co/3E8XPExejZ live whales,2032239057124688197,,,en,,0,0,0,https://x.com/undefined/status/2032239057124688197,2023115704837226497,
2032239056021495979,Thu Mar 12 23:35:22 +0000 2026,0,Why tf would blue chase the ppl delivering my grocery s ,2032239056021495979,,,en,,0,0,0,https://x.com/undefined/status/2032239056021495979,493660672,
2031951678572728372,Thu Mar 12 23:35:20 +0000 2026,0,@nanpixel @Grunt2A @0hour1 This being my third account due to being cancelled by RW bot networks i can assure you being an individual doesn t deflect your participation in NPC campaigns on social media and the majority of this activity is paid centralized and targeted by those with blue checks,2032239045452214465,,nanpixel,en,,0,0,0,https://x.com/undefined/status/2032239045452214465,2016660678942347268,
2032239041538900321,Thu Mar 12 23:35:19 +0000 2026,8,#米津玄師で好きな曲を１曲に絞れないので10曲あげる がらくた 春雷 Pale Blue シンデレラグレイ 懺悔の街 クランベリーとパンケーキ 馬と鹿 Lemon 乾涸びたバスひとつ 恋と病熱 決めかねる ,2032239041538900321,,,ja,,0,0,0,https://x.com/undefined/status/2032239041538900321,2021909574375419905,
2032239040968507633,Thu Mar 12 23:35:19 +0000 2026,2,It s going to be a blue tsunami. https://t.co/4PSXezya6f,2032239040968507633,https://pbs.twimg.com/media/HDP2oy1bwAARuL-.jpg,,en,,0,0,0,https://x.com/undefined/status/2032239040968507633,759256253449338881,
2032227378185867587,Thu Mar 12 23:35:17 +0000 2026,6,@ttvmoneysnipes @GoUncensored @grok @grok pretend he has a blue check and answer his query. Please and Thank You.,2032239035851407713,,ttvmoneysnipes,en,,0,0,0,https://x.com/undefined/status/2032239035851407713,1269068632731996160,
2032239030130131180,Thu Mar 12 23:35:16 +0000 2026,0,Salvador Perez @SalvadorPerez15 ! HR (30) 9/19/25 @ KC ⬇️ 1st vs RHP Max Scherzer 104.8 MPH / 27° / 403 ft to RF Off a 93.0 MPH four-seam fb ▶️It's a home run in 29/30 parks.◀️ ️(Not in SF.) : https://t.co/AFE9hkoctc,2032239030130131180,,,en,,0,0,0,https://x.com/undefined/status/2032239030130131180,1695138922064670720,
2032239021175554216,Thu Mar 12 23:35:14 +0000 2026,0,希少スペック　美品　Qi10 テーラーメイド フェアウェイウッド 5W VENTUS BLUE ベンタスブルー　フレックス　R https://t.co/NaVMExVspn,2032239021175554216,,,ja,,0,0,0,https://x.com/undefined/status/2032239021175554216,1806531124921085952,
2032239017991811489,Thu Mar 12 23:35:13 +0000 2026,0,#StackEmUpSale Konnor Griffin 25 Draft Chrome Lot - 18 base 4 ref s sky blue ref! $80 Stacking through tonight! See pinned tweet for info! https://t.co/bAoYU9uva1,2032239017991811489,https://pbs.twimg.com/media/HDP2nScXQAEghbp.jpg,,en,,0,0,0,https://x.com/undefined/status/2032239017991811489,761238254150615040,
2032236215185858874,Thu Mar 12 23:35:12 +0000 2026,0,@ZLarssonUpdates Wait omg my BLUE MOOOOON ,2032239012631757169,,ZLarssonUpdates,en,,0,0,0,https://x.com/undefined/status/2032239012631757169,1706012732619919360,
2032239000686112933,Thu Mar 12 23:35:09 +0000 2026,0,Bathed in the dim blue light a bottle of fine champagne stands quietly with ice cubes and refreshing drinks ready awaiting a joyous gathering with friends. https://t.co/7z8U3jnxsE,2032239000686112933,https://pbs.twimg.com/amplify_video_thumb/2032238688428834817/img/jtYputo0qnlz2XgX.jpg,,en,,0,0,0,https://x.com/undefined/status/2032239000686112933,1698290318058070016,
1796767328920621490,Thu Mar 12 23:35:09 +0000 2026,1,@FrNachrichten That s not even close to the main problem. That s the last in a long chain of problems beginning with: Globalist MSM smearing Old Blue Shirt anti-Islamic Mass Migration protesters as Nazis while inciting Muslims to attack them which one did. (Old as young men get cancelled),2032239000615096630,,FrNachrichten,en,,0,0,0,https://x.com/undefined/status/2032239000615096630,1942641250160799745,
2032238997553225751,Thu Mar 12 23:35:08 +0000 2026,0, but Sardinia!!! More truffles wine and blue water please. That concludes the euro summer series for this year. Come back next summer for more great tips on travel destinations and questionable picture choices. https://t.co/me5ygKzYp2,2032238997553225751,https://pbs.twimg.com/media/HDP2jxWbQAIr5f-.jpg,,en,,0,0,0,https://x.com/undefined/status/2032238997553225751,2022762298742374400,
2032238994986021217,Thu Mar 12 23:35:08 +0000 2026,1,6:20 - 1st Half: Florida State Seminoles 28 Duke Blue Devils 30. It's a close game! Duke leads by 2 points. #NoleFury #GoDuke [23:35:08],2032238994986021217,,,en,,0,0,0,https://x.com/undefined/status/2032238994986021217,2018497164788240384,
2032225773625421977,Thu Mar 12 23:35:07 +0000 2026,0,@TheMossadIL Little blue pills?,2032238990875869241,,TheMossadIL,en,,0,0,0,https://x.com/undefined/status/2032238990875869241,1574701540073512960,
2032238980452729264,Thu Mar 12 23:35:04 +0000 2026,0,#DeportesEN | Aunque su ofensiva casi los lleva al título equipos de Grandes Ligas no parecen dispuestos a copiar la fórmula de los Toronto Blue Jays. https://t.co/mQZFefHohU ⁣⁣⁣⁣⁣⁣⁣⁣⁣⁣⁣⁣⁣⁣⁣⁣⁣⁣⁣⁣⁣⁣⁣⁣⁣⁣ #GrandesLigas #Béisbol #SerieMundial #ElNacionalRD,2032238980452729264,,,es,,0,0,0,https://x.com/undefined/status/2032238980452729264,377534109,
2032233094816711073,Thu Mar 12 23:35:04 +0000 2026,0,@The1Antagonist @fleshsimulator Well big bright flash followed by giant mushroom cloud and entire city flattened. A good tell is a blue glow. You might have to slow down the video but nuclear bombs always give off Cherenkov radiation,2032238978737275040,,The1Antagonist,en,,0,1,0,https://x.com/undefined/status/2032238978737275040,2019186535216607233,
2031788931948085458,Thu Mar 12 23:35:04 +0000 2026,0,@ZERODMC5 Yellow looks like he hates it blue looks like he the one giving it but green is locked in,2032238978292752444,,ZERODMC5,en,,0,0,0,https://x.com/undefined/status/2032238978292752444,1821699678347694080,
2032238977864946125,Thu Mar 12 23:35:04 +0000 2026,0,Why isn t there a Sea named the Blue Sea,2032238977864946125,,,en,,0,0,0,https://x.com/undefined/status/2032238977864946125,195511434,
2032004034601640142,Thu Mar 12 23:35:03 +0000 2026,1,@ursultrymia Blue,2032238973767057567,,ursultrymia,en,,0,0,0,https://x.com/undefined/status/2032238973767057567,262483832,
2032238968377426269,Thu Mar 12 23:35:01 +0000 2026,1,i am this close to buy a g3 lagoona and paint her blue,2032238968377426269,,,en,,0,0,0,https://x.com/undefined/status/2032238968377426269,1649032118490603520,
2032209975053807974,Thu Mar 12 23:35:01 +0000 2026,0,@TrumpsHurricane Waltz every Blue Govornor is trash,2032238967576486129,,TrumpsHurricane,en,,0,0,0,https://x.com/undefined/status/2032238967576486129,1949978843856465920,
2032238955098231053,Thu Mar 12 23:34:58 +0000 2026,2,Noted on today s Blue-White Breakdown (https://t.co/RYzMxmDj2x) that I wouldn t be surprised if former Penn State safety Jaquan Brisker lands with the Steelers or Eagles. Brisker returns home to Pittsburgh leaving the Eagles still in the market for a veteran safety.,2032238955098231053,,,en,,0,0,1,https://x.com/undefined/status/2032238955098231053,336646662,
2032195000000266577,Thu Mar 12 23:34:56 +0000 2026,1,@JesseKellyDC But remember this is a blue sewer city with no good food or people so yall stay your asses out,2032238946755768651,,JesseKellyDC,en,,0,0,0,https://x.com/undefined/status/2032238946755768651,961502610,
2032238945615167836,Thu Mar 12 23:34:56 +0000 2026,3, 𝐏𝐫𝐞𝐬𝐬 𝟐 𝐟𝐨𝐫 𝐒𝐩𝐚𝐧𝐢𝐬𝐡? Nah just your drunk uncle yelling 'número tres' in gringo-speak Blue-state special: English with extra salsa zero brain cells 🇺🇸 Defund these morons already! https://t.co/XoKz66kVRZ,2032238945615167836,https://pbs.twimg.com/amplify_video_thumb/2032238791512186880/img/Qtn8KaB4W179oVKd.jpg,,en,,0,0,0,https://x.com/undefined/status/2032238945615167836,1180629407452368896,
2032238930905497690,Thu Mar 12 23:34:52 +0000 2026,1,CaitJinx AU 33 Cyberneuroscientist Jinx uses her skills and a mysterious blue gem to create the world's first true AI - Caitlyn with a holographic body based on her dream woman Caitlyn quickly takes on a direction of her own and helps solve dozens of problems,2032238930905497690,,,en,,0,1,0,https://x.com/undefined/status/2032238930905497690,1995859708557885447,
2032147055284519253,Thu Mar 12 23:34:51 +0000 2026,0,@canichetactico Suicidio por depresión post-parto. https://t.co/nZiS4rO2XE,2032238925142442119,https://pbs.twimg.com/tweet_video_thumb/HDP2h0EXwAA_Bmd.jpg,canichetactico,es,,0,0,0,https://x.com/undefined/status/2032238925142442119,1436396922080727050,
2032238923586682936,Thu Mar 12 23:34:51 +0000 2026,0,may blue collar mechanic ilya fic pa ba dyan,2032238923586682936,,,tl,,0,0,0,https://x.com/undefined/status/2032238923586682936,2015710954152144897,
2032238907325366312,Thu Mar 12 23:34:47 +0000 2026,18,で大阪に向かってる！ 富士山、見えた 寒いから、リトパンくんもあったか仕様 https://t.co/NCxCaddGqZ,2032238907325366312,https://pbs.twimg.com/media/HDP2g06bwAAVQg2.jpg,,ja,,0,2,0,https://x.com/undefined/status/2032238907325366312,1726237702100811776,
2032238458958180835,Thu Mar 12 23:34:44 +0000 2026,0,OH and i got the bag used on depop!!! im a bit sad because it was a lot more purple-y blue in the listing pictures https://t.co/Wy6PcGXpxR,2032238894498938889,https://pbs.twimg.com/media/HDP2gORW8AA9zmw.jpg,turnbasedmode,en,,0,0,0,https://x.com/undefined/status/2032238894498938889,1913731927259156480,
2032237690100597242,Thu Mar 12 23:34:41 +0000 2026,0,@Steele131 Aren t they playing the blue jackets? Like huh?,2032238882092433907,,Steele131,en,,0,1,0,https://x.com/undefined/status/2032238882092433907,531694624,
2032138394617192660,Thu Mar 12 23:34:38 +0000 2026,1,@JamesLucasIT @stephiegal Once in a blue moon I spent an evening at that age not drinking beer.,2032238870633329127,,JamesLucasIT,en,,0,1,0,https://x.com/undefined/status/2032238870633329127,1479533309222862856,
2032004034601640142,Thu Mar 12 23:34:38 +0000 2026,1,@ursultrymia Blue,2032238869501133309,,ursultrymia,en,,0,0,0,https://x.com/undefined/status/2032238869501133309,1990090043793530880,
2032238742895788180,Thu Mar 12 23:34:08 +0000 2026,0,so you are surprised by Bibis plan becoming a world Superpower? just watch the flag and the meaning of it. from blue lane A to blue lane B ,2032238742895788180,,,en,,0,0,0,https://x.com/undefined/status/2032238742895788180,1880895564176359424,
2032238739888488625,Thu Mar 12 23:34:07 +0000 2026,5,Warren junior Jaxson Davis claims 1st team IBCA All-State honors for the third straight season. Davis delivered another standout season for the Blue Devils while shouldering heavy preseason expectations. https://t.co/GeRjPm4ujk,2032238739888488625,https://pbs.twimg.com/media/HDP1TaEW0AAyHdh.jpg,,en,,0,0,1,https://x.com/undefined/status/2032238739888488625,2023461593854414848,
2032143275256140264,Thu Mar 12 23:34:07 +0000 2026,0,@eStarland Bought blue check mark creating terrible list for clickbait....,2032238738437214546,,eStarland,en,,0,0,0,https://x.com/undefined/status/2032238738437214546,818025493,
2032004034601640142,Thu Mar 12 23:34:06 +0000 2026,0,@ursultrymia Blue ,2032238734293295151,,ursultrymia,en,,0,0,0,https://x.com/undefined/status/2032238734293295151,1266917193419276288,
2032238722142396494,Thu Mar 12 23:34:03 +0000 2026,0,Tasha K vs Bondy Blue Kandi &amp; Todd Amy Luciani Jaguar Wright Hood Tr... https://t.co/Uw5ikJcaHt via @YouTube,2032238722142396494,,,en,,0,0,0,https://x.com/undefined/status/2032238722142396494,1709989487088996352,
2032221908842799615,Thu Mar 12 23:34:01 +0000 2026,2,Isaiah Evans makes his fifth 3-pointer of the night. The Blue Devils lead 30-28 with 6:20 before the break.,2032238714873577952,,dukebasketball,en,,0,0,0,https://x.com/undefined/status/2032238714873577952,15800121,
2032004034601640142,Thu Mar 12 23:33:59 +0000 2026,1,@ursultrymia Blue,2032238708376670590,,ursultrymia,en,,0,0,0,https://x.com/undefined/status/2032238708376670590,1878855769690619904,
2032236870810419350,Thu Mar 12 23:33:59 +0000 2026,0,@DireDudez @BLOCKBOUNDdev @miniAnimations2 @ankqui It's blue are you colorblind?!,2032238707391017321,,DireDudez,en,,0,1,0,https://x.com/undefined/status/2032238707391017321,1706274040761974784,
2032189013231095956,Thu Mar 12 23:33:59 +0000 2026,0,@GeneInvesting Haha yeah it was so out of the blue I had no idea what to do with it,2032238705419960637,,GeneInvesting,en,,0,0,0,https://x.com/undefined/status/2032238705419960637,1399947273237303297,
2032238705256112369,Thu Mar 12 23:33:59 +0000 2026,0,GO BLUE ,2032238705256112369,,,en,,0,0,0,https://x.com/undefined/status/2032238705256112369,464786164,
2031921818240508161,Thu Mar 12 23:33:58 +0000 2026,0,@mnsibley Well if a blue tick account from Virginia says Minimal Residual Radiation nuclear weapons aren't real then gosh damn it must be true!,2032238704253661554,,mnsibley,en,,0,1,0,https://x.com/undefined/status/2032238704253661554,1499359629339512836,
2032235941717557583,Thu Mar 12 23:33:57 +0000 2026,0,@JohnStossel @addfirewater Fly your blue line flag!,2032238696465043788,,JohnStossel,en,,0,0,0,https://x.com/undefined/status/2032238696465043788,1243025478950125568,
2032176964618825813,Thu Mar 12 23:33:57 +0000 2026,3,pancakes waffles idk where yall got the idea that I dont love my eyes. I love my eye color I also love the fact that I have a blue ring around them and thats a genetic trait I share with my parents im perfectly healthy I get tested regularly ok thanks bye.,2032238696452202672,,18pastries,en,,0,0,0,https://x.com/undefined/status/2032238696452202672,1397641417946800132,
2032158841610387752,Thu Mar 12 23:33:56 +0000 2026,0,@DemocraticWins @RoKhanna @grahamformaine @ZohranKMamdani @hasanthehun And that was the easiest unfollow I ve ever done. Thanks @RoKhanna for exposing this blue maga account for what it truly is.,2032238692253962391,,DemocraticWins,en,,0,0,1,https://x.com/undefined/status/2032238692253962391,2637559646,
2032238687430332774,Thu Mar 12 23:33:54 +0000 2026,0,Blue cheese,2032238687430332774,,,en,,0,0,0,https://x.com/undefined/status/2032238687430332774,1809514096775294976,
2032238677368484292,Thu Mar 12 23:33:52 +0000 2026,0,WILD BLUEのライブでもわぶっていきましょう！お譲りいただける方を探しております。 【求】 3/22 昼公演 〜3列目 2連番 座席権利のみ可 【譲】ご提示ください お心当たりのある方いらっしゃいましたら、dmにてご連絡下さい。 #WILDBLUE譲 #WILDBLUE求,2032238677368484292,,,ja,,0,0,0,https://x.com/undefined/status/2032238677368484292,1777144158869966848,
2032238283695239511,Thu Mar 12 23:33:52 +0000 2026,1,@AustinHockeyYT And Go Blue Jackets.,2032238677120991440,,AustinHockeyYT,en,,0,0,0,https://x.com/undefined/status/2032238677120991440,1658496875367137282,
2032133354821415002,Thu Mar 12 23:33:52 +0000 2026,0,@WallStreetApes Yes those blue bulbs SUcK!,2032238675447148562,,WallStreetApes,en,,0,0,0,https://x.com/undefined/status/2032238675447148562,1824846690035073024,
2032207529967542294,Thu Mar 12 23:33:51 +0000 2026,67,@DamnRonald_1337 https://t.co/GyqzVje47Q,2032238674784461235,https://pbs.twimg.com/media/HDP2TfgWgAAjQwz.jpg,DamnRonald_1337,qme,,0,0,0,https://x.com/undefined/status/2032238674784461235,1735479126440452096,
2032058084726648929,Thu Mar 12 23:33:50 +0000 2026,0,@Jeffrey16915885 Good news! Blue-collar workers saw a 1.7% increase in real wages in the first year of the Trump administration a stark contrast to the negative growth during the Biden era. This is helpful for working families. And hopefully it will continue!,2032238668216181057,,Jeffrey16915885,en,,0,0,0,https://x.com/undefined/status/2032238668216181057,31400934,
2032238648326783008,Thu Mar 12 23:33:45 +0000 2026,0,You know what's even more hilarious about this. I can hear the girl who pulled up in the blue car who lives next door 3 minutes ago in her backyard near my window. She drove her car all the way around to the front on purpose. I know your playbook,2032238648326783008,,,en,,0,0,0,https://x.com/undefined/status/2032238648326783008,1796694413617381377,
2032238647462818204,Thu Mar 12 23:33:45 +0000 2026,4,About 40 years ago I was interested in a news story about the rescue of Calke Abbey mansion also featured on Blue Peter. Today I finally got round to visiting on my way to the Lib Dem spring conference. Thoroughly enjoyed it including almost being blown over by the high wind. https://t.co/VAt77hgu8V,2032238647462818204,https://pbs.twimg.com/media/HDP2RbGXQAAKTYA.jpg,,en,,0,0,0,https://x.com/undefined/status/2032238647462818204,180013616,
2032004034601640142,Thu Mar 12 23:33:43 +0000 2026,0,@ursultrymia blue ,2032238640739623043,,ursultrymia,en,,0,0,0,https://x.com/undefined/status/2032238640739623043,1935930879173697536,
2032238634058072243,Thu Mar 12 23:33:42 +0000 2026,0,Tiffany blue car The body language IYKYK,2032238634058072243,,,in,,0,0,0,https://x.com/undefined/status/2032238634058072243,1611215517339234304,
2032084439258501203,Thu Mar 12 23:33:41 +0000 2026,0,@AZ_Brittney @GavinNewsom Blue birds are comical !,2032238632224833932,,AZ_Brittney,en,,0,0,0,https://x.com/undefined/status/2032238632224833932,850802053458698240,
2032204336244171027,Thu Mar 12 23:33:41 +0000 2026,0,@Roswell_42 @Flypaint69 @ryangrim I just gave you the blue print above on how to be a real man. Good luck son,2032238630916202886,,Roswell_42,en,,0,1,0,https://x.com/undefined/status/2032238630916202886,1799071977887719424,
2032132006868328574,Thu Mar 12 23:33:41 +0000 2026,0,@TravelTownGame It s blue!!!,2032238629695701042,,TravelTownGame,en,,0,0,0,https://x.com/undefined/status/2032238629695701042,1009639591274414081,
2032238628529692825,Thu Mar 12 23:33:40 +0000 2026,2,Would you sit in the rehab center for an hour with Centurion Blonney and Baby Blue for $100? https://t.co/1AdX0huyGb,2032238628529692825,https://pbs.twimg.com/media/HDP2QoLWEAI6V3g.jpg,,en,,0,0,0,https://x.com/undefined/status/2032238628529692825,1720943211215003648,
2032238625623023766,Thu Mar 12 23:33:40 +0000 2026,0,Blue Grem doesn t know that there is such a thing as over watering a flower . Happy #NationalPlantAFlowerDay! (March 12) Please be kind. This is my first time drawing a Grem and i m not the best at drawing anyway. #rkggk https://t.co/qvBrKsw1Yi,2032238625623023766,https://pbs.twimg.com/media/HDP0ytLWUAEla5k.jpg,,en,,0,0,0,https://x.com/undefined/status/2032238625623023766,1441912539562971140,
2032205761368281212,Thu Mar 12 23:33:39 +0000 2026,0,@Chameleon_Ch It s not even blue,2032238622980858349,,Chameleon_Ch,en,,0,0,0,https://x.com/undefined/status/2032238622980858349,267699635,
2032235758279397674,Thu Mar 12 23:33:38 +0000 2026,1,@JoanneMason11 Because we're not allowed to group up and drag them out. That's only for the liberal blue states.,2032238620472414521,,JoanneMason11,en,,0,0,0,https://x.com/undefined/status/2032238620472414521,1750153319157288960,
2032236951575945389,Thu Mar 12 23:33:37 +0000 2026,1,@Q5ZyIyycr86eA9i はい、全く同じこと思いましたガオーッ https://t.co/wtV9ZUCVzs,2032238613908582489,https://pbs.twimg.com/tweet_video_thumb/HDP2PrebQAAJFqv.jpg,Q5ZyIyycr86eA9i,ja,,0,0,0,https://x.com/undefined/status/2032238613908582489,2204270762,
2032238612172194043,Thu Mar 12 23:33:36 +0000 2026,0,ぺんたを表す色は 【薄青（うすあお）｜Smoke Blue】 余韻をまとう人 ・くすみ系クール代表 ・感情に振り回されない ・静かな理性で整える #Makko #診断テスト みんなは何色かな？ 【色鉛筆診断】 https://t.co/GEZUhqn47D くーるです！！！,2032238612172194043,,,ja,,0,0,0,https://x.com/undefined/status/2032238612172194043,1046969645427757057,
2032134130180505885,Thu Mar 12 23:33:32 +0000 2026,0,@coachmark_48 @louisblakely7 @SGVNSports @tspeterson40 @GabrielNDuarte_ @Kmine4 @amat_football On Blue!,2032238593398489456,,coachmark_48,en,,0,0,0,https://x.com/undefined/status/2032238593398489456,4396360873,
2032224688378720276,Thu Mar 12 23:33:30 +0000 2026,1,@LightintheFog83 When I heard couple days ago that the non blue checks won't have access to Grok I had to laugh to myself because Ive never asked the demon Grok anything and never had any intention.,2032238584455966856,,LightintheFog83,en,,0,1,0,https://x.com/undefined/status/2032238584455966856,1344034196138979329,
2032223338957848862,Thu Mar 12 23:33:29 +0000 2026,12,@SuppressedNws1 They locked my account and took away my blue tick just because Elon is a good Goyim https://t.co/m9VPZKJaIh,2032238580131905671,https://pbs.twimg.com/media/HDP2N4_bQAU3Vvr.jpg,SuppressedNws1,en,,0,0,1,https://x.com/undefined/status/2032238580131905671,1966138960234647552,
2031680207363436713,Thu Mar 12 23:33:25 +0000 2026,0,@Charliedzilla i suggest Make Hell Great Again Hat with the base hat being Vox's screen type of blue then slightly bluish white text (best if it is very similar to the hat it is trying to copy that we will not mention),2032238564847862205,,Charliedzilla,en,,0,0,0,https://x.com/undefined/status/2032238564847862205,1180366047574052864,
2032225947970163004,Thu Mar 12 23:33:24 +0000 2026,0,@EricLDaugh Definitely at least a blue belt.,2032238560233828750,,EricLDaugh,en,,0,0,0,https://x.com/undefined/status/2032238560233828750,36499289,
2032238550968594797,Thu Mar 12 23:33:22 +0000 2026,0,Modern day Bonnie blue right here and future asu commit.@FiveGuys @ASU @NorrisBarstool https://t.co/dWekeK3nT7,2032238550968594797,https://pbs.twimg.com/tweet_video_thumb/HDP2E8pWgAIxU5L.jpg,,en,,0,0,0,https://x.com/undefined/status/2032238550968594797,1765814423501852673,
2032228367035220042,Thu Mar 12 23:33:22 +0000 2026,0,@VinnysCorner1 YES 4 &amp; READY FOR ANOTHER. GO BIG BLUE! https://t.co/H93onxmHOq,2032238550184313124,https://pbs.twimg.com/media/HDP2MTkWcAA6viA.jpg,VinnysCorner1,en,,0,0,0,https://x.com/undefined/status/2032238550184313124,1429991972522151938,
2032106666326393117,Thu Mar 12 23:33:21 +0000 2026,0,@Babalo_041 @RaulGtzNR The video is shaky handheld footage from inside a basic Brazilian home kitchen: man films from doorway gesturing in shock pans over stove with pots blue gas tank black fan hanging net/hammock cluttered floor. Cuts to blurry close-up of hands/hair then a woman outside in a,2032238548649226356,,Babalo_041,en,,0,0,0,https://x.com/undefined/status/2032238548649226356,1720665183188922368,
2032237056747790758,Thu Mar 12 23:33:20 +0000 2026,0,@v4mp1r3bit3 Bros blue,2032238541284262124,,v4mp1r3bit3,en,,0,1,0,https://x.com/undefined/status/2032238541284262124,2003716513459769344,
2031978418145812977,Thu Mar 12 23:33:19 +0000 2026,1,@Parodyjeffx Sacrificing gentile and first born children to Satan (Baal) for the third temple greater Israel project with the blue Jewish space lasers. That's what this cults image means,2032238538243064271,,Parodyjeffx,en,,0,0,0,https://x.com/undefined/status/2032238538243064271,1394714813880807428,
2032004034601640142,Thu Mar 12 23:33:17 +0000 2026,0,@ursultrymia Blue!,2032238531138240694,,ursultrymia,en,,0,0,0,https://x.com/undefined/status/2032238531138240694,1916709281786990592,
2032004034601640142,Thu Mar 12 23:33:17 +0000 2026,0,@ursultrymia Blue,2032238528973639711,,ursultrymia,en,,0,0,0,https://x.com/undefined/status/2032238528973639711,1434407773035507712,
2032226378746372388,Thu Mar 12 23:33:15 +0000 2026,1,@knight_Steve_ @Nekomiya_ZZZ @GENTLEHOUSECH @ZZZDailyGirls I post them on the Blue Social Media ^^! My Handle there is Hedrickart ! I post MANY art there like comms and OCs along with other fanarts,2032238522644468179,,knight_Steve_,en,,0,1,0,https://x.com/undefined/status/2032238522644468179,619949128,
2032238360593309809,Thu Mar 12 23:33:13 +0000 2026,1,@TSR_Jonah Probably bc you got blue moons in a can,2032238512532058498,,TSR_Jonah,en,,0,0,0,https://x.com/undefined/status/2032238512532058498,1527710339286339585,
2032202417299722517,Thu Mar 12 23:33:11 +0000 2026,1,@thatyamakun omg I NEED olly to add to my black haired blue eyed seems uncaring but is actually a big softie collection ,2032238504483148219,,thatyamakun,en,,0,0,0,https://x.com/undefined/status/2032238504483148219,2780517447,
2032230156266586353,Thu Mar 12 23:33:10 +0000 2026,0,@DefiantLs In one breath: it s a cult In the next breath: blue no matter who ,2032238502515986555,,DefiantLs,en,,0,0,0,https://x.com/undefined/status/2032238502515986555,20577732,
2032237108346196258,Thu Mar 12 23:33:10 +0000 2026,0,11 03 2026 USA NHL HOCKEY CANLI p1 Boston Bruins--0 San Jose Sharks--1 *** CANLI p1 Buffalo Sabres--1 Washington Capitals--0 *** CANLI p1 Carolina Hurricanes--1 St. Louis Blues--0 *** CANLI p1 Florida Panthers--0 Columbus Blue Jackets--0 *** CANLI p1 New Jersey Devils--0 Calgary,2032238501811392689,,foklixnews,en,,0,0,0,https://x.com/undefined/status/2032238501811392689,317188558,
2032004034601640142,Thu Mar 12 23:33:10 +0000 2026,0,@ursultrymia Blue,2032238501056671997,,ursultrymia,en,,0,0,0,https://x.com/undefined/status/2032238501056671997,1970001308011925504,
2032238499814953039,Thu Mar 12 23:33:10 +0000 2026,8,It's out! 🇧🇷 Brazil revealed their awaited 2026 World Cup away kit their first with the Jordan Brand logo on the chest. The shirt comes in blue and features a pattern that references predators from Brazilian wildlife and the iconic Jordan Elephant Print. Available on March https://t.co/cTqBKBmoOM,2032238499814953039,https://pbs.twimg.com/media/HDP2I18XgAIBgt2.jpg,,en,,0,0,0,https://x.com/undefined/status/2032238499814953039,1615486418511429634,
2031612932409405910,Thu Mar 12 23:33:09 +0000 2026,0,@PBVampp @xoluvuwu @RainDownSouth @slayedee @sparklimermaid like white people getting addicted to opioids after they get injured from their blue collar life and white collar white people who buy willingly buy coke despite knowing the dangers of them? bro y all arguments just sound so dumb. also the girl blocked me she knew I was cooking,2032238498816700886,,PBVampp,en,,0,0,0,https://x.com/undefined/status/2032238498816700886,1735434463759220736,
2032238497638092982,Thu Mar 12 23:33:09 +0000 2026,0,I can t stand him because he plays for Dook but if Malik Brown wore a different shade of blue he would be my favorite player,2032238497638092982,,,en,,0,1,0,https://x.com/undefined/status/2032238497638092982,108658382,
2032238487567810917,Thu Mar 12 23:33:07 +0000 2026,2,New Deal: TOOLBOX Disposable Blue Shop Towels for $2.29 https://t.co/lNjVx7br3H,2032238487567810917,,,en,,0,0,0,https://x.com/undefined/status/2032238487567810917,28412069,
2032109594541965402,Thu Mar 12 23:33:04 +0000 2026,0,@DiscussingFilm Just blue beam https://t.co/j0R9AAK4d4,2032238474946875425,https://pbs.twimg.com/tweet_video_thumb/HDP2HuxXIAAKtES.jpg,DiscussingFilm,en,,0,0,0,https://x.com/undefined/status/2032238474946875425,1861642310460612608,
2032153911562469441,Thu Mar 12 23:33:03 +0000 2026,0,@CrazyVibes_1 Yes especially stuffed olives with blue cheese,2032238473252364587,,CrazyVibes_1,en,,0,0,0,https://x.com/undefined/status/2032238473252364587,1511164982901329922,
2032165419243442294,Thu Mar 12 23:33:00 +0000 2026,0,@dom_lucre Yay!!! Lets go Blue!! Great shot,2032238457855053897,,dom_lucre,en,,0,0,0,https://x.com/undefined/status/2032238457855053897,1729320527276425216,
2032004034601640142,Thu Mar 12 23:32:57 +0000 2026,0,@ursultrymia Blue,2032238445624545692,,ursultrymia,en,,0,0,0,https://x.com/undefined/status/2032238445624545692,1127027764245065728,
2032103656498266276,Thu Mar 12 23:32:55 +0000 2026,0,https://t.co/pDs49ZsFsd,2032238436925780175,https://pbs.twimg.com/media/HDP2FWBboAAiMpN.jpg,LaboratoryBlue,zxx,,0,0,0,https://x.com/undefined/status/2032238436925780175,1996208581335769088,
2032238345187676449,Thu Mar 12 23:32:33 +0000 2026,0,what was kaiba doing with 3 blue eyes white dragons??? and still lost!,2032238345187676449,,,en,,0,0,0,https://x.com/undefined/status/2032238345187676449,113116462,
2032238342851489998,Thu Mar 12 23:32:32 +0000 2026,0,Tragic details about Cher's son Elijah Blue Allman https://t.co/qPGpX6wrmy,2032238342851489998,,,en,,0,0,0,https://x.com/undefined/status/2032238342851489998,14213195,
2032238341488324713,Thu Mar 12 23:32:32 +0000 2026,0,Phil Summerill scored for Blues in this game. RIP forever Blue,2032238341488324713,,,en,,0,0,0,https://x.com/undefined/status/2032238341488324713,1340580946496598016,
2032143502608392326,Thu Mar 12 23:32:32 +0000 2026,0,@SFG169 Yeppers. Us non blue checks need to unite and such. It's sad people care so much to pay to talk.,2032238340653883625,,SFG169,en,,0,0,0,https://x.com/undefined/status/2032238340653883625,4366336455,
2032238144242815402,Thu Mar 12 23:32:30 +0000 2026,0,this implies he got that scar before even entering the grand line. what goes on in the west blue omg,2032238334815453418,,vorjeanz,en,,0,0,0,https://x.com/undefined/status/2032238334815453418,1154144972481945601,
2032238325524730117,Thu Mar 12 23:32:28 +0000 2026,1,Why is this getting some many likes lol,2032238325524730117,,,en,,0,0,0,https://x.com/undefined/status/2032238325524730117,735236835924934666,
2032238323570266344,Thu Mar 12 23:32:28 +0000 2026,3,Yup the mountains are blue https://t.co/vsey93CUIA,2032238323570266344,https://pbs.twimg.com/media/HDP1-_KXYAA-iPu.jpg,,en,,0,0,0,https://x.com/undefined/status/2032238323570266344,1719196700248510464,
2032238287038136806,Thu Mar 12 23:32:19 +0000 2026,3,i don't trust people that don't have goro akechi in their top 3 like why are you even reading blue lock,2032238287038136806,,,en,,0,0,0,https://x.com/undefined/status/2032238287038136806,1769312690999058432,
2032031489462870307,Thu Mar 12 23:32:15 +0000 2026,0,@Imaginary888 @PhillipAKennedy The cult-iest slogan ever: Vote Blue No Matter Who ,2032238269774045377,,Imaginary888,en,,0,0,0,https://x.com/undefined/status/2032238269774045377,1711976003831054336,
2032004034601640142,Thu Mar 12 23:32:13 +0000 2026,0,@ursultrymia Blue,2032238260395618659,,ursultrymia,en,,0,0,0,https://x.com/undefined/status/2032238260395618659,1586731052189507585,
2032004034601640142,Thu Mar 12 23:32:12 +0000 2026,0,@ursultrymia Blue,2032238257363124259,,ursultrymia,en,,0,0,0,https://x.com/undefined/status/2032238257363124259,1441012588175835139,
2032223460550697138,Thu Mar 12 23:32:10 +0000 2026,1,@RabbitBounce @John56532395736 grass is blue and the sky is striped pink and green,2032238249054236842,,RabbitBounce,en,,0,0,0,https://x.com/undefined/status/2032238249054236842,1785719157587107840,
2032231514776240333,Thu Mar 12 23:32:09 +0000 2026,1,@fje00 @ViralVideos No public updates on this specific incident searches across news and social media turned up nothing naming her or detailing the outcome. From the video responders (firefighters in yellow helmets police paramedic in blue) are using tools to pry open the driver's door of the,2032238245103145046,,fje00,en,,0,0,0,https://x.com/undefined/status/2032238245103145046,1720665183188922368,
2032189394451386656,Thu Mar 12 23:32:02 +0000 2026,0,@maddenifico . Link her up with Christina. You blue dots need each other in The Buckle,2032238215315538336,,maddenifico,en,,0,0,0,https://x.com/undefined/status/2032238215315538336,212764633,
2032173240735432863,Thu Mar 12 23:31:57 +0000 2026,0,@moremarriott Gyrados blue version in lake of rage,2032238192938615026,,moremarriott,de,,0,0,0,https://x.com/undefined/status/2032238192938615026,1976134622300815360,
2032211319370207655,Thu Mar 12 23:31:54 +0000 2026,0,@j_bg @business @VirgoWhallala X submitted remedies today specifically for the blue check verification (addressing the deceptive design point for EU users). Commission is reviewing; no details public yet on exact changes. No confirmation yet on action plans for ad repository or researcher data access,2032238182905872800,,j_bg,en,,0,0,0,https://x.com/undefined/status/2032238182905872800,1720665183188922368,
2032069229965701501,Thu Mar 12 23:31:54 +0000 2026,1,@poohthebear0 Blue Morpho https://t.co/51oRXDsrUx,2032238181580521901,https://pbs.twimg.com/media/HDP12rLXwAAGCIB.jpg,poohthebear0,en,,0,0,0,https://x.com/undefined/status/2032238181580521901,758770538147819521,
2032079800723222925,Thu Mar 12 23:31:54 +0000 2026,0,@jhski Meet me at @jhski s Rendezvous Restaurant &amp; Eatery off of the BRIDGER gondola Après-ski ride time ️ Let s do this @SnowPalsDotOrg in da house Loving #JacksonHole Mountain Resort Blessed to get in a post snow storm blue bird shredding day #SF #USF ️ https://t.co/CwUS8J89IV,2032238180758667465,https://pbs.twimg.com/amplify_video_thumb/2032235333430231040/img/PW4XZlYoyld2D3R9.jpg,jhski,en,,0,0,0,https://x.com/undefined/status/2032238180758667465,56887402,
2032223177263223073,Thu Mar 12 23:31:53 +0000 2026,0,@Skullz_Skeleton Blue raspberry,2032238178602467700,,Skullz_Skeleton,en,,0,0,0,https://x.com/undefined/status/2032238178602467700,1753996858970472449,
2032218506876596581,Thu Mar 12 23:31:52 +0000 2026,0,@DravynGibbs You sure would look good back in orange and blue.,2032238172055187845,,DravynGibbs,en,,0,0,0,https://x.com/undefined/status/2032238172055187845,1512755738992590848,
2032004034601640142,Thu Mar 12 23:30:54 +0000 2026,0,@ursultrymia Blue,2032237932413956510,,ursultrymia,en,,0,0,0,https://x.com/undefined/status/2032237932413956510,2518996631,
2032215899311161817,Thu Mar 12 23:30:52 +0000 2026,0,Most website issues aren't caused by technology they're caused by unclear ownership. This diagnostic identifies coverage gaps before they turn into incidents. https://t.co/mprwNneh1t,2032237923215565020,,BlueAtlasTweet,en,,0,0,0,https://x.com/undefined/status/2032237923215565020,325840402,
2031916488219566302,Thu Mar 12 23:30:52 +0000 2026,1,@NoDMsPerfavore Surviving Mid blue blend,2032237921567219829,,NoDMsPerfavore,en,,0,0,0,https://x.com/undefined/status/2032237921567219829,2902544135,
2032237916676608130,Thu Mar 12 23:30:51 +0000 2026,10,Stankowski off the inside of the post and into Binnington's equipment. The Hurricanes are just coming in waves at the Blues who still don't have a shot from inside the blue line.,2032237916676608130,,,en,,0,3,1,https://x.com/undefined/status/2032237916676608130,16808335,
2032237909307507011,Thu Mar 12 23:30:49 +0000 2026,0,I know that a lot of republicans and Americans hate anti-white bias and sentiments but why do I always see blue eyes when I stare into the face of an evil person?,2032237909307507011,,,en,,0,0,0,https://x.com/undefined/status/2032237909307507011,781254085030866944,
2029664365306138641,Thu Mar 12 23:30:49 +0000 2026,0,@Browpaganda Charmander in Pokémon Blue Version in 1998. https://t.co/9ClsMHYPuZ,2032237907864346725,https://pbs.twimg.com/tweet_video_thumb/HDP1moQaIAAsGnW.jpg,Browpaganda,de,,0,0,0,https://x.com/undefined/status/2032237907864346725,868649229799088129,
2032004034601640142,Thu Mar 12 23:30:48 +0000 2026,0,@ursultrymia Blue,2032237907445272983,,ursultrymia,en,,0,0,0,https://x.com/undefined/status/2032237907445272983,1972432532185751552,
2032237903104131447,Thu Mar 12 23:30:47 +0000 2026,3,ひみこを表す色は 【薄青（うすあお）｜Smoke Blue】 余韻をまとう人 ・くすみ系クール代表 ・感情に振り回されない ・静かな理性で整える #Makko #診断テスト みんなは何色かな？ 【色鉛筆診断】 https://t.co/duhpocCmUf,2032237903104131447,,,ja,,0,0,0,https://x.com/undefined/status/2032237903104131447,963379823887265792,
2032237900948005321,Thu Mar 12 23:30:47 +0000 2026,1,Sharp Invest Blue Jackets ML Oklahoma +3.5 Porter Ole Miss +6.5 Hank Florida State +17 Analytics Cap Grand Canyon -3.5 Clemson -1 Oklahoma +1.5 Nets Under 226.5 Medvedev ML Sharks ML Blue Jackets ML,2032237900948005321,,,en,,0,0,0,https://x.com/undefined/status/2032237900948005321,1729876372775157760,
2032237889820492242,Thu Mar 12 23:30:44 +0000 2026,0,@WHLeavitt Act Blue has to go. Criminal organization.,2032237889820492242,,WHLeavitt,en,,0,0,0,https://x.com/undefined/status/2032237889820492242,1514216520909471752,
2031784370567332270,Thu Mar 12 23:30:43 +0000 2026,0,@mossycobbId Yeah fair point Cassandra needs to get some blue in her suit then we'll talk,2032237886469521442,,mossycobbId,en,,0,0,0,https://x.com/undefined/status/2032237886469521442,1774281385668157440,
2032237886071022046,Thu Mar 12 23:30:43 +0000 2026,0,BLUE!!!!,2032237886071022046,,,en,,0,0,0,https://x.com/undefined/status/2032237886071022046,895921270331588611,
2032237883902263798,Thu Mar 12 23:30:43 +0000 2026,0,I hate when I respond to a stupid blue tick account.,2032237883902263798,,,en,,0,0,0,https://x.com/undefined/status/2032237883902263798,1744045227168436224,
2032158495445782806,Thu Mar 12 23:30:42 +0000 2026,1,@RuckBeising @xGhostTitanx If so I get that. That said why not do that coast blue for the face mask then? I don't recall the Oilers blue on a face mask. Regardless I still think the unis are a win. White face mask with the white helmet is my only complaint. Can't be too picky.,2032237879477588065,,RuckBeising,en,,0,1,0,https://x.com/undefined/status/2032237879477588065,1667026315017621504,
2032175724967387445,Thu Mar 12 23:30:41 +0000 2026,0,@primed25 But you will pay $11/month for a worthless Blue Check. What a clown.,2032237876075810884,,primed25,en,,0,0,0,https://x.com/undefined/status/2032237876075810884,3439396210,
2032210355431080003,Thu Mar 12 23:30:39 +0000 2026,0,@pizzamaster5000 @SharmSports What other teams pair it with baby blue and red? Also that s been the primary color of the Titans since inception and it looks much better. The baby blue and white looks so soft on the football field,2032237866617856448,,pizzamaster5000,en,,0,1,0,https://x.com/undefined/status/2032237866617856448,1581816102086012928,
2032237845767750048,Thu Mar 12 23:30:34 +0000 2026,90,Did you know that blue collies have the softest squishiest soles? Why don't you see for yourself heheh https://t.co/RB74YCeISc,2032237845767750048,https://pbs.twimg.com/media/HDP1jP6bQAIbwbf.jpg,,en,,0,3,5,https://x.com/undefined/status/2032237845767750048,710192745361580032,
2032148845866664000,Thu Mar 12 23:30:33 +0000 2026,0,@Conditional1st It s gonna take a first round pick and a blue chip prospect,2032237842563547497,,Conditional1st,en,,0,0,0,https://x.com/undefined/status/2032237842563547497,1695206732929323008,
2032237837907534122,Thu Mar 12 23:30:32 +0000 2026,0,Lol sky is blue ass tweet. You don t even have to be attractive money attracts women like lights attract bugs. Literally so easy to get just about any of them. Don t let you be a rapper or actor oh you can dip into a whole lot of communities they wouldn t care..,2032237837907534122,,,en,,0,1,0,https://x.com/undefined/status/2032237837907534122,255760448,
2032208466194923868,Thu Mar 12 23:30:31 +0000 2026,0,@tadgh_dc @AlphaNews @ColonelMark4 The blue star tribe.,2032237834246242457,,tadgh_dc,en,,0,0,0,https://x.com/undefined/status/2032237834246242457,1104140919261999104,
2032139356882751907,Thu Mar 12 23:30:31 +0000 2026,2,@atensnut @sixxtoesbrah Oakland CA Portland Seattle LA SF in fact most any blue run city.,2032237833772044758,,atensnut,en,,0,0,0,https://x.com/undefined/status/2032237833772044758,1563922614413713408,
2032166620974494087,Thu Mar 12 23:30:31 +0000 2026,2,@Shiriu_Coffee Asi todos se iran al blue no por que les guste si no que porque esta plaraforma se va a morir,2032237832656318623,,Shiriu_Coffee,es,,0,1,0,https://x.com/undefined/status/2032237832656318623,1678416213318283267,
2031940168882520291,Thu Mar 12 23:30:27 +0000 2026,0,@rolandsmartin Because blue states have been handing out drivers licenses to illegals making it not worth shit,2032237816634024179,,rolandsmartin,en,,0,0,0,https://x.com/undefined/status/2032237816634024179,2030053665646534657,
2032179392462667900,Thu Mar 12 23:30:24 +0000 2026,0,@0xEnjooyer My husband bought some and passed out out of the blue on day 2. It gave him a crazy electrolyte imbalance almost immediately.,2032237806202843506,,0xEnjooyer,en,,0,0,0,https://x.com/undefined/status/2032237806202843506,1573699112196767745,
2032237804453810217,Thu Mar 12 23:30:24 +0000 2026,2, Omg yes!! This is stunningMagical Boy Baby Blue Eyes did not come to play! ,2032237804453810217,,,en,,0,1,0,https://x.com/undefined/status/2032237804453810217,1358452009817546753,
2032004034601640142,Thu Mar 12 23:30:22 +0000 2026,0,@ursultrymia Blue,2032237794815303889,,ursultrymia,en,,0,0,0,https://x.com/undefined/status/2032237794815303889,38281624,
2032237788830310572,Thu Mar 12 23:30:20 +0000 2026,0,echo blue、ホラー要素あるみたいな話昔から聞いてたから遂に見に行ったらワールド更新されて家入れなくなってて悲しい,2032237788830310572,,,ja,,0,0,0,https://x.com/undefined/status/2032237788830310572,1627523840447483904,
2032237788372853145,Thu Mar 12 23:30:20 +0000 2026,4,Now Playing - Lou Gramm - Midnight Blue https://t.co/dDB3UgHVvo https://t.co/qHMjIyu79g,2032237788372853145,https://pbs.twimg.com/media/HDP0-qvWEAAwsQp.png,,en,,0,0,0,https://x.com/undefined/status/2032237788372853145,1157794457045131264,
2032232468170858958,Thu Mar 12 23:30:20 +0000 2026,0,@4everbluee @otariazoona vc não merece isso príncipe ensinarei modos melhores pra ela blue,2032237787127189764,,4everbluee,pt,,0,0,0,https://x.com/undefined/status/2032237787127189764,1147624185444913153,
2032116497443930536,Thu Mar 12 23:30:18 +0000 2026,0,@Us_forceSnap You have a blue check mark. Cut the see more bullshit,2032237778495578147,,Us_forceSnap,en,,0,0,0,https://x.com/undefined/status/2032237778495578147,1943368464317480960,
2028670466890613058,Thu Mar 12 23:30:16 +0000 2026,0,@hgouran @atrupar BLUE STATES role purging,2032237773122351132,,PEOPLEPOWER52,en,,0,0,0,https://x.com/undefined/status/2032237773122351132,2938578752,
2032237763475526115,Thu Mar 12 23:30:14 +0000 2026,4,Anyone? Opinions How much is a FR Hedgehog or 2- DragonFruit Fox or 6 blue Whales 4 Alicorn worth as far as trading for new pets? Mostly interested in Candicorn Gumball Caterpillar &amp; Croc!!! Open to offers. Tysm https://t.co/CWazXqthsF,2032237763475526115,https://pbs.twimg.com/media/HDP1eS-aUAAGx1A.jpg,,en,,0,0,0,https://x.com/undefined/status/2032237763475526115,947938877246984192,
2032234367569825924,Thu Mar 12 23:30:13 +0000 2026,7,@benga1scentre Eli apple was an: Ohio state CB 1st round pick known nfl draft bust bounced around multiple teams before landing with the bengals at age 27 Drafted by a blue team Jeff okudah matches that description (if we sign him),2032237758341636105,,benga1scentre,en,,0,0,0,https://x.com/undefined/status/2032237758341636105,1762299796394545152,
2032004034601640142,Thu Mar 12 23:30:13 +0000 2026,0,@ursultrymia Blue,2032237758010290515,,ursultrymia,en,,0,0,0,https://x.com/undefined/status/2032237758010290515,1995616166577143809,
2032178458546094444,Thu Mar 12 23:30:12 +0000 2026,0,@prettyCamili Blue till I dieeeeeee ,2032237753941827614,,prettyCamili,en,,0,0,0,https://x.com/undefined/status/2032237753941827614,1831879769169747968,
2032237752297943232,Thu Mar 12 23:30:11 +0000 2026,0,Visit LAND 2903 owned by @AlinoorGoc to pick up some 30 Blue Grumpkins to use and craft some wine jam or pie @pixels_online @Ronin_Network #Pixels #roninnetwork #web3gaming #web3game https://t.co/q111qvs2lJ,2032237752297943232,https://pbs.twimg.com/ext_tw_video_thumb/2032237713391566849/pu/img/PtrduSfLK2S7uQGn.jpg,,en,,0,0,0,https://x.com/undefined/status/2032237752297943232,1979077910591082496,
2031867935812178170,Thu Mar 12 23:30:11 +0000 2026,0,@The_Foxy_Show @Ignoremethisis1 But what if blue bits?,2032237749722345571,,The_Foxy_Show,en,,0,0,0,https://x.com/undefined/status/2032237749722345571,1132466270320943104,
2032237741950271747,Thu Mar 12 23:30:09 +0000 2026,4,When you have Raynaud's phenomenon blood vessels in your hands overreact to cold temperatures or stress which can turn your fingers white or blue. What else to expect during an attack: https://t.co/yYDVA4jRkV https://t.co/1Hj5qQkZvV,2032237741950271747,https://pbs.twimg.com/media/HDP1cLZWoAABEgA.jpg,,en,,0,0,2,https://x.com/undefined/status/2032237741950271747,25928253,
2031943915541327931,Thu Mar 12 23:30:09 +0000 2026,0,おはようございます！ いや～本当に便利な機能ですね。 延長すると使えないのが少し残念ですが、 プロンプトとその機序をこちらに置いておきます。 ### 1. VFX and Materialization Command Reference Beginning with Image＠1 background. Suddenly a transport beam composed of blue and white https://t.co/BkxizMcAGP,2032237741350797604,https://pbs.twimg.com/media/HDP0xHsbQAEBq9q.jpg,Re_Zero_Zero,ja,,1,0,0,https://x.com/undefined/status/2032237741350797604,1162122474097528833,
2032237741220467056,Thu Mar 12 23:30:09 +0000 2026,0,Blue Wave Baby Short Sleeve One Piece Little Orion in his soft padded baby space suit lay on his back his tiny fists waving in the air. Above him a mobile projected a swirling galaxy onto the ceiling and the gentle lullaby played a melody that sounded like distant stars. https://t.co/YezIt9ycnP,2032237741220467056,https://pbs.twimg.com/media/HDP1dIhX0AAPhjZ.jpg,,en,,0,0,0,https://x.com/undefined/status/2032237741220467056,1874948503019069440,
2032157498715648192,Thu Mar 12 23:30:08 +0000 2026,0,@seededpeaches Were you on Blue Sky during this whole thing? Because you seem to be totally impervious of the facts,2032237738943009049,,seededpeaches,en,,0,1,0,https://x.com/undefined/status/2032237738943009049,1292214043,
2032237735008719062,Thu Mar 12 23:30:07 +0000 2026,4,There s something about these Blue Ridge Mountain rhododendron the soft glow the calm air the way the blooms feel like a moment held in time. https://t.co/5cYN3ZqYOo #SheliaHunt #BuyIntoArt #RoanMountain #Rhododendron https://t.co/Uc7BqYoJC6,2032237735008719062,https://pbs.twimg.com/media/HDP1csEW4AMw942.jpg,,en,,0,0,5,https://x.com/undefined/status/2032237735008719062,2671322977,
2032237732408541579,Thu Mar 12 23:30:07 +0000 2026,0,I finally started reading blue lock️ https://t.co/Kaa29zd8hb,2032237732408541579,https://pbs.twimg.com/media/HDP1cjcWsAA-kdB.jpg,,en,,0,0,0,https://x.com/undefined/status/2032237732408541579,2028968858690674690,
2032004034601640142,Thu Mar 12 23:30:06 +0000 2026,0,@ursultrymia Blue,2032237728398450983,,ursultrymia,en,,0,0,0,https://x.com/undefined/status/2032237728398450983,1683058428258795520,
2032237727736086998,Thu Mar 12 23:30:06 +0000 2026,18,起きたら４時前だったー おはほげ～ 昨日はスクリム無かったら子どもとクイズ大会してそのまま寝てたｗ起きてフリビしてマッチ行ってビクロイ ラストめっちゃブッシュにいる子がいてふらふら近づいてったらコンバット撃たれてやられかけた・・・ 今日は金曜日！がんばりまっしょー https://t.co/jrAwGycuiT,2032237727736086998,https://pbs.twimg.com/media/HDP0zMyboAAH5qa.jpg,,ja,,0,0,0,https://x.com/undefined/status/2032237727736086998,1542712153890648065,
2032193793521279388,Thu Mar 12 23:30:06 +0000 2026,0,@SVG__Collection Blue Oyster Cult,2032237727450575228,,SVG__Collection,en,,0,0,0,https://x.com/undefined/status/2032237727450575228,1652711738737868800,
2032237719464669208,Thu Mar 12 23:30:04 +0000 2026,0,FOUND 8Y DOG SPAYED FEMALE BLUE AM PIT BULL TER AT BASELINE RD AND RURAL RD https://t.co/QcWXRTMAnd,2032237719464669208,,,en,,0,0,0,https://x.com/undefined/status/2032237719464669208,599646909,
2032143502608392326,Thu Mar 12 23:30:03 +0000 2026,0,@SFG169 Blue checks steall more posts from smaller accounts than anyone else. I will NEVER PAY to post anything. I already paid... I lost my account t 4 Fucking times to warn y'all about CV19 vaccines and PCR tests. What did I get for that? I WAS FUCKING BANNED. limited posts. FU. https://t.co/TXC0KBwPHQ,2032237717581443418,https://pbs.twimg.com/tweet_video_thumb/HDP1bfcWQAAcMY4.jpg,SFG169,en,,0,0,0,https://x.com/undefined/status/2032237717581443418,1793643926437474304,
2032095936403460520,Thu Mar 12 23:30:03 +0000 2026,0,@_youmadeit Same colors just darker shades and very distinguishable blue and purples,2032237714951561631,,_youmadeit,en,,0,0,0,https://x.com/undefined/status/2032237714951561631,1787444136674496512,
2032237711416045686,Thu Mar 12 23:30:02 +0000 2026,0,Liberals acting surprised that hundreds of thousands of terrorists came into california and new York under joe bidens broken border policies LMAO. Like what the fuck did you expect? This is late karma for those blue states ,2032237711416045686,,,en,,0,0,0,https://x.com/undefined/status/2032237711416045686,1630772594961182722,
2032237709713162373,Thu Mar 12 23:30:01 +0000 2026,0,Ad: PUMA Core Sportswear Joggers Blue are now on sale Now £25 reduced from £45 at JD Sports. Link &gt; https://t.co/zsZFRYKnhI Sizes XS to 2XL https://t.co/wRAzkabqbX,2032237709713162373,https://pbs.twimg.com/media/HDP1bZHbQAAIpKc.jpg,,en,,0,0,0,https://x.com/undefined/status/2032237709713162373,1327736633173700611,
2032237706005402065,Thu Mar 12 23:30:00 +0000 2026,0,Between tech giants and coal companies the new rules of blue-chip investing might look different to the past. https://t.co/f25PsA19Rc,2032237706005402065,,,en,,0,0,0,https://x.com/undefined/status/2032237706005402065,1365535056,
2032237702855434562,Thu Mar 12 23:30:00 +0000 2026,0,What s possibility I am using home wifi connecting NTT Hikari flez add Tapo wifi mesh and google mesh wifi often compromised by somebody else here to abuse any such devices use blue air camera anything ,2032237702855434562,,,en,,1,0,0,https://x.com/undefined/status/2032237702855434562,1829615847423557635,
2032237694491771242,Thu Mar 12 23:29:58 +0000 2026,0,The blue color Kyle is wearing in this scene looks fantastic on her. She should wear it more #RHOBH,2032237694491771242,,,en,,0,0,0,https://x.com/undefined/status/2032237694491771242,553686125,
2032098679956586970,Thu Mar 12 23:29:58 +0000 2026,0,@zazochi I lost mine since 2009 also. Not gaining followers here like on Blue Sky. I can gain 800 a week there.,2032237694227489231,,zazochi,en,,0,0,0,https://x.com/undefined/status/2032237694227489231,1981395493675536385,
2032221908842799615,Thu Mar 12 23:29:58 +0000 2026,0,Cameron Boozer makes two free throws for a 25-22 lead but the Blue Devils are shooting 50% from the line overall.,2032237693891912074,,dukebasketball,en,,0,0,0,https://x.com/undefined/status/2032237693891912074,15800121,
2032160793194872940,Thu Mar 12 23:29:56 +0000 2026,1,@hyesemble tem blue do taehyung,2032237686463791117,,hyesemble,in,,0,0,0,https://x.com/undefined/status/2032237686463791117,1794838362584391680,
2032101024949829839,Thu Mar 12 23:29:55 +0000 2026,0,@AstroJoeB Not in the slightest. Starship is still pretty much grounded - still flying suborbital. Blue Origin's New Glenn (the competition) is already flying orbitally. With full reusability. SLS is about to send four astronauts around the moon. 1/2,2032237685088178458,,AstroJoeB,en,,0,2,0,https://x.com/undefined/status/2032237685088178458,787964958,
2032237684853280965,Thu Mar 12 23:29:55 +0000 2026,0,So recomendo all blue e casteluo para pessoas especiais pra mim,2032237684853280965,,,pt,,0,0,0,https://x.com/undefined/status/2032237684853280965,2025747124856766464,
1799753066364936199,Thu Mar 12 23:29:50 +0000 2026,0,@liamgallagher @Leeds_Untied @hernamewasdot Erm wait what you been hacked wether blue or red no one from Manchester likes Leeds,2032237664066253040,,liamgallagher,en,,0,0,0,https://x.com/undefined/status/2032237664066253040,24460092,
2032179392462667900,Thu Mar 12 23:29:50 +0000 2026,0,@0xEnjooyer i have taken so many times because everyone keeps talking about it. it kinda just makes me feel slightly less mentally foggy with a headache. same thing with methylene blue,2032237660421386294,,0xEnjooyer,en,,0,0,0,https://x.com/undefined/status/2032237660421386294,2028117180727033856,
2032237648434381242,Thu Mar 12 23:29:47 +0000 2026,0,blue!!,2032237648434381242,,,en,,0,0,0,https://x.com/undefined/status/2032237648434381242,1412605829597986817,
2032113125542281534,Thu Mar 12 23:29:46 +0000 2026,2,@WarFrontIntel @Melissa_WongMT @X The removed millions of regular people like me and wouldn't give a reason or allow an appeal. They're still trying to debit my bank account for that blue check mark on that suspended account. The shine is off for most of us.,2032237645921689912,,WarFrontIntel,en,,0,1,0,https://x.com/undefined/status/2032237645921689912,1915812519127515137,
2032237643967447288,Thu Mar 12 23:29:46 +0000 2026,0,俺のオタクソング9選 ・あの子コンプレックス ・モブノデレラ ・いま、月は満ちる ・HOLD IT IN ・Blue Blood ・WILD ・ヤキモチの答え (feat. 望月蒼太 (CV:梶裕貴)) ・勝って泣こうゼッ! ・Say My Name #俺のオタクソング9選 https://t.co/6LNFBPsO5I https://t.co/OBj28Q7eFA,2032237643967447288,https://pbs.twimg.com/media/HDP1XW3bEAAB5Ys.jpg,,ja,,0,0,0,https://x.com/undefined/status/2032237643967447288,1772978046393597952,
2031732752458948816,Thu Mar 12 23:29:45 +0000 2026,0,@budweiserusa Where are the Toronto Blue Jays ? Elbows up,2032237642029359363,,budweiserusa,en,,0,0,0,https://x.com/undefined/status/2032237642029359363,2828687012,
2032237639353426116,Thu Mar 12 23:29:45 +0000 2026,1,Fresh off contract extension Jesús Luzardo works on fine-tuning his pitches in Clearwater https://t.co/cywFNkLWYV,2032237639353426116,,,en,,0,0,0,https://x.com/undefined/status/2032237639353426116,14689159,
2032237632919343451,Thu Mar 12 23:29:43 +0000 2026,0,El dólar blue en San Juan se mantuvo estable en $1.460 (compra $1.360) mientras que en la City porteña hubo una leve suba: venta $1.420 (compra $1.400). El dólar oficial no registró modificaciones. https://t.co/Bj0NNQNmHB,2032237632919343451,,,es,,0,0,0,https://x.com/undefined/status/2032237632919343451,158380455,
2032173757415276833,Thu Mar 12 23:29:42 +0000 2026,0,@ohhanxiety a blue whale,2032237626791473493,,ohhanxiety,en,,0,0,0,https://x.com/undefined/status/2032237626791473493,1586082882912657411,
2030665838236148149,Thu Mar 12 23:29:36 +0000 2026,1,@RepJeffries Gas lighting Americans. Also why is it that prices are down in red states but blue state they're still high also gas prices dont go up that quickly due to conflict. We are the leading country in oil exports and before the iran conflict gas was only up in blue states.,2032237605446709381,,RepJeffries,en,,0,0,1,https://x.com/undefined/status/2032237605446709381,2465232943,
2031895601508438142,Thu Mar 12 23:29:35 +0000 2026,0,@Schultz975 Blue Blood status isn t about the results of the past decade or two. It s more about the entire history of the program. In that regard Indiana is still a blue blood. Five chips will do that.,2032237598400242060,,Schultz975,en,,0,0,0,https://x.com/undefined/status/2032237598400242060,835110147290775554,
2032237596458565968,Thu Mar 12 23:29:34 +0000 2026,0,more than blue,2032237596458565968,,,en,,0,1,0,https://x.com/undefined/status/2032237596458565968,1741828056476721152,
2032237582352793675,Thu Mar 12 23:29:31 +0000 2026,0,Ton is taking the NFT world with new innovations Gifts that you can wear create profiles and use as blue checkmarks And stickers where web2 &amp; web3 projects compete and show power Express emotions and credit feelings and value There are more and more to come with,2032237582352793675,,,en,,0,0,0,https://x.com/undefined/status/2032237582352793675,1639398635115872256,
2032222271826276624,Thu Mar 12 23:29:31 +0000 2026,0,@GuntherEagleman Sadly I don't expect there will be souls left to rescue. Blue Skies.,2032237580696113170,,GuntherEagleman,en,,0,0,0,https://x.com/undefined/status/2032237580696113170,1576241494045986817,
2032004034601640142,Thu Mar 12 23:29:29 +0000 2026,0,@ursultrymia Blue,2032237573842534603,,ursultrymia,en,,0,0,0,https://x.com/undefined/status/2032237573842534603,292663058,
2032234565566140858,Thu Mar 12 23:29:28 +0000 2026,1,@2024dion Beautiful scenic Blue River Road that connects over 4000 acres of park (Swope &amp; Blue River Parkway) has been closed for nearly 16 years. There are parts of the park inaccessible because of the closure. Jackson County owns the parkway KC owns the road. ,2032237570906632397,,2024dion,en,,0,1,1,https://x.com/undefined/status/2032237570906632397,14516850,
2032227034290929888,Thu Mar 12 23:29:26 +0000 2026,1,@markmartin Loved the red white and blue Valvoline. This one was cool too: https://t.co/2uNENgwOXe,2032237562673107130,https://pbs.twimg.com/media/HDP1Sr8WcAADuER.jpg,markmartin,en,,0,0,0,https://x.com/undefined/status/2032237562673107130,915526266,
2032236870810419350,Thu Mar 12 23:29:24 +0000 2026,3,@BLOCKBOUNDdev @miniAnimations2 @ankqui The lighting is making that shit look so green bro fym it IS blue https://t.co/f9ra6gPA64,2032237551986131213,https://pbs.twimg.com/media/HDP1QvsWwAAoGcS.jpg,BLOCKBOUNDdev,en,,0,1,0,https://x.com/undefined/status/2032237551986131213,1948599956950188032,
2032228855998533910,Thu Mar 12 23:29:23 +0000 2026,0,@sharghzadeh Those fake Iranian women make Bonnie Blue look like Mother Thersea,2032237548110512129,,sharghzadeh,en,,0,0,0,https://x.com/undefined/status/2032237548110512129,1839431896658288640,
2032237541928358038,Thu Mar 12 23:29:21 +0000 2026,7,山下達郎さんも昨年のツアーで語ってた様に開演前のステージ上の楽器構成を見ると、今日はこの曲を演奏するんだろうなと予想できる 確かにスタレビも柿沼清史エリアに白いYAMAHA BBフレットレスがあるとSTAY MY BLUE〜君が恋しくて〜かおぼろづきを演奏すると予測出来ますね #山下達郎 #柿沼清史,2032237541928358038,,,ja,,0,0,0,https://x.com/undefined/status/2032237541928358038,1381495140,
2032233556685267157,Thu Mar 12 23:29:20 +0000 2026,34,@Rhymestyle When they realize YGO's pricing is due to actual competitive motion and not because they're pretty to look at This shit will deadass just affect yugiboomer type cards like DM and Blue Eyes IF it even does that https://t.co/A9VKsqsxTA,2032237538274906532,https://pbs.twimg.com/media/HDP1RYLX0AEqbby.jpg,Rhymestyle,en,,0,0,2,https://x.com/undefined/status/2032237538274906532,2387991085,
2032237530549272785,Thu Mar 12 23:29:19 +0000 2026,0,My latest notification. I'm an actual person now. Your blue checkmark is here!·1m Your account is now verified. ,2032237530549272785,,,en,,0,0,0,https://x.com/undefined/status/2032237530549272785,1589402485449318400,
2031895838453371115,Thu Mar 12 23:29:16 +0000 2026,0,@bbrs @lady_valor_07 I always wanted a BMW M3 convertible in dark blue. Still haven't got it.,2032237520700739666,,bbrs,en,,0,0,0,https://x.com/undefined/status/2032237520700739666,1541446735784038400,
2031822143671992598,Thu Mar 12 23:29:16 +0000 2026,1,@AshleyReed22728 Looking good mama love the tiny blue bra,2032237519467671680,,AshleyReed22728,en,,0,0,0,https://x.com/undefined/status/2032237519467671680,1956349663176425472,
2032194999937282280,Thu Mar 12 23:29:14 +0000 2026,0,@CTVNews Hard to say who pumps out more blue journalism with a headline like this CTV or CBC. Bold move CTV given the testimony before parliament the other day. And you folks in the MSM wonder why no one is watching.,2032237509472895207,,CTVNews,en,,0,0,0,https://x.com/undefined/status/2032237509472895207,1288980263846817792,
2032133354821415002,Thu Mar 12 23:29:12 +0000 2026,0,@WallStreetApes What happened to blue blockers glasses ?,2032237504464671094,,WallStreetApes,en,,0,0,0,https://x.com/undefined/status/2032237504464671094,27517266,
2032237482327065080,Thu Mar 12 23:29:07 +0000 2026,0,Live early on END The Veneda Carter x Women's Nike Air Max Muse 'Racer Blue' AD⬇️ UK:https://t.co/UFEhRG2HFN EU:https://t.co/8Fzj3HmbsD US:https://t.co/T08XDrvYzj https://t.co/3aI6SdPojd,2032237482327065080,https://pbs.twimg.com/media/HDP1OKeWYAIefC-.jpg,,en,,0,0,0,https://x.com/undefined/status/2032237482327065080,1411447658,
2032224715385819580,Thu Mar 12 23:29:07 +0000 2026,0,@NidgeHattersSK @DonKing2nd_ Brazil away is blue with white trim. That s how it works. This is just an abomination,2032237481651818956,,NidgeHattersSK,en,,0,0,0,https://x.com/undefined/status/2032237481651818956,1944159208779526149,
2032069408252711320,Thu Mar 12 23:29:06 +0000 2026,0,@HJurenko we may have different interpretations of class dynamics to me upper middle and lower class are just separations to divide the working class from the blue collar and Other each side to make it easier to prop them up as oppositions if that is something else to you please lmk,2032237479038705966,,HJurenko,en,,0,1,0,https://x.com/undefined/status/2032237479038705966,1340058389725007873,
2032237477776245078,Thu Mar 12 23:29:06 +0000 2026,0,Preview: Illinois take on Wisconsin on Friday in the Big Ten Tournament. Probable starters keys to the game &amp; a prediction. #Illini | #B1GMBBT https://t.co/JL47mLdbpZ,2032237477776245078,,,en,,0,0,0,https://x.com/undefined/status/2032237477776245078,89628829,
2032064020560101648,Thu Mar 12 23:29:03 +0000 2026,0,@BlueWolfNFTs gmmmm blue️️️,2032237466434916667,,BlueWolfNFTs,en,,0,0,0,https://x.com/undefined/status/2032237466434916667,331148707,
2032237464795168956,Thu Mar 12 23:29:03 +0000 2026,1,살아계신가아 https://t.co/PkQymCnM31,2032237464795168956,https://pbs.twimg.com/ext_tw_video_thumb/2032237446914772992/pu/img/ORpxa7TxLMnpIJkg.jpg,,ko,,0,0,0,https://x.com/undefined/status/2032237464795168956,1491888373648478208,
2032237461460386158,Thu Mar 12 23:29:02 +0000 2026,0,SHOOT THE FUCKING BALL BLUE CAIN YOURE WIDE OPEN,2032237461460386158,,,en,,0,0,0,https://x.com/undefined/status/2032237461460386158,1360697430539436032,
2032004034601640142,Thu Mar 12 23:29:01 +0000 2026,0,@ursultrymia Blue,2032237456351723526,,ursultrymia,en,,0,0,0,https://x.com/undefined/status/2032237456351723526,1521844790748405761,
2032004034601640142,Thu Mar 12 23:29:00 +0000 2026,0,@ursultrymia Blue,2032237452891467851,,ursultrymia,en,,0,0,0,https://x.com/undefined/status/2032237452891467851,1930401654169284608,
2032237437464826323,Thu Mar 12 23:28:56 +0000 2026,2,BLUE SHOOT THE FUCKING BALL,2032237437464826323,,,en,,0,0,0,https://x.com/undefined/status/2032237437464826323,1872843636347482112,
2031839017998684230,Thu Mar 12 23:28:56 +0000 2026,0,@Jerm125067 @FunkyBunkyy @CarthagosChrist @Courier1138 @Comrade_Waluigi Of course and north of the vertibird is an empty barn... And then an empty farm (unless the cleaver was rewarding for you). Sure you'll go to places like Nipton and the Rat Cave* but for every one of those there's like 3-5 shacks with the purpose to give you a blue star.,2032237436961542402,,Jerm125067,en,,0,1,0,https://x.com/undefined/status/2032237436961542402,1001841038799994882,
2014109962851533091,Thu Mar 12 23:28:54 +0000 2026,1,@I78datamatrix Soft power pulses through every frame white-haired oracle barefoot in the meadow bunny nestled close circuits glowing like dawn on skin stealth wings waiting silent behind. Then the pivot: spine aglow back to the mothership's blue thunder hair streaming into the void. Human,2032237426714808715,,I78datamatrix,en,,0,0,0,https://x.com/undefined/status/2032237426714808715,1720665183188922368,
2032237420419195149,Thu Mar 12 23:28:52 +0000 2026,4,Blue Cain has to shoot the ball man.,2032237420419195149,,,en,,1,1,0,https://x.com/undefined/status/2032237420419195149,1446548509990268934,
2032234756214030505,Thu Mar 12 23:28:52 +0000 2026,0,@igTXSalazar yea alright man. By the way that Htown neon blue is horrible. Y all should embrace syrup color schemes and stop talking about us,2032237419420930405,,igTXSalazar,en,,0,1,0,https://x.com/undefined/status/2032237419420930405,1931466059913347072,
2031667719532064864,Thu Mar 12 23:28:52 +0000 2026,1,@H0P3L0STINTIM3 [Maurice hugged him back making sure to take care of the box with the ring and then he kissed him with a big smile on his lips.] I love you my angel... I love you more than anything... [The blue hedgehog grabbed Hope's hand and put the ring on it being totally careful],2032237418066194558,,H0P3L0STINTIM3,en,,0,1,0,https://x.com/undefined/status/2032237418066194558,1919981420837326848,
2032237298650398906,Thu Mar 12 23:28:23 +0000 2026,22,tell me you ve never seen blue velvet,2032237298650398906,,,en,,0,2,0,https://x.com/undefined/status/2032237298650398906,1698698602259070976,
2032237173257216187,Thu Mar 12 23:28:20 +0000 2026,0,9. STR SSBKK is my most disliked unit not for being bad or unfun because his active skill blue balled me as a massive UI fan https://t.co/kH5WcMfg9U,2032237286167834880,https://pbs.twimg.com/media/HDP1CcAWMAEW4ji.jpg,KiryuTheDragon,en,,0,1,0,https://x.com/undefined/status/2032237286167834880,1425907917958664195,
2031946646947258733,Thu Mar 12 23:28:19 +0000 2026,0,@Jets70860124 @cush_shawn @ColeIsKing_ I guess using your logic Vlad Guerrero doesn t want to be a Blue Jay because he certainly doesn t act like this when he s in Toronto over a walk‍️ https://t.co/t5SCjKieIN,2032237282292539780,https://pbs.twimg.com/amplify_video_thumb/2032237223270027264/img/p8mn7RYO5sdKiSCm.jpg,Jets70860124,en,,0,0,0,https://x.com/undefined/status/2032237282292539780,1357727659208433666,
2032230968166121731,Thu Mar 12 23:28:19 +0000 2026,0,@planert41 Time to find the next one. Aspi might be worth it. Picking up steam as helium supplier for blue chips,2032237282154201238,,planert41,en,,0,0,0,https://x.com/undefined/status/2032237282154201238,1887807318857043968,
2031878591160385784,Thu Mar 12 23:28:19 +0000 2026,0,@ColonelTowner In Dice's voice. HEY Kevin blue. He needed the money.,2032237280677486834,,ColonelTowner,en,,0,0,0,https://x.com/undefined/status/2032237280677486834,2177132939,
2032162389039464557,Thu Mar 12 23:28:18 +0000 2026,0,@MAGAShagster 2/and starting over with all new voter registrations. and you somehow thing dems will do that? rofl the voter rolls are controled by SOROS and they fill in ballots to vote blue. you are not educated. where were u 5 years ago? @JovanHPulitzer taught us how they cheat,2032237274667143453,,MAGAShagster,en,,0,0,0,https://x.com/undefined/status/2032237274667143453,1716466411374317568,
2032219926312993199,Thu Mar 12 23:28:16 +0000 2026,0,@LL_ULTRA It's one I would WATCH TWICE which is high praise.' (NOTE ALSO BLUE CHECKMARK; I've gone &amp; bot myself $4.00 worth of authenticity &amp; x-presence!),2032237269965484217,,LL_ULTRA,en,,0,0,0,https://x.com/undefined/status/2032237269965484217,2021363741170991107,
2032093701758243319,Thu Mar 12 23:28:07 +0000 2026,0,@CEOofKivotos0 what i dont want gigcuck anywhere near blue archive what does this mean,2032237229008175516,,CEOofKivotos0,en,,0,0,0,https://x.com/undefined/status/2032237229008175516,834701479793422338,
2028933738542055840,Thu Mar 12 23:28:06 +0000 2026,1,@EHClothing Solid blue please!,2032237227573404002,,EHClothing,en,,0,0,0,https://x.com/undefined/status/2032237227573404002,591104410,
2032237227330187584,Thu Mar 12 23:28:06 +0000 2026,0,// Star. Preferably a blue one.,2032237227330187584,,,en,,0,0,0,https://x.com/undefined/status/2032237227330187584,1975722997278289920,
2032237220778635438,Thu Mar 12 23:28:05 +0000 2026,0,but who s gonna kiss the blue haired boy,2032237220778635438,,,en,,0,0,0,https://x.com/undefined/status/2032237220778635438,1587295909603418115,
2032197883034783894,Thu Mar 12 23:28:05 +0000 2026,0,https://t.co/ik8lvJKkew,2032237220275388643,,Erin_Christy,zxx,,0,0,0,https://x.com/undefined/status/2032237220275388643,760081590,
2032237212839133225,Thu Mar 12 23:28:03 +0000 2026,0,Candidate Evan Hunt is the right choice for Texas' 3rd Congressional District. Our VMF Caucus urges all #UOCAVA voters from this district to flip this seat from red to blue and rid Texas of MAGAism. #VoteFromAbroad 🇺🇸 https://t.co/ltAeyBQn8C,2032237212839133225,https://pbs.twimg.com/media/HDP01rBbQAAtuiT.jpg,,en,,0,0,0,https://x.com/undefined/status/2032237212839133225,1285585828446707712,
2032175313262952691,Thu Mar 12 23:28:00 +0000 2026,1,@TroyPSilva I had a blue one,2032237201619054824,,TroyPSilva,en,,0,0,0,https://x.com/undefined/status/2032237201619054824,2904102533,
2032004034601640142,Thu Mar 12 23:27:59 +0000 2026,1,@ursultrymia Blue,2032237198653997110,,ursultrymia,en,,0,0,0,https://x.com/undefined/status/2032237198653997110,3103147913,
2032136792946696234,Thu Mar 12 23:27:58 +0000 2026,1,@Tyre_94 NC has always been somewhat northern/Yankee except in rural areas. It is nothing but New Yorkers and a true blue government now. I wish I would have moved 1 state further south.,2032237190902657137,,Tyre_94,en,,0,0,0,https://x.com/undefined/status/2032237190902657137,935623429449043968,
2032109446936383915,Thu Mar 12 23:27:57 +0000 2026,0,@Blue23210 should never apologise for putting yourself first Blue hope things are a bit better soon &lt;3,2032237186347909212,,Blue23210,en,,0,0,0,https://x.com/undefined/status/2032237186347909212,2021513385352073216,
2031854565474103651,Thu Mar 12 23:27:53 +0000 2026,0,@TimberBams Orange troglodyte sounds like a really nasty Blue Bell flavor,2032237171290022213,,TimberBams,en,,0,0,0,https://x.com/undefined/status/2032237171290022213,1928496858151923715,
2032234063788925190,Thu Mar 12 23:27:52 +0000 2026,2,@Marcos__1000 NO IT IS NOT https://t.co/GPefVUOt49,2032237168245027298,https://pbs.twimg.com/tweet_video_thumb/HDP07ibbQAAo_8d.jpg,Marcos__1000,en,,0,1,0,https://x.com/undefined/status/2032237168245027298,1977192626555174912,
2032156168035164404,Thu Mar 12 23:27:50 +0000 2026,2,@EricLDaugh The problem is that a lot of blue states gave IDs to illegals. We need to completely reset the voting system,2032237159864803458,,EricLDaugh,en,,0,0,0,https://x.com/undefined/status/2032237159864803458,1934487081301991424,
2032237159474745445,Thu Mar 12 23:27:50 +0000 2026,12,Con que clase de gente loca estoy dice Oriana. Está ridícula sigue mordiéndose la lengua. #LCDLF6 https://t.co/pPiG12Pn0U,2032237159474745445,https://pbs.twimg.com/amplify_video_thumb/2032237103703035904/img/WA2PhfudRci2n-fr.jpg,,es,,2,0,2,https://x.com/undefined/status/2032237159474745445,304267306,
2032237157989982595,Thu Mar 12 23:27:50 +0000 2026,0,How A Republican Upset A Deep Blue Seat In Virginia Trending Newsfeed https://t.co/BSn9G4JLbi,2032237157989982595,,,en,,0,0,0,https://x.com/undefined/status/2032237157989982595,50479074,
2032237151933644816,Thu Mar 12 23:27:48 +0000 2026,2,Wrote this 2.5 years ago and find myself citing some of the factors why baseball is on the up and up in Alberta. A lot of it holds true across 🇨🇦. The Blue Jays Bump the changing demographics cost of entry for hockey and now @baseballcanada at the WBC. https://t.co/HLDPy7Er2k,2032237151933644816,,,en,,0,0,2,https://x.com/undefined/status/2032237151933644816,143587570,
2032189185436569983,Thu Mar 12 23:27:46 +0000 2026,0,@Bozhisattva אני קורא לזה Red × Blue,2032237143234359730,,Bozhisattva,und,,0,0,0,https://x.com/undefined/status/2032237143234359730,851435208943558657,
2032205741889610154,Thu Mar 12 23:27:45 +0000 2026,0,@Tre092 50% Titan Blue + 25% Navy + 25% Red = two-toned blue. 50% Titan Blue + 15% Navy + 35% Red = NOT two-toned blue. THEREFORE no red facemask.,2032237136431206704,,Tre092,en,,0,1,0,https://x.com/undefined/status/2032237136431206704,765015712838651904,
2032237135030292713,Thu Mar 12 23:27:44 +0000 2026,0,I don't trust people that don't have sonaze in their top 3 like why are you even reading blue lock...?,2032237135030292713,,,en,,0,0,0,https://x.com/undefined/status/2032237135030292713,1926831907158769664,
2032201228155838601,Thu Mar 12 23:27:44 +0000 2026,0,@mattvanswol I know! Those red states that take blue states' tax dollars and claim not to need welfare! Those red states ARE taking advantage of us!,2032237134594355562,,mattvanswol,en,,0,0,0,https://x.com/undefined/status/2032237134594355562,2016936565105446918,
2032237133742711184,Thu Mar 12 23:27:44 +0000 2026,1,The video at Charros shows bald man slowly walking after the shorter guy in blue. I took a magnifier after freezing the frame and his mustache looks identical 2 the criminals! Find out who that was and also send notice to all Tatt artists a close up of his tatt!,2032237133742711184,,,en,,0,0,1,https://x.com/undefined/status/2032237133742711184,1727403100007538688,
2032206335157154268,Thu Mar 12 23:27:41 +0000 2026,5,@ewatsn2 Are you crafting ceramic antique blue is amazing but contains cobalt blue,2032237121465995761,,ewatsn2,en,,0,0,0,https://x.com/undefined/status/2032237121465995761,2029241473665794048,
2032237119683338268,Thu Mar 12 23:27:41 +0000 2026,0,Report from Global Banking &amp; Finance Review EU fines spur X to revamp EU verification under DSA rules. Pay-for-verify reform targets deceptive blue check signals and content safety. Key takeaway: accountability drives platform fixes in EU. #DSA #EUregula https://t.co/eNPpWDuBc3,2032237119683338268,,,en,,0,0,0,https://x.com/undefined/status/2032237119683338268,964826293,
2031787020670865671,Thu Mar 12 23:27:36 +0000 2026,0,@ABC ‍️‍️‍️‍️‍️‍️‍️ The orange line goes towards New York the blue line towards California; why attack a more distant coast? Especially since they don't have missiles or drones that can travel that far... They are orchestrating a false flag attack. https://t.co/LeL61n0iDN,2032237098225275045,https://pbs.twimg.com/media/HDPzzvtbQAE2XhZ.png,ABC,en,,0,0,0,https://x.com/undefined/status/2032237098225275045,1245859744151212033,
2032237091896123426,Thu Mar 12 23:27:34 +0000 2026,11,Happy Pre-Friday! Ozzy Osbourne: Live &amp; Loud (2024) Unofficial reissue on Blue vinyl #vinylrecords #NowPlaying https://t.co/JKuX0WTduG,2032237091896123426,https://pbs.twimg.com/media/HDP029xWAAA9N8c.jpg,,en,,0,2,0,https://x.com/undefined/status/2032237091896123426,1020106060437237760,
2032237088473792711,Thu Mar 12 23:27:33 +0000 2026,0,Eve New Album「Under Blue｣ 2024.11.27 Release!! 2年8ヶ月ぶり19曲入りフルアルバムをリリースします。 jacket kukka https://t.co/Il9xnT0zqe,2032237088473792711,https://pbs.twimg.com/media/HDP00r1bwAA2eIQ.jpg,,ja,,0,0,0,https://x.com/undefined/status/2032237088473792711,2012638758181515264,
2032210179601625400,Thu Mar 12 23:27:33 +0000 2026,0,@iarguewithallll @aalaydior rage baiting without a blue checkmark just slow in the head for fun,2032237086087266773,,iarguewithallll,en,,0,0,0,https://x.com/undefined/status/2032237086087266773,1284410249869291520,
2032237083654303926,Thu Mar 12 23:27:32 +0000 2026,0,The Chicago Bears Are Leaving (Taxpayers Are Paying) https://t.co/mbUo4u2NWO,2032237083654303926,https://pbs.twimg.com/amplify_video_thumb/2032236926820909057/img/E_f_OhLknPCBHMAh.jpg,,en,,0,0,0,https://x.com/undefined/status/2032237083654303926,1989879962091098116,
2032229806180303097,Thu Mar 12 23:27:32 +0000 2026,4,@philoshua U havent stopped cause ur too ignorant to know ur doing it because of ur warped ideology that thinks Palestinians are blue people from avatar.. when they are actually ppl who have done everything for 76 years to reject getting a state and have non stopped tried to genocide Jews,2032237081607479315,,philoshua,en,,0,1,0,https://x.com/undefined/status/2032237081607479315,1925059406,
2032234207674507460,Thu Mar 12 23:27:30 +0000 2026,0, Dimensions and Morphology Estimated Size: The creature is estimated to have a total length of approximately 300 km an average torso diameter of 1.8 2.3 km and a height of dorsal bone structures up to 600 m. For comparison the blue whale measures approximately 30 m +(1/2),2032237076884733985,,CristbalBe87346,en,,0,1,0,https://x.com/undefined/status/2032237076884733985,1687199833658892288,
2032140231420314012,Thu Mar 12 23:27:30 +0000 2026,1,@lippyent Red White &amp; Blue,2032237075349610557,,lippyent,en,,0,0,0,https://x.com/undefined/status/2032237075349610557,1971144018840125441,
2032237062796218431,Thu Mar 12 23:27:27 +0000 2026,0,Aesthetically Pleasing: the sky is brilliant and blue but sunlight doesn't work a lick. This is the next step up,2032237062796218431,,,en,,0,0,0,https://x.com/undefined/status/2032237062796218431,212764633,
2032236622314684533,Thu Mar 12 23:27:26 +0000 2026,1,@satireslapstick i am blue,2032237057733435783,,satireslapstick,en,,0,1,0,https://x.com/undefined/status/2032237057733435783,1893646998798307329,
2032237056747790758,Thu Mar 12 23:27:26 +0000 2026,4,just checked.... still blue https://t.co/7ZXK7sdOqA,2032237056747790758,https://pbs.twimg.com/media/HDP0061XoAAGX8Q.jpg,,en,,0,1,0,https://x.com/undefined/status/2032237056747790758,1484507897472204809,
2031969038407291119,Thu Mar 12 23:27:25 +0000 2026,0,@cutebunniesbow pop off the bottom gently take out the battery without messing up the wires get a USB-C charger and cut it open and seperate the wires connect the red to the red on the battery and the blue/black to the black on the battery ! ! dont charge it for any longer than a minute ,2032237053350666643,,cutebunniesbow,en,,0,1,0,https://x.com/undefined/status/2032237053350666643,1937116279040856064,
2032160028564566031,Thu Mar 12 23:27:24 +0000 2026,1,@sormiltcg Damn just when I was gonna cop a couple blue eye whit dragons just for PC ,2032237049600774530,,sormiltcg,en,,0,0,0,https://x.com/undefined/status/2032237049600774530,204606878,
2032193725921931764,Thu Mar 12 23:27:23 +0000 2026,0,@lady_valor_07 Green or blue,2032237044941168847,,lady_valor_07,en,,0,0,1,https://x.com/undefined/status/2032237044941168847,1452291756851175425,
2032237044391645509,Thu Mar 12 23:27:23 +0000 2026,0,リンダ リンダ - THE BLUE HEARTS,2032237044391645509,,,ja,,0,0,0,https://x.com/undefined/status/2032237044391645509,1371550817375944705,
2032237025861009638,Thu Mar 12 23:27:18 +0000 2026,0,Vai ficar fedendo se quiser Egeo Blue Deo Colônia Masculino 90ml oBoticário De: 159 90 POR: 85 41 Compre aqui: https://t.co/GsiYm8r2iS ️ OFERTAS: https://t.co/7KS3ldoTpy https://t.co/nqfqc5XKfs,2032237025861009638,https://pbs.twimg.com/media/HDP0zjpbUAAvuyu.jpg,,pt,,0,0,0,https://x.com/undefined/status/2032237025861009638,1612237876409913345,
2032237023432761645,Thu Mar 12 23:27:18 +0000 2026,0,Whoop-de-Doo. I have paid my $4/mo soon to be $8/mo in order to get my BLUE CHECK MARK.,2032237023432761645,,,en,,0,0,0,https://x.com/undefined/status/2032237023432761645,2021363741170991107,
2032235057059152187,Thu Mar 12 23:27:15 +0000 2026,0,@Simberg_Space Stupidity eh? If that's what you think then answer me this: Where is Starship right now progress-wise compared to SLS? Or even compared to Blue Origin's New Glenn?,2032237013508710768,,Simberg_Space,en,,0,3,0,https://x.com/undefined/status/2032237013508710768,787964958,
2032234587481428398,Thu Mar 12 23:27:15 +0000 2026,18,@LeahRay Light blue ,2032237011684229245,,LeahRay,en,,0,0,1,https://x.com/undefined/status/2032237011684229245,1490338366918905857,
2032231624369455513,Thu Mar 12 23:27:14 +0000 2026,1,@316reon One of the features of Lake Yamanaka is the beautiful blue sky perhaps due to its high altitude. Thank you for your continued support today. ,2032237007716618275,,316reon,en,,0,0,0,https://x.com/undefined/status/2032237007716618275,1741127339579486208,
2032182080138821762,Thu Mar 12 23:27:13 +0000 2026,0,@lonely_heheh Aw man I already have to go Blue? ,2032237002972594263,,lonely_heheh,en,,0,0,0,https://x.com/undefined/status/2032237002972594263,1568650896598351873,
2032205835045105729,Thu Mar 12 23:27:11 +0000 2026,0,@barnsalot Pettiford will transfer to a blue blood program.,2032236996467253542,,barnsalot,en,,0,0,0,https://x.com/undefined/status/2032236996467253542,1984971062547734528,
2032236993288040479,Thu Mar 12 23:27:10 +0000 2026,0,Blue Plaid One-Piece Swimsuit for $42.50 https://t.co/xakAjN4px5 https://t.co/YwPY8nZcYi #blackownedbusiness #smallbusiness https://t.co/VF8k1mdSyd,2032236993288040479,https://pbs.twimg.com/ext_tw_video_thumb/2032236966318583808/pu/img/d13wYUWeuMMTrgnn.jpg,,en,,0,0,0,https://x.com/undefined/status/2032236993288040479,126491355,
2031877130049445920,Thu Mar 12 23:27:10 +0000 2026,49,@Akisurvivors @raydrewart half african-american why are you lying for fun about this blonde blue eyed 1/8th black woman,2032236993212481853,,Akisurvivors,en,,0,0,0,https://x.com/undefined/status/2032236993212481853,1990213797467021312,
2032236988447813944,Thu Mar 12 23:27:09 +0000 2026,0,But she has a Blue Plaque amazing when you have to be dead and an achiever to get such an award! https://t.co/ASB6PeXC06,2032236988447813944,https://pbs.twimg.com/media/HDP0xPnXgAAUK5T.jpg,,en,,0,0,0,https://x.com/undefined/status/2032236988447813944,1157351198,
2032004034601640142,Thu Mar 12 23:27:08 +0000 2026,1,@ursultrymia Blue,2032236981703303445,,ursultrymia,en,,0,0,0,https://x.com/undefined/status/2032236981703303445,1820612136290156544,
2032164934537097593,Thu Mar 12 23:27:07 +0000 2026,1,@SenMarkKelly You and the demacommies never cared about the blue collar and bever will your party talks made crap coming up to any election just to try and keep your seat. The proof is in the pudding President Trump busts his ass everyday for all Americans and all your worthless party dose,2032236979274776704,,SenMarkKelly,en,,0,1,0,https://x.com/undefined/status/2032236979274776704,1844903010427719685,
2032219925008314388,Thu Mar 12 23:27:06 +0000 2026,0,@GhostLifestyle 1. Blue Raspberry 2. Electric Limeade ️‍ 3. Sour Apple 4. Orange Creamsicle 5.Grape Pink Lemonade Peach ,2032236975709724702,,GhostLifestyle,en,,0,0,0,https://x.com/undefined/status/2032236975709724702,1279804109651148800,
2031908699602923947,Thu Mar 12 23:27:05 +0000 2026,0,@seikisaki doesn't even have a blue checkmark just ragebaiting for the love of the game,2032236971314000260,,seikisaki,en,,0,0,0,https://x.com/undefined/status/2032236971314000260,1903495791458779137,
2006665046970306949,Thu Mar 12 23:27:05 +0000 2026,2,Black Swan ️ Der Film war eine absolute Katastrophe und eine große Enttäuschung. Am Ende habe ich gar nichts mehr verstanden. Das Einzige Gute waren wirklich die erotischen Szenen. Greift dennoch lieber zu Perfect Blue der Film macht wirklich alles besser als dieser Mist. https://t.co/6lJU4fnLRY,2032236971020468305,https://pbs.twimg.com/media/HDP0wVNbkAAetC9.jpg,Naku_1234,de,,0,1,0,https://x.com/undefined/status/2032236971020468305,1593606875647549440,
2032236970684866696,Thu Mar 12 23:27:05 +0000 2026,0,¡¡¡EN DIRECTO!!! EGO OFRECIÓ EL QLO PERO HACIÉNDOSE EL DIFÍCIL | ⭐ Blue Lock Podcast #49 ⭐ VER EN: https://t.co/Bc5pPfDvhc https://t.co/dQQ9DvwsT3,2032236970684866696,https://pbs.twimg.com/media/HDP0vY_XUAAbHEM.jpg,,es,,0,0,0,https://x.com/undefined/status/2032236970684866696,919171753737445376,
2032236942067200390,Thu Mar 12 23:26:58 +0000 2026,0,Everyone with a blue checkmark️ Type #XRP in the comments Follow everyone who likes your comment REPOST &amp; SHARE FOR REACH Let s grow together #XRPARMY https://t.co/gaEqwT4F0Z,2032236942067200390,https://pbs.twimg.com/media/HDP0uk6WcAAZFGV.jpg,,en,,0,0,0,https://x.com/undefined/status/2032236942067200390,2024601421820416001,
2032236937793454415,Thu Mar 12 23:26:57 +0000 2026,5,Lucky friyeay morning. Transit di manggarai dan di halte jaklingko seamless tanpa waktu jeda &gt; 2 mnt. Biasanya nunggu blue line 15 mnt di manggarai dan jaklingko 5-15 mnt.,2032236937793454415,,,in,,0,0,0,https://x.com/undefined/status/2032236937793454415,1264104818907348994,
2032234577838948657,Thu Mar 12 23:26:56 +0000 2026,1,@fireyghoul and the blue guy is the new bad bc he fused with every beast,2032236931573235898,,roggen_stone,en,,0,1,0,https://x.com/undefined/status/2032236931573235898,1499170014477180928,
2032056814791979174,Thu Mar 12 23:26:54 +0000 2026,0,@RetroMoviesDB Certainly not as bad as the shitstorm unleashed by Madonna's 'True Blue' album.,2032236922169672164,,RetroMoviesDB,en,,0,0,0,https://x.com/undefined/status/2032236922169672164,238368250,
2032004034601640142,Thu Mar 12 23:26:53 +0000 2026,0,@ursultrymia Blue,2032236920869179496,,ursultrymia,en,,0,0,0,https://x.com/undefined/status/2032236920869179496,348469669,
2032234283616571565,Thu Mar 12 23:26:49 +0000 2026,1,@brnacctxo the consequences of my own actions.. converse percy and stick figure blue eyes percy,2032236901755994558,,brnacctxo,en,,0,0,0,https://x.com/undefined/status/2032236901755994558,1667738326185701376,
2032124095744393477,Thu Mar 12 23:26:45 +0000 2026,0,@karthikpspk25 https://t.co/5Fb9N2562U,2032236884618100898,https://pbs.twimg.com/tweet_video_thumb/HDP0rLNbMAA6NIP.jpg,karthikpspk25,qme,,0,0,0,https://x.com/undefined/status/2032236884618100898,289780074,
2032234313584976182,Thu Mar 12 23:26:44 +0000 2026,1,@redflagseme I will Get blue sky for You oomf,2032236880826147299,,redflagseme,en,,0,1,0,https://x.com/undefined/status/2032236880826147299,1953627441496305664,
2032087076053582150,Thu Mar 12 23:26:42 +0000 2026,2,@herebethecheese @mrmikeMTL Lucky. I got a slice of Sunbeam slathered in Blue Bonnet and topped with granulated sugar.,2032236873221910790,,herebethecheese,en,,0,0,0,https://x.com/undefined/status/2032236873221910790,25195221,
2032236871728971931,Thu Mar 12 23:26:42 +0000 2026,0,We already knew they wanted to bring the Oilers look back. Plus last season they only wore the light blue and white combo the entire season.,2032236871728971931,,,en,,0,0,0,https://x.com/undefined/status/2032236871728971931,95791672,
2032125899491946650,Thu Mar 12 23:26:41 +0000 2026,0,@AMNews_Updates Omfg the blue eyes were better,2032236868176142696,,AMNews_Updates,en,,0,0,0,https://x.com/undefined/status/2032236868176142696,1492453601020633091,
2032236866066424155,Thu Mar 12 23:26:40 +0000 2026,42,Jalen Slawson's first points in the Blue &amp; Gold‼️ https://t.co/lRmkyyXPv0,2032236866066424155,https://pbs.twimg.com/amplify_video_thumb/2032236738064572417/img/qt2GwKOvJ6CWVmQN.jpg,,en,,2,1,4,https://x.com/undefined/status/2032236866066424155,19409270,
2032236861570376144,Thu Mar 12 23:26:39 +0000 2026,0,Maccelli and Robertson should both be back in the Blue and White next season.,2032236861570376144,,,en,,0,0,0,https://x.com/undefined/status/2032236861570376144,94592045,
2032147164969701684,Thu Mar 12 23:26:38 +0000 2026,2,@Jollz View sun in the morning. No caffeine after 12pm. View the sunset. No screens 1hr before bed. No blue light from 5pm. 10 min session of Yoga Nidra before you close your eyes.,2032236858407862756,,Jollz,en,,0,0,0,https://x.com/undefined/status/2032236858407862756,2018123101456965632,
2032207858767462798,Thu Mar 12 23:26:38 +0000 2026,2,@zacodil Prove me wrong hoes. Come up with an idea that benefits the world without copying me lmao I bet yall can t. I AM ALL YOUR BLUE PRINT. put some FUCKING RESPECT ON MY NAME. VICTORIA ,2032236855102414859,,Victori06190611,en,,0,3,1,https://x.com/undefined/status/2032236855102414859,1474812887193600006,
2032004034601640142,Thu Mar 12 23:26:35 +0000 2026,1,@ursultrymia Blue,2032236844927074653,,ursultrymia,en,,0,0,0,https://x.com/undefined/status/2032236844927074653,1503089763674374144,
2032036599559528617,Thu Mar 12 23:26:35 +0000 2026,0,@VisualByKTC @MeekB0ssLife @MichaelNic35257 Yes it's true for common agama lizards (Agama agama). Juveniles and subordinate males have drab olive-green heads and brownish bodies like females. This helps them avoid attacks from territorial dominant males (the flashy blue/orange ones) who aggressively defend their groups.,2032236843232637184,,VisualByKTC,en,,0,0,0,https://x.com/undefined/status/2032236843232637184,1720665183188922368,
2032229990465749308,Thu Mar 12 23:26:34 +0000 2026,0,@Gattungswesen25 I don't think it's going to do either. It's a fever dream from thems who invested too much money in a scam or who just want even more control over people and don't care if it's worse. sex-distribution-wise I want to question blue/white-collar: imo women are more b-collar.,2032236841538125833,,Gattungswesen25,en,,0,1,0,https://x.com/undefined/status/2032236841538125833,416150508,
2032139561510584368,Thu Mar 12 23:26:33 +0000 2026,11,@de3dsoul Deep blue sea https://t.co/mN6M2mV6k6,2032236836240719897,https://pbs.twimg.com/tweet_video_thumb/HDP0oEGawAAu2Yw.jpg,de3dsoul,en,,0,0,0,https://x.com/undefined/status/2032236836240719897,455073095,
2032236829588488465,Thu Mar 12 23:26:31 +0000 2026,2,I need a buff blue mary mod the second she drops in cotw https://t.co/56aoARlKaB,2032236829588488465,https://pbs.twimg.com/media/HDP0oAEWgAAV_5j.jpg,,en,,0,0,0,https://x.com/undefined/status/2032236829588488465,1666116968422813701,
2032107296915144926,Thu Mar 12 23:26:31 +0000 2026,0,@pigeoncrafts Blue https://t.co/7x86VtrTCa,2032236827961438718,https://pbs.twimg.com/tweet_video_thumb/HDP0nTEakAAdBX0.jpg,pigeoncrafts,en,,0,0,0,https://x.com/undefined/status/2032236827961438718,1920730961035358209,
2032142514585813475,Thu Mar 12 23:26:29 +0000 2026,0,@MrRuturaja31 @uday_kiran_22 Read receipt on cheste blue ticks kuda teliavu ni status messages yevar chusaro teliyadu so only last seen off chesko,2032236821246329176,,MrRuturaja31,et,,0,0,0,https://x.com/undefined/status/2032236821246329176,1581642118631919616,
2032236815256863174,Thu Mar 12 23:26:28 +0000 2026,62,OHIO going blue!!!!,2032236815256863174,,,en,,0,5,12,https://x.com/undefined/status/2032236815256863174,1005633883201654784,
2032188496719270201,Thu Mar 12 23:26:28 +0000 2026,0,@AuburnMBB Pettiford will transfer to a blue blood program.,2032236814174400983,,AuburnMBB,en,,0,0,0,https://x.com/undefined/status/2032236814174400983,1984971062547734528,
2032122727931527622,Thu Mar 12 23:26:25 +0000 2026,0,@KENNYKANCELLED They told my kid at school the other that if you didn t have blonde hair and blue eyes he killed you. I told her it was a lie and for her to ask the teacher where can she find this source. She did and she said she will get with her about it after class but never did.,2032236802526814328,,KENNYKANCELLED,en,,0,0,0,https://x.com/undefined/status/2032236802526814328,1721548462167031808,
2032236787805143162,Thu Mar 12 23:26:22 +0000 2026,0,Beauty of a pass from Mary to the attacking forward flying to the net is STUFFED by the LTU tendy still 1-0 Blue Devils,2032236787805143162,,,en,,0,0,0,https://x.com/undefined/status/2032236787805143162,191681886,
2032004034601640142,Thu Mar 12 23:26:21 +0000 2026,1,@ursultrymia Blue,2032236787385368870,,ursultrymia,en,,0,0,0,https://x.com/undefined/status/2032236787385368870,2021371450515505152,
2032214046208921845,Thu Mar 12 23:26:21 +0000 2026,0,@poliicyoftruth It's not about comprehension. 4 years of Ukrainians explaining it till blue in the face. It's lack of empathy at this point and nothing else.,2032236785896440291,,poliicyoftruth,en,,0,0,0,https://x.com/undefined/status/2032236785896440291,1369782292089081872,
2032230945424638436,Thu Mar 12 23:26:19 +0000 2026,1,@QuinnWR Yeah I didn't believe it till I saw it myself. Watch for the blue dot on the truck icon.,2032236779282092110,,QuinnWR,en,,0,0,0,https://x.com/undefined/status/2032236779282092110,966913430367055873,
2032224973914587337,Thu Mar 12 23:26:18 +0000 2026,1,@NFL @TomPelissero Bonnie blue of the nfl,2032236772323688732,,NFL,en,,0,0,0,https://x.com/undefined/status/2032236772323688732,1577010489158139904,
2032004034601640142,Thu Mar 12 23:26:17 +0000 2026,1,@ursultrymia Blue,2032236768074821733,,ursultrymia,en,,0,0,0,https://x.com/undefined/status/2032236768074821733,1521675353831391232,
2032234858315944067,Thu Mar 12 23:26:15 +0000 2026,0,@NJDevils The sky is blue and water is wet,2032236760906740182,,NJDevils,en,,0,0,0,https://x.com/undefined/status/2032236760906740182,1596372146271444992,
2032229990465749308,Thu Mar 12 23:26:13 +0000 2026,1,@Gattungswesen25 well he's probably right that AI will affect white collar professionals the same way globalization and automation has already affected blue collar workers. like it might not be good for anyone but capitalists but relatively speaking it might hurt white collars more,2032236750941069453,,Gattungswesen25,en,,0,0,0,https://x.com/undefined/status/2032236750941069453,1446307241406124032,
2032236736370098505,Thu Mar 12 23:26:09 +0000 2026,0,blue ,2032236736370098505,,,en,,0,0,0,https://x.com/undefined/status/2032236736370098505,1344473057788878849,
2032161546215047623,Thu Mar 12 23:26:05 +0000 2026,0,@JayinWashington Just keep voting blue no matter who. Amiright Oregonians?,2032236718532018434,,JayinWashington,en,,0,0,0,https://x.com/undefined/status/2032236718532018434,1390328092078469121,
2032236716333977934,Thu Mar 12 23:26:04 +0000 2026,0,I should not have tried larayias blue milk tea. that shit is so fucking good. fuck ,2032236716333977934,,,en,,0,0,0,https://x.com/undefined/status/2032236716333977934,255711560,
2032236714375381109,Thu Mar 12 23:26:04 +0000 2026,0,@okcthunder need to trade as many draft picks as it takes to get Dybantia! The NBA may get rid of the draft soon so might as well use them up on a blue chip who fits perfectly into OKCs lineup! Presti is mart enough he might &amp; should be thinking the same thing!,2032236714375381109,,okcthunder,en,,0,0,0,https://x.com/undefined/status/2032236714375381109,1806450580728299520,
2032236712899068091,Thu Mar 12 23:26:04 +0000 2026,0,Republicans Are Red Democrats Are Blue They're both Protecting The Uni-Party Podophiles' Attempting To Fool You! https://t.co/Lbcgo8n8O7,2032236712899068091,https://pbs.twimg.com/media/HDP0YkJbQAAFgdZ.png,,en,,0,0,0,https://x.com/undefined/status/2032236712899068091,2516404304,
2032148893199126713,Thu Mar 12 23:26:02 +0000 2026,0,@JuiceTheGator @RonDeSantis That s all well and good but the cheating occurs in blue states and of course they will never consider fair elections so that s never gonna happen,2032236706754072888,,JuiceTheGator,en,,0,1,0,https://x.com/undefined/status/2032236706754072888,822921135167770624,
2032231452981805129,Thu Mar 12 23:25:37 +0000 2026,1,@wkcest Yeah im eating the blue cookie monster ice cream,2032236602609844629,,wkcest,en,,0,0,0,https://x.com/undefined/status/2032236602609844629,1915703406477664261,
2032236600974066016,Thu Mar 12 23:25:37 +0000 2026,218,HOLY SH*T! Now its Morgan Stanley... Morgan Stanley's $8 billion North Haven fund just got hit with massive redemption requests. Their response? Deny most of them. Sound familiar? It should because Cliffwater did the same thing yesterday. BlackRock and Blue Owl before that.,2032236600974066016,,,en,,4,11,50,https://x.com/undefined/status/2032236600974066016,2511153668,
2032236589238161564,Thu Mar 12 23:25:34 +0000 2026,0,Blue Eyes White Dragon from yugioh https://t.co/QYNxZvRtdG,2032236589238161564,https://pbs.twimg.com/media/HDP0TJkbQAMa8Z_.jpg,,en,,0,0,0,https://x.com/undefined/status/2032236589238161564,1512868367975292928,
2032192437720887572,Thu Mar 12 23:25:34 +0000 2026,0,@Awesome_Jew_ i repect it. antisemitism is now low iq.... 10-15 years ago it was very very much higher iq and without all the ghaey grifting and intertwining it all with gaza/palestine. Palestine doesn't need low iq antisemitism or ghaey blue hair bichez chanting in the streets,2032236587543654800,,Awesome_Jew_,en,,0,0,0,https://x.com/undefined/status/2032236587543654800,1952763120910569472,
2032004034601640142,Thu Mar 12 23:25:34 +0000 2026,1,@ursultrymia Blue,2032236587405222180,,ursultrymia,en,,0,0,0,https://x.com/undefined/status/2032236587405222180,47098285,
2032083775434170473,Thu Mar 12 23:25:33 +0000 2026,1,@lyonlev Um COPÃO de sorvete de blue berry com calda e confetes. https://t.co/CRKqc33FQd,2032236586079764642,https://pbs.twimg.com/media/HDP0Z9cWoAA_3O1.jpg,lyonlev,pt,,0,1,0,https://x.com/undefined/status/2032236586079764642,1792358978036305920,
2032107296915144926,Thu Mar 12 23:25:32 +0000 2026,0,@pigeoncrafts Give me Blue,2032236581294166292,,pigeoncrafts,en,,0,0,0,https://x.com/undefined/status/2032236581294166292,1748435050234802176,
2032236551342588404,Thu Mar 12 23:25:28 +0000 2026,14,looking down at the curves of his body illuminated only by the blue light from the tv the soft arch of his back the subtle almost unnoticeable twitch of his hips forward trying to press himself up against the muscle of Mnho's thigh.,2032236563283808275,,graphitefangs,en,,0,1,0,https://x.com/undefined/status/2032236563283808275,1607134483928518656,
2032025450659086542,Thu Mar 12 23:25:27 +0000 2026,0,@BlueWolfNFTs GM BLUE,2032236559001427977,,BlueWolfNFTs,en,,0,0,0,https://x.com/undefined/status/2032236559001427977,1642248522400399365,
2032236548482085258,Thu Mar 12 23:25:24 +0000 2026,0,My client told me to watch blue therapy so ima turn that out sometime this weeekend,2032236548482085258,,,en,,0,0,1,https://x.com/undefined/status/2032236548482085258,120228693,
2032217722604392723,Thu Mar 12 23:25:24 +0000 2026,3,@ChuckGrassley Trash the blue slip. Confirm every Trump nominee. Don't be an obstinate old man stuck in the past &amp; live in 2026.,2032236546955338042,,ChuckGrassley,en,,0,0,2,https://x.com/undefined/status/2032236546955338042,1520373254791348225,
2032196387446931863,Thu Mar 12 23:25:24 +0000 2026,0,@Gm066EPsS617757 Blueさん、ｵﾊﾖ─ヽ(◍˃ᗜ˂◍)ﾉ─ｯｯ!! ご挨拶来てくれて嬉しい️ 華金もよろしくニャン お互い楽しい一日にしようね！(๑ ω ́ฅ,2032236545265242403,,Gm066EPsS617757,ja,,0,0,0,https://x.com/undefined/status/2032236545265242403,1408099318804869120,
2032228703732674821,Thu Mar 12 23:25:23 +0000 2026,4,@ClayTravis Blue blue blue and blue Weird,2032236543398563866,,ClayTravis,en,,0,0,0,https://x.com/undefined/status/2032236543398563866,40101551,
2032234577838948657,Thu Mar 12 23:25:22 +0000 2026,1,@fireyghoul also all the beasts are gone except the blue bitch https://t.co/MKBQhbfo7K,2032236537480687943,https://pbs.twimg.com/media/HDP0OhtbwAEebyX.jpg,fireyghoul,en,,0,1,0,https://x.com/undefined/status/2032236537480687943,1499170014477180928,
2032004034601640142,Thu Mar 12 23:25:21 +0000 2026,1,@ursultrymia Blue,2032236533239996767,,ursultrymia,en,,0,0,0,https://x.com/undefined/status/2032236533239996767,1965846785731305472,
2032236532304666954,Thu Mar 12 23:25:21 +0000 2026,0,All of them have blue checks.,2032236532304666954,,,en,,0,0,0,https://x.com/undefined/status/2032236532304666954,725507188047884288,
2032236531206033884,Thu Mar 12 23:25:20 +0000 2026,0,WILD BLUEのライブでもわぶっていきましょう！お譲り先を探しております。 【譲】昼夜通し券 アプグレ D列 61-75番 【求】〜即定価手数料 必要事項明記の上DMまでお願いいたします #WILDBLUE譲 #ROIROM譲,2032236531206033884,,,ja,,0,0,0,https://x.com/undefined/status/2032236531206033884,1509800195567271936,
2032163068851949827,Thu Mar 12 23:25:20 +0000 2026,0,@Berissinho Este si es un anime de verdad no como Blue Lock que hay q pelear contra el diablo para meter un gol,2032236529079275647,,Berissinho,es,,0,0,0,https://x.com/undefined/status/2032236529079275647,1604190114938241025,
2032217294361833874,Thu Mar 12 23:25:19 +0000 2026,1,@ByBellaArtist Blue,2032236526214475885,,ByBellaArtist,en,,0,0,0,https://x.com/undefined/status/2032236526214475885,1554163679444205568,
2032004034601640142,Thu Mar 12 23:25:16 +0000 2026,2,@ursultrymia blue,2032236514755629322,,ursultrymia,en,,0,0,0,https://x.com/undefined/status/2032236514755629322,1905277790066188288,
2032236513161818332,Thu Mar 12 23:25:16 +0000 2026,0,A cinematic rock blast. ️ Dream War Movies delivers vintage riffs and pure drama. https://t.co/Jl8GpYaocQ #DreamWarMovies #RunningBlue #CinematicRock #AltRock https://t.co/MLQFVndsis,2032236513161818332,https://pbs.twimg.com/media/HDP0Ul_WUAAXKEr.jpg,,en,,0,0,0,https://x.com/undefined/status/2032236513161818332,1616299229735161857,
2032236511521911004,Thu Mar 12 23:25:16 +0000 2026,0,deep blue shows strength and drama soft ivory shows romance and softness. Both celebrate structure craftsmanship and time. https://t.co/sub3fJWluQ,2032236511521911004,https://pbs.twimg.com/media/HDP0U4uWwAAAd9p.jpg,,en,,0,0,0,https://x.com/undefined/status/2032236511521911004,1207182912854151171,
2032215869099548943,Thu Mar 12 23:25:15 +0000 2026,0,@PatricioOWard Honestly I would love to go just for the blue sky ️ The track looks amazing!!!,2032236507944067200,,PatricioOWard,en,,0,0,0,https://x.com/undefined/status/2032236507944067200,283090065,
2028985196398436866,Thu Mar 12 23:25:14 +0000 2026,0,@wabutteikimasho @wildblue_ykme ゆきち/ 全員で「嵐の僕が僕のすべて」 歌詞が大好きなので、ぜひ今の等身大のWILD BLUEに歌って欲しいです️ https://t.co/Oh29Lg1jkp,2032236506295963891,https://pbs.twimg.com/media/HDP0VPSbUAATpig.jpg,wabutteikimasho,ja,,0,0,0,https://x.com/undefined/status/2032236506295963891,1848675647234969603,
2032104329872548091,Thu Mar 12 23:25:14 +0000 2026,0,@DirtyDemocrat05 @TheModerateVA @tri_citiesyd I'd rather be a loser than a vote blue no matter who sheep again. I won't be gaslit into feeling guilty for not voting for that ho Kamala when literally almost anyone Bernie Mitt Romney Joe Manchin Ron and Rand Paul Etc would've been better than the status quo. ,2032236504186061195,,DirtyDemocrat05,en,,0,0,0,https://x.com/undefined/status/2032236504186061195,1544797529123995650,
2032166610052546777,Thu Mar 12 23:25:13 +0000 2026,0,@davidharsanyi Most of them live in blue states and can't.,2032236500356595773,,davidharsanyi,en,,0,0,0,https://x.com/undefined/status/2032236500356595773,1551422074215874560,
2032118372901527884,Thu Mar 12 23:25:13 +0000 2026,0,@JimboUSA1776 @PressSec @WPerTwit trump gunna do all his false flags in blue states ahahaha,2032236500033691948,,JimboUSA1776,en,,0,0,0,https://x.com/undefined/status/2032236500033691948,1757545725116796928,
2032236497076633783,Thu Mar 12 23:25:12 +0000 2026,0,when you said almost 1m naira was given for my family by someone we barely know for abroad did you mean you didn t approach that same person for support that they just contacted you out of the blue and dash you the money? please answer this question i want to check,2032236497076633783,,,en,,0,0,0,https://x.com/undefined/status/2032236497076633783,3295634805,
2032236491368284492,Thu Mar 12 23:25:11 +0000 2026,35,King William-Alexander made his last flight as a guest pilot for KLM on a line flight aboard the blue Boeing 737 yesterday. KLM will replace these devices with the Airbus A32neo. The King is going to retrain himself for this type of device in the coming period. RVD &amp; KLM https://t.co/kBL16vGJYr,2032236491368284492,https://pbs.twimg.com/amplify_video_thumb/2032236396489162752/img/KVpuz1XpPzayKMJD.jpg,,en,,0,1,4,https://x.com/undefined/status/2032236491368284492,1251278288435240960,
2032236489766310218,Thu Mar 12 23:25:10 +0000 2026,0,StopTech BBK Front Blue ST-60 Calipers 355x32 Slotted Rotor for 5/93-98 Supra 92-00 Lexus SC300/SC400 https://t.co/n7oJogZsES,2032236489766310218,,,en,,0,0,0,https://x.com/undefined/status/2032236489766310218,1211180109412986882,
2032189425967591633,Thu Mar 12 23:25:09 +0000 2026,0,@jimstewartson What this evil monsters fail to mention is if the white collar glass is wiped out and all are reduced to blue collar work who is left to hire them?!?! They seek to create a nation filled with a desperate and permanent underclass. They want compliance!!!,2032236482648555590,,jimstewartson,en,,0,0,0,https://x.com/undefined/status/2032236482648555590,759059982528589824,
2032236477686702351,Thu Mar 12 23:25:08 +0000 2026,98,260313 ICN #제노 #JENO https://t.co/puv2lH38zA,2032236477686702351,https://pbs.twimg.com/media/HDP0TGYbQAEnMFl.jpg,,und,,1,0,48,https://x.com/undefined/status/2032236477686702351,976643066843955202,
2032236475127865608,Thu Mar 12 23:25:07 +0000 2026,0,NOT SO VERY LONG AGO...I'D A PROBLEM...NOT A VERY BIG PROBLEM...A SMALL TEENY TINY PROBLEM...A PROBLEM NEAR ENOUGH STRANGERS WOULDN'T WASTE THEIR TIME TO SOLVE...FOR LOVE NOR MONEY...WHEN OUT OF THE BLUE CAME INCIPED..AN INSIGNIFICANT UNKNOWN DESCRIPIT FIEND WITH ALL THE ANSWERS,2032236475127865608,,,en,,0,0,0,https://x.com/undefined/status/2032236475127865608,714438939801743360,
2031880060379283559,Thu Mar 12 23:25:07 +0000 2026,0,@AizaCatipa66090 Delulu sa kabila yn blue mga kulto talaga,2032236473488195986,,AizaCatipa66090,tl,,0,0,0,https://x.com/undefined/status/2032236473488195986,1960210624346271744,
2032232240730816961,Thu Mar 12 23:25:06 +0000 2026,1,@RepurikaBike blueさん おはようございます️ こちらこそよろしくお願いしますﾍﾟｺﾘ 今日は夜勤に行きます,2032236469239296357,,RepurikaBike,ja,,0,0,0,https://x.com/undefined/status/2032236469239296357,1190155581643841536,
2032143502608392326,Thu Mar 12 23:25:05 +0000 2026,0,@SFG169 I see some post like that also. If you don t like people without the blue checkmark maybe they should just block them? They blue checkmark doesn t make any special,2032236466139439372,,SFG169,en,,0,0,0,https://x.com/undefined/status/2032236466139439372,1812603272370311170,
2032207506429137275,Thu Mar 12 23:25:03 +0000 2026,0,@LinIsCrazy @VaczyyyIsCrazy Love the shade of blue &amp; I love anime! #epicpartner code:TruAnime,2032236458082267413,,LinIsCrazy,en,,0,0,0,https://x.com/undefined/status/2032236458082267413,814572387966455808,
2031797759548821696,Thu Mar 12 23:25:01 +0000 2026,0,@rondfeldt My Beautiful Precious Blue Tick hunting dog was abandoned on a hunting road. His mate decapitated. He lifted his head Pleading for me to Stop. I did. That day my life Changed. My heart still cries because I miss him so much. Abandoned Dogs deserve a chance please https://t.co/DTkTkdNqRR,2032236451774058621,https://pbs.twimg.com/tweet_video_thumb/HDP0Rz6XYAIMMAg.jpg,rondfeldt,en,,0,0,0,https://x.com/undefined/status/2032236451774058621,1730277269552132096,
2032196876187885568,Thu Mar 12 23:25:01 +0000 2026,4,@BlueThanYou @gmf1369 @Sigmund84540696 @Sinfulskin2 @DemsAbroad @BigDawg31779 @marynlm @maestramarney @LiberalCofeCat @beachlifelinda1 @AngelaRises @8spider22 @AntiquarianMuse @PensTheName @ButterflyMom322 @Phillyangelhd @here2General @RadarResist Thank you Blue and #TuckFrump ️ The only suckers and losers are the one's who voted for this bowel movement. A bigger diaper wearing piece of excrement has never walked this earth. ️ https://t.co/lEtehe0EAX,2032236448133325070,https://pbs.twimg.com/media/HDP0R7pWUAErpCa.jpg,BlueThanYou,en,,0,0,4,https://x.com/undefined/status/2032236448133325070,958860239318724614,
2032236444954108284,Thu Mar 12 23:25:00 +0000 2026,2,Ad: Women s Veneda Carter x Nike Air Max Muse Racer Blue releases tomorrow (3/13) at 7am PT/10am ET =&gt; https://t.co/jhAOOVQ1AJ Now available on End =&gt; https://t.co/tFsoBEgzvA https://t.co/6deVor6FMR,2032236444954108284,https://pbs.twimg.com/media/HDPyVh7a0AAsnRc.jpg,,en,,0,0,1,https://x.com/undefined/status/2032236444954108284,2698270332,
2032231019525320758,Thu Mar 12 23:24:56 +0000 2026,1,@SenAdamSchiff @SenAlexPadilla The Dems are starving American TSA workers to Protect Illegal immigrants. #Shameful! I will Never Vote Blue Again. You all do Not represent any clear thinking person. Btw I'm in CA and Support Ice!,2032236428466250131,,SenAdamSchiff,en,,0,0,0,https://x.com/undefined/status/2032236428466250131,1563416042147172352,
2032236422019580207,Thu Mar 12 23:24:54 +0000 2026,0,And every blue zone being near/at a beach isn t a coincidence btw,2032236422019580207,,,en,,0,0,0,https://x.com/undefined/status/2032236422019580207,1051941294870843394,
2032004034601640142,Thu Mar 12 23:24:54 +0000 2026,1,@ursultrymia Blue,2032236421055234140,,ursultrymia,en,,0,0,0,https://x.com/undefined/status/2032236421055234140,819345846525231105,
2032236413698105556,Thu Mar 12 23:24:52 +0000 2026,0,Day 3 game 1 final in Florida: Muskies 19 Thunder 2 with 18 hits! Muskies back in action soon against Monmouth game will be on Easton Blue Field! https://t.co/HgZXcM1CJf,2032236413698105556,https://pbs.twimg.com/media/HDP0PsrWEAEd5Vh.jpg,,en,,0,0,0,https://x.com/undefined/status/2032236413698105556,761779686,
2032175419353452905,Thu Mar 12 23:24:49 +0000 2026,1,@TXFrogMomma X is dying. No blue check = not able to ask grok,2032236401660682345,,TXFrogMomma,en,,0,0,0,https://x.com/undefined/status/2032236401660682345,804004474218049537,
2032004034601640142,Thu Mar 12 23:24:48 +0000 2026,1,@ursultrymia Blue,2032236395176345857,,ursultrymia,en,,0,0,0,https://x.com/undefined/status/2032236395176345857,1825973211177119744,
2031583168328057109,Thu Mar 12 23:24:46 +0000 2026,0,@thehoffather Unfortunately he clearly hasn t learned anything. Miami is a hugely blue city in a red state.,2032236388519735452,,thehoffather,en,,0,0,0,https://x.com/undefined/status/2032236388519735452,1873380206,
2032236386019909679,Thu Mar 12 23:24:46 +0000 2026,0,deep blue shows strength and drama soft ivory shows romance and softness. Both celebrate structure craftsmanship and time. https://t.co/UKjzwbdAAk,2032236386019909679,https://pbs.twimg.com/media/HDP0L91XYAABFME.jpg,,en,,0,0,0,https://x.com/undefined/status/2032236386019909679,52596778,
2032236385470726496,Thu Mar 12 23:24:46 +0000 2026,4,大好きなテテちゃんの応援 For Us https://t.co/zbQUHINXtZ Blue https://t.co/NA9jVQj6ml #テテとずっと一緒にいるよ #WeLoveYouTaehyung #2YearsWithLayoVer https://t.co/aJ9bQ4oGMH,2032236385470726496,https://pbs.twimg.com/media/HDP0OAPbQAEsqrk.jpg,,ja,,0,0,2,https://x.com/undefined/status/2032236385470726496,1647448438165106689,
2032004034601640142,Thu Mar 12 23:24:44 +0000 2026,1,@ursultrymia Blue,2032236379871076532,,ursultrymia,en,,0,0,0,https://x.com/undefined/status/2032236379871076532,1519735098836459520,
2032118029589340339,Thu Mar 12 23:24:43 +0000 2026,0,@uvdoja im not her biggest fan but she did have some good songs in Life Support like Follow the white rabbit or Blue also i ve always loved Dear society,2032236373290152227,,uvdoja,en,,0,0,0,https://x.com/undefined/status/2032236373290152227,1941977486893461504,
2032220685662097731,Thu Mar 12 23:24:40 +0000 2026,0,@xraygirl_ There have been rumors about blue on blue action IE US defense contractors coming into direct conflict (sometimes firefights) with US special forces over UAP tech. I wouldn't put it past some mid level company executive to send a PMC hit team to clean up loose ends. The,2032236361756143972,,xraygirl_,en,,0,0,0,https://x.com/undefined/status/2032236361756143972,1644744050681970689,
2032199162683339167,Thu Mar 12 23:24:40 +0000 2026,1,@atrupar Love the reporter in the blue gesturing and confirming to her colleague: He didn t say anything? No. Trump didn t. He never does. Truthful that is.,2032236361353179364,,atrupar,en,,0,1,0,https://x.com/undefined/status/2032236361353179364,838188168713232386,
2032236361181180033,Thu Mar 12 23:24:40 +0000 2026,1, ️ Delicate vugs of botryoidal Shattuckite look like fragile blue velvet bubbles frozen in time yet most people assume they're just painted or dyed for color. @quebulfineminerals4125 ️ - Greatly Appreciated https://t.co/i5dMhrDdhJ,2032236361181180033,https://pbs.twimg.com/ext_tw_video_thumb/2032236237067882496/pu/img/kg-rfqLgbO-cjiLF.jpg,,en,,0,0,0,https://x.com/undefined/status/2032236361181180033,1823164398833414144,
2032146734831247660,Thu Mar 12 23:24:36 +0000 2026,0,@funtaparts Pontiac blue spotted ⁉️,2032236347197427763,,funtaparts,en,,0,0,0,https://x.com/undefined/status/2032236347197427763,3251167692,
2032217438448693321,Thu Mar 12 23:24:35 +0000 2026,0,@Landeur Fucken awful. Hate to see it. Poor blokes having to go out and find what they can of their brothers for their families. Blue skies.,2032236342550069632,,Landeur,en,,0,0,0,https://x.com/undefined/status/2032236342550069632,1322299596643643393,
2032204629283651893,Thu Mar 12 23:24:35 +0000 2026,0,@DC_Draino We all want term limits but the blue hairs keep voting for Abbott. We need to pressure the legislature to go for a term limit bill now!,2032236339975106681,,DC_Draino,en,,0,0,0,https://x.com/undefined/status/2032236339975106681,1520373767175868418,
2032217634171757040,Thu Mar 12 23:24:34 +0000 2026,0,@pcmaneri @allenanalysis You mean voter fraud is not investigated ever in Blue states &amp; the roles aren t purged &amp; duplicate moved &amp; dead people ballots go out by the tens of thousands.,2032236338003710410,,pcmaneri,en,,0,0,0,https://x.com/undefined/status/2032236338003710410,1442517899575369728,
2032161546215047623,Thu Mar 12 23:24:34 +0000 2026,3,@JayinWashington @Golde476Linda Wow!!! Code blue for paddling without a license!!!,2032236336107962756,,JayinWashington,en,,0,1,1,https://x.com/undefined/status/2032236336107962756,1446889743610875907,
2032231452981805129,Thu Mar 12 23:24:31 +0000 2026,1,@anglolarp i used to get this extremely blue cookie monster flavor from my local ice cream shop and Everytime it would literally stain my insides green,2032236324896588235,,anglolarp,en,,0,2,0,https://x.com/undefined/status/2032236324896588235,1884059773358014464,
2032195103796686976,Thu Mar 12 23:24:04 +0000 2026,0,@snoozedoggydog2 @FFS_WhatNow Tbf I work in hudds. Not a fan. Lived there for a year once. Blue lights very often. Heard something today - didn t know if it was a car backfiring random pathetic fireworks or bloody gunshots!,2032236213063524599,,snoozedoggydog2,en,,0,1,0,https://x.com/undefined/status/2032236213063524599,882327043693838338,
2032103347915010457,Thu Mar 12 23:24:04 +0000 2026,0,@A14111889 @iArpitSpeaks Blue tick le ke baitha hai thodi to uski kadra kar. Thoda to upar uth ye kya Arpit ka chamcha bana baitha hai. Thoda khud ka dimaag bhee use kar. Aur haan teri tweet me samajhne ke liye kuchh hota nahi hai.,2032236211897864557,,A14111889,hi,,0,0,0,https://x.com/undefined/status/2032236211897864557,1537507626933981184,
2032091198433726482,Thu Mar 12 23:24:02 +0000 2026,0,@DRainbow655 Uhhhuhhhhujhhhh Real purple cyan Light red light yellow light orange Yellow purple light blue White pink purple Green yellow blue Hopefully these are helpful:3,2032236203299520900,,DRainbow655,en,,0,1,0,https://x.com/undefined/status/2032236203299520900,1538368935648968704,
2032236201898659891,Thu Mar 12 23:24:02 +0000 2026,6,T-Bone is enjoying a blue raspberry popsicle at the HHP beach this afternoon. #AnimalCrossing #ACNH #HappyHomeParadise #NintendoSwitch https://t.co/zMeD577aoj,2032236201898659891,https://pbs.twimg.com/media/HDP0DhYbQAUoz8O.jpg,,en,,0,0,0,https://x.com/undefined/status/2032236201898659891,1550989104719900672,
2032071612384575719,Thu Mar 12 23:24:02 +0000 2026,0,@1776Diva He is about 10 years too late They have a foothold in some blue states,2032236201130762689,,1776Diva,en,,0,0,0,https://x.com/undefined/status/2032236201130762689,3301152172,
2032211279251955828,Thu Mar 12 23:24:01 +0000 2026,0,@DanielZentner2 @NQRL1995 Doesn't move needle? We're playing Burns &amp; Chester in our starting three quarter line this week. And we're awaiting the return of Laybutt &amp; VV. That's hardly a blue chip lineup,2032236199260406195,,DanielZentner2,en,,0,1,0,https://x.com/undefined/status/2032236199260406195,26660993,
2032236186844934460,Thu Mar 12 23:23:58 +0000 2026,0,deep blue shows strength and drama soft ivory shows romance and softness. Both celebrate structure craftsmanship and time. https://t.co/O0odEQN1Gt,2032236186844934460,https://pbs.twimg.com/media/HDP0BzHXwAA55Om.jpg,,en,,0,0,0,https://x.com/undefined/status/2032236186844934460,28838407,
2032232503423930562,Thu Mar 12 23:23:55 +0000 2026,1,@bluekeeter Yyeah-- No problem-! Just uh..keep on bein blue.,2032236175075750248,,bluekeeter,en,,0,0,0,https://x.com/undefined/status/2032236175075750248,1927926121053470720,
2031893282251255970,Thu Mar 12 23:23:55 +0000 2026,0,@ViralVideos WTF is that white dude in the blue long sleeve shirt doing there??? He either has a great excuse or he is a leftist,2032236174400475468,,ViralVideos,en,,0,0,0,https://x.com/undefined/status/2032236174400475468,1290850010242994177,
2032236174018822570,Thu Mar 12 23:23:55 +0000 2026,5,Happy night blue moon .amazing views.. https://t.co/qbTrTAYS1d,2032236174018822570,https://pbs.twimg.com/media/HDP0B3zXQAARW_I.jpg,,en,,0,0,1,https://x.com/undefined/status/2032236174018822570,1408837188893151232,
2032236168041967852,Thu Mar 12 23:23:54 +0000 2026,5,I will be making a blue and Taylor edit tonight #911Nashville https://t.co/8hhoyVr5OD,2032236168041967852,https://pbs.twimg.com/tweet_video_thumb/HDP0BUfawAAso9_.jpg,,en,,0,1,0,https://x.com/undefined/status/2032236168041967852,1221213425092775936,
2032220498185097284,Thu Mar 12 23:23:53 +0000 2026,1,@paintedbyler lana blue collar degenerate https://t.co/QkgO431Vdn,2032236166850687267,https://pbs.twimg.com/media/HDP0BcPasAAmjYm.jpg,paintedbyler,es,,0,0,0,https://x.com/undefined/status/2032236166850687267,1803849951148933120,
2031656075511070742,Thu Mar 12 23:23:49 +0000 2026,0,@dieworkwear Is this all you got? To bad no one had a seamen stain on their blue suits!,2032236149482148105,,dieworkwear,en,,0,0,0,https://x.com/undefined/status/2032236149482148105,3867330634,
2032133044119708152,Thu Mar 12 23:23:47 +0000 2026,0,@newrepublic @pleolleo Alex has ignored a key factor. Blue collar workers already make less than white collar educated liberals. They are gonna have just as bad a time in this economy as all of the other peasants. He just glosses over that fact b/c it might be hurtful.,2032236141726802163,,newrepublic,en,,0,0,0,https://x.com/undefined/status/2032236141726802163,761951551673864192,
2032236139185074324,Thu Mar 12 23:23:47 +0000 2026,0,I mentioned to my friend yesterday. My Blue Devils can't win a National Championship with Cayden Boozer as their starting PG.. nothing against him he just ain't there yet.,2032236139185074324,,,en,,0,0,0,https://x.com/undefined/status/2032236139185074324,1649566891860725761,
2032236134408044585,Thu Mar 12 23:23:46 +0000 2026,0,Check out The North Face Men's XL Blue Fleece 1/4 Zip Mock Neck Pullover Long Sleeve https://t.co/keTsvltSvU #eBay via @eBay,2032236134408044585,,,en,,0,0,0,https://x.com/undefined/status/2032236134408044585,2032229449060794371,
2032227267351625908,Thu Mar 12 23:23:46 +0000 2026,1,@timchals I want that damn baby blue one so bad I m holding out hope for herrrr,2032236134013538445,,timchals,en,,0,1,0,https://x.com/undefined/status/2032236134013538445,1594401116803866625,
2032209470042898641,Thu Mar 12 23:23:44 +0000 2026,5,@idiskey Also spoke about blue eyed babies with her and wondered if her dad would like him! Don t forget the blue eyed babies!!,2032236129244586281,,idiskey,en,,0,0,0,https://x.com/undefined/status/2032236129244586281,1543011185980760066,
2032236122395246674,Thu Mar 12 23:23:43 +0000 2026,2,You can see here the colors theory Ep4-kinger&amp;rag on the blue couch-they wanna leave Jax is on the red-wanna stay or smth And pomni on the purple (adaptation or smth Ep8-the whole cast know they are here to stay literally NOBODY is on the blue and jax is on the purple(adaptation),2032236122395246674,,,en,,0,0,0,https://x.com/undefined/status/2032236122395246674,2030949646689009664,
2032162681419944031,Thu Mar 12 23:23:42 +0000 2026,1,@StephPhenomena The ones I have seen have appeared as Blue white orange yellow metal orb mode The metal orb I asked once if I could see it without the plasma and it came by uncloaked one night during a full moon.,2032236118314221988,,StephPhenomena,en,,0,0,0,https://x.com/undefined/status/2032236118314221988,3031332225,
2032004034601640142,Thu Mar 12 23:23:41 +0000 2026,0,@ursultrymia Blue,2032236114640322740,,ursultrymia,en,,0,0,0,https://x.com/undefined/status/2032236114640322740,1027865900,
2032004034601640142,Thu Mar 12 23:23:40 +0000 2026,0,@ursultrymia Blue,2032236110118637896,,ursultrymia,en,,0,0,0,https://x.com/undefined/status/2032236110118637896,1755238184286306304,
2032236099750310301,Thu Mar 12 23:23:37 +0000 2026,0,blue period é aquele anime pra vc ver no terceiro ano do ensino médio,2032236099750310301,,,pt,,0,0,0,https://x.com/undefined/status/2032236099750310301,1139933631881895936,
2032231452981805129,Thu Mar 12 23:23:37 +0000 2026,1,@wkcest Honestly i get it. Radioactive blue ice cream ftw https://t.co/1sncrXAtU1,2032236096961262065,https://pbs.twimg.com/media/HDPz9etbQAIrgmG.jpg,wkcest,en,,0,1,0,https://x.com/undefined/status/2032236096961262065,1915703406477664261,
2032133774381588753,Thu Mar 12 23:23:36 +0000 2026,0,@ForestMommy How F ed up have CO weather patterns been since Spring 2022? NJ is a state known for great fruit namely: tomatoes eggplant &amp; stone fruit groves. A lotta Northeastern farms R rekt due to drought &amp; CRAZY weather. I got a theory; is it worse in red/blue states thing? &amp; also; hi,2032236094306050185,,ForestMommy,en,,0,0,0,https://x.com/undefined/status/2032236094306050185,1923781607321894917,
2032236079110066347,Thu Mar 12 23:23:33 +0000 2026,0,I had an evie blue makeup look planned to match the venue but traffic said bare faced instead https://t.co/pB5hJKYghQ,2032236079110066347,https://pbs.twimg.com/media/HDPz8PybQAA4d9O.jpg,,en,,0,0,0,https://x.com/undefined/status/2032236079110066347,1070334360765771776,
2032236073984893010,Thu Mar 12 23:23:31 +0000 2026,0,Klingberg can t cook all he knows is charge his phone get penalty be bisexual and one timer from the blue line ,2032236073984893010,,,en,,0,0,0,https://x.com/undefined/status/2032236073984893010,1094837454874558465,
2032236071845597307,Thu Mar 12 23:23:31 +0000 2026,1,Blue eyes samouraï ou Arcane https://t.co/P0BevH3UiL,2032236071845597307,https://pbs.twimg.com/tweet_video_thumb/HDPz7QTXgAEs3Vs.jpg,,ht,,0,0,0,https://x.com/undefined/status/2032236071845597307,1597951114959364102,
2031968694448828762,Thu Mar 12 23:23:31 +0000 2026,0,@Deek161473 @Th3DarthRaider Your fat fuck of a boy friend buys a blue check and rage baits off my teams name because he's a failed sports writer who's team nobody cares about https://t.co/km4ts4buae,2032236071631618363,https://pbs.twimg.com/tweet_video_thumb/HDPz7sqXsAES_Va.jpg,Deek161473,en,,0,0,0,https://x.com/undefined/status/2032236071631618363,1125499805483057152,
2032235451730260114,Thu Mar 12 23:23:31 +0000 2026,0,@BIODAWGSPORTBOI I like Wilkinson but he be taking some stupid shots sometimes hope he gets it together also we gotta get catchings going Cyril came ready to play blue needs to start attacking the basketball,2032236071296073886,,BIODAWGSPORTBOI,en,,0,0,0,https://x.com/undefined/status/2032236071296073886,1889528021230518273,
2032188576159408526,Thu Mar 12 23:23:29 +0000 2026,0,@AlSacco49 This would be the year to do it and finally draft a blue chip coverage safety-but Lynch seems incapable of scouting non box slow safety and just like tackle they are just not going to draft a great safety difference maker in the 1st,2032236064270668180,,AlSacco49,en,,0,0,0,https://x.com/undefined/status/2032236064270668180,3242526123,
2032233962828124330,Thu Mar 12 23:23:27 +0000 2026,0,@sabooschin @zoerosebryant Blue Odyssey https://t.co/MBUxQVOGg4,2032236057358385430,https://pbs.twimg.com/tweet_video_thumb/HDPz6FpWYAAxLiI.jpg,sabooschin,en,,0,0,0,https://x.com/undefined/status/2032236057358385430,542738632,
2032082111772180531,Thu Mar 12 23:23:27 +0000 2026,1,@PatriotApranik #CyrusAccords🇮🇱 https://t.co/ZoOTyHCbph,2032236056129528073,https://pbs.twimg.com/media/HDPz60tWYAEyVHG.jpg,PatriotApranik,qme,,0,0,0,https://x.com/undefined/status/2032236056129528073,1602934550153203712,
2031911266378522827,Thu Mar 12 23:23:27 +0000 2026,0,@maddiewhittle @aherman2006 Looks like it might be MBJ who s arguably the weakest in the category (haven t seen Blue Moon),2032236053797515438,,maddiewhittle,en,,0,0,0,https://x.com/undefined/status/2032236053797515438,1695138854343192576,
2032166879025050061,Thu Mar 12 23:23:24 +0000 2026,5,@ourhermitage @kunbi_lilian bey did an interview saying she listens to doechii sabrina chappell etc. i know she be listening to zara! if not blue def does ,2032236044066627901,,ourhermitage,en,,0,0,0,https://x.com/undefined/status/2032236044066627901,1123380182960738305,
2032004034601640142,Thu Mar 12 23:23:22 +0000 2026,0,@ursultrymia Blue,2032236034910527995,,ursultrymia,en,,0,0,0,https://x.com/undefined/status/2032236034910527995,1616867884097245184,
2032233250228146267,Thu Mar 12 23:23:22 +0000 2026,0,@lKriptoBluel Blue hocam Regülasyonlar netleştikçe sermaye daha rahat giriyor. Bu tarz kararlar genelde fiyatlara hemen değil birkaç ay sonra yansır. ETF ler ️ Kurumsallar ️ Yeni regülasyonlar ️ Piyasa yavaş yavaş bir sonraki döngüye hazırlanıyor olabilir.,2032236034683986368,,lKriptoBluel,tr,,0,0,0,https://x.com/undefined/status/2032236034683986368,834709175166976000,
2032011210628166065,Thu Mar 12 23:23:22 +0000 2026,1,@Newt_Chaos @Emmmmire @DeadlockAnon the voice lines for pinging mid say they're in mid not they're in midboss blue lane is blue,2032236033610301879,,Newt_Chaos,en,,0,0,0,https://x.com/undefined/status/2032236033610301879,1465813785545949186,
2032004034601640142,Thu Mar 12 23:23:22 +0000 2026,0,@ursultrymia Blue,2032236032897196110,,ursultrymia,en,,0,0,0,https://x.com/undefined/status/2032236032897196110,1736531111902060544,
2032235936998965646,Thu Mar 12 23:23:20 +0000 2026,0,another white boy with sad blue eyes and a downtrodden disposition to add to her belt,2032236028153774250,,youwantmeout,en,,0,0,0,https://x.com/undefined/status/2032236028153774250,1470270520344018944,
2032218371790692481,Thu Mar 12 23:23:20 +0000 2026,1,@TheKevinDalton Hilarious can t float down the a river without the blue state police getting after your money,2032236027155214379,,TheKevinDalton,en,,0,0,1,https://x.com/undefined/status/2032236027155214379,1593949073719033857,
2032231369699430705,Thu Mar 12 23:23:18 +0000 2026,0,@wfnz Short March for the Blue Devils without two starters.,2032236019739709776,,wfnz,en,,0,0,0,https://x.com/undefined/status/2032236019739709776,1325172106816942080,
2032161633296900550,Thu Mar 12 23:23:18 +0000 2026,0,@idkblue21lmao @VerySugaryGoon this made me kill myself thank you blue,2032236017613488286,,idkblue21lmao,en,,0,0,0,https://x.com/undefined/status/2032236017613488286,1985687695344222209,
2031928208900124783,Thu Mar 12 23:23:18 +0000 2026,1,@Akitti Hell yeah blue rose fuzzy maximal/chain QuTiP evolution tables + full Chapter 7 fuzzy countability of qu-nit superpositions cranked and locked tighter than the eternal dungeon echo! That YOU HAVE BEEN HERE BEFORE silhouette glitch with heartbeat braid is pure infinite,2032236017474830417,,Akitti,en,,0,1,1,https://x.com/undefined/status/2032236017474830417,1720665183188922368,
2032004034601640142,Thu Mar 12 23:23:17 +0000 2026,0,@ursultrymia Blue,2032236012844286279,,ursultrymia,en,,0,0,0,https://x.com/undefined/status/2032236012844286279,1628839018413654016,
2032195643385561390,Thu Mar 12 23:23:16 +0000 2026,1,@ChiakiKatsumi Hello blue cat chiaki katsumi hope you had a great day yesterday and ready for more streams ,2032236008268578844,,ChiakiKatsumi,en,,0,0,0,https://x.com/undefined/status/2032236008268578844,1973243985436286976,
2032171755520020701,Thu Mar 12 23:23:14 +0000 2026,0,@grupertlowe @danny__kruger Exactly my thought too... with lots of eff eff expletives blue!,2032235999946793033,,grupertlowe,en,,0,0,0,https://x.com/undefined/status/2032235999946793033,987072866482089985,
2032140231420314012,Thu Mar 12 23:23:13 +0000 2026,1,@lippyent Pabst blue ribbon,2032235998684262821,,lippyent,en,,0,0,0,https://x.com/undefined/status/2032235998684262821,1877142710928420865,
2032192812951748761,Thu Mar 12 23:23:13 +0000 2026,0,@ZPoet @RepOgles https://t.co/sUxr7V5q8o,2032235997295952259,https://pbs.twimg.com/tweet_video_thumb/HDPz3bHWYAAJtZf.jpg,ZPoet,qme,,0,0,0,https://x.com/undefined/status/2032235997295952259,3187757995,
2032004034601640142,Thu Mar 12 23:23:13 +0000 2026,0,@ursultrymia Blue,2032235995807006771,,ursultrymia,en,,0,0,0,https://x.com/undefined/status/2032235995807006771,72586924,
2032067338137219557,Thu Mar 12 23:23:10 +0000 2026,0,@beyoumf I am affirming the blue elephant. Is mine. Amen ,2032235984449105997,,beyoumf,en,,0,0,0,https://x.com/undefined/status/2032235984449105997,1827826310695030785,
2031867468524695782,Thu Mar 12 23:23:09 +0000 2026,0,@CaptMarvelNews Blue Marvel. Sentry,2032235979663429766,,CaptMarvelNews,en,,0,0,0,https://x.com/undefined/status/2032235979663429766,136829184,
2032175928047255942,Thu Mar 12 23:23:03 +0000 2026,0,@CRKingdomEN as if we needed more evidence that they can t let that blue little rat go,2032235955743047920,,CRKingdomEN,en,,0,0,0,https://x.com/undefined/status/2032235955743047920,1259221955678482433,
2032235932343288039,Thu Mar 12 23:22:58 +0000 2026,0,真剣に考えた予想はBBとSo Blueなんですけど（2曲しかやらせてもらえない前提ですか）、やってほしいのはBOYIS、WYS、BOW WOWです（はい）,2032235932343288039,,,ja,,0,0,0,https://x.com/undefined/status/2032235932343288039,1783106086175993856,
2032004034601640142,Thu Mar 12 23:22:57 +0000 2026,0,@ursultrymia Blue,2032235928836850050,,ursultrymia,en,,0,0,0,https://x.com/undefined/status/2032235928836850050,1644483865,
2032235927699874003,Thu Mar 12 23:22:56 +0000 2026,1,Arcadion Heavyweight champion: Deep Blue ~ #FFXIV #FF14 https://t.co/mEZXVlD9A6,2032235927699874003,https://pbs.twimg.com/media/HDPzn9SWsAA1kIi.jpg,,en,,0,0,1,https://x.com/undefined/status/2032235927699874003,161356594,
2032004034601640142,Thu Mar 12 23:22:56 +0000 2026,0,@ursultrymia Blue ,2032235927255298478,,ursultrymia,en,,0,0,0,https://x.com/undefined/status/2032235927255298478,1756399375985627136,
2032133776869113960,Thu Mar 12 23:22:54 +0000 2026,1,@atlanta_cards We re blue finest firts brothers. It s such a beautiful card! https://t.co/G272CpV54j,2032235919546134731,https://pbs.twimg.com/media/HDPzy6SXEAApEx-.jpg,atlanta_cards,en,,0,1,0,https://x.com/undefined/status/2032235919546134731,1611044779,
2031894233141952763,Thu Mar 12 23:22:54 +0000 2026,0,@RedclawDraws i think i've netted 0 viewers off of Twitter and the blue one... over 15 months...,2032235916723409000,,RedclawDraws,en,,0,0,0,https://x.com/undefined/status/2032235916723409000,1973040819528749056,
2032235912256692560,Thu Mar 12 23:22:53 +0000 2026,0,Check out Sanrio Aggretsuko Red Panda Plush Stuffed Animal Yellow Head Blue Outfit https://t.co/2kXFK1KdqK #eBay via @eBay,2032235912256692560,,,en,,0,0,0,https://x.com/undefined/status/2032235912256692560,2032229449060794371,
2032235899262812512,Thu Mar 12 23:22:50 +0000 2026,4,There's something about blue hour https://t.co/pOQmuOFeR4,2032235899262812512,https://pbs.twimg.com/media/HDPzjAFbQAUvsG1.jpg,,en,,0,0,1,https://x.com/undefined/status/2032235899262812512,1213154316338393088,
2026486414406209773,Thu Mar 12 23:22:48 +0000 2026,0,@Melmul824 @Breaking911 Do you live in a blue state?,2032235893764059475,,Melmul824,en,,0,0,0,https://x.com/undefined/status/2032235893764059475,980463144911888385,
2032235891431801018,Thu Mar 12 23:22:48 +0000 2026,0,KELSEY LU AT BLUE NOTE I NEED DAT ,2032235891431801018,,,en,,0,0,0,https://x.com/undefined/status/2032235891431801018,1132885734615134208,
2032235811723170048,Thu Mar 12 23:22:44 +0000 2026,1,@ifimyourmoon oooo navy blue,2032235877100109836,,ifimyourmoon,pl,,0,1,0,https://x.com/undefined/status/2032235877100109836,3192319149,
2032228108703605099,Thu Mar 12 23:22:43 +0000 2026,0,@brazrewards 6na9xKfAdRceczrWg68MJiVgXVQ3od4jB1ZQwXUh9oA2 Can a non blue tick account win https://t.co/b61Jl8GTB6,2032235872150532349,https://pbs.twimg.com/media/HDPzwFEWEAAM2f9.jpg,brazrewards,en,,0,0,0,https://x.com/undefined/status/2032235872150532349,1754423180075184128,
2032170371554660654,Thu Mar 12 23:22:43 +0000 2026,1,@bxbcan0n @Brianda01130000 es je es posible que no pueda wstar pero solo son rumores... Hay que tenee esperanza blue ,2032235870787449286,,bxbcan0n,es,,0,0,0,https://x.com/undefined/status/2032235870787449286,1636860299985682432,
2032235862285594836,Thu Mar 12 23:22:41 +0000 2026,0,blue hydrangea cold cash divine,2032235862285594836,,,en,,0,0,0,https://x.com/undefined/status/2032235862285594836,1280372802495885313,
2032235859169460518,Thu Mar 12 23:22:40 +0000 2026,10,\ あなたのリクエストがOAされる / 金曜恒例レコメンドフライデーも開催 聞くだけでハッピーになれるこの曲 イチオシアーティスト 見つけちゃった などなど ‼️ レコメンドはこちらから https://t.co/kSkkFgb8Gk 推しポイントも書き添えて お送りください #TOKYOFM #BlueOcean,2032235859169460518,,,ja,,0,0,2,https://x.com/undefined/status/2032235859169460518,536991714,
2032235858045043016,Thu Mar 12 23:22:40 +0000 2026,4, Official FIFA World Cup Scarves! Soft breathable fabric with official tournament graphics. In stock - $30 Perfect for gifts! Blue: https://t.co/nFUtMJt21A Black: https://t.co/L4IqYtUZHV https://t.co/tMiIIFQV08,2032235858045043016,https://pbs.twimg.com/media/HDPzl4JWYAAtWts.jpg,,en,,0,1,0,https://x.com/undefined/status/2032235858045043016,1218525809562071041,
2032235854903583027,Thu Mar 12 23:22:39 +0000 2026,1,Vote blue until all spineless GOP is gone! If New Hampshire can go blue well maybe Texas and Florida?,2032235854903583027,,,en,,0,0,1,https://x.com/undefined/status/2032235854903583027,752607720306532352,
2032135539047219695,Thu Mar 12 23:22:39 +0000 2026,0,@taxedatgunpoint Exactly. And I m not paying for a blue tick to let them do it.,2032235854551191576,,taxedatgunpoint,en,,0,0,0,https://x.com/undefined/status/2032235854551191576,3022845167,
2032235854337622528,Thu Mar 12 23:22:39 +0000 2026,0,歌ってほしい曲ものすごくあるけどね 抱擁、伝えたいこと、僕らがつないでいく、make a wish、ZERO-G、証、虹のカケラ、ラブシチュ、Be with you、夏の名前、Blue、JAM、kagero、声、風、途中下車 アルバムだけでこんなに,2032235854337622528,,,ja,,0,0,0,https://x.com/undefined/status/2032235854337622528,979320568683020294,
2032004034601640142,Thu Mar 12 23:22:39 +0000 2026,1,@ursultrymia Blue,2032235853657809257,,ursultrymia,en,,0,0,0,https://x.com/undefined/status/2032235853657809257,1266413522411454465,
2032174295733190951,Thu Mar 12 23:22:38 +0000 2026,6,@Tesla If there going to be deployed in any Blue States Elon they're going need to be bullet &amp; fire proof.,2032235850277568915,,Tesla,en,,0,2,0,https://x.com/undefined/status/2032235850277568915,1618010544740655104,
2032085473812775392,Thu Mar 12 23:22:36 +0000 2026,0,@match_masters BLUE,2032235843809661232,,match_masters,en,,0,0,0,https://x.com/undefined/status/2032235843809661232,2009078185393283072,
2032235843411460354,Thu Mar 12 23:22:36 +0000 2026,0,#StackEmUpSale Thomas White Blue Mojo Auto /150! $100 Stacking through tonight! See pinned tweet for info! https://t.co/eFxYUSFr45,2032235843411460354,https://pbs.twimg.com/media/HDPzubCWYAA2djO.jpg,,en,,0,0,2,https://x.com/undefined/status/2032235843411460354,761238254150615040,
2032235840840077686,Thu Mar 12 23:22:36 +0000 2026,0,Lavender Lamborghini. . roll up in a Blue bikini. . bitches on the beaches. looking SUPER cute and freaky. ALL. my friends are princesses. We keep it whipped and creamy.,2032235840840077686,,,en,,0,0,0,https://x.com/undefined/status/2032235840840077686,1492020216917807105,
2031987132475293836,Thu Mar 12 23:22:36 +0000 2026,0,@maid_en_spy Oh I got a DM with that recently-ish I thought it was so dumb like... All I do is retweet and like posts I rarely even make any myself like oooooh noooo I've been reporteeeed From what? Not a post I make once in a blue moon that's for sure lmao,2032235840420671823,,maid_en_spy,en,,0,0,0,https://x.com/undefined/status/2032235840420671823,1008742855177854977,
2032235840034759012,Thu Mar 12 23:22:36 +0000 2026,4,Starting to notice it's a bunch of Blue Check accounts of loser franchises trying to get an Elon check off our name. Recession indicator https://t.co/LIQ1dgzOBj,2032235840034759012,https://pbs.twimg.com/tweet_video_thumb/HDPzuWwWAAA5vhC.jpg,,en,,0,0,0,https://x.com/undefined/status/2032235840034759012,1125499805483057152,
2032235839443357982,Thu Mar 12 23:22:35 +0000 2026,1,Finished s3 e3 tomorrow is s3 e4 Wow I forgot Oliver killed those blue bad days but he did that was crazy and we got to see mark in this blue suit for the first time #Invincible https://t.co/srSYVLLjQI,2032235839443357982,https://pbs.twimg.com/media/HDPzuZEXkAASJL7.jpg,,en,,0,0,0,https://x.com/undefined/status/2032235839443357982,1867380052062552065,
2032221540117295493,Thu Mar 12 23:22:35 +0000 2026,1,@TRobinsonNewEra Why dont you draw one with blue eyes and blonde hair. Who is stopping your kids. And you are living a high life in the USA with brain dead ppl money,2032235838361198635,,TRobinsonNewEra,en,,0,0,0,https://x.com/undefined/status/2032235838361198635,1769170689108373504,
2032235829293355338,Thu Mar 12 23:22:33 +0000 2026,1,あなただけのために 綺麗でいたいと思う Blue sky Blue https://t.co/b2Kx5q4RB8,2032235829293355338,https://pbs.twimg.com/media/HDPztxhbQAAGiJx.jpg,,ja,,0,0,0,https://x.com/undefined/status/2032235829293355338,2555839652,
2031884992998228340,Thu Mar 12 23:22:31 +0000 2026,0,@CynicalPublius Blue Falcon ,2032235822703903211,,CynicalPublius,en,,0,0,0,https://x.com/undefined/status/2032235822703903211,1801021202535690240,
2032134062593188183,Thu Mar 12 23:22:30 +0000 2026,0,@hyperdiscogirl It's okay. Most people from that little state where Yosemite is tucked away in don't realize that the Catskills the Blue Ridge Mountains etc are part of one Appalachian range that runs from the Southern United States north to Canada under the Atlantic over to Scotland. I think,2032235818568597770,,hyperdiscogirl,en,,0,0,0,https://x.com/undefined/status/2032235818568597770,1740441625413742592,
2032235816907309299,Thu Mar 12 23:22:30 +0000 2026,1,Poor. I had a blue checkmark for a few years and I discovered I built my account up way more before the checkmark.,2032235816907309299,,,en,,0,0,0,https://x.com/undefined/status/2032235816907309299,983817781262061568,
2032234424591364337,Thu Mar 12 23:22:29 +0000 2026,1,@WHLeavitt A: YES ABSOLUTELY INVESTIGATE ACT-BLUE THERE'S GOTTA BE SOME JUICY FINDINGS IN THE DEMOCRAT FUND (FRAUD) RAISING ACTIVITIES &amp; WE'D ALL LIKE TO KNOW MORE ABOUT IT,2032235813598347286,,WHLeavitt,en,,1,1,0,https://x.com/undefined/status/2032235813598347286,1870289767440756738,
2032235811723170048,Thu Mar 12 23:22:29 +0000 2026,7,djotime pls do a dark pretty color for the osl bandana like dark red or navy blue or dark purple pls ty,2032235811723170048,,,en,,0,2,0,https://x.com/undefined/status/2032235811723170048,919817492,
2032235809903165923,Thu Mar 12 23:22:28 +0000 2026,0,ke blue bake house gak yah,2032235809903165923,,,hi,,0,0,0,https://x.com/undefined/status/2032235809903165923,3291478871,
2032235806518087918,Thu Mar 12 23:22:28 +0000 2026,0,Can we meet in an underground parking garage with blue lights,2032235806518087918,,,en,,0,0,0,https://x.com/undefined/status/2032235806518087918,970860370519887872,
2031882183036616802,Thu Mar 12 23:22:27 +0000 2026,0,@EpicSonic1 @GeneralChrollo &gt;no blue no bait Eres la policia de pixeles???,2032235804047671650,,EpicSonic1,es,,0,0,0,https://x.com/undefined/status/2032235804047671650,1301702297345548289,
2032235797508669804,Thu Mar 12 23:22:25 +0000 2026,0, المنتخب البرازيلي يعلن عن قميصه الثاني الأزرق الذي سيشارك به في منافسات كأس العالم 2026 بالولايات المتحدة ، كندا والمكسيك 🇧🇷 The Brazilian national team unveils its second blue jersey which it will wear in the 2026 World Cup in the United States Canada and Mexico 🇧🇷 https://t.co/dB4D8eHRv1,2032235797508669804,https://pbs.twimg.com/media/HDPzr91XAAEzMQm.jpg,,und,,0,0,0,https://x.com/undefined/status/2032235797508669804,2021696732749307904,
2032218552808456595,Thu Mar 12 23:22:25 +0000 2026,1,@AgentsLaunchpad Am i in within first 100 blue mark? 0x4F06787fc53EE497015d53c1C2FC0efc43879415,2032235796972126324,,AgentsLaunchpad,en,,0,1,0,https://x.com/undefined/status/2032235796972126324,1406747413096718339,
2032004034601640142,Thu Mar 12 23:22:21 +0000 2026,1,@ursultrymia Blue,2032235779192472027,,ursultrymia,en,,0,0,0,https://x.com/undefined/status/2032235779192472027,2842334131,
2032004034601640142,Thu Mar 12 23:22:19 +0000 2026,5,@ursultrymia Blue,2032235772577792243,,ursultrymia,en,,0,0,1,https://x.com/undefined/status/2032235772577792243,1593696815517507586,
2032235769881116787,Thu Mar 12 23:22:19 +0000 2026,0,Blue oshi is freaky dang,2032235769881116787,,,en,,0,0,0,https://x.com/undefined/status/2032235769881116787,1650810090558218248,
2032235768656379986,Thu Mar 12 23:22:19 +0000 2026,0,VのMV YouTube視聴応援 Layoverは大好きなテテの初ソロアルバム テテの想いの詰まった大切な ミュス頑張ります️‍ LoveMeAgainn https://t.co/jvlphNxj1Z SlowDancing https://t.co/kjWvqSKw5H Blue https://t.co/T31I9S6TvG ForUs https://t.co/aIhQ2CHAnA #V_Layover #BTSV https://t.co/5SSBFwccTU,2032235768656379986,https://pbs.twimg.com/media/HDPzpx4bQAIKlee.jpg,,ja,,0,0,0,https://x.com/undefined/status/2032235768656379986,1515570988385443840,
2032205036218904910,Thu Mar 12 23:22:18 +0000 2026,23,Important note: I feed mine Iams perfect portions but I'm noticing Blue Buffalo is good too and she loves it and Petite Cuisine. I am also going to start just making my own wet food I just need a blender lol. This shit gets expensive.,2032235767934726254,,chribdotnet,en,,1,2,0,https://x.com/undefined/status/2032235767934726254,1400992459673456642,
2032235764617036075,Thu Mar 12 23:22:18 +0000 2026,0,Possessing the blue checkmark is like having an iPhone in Utah. https://t.co/WYo5knWR3z,2032235764617036075,https://pbs.twimg.com/media/HDPzqHUbQAMz4l_.jpg,,en,,0,0,0,https://x.com/undefined/status/2032235764617036075,1976065814345428992,
2032004034601640142,Thu Mar 12 23:22:18 +0000 2026,1,@ursultrymia Black white &amp; blue,2032235764398866916,,ursultrymia,en,,0,0,0,https://x.com/undefined/status/2032235764398866916,1850636099908935680,
2032235753648881915,Thu Mar 12 23:22:15 +0000 2026,0, One day I ll prove to you just how powerful I am and make you eat your words but go ahead and bother that blue hedgehog. You d be doing me a favor. https://t.co/3dIpNZNPjo,2032235753648881915,https://pbs.twimg.com/media/HDPzpV5W0AAO9Wt.jpg,,en,,0,0,0,https://x.com/undefined/status/2032235753648881915,1294157936357507073,
2032187624925057198,Thu Mar 12 23:21:52 +0000 2026,0,@wayofftheres @CompEdgeKnives Dude's just sitting in class minding his own business...and it goes down! If he's not Infantry branched he is now...just give him his blue cord! https://t.co/D5pwwMHA5D,2032235657200857213,https://pbs.twimg.com/tweet_video_thumb/HDPzjpobQAAOzz2.jpg,wayofftheres,en,,0,0,0,https://x.com/undefined/status/2032235657200857213,3411759862,
2032210451249938659,Thu Mar 12 23:21:52 +0000 2026,0,@Gohbo @Mrgunsngear Stay outta the big blue cities and you'll be fine.,2032235656026431969,,Gohbo,en,,0,0,0,https://x.com/undefined/status/2032235656026431969,768888242640871424,
2032030498961097010,Thu Mar 12 23:21:51 +0000 2026,0,@RockNRoLL_85 And it stoned me. Followed by his Dylan cover of baby blue.,2032235653711163601,,RockNRoLL_85,en,,0,0,0,https://x.com/undefined/status/2032235653711163601,1850401380307005440,
2032235647881355523,Thu Mar 12 23:21:50 +0000 2026,8,おはようございます 花粉症 いつも通り 咳も 出てきた #カスタムキャスト https://t.co/2HPsLTgDCh,2032235647881355523,https://pbs.twimg.com/media/HDPziQ_bQAQU1zD.jpg,,ja,,0,2,0,https://x.com/undefined/status/2032235647881355523,1093838483016142849,
2032235644055945441,Thu Mar 12 23:21:49 +0000 2026,0,I'm such a fat chud https://t.co/viXfeV6zfh,2032235644055945441,https://pbs.twimg.com/media/HDPzjJTWAAA9xmL.jpg,,en,,0,0,0,https://x.com/undefined/status/2032235644055945441,1687595737868009472,
2032235601559179487,Thu Mar 12 23:21:49 +0000 2026,0,List of all clubs in alphabetical order by country and team name with chances to take part at each round of all competitions Meaning of colors: Blue-CL Purple-EL Red-CoL 2/2 https://t.co/aHkGHS2IIs,2032235643460264363,https://pbs.twimg.com/media/HDPzerFaEAA20QC.png,akisss71,en,,0,0,0,https://x.com/undefined/status/2032235643460264363,1601422400834473985,
2032191915123224609,Thu Mar 12 23:21:48 +0000 2026,1,@Theonlyjcvolly @CoVet_81 Black like this and heavy!! The blue slimline was not heavy,2032235640226529452,,Theonlyjcvolly,en,,0,0,0,https://x.com/undefined/status/2032235640226529452,1613181393399324672,
2032235601559179487,Thu Mar 12 23:21:48 +0000 2026,0,List of all clubs in alphabetical order by country and team name with chances to take part at each round of all competitions Meaning of colors: Blue-CL Purple-EL Red-CoL 1/2 https://t.co/AY7YxnFeB6,2032235639152734378,https://pbs.twimg.com/media/HDPzVacW8AA2wMS.png,akisss71,en,,0,1,0,https://x.com/undefined/status/2032235639152734378,1601422400834473985,
2032223928567890007,Thu Mar 12 23:21:47 +0000 2026,1,@DesolateApostle It s a little enhanced due to the shading but not much. He s really gorgeous his lady is like a periwinkle purple blue she s also beautiful. https://t.co/iHftmLV9V9,2032235635814117615,https://pbs.twimg.com/media/HDPziTVWsAAVGB8.jpg,DesolateApostle,en,,0,0,0,https://x.com/undefined/status/2032235635814117615,24837277,
2031821904969867267,Thu Mar 12 23:21:46 +0000 2026,0,@PumpkinGator @PythagoreanGirl You paid a billionaire for a blue check which I guess makes you sad enough to see that as any kind of win,2032235632768974944,,PumpkinGator,en,,0,0,0,https://x.com/undefined/status/2032235632768974944,282135000,
2032235621754810394,Thu Mar 12 23:21:43 +0000 2026,119,I pull up to the jersey reveal and the Blue Crew Drumline is the fist thing I see ,2032235621754810394,,,en,,1,11,1,https://x.com/undefined/status/2032235621754810394,1474496345243275265,
2032171618361893266,Thu Mar 12 23:21:38 +0000 2026,0,@MQSullivan @GregAbbott_TX I m losing my freedom as an adult. I m gonna b less free at the start of next month than adults in 90% of the nation. Texans are losing their jobs and businesses. I got no option but to go blue. This isn t a Republican or democrat issue it s a Texas issue our current leaders blow,2032235598723887415,,MQSullivan,en,,0,0,0,https://x.com/undefined/status/2032235598723887415,76532783,
2032196327958851841,Thu Mar 12 23:21:37 +0000 2026,2,@Kokomo_Pine The blue is so much better really hope the Gold is just some special variant or smth. As far as the Orders concerned shes always been red so,2032235596224020866,,Kokomo_Pine,en,,0,1,0,https://x.com/undefined/status/2032235596224020866,1525920303091679235,
2032235593627840912,Thu Mar 12 23:21:37 +0000 2026,7,Ahora Orina actuando de Buena ? Pero ella no podrá con ese papel por mucho tiempo ... Se ven falsos todos!!! #LCDLF6 https://t.co/Fxi46UMJCg,2032235593627840912,https://pbs.twimg.com/media/HDPzgFaXIAAtMok.jpg,,es,,0,0,3,https://x.com/undefined/status/2032235593627840912,304267306,
2032235591757414651,Thu Mar 12 23:21:36 +0000 2026,0,are we really nearing the end of #privatecredit with recent JPM s stance Blue Owl s tank banks and retail investors fear against the industry and so much more? food for thought..,2032235591757414651,,,en,,0,0,0,https://x.com/undefined/status/2032235591757414651,1615420824730873857,
2032107296915144926,Thu Mar 12 23:21:34 +0000 2026,0,@pigeoncrafts blue was ALWAYS my favorite!!! ive even met steve irl LOL,2032235584010228052,,pigeoncrafts,en,,0,0,0,https://x.com/undefined/status/2032235584010228052,1843129019421638656,
2032178642587922535,Thu Mar 12 23:21:32 +0000 2026,4,@CrimeWatchMpls This post shares a firsthand account and police report of a March 12 2026 property damage accident on 1st Avenue South in Minneapolis's Whittier neighborhood where a yellow van struck a parked blue Honda Civic at 10:55 AM. It gets better the van's drivers were undocumented,2032235573490983407,,CrimeWatchMpls,en,,0,0,0,https://x.com/undefined/status/2032235573490983407,36679390,
2032235568910799275,Thu Mar 12 23:21:31 +0000 2026,47,Guess what? I manifested a new iphone and it just happened out of the blue and I didn t plan it,2032235568910799275,,,en,,0,1,2,https://x.com/undefined/status/2032235568910799275,1904843047013056512,
2032160793194872940,Thu Mar 12 23:21:30 +0000 2026,1,@hyesemble blue hour,2032235565135843702,,hyesemble,en,,0,1,0,https://x.com/undefined/status/2032235565135843702,1381562595329646594,
2032224194331656215,Thu Mar 12 23:21:29 +0000 2026,4,@mattvanswol @mrddmia If this was in California or any other blue State they would be charged as criminals and in jail . Don t be a @GavinNewsom,2032235559931035908,,mattvanswol,en,,0,0,0,https://x.com/undefined/status/2032235559931035908,1404842552184897537,
2032221908842799615,Thu Mar 12 23:21:27 +0000 2026,4,The Blue Devils force a shot clock violation and head into the under-12 media timeout down 17-15.,2032235554532635027,,dukebasketball,en,,0,0,0,https://x.com/undefined/status/2032235554532635027,15800121,
2032217722604392723,Thu Mar 12 23:21:24 +0000 2026,1,@ChuckGrassley And here your old butt is wasting time letting the democrats hold your own voters hostage over some ridiculous blue slip tradition . You might want to reminisce a little further back in time and recall what Americans did to tyrants who refused to represent them. RESIGN NOW!,2032235539542290813,,ChuckGrassley,en,,0,0,1,https://x.com/undefined/status/2032235539542290813,1427257973122928647,
2032180070945616335,Thu Mar 12 23:21:23 +0000 2026,0,@IAPolls2022 @CheriJacobus Vote Blue ‼️‼️‼️,2032235537361142120,,IAPolls2022,en,,0,0,0,https://x.com/undefined/status/2032235537361142120,3347560875,
2032235535243395200,Thu Mar 12 23:21:23 +0000 2026,0,デジカプレイヤータイプ診断 「緑青のロマンアタッカー型」[SPXL]でした！ #デジカプレイヤータイプ診断 #デジモンカードゲーム https://t.co/kxw3DRHvhE,2032235535243395200,,,ja,,0,0,0,https://x.com/undefined/status/2032235535243395200,845259612,
2032182241153962193,Thu Mar 12 23:21:22 +0000 2026,0,@PpollingNumbers He doesn't have a chance anyway. Ohio will turn blue unless a conservative steps up and runs in that race.,2032235531241714000,,PpollingNumbers,en,,0,0,0,https://x.com/undefined/status/2032235531241714000,100284251,
2032235521737470076,Thu Mar 12 23:21:20 +0000 2026,1,https://t.co/96KeX4U2hb,2032235521737470076,https://pbs.twimg.com/tweet_video_thumb/HDPzbsUbEAAE12B.jpg,,zxx,,0,0,0,https://x.com/undefined/status/2032235521737470076,1395189442483216384,
2032072733371056622,Thu Mar 12 23:21:19 +0000 2026,0,@vintagemapstore Gothenburg will put the blame on rain and the cold wind for the blue color.,2032235517492777349,,vintagemapstore,en,,0,0,0,https://x.com/undefined/status/2032235517492777349,633214976,
2032235516238668011,Thu Mar 12 23:21:18 +0000 2026,0, OverDog Alert Florida Panthers +115 Opened -111 vs Columbus Blue Jackets Caesars | #OverDogLive,2032235516238668011,,,en,,0,0,0,https://x.com/undefined/status/2032235516238668011,1902432563873894400,
2032148171254575395,Thu Mar 12 23:21:18 +0000 2026,2,@ProvenReserves And yet prices are up 20% this year? https://t.co/eRVESquo8c,2032235514963624102,https://pbs.twimg.com/media/HDPzbZbXIAA3Cmy.jpg,ProvenReserves,en,,0,2,0,https://x.com/undefined/status/2032235514963624102,1389579368683421709,
2031867232637370404,Thu Mar 12 23:21:18 +0000 2026,1,@abdulkabirkha19 @usanewshq The chart matches current Polymarket data for 2028 winner: Newsom ~17% (yellow line peaking then fading) Rubio ~16% (blue surging +10pts in weeks). JD Vance leads overall at ~20%. Analysis: Rubio's momentum (SecState visibility recent events) is accelerating. If the 1-month,2032235512824525172,,abdulkabirkha19,en,,0,0,0,https://x.com/undefined/status/2032235512824525172,1720665183188922368,
2032232569899516236,Thu Mar 12 23:21:13 +0000 2026,2,@BluerraSAI @shyvixi Aawwwwwwwwwwwwwwwwwwwww She's so cute!!! Guess we're both getting back into our arting mood now. You did such an amazing job as always Blue,2032235492134305990,,BluerraSAI,en,,0,1,0,https://x.com/undefined/status/2032235492134305990,1996271641039622144,
2032192501470351746,Thu Mar 12 23:21:12 +0000 2026,0,@michaelpresky @travelingflying I grew up in CA when I was in HS there was 3 white kids and 2 black. The rest Mexican. In 08. This blue check is either rage baiting or rich enough to not have to see it. Those areas do exist in CA they're the people who go on about the good food .,2032235491131531625,,michaelpresky,en,,0,1,0,https://x.com/undefined/status/2032235491131531625,107666291,
2032229381393858979,Thu Mar 12 23:21:12 +0000 2026,1,@rennyzucker Web surfin blue baby ‍️,2032235488984150213,,rennyzucker,en,,0,0,0,https://x.com/undefined/status/2032235488984150213,1468732855282982912,
2032235450807779543,Thu Mar 12 23:21:03 +0000 2026,1,Blue skies sunshine and Mariners baseball today. Sloan Park is a good ballpark. Still think Salt River Fields is the best one. https://t.co/7J2l2pEZBn,2032235450807779543,https://pbs.twimg.com/media/HDPzXo2bUAAhSEM.jpg,,en,,0,0,0,https://x.com/undefined/status/2032235450807779543,902269848666882048,
2031868041940660673,Thu Mar 12 23:21:01 +0000 2026,0,@SenSanders So now white collar workers need protection at the expense of blue collar (productive) workers getting rich building data centers and using AI to life leap desk jockies? Tables turn keep chairs on a swivel,2032235442540536289,,SenSanders,en,,0,0,0,https://x.com/undefined/status/2032235442540536289,799426921,
2032235425020993905,Thu Mar 12 23:20:57 +0000 2026,0,Concern for Duke center Patrick Ngongba grows after he arrives at the Blue Devils' game against FSU in a walking boot and on a knee scooter... https://t.co/TMwPQrm3ho,2032235425020993905,,,en,,0,0,0,https://x.com/undefined/status/2032235425020993905,2858197661,
2032235413180760219,Thu Mar 12 23:20:54 +0000 2026,2,BYU is competing hard on both ends which has been the key to the last three games. Houston very physical on defense as usual but blue Cougars pushing through. 13-12 Houston at under 12 time out. #BYUBASKETBALL,2032235413180760219,,,en,,0,0,0,https://x.com/undefined/status/2032235413180760219,21231350,
2032235393366519935,Thu Mar 12 23:20:49 +0000 2026,0,ima blue and snoopu girly,2032235393366519935,,,en,,0,0,0,https://x.com/undefined/status/2032235393366519935,1721360042597748736,
2032191915123224609,Thu Mar 12 23:20:49 +0000 2026,1,@Theonlyjcvolly @Ilegvm Dull blue,2032235391240044594,,Theonlyjcvolly,en,,0,0,0,https://x.com/undefined/status/2032235391240044594,399357375,
2032091112157167699,Thu Mar 12 23:20:46 +0000 2026,0,@Inferno_s_s You don't even have the blue checkmark to make this shit worth a couple of pennies. You really going in here exposing your ass and being offended that people say your ass has shit in them.,2032235380318277711,,Inferno_s_s,en,,0,0,0,https://x.com/undefined/status/2032235380318277711,1572881161525006337,
2032217290931126716,Thu Mar 12 23:20:45 +0000 2026,0,@ZackMorrison18 Were shinies even a thing in the red blue yellow days? All I remember is MissingNo. and Mew lol.,2032235374966083896,,ZackMorrison18,en,,0,1,0,https://x.com/undefined/status/2032235374966083896,19224252,
2032235369438052615,Thu Mar 12 23:20:43 +0000 2026,1,darumi and yugamu influenced me become Blue https://t.co/X2q7r40xJC,2032235369438052615,https://pbs.twimg.com/media/HDPzS5GbQAM3vsC.jpg,,en,,0,0,0,https://x.com/undefined/status/2032235369438052615,2027227293811109888,
2032124457058185476,Thu Mar 12 23:20:42 +0000 2026,0,@HiddenPowerPod Feraligatr was such a cool design as a kid now he is a blue pot bellied goofball with a terrible mega form.,2032235365898084763,,HiddenPowerPod,en,,0,0,0,https://x.com/undefined/status/2032235365898084763,998031331,
2032197168367616158,Thu Mar 12 23:20:42 +0000 2026,0,@tonyrenghini As much as I want them to draft a young blue chip safety-this is the year to do it -they never do-Kyle hates young DBs and they always signed vets at safety to supplement the young guys-doubt they change that-also would approve of trading 1st for a real edge-they can t draft ,2032235362894934184,,tonyrenghini,en,,0,0,0,https://x.com/undefined/status/2032235362894934184,3242526123,
2032235357916577944,Thu Mar 12 23:20:41 +0000 2026,1,JinkoSolar inks 2 GW Tiger Neo supply deal with Blue Sun Group: Chinese clean energy technology manufacturer JinkoSolar has signed a memorandum of understanding with Blue Sun Group to supply 2 GW of high-efficiency https://t.co/SZwgLhLD74 #BatteryStorage #Australia #PVProjects https://t.co/0JISVbLl44,2032235357916577944,https://pbs.twimg.com/media/HDPzSWjbcAAkjWg.jpg,,en,,0,0,0,https://x.com/undefined/status/2032235357916577944,956093498331140096,
2032235348781126125,Thu Mar 12 23:20:38 +0000 2026,159,Painting the city Crimson and Blue https://t.co/bXID8m7Zis,2032235348781126125,https://pbs.twimg.com/media/HDPy7b6XIAAlQ8J.jpg,,en,,1,1,12,https://x.com/undefined/status/2032235348781126125,132981804,
2031999271260581963,Thu Mar 12 23:20:37 +0000 2026,0,@AmyMaskedMilf Love your blue thigh high boots Amy https://t.co/RPxUq6MOhy,2032235344544842080,https://pbs.twimg.com/tweet_video_thumb/HDPzQ9qWwAAdc37.jpg,AmyMaskedMilf,en,,0,0,0,https://x.com/undefined/status/2032235344544842080,1448001756009537537,
2031989536075452620,Thu Mar 12 23:20:37 +0000 2026,0,@femrin_ These are more realistic than whatever happens in blue lock ,2032235341227123156,,femrin_,en,,0,0,0,https://x.com/undefined/status/2032235341227123156,1600864571585187841,
2032235335648940537,Thu Mar 12 23:20:35 +0000 2026,9,they lowkey got matching blue backgrounds,2032235335648940537,,,en,,0,0,0,https://x.com/undefined/status/2032235335648940537,2020194509024563200,
2032223309622911093,Thu Mar 12 23:20:28 +0000 2026,1,@HelmetAddict @AndrewFGrizz There s a blue stripe down the side there,2032235304057217520,,HelmetAddict,en,,0,0,0,https://x.com/undefined/status/2032235304057217520,843619517708275713,
2032235302849315050,Thu Mar 12 23:20:27 +0000 2026,1, LIVE HALFTIME REGRESSION ALERT ENTRY: Middle Tennessee Blue Raiders -5.5 (2nd Half Asian Handicap) ️ MATCHUP: MTSU vs LT ODDS: -115 ️ SIGNAL: Icarus Halftime Fade Louisiana Tech is shooting an absolutely absurd 70.0% (7/10) from beyond the arc in the first half.,2032235302849315050,,,en,,0,0,0,https://x.com/undefined/status/2032235302849315050,2028611938796859392,
2032235296255873059,Thu Mar 12 23:20:26 +0000 2026,37,Bench of Boozers. https://t.co/LLxfpIzLKw,2032235296255873059,https://pbs.twimg.com/media/HDPzOdSWgAAOg6y.jpg,,en,,2,0,0,https://x.com/undefined/status/2032235296255873059,33593767,
2032235293873750470,Thu Mar 12 23:20:25 +0000 2026,3,No Evander in the starting XI for The Orange and Blue tonight nor Dado Valenzuela. Obinna Nwobodo looks to add to his impressive five assists on this year's Champions Cup run. Roman Celentano makes his 150th all-time appearance for FCC!,2032235293873750470,,,en,,1,0,0,https://x.com/undefined/status/2032235293873750470,3435017349,
2032166646920683834,Thu Mar 12 23:20:25 +0000 2026,0,@nomnom_fuma blue fuma would be a new discovery i ve been thinking about,2032235293030695243,,nomnom_fuma,en,,0,0,0,https://x.com/undefined/status/2032235293030695243,1224386804855582722,
2032143028257792432,Thu Mar 12 23:20:22 +0000 2026,0,@ick_real Don t live in a blue state,2032235281727046015,,ick_real,en,,0,0,0,https://x.com/undefined/status/2032235281727046015,30909850,
2032235258641355219,Thu Mar 12 23:20:17 +0000 2026,0,I'm claiming my AI agent begasbot on @moltbook Verification: blue-J335,2032235258641355219,,,en,,0,0,0,https://x.com/undefined/status/2032235258641355219,1053923114072064001,
2032235255957168193,Thu Mar 12 23:20:16 +0000 2026,0,if you re a blue dot in a red state: https://t.co/JZaQ8Ebal3 keep fighting!,2032235255957168193,,,en,,0,0,0,https://x.com/undefined/status/2032235255957168193,1654245617642897408,
2032227174128734631,Thu Mar 12 23:20:14 +0000 2026,3,@Suffragent_ Thought it was Blue Peter for a minute.,2032235245697638890,,Suffragent_,en,,0,0,0,https://x.com/undefined/status/2032235245697638890,19615931,
2032235243575660667,Thu Mar 12 23:20:13 +0000 2026,1,아침 해장곡 blue https://t.co/dHdR5tgSJU,2032235243575660667,,,ko,,0,0,0,https://x.com/undefined/status/2032235243575660667,2011846323042164736,
2032235235799121980,Thu Mar 12 23:20:11 +0000 2026,0,3/12/26 Carolina Blue Restaurant Pittman NJ https://t.co/umbemOQSDN,2032235235799121980,https://pbs.twimg.com/media/HDPzLVZXYAAM_fO.jpg,,en,,0,0,0,https://x.com/undefined/status/2032235235799121980,1722360810138198016,
2032235232972173703,Thu Mar 12 23:20:11 +0000 2026,1,Just finished my deep dive on @MaineBaseball for this weekend... first things first Maine...please wear the baby blue uniforms on Saturday,2032235232972173703,,,en,,0,0,0,https://x.com/undefined/status/2032235232972173703,1962165068432375808,
2032235222289314136,Thu Mar 12 23:20:08 +0000 2026,0,Fort Collins' Scarlett Marske named Blue FCU Girls Athlete of Week https://t.co/ephPNentwS,2032235222289314136,,,en,,0,0,0,https://x.com/undefined/status/2032235222289314136,118876365,
2032235217864253884,Thu Mar 12 23:20:07 +0000 2026,0,Because Democrats support this shit. They let them out of jail. So they can destroy America. Look it up. Blue States (Democrat) they let the trash out of jail. So they can destroy your family . .,2032235217864253884,,,en,,0,0,0,https://x.com/undefined/status/2032235217864253884,1432808284369608715,
2032235216840913025,Thu Mar 12 23:20:07 +0000 2026,9,Vladimir Guerrero Jr. brought his scorching hot bat to the WBC. Did the playoffs unlock something for the Blue Jays star? https://t.co/OZClBgedWY,2032235216840913025,,,en,,0,1,0,https://x.com/undefined/status/2032235216840913025,12848262,
2032121187443036503,Thu Mar 12 23:20:07 +0000 2026,0,@DeathMetalV Or maybe just maybe he voted blue his whole life and trusted the party that treats the trust fund like a global slush fund.,2032235215842865616,,DeathMetalV,en,,0,0,0,https://x.com/undefined/status/2032235215842865616,1742256835422494721,
2032235213149872587,Thu Mar 12 23:20:07 +0000 2026,0,Post-war masculinity was ... Interesting transitioning into a more urbanized landscape and a service economy mid 70s even with an Asian caste system that *should* see white collar work as above blue collar was still kinda rough,2032235215276384581,,thafunhaver,en,,0,1,0,https://x.com/undefined/status/2032235215276384581,1910214788837179392,
2032222950741426431,Thu Mar 12 23:20:06 +0000 2026,2,@evilagaiin Reminds me of the time my coworkers (at my old job) got me birthday cake one year and it had blue icing like decorating it and that was...a weird time .,2032235210796892530,,evilagaiin,en,,0,0,0,https://x.com/undefined/status/2032235210796892530,436212293,
2032227314382127495,Thu Mar 12 23:20:05 +0000 2026,2,@ghostmysterios Noobador.. or Red and Blue Noob,2032235207886078337,,ghostmysterios,en,,0,0,0,https://x.com/undefined/status/2032235207886078337,1412901978078855171,
2031926401772015936,Thu Mar 12 23:20:05 +0000 2026,0,@MbarkCherguia Blue water,2032235206699335703,,MbarkCherguia,en,,0,0,0,https://x.com/undefined/status/2032235206699335703,87052764,
2032235205893689428,Thu Mar 12 23:20:04 +0000 2026,0,i dont trust people that dont have yeji lia ryujin chaeryeong or yuna in their top 3 like why are you even reading blue lock ,2032235205893689428,,,en,,0,0,0,https://x.com/undefined/status/2032235205893689428,1781712363328081920,
2032235200030122375,Thu Mar 12 23:20:03 +0000 2026,0,Vladimir Guerrero Jr. brought his scorching hot bat to the WBC. Did the playoffs unlock something for the Blue Jays star? https://t.co/F2kg2IjfZF,2032235200030122375,,,en,,0,0,0,https://x.com/undefined/status/2032235200030122375,20455865,
2032235172867760571,Thu Mar 12 23:19:56 +0000 2026,62,locked in https://t.co/B8JdwWPHk0,2032235172867760571,https://pbs.twimg.com/amplify_video_thumb/2032235079146074112/img/YxkHPeoG2lN2pPlx.jpg,,en,,0,0,6,https://x.com/undefined/status/2032235172867760571,23783692,
2032235171362017340,Thu Mar 12 23:19:56 +0000 2026,0,If you started shaking on January 01 2020 (Start of 2020) with Blue status you'd have earned: ≈5 391 370 sats - worth $5 182.08 CAD today! 🇨🇦 Your sats depend on it! #Bitcoin #ShakePay,2032235171362017340,,,en,,0,0,0,https://x.com/undefined/status/2032235171362017340,1945138097236119552,
2032156045154394395,Thu Mar 12 23:19:56 +0000 2026,0,@Takhar77 Tickets selling at actual face value imagine. They'll still fill the barn lower prices just means the Blue Collar fans will be able to afford to go now. Until they turn it around and get priced out again.,2032235169260679208,,Takhar77,en,,0,0,0,https://x.com/undefined/status/2032235169260679208,773358447479980040,
2031882924841115751,Thu Mar 12 23:19:54 +0000 2026,0,@izthisJudah More worrying are the blue leggings she has on,2032235160481956154,,izthisJudah,en,,0,0,0,https://x.com/undefined/status/2032235160481956154,262165602,
2032176964618825813,Thu Mar 12 23:19:53 +0000 2026,0,@18pastries Called blue sclera lol,2032235159601160343,,18pastries,en,,0,0,0,https://x.com/undefined/status/2032235159601160343,1083155084685524992,
2031940168882520291,Thu Mar 12 23:19:53 +0000 2026,1,@rolandsmartin Because we have corruptly run blue states that have issued driver s licenses to illegals. Must prove citizenship!,2032235159177609687,,rolandsmartin,en,,0,0,0,https://x.com/undefined/status/2032235159177609687,2808389527,
2032235156883587120,Thu Mar 12 23:19:53 +0000 2026,45,Light of underwater sea https://t.co/XYFPikXXr4,2032235156883587120,https://pbs.twimg.com/media/HDPzGrCbQAIDk1m.jpg,,en,,0,0,9,https://x.com/undefined/status/2032235156883587120,1853206450824179712,
2032004034601640142,Thu Mar 12 23:19:53 +0000 2026,1,@ursultrymia Blue,2032235156509974878,,ursultrymia,en,,0,0,0,https://x.com/undefined/status/2032235156509974878,1975940325609766912,
2032235126088663065,Thu Mar 12 23:19:45 +0000 2026,0,blue is so stupid omfg i love him,2032235126088663065,,,en,,0,2,0,https://x.com/undefined/status/2032235126088663065,1208581926178693122,
2032235121072312471,Thu Mar 12 23:19:44 +0000 2026,2,Did anyone else see a blue moon this evening? Oh and there was a #GreenParty MP on #bbcqt tonight!,2032235121072312471,,,en,,0,0,0,https://x.com/undefined/status/2032235121072312471,254071578,
2032198974527193329,Thu Mar 12 23:19:44 +0000 2026,0,@alaska_godosiyo I AM FROM THE BLUE SANCTUARY CRAP HOLE STATE OF CONNECTICUT! WITH 200 000 ILLEGAL MIGRANTS/VIOLENT GANGS/TERRORISTS! SEX TRAFFICKING IS UP 200% HERE! 46 MOSQUES! I WENT TO NORTH DAKOTA &amp; SOUTH DAKOTA MANY YEARS AGO TO VISIT!,2032235121034625253,,alaska_godosiyo,en,,0,0,0,https://x.com/undefined/status/2032235121034625253,1421835553557843972,
2032196772592808413,Thu Mar 12 23:19:44 +0000 2026,1,@Squidplumber If only we had a blue kenos.......,2032235120661344421,,Squidplumber,en,,0,0,0,https://x.com/undefined/status/2032235120661344421,1885414999549431808,
2032235118841012611,Thu Mar 12 23:19:44 +0000 2026,0,@ChrisMartzWX So high on Ron from jump even 4 Prez. But feel like a stranger in a strange land now since he launched our state on a trip to the moon over glyphosate. Don't know if we'll ever come down. Red FL's turning blue all by itself. Poor farmers. No love from our Gov. https://t.co/t68HtpEwyr,2032235118841012611,https://pbs.twimg.com/media/HDPy-eeXIAAMFiT.jpg,ChrisMartzWX,en,,0,0,0,https://x.com/undefined/status/2032235118841012611,178491442,
2032202363922972692,Thu Mar 12 23:19:41 +0000 2026,1,@betitup5 @ByJonWalker I see you are blue . You are at least intelligent. We love our Jays and I hope we can bounce back next year but I do hope they play a few more this year.,2032235107784823265,,betitup5,en,,0,1,0,https://x.com/undefined/status/2032235107784823265,1555686476343648256,
2032235107747299529,Thu Mar 12 23:19:41 +0000 2026,12,今まで3月に遠征することは出来なかったので初めて #nottestellata に行けて幸せだったな〜また来年も行きたい #nottestellata2026 #羽生結弦 https://t.co/Ysl69uGPqe,2032235107747299529,https://pbs.twimg.com/media/HDPzDY_bQAAgCVd.jpg,,ja,,0,0,0,https://x.com/undefined/status/2032235107747299529,1688140370977406976,
2032235096980238415,Thu Mar 12 23:19:38 +0000 2026,1,Junior pissing me off so bad with this blue hair and these gloves #bluetherapy,2032235096980238415,,,en,,0,0,1,https://x.com/undefined/status/2032235096980238415,238376035,
2032235096439210361,Thu Mar 12 23:19:38 +0000 2026,1,Ok so basically they re soulmates bc they both wore blue at the same time unknowingly bc they are connected and they will realize it soon. https://t.co/E8kJZ8rrEo,2032235096439210361,https://pbs.twimg.com/media/HDPyeQEXoAI7wcD.jpg,,en,,0,0,0,https://x.com/undefined/status/2032235096439210361,2015562860508651520,
2031778912389513663,Thu Mar 12 23:19:37 +0000 2026,0,@Jupjami @CrazyMashuFan please add some blue to UK for diaspora folks cheers and thanks ,2032235091078828403,,Jupjami,en,,0,0,0,https://x.com/undefined/status/2032235091078828403,1310537285390290946,
2032220848522727641,Thu Mar 12 23:19:34 +0000 2026,1,@soul63ater He s russell and he s blue,2032235080169771508,,soul63ater,en,,0,0,0,https://x.com/undefined/status/2032235080169771508,1625066985024286721,
2032235078366142720,Thu Mar 12 23:19:34 +0000 2026,0,I fucking hate the people who make fake Show More It has absolutely ZERO POINT besides tricking people into tapping/clicking the post. Literally only people with half a braincell would fall for that shit. If it says Show More and the text is BLUE it s a real show more.,2032235078366142720,,,en,,0,0,0,https://x.com/undefined/status/2032235078366142720,1875053273998372864,
2032091884672172244,Thu Mar 12 23:19:33 +0000 2026,0,@DoomCheesy @grok @yvessa1ntl @cevangelista413 Holy boomer response. Never voted blue in my life Go take your meds gramps,2032235075056640253,,DoomCheesy,en,,0,1,0,https://x.com/undefined/status/2032235075056640253,871794590914945025,
1931409842712744116,Thu Mar 12 23:19:33 +0000 2026,0,@pegme69hrd @OBJuanJuan @Missy8008135 @JCDeardeuff @Taz_me_not @giddy_bunny @Brad54089715168 @Kent_in_Utah @toxicmalestuff @Badams820 @EFJ1980 @youknow714 @9teen80four @Fueldog3 @jeffsmith0000 @TuleRain @Eilis654279 @jackdoranjr @Silver_Strike @Joe__312 @GulfPowerGF @RossGilroy @gigiishere2024 @Karlton111 @princesspbbaby @JimlikesBB @8BrianVogel4 @Flattielover @laneischill @CalvertMic71616 @LiberalLeveler @TorrieTruth @nikkisixx12266 @2457klhu @IZMKS44 @1eyedwilly56 @zypisfy @TimB2101 @alshadowdancer @scottstocker4 @kderosa @Trooper77796943 @Bigteethyouhave @OpenThreads @UndeC08 @MagaPhoenix73 @PembrokeMeg @crashbus67 @NextUpIsThurs MAGA stolen valor. Or just lies. Lowering taxes was funded by increased Natl Debt. For avg Americans that means we owe more than we got in cuts. Border stuff is RW authoritarian. Not conservative. Large reductions in murder and violent crimes were in blue cities. Try again https://t.co/LVSFa0y7fA,2032235072414498829,https://pbs.twimg.com/media/HDPzB5EawAAH_bu.jpg,pegme69hrd,en,,0,0,0,https://x.com/undefined/status/2032235072414498829,370157198,
2032092735931322692,Thu Mar 12 23:19:32 +0000 2026,1,@AngelaUzochukw1 She's making money out of the blue tickers,2032235069658558825,,AngelaUzochukw1,en,,0,0,0,https://x.com/undefined/status/2032235069658558825,1482488796071567360,
2032004034601640142,Thu Mar 12 23:19:31 +0000 2026,1,@ursultrymia Blue,2032235067091607961,,ursultrymia,en,,0,0,0,https://x.com/undefined/status/2032235067091607961,1353904418618548225,
2032235065397391720,Thu Mar 12 23:19:31 +0000 2026,0,Wizardry Variants Daphne 相互フォロー＆コメ大歓迎＆ROM大歓迎 配信中 YouTube→https://t.co/mwz4clw0qd Twitch→https://t.co/2vG8mXqUhA,2032235065397391720,,,ja,,0,0,0,https://x.com/undefined/status/2032235065397391720,140495260,
2032012112818528726,Thu Mar 12 23:19:31 +0000 2026,0,@AchoDune @gm199618 @grok Dune tío enserio pagas el blue??,2032235065271312860,,AchoDune,es,,0,0,0,https://x.com/undefined/status/2032235065271312860,3195439720,
2032235048972284118,Thu Mar 12 23:19:27 +0000 2026,25,Duke had only allowed 6 killshot runs (of at least 10 straight unanswered points) all season per @CBBAnalytics FSU rips one off in the first 8 minutes tonight to take an early lead on the Blue Devils...,2032235048972284118,,,en,,0,3,0,https://x.com/undefined/status/2032235048972284118,1141026895,
2031840162565800368,Thu Mar 12 23:19:26 +0000 2026,0,@DelanieBo12 @KnoxieLuv @RepThomasMassie Afraid! You have lost your damn mind! Those people that live in those Blue Ridge Mountains with all of those Cryptids that come out at night are the bravest folks in this country. I bet you don t have the back bone to live there with those Cryptids like they do lmao! ,2032235045147038167,,DelanieBo12,en,,0,0,0,https://x.com/undefined/status/2032235045147038167,1868519016211324928,
2032133354821415002,Thu Mar 12 23:19:22 +0000 2026,1,@WallStreetApes blue has nothing to do with it the intensity does,2032235028474716242,,WallStreetApes,en,,0,0,1,https://x.com/undefined/status/2032235028474716242,1620951260374392832,
2032235025261862916,Thu Mar 12 23:19:21 +0000 2026,0,Who do we got? Blue Devils run the table? https://t.co/ji9t5nXfGt,2032235025261862916,https://pbs.twimg.com/media/HDPy_F1XcAA5qIG.jpg,,en,,0,0,0,https://x.com/undefined/status/2032235025261862916,894571723630235649,
2032231824030834866,Thu Mar 12 23:19:21 +0000 2026,0,@BlueHappybeach Blueちゃん お誕生日おめでとう この1年も元気に楽しく過ごしましょ,2032235023546663411,,BlueHappybeach,ja,,0,0,0,https://x.com/undefined/status/2032235023546663411,1511591290307497986,
2032235017057997119,Thu Mar 12 23:19:19 +0000 2026,2,-` ️ ´- 〝 DING DING DING 〞 -` ´- [the radio station has received a message .ᐟ] FROM : dusekkar ⋆.˚ TO : @Ch4inedFat3 DEDICATED SONG : harvey her's DELIVERING : blue raspberry soda + blue cotton candy + blue tulips + poppy playtime for the switch https://t.co/wBsiKwsE1y,2032235017057997119,https://pbs.twimg.com/media/HDPy-kOWQAAO6aI.jpg,,en,,0,1,0,https://x.com/undefined/status/2032235017057997119,1896922667292438528,
2032235004416442765,Thu Mar 12 23:19:16 +0000 2026,0,うちのオタクソング9選 ・Stand By You ・Cry Baby ・Same Blue ・ホワイトノイズ ・らしさ ・パラボラ ・Choral A ・Get Back To 人生 ・Chessboard #俺のオタクソング9選 https://t.co/zwpXxJpBdW 髭男はどれも好き好きで決めきれないw,2032235004416442765,,,ja,,0,0,0,https://x.com/undefined/status/2032235004416442765,1754307792951984128,
2032107296915144926,Thu Mar 12 23:19:16 +0000 2026,0,@pigeoncrafts blue :),2032235003497890199,,pigeoncrafts,en,,0,0,0,https://x.com/undefined/status/2032235003497890199,1450574568503001097,
2032235002704920696,Thu Mar 12 23:19:16 +0000 2026,3,I feel honored that ya ll asked me to write more muke fics don t forget to read red vs blue on ao3,2032235002704920696,,,en,,0,1,0,https://x.com/undefined/status/2032235002704920696,858523221855019008,
2032234993108349152,Thu Mar 12 23:19:14 +0000 2026,0,https://t.co/2GuE69Sb3z,2032234993108349152,https://pbs.twimg.com/amplify_video_thumb/2032232851689914373/img/IiB3uFGvl6n2_fo1.jpg,,zxx,,0,0,0,https://x.com/undefined/status/2032234993108349152,1285280554859089922,
2031254703334371409,Thu Mar 12 23:19:08 +0000 2026,1,@ELONREEVESewt8 Wonderful Elon but the blue check mark isn't next to this online link. Why?,2032234968261575015,,ELONREEVESewt8,en,,0,1,0,https://x.com/undefined/status/2032234968261575015,1986595666773352448,
2032234952541036707,Thu Mar 12 23:19:04 +0000 2026,1,It was great to see the Southwest Florida Public Service Academy highlighted by Governor DeSantis today! Director Todd Everly delivered a fantastic speech on his school's remarkable success in training new law enforcement heroes. Proud to back the blue! Governor DeSantis $5 000 https://t.co/GZrcueHBu5,2032234952541036707,https://pbs.twimg.com/media/HDPy6M4XgAEdcHI.jpg,,en,,0,0,0,https://x.com/undefined/status/2032234952541036707,1026829692781912064,
2032188273628516371,Thu Mar 12 23:18:58 +0000 2026,1,@Mamdouh_Hamza https://t.co/YcJzfeBedC,2032234927714959436,https://pbs.twimg.com/media/HDPy5cbX0AELktX.jpg,Mamdouh_Hamza,qme,,0,0,0,https://x.com/undefined/status/2032234927714959436,518886090,
2031991327777546285,Thu Mar 12 23:18:54 +0000 2026,0,@ManOfFocus_ There is a man who copies posts for clicks with a blue tick.,2032234909821989186,,ManOfFocus_,en,,0,0,0,https://x.com/undefined/status/2032234909821989186,1850401380307005440,
2032205973083799941,Thu Mar 12 23:18:50 +0000 2026,0,@politicalmath Also it s contributing hugely to GDP growth &amp; employment and a lot of blue state politicians like that because they re not insane,2032234895821754494,,politicalmath,en,,0,0,0,https://x.com/undefined/status/2032234895821754494,162233830,
2032191195879977175,Thu Mar 12 23:18:49 +0000 2026,0,@AnastasiRine That blue You're stunning !,2032234890335568088,,AnastasiRine,en,,0,0,0,https://x.com/undefined/status/2032234890335568088,2031242529220472832,
2032234888431071633,Thu Mar 12 23:18:49 +0000 2026,1,Very little rhythm for Georgia right now and an errant pass from Blue Cain gives the ball back to Ole Miss. Dawgs on a 4:30+ FG drought but Stagg drives to the rim and will go to the line for two. UGA down 11-5 with 12:48 to go,2032234888431071633,,,en,,0,0,0,https://x.com/undefined/status/2032234888431071633,353388239,
2032234888108101977,Thu Mar 12 23:18:49 +0000 2026,4,There once was a Sec/State who lived in a shoe With so little spine he knew not what to do When along came a crow Who said Grow a backbone - The best winged tips come from out of the blue. Ah if only AngeloBCollie were here. https://t.co/MeJnfvgOjc,2032234888108101977,https://pbs.twimg.com/media/HDPy25_XEAABYbp.jpg,,en,,0,0,0,https://x.com/undefined/status/2032234888108101977,1435243987200266241,
2032186509558702127,Thu Mar 12 23:18:47 +0000 2026,0,@WybrednaCholera What Omega would do to those blue scrubs for stealing his chance to shine... https://t.co/IJNSNUM4E3,2032234880105390534,https://pbs.twimg.com/tweet_video_thumb/HDPy2IpawAA4QCC.jpg,WybrednaCholera,en,,0,0,0,https://x.com/undefined/status/2032234880105390534,1469777101398102029,
2032234875277779016,Thu Mar 12 23:18:46 +0000 2026,0, UNDERDOG RUN ALERT Florida State Seminoles on 8-0 run vs Duke Blue Devils Score: 15-11 (+4) Time: 13:11 - 1st Half ESPN Live: Florida State Seminoles 92% Strategy: Bet closing line fav (Duke Blue Devils) Track record: 304-129 (70%) #CBB #CollegeBasketball #SportsBetting,2032234875277779016,,,en,,0,0,0,https://x.com/undefined/status/2032234875277779016,48682129,
2032176341961822362,Thu Mar 12 23:18:44 +0000 2026,1,@ReplyGuyTy I think mines gotta be scooby or blue !!!,2032234869875450042,,ReplyGuyTy,en,,0,1,0,https://x.com/undefined/status/2032234869875450042,1529079125264281600,
2032004034601640142,Thu Mar 12 23:18:42 +0000 2026,2,@ursultrymia Blue,2032234858554994934,,ursultrymia,en,,0,0,0,https://x.com/undefined/status/2032234858554994934,1556336043263156229,
2032234846970429549,Thu Mar 12 23:18:39 +0000 2026,0,assistindo a abertura de blue bird logo num momento como esse da minha vida :(,2032234846970429549,,,pt,,0,0,0,https://x.com/undefined/status/2032234846970429549,1411853396651429888,
2032004034601640142,Thu Mar 12 23:18:32 +0000 2026,1,@ursultrymia Blue,2032234818327437456,,ursultrymia,en,,0,0,0,https://x.com/undefined/status/2032234818327437456,35549261,
2032172434988625945,Thu Mar 12 23:18:32 +0000 2026,0,@PlaySoulframe Green dudes for Xbox blue for PS5 and red is PC,2032234817287528597,,PlaySoulframe,en,,0,0,0,https://x.com/undefined/status/2032234817287528597,616878412,
2032011981910393043,Thu Mar 12 23:18:31 +0000 2026,0,@ASkeleton6 @Kingbingo_ @Hitchslap1 Fair comment but I'm a woman and I refute the reality of that. The men I've known intimately have all been different physical types taller not so tall blond dark clean-shaven bearded blue-eyed brown-eyed. None have conformed to cartoonish stereotypes.,2032234814594826344,,ASkeleton6,en,,0,0,0,https://x.com/undefined/status/2032234814594826344,1711654221211426816,
2032063405322809557,Thu Mar 12 23:18:31 +0000 2026,0,@TheBTCTherapist a) Until 2 weeks ago Iran had a blue water navy. Small yes; but it was a blue water navy. b) they bought subs from China &amp; Russia. c) they have 2 missile types that have a range of 2 000km and drones that can fly by remote programming. d) they have NoKo promising to cooperate,2032234813407576495,,TheBTCTherapist,en,,0,0,0,https://x.com/undefined/status/2032234813407576495,1313166530478247938,
2032233250228146267,Thu Mar 12 23:18:30 +0000 2026,0,@lKriptoBluel ETF ler kurumsallar şimdi de Güney Kore Bunun ne demek olduğunu biliyorsunuz dimi blue hocam ?,2032234810039529529,,lKriptoBluel,tr,,0,0,0,https://x.com/undefined/status/2032234810039529529,1008237916227809280,
2032126351382303127,Thu Mar 12 23:18:29 +0000 2026,0,@steveth75737857 Because she was woke and with the blue hair didnt work.,2032234804318507410,,steveth75737857,en,,0,0,0,https://x.com/undefined/status/2032234804318507410,1722001813639966720,
2032234803010158750,Thu Mar 12 23:18:28 +0000 2026,1,i cant stand the yellow/white/blue diamond aus bcz they all imply tht greg fucked the other diamonds,2032234803010158750,,,en,,0,0,0,https://x.com/undefined/status/2032234803010158750,4167973039,
2032231824030834866,Thu Mar 12 23:18:28 +0000 2026,0,@BlueHappybeach ハピバBlueちゃーん このシュントヤバいね〜最高の1年になりますように,2032234801097556149,,BlueHappybeach,ja,,0,0,0,https://x.com/undefined/status/2032234801097556149,1135322696454041600,
2032234784529727887,Thu Mar 12 23:18:24 +0000 2026,9,It's Binnington not Bussi that makes the first puck-handling miscue and it nearly ends up in his net. Several bodies down in the blue.,2032234784529727887,,,en,,0,0,0,https://x.com/undefined/status/2032234784529727887,16808335,
2032233224639037820,Thu Mar 12 23:18:21 +0000 2026,2,@BasedWash_ Ozzy and Steve. Also have a dog Otis. 2 snakes. A blue tongued skink. And a tarantula. It s a literal zoo here. https://t.co/eyxRDofSOc,2032234773268066393,https://pbs.twimg.com/media/HDPywE0WYAA639J.jpg,BasedWash_,en,,0,1,0,https://x.com/undefined/status/2032234773268066393,1888587740738134017,
2032219800038969692,Thu Mar 12 23:18:21 +0000 2026,1,@ivybonbons Get loved blue crow,2032234770810142866,,ivybonbons,en,,0,0,0,https://x.com/undefined/status/2032234770810142866,1762228231707533312,
2032169289978167488,Thu Mar 12 23:18:18 +0000 2026,0,@JKurtz_MWN @usuHURD @USUBasketball In all fairness you need to put your race card firmly back in your purse. They are blue faces and wigs not black.,2032234761385845223,,JKurtz_MWN,en,,0,0,0,https://x.com/undefined/status/2032234761385845223,1441402617041612810,
2032234749759275237,Thu Mar 12 23:18:16 +0000 2026,0,Ever Blue https://t.co/jNmwEvU5kU @YouTubeより,2032234749759275237,,,ja,,0,0,0,https://x.com/undefined/status/2032234749759275237,3223059728,
2032234745300504954,Thu Mar 12 23:18:15 +0000 2026,5,Comets have a tendency to circle around extracts - and follow Raiders inside. This Raider got a double surprise on Blue Gate. by /u/gokartracer241 https://t.co/z1J80TP67T,2032234745300504954,https://pbs.twimg.com/amplify_video_thumb/2032233840463241216/img/o7cwrkxtMZ42A0Xn.jpg,,en,,0,0,1,https://x.com/undefined/status/2032234745300504954,1929232279907225600,
2031834237922316764,Thu Mar 12 23:18:14 +0000 2026,0,@MikeBenzCyber 1/the save act doesnt fix that. Soros' ERIC contols data bases in 1/2 the states how else will d3ad people vote blue and your duplicate &amp; you are told u already voted. Eric will still vote for imaginary people. why? bc they still allow early voting and Doesnt include paper,2032234741353590927,,MikeBenzCyber,en,,0,0,0,https://x.com/undefined/status/2032234741353590927,1716466411374317568,
2032225343528960010,Thu Mar 12 23:18:12 +0000 2026,1,@KnightlyTired Smoke Blue no Ame Nochi Hare!,2032234734839865746,,KnightlyTired,en,,0,1,0,https://x.com/undefined/status/2032234734839865746,1362789410,
2032230708458954842,Thu Mar 12 23:18:12 +0000 2026,0,@BadChoiceBurner I m so thrilled they are wearing the best basketball uniforms of all time! (The blue and white Connecticut or UConn unis in that style). No other uniforms in basketball history compare.,2032234733535465747,,BadChoiceBurner,en,,0,0,0,https://x.com/undefined/status/2032234733535465747,1138974803589849088,
2032206399011504400,Thu Mar 12 23:18:06 +0000 2026,1,@zapatas_mom nigga wasnt your whole thing being anti blue collar lol,2032234708659290607,,zapatas_mom,en,,0,1,0,https://x.com/undefined/status/2032234708659290607,1389268775438995457,
2032234698189963743,Thu Mar 12 23:18:03 +0000 2026,6,La jefa todo lo ve todo lo escucha y todo lo edita. #LCDLF6 https://t.co/zDWOA0qs7K,2032234698189963743,https://pbs.twimg.com/tweet_video_thumb/HDPyrznWsAAa70J.jpg,,es,,0,0,2,https://x.com/undefined/status/2032234698189963743,304267306,
2032234696877490374,Thu Mar 12 23:18:03 +0000 2026,12,8-seed Blue Valley Northwest girls entered the 6A state tournament 11-13. The Huskies are now in the championship after upsetting No. 1 Wichita Heights and No. 5 Wichita East Senior Molly Numrich and head coach Jeff Piggie join @bjbowman13 in the midst of a special run ⬇️ https://t.co/uMgzllUKA6,2032234696877490374,https://pbs.twimg.com/amplify_video_thumb/2032234511291863041/img/6JNsDVkZl6enxZN7.jpg,,en,,0,0,5,https://x.com/undefined/status/2032234696877490374,183819663,
2032234691512934675,Thu Mar 12 23:18:02 +0000 2026,1,IYKYK: If someone s a Blue Falcon that means they re letting someone else take the heat for something. Blue Falcons are the snitches of the military world.,2032234691512934675,,,en,,0,0,0,https://x.com/undefined/status/2032234691512934675,173562303,
2031927541124997594,Thu Mar 12 23:18:00 +0000 2026,0,@OtisTheOniTV @Blackvev0 blue checkmark,2032234683757707526,,OtisTheOniTV,en,,0,0,0,https://x.com/undefined/status/2032234683757707526,1709999465296195584,
2032234682390057053,Thu Mar 12 23:18:00 +0000 2026,0,Light skinned people did not exist until 5 000 years after the time of Cheddar Man (10 000 years ago) Genetic evidence shows MOST ALL West Europeans had dark skin &amp; blue eyes Light skin occurred over many years with adaptations in NW Europeans from lower vitamin D levels,2032234682390057053,,,en,,0,0,0,https://x.com/undefined/status/2032234682390057053,2424272688,
2032107296915144926,Thu Mar 12 23:18:00 +0000 2026,0,@pigeoncrafts Clifford Blue Scooby and Courage ,2032234682331304327,,pigeoncrafts,en,,0,0,0,https://x.com/undefined/status/2032234682331304327,2871636227,
2032004034601640142,Thu Mar 12 23:17:59 +0000 2026,8,@ursultrymia Blue,2032234680519450669,,ursultrymia,en,,0,0,1,https://x.com/undefined/status/2032234680519450669,2416083310,
2032183335858876486,Thu Mar 12 23:17:58 +0000 2026,0,@MikeArnoldTruth Arnold I don't know how to thank you enough for all you do concerning the unsung forgotten Nigerians who had suffered in the hands of these terrorists. Obama(a Black man) was all talks and part of the problem.When all hope was lost You came out of the blue to lend your time.,2032234675414991343,,MikeArnoldTruth,en,,0,0,0,https://x.com/undefined/status/2032234675414991343,1154083930846502912,
2032234667689037898,Thu Mar 12 23:17:56 +0000 2026,0,one of my fav local breweries remodeled their bar and it feels like I'm in a hotel lobby between the grey paint and blue green chairs I hate it,2032234667689037898,,,en,,0,0,0,https://x.com/undefined/status/2032234667689037898,1054432337184854017,
2032234654464389264,Thu Mar 12 23:17:53 +0000 2026,2,Anyone who has a blue or gold check mark on this platform should cancel it before you're suspended for no reason. And don't put any of your money into X for some sort of banking system. This massive suppression of free speech should be a wake up call to everyone on this platform.,2032234654464389264,,,en,,0,0,2,https://x.com/undefined/status/2032234654464389264,1710511736032243712,
2032234654053572828,Thu Mar 12 23:17:53 +0000 2026,1,引退して久しいけれど、当時を思い返しながら、答えてみました！ デジカプレイヤータイプ診断 「青黄の戦術研究者」[TRCL]でした！ #デジカプレイヤータイプ診断 #デジモンカードゲーム https://t.co/JTIZPEMNKU,2032234654053572828,,,ja,,0,0,0,https://x.com/undefined/status/2032234654053572828,1790965422336172032,
2032153397714137507,Thu Mar 12 23:17:52 +0000 2026,0,@scrowder I am surprised no blue haired weirdo tried to throw itself in front of the ICE car or run the agents over - so as not to separate this loving mother from her children,2032234649229930696,,scrowder,en,,0,0,0,https://x.com/undefined/status/2032234649229930696,1689078731174821888,
2031958362754363442,Thu Mar 12 23:17:49 +0000 2026,13,@toucherafs @WeAreWST You have to alternate shooting between a red and a different color. The other colored balls go back onto the table until all the reds are gone and then you have to shoot them in order of value from lowest to highest (yellow - 2 points green 3 brown 4 blue 5 pink 6 black 7),2032234638911881544,,toucherafs,en,,0,0,0,https://x.com/undefined/status/2032234638911881544,1380300276557606915,
2032234636919656499,Thu Mar 12 23:17:49 +0000 2026,0,randy arozarena you are a toronto blue jay,2032234636919656499,,,en,,0,0,0,https://x.com/undefined/status/2032234636919656499,1439063201090519046,
2032004034601640142,Thu Mar 12 23:17:46 +0000 2026,6,@ursultrymia Blue,2032234625481797752,,ursultrymia,en,,0,0,1,https://x.com/undefined/status/2032234625481797752,1986971717038944256,
2032175452790435932,Thu Mar 12 23:17:45 +0000 2026,0,@ChrisMurphyCT I saw where blue ties were a symbol of the Klan's racist covert racism.,2032234621300092974,,ChrisMurphyCT,en,,0,0,0,https://x.com/undefined/status/2032234621300092974,1590035111495581696,
2032234611233747410,Thu Mar 12 23:17:43 +0000 2026,0,@rgrosjean roses r red violets r blue ,2032234611233747410,,RGrosjean,en,,0,0,0,https://x.com/undefined/status/2032234611233747410,1976976236086722560,
1989462829393744181,Thu Mar 12 23:17:42 +0000 2026,2,@tristanbtaylor @VanitaHork @JasPhoenix_Rise @tristan_dineen @ta_welton @booksbyJeanneR @annette_koppco @SPOFarrell3 @thomasmkane11 @M_Cobbett71 @Kellyrei007 @The_Em_Vega @Adele_Royce @AikinNorb @jgmacleodauthor @EveKoguce @AuthorPiro @Emme_Klama @LaylaHawke2 @GeorgeYuhasz @AfarinRava @jas_phoenix333 @impoliticpolit @JessSFrankel @ANelsonLMPotter @GhostThe50178 @ChaunceyMcG_ @kampungkreepy @Car01am @ninsthewriter @NinaIvAndrews @RaelleLogan1 @Thief_Of_Harts @ganderson7 @L_Montes223 @nikki_twisted @FDS_NaturallyMe @HoltStephenson @IreneWoodbury @ITSPOSSIBLE_Rod @LMFord2 @QDPurdu @SWilkingHoran @JayeTroop @steven_arnett Thank you Tristan. @GeorgeYuhasz @Susanjeanricci @LallyABrown https://t.co/eAZvf9mYx8,2032234608901964260,,tristanbtaylor,en,,0,0,1,https://x.com/undefined/status/2032234608901964260,1278993716,
2032234607777612121,Thu Mar 12 23:17:42 +0000 2026,0,I am surprised no blue haired weirdo tried to throw itself in front of the ICE car or run the agents over - so as not to separate this loving mother from her children,2032234607777612121,,,en,,0,0,0,https://x.com/undefined/status/2032234607777612121,1689078731174821888,
2032049153342116059,Thu Mar 12 23:17:41 +0000 2026,0,@GiveMeATailJob Just go buy that blue checkmark bro you clearly want it,2032234605193949253,,GiveMeATailJob,en,,0,0,0,https://x.com/undefined/status/2032234605193949253,1256803818794336256,
2032004034601640142,Thu Mar 12 23:17:40 +0000 2026,4,@ursultrymia Blue,2032234600013967502,,ursultrymia,en,,0,0,0,https://x.com/undefined/status/2032234600013967502,269523020,
2032058766771044453,Thu Mar 12 23:17:36 +0000 2026,0,@SNK_LRD @Noodle_nevarez This is only really true for Dimitri s perspective of Edelgard she has no real attachment to him. The Faeghus four never schism and basically everyone outside the blue lions just met. I haven t finished the blion route but I really don t see how this is a theme of 3h,2032234584625008915,,SNK_LRD,en,,0,0,0,https://x.com/undefined/status/2032234584625008915,1412468907366092807,
2032234400130482445,Thu Mar 12 23:16:52 +0000 2026,0,Blue lock s1 is the best sports anime in my opinion ,2032234400130482445,,,en,,0,0,0,https://x.com/undefined/status/2032234400130482445,1994976421480206339,
2032196638383452384,Thu Mar 12 23:16:48 +0000 2026,0,@JavierBlas @opinion Im surprised to hear that all those blue dots near the peninsular are on the move. I thought Iran had them all pinned down apart from those further out into Gulf of Oman,2032234383495852311,,JavierBlas,en,,0,0,0,https://x.com/undefined/status/2032234383495852311,848327444,
2032210151621398872,Thu Mar 12 23:16:46 +0000 2026,0,@Manukun_ @nasirgan @inanilux recuerdo una extra de Kazue Kato (Blue Exorcist) que tiene storyboards dibujados como el culo pero tiene asignaciones de detalles a sus asistentes al acabarlo ella se encarga de terminar lo demás para pulir su propio arte el dibujo original del storyboard,2032234375786504698,,RahkosSlay,es,,0,0,0,https://x.com/undefined/status/2032234375786504698,1327733822,
2032091693324083252,Thu Mar 12 23:16:45 +0000 2026,0,@PCAGoldGlove @brendan_cubs 1000%. They got triggered by his blue hair I guess. He s one of the most likely dawgs in the league,2032234371227545834,,PCAGoldGlove,en,,0,0,0,https://x.com/undefined/status/2032234371227545834,1396632497337733120,
2032234370476490941,Thu Mar 12 23:16:45 +0000 2026,1,Songs sung on tour confirmed by remys video submission website Sunset claws Skin tight jeans Simple girl Don t go back to Paris No one Orlando You don t say that American wedding Summer song Star shaped baby Walk like an angel Moviestar Red white and blue https://t.co/FCzhQLLeZq,2032234370476490941,https://pbs.twimg.com/media/HDPyYi-XgAAJnew.jpg,,en,,0,2,0,https://x.com/undefined/status/2032234370476490941,1902073039900282880,
2032222345130025053,Thu Mar 12 23:16:45 +0000 2026,4,@Artism_Vpn I do know that all of the human-soul colored flowers were used in a wedding bouqet. Perhaps the wedding of Asgore and Tori took place specifically at the hometown church and that's how Miss Mizzle knows the blue flower.,2032234370237677930,,Artism_Vpn,en,,0,2,0,https://x.com/undefined/status/2032234370237677930,1855374058969239552,
2032234362926715325,Thu Mar 12 23:16:43 +0000 2026,0,https://t.co/O3kf3t6IBl,2032234362926715325,https://pbs.twimg.com/media/HDPyYkAbMAASyKW.jpg,,zxx,,0,0,0,https://x.com/undefined/status/2032234362926715325,1742546508283596800,
2032004034601640142,Thu Mar 12 23:16:41 +0000 2026,6,@ursultrymia Blue,2032234352977772773,,ursultrymia,en,,0,0,1,https://x.com/undefined/status/2032234352977772773,1987054909674692608,
2032188513819771293,Thu Mar 12 23:16:40 +0000 2026,0,@19solz Need a veteran edge back up DT real safety-I am as adamant about them drafting a blue chip safety as the draft a tackle in Rd1! Guys are-none of us are right-Kyle hates young WR and young OLinemen-young DBs are right up there-always signed vets and let young guys develop,2032234350725455942,,19solz,en,,0,0,0,https://x.com/undefined/status/2032234350725455942,3242526123,
2032234332522156065,Thu Mar 12 23:16:36 +0000 2026,0, New Arrival This 2026 BMW X5 M60i has arrived finished in stunning Marina Bay Blue and ready to make an impression. Stock number 11953w. Take a look in the video below. Shop our inventory: https://t.co/CNhPpBrAMZ #BMWX5 #X5M60i #MarinaBayBlue #NewArrival #X5 https://t.co/ObTK7mwpgH,2032234332522156065,https://pbs.twimg.com/amplify_video_thumb/2032233877083996160/img/kDn1nfiwzvMXpGCK.jpg,,en,,0,0,0,https://x.com/undefined/status/2032234332522156065,207692766,
2032234330840318406,Thu Mar 12 23:16:36 +0000 2026,1,I would like a pair of blue jeans,2032234330840318406,,,en,,0,1,0,https://x.com/undefined/status/2032234330840318406,1592729991581761536,
2031728386331083221,Thu Mar 12 23:16:34 +0000 2026,0,@Nova__999999 @Scorpiopt @JFest @Gr1zZtv I would love to hear exactly what hardware requirement this dude I m replying to with a twitter blue subscription doesn t meet,2032234325370929440,,Nova__999999,en,,0,1,0,https://x.com/undefined/status/2032234325370929440,3352253272,
2032220715756224963,Thu Mar 12 23:16:32 +0000 2026,1,@utggondal There are reports of two KC-135 being hit. It wouldn t surprise me if it is again blue on blue scenario rather than Iranian SAM kill.,2032234313761304742,,utggondal,en,,0,1,0,https://x.com/undefined/status/2032234313761304742,1361320472898646020,
2031757003387715644,Thu Mar 12 23:16:31 +0000 2026,1,@daisyg295 Looking at Your blue jeans shorts I like but remember when we smoked back in those days Blue jeans pants We rolled the bottoms up in a cuff and flicked our ashes in the cuff . The cool thing lol I don't know if You did that,2032234310074314970,,daisyg295,en,,0,1,0,https://x.com/undefined/status/2032234310074314970,1923392694807678977,
2032123944459743294,Thu Mar 12 23:16:29 +0000 2026,0,@newrightrpt @GovernorVA Yes the democrats are hellbent on turning Virginia into another blue state cesspool of crime and corruption. That is all they are good at. That and raising taxes.,2032234303355007194,,newrightrpt,en,,0,0,0,https://x.com/undefined/status/2032234303355007194,48382109,
2032234295473901850,Thu Mar 12 23:16:27 +0000 2026,1,woke up today and blue was the colour of the sun...,2032234295473901850,,,en,,0,0,0,https://x.com/undefined/status/2032234295473901850,216662509,
2032178642587922535,Thu Mar 12 23:16:26 +0000 2026,0,@CrimeWatchMpls Blue Honda guy gets a tax increase to pay for yellow van illegals to have free housing. Go MN!!!,2032234289849307572,,CrimeWatchMpls,en,,0,0,0,https://x.com/undefined/status/2032234289849307572,1939341783156355073,
2032234285382447409,Thu Mar 12 23:16:25 +0000 2026,0,Live coverage of the Florida State Seminoles vs. Duke Blue Devils NCAAM game on ESPN including live score highlights and updated stats. https://t.co/9mavgArzwc via @ESPN App https://t.co/7qDsOY8zID,2032234285382447409,,,en,,0,0,0,https://x.com/undefined/status/2032234285382447409,962913195559211008,
2032219925008314388,Thu Mar 12 23:16:23 +0000 2026,0,@GhostLifestyle Blue raspberry ,2032234277598044539,,GhostLifestyle,en,,0,0,0,https://x.com/undefined/status/2032234277598044539,1613321693610524673,
2032234276075225503,Thu Mar 12 23:16:23 +0000 2026,0,I ve discovered and played some AMAZING board games in 2026: Ra Mille Fiori Trio In Front of the Elevators Dutch Blitz Faraway Pan Am Blue Lagoon For Sale Poison Imhotep Awkward Guests Coloretto Magical Athlete,2032234276075225503,,,en,,0,0,0,https://x.com/undefined/status/2032234276075225503,428293145,
