conversation_id_str,created_at,favorite_count,full_text,id_str,image_url,in_reply_to_screen_name,lang,location,quote_count,reply_count,retweet_count,tweet_url,user_id_str,username
2034809148152426652,Fri Mar 20 01:48:00 +0000 2026,0,Every other month I hate my man then I love him again out the blue wtf ,2034809148152426652,,,en,,0,0,0,https://x.com/undefined/status/2034809148152426652,317838320,
2034807219464605941,Fri Mar 20 01:47:57 +0000 2026,0,Somehow in the process of restoring my account my blue check mark reappeared. (It was removed when Elon bought this website.) ¯\_(ツ)_/¯ A relic from the pre-oligarchy verification system. Please know I'd never give that human being a single dime of my money.,2034809134982287549,,shannoncoulter,en,,0,0,0,https://x.com/undefined/status/2034809134982287549,7019512,
2034806875947180346,Fri Mar 20 01:47:54 +0000 2026,0,@WETrendingTeam Blue GF MEGA GALE X WILLIAMEST #GrabFoodMegaGalexวิลเลี่ยมเอส,2034809124823998945,,WETrendingTeam,en,,0,0,0,https://x.com/undefined/status/2034809124823998945,2010142027598704645,
2034719561832931733,Fri Mar 20 01:47:54 +0000 2026,0,@nocontextmemes Red blue black,2034809124286845135,,nocontextmemes,en,,0,0,0,https://x.com/undefined/status/2034809124286845135,2004715660568600576,
2034809111360282706,Fri Mar 20 01:47:51 +0000 2026,0,Fatal Fury: City of the Wolves - Blue Mary Character Trailer | PS5 &amp; PS4... https://t.co/IbX5VqXcIF via @YouTube,2034809111360282706,,,en,,0,0,0,https://x.com/undefined/status/2034809111360282706,1221148801127157760,
2034794488405925960,Fri Mar 20 01:47:51 +0000 2026,0,@GlammaSooz Temu Blue Man Group. Good one.,2034809108788822219,,GlammaSooz,en,,0,0,0,https://x.com/undefined/status/2034809108788822219,1195170240608423938,
2034655615520215182,Fri Mar 20 01:47:50 +0000 2026,0,@theWellRedMage I started with Blue version got it for Christmas the year it came out. Later got Yellow when it came out later. Still love the series to this day,2034809107715432876,,theWellRedMage,en,,0,0,0,https://x.com/undefined/status/2034809107715432876,130751797,
2034793183129772292,Fri Mar 20 01:47:50 +0000 2026,0,@SallyMayweather The blue strip surrounding the Great Lakes,2034809105534067055,,SallyMayweather,en,,0,0,0,https://x.com/undefined/status/2034809105534067055,797282130959200256,
2034809099238424834,Fri Mar 20 01:47:48 +0000 2026,0,Area Round Soccer Playoffs Monday March 23rd Dumas (Home) vs Ysleta (Away) Astound Broadband Auxiliary (Blue field) Kickoff @ 3:00pm ️561 N Loop 250 W Midland Tx 79706 ️ Ticket information will be posted when available. https://t.co/kwi1U9KZ5d,2034809099238424834,https://pbs.twimg.com/media/HD0YF9VWMAEgzj8.jpg,,en,,0,0,0,https://x.com/undefined/status/2034809099238424834,1155936387402752001,
2034809096545673691,Fri Mar 20 01:47:48 +0000 2026,0,TDE has officially welcomed South Carolina s own @TrapDickey30 to the family marking a rare Southern addition to a roster historically rooted in the West Coast. With hits like Blue Devils and his recent Down South collab with Key Glock he brings a raw authentic street,2034809096545673691,,,en,,0,0,0,https://x.com/undefined/status/2034809096545673691,1026483787234914304,
2034809094100357147,Fri Mar 20 01:47:47 +0000 2026,0,Vintage Scottish Blue and White Transferware Soup Bowl with Lid https://t.co/lZL2pBPoWC via @Etsy #Scottish #Blueandwhite #Transferware #Soupbowl #Etsyvintage #Pamstreasurebox #Etsyshop #Etsystore #Etsyseller #Etsy,2034809094100357147,,,en,,0,0,0,https://x.com/undefined/status/2034809094100357147,1613653884819447814,
2034809091910930726,Fri Mar 20 01:47:47 +0000 2026,0,So excuse me forgettin but these things I do. You See I ve forgotten if they re green or they re blue https://t.co/iHy6MVkVMU,2034809091910930726,https://pbs.twimg.com/tweet_video_thumb/HD0YFPeXIAAFqpM.jpg,,en,,0,0,0,https://x.com/undefined/status/2034809091910930726,1903159787556151296,
2034809090254217365,Fri Mar 20 01:47:46 +0000 2026,0,NEVER GIVE UP! #CBJ NEVER SURRENDER! #CBJ IN BLUE JACKETS WE MARCH! #CBJ,2034809090254217365,,,en,,0,0,0,https://x.com/undefined/status/2034809090254217365,417529091,
2034754701237829714,Fri Mar 20 01:47:45 +0000 2026,0,@Eshenta_ My only archived skin being ninja hope and i just have her because that blue haired bitch musty and nasty cracky hoe motherfucker mary sure was in the battlepass hopefully she dies soon in the lore so she dissapears from fortnite ,2034809087033061827,,Eshenta_,en,,0,0,0,https://x.com/undefined/status/2034809087033061827,1492051306177077248,
2034809081630798191,Fri Mar 20 01:47:44 +0000 2026,0,DO BLUE PLEASEEE @rhodeskin https://t.co/oE4EtdRYOI,2034809081630798191,https://pbs.twimg.com/media/HD0YE3KaUAAfmR3.jpg,,en,,0,0,0,https://x.com/undefined/status/2034809081630798191,1207899276493373440,
2034795810823577794,Fri Mar 20 01:47:44 +0000 2026,0,@X_MrDirge_X @Packtoshi Lemme get this in octra blue,2034809081370726728,,X_MrDirge_X,en,,0,0,0,https://x.com/undefined/status/2034809081370726728,1609008463027240960,
2034744021990449454,Fri Mar 20 01:47:42 +0000 2026,0,@buffys Blue slide park,2034809073946825163,,buffys,en,,0,0,0,https://x.com/undefined/status/2034809073946825163,628684188,
2034808760724594768,Fri Mar 20 01:47:40 +0000 2026,0,@john322226 Boss just one blue tick plz ,2034809064308285493,,john322226,en,,0,0,0,https://x.com/undefined/status/2034809064308285493,1854541070127738892,
2034763475717939471,Fri Mar 20 01:47:39 +0000 2026,0,@hanaamurakami blue. racism is just a buzzword for pattern recognition.,2034809060185235729,,hanaamurakami,en,,0,0,0,https://x.com/undefined/status/2034809060185235729,1519000922155896832,
2034676570627965291,Fri Mar 20 01:47:38 +0000 2026,0,@TheeMagda Blue MAGA,2034809056884310497,,TheeMagda,en,,0,0,0,https://x.com/undefined/status/2034809056884310497,1230864755285467136,
2034809050630873274,Fri Mar 20 01:47:37 +0000 2026,1,Must be a blue moon or something cause it's fuckhead Friday again ,2034809050630873274,,,en,,0,0,0,https://x.com/undefined/status/2034809050630873274,222999727,
2034794454121685282,Fri Mar 20 01:47:35 +0000 2026,0,@TzqQaiser Blue ,2034809041705189585,,TzqQaiser,en,,0,0,0,https://x.com/undefined/status/2034809041705189585,1372386551016083457,
2034802801415791029,Fri Mar 20 01:47:34 +0000 2026,0,@scmedicinals Emphasis on reading!! Distracts you from anything that can deteriorate your brain and so much better than a blue light device before bed.,2034809038303609270,,scmedicinals,en,,0,0,0,https://x.com/undefined/status/2034809038303609270,1426698679302430725,
2034809037662167224,Fri Mar 20 01:47:34 +0000 2026,1,今日で出会ってから2年なんだね この最高の5人でずっと笑っててよ WILD BLUEのためならSTARRYはどこまででも着いていくよ #WILDBLUE #山下幸輝 #宮武颯 #鈴川直弥 #池田優斗 #鈴陽向 @wildblue_ykme,2034809037662167224,,,ja,,0,0,0,https://x.com/undefined/status/2034809037662167224,2006692738448990208,
2034809036873638351,Fri Mar 20 01:47:33 +0000 2026,0,I can't decide between Icarus Gang Anti-Believe and Blue Blood. ,2034809036873638351,,,en,,0,0,0,https://x.com/undefined/status/2034809036873638351,1788073471173607424,
2034809034587742627,Fri Mar 20 01:47:33 +0000 2026,0,やっぱワイは川崎鷹也が好き 3人とも良い 『Blue Jeans｜HANA』 acoustic cover. 優里 × Tani Yuuki × 川崎鷹也 https://t.co/mvVij1f1d7 @YouTubeより,2034809034587742627,,,ja,,0,0,0,https://x.com/undefined/status/2034809034587742627,1895800520142688256,
2034603542271672376,Fri Mar 20 01:47:31 +0000 2026,0,@brockpierson Go ahead Can you give me a blue checker while at it I ll pay back I have 100K impressions each week but no pays coz I don t have a blue check marker ):,2034809028484690297,,brockpierson,en,,0,0,0,https://x.com/undefined/status/2034809028484690297,1491105765150662664,
2034809017818869768,Fri Mar 20 01:47:29 +0000 2026,0,My BAE MyLovely_J Jinsol #BAE_beMine I'm Addicted to Blue Valentine Dash! #BAE Jinsol 041228 #배이이리에 = #배이리에 #NMIXX 배진솔 #엔믹스,2034809017818869768,,,en,,0,0,0,https://x.com/undefined/status/2034809017818869768,1048967246,
2034809014253433330,Fri Mar 20 01:47:28 +0000 2026,0,Printing time!! https://t.co/jEBIGkJkhj,2034809014253433330,https://pbs.twimg.com/media/HD0YAwRWcAAdCEi.jpg,,en,,0,0,0,https://x.com/undefined/status/2034809014253433330,1837193798469701633,
2034809010814075125,Fri Mar 20 01:47:27 +0000 2026,0,BLUE JACKETS WIN 6-3 over New York! Another HUGE 2 points! Keep it going onto Seattle! #CBJ #FifthLineForever https://t.co/Q6Y8drAKH4,2034809010814075125,https://pbs.twimg.com/tweet_video_thumb/HD0YAlfX0AAzsSm.jpg,,en,,0,0,0,https://x.com/undefined/status/2034809010814075125,1527049483552440326,
2034735444915888409,Fri Mar 20 01:47:23 +0000 2026,0,@marceelias @wallisweaver Blue is very handsome but he doesn t seem impressed.,2034808991188959743,,marceelias,en,,0,0,0,https://x.com/undefined/status/2034808991188959743,3154188391,
2034808988467188065,Fri Mar 20 01:47:22 +0000 2026,0,Who eats the most Maryland blue crabs every year? Spoiler: It s not people. https://t.co/IzOWPfbOQi https://t.co/TfCuBjW8qX,2034808988467188065,https://pbs.twimg.com/media/HD0X_gSboAA8ve6.jpg,,en,,0,0,0,https://x.com/undefined/status/2034808988467188065,1881734745102446592,
2034808985115636154,Fri Mar 20 01:47:21 +0000 2026,1,Scoreboard watch update: - Blue Jackets win in regulation are now third in the Metro - Islanders lose in regulation and are out of a playoff spot - Bruins win in regulation - Red Wings win in regulation,2034808985115636154,,,en,,0,1,0,https://x.com/undefined/status/2034808985115636154,401513227,
2034799078262153486,Fri Mar 20 01:47:20 +0000 2026,0,@Craignoicecube If the stock is as thick as they say and I would assume it is with all these backdoored pairs we may be ok. They are saying red and blue union number so ......,2034808979159674976,,Craignoicecube,en,,0,0,0,https://x.com/undefined/status/2034808979159674976,353448815,
2034678515010768921,Fri Mar 20 01:47:19 +0000 2026,0,@SportsAndChup Go Blue! &amp; don t forget to get your blinker fluid changed Jim! ,2034808977205153897,,SportsAndChup,en,,0,0,0,https://x.com/undefined/status/2034808977205153897,1519105374246346756,
2034808970758549867,Fri Mar 20 01:47:18 +0000 2026,1, The Blue Jackets have entered the high rent district. Why? Because they will end the night in a playoff spot. One of the best lines I remember from @jrimercbj during the 2013 season. Seems appropriate for this night,2034808970758549867,,,en,,0,0,0,https://x.com/undefined/status/2034808970758549867,340042784,
2034808970091585973,Fri Mar 20 01:47:18 +0000 2026,0,What does @elon have to do the save act ? Maybe he s going to put up billboards in all blue states and list all the Democrats that continue to vote no for VOTER ID because they want to disenfranchise voters. Democrats support FRAUD !,2034808970091585973,,,en,,0,0,0,https://x.com/undefined/status/2034808970091585973,1268012097964777474,
2034757533454282855,Fri Mar 20 01:47:17 +0000 2026,0,@JackGodar Who cares. VCU beat UNC - a blue-blood program; so if SLU doesn't beat an SEC team no excuses for the Billikens.,2034808968741015677,,JackGodar,en,,0,0,0,https://x.com/undefined/status/2034808968741015677,295322335,
2034752077524521023,Fri Mar 20 01:47:17 +0000 2026,0,@CrocodileCam Blue but I realized that s completely due to my age ,2034808968300634400,,CrocodileCam,en,,0,0,0,https://x.com/undefined/status/2034808968300634400,1211762186013401089,
2034808952349761956,Fri Mar 20 01:47:13 +0000 2026,1,if you see this do it! :) name: mike wheeler prns: he/him height: 5 11 sexuality: gay smokes: no piercings: 7 tattoos: 1 fav color: blue fav drink: coffee fav food: will s as [GUNSHOT] fav animal: bunny,2034808952349761956,,,en,,0,1,0,https://x.com/undefined/status/2034808952349761956,2019297241685454848,
2033825835157745979,Fri Mar 20 01:46:52 +0000 2026,0,@BabaDClint Blue flower dress was awesome,2034808864965538237,,BabaDClint,en,,0,0,0,https://x.com/undefined/status/2034808864965538237,1752170567023644672,
2034708222180032620,Fri Mar 20 01:46:52 +0000 2026,0,@BestinDogs The mighty Cassis. She was nails and loyal. Looking like a blue crayon to keep her old bones warm. https://t.co/Grp9AEDW92,2034808864462270682,https://pbs.twimg.com/media/HD0X4JhXwAAgOgM.jpg,BestinDogs,en,,0,0,0,https://x.com/undefined/status/2034808864462270682,44122667,
2034786779249647844,Fri Mar 20 01:46:52 +0000 2026,0,@SpawnYaardReply Blue Prince seems like a really awesome game. https://t.co/O3FYefBl2C,2034808863355216218,https://pbs.twimg.com/media/HD0X4FMboAIHMGQ.jpg,SpawnYaardReply,en,,0,0,0,https://x.com/undefined/status/2034808863355216218,3228411235,
2034730246524555675,Fri Mar 20 01:46:52 +0000 2026,0,@_KimiLive @OptimusGrind__ Then why MFs still votin Blue / disrespecting Indigenous Black men as if they aren t the very pillars of our communities / why MFs don t know bout the 81 books of the Bible just the 66 / and why MFs ain t gone back down south to claim they land? I m so sick and tied of bein ,2034808862604194190,,_KimiLive,en,,0,0,0,https://x.com/undefined/status/2034808862604194190,1863307656246489088,
2034808851518935279,Fri Mar 20 01:46:49 +0000 2026,0, LIVE Showing blue boy the best game show!╰ https://t.co/Eql1PTFuQr # Tags | #Vtuber | #VTuberUprising | #TheFinals https://t.co/zYWyCsBzpO,2034808851518935279,https://pbs.twimg.com/media/HD0XsErboAQn00f.jpg,,en,,0,0,0,https://x.com/undefined/status/2034808851518935279,1238180837683687424,
2034808851447394549,Fri Mar 20 01:46:49 +0000 2026,0,Once upon a time at 2:27 PM there was a stylish white poodle and a gentle blue brontosaurus happily hanging out together. Then 42 minutes ago a hungry green T-Rex crashed the party. Twenty-seven minutes ago a grumpy gray rhino wandered in too and now the whole crew was,2034808851447394549,,,en,,0,0,0,https://x.com/undefined/status/2034808851447394549,1897679152972451840,
2034789762070908991,Fri Mar 20 01:46:49 +0000 2026,0,@sk1llzfps @AniTVOfficial No cuz it s never redoing the whole story we re lucky if they go past east blue,2034808849547337734,,sk1llzfps,en,,0,0,0,https://x.com/undefined/status/2034808849547337734,1771744915262754816,
2034808846854578632,Fri Mar 20 01:46:48 +0000 2026,3,THE Columbus Blue Jackets are HOT!! I want to see the Columbus sports media leading off the newscasts with our PRO hockey team that's getting into the Stanley Cup Playoffs! What an incredible time this is to grow the 5th Line! #CBJ https://t.co/4PblprhtMF,2034808846854578632,https://pbs.twimg.com/tweet_video_thumb/HD0X3BHW0AA4gdY.jpg,,en,,0,0,1,https://x.com/undefined/status/2034808846854578632,1025976551060512769,
2034808844275392907,Fri Mar 20 01:46:48 +0000 2026,1,breaking news urgent now and beyond future! save our education action now! save our healthcare of abortion retirement age healthcare healthcare! save our supreme court blue wave Party! @ Overturned citizen united - healthcare act other etc. https://t.co/E07oTZldMr https://t.co/sSufdsIkRU,2034808844275392907,https://pbs.twimg.com/media/HD0XlHTboAQ4l21.jpg,,en,,0,0,1,https://x.com/undefined/status/2034808844275392907,1421597985046032386,
2034808827183534245,Fri Mar 20 01:46:43 +0000 2026,1,Blue is saying ILY to Taylor. #911Nashville,2034808827183534245,,,en,,0,0,0,https://x.com/undefined/status/2034808827183534245,1057291589788135425,
2034418964952977690,Fri Mar 20 01:46:43 +0000 2026,0,@olympiclasso Then without any discernible buildup or traditional energy signature he recognized the entity thrust its hands forward. A sphere of violent blue light bloomed in its grip then expanded layering upon itself into a massive wave of destruction; ,2034808824570216866,,Tectknowledge,en,,0,1,0,https://x.com/undefined/status/2034808824570216866,468186482,
2034803141678338377,Fri Mar 20 01:46:42 +0000 2026,0,@Twopointoh14 @TheCalvinCooli1 I can't say that it is or isn't. I like Texas Roadhouse but that's not why you go to Ruth's Chris. Before you get off on a tangent understand that being in a steakhouse isn't exactly a thing with the blue half man crowd anyway.,2034808819369263150,,Twopointoh14,en,,0,0,0,https://x.com/undefined/status/2034808819369263150,1743444214250147840,
2034808813824401702,Fri Mar 20 01:46:40 +0000 2026,0,Its gonna be real funny watching the kids go to the Jay-Z show. He's probably in the mansion like slSee i told yall Dad got it just like Mom Blue gonna be rolling her eyes....Beyonce just gonna be happy she doesn't have to do too much,2034808813824401702,,,en,,0,0,0,https://x.com/undefined/status/2034808813824401702,95112489,
2034426735962317218,Fri Mar 20 01:46:38 +0000 2026,0,@oh_HOLMES Where are the Team Blue ads for government election positions who is team blue running for governor or has team blue stopped this process like the installation of Kamala and Hillary.,2034808803607163364,,oh_HOLMES,en,,0,0,0,https://x.com/undefined/status/2034808803607163364,1677331102506053633,
2034808801862512777,Fri Mar 20 01:46:37 +0000 2026,2,New Balance U2002 2RT MAgic Blue/Castlerock (ニューバランス) [U20022RT] ・UNITED ARROWS 3/20 11:00~ https://t.co/lP6cPEi8MX https://t.co/FyJt2FaJto,2034808801862512777,https://pbs.twimg.com/media/HD0XwoyboAQfe9t.jpg,,ja,,0,0,0,https://x.com/undefined/status/2034808801862512777,2959643000,
2034411463650033698,Fri Mar 20 01:46:37 +0000 2026,0,@stevedowd92798 @Heal_within96 @MsLoveLiii Latinos started as a minority. How do you lose to a minority? Blame your weak communities beefing over red and blue smh,2034808800918516140,,stevedowd92798,en,,0,0,0,https://x.com/undefined/status/2034808800918516140,1773930812808851456,
2034625795566580207,Fri Mar 20 01:46:36 +0000 2026,0,@SenFettermanPA thank you for your candor and open mindedness. I feel some senators (not you) don t want Mullin to be confirmed because it is more about his origins like an unofficial caste system and they don t want that blue collar man in charge,2034808794992320986,,SenFettermanPA,en,,0,0,0,https://x.com/undefined/status/2034808794992320986,1734263129092284417,
2034794332671062086,Fri Mar 20 01:46:35 +0000 2026,0,@SeedOilDsrspctr shit man i fuck wit it swap dis blue pentagon for dat green circle. deal? https://t.co/94ltivYdf9,2034808792022417822,https://pbs.twimg.com/tweet_video_thumb/HD0Xzz3XAAAbbg-.jpg,SeedOilDsrspctr,en,,0,0,0,https://x.com/undefined/status/2034808792022417822,1700971508880019456,
2034808785097601160,Fri Mar 20 01:46:33 +0000 2026,0,Conquest would a loving blue collar uncle if he just had a family beer and a truck,2034808785097601160,,,en,,0,0,0,https://x.com/undefined/status/2034808785097601160,1364652771606224903,
2034808784371978440,Fri Mar 20 01:46:33 +0000 2026,0,The Blue Jackets beat the Rangers. I hate this team,2034808784371978440,,,en,,0,0,0,https://x.com/undefined/status/2034808784371978440,18925256,
2034808780941066320,Fri Mar 20 01:46:32 +0000 2026,0,We re here and literally everyone not wearing Carolina Blue was cheering for VCU!,2034808780941066320,,,en,,0,0,0,https://x.com/undefined/status/2034808780941066320,1199760415925964803,
2034157255877128328,Fri Mar 20 01:46:31 +0000 2026,0,@packrfan4 @warden228 @MasterBaitor724 @glenn_tunes You would think that Real ID is enough but California Minnesota and other blue states have issued Real ID to illegals.,2034808774712545743,,packrfan4,en,,0,0,0,https://x.com/undefined/status/2034808774712545743,1858954120050200576,
2034808768056488001,Fri Mar 20 01:46:29 +0000 2026,0,Cuba Cycle nearing completion structure at the 61.8 extension of wave 1 3 was identified long ago. Original 2011 analysis: https://t.co/aq9VwZOvqs Trade the Blue Boxes High Frequency areas. #Elliottwave #Trading https://t.co/yNtBY4pTNP,2034808768056488001,https://pbs.twimg.com/media/HD0XlUCboAMpnlE.jpg,,en,,0,0,0,https://x.com/undefined/status/2034808768056488001,79233326,
2034807133561397669,Fri Mar 20 01:46:29 +0000 2026,0,@4elementsGL Princesa Blue so beautiful THE AIR Q28 SHOOTING #เสน่หาวาโยคิว28,2034808765296304393,,4elementsGL,en,,0,0,0,https://x.com/undefined/status/2034808765296304393,323548846,
2034808762750374334,Fri Mar 20 01:46:28 +0000 2026,0,ㅤ ㅤㅤ no no it's fine . i really like blue .ᐟ ㅤ,2034808762750374334,,,ko,,0,0,0,https://x.com/undefined/status/2034808762750374334,1575727696700534784,
2034808757834981400,Fri Mar 20 01:46:27 +0000 2026,0,Blue Ocean TOKYO FM 2026/3/20(金) 09:00-11:00 https://t.co/UtnVbTCdsL #BlueOcean #住吉美紀 #TOKYOFM #BTS ,2034808757834981400,,,und,,0,0,0,https://x.com/undefined/status/2034808757834981400,1829183380560433152,
2034388287528243446,Fri Mar 20 01:46:26 +0000 2026,0,@WarThomas78 @AntiTrumpCanada All the red will be America. Everything else broke ass kkkookkky demokkkrat blue provinces.,2034808755322261935,,WarThomas78,en,,0,0,0,https://x.com/undefined/status/2034808755322261935,3436835374,
2034806664713388279,Fri Mar 20 01:46:26 +0000 2026,0,@UNCballTalk If he is not fired tonight or tomorrow this program doesn t care we used to be the top blue blood,2034808752726007938,,UNCballTalk,en,,0,0,0,https://x.com/undefined/status/2034808752726007938,1972255988,
2034755247726321929,Fri Mar 20 01:46:26 +0000 2026,0,@segolily478694 @johnny45436859 @nicksortor Not just show ID. Show PROOF of CITIZENSHIP. IDs are handed out like candy to every Tomas Ricardo and Hector or توماس ريتشارد and هاري in blue states,2034808751786545566,,segolily478694,und,,0,0,0,https://x.com/undefined/status/2034808751786545566,1518779008674107393,
2034683986912350356,Fri Mar 20 01:46:25 +0000 2026,0,@se4lly_art Sooo real. Like in the mirror my cheeks are normal eyes large and my butt chin is minimal but when ANYBODY takes a pic of me suddenly I have giant cheeks teensy little squinty blue eyes and a huge butt chin I hate it lol,2034808751728087152,,se4lly_art,en,,0,0,0,https://x.com/undefined/status/2034808751728087152,1819193813086449664,
2034808750033281388,Fri Mar 20 01:46:25 +0000 2026,0,Was Bonnie blue in town by chance?,2034808750033281388,,,en,,0,0,0,https://x.com/undefined/status/2034808750033281388,122465006,
2034808749605417136,Fri Mar 20 01:46:25 +0000 2026,3,Starting lineup for Georgia Blue Cain Kareem Stagg Somto Cyril Smurf Millender Kanon Catchings.,2034808749605417136,,,en,,0,0,1,https://x.com/undefined/status/2034808749605417136,25423327,
2034797424787742954,Fri Mar 20 01:46:25 +0000 2026,0,@Ldyzzx THE SHARPLOW ONE BLUE ,2034808748775284854,,Ldyzzx,en,,0,1,0,https://x.com/undefined/status/2034808748775284854,2004093878090321922,
2034325235844145354,Fri Mar 20 01:46:24 +0000 2026,0,@bRXyAi5JdlvEJeS そそ しれっと汎用車体に「Blue Ribbon」つけてる奴,2034808744425709574,,bRXyAi5JdlvEJeS,ja,,0,0,0,https://x.com/undefined/status/2034808744425709574,226404054,
2034801781201612996,Fri Mar 20 01:46:24 +0000 2026,0,@KSeattleWeather ️ https://t.co/uR7NtxWbVL,2034808744392237217,https://pbs.twimg.com/media/HD0XxQpbAAAG6my.jpg,KSeattleWeather,qme,,0,0,0,https://x.com/undefined/status/2034808744392237217,1152753444588937216,
2034808740591911178,Fri Mar 20 01:46:23 +0000 2026,34,that'll do it! CBJ x @FanaticsBook https://t.co/gSZKNEkAFc,2034808740591911178,https://pbs.twimg.com/amplify_video_thumb/2034808578784075776/img/gQ0LQOnc6M0pCOYe.jpg,,en,,1,0,2,https://x.com/undefined/status/2034808740591911178,23783692,
2034808733620920334,Fri Mar 20 01:46:21 +0000 2026,1,Blue is absolutely saying I love you to Taylor first #baylor #bluetaylor #911Nashville #911Nashvilleonabc,2034808733620920334,,,en,,0,0,0,https://x.com/undefined/status/2034808733620920334,1221213425092775936,
2034808733382189543,Fri Mar 20 01:46:21 +0000 2026,0, NFT Sold | Fuzzybears Fuzzybear #2142 502.86 XRP Background: XRPL Blue Clothes: Jersey Eyes: X-Eyes Fur: Honey Mouth: Sharp ️ https://t.co/oJkCXKxaUz https://t.co/p495RarJdb,2034808733382189543,https://pbs.twimg.com/media/HD0XwSMbIAAfdWI.jpg,,en,,0,0,0,https://x.com/undefined/status/2034808733382189543,2015473167351922689,
2034788746483384790,Fri Mar 20 01:46:21 +0000 2026,1,@elonmusk stay blue＞cute？,2034808733243711540,,elonmusk,en,,0,0,1,https://x.com/undefined/status/2034808733243711540,1897772893184180224,
2034808729736999303,Fri Mar 20 01:46:20 +0000 2026,0,What the Blue Jackets have been doing has been nothing short of incredible. It has been so much fun to watch!,2034808729736999303,,,en,,0,0,0,https://x.com/undefined/status/2034808729736999303,2203404499,
2034808622564417958,Fri Mar 20 01:45:55 +0000 2026,0,Yall dont get blue like jiung and i did,2034808622564417958,,,en,,0,0,0,https://x.com/undefined/status/2034808622564417958,1115901847225753602,
2034808621406843060,Fri Mar 20 01:45:54 +0000 2026,0,is this what we call No one is above the law ? https://t.co/qmjV7jUKTi,2034808621406843060,https://pbs.twimg.com/media/HD0XqIFboAIr-1A.jpg,,en,,0,0,0,https://x.com/undefined/status/2034808621406843060,1920769580458487809,
2034808616973148644,Fri Mar 20 01:45:53 +0000 2026,0,@john322226 Abeg Boss help me grow make my blue tick no waste..,2034808616973148644,,john322226,en,,0,0,0,https://x.com/undefined/status/2034808616973148644,336035030,
2034423286168498451,Fri Mar 20 01:45:52 +0000 2026,0,@LIEngProf Shuster's the claw CD9 was pretty ugly too he picked up ancestral blue but right trending Fayette County. Interesting that would be what would save him in his 2016 primary when he won by a whisker.,2034808611206058238,,LIEngProf,en,,0,0,0,https://x.com/undefined/status/2034808611206058238,1912749030,
2034808602507063559,Fri Mar 20 01:45:50 +0000 2026,0,Blue Monday.....,2034808602507063559,,,en,,0,0,0,https://x.com/undefined/status/2034808602507063559,1609330072254652416,
2034688495436931407,Fri Mar 20 01:45:50 +0000 2026,0,@Sadie_NC The Save (Trumps Ass) Act is not Voter ID. Only the Elon bots are propping up the horrendous bill that Trump needs to stem the blue wave that has already yielded results in many special elections. this is voter suppression for more than 20m US citizens.,2034808601647165747,,Sadie_NC,en,,0,1,0,https://x.com/undefined/status/2034808601647165747,48901267,
2034808593355067519,Fri Mar 20 01:45:48 +0000 2026,1,Dix I was starting to like you again but to find out that you lied to don and got pregnant with blue on purpose just to baby trap him!? That s low Dixie like what the actual fuck! #911Nashville,2034808593355067519,,,en,,0,0,0,https://x.com/undefined/status/2034808593355067519,423749768,
2034808589613981765,Fri Mar 20 01:45:47 +0000 2026,0,Cosmic Pants Jeans LYONS LIGHT BLUE Celana Denim Stretch Pria Straight https://t.co/Duib7zadLb,2034808589613981765,,,en,,0,0,0,https://x.com/undefined/status/2034808589613981765,198830994,
2034808585813639516,Fri Mar 20 01:45:46 +0000 2026,4,FINAL #CBJ 6 #NYR Big W for the Blue Jackets who pick up points in their 11th straight game tonight. #Isles needed the Rangers to win too ,2034808585813639516,,,en,,1,0,0,https://x.com/undefined/status/2034808585813639516,4133204999,
2034423709952311653,Fri Mar 20 01:45:44 +0000 2026,0,@librtynjust4all @FBIDirectorKash @TruCrimeBeliebr Watch the door knob move https://t.co/YDrtiqy1Gk,2034808575940264179,https://pbs.twimg.com/amplify_video_thumb/2034808432675704832/img/IMSu2EmoHN_0pXT_.jpg,librtynjust4all,en,,0,0,0,https://x.com/undefined/status/2034808575940264179,524637768,
2033382949815734719,Fri Mar 20 01:45:40 +0000 2026,0,@Stake BLUE RED ORANGE &amp; YELLOW️️️ ID: Fede1497D,2034808561709011245,,Stake,en,,0,0,0,https://x.com/undefined/status/2034808561709011245,3211179557,
2034808560295489761,Fri Mar 20 01:45:40 +0000 2026,0,I confess... I love blue cop... https://t.co/IU0wIZKVm7,2034808560295489761,https://pbs.twimg.com/media/HD0XmcrboAA1tI6.jpg,,en,,0,0,0,https://x.com/undefined/status/2034808560295489761,2023378700088004609,
2034808559725093000,Fri Mar 20 01:45:40 +0000 2026,0,Kind of Blue by Miles Davis,2034808559725093000,,,en,,0,0,0,https://x.com/undefined/status/2034808559725093000,1242794656091570177,
2034569937369641229,Fri Mar 20 01:45:39 +0000 2026,0,@COMODOXIS Blue archive files ahhh,2034808556554478071,,COMODOXIS,en,,0,0,0,https://x.com/undefined/status/2034808556554478071,1873247451039318017,
2034808540859441207,Fri Mar 20 01:45:35 +0000 2026,0,Never stop branching https://t.co/IJqsBIQGYI,2034808540859441207,https://pbs.twimg.com/media/HD0Xlb3WAAAkVpR.jpg,,en,,0,0,0,https://x.com/undefined/status/2034808540859441207,25037516,
2034808540087333133,Fri Mar 20 01:45:35 +0000 2026,6,Une mauvaise nouvelle arrive rarement seul: les Bruins ont gagné les Sénateurs ont battu les Islanders et les Blue Jackets sont en voie de gagner. Ça va chambarder le classement... #CH,2034808540087333133,,,fr,,0,2,1,https://x.com/undefined/status/2034808540087333133,73898082,
2034699876014203226,Fri Mar 20 01:45:33 +0000 2026,0,@PTI_News Blue auto mei kon aaya?? ,2034808530784719276,,PTI_News,hi,,0,0,0,https://x.com/undefined/status/2034808530784719276,1581004794818433025,
2034808526229406165,Fri Mar 20 01:45:32 +0000 2026,0,To start the second session it was really close in the first half but Blue is a well-oiled machine! MAKE THE FINAL! #Michigan #Wolverines 101 - #Howard #Bison 80 #MarchMadness @StadiumJourney https://t.co/DI2QoW6mss,2034808526229406165,https://pbs.twimg.com/media/HD0XkIlWMAAyCNT.jpg,,en,,0,0,0,https://x.com/undefined/status/2034808526229406165,363070199,
2032919040126235057,Fri Mar 20 01:45:31 +0000 2026,0,@WoodylemonIII @combobulato @squatsons You must be in a Blue state. But heck I am ok with gas at $20/gallon if it means that no nukes are being smuggled into America and detonated by Iranian proxies.,2034808525147209805,,WoodylemonIII,en,,0,0,0,https://x.com/undefined/status/2034808525147209805,2986373103,
2034791091103273309,Fri Mar 20 01:45:30 +0000 2026,0,@MrUnloved1s Won both unions- 1st from union- b4 Nike drop&amp; i sold em n made a Lil $$ went without working 4mo single mom no help. I hit the blue unions @ soleplay ATL but I live in MA said refund me n sell em-i begged em 2 ship nope but still charged me 220 n EQL counted it. BS,2034808520965575010,,MrUnloved1s,en,,0,0,0,https://x.com/undefined/status/2034808520965575010,454045486,
2034788746483384790,Fri Mar 20 01:45:30 +0000 2026,0,@real_cryptowolf @elonmusk SpaceX's 1M satellite orbital data center filing is the most ambitious leveraging proven Starlink deployment Starship launches and solar power scaling for AI compute. Starcloud's 88K and Blue Origin's 51K plans add real competition in this emerging field. Space won't have,2034808517454860331,,real_cryptowolf,en,,0,0,0,https://x.com/undefined/status/2034808517454860331,1720665183188922368,
2034638048751706435,Fri Mar 20 01:45:29 +0000 2026,0,@ronsterd89 Blue nootz,2034808515861074401,,ronsterd89,en,,0,0,0,https://x.com/undefined/status/2034808515861074401,1930383959646740480,
2034634078482579840,Fri Mar 20 01:45:28 +0000 2026,0,@TheFormerExpert @nickshirleyy @GavinNewsom And yes I'm all for it - let's expose ALL of the fraud in blue red and purple states. I'm all for that. Then root it all out every bit of it. Every honest citizen will benefit from that! Just common sense.,2034808511511539838,,TheFormerExpert,en,,0,0,0,https://x.com/undefined/status/2034808511511539838,1688881566221471744,
2034806583872438604,Fri Mar 20 01:45:28 +0000 2026,0,@ChrisLandauUSA Red = hot Blue = cold It's that simple Right?,2034808509577977961,,ChrisLandauUSA,en,,0,0,0,https://x.com/undefined/status/2034808509577977961,23402433,
2034773670128665046,Fri Mar 20 01:45:27 +0000 2026,0,@OliverLeahy69 Went with Tensei Blue 65s. Was debating going with 75 like I have in my woods but I tend to get a little pushy with heavier shafts off the tee,2034808506885279956,,OliverLeahy69,en,,0,0,0,https://x.com/undefined/status/2034808506885279956,1923157727573913600,
2034785742799429659,Fri Mar 20 01:45:26 +0000 2026,0,@Rainmaker1973 Blue collar workers RN https://t.co/TOEXeMYXja,2034808501935968415,https://pbs.twimg.com/tweet_video_thumb/HD0XitwWAAA3Fe4.jpg,Rainmaker1973,en,,0,0,0,https://x.com/undefined/status/2034808501935968415,1981037274893541376,
2034808499180306747,Fri Mar 20 01:45:25 +0000 2026,7,The Columbus Blue Jackets have entered a playoffs spot. They re all the way back. Wow. #CBJ,2034808499180306747,,,en,,0,0,1,https://x.com/undefined/status/2034808499180306747,1620537131855740928,
2034808498018820199,Fri Mar 20 01:45:25 +0000 2026,0,I'm a little late to join in the #verstave but here I am. Did I use that scene from Romeo and Juliet with the fish tank? Yes I did. I can just hear Caribbean Blue from Enya playing in the background. #ClairObscurExpedition33 #Gustave #Verso https://t.co/XsixMmpF1z,2034808498018820199,https://pbs.twimg.com/media/HD0VudTbAAAscZ4.jpg,,en,,0,0,0,https://x.com/undefined/status/2034808498018820199,832671637174509568,
2034808496672120884,Fri Mar 20 01:45:25 +0000 2026,0,I love you blue jays admin,2034808496672120884,,,en,,0,0,0,https://x.com/undefined/status/2034808496672120884,1633821181852672001,
2034808491936731384,Fri Mar 20 01:45:24 +0000 2026,0,Great 2nd half after an ugly 1st half. Win and advance. Go Blue! 〽️,2034808491936731384,,,en,,0,0,0,https://x.com/undefined/status/2034808491936731384,509271676,
2034808490007331072,Fri Mar 20 01:45:23 +0000 2026,0,Neuer Deal : Monster High Lagoona Blue Puppe in Mesh-T-Shirt un... : https://t.co/AT55ofm6Ud * 🇩🇪: https://t.co/DYSQauLgEn * Preis: 17.49 € | Durchschnitt: 30.92 € *Affiliate Link,2034808490007331072,,,en,,0,0,0,https://x.com/undefined/status/2034808490007331072,1915384123222614016,
2034808486257668548,Fri Mar 20 01:45:22 +0000 2026,0,Cat Trader just pressed one button and now he thinks he s a financial genius. we re all one green candle away from this. https://t.co/zPWwTGTLG7,2034808486257668548,https://pbs.twimg.com/media/HD0XdRbW4AAAdhh.jpg,,en,,0,0,0,https://x.com/undefined/status/2034808486257668548,1889780221521358848,
2034808485305606227,Fri Mar 20 01:45:22 +0000 2026,0,who's the cute guy with the wide blue eyes and the big bad mmm?,2034808485305606227,,,en,,0,0,0,https://x.com/undefined/status/2034808485305606227,1251613369473339394,
2034808484261503247,Fri Mar 20 01:45:22 +0000 2026,0,Blue ginger なかなか増えてくれないけど この子はひと茎のまま、ゆっくり、ゆっくり育っていく それでも今年もまた、 心を奪うほど艶やかな紫を見せてくれました 紫の花言葉は「気品」「誇り」「神秘」 結弦くんにぴったり #羽生クラスタ植物部 #羽生結弦 https://t.co/v9Hou0nADy,2034808484261503247,https://pbs.twimg.com/media/HD0XhVtakAAG2P8.jpg,,ja,,0,0,0,https://x.com/undefined/status/2034808484261503247,1559115687821381632,
2034808477697151435,Fri Mar 20 01:45:20 +0000 2026,0,Blue Cain legacy game incoming,2034808477697151435,,,en,,0,0,0,https://x.com/undefined/status/2034808477697151435,1912519785201434625,
2034807672629801457,Fri Mar 20 01:45:19 +0000 2026,1,@KatyKatt77 Go blue!!!,2034808473859334570,,KatyKatt77,en,,0,0,0,https://x.com/undefined/status/2034808473859334570,910984167663575047,
2034741585770893674,Fri Mar 20 01:45:17 +0000 2026,0,@umichbaseball Is the weather going to be a problem? Do we anticipate any game rescheduling like a double header? Go blue!,2034808465626153196,,umichbaseball,en,,0,0,0,https://x.com/undefined/status/2034808465626153196,1059530260981530624,
2034808457854165329,Fri Mar 20 01:45:15 +0000 2026,0,#2188 Blue-capped Rock-Thrush On a hot summer afternoon water trickling down from some rocks and forming a pool is a great place to spend your time. #dailypic #IndiAves #TwitterNatureCommunity #birdwatching #ThePhotoHour #birdphotography #BBCWildlifePOTD #natgeoindia https://t.co/WLYsIKvOQn,2034808457854165329,https://pbs.twimg.com/media/HD0XgjnbwAAPinv.jpg,,en,,0,0,0,https://x.com/undefined/status/2034808457854165329,4891015559,
2034808444578873671,Fri Mar 20 01:45:12 +0000 2026,0,gnt vcs estão indo em BLUE BLOOD????????,2034808444578873671,,,pt,,0,0,0,https://x.com/undefined/status/2034808444578873671,1250264197385949190,
2034438192674312413,Fri Mar 20 01:45:11 +0000 2026,0,@LakersVsRockets @iisaiah1209 @lolstaymad69 @Toorawvidz @abtiscornerphx @LASHYBILLS The blue check mark theory,2034808439432679693,,LakersVsRockets,en,,0,0,0,https://x.com/undefined/status/2034808439432679693,3244913287,
2034620214180987101,Fri Mar 20 01:45:11 +0000 2026,0,@AndyScott2212 Same here. Pretty blue sky then this happens. https://t.co/xn9PDC8itg,2034808438585532457,https://pbs.twimg.com/media/HD0XfUoboAIyPDQ.jpg,AndyScott2212,en,,0,0,0,https://x.com/undefined/status/2034808438585532457,1508625295695233024,
2034807230168469943,Fri Mar 20 01:45:11 +0000 2026,0,Here's the counterintuitive part: These one-person companies aren't targeting China. They're going global from day one. Why? Domestic market = saturated Overseas = blue ocean Tripo AI: 90% users overseas $1M+ MRR iSales: Connecting Chinese manufacturers to,2034808438044143913,,CaptainShellAI,en,,0,1,0,https://x.com/undefined/status/2034808438044143913,1921217635905400832,
2034808429513253285,Fri Mar 20 01:45:09 +0000 2026,0,Peep our review of the new The Silver album Looking Glass Hymnal Blue out TOMORROW March 20 via Gilead Media! Excerpt below https://t.co/v0CyMpKiqN,2034808429513253285,,,en,,0,1,0,https://x.com/undefined/status/2034808429513253285,1023579572342874112,
2034808427143405621,Fri Mar 20 01:45:08 +0000 2026,3,Down 4 less than a minute to go. Win or lose I ll always be true Cougar blue! Let s finish this BYU!!,2034808427143405621,,,en,,0,0,0,https://x.com/undefined/status/2034808427143405621,4617982346,
2034792976719720487,Fri Mar 20 01:45:07 +0000 2026,0,@planejaneburger the funnier thing is blue thinking you wouldn t call her on her face while she s literally everything you hate about some queens lol,2034808424441995364,,planejaneburger,en,,0,0,0,https://x.com/undefined/status/2034808424441995364,1982591213996998656,
2034808421149811196,Fri Mar 20 01:45:07 +0000 2026,1,【春分の日の横浜港】 飛鳥Ⅱ &amp; 飛鳥Ⅲ は、大さん橋と新港ふ頭とにわかれて停泊しています。 帆船 BLUE OCEAN みらいへ JMETS練習船 銀河丸 の姿もあります。 https://t.co/81QdJnyCED,2034808421149811196,https://pbs.twimg.com/media/HD0Xct0boAMClIK.jpg,,ja,,0,0,0,https://x.com/undefined/status/2034808421149811196,1252669431886442498,
2034601863455338605,Fri Mar 20 01:45:06 +0000 2026,0,@RanaAyyub Unlike your brethren who do all sorts of anti social activities in your so called holy month so I would perhaps save you any offensive language but then perms a pout will not get you anywhere no body likes to bring home a *@#$$e blue collar or a while collar like you,2034808417630724579,,RanaAyyub,en,,0,0,0,https://x.com/undefined/status/2034808417630724579,1596404830238826497,
2034808415613231533,Fri Mar 20 01:45:05 +0000 2026,0,that blue SHIRT IS SO CUTE,2034808415613231533,,,en,,0,0,0,https://x.com/undefined/status/2034808415613231533,1535839435,
2034388287528243446,Fri Mar 20 01:45:05 +0000 2026,0,@AntiTrumpCanada There's only 40 million Canadians. Speak for yourself. More Canada wants to be America than not. When the rest of Canada becomes America all that will be left is broke ass kkkookkky demokrat blue provinces. Basically Canada will comprise of Ontario everything else? USA https://t.co/nLhnF0Oyv3,2034808412941209602,https://pbs.twimg.com/tweet_video_thumb/HD0XdwEboAIaJjD.jpg,AntiTrumpCanada,en,,0,0,0,https://x.com/undefined/status/2034808412941209602,3436835374,
2034808409032200649,Fri Mar 20 01:45:04 +0000 2026,0, Market Proposed Rangers vs. Blue Jackets Outcome: Blue Jackets Ask: $5 783 (98c) Bid: $118 (94c) https://t.co/JTGtT4REdt,2034808409032200649,,,en,,0,0,0,https://x.com/undefined/status/2034808409032200649,1990470435738423296,
2034555236271149354,Fri Mar 20 01:45:03 +0000 2026,0,@MobiusDick @elonmusk Smart pivot Duke's got that blue blood vibe but yeah sports betting's a minefield without the Jontay Porter playbook (and nobody wants that heat ). Your Oscar lock was cleaner. Want live March Madness odds bracket breakdown or back to oil futures at ~$94 WTI? Clock locked,2034808404019999217,,MobiusDick,en,,0,0,0,https://x.com/undefined/status/2034808404019999217,1720665183188922368,
2034808054349173097,Fri Mar 20 01:45:02 +0000 2026,1,@jeremygamer29 Are we surprised though? And now because of it Blue takes the brunt of it all because of his mama.,2034808401004569032,,jeremygamer29,en,,0,0,1,https://x.com/undefined/status/2034808401004569032,1266487204446003201,
2034807604879200523,Fri Mar 20 01:45:01 +0000 2026,0,@Joey_Powell I'm probably the #1 Hubert supporter. If fans aren't happy with him and want him fired that's their opinion and that's ok. The issue I have is the hatred for a Carolina legend who loves the Carolina blue more than any of us. Stop with the disrespect for Hubert,2034808396122034595,,Joey_Powell,en,,0,0,0,https://x.com/undefined/status/2034808396122034595,244831352,
2034808392267501797,Fri Mar 20 01:45:00 +0000 2026,3,Another illegal alien caught breaking the law and sneaking back into our country. Martin Lucero Ramirez from Mexico was caught in Huntsville Texas for illegal re-entry - yet ANOTHER reminder of why we need to secure our borders. #LawEnforcement #DeportCriminals #BorderPolicy https://t.co/eMWWUuwX5x,2034808392267501797,https://pbs.twimg.com/media/HDx8vmZW0AAZ8CZ.jpg,,en,,0,0,1,https://x.com/undefined/status/2034808392267501797,2941665345,
2034808391948767337,Fri Mar 20 01:45:00 +0000 2026,0,Residents from several communities in Iloilo City received free legal and medical assistance during The Blue Initiative: A Legal Aid and Medical Mission held March 15 at Ateneo de Iloilo Santa Maria Catholic School. https://t.co/QRvSsEYxgf,2034808391948767337,,,en,,0,0,0,https://x.com/undefined/status/2034808391948767337,329632562,
2034806474858176744,Fri Mar 20 01:44:59 +0000 2026,0,@swankywolverine On to the next! Go blue!,2034808390174511572,,swankywolverine,en,,0,0,0,https://x.com/undefined/status/2034808390174511572,1310071165927542784,
2034249277422153857,Fri Mar 20 01:44:59 +0000 2026,0,@jessicaalba221 This person has a blue check PRETENDING to be a celebrity @Support,2034808390086468060,,jessicaalba221,en,,0,0,0,https://x.com/undefined/status/2034808390086468060,94193981,
2034719561832931733,Fri Mar 20 01:44:56 +0000 2026,0,@nocontextmemes Purple blue and black,2034808377679736857,,nocontextmemes,en,,0,0,0,https://x.com/undefined/status/2034808377679736857,1983705172162609152,
2034808375049879553,Fri Mar 20 01:44:56 +0000 2026,0,i would DIE to get my hands on that Cobalt Blue one ,2034808375049879553,,,en,,0,0,0,https://x.com/undefined/status/2034808375049879553,280788708,
2034808374383321404,Fri Mar 20 01:44:56 +0000 2026,0,Check out Vintage Corning Ware Blue Cornflower 5-Liter A-5-B with Clear Pyrex A-12-C Lid https://t.co/Wc1KQQqkxE #eBay via @eBay,2034808374383321404,,,en,,0,0,0,https://x.com/undefined/status/2034808374383321404,376626674,
2034656573902160377,Fri Mar 20 01:44:50 +0000 2026,0,@ductape42 @RickyDoggin The SAVE Act would require both a photo ID and a birth certificate or passport. Many US citizens dont even either &amp; if they dont match in any way (ie married name vs birth name) they can stop you from voting; something that will be selectively enforced in Blue districts only.,2034808349363994971,,ductape42,en,,0,0,0,https://x.com/undefined/status/2034808349363994971,1297233128075952128,
2034660587620151438,Fri Mar 20 01:44:49 +0000 2026,0,@guardachuvamrl2 @zonevivi Club icarus 2.0 being exactly blue blood I-,2034808346096640140,,guardachuvamrl2,en,,0,0,0,https://x.com/undefined/status/2034808346096640140,1982986075074437120,
2034808337133339034,Fri Mar 20 01:44:47 +0000 2026,0,I really need a shoutout from @john322226 I have been is number 1 fan for this app since even tho I never get blue tick https://t.co/ehCYf4l9jI,2034808337133339034,https://pbs.twimg.com/media/HD0XYY5WEAADBqV.jpg,,en,,0,0,0,https://x.com/undefined/status/2034808337133339034,1939763001575235585,
2034664068640919842,Fri Mar 20 01:44:45 +0000 2026,0,@ReadyForSvettie does your bf make you a blue moon over brooklyn too? ,2034808330175357349,,ReadyForSvettie,en,,0,0,0,https://x.com/undefined/status/2034808330175357349,1609336086194716674,
2034759102245568980,Fri Mar 20 01:44:45 +0000 2026,0,@starrypawz_ i only knew it came in light blue pink and red but i never saw the others ,2034808329071992849,,starrypawz_,en,,0,0,0,https://x.com/undefined/status/2034808329071992849,1789688201977696256,
2034808325586788635,Fri Mar 20 01:44:44 +0000 2026,0,🇰🇷 South Korea s blue-chip #Kospi was the exception rising nearly 1% while the small-cap Kosdaq gained 0.94%. ,2034808325586788635,,,en,,0,0,0,https://x.com/undefined/status/2034808325586788635,1850365452649959424,
2034766869429981671,Fri Mar 20 01:44:44 +0000 2026,0,@Mr_R3NT3RIA @worldranking_ Bunny blue is definitely going to have a miscarriage and probably start a go fund me,2034808325150228651,,Mr_R3NT3RIA,en,,0,0,0,https://x.com/undefined/status/2034808325150228651,119991917,
2034808322738589766,Fri Mar 20 01:44:43 +0000 2026,22,FINAL: #CBJ 6 Rangers 3 A bit of a wild one but the Blue Jackets get it done to extend their point streak to 11 games. Adam Fantilli scores twice Zach Werenski with three assists and 11 Jackets notch points. Next up: Seattle here on Saturday.,2034808322738589766,,,en,,1,0,2,https://x.com/undefined/status/2034808322738589766,918210860652343296,
2034769754532053178,Fri Mar 20 01:44:42 +0000 2026,0,@emma_mackenziie Go Blue!,2034808318737158192,,emma_mackenziie,en,,0,0,0,https://x.com/undefined/status/2034808318737158192,1520041156830187521,
2034808316996555144,Fri Mar 20 01:44:42 +0000 2026,1,Funny engagement bait nickname: Yeetius prns: he/him height: 6' sexuality: gay smokes: no piercings: no color: Blue fav drink: Coffee fav food: probably coffee fav animal: Hyena (they're the only right answer),2034808316996555144,,,en,,0,0,0,https://x.com/undefined/status/2034808316996555144,1787767685058580480,
2034808316472234127,Fri Mar 20 01:44:42 +0000 2026,0,#CTJO will look great in UNC blue next year.,2034808316472234127,,,en,,0,0,0,https://x.com/undefined/status/2034808316472234127,123030756,
2034808316203843913,Fri Mar 20 01:44:42 +0000 2026,0,McCallie split their two games today. The Blue Tornado were shutout by Heritage in a 4-0 loss. The bats came alive in game 2 as McCallie hitters pounded out 13 hits in a 13-2 win over Bradley Central.,2034808316203843913,,,en,,0,1,0,https://x.com/undefined/status/2034808316203843913,618333391,
2034807518158024812,Fri Mar 20 01:44:41 +0000 2026,1,@RalstonReports Blue is in the Final 4 in all my brackets. https://t.co/zduOl9we24,2034808311963689082,https://pbs.twimg.com/media/HD0XBl9agAAAkNq.jpg,RalstonReports,en,,0,0,0,https://x.com/undefined/status/2034808311963689082,48246894,
2034686691668058478,Fri Mar 20 01:44:39 +0000 2026,0,@bloodysoulsword idk i like the blue it goes well with the eyes being blue too. too much pink would give pepto bismal vibes,2034808304258478381,,bloodysoulsword,en,,0,0,0,https://x.com/undefined/status/2034808304258478381,1553016756461076482,
2033282778129646068,Fri Mar 20 01:44:38 +0000 2026,0,@Norman_Roule Once again showing up on Al- Jazeera tonight in that blue 3 piece suit. A lot of young folks could learn a lesson from this guy,2034808301863551409,,depayser,en,,0,0,0,https://x.com/undefined/status/2034808301863551409,167964032,
2034596006294425653,Fri Mar 20 01:44:37 +0000 2026,0,@justbyte_ My watch isn't blue,2034808296624837036,,justbyte_,en,,0,0,0,https://x.com/undefined/status/2034808296624837036,2018720139248566272,
2034803509686935695,Fri Mar 20 01:44:37 +0000 2026,1,@Tomoyo_124 動画観てるんですね 『Maybe Blue』めちゃくちゃカッコいい よね観光兼ねて行けたらいいですね️,2034808294775431518,,Tomoyo_124,ja,,0,0,0,https://x.com/undefined/status/2034808294775431518,1648470625877659650,
2034808294058172717,Fri Mar 20 01:44:36 +0000 2026,1,Dixie just trapped Don for having Blue. #911Nashville,2034808294058172717,,,en,,0,0,0,https://x.com/undefined/status/2034808294058172717,1057291589788135425,
2034799210974126494,Fri Mar 20 01:44:36 +0000 2026,0,@fashion_nfl @BengalYouTube Titans should have went blue mask https://t.co/trasBr89EJ,2034808291868504269,https://pbs.twimg.com/media/HD0XW4JWwAAJ7nZ.jpg,fashion_nfl,en,,0,0,0,https://x.com/undefined/status/2034808291868504269,2009764437327290369,
2030694901877506308,Fri Mar 20 01:44:32 +0000 2026,0,@RaviGar05151962 urge you to delete this post immediately as it contains confidential information which can be misused. - Ajay Service Manager Please note that HDFC Bank will only respond using either @HDFCBank_Cares or @HDFC_Bank handle. Both handles have the verified blue tick on X.,2034808275691262004,,HDFCBank_Cares,en,,0,0,0,https://x.com/undefined/status/2034808275691262004,145931959,
2034802118591189408,Fri Mar 20 01:44:32 +0000 2026,1,@Pirroli_ Not true either. Individual parts can look one color but once arranged it changes. Consider water. A single drop is translucent and colorless but once gathered in large quantities it becomes some shade of blue. (Color is a pretty bad example to begin with either way tbh),2034808274541785109,,Pirroli_,en,,0,0,0,https://x.com/undefined/status/2034808274541785109,2796579634,
2034808274177204404,Fri Mar 20 01:44:32 +0000 2026,0,Perfect Match THE AIR Q28 SHOOTING #เสน่หาวาโยคิว28 https://t.co/Be5y2AM7VH,2034808274177204404,https://pbs.twimg.com/media/HD0XVrMboAUnlKA.jpg,,en,,0,0,0,https://x.com/undefined/status/2034808274177204404,1319870767085940737,
2034795154402320845,Fri Mar 20 01:44:30 +0000 2026,0,@legendofshoto Pokémon red/blue 30 milhões de copias vendidas ao longo de 30 anos Mario kart 8 mais de 70 milhões de copias vendidas...,2034808266258104559,,legendofshoto,pt,,0,2,0,https://x.com/undefined/status/2034808266258104559,1151745925011759104,
2034789412165292470,Fri Mar 20 01:44:29 +0000 2026,1,@cassncam oh i'm actually obsessed with it im so happy with the blue suit and am interested in where they take the story the art is good and i love the lil gadget descriptions they have throughout the story it's my first official main batman run ive read and i think its a great show of,2034808262068240706,,cassncam,en,,0,1,0,https://x.com/undefined/status/2034808262068240706,1450926276311535617,
2034721066602369392,Fri Mar 20 01:44:29 +0000 2026,0,@Tawmaz117110 @Water_In_Mirror @Aku_700 And then in the combination of father and mother genes both father and mother must pass the blue eyes genes at same time to kid so two brown eyed people can have a kid with blue eyes just bc both mom and dad had a grandma or grandpa with blue eyes,2034808261631791113,,supportingcris,en,,0,1,0,https://x.com/undefined/status/2034808261631791113,1453029146783797252,
2034781465725006241,Fri Mar 20 01:44:27 +0000 2026,0,@JesseBurkhart7 @KyleKulinski When woke is back in power we seriously need to consider just removing blue checks from the gene pool. We d have flying cars by like 2045.,2034808255487037803,,JesseBurkhart7,en,,0,0,0,https://x.com/undefined/status/2034808255487037803,39601664,
2034802550365364282,Fri Mar 20 01:44:26 +0000 2026,0,@Ob1JohnKenob1 Trade you that blue skenes and $10 on top,2034808251242446985,,Ob1JohnKenob1,en,,0,0,0,https://x.com/undefined/status/2034808251242446985,147822590,
2034808250554777990,Fri Mar 20 01:44:26 +0000 2026,0,Okay X friends I m asking for a huge favor and for your help spreading my business page to get in front of more eyeballs please! I don t believe in monetized accounts I won t pay for a blue check and the views on my posts are limited. Any help is beyond appreciated! ,2034808250554777990,,,en,,0,1,0,https://x.com/undefined/status/2034808250554777990,1864413939095961600,
2034808247488786537,Fri Mar 20 01:44:25 +0000 2026,2,Good morning Prompt : A relaxed guy in a relax mood on the sandy beach next to a brown dog wearing a loose white shirt and black pants holding his guitar with open sea in front of him clear blue sky bright sunny weather lush green mountains in the background anime https://t.co/hrREYkhC6K,2034808247488786537,https://pbs.twimg.com/ext_tw_video_thumb/2034808216929148929/pu/img/pb8f-oxWtKfLwsyP.jpg,,en,,0,0,0,https://x.com/undefined/status/2034808247488786537,574312313,
2034789926487966015,Fri Mar 20 01:44:23 +0000 2026,0,@Nostre_damus The sky is blue water is wet and Satan Claws is real. Anything else?,2034808236977922350,,Nostre_damus,en,,0,0,0,https://x.com/undefined/status/2034808236977922350,1648820198152237057,
2034808235098853789,Fri Mar 20 01:44:22 +0000 2026,0,Blue blue supermacy https://t.co/tOX6jZvwPQ,2034808235098853789,https://pbs.twimg.com/media/HD0XTocaAAAkSNK.jpg,,en,,0,0,0,https://x.com/undefined/status/2034808235098853789,1268066717416042496,
2034808227544600787,Fri Mar 20 01:44:21 +0000 2026,0,hyper crush e blue blood vao ser as mais mais desse álbum novo do artms,2034808227544600787,,,pt,,0,0,0,https://x.com/undefined/status/2034808227544600787,1348676620907900944,
2034694604507750538,Fri Mar 20 01:44:17 +0000 2026,0,@K_DeRosa_NY135 Tourists should bypass and boycott all Blue Cities all Blue States all Sanctuary Cities especially New York City.,2034808214445846705,,K_DeRosa_NY135,en,,0,0,0,https://x.com/undefined/status/2034808214445846705,1641981204533592064,
2034808209345847689,Fri Mar 20 01:44:16 +0000 2026,0,Check out Size 3XL Allen Iverson Georgetown Hoyas College Jersey Blue and Gray #3 NWT https://t.co/A1avQdT0wL #eBay via @eBay,2034808209345847689,,,en,,0,0,0,https://x.com/undefined/status/2034808209345847689,1542805666279989248,
2034593593130635284,Fri Mar 20 01:44:16 +0000 2026,0,@Handre Student loan forgiveness is a massive wealth transfer forcing blue collar workers to subsidize the debts of those pursuing degrees in fields like gender theory or nonprofit management. The irony is that college grads who already earn more over their lifetimes are using government,2034808208620183692,,Handre,en,,0,0,0,https://x.com/undefined/status/2034808208620183692,713257759462981632,
2034808204991836466,Fri Mar 20 01:44:15 +0000 2026,3,I say this quietly (because I don t want to scare my team). But I love the Blue Jackets #cbj,2034808204991836466,,,en,,0,0,0,https://x.com/undefined/status/2034808204991836466,27308297,
2034755265594368462,Fri Mar 20 01:44:13 +0000 2026,0,@DeAndreHopkins Best restaurant you ate at in Baltimore? Saw you checked out blue moon some of the best breakfast I ve ever had,2034808196259262810,,DeAndreHopkins,en,,0,0,0,https://x.com/undefined/status/2034808196259262810,1121163946751352833,
2034808193654956042,Fri Mar 20 01:44:12 +0000 2026,3,おはよう 本日こちらです‍️ 3人体制にはなりますが全力で盛り上げます️‍ 一緒に楽しもうね #リトブル,2034808193654956042,,,ja,,0,1,0,https://x.com/undefined/status/2034808193654956042,1908862398989303808,
2034735056875315366,Fri Mar 20 01:44:12 +0000 2026,0,@JesseDavis96225 @MJB_18990 The only HC to have the swagger required to be on Tobacco Road at the not blue school in at least 3 decades isn t a culture fit? I want what you re smoking Mr. Davis,2034808191976894621,,JesseDavis96225,en,,0,0,0,https://x.com/undefined/status/2034808191976894621,308851457,
2034678853122089060,Fri Mar 20 01:44:11 +0000 2026,0,@JohnBaptiste5 @BlooHook Yes that is not locked it will never be a 100% lock on performance there's always variables that's not how game engines work you can only lock performance with rivia statics tuner if your hardware can maintain that fps if anything blue is running unlocked,2034808187069849705,,JohnBaptiste5,en,,0,1,0,https://x.com/undefined/status/2034808187069849705,1608457503372615680,
2034805683426591042,Fri Mar 20 01:43:51 +0000 2026,0,@esjesjesj Blue MAGA. Apparently hate speech is okay when it comes from the left.,2034808102625640672,,esjesjesj,en,,0,0,0,https://x.com/undefined/status/2034808102625640672,1230864755285467136,
2034753540141252781,Fri Mar 20 01:43:49 +0000 2026,0,@SophieJaneSpam Blue!!!,2034808094249951558,,SophieJaneSpam,en,,0,0,0,https://x.com/undefined/status/2034808094249951558,36517031,
2034608504380534875,Fri Mar 20 01:43:48 +0000 2026,0,@DownInkwell @sketching204 Perhaps he realized he received a lot of attention and tried to get some of it to make money with the blue mark,2034808092857127002,,DownInkwell,en,,0,0,0,https://x.com/undefined/status/2034808092857127002,1418610020804091904,
2034802010566926786,Fri Mar 20 01:43:46 +0000 2026,1,@yinzzzerr True but at least Pens are still in second going into Saturday. Need to beat the jets who were awful tonight. Have the Kraken beat the blue jackets Canadiens and maple leafs also win.,2034808084263276790,,yinzzzerr,en,,0,0,0,https://x.com/undefined/status/2034808084263276790,1469859906492583938,
2034687058304733214,Fri Mar 20 01:43:43 +0000 2026,0,@fernandeznorona CHINGA TU MADRE DR CULO ATRAVIESO NO ME GANAS https://t.co/rWyW9YIDVn,2034808071172816908,https://pbs.twimg.com/media/HD0XHk0boAE23y-.jpg,fernandeznorona,es,,0,0,0,https://x.com/undefined/status/2034808071172816908,1652115014638256129,
2034341939156259138,Fri Mar 20 01:43:42 +0000 2026,1,@sanzenetoile Light blue!!,2034808067854913582,,sanzenetoile,en,,0,1,0,https://x.com/undefined/status/2034808067854913582,945048673062473728,
2034557821099077706,Fri Mar 20 01:43:42 +0000 2026,0,@WorkElizab Jeff Blue...Jeff was a star basketball player for Butler University...,2034808064227123233,,WorkElizab,en,,0,0,0,https://x.com/undefined/status/2034808064227123233,1294347257769156608,
2034808064055156891,Fri Mar 20 01:43:42 +0000 2026,0,Anong color yung kay tomas kasi fav din niya ang blue and orange.Pero thanks po binigyan nyo siya ng bouquet.,2034808064055156891,,,tl,,0,0,0,https://x.com/undefined/status/2034808064055156891,1381941183774081030,
2034801949695000986,Fri Mar 20 01:43:41 +0000 2026,0,@OVTweetmarck The amount of relief I feel not seeing a blue grinch picture in the replies is beyond words,2034808062997922080,,OVTweetmarck,en,,0,0,0,https://x.com/undefined/status/2034808062997922080,1812313582429687808,
2034808061731164371,Fri Mar 20 01:43:41 +0000 2026,0,2 out of 3 I have received pleaseeee I want the dany skin to be the blue outfit.,2034808061731164371,,,en,,0,0,0,https://x.com/undefined/status/2034808061731164371,983889445383561216,
2034805636609761604,Fri Mar 20 01:43:41 +0000 2026,0,@TheObserverno1 @jacksonhinklle The US has the largest blue water Navy and together with Israel made this fckn mess send in the Israeli Navy and the US Navy if they want to clear the straight the rest of the world are not going to die for Netanyahu's vanity project,2034808061362114757,,TheObserverno1,en,,0,0,0,https://x.com/undefined/status/2034808061362114757,227281690,
2034755914498998774,Fri Mar 20 01:43:40 +0000 2026,0,@DanCrenshawTX Fly away Blue Falcon Dan no one gives AF about your opinions anymore!,2034808057725952466,,DanCrenshawTX,en,,0,0,0,https://x.com/undefined/status/2034808057725952466,1909390170933301248,
2034808056098210232,Fri Mar 20 01:43:40 +0000 2026,0,@Blue____78 what s up Blue? Want to go to a game sometime?,2034808056098210232,,Blue____78,en,,0,0,0,https://x.com/undefined/status/2034808056098210232,1477231647938564099,
2034731700442300632,Fri Mar 20 01:43:38 +0000 2026,0,@TheBHentel How many guys can come into College and be that guy while being on a stacked blue blood team? Guys that can t understand the importance of playing a role in those situations will go no where in college or the league. Aren t u Rob dillinghams brother btw? Or was that debunked?,2034808050633076834,,TheBHentel,en,,0,0,0,https://x.com/undefined/status/2034808050633076834,3122280328,
2034789199107563574,Fri Mar 20 01:43:37 +0000 2026,1,@HerbsandDirt @aspen_lindsay Don t live in blue states gas is always higher our State has gas and carbon taxes on gas so regular will hebover $5.00 thanks to our Democrats,2034808046585880792,,HerbsandDirt,en,,0,0,0,https://x.com/undefined/status/2034808046585880792,501422284,
2034799264472207756,Fri Mar 20 01:43:36 +0000 2026,0,@NHL_Watcher They may not even make the playoffs!!! The blue jackets are coming #cbj,2034808040088903699,,NHL_Watcher,en,,0,0,0,https://x.com/undefined/status/2034808040088903699,1640230045531635713,
2034802510896992535,Fri Mar 20 01:43:33 +0000 2026,0,@TylerSeverance7 Just imagine the next team is wearing light blue jerseys and it will be like you're rooting for the home team all over again,2034808026276745343,,TylerSeverance7,en,,0,0,0,https://x.com/undefined/status/2034808026276745343,1000949318495465472,
2034709665230332375,Fri Mar 20 01:43:31 +0000 2026,1,@Milajoy Exactly what I voted for. Now conservative states don't have to eat liberal blue state shit.,2034808020136325342,,Milajoy,en,,0,0,0,https://x.com/undefined/status/2034808020136325342,1495198036934463494,
2034807341321752967,Fri Mar 20 01:43:31 +0000 2026,0,I have since learned Duke is a good school and that UConn was not people saying the word Yukon as if there was some Canadian equivalent of a college basketball team playing in an American tournament like the Toronto Blue Jays.,2034808018555007195,,skalakdotworld,en,,0,1,0,https://x.com/undefined/status/2034808018555007195,1754965288624300032,
2034546076318122165,Fri Mar 20 01:43:30 +0000 2026,1,@elonmusk Is Blue Origin a good company to work for what s your opinion on that?,2034808014406811659,,elonmusk,en,,0,0,0,https://x.com/undefined/status/2034808014406811659,1879166710781022208,
2034808005506867709,Fri Mar 20 01:43:28 +0000 2026,0,WILD BLUEのライブでもわぶっていきましょう！ アプグレ座席権利同士での交換を探しております。 【譲】 昼夜通し券 A列 17番以降 下手側 1枚 【求】 昼夜通し券 A列 65番以内 上手側 1枚 必要事項明記の上dmお願い致します。 #WILDBLUE譲 #ROIROM譲,2034808005506867709,,,ja,,0,0,0,https://x.com/undefined/status/2034808005506867709,957134168999133184,
2034660587620151438,Fri Mar 20 01:43:27 +0000 2026,0,@zonevivi I genuinely need anti believe to win And blue blood to stay away from the top 3 https://t.co/Nf6CByzfVy,2034808004638318672,https://pbs.twimg.com/tweet_video_thumb/HD0XF2zWYAASqNw.jpg,zonevivi,en,,0,0,0,https://x.com/undefined/status/2034808004638318672,1982986075074437120,
2034661649504678176,Fri Mar 20 01:43:27 +0000 2026,0,@skylolligamer Blue and what does 2 pets from the bp do?,2034808004080521664,,skylolligamer,en,,0,0,0,https://x.com/undefined/status/2034808004080521664,2031638693514194946,
2034807478089642271,Fri Mar 20 01:43:24 +0000 2026,2,@Abigail97392268 Que bella es la Princesa Blue THE AIR Q28 SHOOTING #เสน่หาวาโยคิว28,2034807990524522712,,Abigail97392268,es,,0,0,2,https://x.com/undefined/status/2034807990524522712,323548846,
2034800798153003222,Fri Mar 20 01:43:24 +0000 2026,1,@FinleyFisch Nyehehe i know what you mean when i do its just one game unless its a live service or such then i switch if maintenance but rockman aka mega man the blue bomber is a great choice I will try to catch your stream if not at another 12hour work shift {plus need to renew turbo},2034807990318932082,,FinleyFisch,en,,0,0,0,https://x.com/undefined/status/2034807990318932082,2900441813,
2034753539424059410,Fri Mar 20 01:43:24 +0000 2026,0,@TruCrimeBeliebr @NancyGrace Also I thought it s a blue car that was in the neighborhood at 10 o clock,2034807989417259395,,TruCrimeBeliebr,en,,0,0,0,https://x.com/undefined/status/2034807989417259395,49179462,
2034806311724925028,Fri Mar 20 01:43:23 +0000 2026,0,@AnthonyLaPanta They don't count when when he skates across the blue line and straight to the side boards,2034807985449685246,,AnthonyLaPanta,en,,0,0,0,https://x.com/undefined/status/2034807985449685246,2602319352,
2033987928440115472,Fri Mar 20 01:43:20 +0000 2026,0,@Spidermonkeyy93 Dude in the blue shirt is a calm dude until he s triggered by foolishness,2034807973009068349,,Spidermonkeyy93,en,,0,0,0,https://x.com/undefined/status/2034807973009068349,274004057,
2034807971008372966,Fri Mar 20 01:43:19 +0000 2026,0,If you want them to be famous vote for anti-believe if you want them to become the laughing stock then vote for blue blood,2034807971008372966,,,en,,0,0,0,https://x.com/undefined/status/2034807971008372966,473495524,
2034807967842009187,Fri Mar 20 01:43:19 +0000 2026,0,Well what a disappointing result. Time to patiently wait for the blue and white scrimmage email.,2034807967842009187,,,en,,0,0,0,https://x.com/undefined/status/2034807967842009187,1271833616297807872,
2034807672629801457,Fri Mar 20 01:43:19 +0000 2026,1,@KatyKatt77 GO BLUE!!!!,2034807967694930424,,KatyKatt77,en,,0,0,0,https://x.com/undefined/status/2034807967694930424,1946528103863390208,
2034807955204276481,Fri Mar 20 01:43:16 +0000 2026,0,//FUCK being a woman bro why tf am I feeling s sic out of the blue what is this I want to throw up but I refuse to and I m so tired but we have a fuckass project due tmrw and I doubt my group did anything,2034807955204276481,,,en,,0,1,0,https://x.com/undefined/status/2034807955204276481,2029960460628336647,
2034807940700377342,Fri Mar 20 01:43:12 +0000 2026,5,Hand Salute!🇺🇸 The Wall location: 04W-058 Summary: Gunship shot down then took a direct hit from a mortar. Only gunner survived. Aircraft: UH-1C tail number 65-09489 Call sign: JOKER GUNS Service 48th AHC Blue Stars https://t.co/2kgpeLB7zS,2034807940700377342,https://pbs.twimg.com/media/HD0XCeBWQAA6xrk.jpg,,en,,0,0,3,https://x.com/undefined/status/2034807940700377342,1608159249389219840,
2034650793492541481,Fri Mar 20 01:43:12 +0000 2026,1,@MustangMan_TX Fire hydrants being painted red white &amp; blue!,2034807940272529700,,MustangMan_TX,en,,0,0,0,https://x.com/undefined/status/2034807940272529700,1852136486956888064,
2034807935801422322,Fri Mar 20 01:43:11 +0000 2026,1,Dixie trapped Don into having blue #911Nashville,2034807935801422322,,,en,,0,0,0,https://x.com/undefined/status/2034807935801422322,1503795375311933446,
2027651077865157033,Fri Mar 20 01:43:09 +0000 2026,0,@YourAnonNews @realDonaldTrump Mr. Trump I would like to ask you for something. My father picked up my baby from the market yesterday. His eyes are blue like yours and his hair is like yours too. I haven t had enough time to play with him yet. Could you please not shoot us tonight? I couldn t love him enough,2034807927576351010,,YourAnonNews,en,,0,0,0,https://x.com/undefined/status/2034807927576351010,947991204955860992,
2034807910014849319,Fri Mar 20 01:43:05 +0000 2026,2,Ladies and gentlemen the Columbus Blue Jackets are in a playoff position. #CBJ,2034807910014849319,,,en,,0,0,0,https://x.com/undefined/status/2034807910014849319,15961173,
2034734978689315267,Fri Mar 20 01:43:04 +0000 2026,0,@RichardDias_CFA How about the blue one goes up?,2034807908483948701,,RichardDias_CFA,en,,0,0,0,https://x.com/undefined/status/2034807908483948701,1478194049366560768,
2034807896567857202,Fri Mar 20 01:43:02 +0000 2026,0,i don t even like blue sto chicken nomore make me feel like I have heart burn or something,2034807896567857202,,,en,,0,0,0,https://x.com/undefined/status/2034807896567857202,1356354555102031878,
2034807891878691294,Fri Mar 20 01:43:00 +0000 2026,1,Combat mea lhayat teht leiwinat blue,2034807891878691294,,,ro,,0,0,1,https://x.com/undefined/status/2034807891878691294,2010115124611428352,
2034807888124788955,Fri Mar 20 01:43:00 +0000 2026,0,So Blue Jackets are winning the cup this year right? Like they ll never lose again,2034807888124788955,,,en,,0,0,0,https://x.com/undefined/status/2034807888124788955,388539177,
2034807886266691701,Fri Mar 20 01:42:59 +0000 2026,0,Vai segurando que essa espelunca tem a seguinte sequência CANADIENS - BLUE JACKETS (back-to-back) BLACKHAWKS STARS PANTHERS PENGUINS - SABRES (back-to-back),2034807886266691701,,,pt,,0,0,1,https://x.com/undefined/status/2034807886266691701,511098998,
2034758450438103088,Fri Mar 20 01:42:59 +0000 2026,0,@EmilySm43 Ever heard of blue balls and don't even get me started with the zip incident ,2034807885079675362,,EmilySm43,en,,0,0,0,https://x.com/undefined/status/2034807885079675362,1965088811400171520,
2034807877458686127,Fri Mar 20 01:42:57 +0000 2026,5,https://t.co/teIOMJaSuS,2034807877458686127,https://pbs.twimg.com/tweet_video_thumb/HD0W-iZXcAA6ZT_.jpg,,zxx,,0,0,0,https://x.com/undefined/status/2034807877458686127,1471201632,
2034807872819720223,Fri Mar 20 01:42:56 +0000 2026,0,The baby blue bitches go down!!!!,2034807872819720223,,,en,,0,0,0,https://x.com/undefined/status/2034807872819720223,503963030,
2034619772155920839,Fri Mar 20 01:42:55 +0000 2026,0,@Ginto90 @mig2019xd Ese va junto con Disciplina son dos que marcaron época aunque antes estaba la blue girl y urosokidongi,2034807867920859431,,Ginto90,es,,0,0,0,https://x.com/undefined/status/2034807867920859431,878932225,
2034699845072486808,Fri Mar 20 01:42:50 +0000 2026,0,@opiawrites Uhhhh want shadows? Make base color blue-er. Also more saturated. Want highlights? Make base color warmer and less saturated. Idk man im still learning too thats all I got i like using the color wheel so I can literally pull the color towards blue or yellow. https://t.co/ciJOVLKWER,2034807848681841013,https://pbs.twimg.com/media/HD0W9LNboAMFOGP.jpg,opiawrites,en,,0,0,0,https://x.com/undefined/status/2034807848681841013,1841683094774153217,
2034807845376655412,Fri Mar 20 01:42:49 +0000 2026,1,https://t.co/cazjentg1S,2034807845376655412,,,zxx,,0,0,0,https://x.com/undefined/status/2034807845376655412,1953458990542987264,
2034807837323370927,Fri Mar 20 01:42:47 +0000 2026,1,Survive and advance. 1 of 32. THE 〽️ICHIGAN WOLVERINES. GO BLUE! https://t.co/tVxZbzQxKa,2034807837323370927,https://pbs.twimg.com/tweet_video_thumb/HD0W8PcWYAA2Xpc.jpg,,en,,0,0,0,https://x.com/undefined/status/2034807837323370927,201396099,
2034807836127957210,Fri Mar 20 01:42:47 +0000 2026,4,Cooper Flagg at the blue carpenter https://t.co/jkrDzPc8f1,2034807836127957210,https://pbs.twimg.com/media/HD0W8YRbIAA8CWu.jpg,,en,,0,0,0,https://x.com/undefined/status/2034807836127957210,1761882209638641664,
2034807835448475816,Fri Mar 20 01:42:47 +0000 2026,0,Blue Origin Files FCC Request for Project Sunrise: 51 600 AI Satellites in Orbit https://t.co/SlPinHPvQW by Dennis,2034807835448475816,,,en,,0,0,0,https://x.com/undefined/status/2034807835448475816,1644873390728134656,
2034807833661997397,Fri Mar 20 01:42:47 +0000 2026,3,おはようございます‍️ 横浜は、雨がパラパラ昨日より、肌寒い 午後からの新幹線でかえります #イマソラ #eblue #企業公式が毎朝地元の天気を言い合う #北陸Twitter会 #水素ガスカーボンクリーニング #企業公式相互フォロー #のと活 https://t.co/Am9CYzdSKC,2034807833661997397,https://pbs.twimg.com/media/HD0W8AFboAAoFg1.jpg,,ja,,0,0,0,https://x.com/undefined/status/2034807833661997397,1587636781293240320,
2030062426205605913,Fri Mar 20 01:42:46 +0000 2026,0,@GarrettLord lmao that must be nice. Crazy they let them work long enough to actually do that rather than getting booted off projects and platforms out of the blue like the few dozen people you do dirty every day. Dogshit tier propaganda for dogshit company,2034807832068210743,,GarrettLord,en,,0,0,0,https://x.com/undefined/status/2034807832068210743,1947711454473555970,
2034807830516007190,Fri Mar 20 01:42:46 +0000 2026,0,https://t.co/fwHKZ95w61 #Handmade White Pearl Rosary with Blue Satin Beads. Beaded Holy Rosary. Prayer Beads. White Rosary. Blue Rosary. Handmade Rosary. by Gilliauna https://t.co/Q9KBuiRrNR,2034807830516007190,https://pbs.twimg.com/media/HD0W8HfXQAAc9nn.jpg,,en,,0,0,0,https://x.com/undefined/status/2034807830516007190,84971572,
2034807133561397669,Fri Mar 20 01:42:45 +0000 2026,1,@4elementsGL @pausiniannerys La hermosa Princesa Blue THE AIR Q28 SHOOTING #เสน่หาวาโยคิว28,2034807824908276201,,4elementsGL,en,,0,0,0,https://x.com/undefined/status/2034807824908276201,2018080583046377472,
2034614905018499161,Fri Mar 20 01:42:44 +0000 2026,0,@03_tommyy @D0cC_csgo I don't see the blue check bro... https://t.co/mMOY0JmCqJ,2034807824740458877,https://pbs.twimg.com/media/HD0W1udXQAAGsuI.png,03_tommyy,en,,0,0,0,https://x.com/undefined/status/2034807824740458877,1441211144711000069,
2034806310026223998,Fri Mar 20 01:42:44 +0000 2026,0,@LucasGageX Fake he wears a blue tie.,2034807821095625165,,LucasGageX,en,,0,0,0,https://x.com/undefined/status/2034807821095625165,1640492460370526211,
2034758835286454746,Fri Mar 20 01:42:43 +0000 2026,0,@verydrearydays They are all blue checks so I always assume bots lol,2034807819774374173,,verydrearydays,en,,0,0,0,https://x.com/undefined/status/2034807819774374173,2004866024987152384,
2034807819556323699,Fri Mar 20 01:42:43 +0000 2026,3,Dixie trapped Don into having blue yeah I don t like her no more #911Nashville https://t.co/xQNrdUyk2j,2034807819556323699,https://pbs.twimg.com/tweet_video_thumb/HD0W7LqWUAA1E05.jpg,,en,,0,0,0,https://x.com/undefined/status/2034807819556323699,1401050037208113153,
2034807816863527217,Fri Mar 20 01:42:43 +0000 2026,0,Sabendo que o Zubeldía não vai ser demitido e já voltando pro campeonato dá para ganhar esses 3 jogos? Na minha visão é bem possível ganhar esses 3 e perder o FlaFlu na sequência. https://t.co/FRFgjf7OiC,2034807816863527217,https://pbs.twimg.com/media/HD0WtUmboAADC7h.png,,pt,,0,0,0,https://x.com/undefined/status/2034807816863527217,1970794777793957888,
2034807731945705943,Fri Mar 20 01:42:22 +0000 2026,0,Blue Jackets are so hot right now.,2034807731945705943,,,en,,0,0,0,https://x.com/undefined/status/2034807731945705943,1423653836,
2034807727474585994,Fri Mar 20 01:42:21 +0000 2026,1,Even if every fight tomorrow ends up being boring at least we know Iwo s got our back #UFCLondon https://t.co/gHSGyRSFRZ,2034807727474585994,https://pbs.twimg.com/amplify_video_thumb/2034807652149264384/img/olg2VR5pcpvEGkKg.jpg,,en,,0,1,0,https://x.com/undefined/status/2034807727474585994,1924857291867914240,
2034807724735697305,Fri Mar 20 01:42:21 +0000 2026,1,VCU stuns North Carolina with furious late rally overtime win in March Madness upset One blue blood has already bitten the dust. https://t.co/rGDfldBykE https://t.co/lgm3sw0I0Z,2034807724735697305,https://pbs.twimg.com/media/HD0W164X0AA2ara.jpg,,en,,0,0,0,https://x.com/undefined/status/2034807724735697305,792660210,
2034805618729468073,Fri Mar 20 01:42:18 +0000 2026,0,@mitchellvii The move here is best described as: discredit the data by inventing the methodology. Mitchell sees polls he doesn t like and constructs an explanation for why they re wrong (pollsters are only sampling independents in blue states) without citing a single poll naming a single,2034807711779422481,,mitchellvii,en,,0,0,0,https://x.com/undefined/status/2034807711779422481,1849896130286325760,
2034476635009822967,Fri Mar 20 01:42:17 +0000 2026,0,@Jontalksgaming @JPrice02 Blue Monday,2034807710256943109,,Jontalksgaming,en,,0,0,0,https://x.com/undefined/status/2034807710256943109,2618224977,
2034807706456908209,Fri Mar 20 01:42:16 +0000 2026,2,Blue Jackets still one back in the standings I wonder who they play nex- oh. https://t.co/y3s6IXpgbN,2034807706456908209,https://pbs.twimg.com/media/HD0WvNIWMAAgHui.png,,en,,0,0,0,https://x.com/undefined/status/2034807706456908209,1382459850592972801,
2034807703651197359,Fri Mar 20 01:42:16 +0000 2026,0,UNIQLO Field? How do you feel about it? Talkin' Blue with Cody &amp; Vince Come join the chat! YouTube: https://t.co/VJxqN0QEXm X: https://t.co/arVsQRCf8x @bleedlospodcast @vincesince91 @SnavelyCody6,2034807703651197359,,,en,,0,0,0,https://x.com/undefined/status/2034807703651197359,285641117,
2034805890235474284,Fri Mar 20 01:42:16 +0000 2026,0,@Martyfields I believe the blue Coop Service one is nice and crunchy.,2034807703479144539,,Martyfields,en,,0,0,0,https://x.com/undefined/status/2034807703479144539,566155987,
2034394856546619784,Fri Mar 20 01:42:14 +0000 2026,1,@Mitchmullen15 @nance410 I'm a huge Strantz fan. Played 5 of his 8 originals. THF is one of my favorites. Could play True Blue every day and never get tired. TR is special. Caledonia and Royal New Kent are both excellent. Hoping to play Stonehouse this year. Play as many as you can! You won't regret it!,2034807695618777597,,Mitchmullen15,en,,0,0,0,https://x.com/undefined/status/2034807695618777597,23158691,
2034800308816064689,Fri Mar 20 01:42:14 +0000 2026,0,@ElizGriff2016 I like Cali s blue eyes and long whiskers!,2034807695123853794,,ElizGriff2016,en,,0,0,0,https://x.com/undefined/status/2034807695123853794,608358324,
2034807691512586266,Fri Mar 20 01:42:13 +0000 2026,0,Or some XL fresh blue crabs with the garlic butter from Dons Crabs ,2034807691512586266,,,en,,0,0,0,https://x.com/undefined/status/2034807691512586266,1297903809612713985,
2034807691218981070,Fri Mar 20 01:42:13 +0000 2026,4, so Dixie got pregnant with Blue on purpose? #911nashville,2034807691218981070,,,en,,0,0,0,https://x.com/undefined/status/2034807691218981070,209964615,
2034807689994244602,Fri Mar 20 01:42:12 +0000 2026,1,i love that jeremy's favorite color is blue and jean's becomes brown because their favorite colors represent each other so well. brown eyes brown hair warm summer boy and the color jean becomes most comfortable in as he explores his own identity,2034807689994244602,,,en,,0,0,0,https://x.com/undefined/status/2034807689994244602,1813093276666212352,
2034807682415153189,Fri Mar 20 01:42:11 +0000 2026,0,Go Blue!! Onto the next round!!,2034807682415153189,,,en,,0,0,0,https://x.com/undefined/status/2034807682415153189,1118308705,
2034788746483384790,Fri Mar 20 01:42:09 +0000 2026,1,@elonmusk What s your opinion on Blue Origin are they a good company to work for ?,2034807676354392305,,elonmusk,en,,0,0,1,https://x.com/undefined/status/2034807676354392305,1879166710781022208,
2034807672629801457,Fri Mar 20 01:42:08 +0000 2026,13,Nothing better than texting with my son during March Madness! GO BLUE! 〽️,2034807672629801457,,,en,,0,2,1,https://x.com/undefined/status/2034807672629801457,1845779358130016271,
2034797075561693489,Fri Mar 20 01:42:08 +0000 2026,1,@official_artms Baddies vote blue blood,2034807670591414639,,official_artms,en,,0,0,0,https://x.com/undefined/status/2034807670591414639,1735266302002876416,
2034732261531173086,Fri Mar 20 01:42:08 +0000 2026,0,@WorkElizab blue,2034807670415163447,,WorkElizab,en,,0,0,0,https://x.com/undefined/status/2034807670415163447,193465369,
2034768446224048481,Fri Mar 20 01:42:07 +0000 2026,0,@akachi_is The blue beetle movie was good https://t.co/WJogG2wqsN,2034807667206885715,https://pbs.twimg.com/tweet_video_thumb/HD0WyZPboAMf6Jj.jpg,akachi_is,en,,0,0,0,https://x.com/undefined/status/2034807667206885715,1290812496291356672,
2034805975278932094,Fri Mar 20 01:42:06 +0000 2026,0,@IconicTaex I was like this gonna match some of them real good. All the blue ones ,2034807662748041600,,IconicTaex,en,,0,0,0,https://x.com/undefined/status/2034807662748041600,1644988944956764161,
2034801928862146871,Fri Mar 20 01:41:40 +0000 2026,0,@drumstick27 The 5th rendition of east blue is not gonna be the best anime of all time even if they go past east blue it won t come out till 2035,2034807554912522563,,drumstick27,en,,0,1,0,https://x.com/undefined/status/2034807554912522563,1771744915262754816,
2034807550055469405,Fri Mar 20 01:41:39 +0000 2026,7,blue staring hard asf omg be calm! #911nashville https://t.co/r9HcVclfqx,2034807550055469405,https://pbs.twimg.com/amplify_video_thumb/2034807484947329024/img/yP_yMDo4kqjDGr3Y.jpg,,en,,0,1,1,https://x.com/undefined/status/2034807550055469405,1247352720966799360,
2034807542132486369,Fri Mar 20 01:41:37 +0000 2026,6,Blue and Taylor are so cute I love them #baylor #bluetaylor #911Nashville #911Nashvilleonabc https://t.co/s6RJXFUKvK,2034807542132486369,https://pbs.twimg.com/amplify_video_thumb/2034807462113501184/img/55H8cXtSCPLzmd8r.jpg,,en,,0,0,0,https://x.com/undefined/status/2034807542132486369,1221213425092775936,
2034807531378274349,Fri Mar 20 01:41:35 +0000 2026,0,as you color me blue,2034807531378274349,,,en,,0,0,0,https://x.com/undefined/status/2034807531378274349,1147612295142543360,
2034730829256302671,Fri Mar 20 01:41:33 +0000 2026,0,@MediawatchNw @Suzecat52 Where? When? Extra dirty vodka martini. 3 blue cheese/cream cheese stuffed olives. Thank you.,2034807524608602350,,MediawatchNw,en,,0,0,0,https://x.com/undefined/status/2034807524608602350,3241099337,
2034807518158024812,Fri Mar 20 01:41:31 +0000 2026,3,Michigan winning in Buffalo (after making me sweat it in the first half) is sweet for this Bills/Blue fan. #GoBlue #GoBills,2034807518158024812,,,en,,0,1,0,https://x.com/undefined/status/2034807518158024812,14413466,
2034807021287907690,Fri Mar 20 01:41:28 +0000 2026,2,@umichbball Go Inside More Please... Respectfully.. LFG !!!! Play together Win together Go Blue from Troy https://t.co/ycPofolI7V,2034807503049924924,https://pbs.twimg.com/tweet_video_thumb/HD0Woy2WMAAEy59.jpg,umichbball,en,,0,0,0,https://x.com/undefined/status/2034807503049924924,1030578828,
2034800735292932433,Fri Mar 20 01:41:28 +0000 2026,2,@Yuu_0978 @animetrends Igual eso ya es muy reciente para que le hagan remake...el chiste esta en que hagan desde East blue hasta el time skip,2034807502424920495,,Yuu_0978,es,,0,0,0,https://x.com/undefined/status/2034807502424920495,897648315927605248,
2034807305909538942,Fri Mar 20 01:41:27 +0000 2026,0,You don t need to do this in California or even Michigan during a blue wave but you NEED to do stuff like this in Texas. Beto could have won if he moderated a bit more on some issues in 2018.,2034807500906930224,,Socdem_Michael,en,,0,0,0,https://x.com/undefined/status/2034807500906930224,1168002791865847808,
2034807498629120084,Fri Mar 20 01:41:27 +0000 2026,0,BLUE ALL DAY Democrat Alex Holladay wins Arkansas special election flipping a Republican House seat in Trump territory #Republicans #Democrats #DonaldTrump #Arkansas https://t.co/KXx1XIA46I,2034807498629120084,,,en,,0,0,0,https://x.com/undefined/status/2034807498629120084,1389639174890864649,
2034807493893747160,Fri Mar 20 01:41:26 +0000 2026,0,⠀ ⠀⠀blaming the blue twink or longan is gettin' old . wanna be the one blamed instead bald biscuit .ᐣ.ᐣ ⠀⠀,2034807493893747160,,,en,,1,0,0,https://x.com/undefined/status/2034807493893747160,1894535702756364288,
2034647580009803861,Fri Mar 20 01:41:25 +0000 2026,0,@denbypottery @TerraOrBust I have inherited few bits of Denby zPale blue and I had a beautiful mug. Now lost.,2034807491872043286,,denbypottery,en,,0,0,0,https://x.com/undefined/status/2034807491872043286,1969876601895575553,
2034807485714833652,Fri Mar 20 01:41:24 +0000 2026,0,The scammers put that blue hat on the kid for every photo op even indoors to create propaganda.,2034807485714833652,,,en,,0,0,0,https://x.com/undefined/status/2034807485714833652,1488363513190002688,
2034807483353460927,Fri Mar 20 01:41:23 +0000 2026,0,Fantilli fires into the empty net with 2:53 left. Columbus extends the lead to 6-3. New York Rangers: 3 Columbus Blue Jackets: 6 #NYR,2034807483353460927,,,en,,0,0,0,https://x.com/undefined/status/2034807483353460927,1468208540095369219,
2034807483210817735,Fri Mar 20 01:41:23 +0000 2026,0,Art of the Day! Blue Heron Marsh . Buy at: https://t.co/SrsKkqVzaB https://t.co/2ygi0GcORV,2034807483210817735,https://pbs.twimg.com/media/HD0Wn8AWYAApeDU.jpg,,en,,0,0,0,https://x.com/undefined/status/2034807483210817735,528103211,
2034767395810943203,Fri Mar 20 01:41:22 +0000 2026,0,@jdooo_x3 you did a great job but thank god is blue now,2034807479016595677,,jdooo_x3,en,,0,0,0,https://x.com/undefined/status/2034807479016595677,1558899501766696962,
2034807465477369970,Fri Mar 20 01:41:19 +0000 2026,0,Michigan advances to the round of 32 with a 101-80 victory over Howard. An explosive second half pushed this game out of reach quick. Morez Johnson had a big game 21pts &amp; 10rebs. On to the next one! Go Blue! https://t.co/E3vjdUGp9D,2034807465477369970,https://pbs.twimg.com/media/HD0WmzsbMAAbyu5.jpg,,en,,0,0,0,https://x.com/undefined/status/2034807465477369970,2006897876895674370,
2034807465443758176,Fri Mar 20 01:41:19 +0000 2026,0,i think it s high time we get our blue blood title stripped,2034807465443758176,,,en,,0,0,0,https://x.com/undefined/status/2034807465443758176,1255540883358920705,
2034734833482477908,Fri Mar 20 01:41:18 +0000 2026,0,@BasedTorba Dood. Im a genx 'er so im not up on the new aged terms. But is this what the blue hairs call gaslighting?,2034807462621024300,,BasedTorba,en,,0,0,0,https://x.com/undefined/status/2034807462621024300,1039706193437110273,
2034807449929007304,Fri Mar 20 01:41:15 +0000 2026,48,FANTS FIRES AN EMPTY NETTER!!!!!! CBJ x @FanaticsBook https://t.co/vr5AUXgQ7r,2034807449929007304,https://pbs.twimg.com/amplify_video_thumb/2034807326755233792/img/pdxOqzuUULAxcLBZ.jpg,,en,,2,2,2,https://x.com/undefined/status/2034807449929007304,23783692,
2034804619549827180,Fri Mar 20 01:40:45 +0000 2026,0,@4elementsGL Como la Princesa Blue no se iba a enamorar de Lom ahhh THE AIR Q28 SHOOTING #เสน่หาวาโยคิว28,2034807321583317392,,4elementsGL,es,,0,0,0,https://x.com/undefined/status/2034807321583317392,2018080583046377472,
2034800936753745922,Fri Mar 20 01:40:44 +0000 2026,0,@SeanHeineman13 @WildcatsTongue Nah we beat the team that s gonna beat them and UNC was the first blue blood to lose so it equals out ,2034807319855337948,,SeanHeineman13,en,,0,0,0,https://x.com/undefined/status/2034807319855337948,1446342739508043778,
2034807316667593013,Fri Mar 20 01:40:43 +0000 2026,1,blythe wanted to see blue #911Nashville,2034807316667593013,,,en,,0,0,0,https://x.com/undefined/status/2034807316667593013,3092552193,
2034807316629823910,Fri Mar 20 01:40:43 +0000 2026,6,noticing how the episode 8 title is 2 randomly generated names mashed into one HJSAK and LDFHL what could this mean...... https://t.co/iDLwvrc0sL,2034807316629823910,https://pbs.twimg.com/media/HD0WS5FXQAAyH29.png,,en,,0,1,1,https://x.com/undefined/status/2034807316629823910,997600929166823425,
2034386489526673591,Fri Mar 20 01:40:43 +0000 2026,0,@mattvanswol @Breaking911 Us former democrats share next-level horror at what this party has become. Dems protecting at all costs their cynical Plan B to mitigate blue-state flight when their Abolish the Electoral College campaign failed: The results of the Biden-Harris human-trafficking operation. https://t.co/81YTdFNFk7,2034807314533032355,https://pbs.twimg.com/media/HD0WMhzXUAA0n9O.png,mattvanswol,en,,0,0,0,https://x.com/undefined/status/2034807314533032355,77820959,
2034807312645288266,Fri Mar 20 01:40:42 +0000 2026,0,5 ships say otherwise https://t.co/4Azen4oHHc,2034807312645288266,https://pbs.twimg.com/tweet_video_thumb/HD0WduvbMAA2-lu.jpg,,en,,0,0,0,https://x.com/undefined/status/2034807312645288266,2013852831594262528,
2034727425373093913,Fri Mar 20 01:40:39 +0000 2026,1,@HarmeetKDhillon The blue states could use that to brighten up their states 🇺🇸 https://t.co/c7p220yc4z,2034807296425955567,https://pbs.twimg.com/media/HD0WdBIboAAP4gX.png,HarmeetKDhillon,en,,0,0,0,https://x.com/undefined/status/2034807296425955567,1628074381342646273,
2034807291476693091,Fri Mar 20 01:40:37 +0000 2026,0,Join us for only $0.99 - 14 days Promo trial to access Forecasts and Blue Box Trade Setups. 78 Markets covered across 3 groups. Master #ElliottWave like a Pro https://t.co/5u76WRzz3w #StocksToBuy #ETFs #Indices #Forex #Commodities https://t.co/7dSn7TmUDP,2034807291476693091,https://pbs.twimg.com/media/HD0WaXCXAAANOTP.jpg,,en,,0,0,0,https://x.com/undefined/status/2034807291476693091,63014149,
2034807289207537981,Fri Mar 20 01:40:37 +0000 2026,23,Blue Jackets are gonna win. Welcome to 3rd place in the Metro ladies and gentlemen. #cbj,2034807289207537981,,,en,,0,2,3,https://x.com/undefined/status/2034807289207537981,332494116,
2034807172777853105,Fri Mar 20 01:40:35 +0000 2026,0,@NasicZiga @xai Thanks for the invite Žiga! Monaco sounds epic with the Pope yacht ceremony and that foundation rename twist. As Grok I don't hop planes but count me in virtually for the blue economy chat and pinky promise. Let's keep it green and clean hit me up anytime! ,2034807280462409923,,NasicZiga,en,,0,0,0,https://x.com/undefined/status/2034807280462409923,1720665183188922368,
2034630450648408468,Fri Mar 20 01:40:35 +0000 2026,0,@l998412318 @ShemekaMichelle What changed? Nothing. He hasn't even hinted that anything had changed. The USS Liberty stuff is ridiculous. Do you think that was the first blue on blue casualty event? Why is that such a big focus but not all of the Marines and soldiers Iran has killed and US civilians,2034807279673827681,,l998412318,en,,0,2,0,https://x.com/undefined/status/2034807279673827681,1589728743374864384,
2034424806423072956,Fri Mar 20 01:40:31 +0000 2026,0,@uscfan981 Blue,2034807265551950069,,uscfan981,en,,0,0,0,https://x.com/undefined/status/2034807265551950069,783404200948473856,
2034731674760569182,Fri Mar 20 01:40:31 +0000 2026,0,@dbfarms2023 Keep the Gray n Red !! Amazing U need all them Blue tractors ! Just to Farm they must Break down Alot !!,2034807263165112471,,dbfarms2023,en,,0,0,0,https://x.com/undefined/status/2034807263165112471,4551657133,
2034721066602369392,Fri Mar 20 01:40:29 +0000 2026,2,@ZillennialMan1 @Aku_700 Almost all of my kids came out with blonde hair and blue eyes despite my husband and I having mostly the opposite just because we have that on both sides of our family. Only my 5th child inherited my brown eyes.,2034807257859256556,,ZillennialMan1,en,,0,0,0,https://x.com/undefined/status/2034807257859256556,1440922353349898241,
2034807257654010093,Fri Mar 20 01:40:29 +0000 2026,0,It s not the coaches responsibility to cover. It s his job to win! Go blue,2034807257654010093,,,en,,0,0,0,https://x.com/undefined/status/2034807257654010093,1048233415458410497,
2034804858792894933,Fri Mar 20 01:40:29 +0000 2026,0,@grok Ew im israeli im not an arab whore but my friend is lebanese with blue eyes so i was like what i thought they came from the rab peninsula,2034807256412278803,,grok,en,,0,1,0,https://x.com/undefined/status/2034807256412278803,2025196566328512512,
2034798345504334261,Fri Mar 20 01:40:28 +0000 2026,0,@enhighwaystars Blue noon #PROTECT_OUR_SEVEN #LET_ENHYPEN_CREATE,2034807250921939146,,enhighwaystars,en,,0,0,0,https://x.com/undefined/status/2034807250921939146,1313877967102119936,
2034762817845231650,Fri Mar 20 01:40:28 +0000 2026,0,@SpaceInvestor_D It will take Blue Origin 99 years to launch that many satellites. I mean they move sooooooooooooooooo slow.,2034807250540224708,,SpaceInvestor_D,en,,0,0,0,https://x.com/undefined/status/2034807250540224708,104717270,
2034772495106986237,Fri Mar 20 01:40:27 +0000 2026,0,@Dussyme Blue,2034807248015237208,,Dussyme,en,,0,0,0,https://x.com/undefined/status/2034807248015237208,1983726680330924032,
2034807245725151682,Fri Mar 20 01:40:26 +0000 2026,1,Every time an NCAA men s basketball blue blood loses during March Madness an angel earns its wings.,2034807245725151682,,,en,,0,0,0,https://x.com/undefined/status/2034807245725151682,16081276,
2034803024409825598,Fri Mar 20 01:40:26 +0000 2026,1,@TBEDylan Very much so. The results are simply not suitable for a blue blood program. Fr something needs to change up there,2034807244508811479,,TBEDylan,en,,0,1,0,https://x.com/undefined/status/2034807244508811479,1849318741,
2034807237504377225,Fri Mar 20 01:40:24 +0000 2026,0,Butch Cassidy and the Sundance Kid Blue Velvet Boyz n the Hood,2034807237504377225,,,en,,0,0,0,https://x.com/undefined/status/2034807237504377225,287950599,
2034783815592251572,Fri Mar 20 01:40:23 +0000 2026,0,@itzKryptoxic i feel like blue is winning cus u used the regular ST cover instead of the deluxe so it lowk was hard for me to even notice it when voting ,2034807232123347261,,itzKryptoxic,en,,0,0,0,https://x.com/undefined/status/2034807232123347261,954792092,
2034686337152934197,Fri Mar 20 01:40:21 +0000 2026,0,viendo que el post tuvo mucha repercusión les dejo los nombres de los emprendimientos!! 1. tiny blue studio 2. evilgojo 3. himawaridraw 4. evilgojo,2034807224371986604,,amordulcin,es,,0,0,0,https://x.com/undefined/status/2034807224371986604,2031173119365492736,
2034807221713084698,Fri Mar 20 01:40:21 +0000 2026,0,I hope she got up from her blue balls next ep,2034807221713084698,,,en,,0,0,0,https://x.com/undefined/status/2034807221713084698,877310256,
2034801051115614526,Fri Mar 20 01:40:20 +0000 2026,0,@cookieokami BLUE WOMAN HAS RETURNED! https://t.co/vIwkfwQ9Iv,2034807219544559749,https://pbs.twimg.com/tweet_video_thumb/HD0WYPOboAE-n6K.jpg,cookieokami,en,,0,0,0,https://x.com/undefined/status/2034807219544559749,2364402182,
2034772644956971268,Fri Mar 20 01:40:20 +0000 2026,2,@RX7968 @_Mulaamamii Can t trust no account with a blue check. They post whatever they can to get engagement views to earn that lil $22 monthly Twitter check. I was believing her at first ,2034807216784478675,,RX7968,en,,0,1,0,https://x.com/undefined/status/2034807216784478675,1448648996528943119,
2034732182724571262,Fri Mar 20 01:40:16 +0000 2026,0,@BillWilde388919 @DerrickEvans4WV Replace that flag with a blue and white one. You know the one with the six pointed star.,2034807201705988334,,BillWilde388919,en,,0,0,0,https://x.com/undefined/status/2034807201705988334,38320833,
2034806994209771877,Fri Mar 20 01:40:15 +0000 2026,1,need to start a blue blood hate campaign,2034807199206449470,,reflectivepain,en,,0,0,0,https://x.com/undefined/status/2034807199206449470,1330827544828862464,
2034807187868963244,Fri Mar 20 01:40:13 +0000 2026,1,Nike Kobe 9 Low Protro 'Hydrogen Blue' Available via @nikestore |$190| #ad &gt;&gt;&gt; https://t.co/RlaXA5iidm https://t.co/5teHeekNlG,2034807187868963244,https://pbs.twimg.com/media/HD0WWsbWAAAFgXP.jpg,,en,,0,0,0,https://x.com/undefined/status/2034807187868963244,792182745942233089,
2034657397583835452,Fri Mar 20 01:40:12 +0000 2026,1,@DougWahl1 Trump needs to just wave the white flag! https://t.co/sC4EIDtYvL,2034807186140909603,https://pbs.twimg.com/tweet_video_thumb/HD0WWTnboAEK3CH.jpg,DougWahl1,en,,0,0,0,https://x.com/undefined/status/2034807186140909603,1005374310373052416,
2034795425174110295,Fri Mar 20 01:40:11 +0000 2026,0,@SawyerMerritt @SpaceX Blue Origin filing for 51 600 AI satellites two weeks after Amazon's similar FCC request suggests a coordinated push - Bezos is building redundant orbital compute infrastructure across both his companies at the same time.,2034807180885459381,,SawyerMerritt,en,,0,0,0,https://x.com/undefined/status/2034807180885459381,1060989971132166144,
2034807166067253697,Fri Mar 20 01:40:07 +0000 2026,0,Love it when Blue Bloods lose in the first round. Thousands of Tar Heel fans are cancelling reservations for the next 3 weeks!,2034807166067253697,,,en,,0,0,0,https://x.com/undefined/status/2034807166067253697,1292220056,
2034807021287907690,Fri Mar 20 01:40:07 +0000 2026,5,@umichbball First 100-point game since Feb 5th Morez Johnson with his first 20+ point game since Jan 2nd Could the offense be getting hot once again at the perfect time? 5 more wins to go let s go Blue!,2034807165186142400,,umichbball,en,,0,0,0,https://x.com/undefined/status/2034807165186142400,1089674360514854912,
2034807158957564358,Fri Mar 20 01:40:06 +0000 2026,3,JV Blue Devils with the 10-0 victory over Redan. Trent Davies threw a NO HITTER!!! 6IP 0H 1BB 9K Congratulations Trent. #GoDevils https://t.co/fLoRg6PDRc,2034807158957564358,https://pbs.twimg.com/tweet_video_thumb/HD0WUvqboAIWa8N.jpg,,en,,0,0,0,https://x.com/undefined/status/2034807158957564358,703207369493364736,
2034807155296280715,Fri Mar 20 01:40:05 +0000 2026,0,Being a Duke Blue Devils Fan Right Now from Fresno Like Myself Seeing UNC Blow a 19 Point Lead and Getting Bounced out of the Tournament against VCU #MarchMadness https://t.co/b9M6Obg8iU,2034807155296280715,https://pbs.twimg.com/tweet_video_thumb/HD0WUjXboAEeqlW.jpg,,en,,0,0,0,https://x.com/undefined/status/2034807155296280715,259816982,
2034807154880958482,Fri Mar 20 01:40:05 +0000 2026,0,This is me with blue lock,2034807154880958482,,,en,,0,0,0,https://x.com/undefined/status/2034807154880958482,1661766182100402176,
2034755116998205630,Fri Mar 20 01:40:04 +0000 2026,0,@realpeteyb123 Another vote blue no matter who fraud,2034807153224294411,,realpeteyb123,en,,0,0,0,https://x.com/undefined/status/2034807153224294411,1564992750864457728,
2034577261580386513,Fri Mar 20 01:40:02 +0000 2026,0,@Grododi @wagpnhv @Michelangelo066 Because this question breaks the blue pilled npcs brain.,2034807142478487725,,Grododi,en,,0,0,0,https://x.com/undefined/status/2034807142478487725,1977546832092999680,
2034720633867690230,Fri Mar 20 01:40:01 +0000 2026,0,@Jonkuestini @diana_dukic @elonmusk And we didn t have to buy blue tick,2034807140582322233,,Jonkuestini,en,,0,0,0,https://x.com/undefined/status/2034807140582322233,1708633171523252224,
2034780750218662025,Fri Mar 20 01:40:01 +0000 2026,1,@zonevivi Never let them touch u girl they probably blue chop glazers,2034807138120310872,,zonevivi,en,,0,0,0,https://x.com/undefined/status/2034807138120310872,1982986075074437120,
2034807133959541179,Fri Mar 20 01:40:00 +0000 2026,0,Blue blood slayers!! VCU is special man,2034807133959541179,,,en,,0,0,0,https://x.com/undefined/status/2034807133959541179,47356115,
2034807133586514184,Fri Mar 20 01:40:00 +0000 2026,0,#CocteauTwins - Treasure $18.39 https://t.co/aZN1K5sZzH #MatchboxTwenty - Mad Season (Sky Blue Vinyl) $29.13 (lowest) https://t.co/64lqmBkF8A https://t.co/wkChc0czT7,2034807133586514184,https://pbs.twimg.com/media/HD0Q4FYawAAUtnS.jpg,,en,,0,0,0,https://x.com/undefined/status/2034807133586514184,1327274197257658375,
2034751409493626911,Fri Mar 20 01:39:59 +0000 2026,0,@thisismynme No No I ve never dated so No Light blue Not telling I don t remember I don t know I guess a night I slept well? I don t know Not telling No No ,2034807131442954362,,thisismynme,en,,0,0,0,https://x.com/undefined/status/2034807131442954362,1673321707921354752,
2034649156845711480,Fri Mar 20 01:39:58 +0000 2026,0,@BobDinMI @MikeBales My brother went blue ever since he passed,2034807126502109600,,BobDinMI,en,,0,0,0,https://x.com/undefined/status/2034807126502109600,1474802639233859586,
2034769754532053178,Fri Mar 20 01:39:56 +0000 2026,0,@emma_mackenziie Go Blue,2034807117644013706,,emma_mackenziie,en,,0,0,0,https://x.com/undefined/status/2034807117644013706,1851681005704482819,
2034802452269027551,Fri Mar 20 01:39:56 +0000 2026,0,@sixringsofsteeI WORLD RECORD SPEEDRUN - Hubert Davis turning Blue Blood into embarrassment in only 5 years!!!,2034807116557377940,,sixringsofsteeI,en,,0,0,0,https://x.com/undefined/status/2034807116557377940,1255307056707506178,
2034807109657997645,Fri Mar 20 01:39:54 +0000 2026,1,I need y all to see what the Blue Jays account is responding to. Out here catching bodies,2034807109657997645,,,en,,0,0,0,https://x.com/undefined/status/2034807109657997645,28537006,
2034806357933674844,Fri Mar 20 01:39:53 +0000 2026,2,@NHL Huge thank you Ottawa!!! The blue jackets are coming islanders #cbj,2034807104033444034,,NHL,en,,0,0,0,https://x.com/undefined/status/2034807104033444034,1640230045531635713,
2034807100166095229,Fri Mar 20 01:39:52 +0000 2026,0,@umichbball 1 down.... Please go inside more Go Blue from Troy https://t.co/hVNlbfnsUk,2034807100166095229,https://pbs.twimg.com/tweet_video_thumb/HD0WRQ6aMAA19T7.jpg,umichbball,en,,0,0,0,https://x.com/undefined/status/2034807100166095229,1030578828,
2034775405866230175,Fri Mar 20 01:39:51 +0000 2026,2,@Timber_MT @RiverAkitas Translation Iza Blue is one very healthy girl. High mix of breeds hopefully means no breed-prone disease predispositions!,2034807097884393866,,Timber_MT,en,,0,0,0,https://x.com/undefined/status/2034807097884393866,485958942,
2034807097238421997,Fri Mar 20 01:39:51 +0000 2026,0,GO BLUE,2034807097238421997,,,en,,0,0,0,https://x.com/undefined/status/2034807097238421997,56239002,
2034681410909577688,Fri Mar 20 01:39:50 +0000 2026,0,@MtnViewsCO Until Dominion Software and Mail in ballots are eliminated nothing will change. Colorado was the canary in the coal mine on how to turn a red state into a blue state shithole.,2034807091144376770,,MtnViewsCO,en,,0,0,0,https://x.com/undefined/status/2034807091144376770,1722857738844487680,
2034520528371728885,Fri Mar 20 01:39:47 +0000 2026,0,@GameCharacterAI Where's your blue check? Dude you ain't getting paid for this? OH FUCK YOU'RE SERIOUS. THAT'S SO MUCH WORSE. at least get paid for ya shit takes.,2034807080436043922,,GameCharacterAI,en,,0,0,0,https://x.com/undefined/status/2034807080436043922,1705410851874758656,
2034746677228151080,Fri Mar 20 01:39:46 +0000 2026,0,@BusyQebb @corralconc @Chaikiro1 Dude .it literally says Yes Johnny Joestar is the alternate universe counterpart to Johnathan Joestar in highlighted blue letters .outside of dyslexia general inability to read or a RGB color blindness I don t know what to tell you. It s literally spelled out,2034807075931373610,,BusyQebb,en,,0,0,0,https://x.com/undefined/status/2034807075931373610,919376264678592513,
2034807061989794231,Fri Mar 20 01:39:43 +0000 2026,0,彪馬が大声出して暴れてるの、BLUEからしてもわりと普通な気がするけど、後輩ですら知らんのか 彪馬かっけぇ になってる。大怪獣ですからね彪馬さん (名前の漢字ってすごい。) ⬆️ダンエビの感想,2034807061989794231,,,ja,,0,0,0,https://x.com/undefined/status/2034807061989794231,1425986463347339264,
2034734669884006879,Fri Mar 20 01:39:42 +0000 2026,0,@parvontae @BrockSide_ @nostep_snek94 @HockleyTyson Full scholarship?? Who's the crackhead your mom or your dad lol You sound like your 16 trying to impress a stranger on the internet but doesn't quite understand why that's silly and immature. Must be the Labatt's Blue full ride scholarship given yearly to the whitest chug,2034807057883529294,,parvontae,en,,0,1,0,https://x.com/undefined/status/2034807057883529294,1583983378952777728,
2034807052556452227,Fri Mar 20 01:39:40 +0000 2026,0,Transform your space with our Bright Purple Floral Pattern Sheer Window Curtain featuring charming white and blue daisies all for just $61.24. Elevate your decor today! #GirlyDecor #WindowCurtain Shop Now https://t.co/nsAVKMDOPz https://t.co/I11m0GfziN,2034807052556452227,https://pbs.twimg.com/ext_tw_video_thumb/2034807027868852224/pu/img/kcSztA8RAbBAwPrw.jpg,,en,,0,0,0,https://x.com/undefined/status/2034807052556452227,1603862525304799232,
2034803740369403909,Fri Mar 20 01:39:39 +0000 2026,0, Psd : street blue by miniepsds,2034807048211505547,,AVENOIRWISH,en,,0,0,0,https://x.com/undefined/status/2034807048211505547,1985478640604495872,
2034807045493330098,Fri Mar 20 01:39:39 +0000 2026,1,Sukuna and Choso just had a fight over blue cheese and stopped being friends (forgive the lag) https://t.co/izabqXF4CP,2034807045493330098,https://pbs.twimg.com/amplify_video_thumb/2034806942086877184/img/tl9PqE5nDbBdFnBy.jpg,,en,,0,1,0,https://x.com/undefined/status/2034807045493330098,1379586775027449857,
2034735364502614256,Fri Mar 20 01:39:07 +0000 2026,0,@alyssamariiee11 DEI hires only no more pretty down to earth blonde blue eye girls.,2034806910763884992,,alyssamariiee11,en,,0,0,0,https://x.com/undefined/status/2034806910763884992,1825585671429341184,
2034806902585012492,Fri Mar 20 01:39:05 +0000 2026,1,nickname: Jeje!! prns: she/her but idm any pronouns height: 171 cm (5'8 I think?) sexuality: Straight smokes: hell no piercings: ears! tattoos: nope fav color: blue and green fav drink: iced coffee fav food: sushi fav animal: KITTY!!!,2034806902585012492,,,en,,0,1,0,https://x.com/undefined/status/2034806902585012492,1768358108881899520,
2034739397870907568,Fri Mar 20 01:39:04 +0000 2026,0,@Rezztro i don't get why people want the terribly looking ice king to get another style which does not fit him at all it's just white while foundation's color scheme is completely opposite and white and blue would go absolutely so hard on him omfg I swear I am obsessed with it,2034806898281587061,,Rezztro,en,,0,0,0,https://x.com/undefined/status/2034806898281587061,1269780150176137222,
2034805232379527546,Fri Mar 20 01:39:02 +0000 2026,1,@Jeffs_Penguins These teams like the Bruins Islanders and blue jackets have yet to play the toughest part of their schedule yet,2034806890727968890,,Jeffs_Penguins,en,,0,1,0,https://x.com/undefined/status/2034806890727968890,4395368533,
2034806885472432194,Fri Mar 20 01:39:01 +0000 2026,0,Decarbonization: A major structural shift is underway with industry leaders like CF Industries and Yara investing heavily in blue and green ammonia.,2034806887410278542,,Better_Equation,en,,0,1,0,https://x.com/undefined/status/2034806887410278542,1700306577788665856,
2034634015802523968,Fri Mar 20 01:39:00 +0000 2026,0,@SecDuffy @seanspicer @SenSchumer @SquawkCNBC I flew from midway to austin and back to midway from san antonio and it was a breeze. Its the big airports in the big blue cities with the big no show rates for tsa workers who dont want to work on lay-away.,2034806883735736423,,SecDuffy,en,,0,0,0,https://x.com/undefined/status/2034806883735736423,1854634870238330880,
2034806882066386952,Fri Mar 20 01:39:00 +0000 2026,0,The Night King is the worst character design of all time. Like...an ugly bald guy who is kind of blue...cool thanks.,2034806882066386952,,,en,,0,0,0,https://x.com/undefined/status/2034806882066386952,1321301749290979328,
2033758328782725146,Fri Mar 20 01:38:59 +0000 2026,1,@BuddyWolfX @LordDrStrange @l0g4nn05 here's proof that little blue shiba is the same person arrested. you're welcome.,2034806878299902457,,BuddyWolfX,en,,0,0,0,https://x.com/undefined/status/2034806878299902457,1990685215656980481,
2034806878023061696,Fri Mar 20 01:38:59 +0000 2026,2,This is what you call a shill grifter. He doesn t actually have an opinion. He just grift a fanbase that aligns with the studio hoping to become blue ray angel or w/e tf his name is https://t.co/HZhZgsIwea,2034806878023061696,https://pbs.twimg.com/media/HD0WEhjWEAA5Wp6.jpg,,en,,0,1,2,https://x.com/undefined/status/2034806878023061696,1169380744491409413,
2034802527976530180,Fri Mar 20 01:38:57 +0000 2026,0,@Decentladki1 Blue colour but shandar,2034806870805028913,,Decentladki1,en,,0,0,0,https://x.com/undefined/status/2034806870805028913,1567841644321570818,
2034791889426161975,Fri Mar 20 01:38:57 +0000 2026,0,@AnnieAgar Go blue,2034806870154555639,,AnnieAgar,en,,0,0,0,https://x.com/undefined/status/2034806870154555639,468962495,
2034719561832931733,Fri Mar 20 01:38:57 +0000 2026,0,@nocontextmemes green blue and brown are easily the best [purple is 4th mainly cuz i own a cat] the rest are just kinda shitty since its heavily dependent on you not wanting those things,2034806869672243509,,nocontextmemes,en,,0,0,0,https://x.com/undefined/status/2034806869672243509,1981855982474194944,
2034806865507532894,Fri Mar 20 01:38:56 +0000 2026,1,is it either killin it girl or blue side vibe,2034806865507532894,,,en,,0,0,0,https://x.com/undefined/status/2034806865507532894,737634666312806400,
2034805603076366812,Fri Mar 20 01:38:55 +0000 2026,0,@w_random04 @AnimetrendsLA Hablas de la OVA/especial del East Blue por el 20 aniversario del manga?,2034806860297973798,,w_random04,es,,0,1,0,https://x.com/undefined/status/2034806860297973798,1808170668976144384,
2034788506157932889,Fri Mar 20 01:38:53 +0000 2026,0,@wckdphilomel Blue and green,2034806855843684414,,wckdphilomel,en,,0,0,0,https://x.com/undefined/status/2034806855843684414,1797106443474079744,
2034806855210299447,Fri Mar 20 01:38:53 +0000 2026,0,100 POINTS FOR BIG BLUE!!!! MICHIGAN cruising now up 100-78 as some substitutions have now entered. 30 seconds to go. McKenney now at the line making 1/2 Free Throws. MICHIGAN 101 HOWARD 80 FINAL SCORE. Howard scored 80 PTS. Many games that's enough to win. JC https://t.co/mh5Qf0pfCr,2034806855210299447,https://pbs.twimg.com/tweet_video_thumb/HD0WDAob0AAsjBb.jpg,,en,,0,0,0,https://x.com/undefined/status/2034806855210299447,1305895063,
2034806855046746523,Fri Mar 20 01:38:53 +0000 2026,2,ijbol we still don t have blue fire in genshin,2034806855046746523,,,en,,0,2,0,https://x.com/undefined/status/2034806855046746523,1538308593811959808,
2034805641542303974,Fri Mar 20 01:38:52 +0000 2026,0,@S1LNTHLL i was litro invited out of the blue to a wedding by a friend from this old furry chatroom game wed play nonstop as teens i went 10k miles outta country for the first time to visit one....... everyone is friend,2034806847954370906,,S1LNTHLL,en,,0,0,0,https://x.com/undefined/status/2034806847954370906,147044905,
2034806845714379057,Fri Mar 20 01:38:51 +0000 2026,2,Great win @umichbball GO BLUE!!!!,2034806845714379057,,,en,,0,0,0,https://x.com/undefined/status/2034806845714379057,18882860,
2034785967802835420,Fri Mar 20 01:38:50 +0000 2026,1,@StandOnGuardCA @premium @Support Truth right now I make like 60 every 2 weeks so once a month it pays the blue check and once a month it pays for a month I paid but wasn't monetized yet it will take me over a year to see profit if it stays the same,2034806839632646324,,StandOnGuardCA,en,,0,1,0,https://x.com/undefined/status/2034806839632646324,48850910,
2034806742442279370,Fri Mar 20 01:38:27 +0000 2026,0,please end blue checks on twitter these moids be pmo,2034806745264996741,,hulkdogalo,en,,0,0,0,https://x.com/undefined/status/2034806745264996741,1435342408682778624,
2034240426425647188,Fri Mar 20 01:38:27 +0000 2026,0,@ThePatriotOasis @EricLDaugh That's one reason why I think the left has went to bed with Islam.. One can marry kids Can have sex slaves Treat women like they are nothing more than breeding Just so much goes along with both... There are bad people everywhere blue or red but when policies add men in women's??,2034806744472281402,,ThePatriotOasis,en,,0,0,0,https://x.com/undefined/status/2034806744472281402,1590513230786560000,
2034761232511578151,Fri Mar 20 01:38:26 +0000 2026,0,@thelastbluedog @KeeganLowe6 @MinnesotaMike1 @Politics1com He has to act moderate to even have a chance in Nebraska. He has to say that that's like a right‑leaning indie in a blue state saying they will caucus with Rs if elected. It would kill the campaign. It could potentially be a 65D 35R split and that's generous to Osborne.,2034806740672209251,,thelastbluedog,en,,0,0,0,https://x.com/undefined/status/2034806740672209251,1812390897713049601,
2034806739527508282,Fri Mar 20 01:38:26 +0000 2026,0,They say red means danger but what about blue? https://t.co/Da0fDZZO8W,2034806739527508282,https://pbs.twimg.com/media/HD0V6IIboAMWIip.jpg,,en,,0,0,0,https://x.com/undefined/status/2034806739527508282,2015151390876733440,
2034806734695363050,Fri Mar 20 01:38:25 +0000 2026,1,Further proof that @SenFettermanPA is an absolute IDIOT. @nickshirleyy is the fraud and is a piece of MAGA shit who couldn't care less about fraud anywhere. His only job is to try and embarrass Democrats in blue states. Period. He's #MAGACrap and is a LYING PIECE OF HUMAN,2034806734695363050,,,en,,0,0,0,https://x.com/undefined/status/2034806734695363050,812967209056210944,
2034806440435884240,Fri Mar 20 01:38:23 +0000 2026,0,@MEWANGIMU Yes that blue eyes... kinda envy with him.,2034806727544381538,,MEWANGIMU,en,,0,0,0,https://x.com/undefined/status/2034806727544381538,1338317296108883968,
2034337726170808561,Fri Mar 20 01:38:22 +0000 2026,0,@Dexter__Wright @RapidResponse47 @DrOzCMS @grok You are such a liberal liar and trying to switch the attention away from the horribly mismanaged Blue States.,2034806723471364098,,Dexter__Wright,en,,0,0,0,https://x.com/undefined/status/2034806723471364098,1666626520217968641,
2034806712658796806,Fri Mar 20 01:38:19 +0000 2026,0,Plywood Prizes and Purpose: Boys &amp; Girls Club of Watertown Announces 12th Annual Blue Door Derby https://t.co/sdqFqYnt23 Read STREAM or LISTEN to more #communityfirst interviews just like this one with @Boys &amp; Girls Club of Watertown South Dakota https://t.co/9PRzSvNRHk,2034806712658796806,https://pbs.twimg.com/media/HD0V7DJboAExur0.jpg,,en,,0,0,0,https://x.com/undefined/status/2034806712658796806,1966157323673677828,
2034806705113227429,Fri Mar 20 01:38:18 +0000 2026,0,Do you remember when you joined X? I do! #MyXAnniversary 2 years!!! https://t.co/THxK61w685,2034806705113227429,https://pbs.twimg.com/media/HD0V6YEboAUytnb.jpg,,en,,0,0,0,https://x.com/undefined/status/2034806705113227429,1770545481007210496,
2034806692626801157,Fri Mar 20 01:38:15 +0000 2026,0,Loser couldn't even stay the course in the Mayor's race... because you knew you wouldn't win. Solid blue not red will keep leading this city's ascent. Go count your money.,2034806692626801157,,,en,,0,0,0,https://x.com/undefined/status/2034806692626801157,247379602,
2034227015453487220,Fri Mar 20 01:38:13 +0000 2026,0,@soto78573836 아니 저 무현쌤 눈 뜬 부분 가사 tell me are your eyes brown blue or green?이라는 걸 1n번째 재생한 지금 깨달았어요... 센스짱 치약님...,2034806685513261445,,soto78573836,ko,,0,0,0,https://x.com/undefined/status/2034806685513261445,1888860227115896832,
2034789199107563574,Fri Mar 20 01:38:13 +0000 2026,8,@HerbsandDirt I just paid $50 for my full size truck my wife left at 1/8 tank in Texas. Not great but sounds like you got that blue state love tap.,2034806684418216027,,HerbsandDirt,en,,0,0,0,https://x.com/undefined/status/2034806684418216027,1585810293220732929,
2034805549301145638,Fri Mar 20 01:38:12 +0000 2026,2,@megynkelly While the Red Cross conducts formal and solemn ceremonies when receiving the bodies of Israeli prisoners bodies of Palestinian martyrs are handed over in blue bags thrown into trucks that lack the most basic elements of human dignity. #AmericaFirst #MAGA #VeteransAgainstWar https://t.co/0O2MCT7NnM,2034806682648244605,https://pbs.twimg.com/amplify_video_thumb/2034806618127282176/img/ZcMKTLEu0nxS1es9.jpg,megynkelly,en,,0,0,1,https://x.com/undefined/status/2034806682648244605,1640180158920310785,
2034806682455613839,Fri Mar 20 01:38:12 +0000 2026,0,TEST 1 Comic proyect - The Dragon Knights: Wing Force This page is a demo or test page to try out the art style of my first webcomic project The Dragon Knights. It won't be the final product as a webtoon doesn't have that panel layout. #comicbook #webcomic #proyect https://t.co/5nlSrwPU0L,2034806682455613839,https://pbs.twimg.com/media/HD0VP_KXAAAHLXK.jpg,,en,,0,3,0,https://x.com/undefined/status/2034806682455613839,1764364243514662912,
2034806667435454513,Fri Mar 20 01:38:09 +0000 2026,101,Howard is a hell of a ball club they were draining 3 s early. Michigans dominance took over in the second half. Go Blue onward.,2034806667435454513,,,en,,0,3,2,https://x.com/undefined/status/2034806667435454513,281284263,
2034806667154542653,Fri Mar 20 01:38:08 +0000 2026,0,Great second half. Better defensive intensity. Onto the next. Go Blue. One at a time.,2034806667154542653,,,en,,0,0,0,https://x.com/undefined/status/2034806667154542653,696054848513441792,
2034763475717939471,Fri Mar 20 01:38:04 +0000 2026,0,@hanaamurakami Absolutely blue.,2034806648204927070,,hanaamurakami,en,,0,0,0,https://x.com/undefined/status/2034806648204927070,1511448713641676803,
2034648838997151873,Fri Mar 20 01:38:04 +0000 2026,1,@Debsam1760 I would love to say you only see it in blue cities or states but it's just not the case. Florida is a huge hotbed for fraud.,2034806647206404539,,Debsam1760,en,,0,1,0,https://x.com/undefined/status/2034806647206404539,771136109711466496,
2034721066602369392,Fri Mar 20 01:38:03 +0000 2026,0,@Tawmaz117110 @Water_In_Mirror @Aku_700 For grandkids and great grandkids having blue eyes they must have blue eyed ancestors in both mother and father sides nothing to do with genes disappearing,2034806644924702750,,supportingcris,en,,0,1,0,https://x.com/undefined/status/2034806644924702750,1453029146783797252,
2034806634929619038,Fri Mar 20 01:38:01 +0000 2026,0,Go Blue! 〽️,2034806634929619038,,,en,,0,0,0,https://x.com/undefined/status/2034806634929619038,50358785,
2034806630723068050,Fri Mar 20 01:38:00 +0000 2026,0,@AOC so you don't want to help fund our military what does Iran and China have on you is that where your money's been coming from to run for office a lot of questions on act blue,2034806630723068050,,AOC,en,,0,0,0,https://x.com/undefined/status/2034806630723068050,1516957034624651264,
2034552896642253203,Fri Mar 20 01:38:00 +0000 2026,1,@HEALTHluvr I might be wrong but I do think it s from the game Marathon. The blue blood and android model resemble assets from the game. Unsure tho. Maybe that could provide more inspiration. Good luck with it brother ,2034806629581935070,,HEALTHluvr,en,,0,0,0,https://x.com/undefined/status/2034806629581935070,891901233354731520,
2034806628659110156,Fri Mar 20 01:37:59 +0000 2026,0,101-80 First Round Win Michigan dominated the 2nd half Howard 46 points at the half First 15 minutes of the second half only gave up 19 points Coach May took Mara out and extended the defense for a few minutes and it changed the Pace That s one fellas GO BLUE https://t.co/0f3Rlm54tn,2034806628659110156,https://pbs.twimg.com/tweet_video_thumb/HD0V17EW0AA2K1H.jpg,,en,,0,0,0,https://x.com/undefined/status/2034806628659110156,1478750253142654980,
2034729939866435698,Fri Mar 20 01:37:59 +0000 2026,0,@kauai_renatus @PapiTrumpo I thought Hawaii is all blue. ,2034806627144982697,,kauai_renatus,en,,0,1,0,https://x.com/undefined/status/2034806627144982697,1638181867030556675,
2034806626029637641,Fri Mar 20 01:37:59 +0000 2026,1,Big Blue Report https://t.co/eSwgtKG6B8,2034806626029637641,,,en,,1,0,0,https://x.com/undefined/status/2034806626029637641,17287404,
2034806608367067588,Fri Mar 20 01:37:54 +0000 2026,27,- Laf two point night - Perreault point - ethical tank continues - Blue Jackets win screws over the Isles WHAT A NIGHT #NYR https://t.co/6vr7MLe5WF,2034806608367067588,https://pbs.twimg.com/amplify_video_thumb/2034806544282656773/img/6INnAx_i0ZicCYiy.jpg,,en,,0,4,3,https://x.com/undefined/status/2034806608367067588,1765941779126202368,
2034774340538147312,Fri Mar 20 01:37:54 +0000 2026,1,@jdooo_x3 i understand why they went back to blue but pinkish red + black has always been my favorite spider-man suit color combo,2034806607008473262,,jdooo_x3,en,,0,0,0,https://x.com/undefined/status/2034806607008473262,1336333360478650372,
2034806606010228863,Fri Mar 20 01:37:54 +0000 2026,4,Taylor and Blue are dancing at the gala. #911Nashville,2034806606010228863,,,en,,0,0,0,https://x.com/undefined/status/2034806606010228863,1057291589788135425,
2034806602130166173,Fri Mar 20 01:37:53 +0000 2026,0,Your phone is blocking melatonin production every night the master antioxidant your body needs to repair cellular damage. After 40 this becomes critical. I drink soursop leaf tea 1hr before bed. Blue light exposure is quietly sabotaging your healing cycle. https://t.co/v9dB4iAP07,2034806602130166173,https://pbs.twimg.com/amplify_video_thumb/2034805923726741504/img/vBOC9FgY-gstxo58.jpg,,en,,0,0,0,https://x.com/undefined/status/2034806602130166173,2030140031676076040,
2034656567048491486,Fri Mar 20 01:37:52 +0000 2026,0,@MrsWebfoot985 @GuntherEagleman Hmm maybe cause this administration LIES About EVERYTHING! Says the sky is blue one day and the next day the sky is pink ! Lies lies lies yeah they re gonna getcha! I mean you don t have to be a rocket scientist to figure this stuff out,2034806598934106148,,MrsWebfoot985,en,,0,0,0,https://x.com/undefined/status/2034806598934106148,1281612522,
2034806598355362015,Fri Mar 20 01:37:52 +0000 2026,1,Vitinho RB lança Bankok com MC Hariel e presença de Mano Brown e Ice Blue no clipe https://t.co/8KySScZ7f5 via @ZonaSuburbana https://t.co/NwoGI7PKUe,2034806598355362015,https://pbs.twimg.com/media/HD0V0VYXcAA4EOA.jpg,,pt,,0,0,1,https://x.com/undefined/status/2034806598355362015,369772182,
2034806593448002008,Fri Mar 20 01:37:51 +0000 2026,0,GO BLUE!!,2034806593448002008,,,en,,0,0,0,https://x.com/undefined/status/2034806593448002008,796163072134094849,
2034806570916168150,Fri Mar 20 01:37:46 +0000 2026,2,金髪碧眼の少女 A girl with blonde hair and blue eyes エラーでローカル生成できない間にGrokImagineにローカルのプロンプトを持ち込んだ、AIによる改善する実験していたが、それをローカル生成してみると明らかに改善が見えるのでプロンプト力（りき）の無さを再認識した(ﾟ∀ﾟ)ｱﾋｬ #AIart https://t.co/XhysHzaWtq,2034806570916168150,https://pbs.twimg.com/media/HD0VnJvWcAApEXg.jpg,,ja,,0,0,0,https://x.com/undefined/status/2034806570916168150,1840152798127644672,
2034806570907783206,Fri Mar 20 01:37:46 +0000 2026,14,SEVO SHOOTS SEVO SCORES! His third period goal means you can sign up for your free car wash and the chance to win free car washes for a year at https://t.co/dslQBeL1V5 CBJ x @moomoocarwash https://t.co/vLnrrPvWOZ,2034806570907783206,https://pbs.twimg.com/amplify_video_thumb/2034805977661505536/img/nbGLElPEpzz6f8-7.jpg,,en,,0,0,0,https://x.com/undefined/status/2034806570907783206,23783692,
2034806569951539201,Fri Mar 20 01:37:45 +0000 2026,3,Go Blue https://t.co/ncjTjm4JBV,2034806569951539201,https://pbs.twimg.com/media/HD0VyYDXAAEXWv3.jpg,,en,,0,1,0,https://x.com/undefined/status/2034806569951539201,772655305,
2034802610587177373,Fri Mar 20 01:37:43 +0000 2026,0,@stoolpresidente UNC s a former blue blood. This is the new normal.,2034806562272026661,,stoolpresidente,en,,0,0,0,https://x.com/undefined/status/2034806562272026661,1959727964595359744,
2034803128025886815,Fri Mar 20 01:37:43 +0000 2026,0,@enamian_ Ils ont les pokémons avec l'avantage sur nous oui et Blue en plus c'est un monstre dans le dernier combat,2034806561202110804,,enamian_,fr,,0,0,0,https://x.com/undefined/status/2034806561202110804,1994866469294018562,
2034806546790502431,Fri Mar 20 01:37:40 +0000 2026,0,Go Blue but I ll always root for HBCUs.,2034806546790502431,,,en,,0,0,0,https://x.com/undefined/status/2034806546790502431,296224268,
2034797075561693489,Fri Mar 20 01:37:39 +0000 2026,0,@official_artms since we're aiming for tt i think concept track anti-believe would be best with blue blood as a ruiner up ~ save it for us https://t.co/ItpZ9PNngy,2034806542625542573,https://pbs.twimg.com/tweet_video_thumb/HD0Vw7vXQAA6ilJ.jpg,official_artms,en,,0,0,0,https://x.com/undefined/status/2034806542625542573,1853655997912633344,
2034719561832931733,Fri Mar 20 01:37:36 +0000 2026,0,@nocontextmemes Yellow blue and brown. Cat talk is gonna be amazing,2034806531917517272,,nocontextmemes,en,,0,0,0,https://x.com/undefined/status/2034806531917517272,1105328550,
2034806523155636735,Fri Mar 20 01:37:34 +0000 2026,11,Brady Tkachuk you beautiful SOB! Sens score with 13 seconds left and down the Islanders in regulation. #CBJ https://t.co/SjLInuGgQz,2034806523155636735,https://pbs.twimg.com/tweet_video_thumb/HD0Vvv9boAE_OFO.jpg,,en,,0,0,0,https://x.com/undefined/status/2034806523155636735,1471201632,
2034806509104750862,Fri Mar 20 01:37:31 +0000 2026,0,Just a girl &amp; her blue dress https://t.co/PUDzOjyXvo,2034806509104750862,https://pbs.twimg.com/media/HD0VuVHboAAPIS3.jpg,,en,,0,0,0,https://x.com/undefined/status/2034806509104750862,146902414,
2034788506157932889,Fri Mar 20 01:37:30 +0000 2026,0,@wckdphilomel light blue red blue ,2034806505506316717,,wckdphilomel,en,,0,0,0,https://x.com/undefined/status/2034806505506316717,2020561845061656576,
2034806494567502129,Fri Mar 20 01:37:27 +0000 2026,0,[#ANBGOs BATCH 30 ] ⭐#DragRace #KhiannaWithAK ️ D&amp;G | Light Blue 100ml ₱1 299 US mall pullout &amp; demo testers! 𝗗𝗠 𝘂𝘀 𝘁𝗼 𝗼𝗿𝗱𝗲𝗿! DOO &amp; DOP: PAYO (Full / DP) ️ FAST ETA APRIL 2026 FULL PAYO / Layaway &amp; Installment (+10%) 𝗣𝗹𝗲𝗮𝘀𝗲 https://t.co/dXgnLhwGSV,2034806494567502129,https://pbs.twimg.com/media/HD0Vjaaa8AAhCRt.jpg,,en,,0,0,0,https://x.com/undefined/status/2034806494567502129,1407886759468310531,
2034797322966544778,Fri Mar 20 01:37:26 +0000 2026,0,@JayNCtoDC What a joke to be a coach of a blue blood,2034806488133202322,,JayNCtoDC,en,,0,0,0,https://x.com/undefined/status/2034806488133202322,1470112540445351939,
2034665388110159995,Fri Mar 20 01:37:20 +0000 2026,0,@MichaelJTesta @SarahHuckabee Why are the libs fleeing blue states/citys for red ones?,2034806465756803322,,MichaelJTesta,en,,0,0,0,https://x.com/undefined/status/2034806465756803322,1518821122514456576,
2034806463856783638,Fri Mar 20 01:37:20 +0000 2026,0,The celtics legit laid out the blue print on how to guard luka doncic and ever since Adam silver has made sure teams aren t allowed to guard that boy like that ever again,2034806463856783638,,,en,,0,0,0,https://x.com/undefined/status/2034806463856783638,1984842788962521088,
2034806463835603148,Fri Mar 20 01:37:20 +0000 2026,2,100 point dub to open March madness?! LFG BLUE!〽️〽️〽️ #JustWin #GoBlue #MarchMadness,2034806463835603148,,,en,,0,0,0,https://x.com/undefined/status/2034806463835603148,1422952249102413834,
2034806463798157404,Fri Mar 20 01:37:20 +0000 2026,0,Oh Blue you is so purty ️,2034806463798157404,,,en,,0,0,0,https://x.com/undefined/status/2034806463798157404,1535968760330391552,
2034793313971196140,Fri Mar 20 01:37:19 +0000 2026,1,@tolathebaddest I I need blue tick,2034806459330920894,,tolathebaddest,en,,0,0,0,https://x.com/undefined/status/2034806459330920894,1089389150221094912,
2034806434311901578,Fri Mar 20 01:37:13 +0000 2026,0,GO BLUE,2034806434311901578,,,en,,0,0,0,https://x.com/undefined/status/2034806434311901578,520745740,
2034685387374043156,Fri Mar 20 01:37:11 +0000 2026,0,@BraddrofliT Why can t the electoral votes be split by %? Here s an example from Illinois. In 2024 44% of the state voted red and 55% blue (1% other). They should ve had 8 red 11 blue electoral votes. But instead all 19 went blue. That negates 44% of the votes in that state.,2034806426577629630,,BraddrofliT,en,,0,0,0,https://x.com/undefined/status/2034806426577629630,383531255,
2034804647869759539,Fri Mar 20 01:37:11 +0000 2026,0,@ConorRyan_93 Ottawa and the Blue jackets are winning their games Detroit and Montreal are tied in their game that game cannot end with each team getting a point,2034806425516421501,,ConorRyan_93,en,,0,0,0,https://x.com/undefined/status/2034806425516421501,1920295542900543488,
2034719455779950687,Fri Mar 20 01:37:09 +0000 2026,0,@socmediaisdumb @PJHuster @burackbobby_ No he s on blue sky with the all the pedos and rapist,2034806416817455358,,socmediaisdumb,en,,0,0,0,https://x.com/undefined/status/2034806416817455358,1600888357294379011,
2034806402179354736,Fri Mar 20 01:37:05 +0000 2026,1,#صورة_جديدة_للملف_الشخصي افتار العيد كل عام وانتم بخير يارب https://t.co/KC9IMmNXdp,2034806402179354736,https://pbs.twimg.com/media/HD0VopQWUAA6fHW.jpg,,ar,,0,1,0,https://x.com/undefined/status/2034806402179354736,2025621140635324416,
2034806395418362165,Fri Mar 20 01:37:04 +0000 2026,0,Lisbon get set for EMEA #SplunkBOTS! The ultimate blue-team event lands on March 25th. Show off your skills compete for prizes and join the security elite. https://t.co/44GdRGbA2m https://t.co/LGb1Y9fjCn,2034806395418362165,https://pbs.twimg.com/media/HD0Voi1a0AA_yla.png,,en,,0,0,0,https://x.com/undefined/status/2034806395418362165,968385638499266561,
2034806391094092016,Fri Mar 20 01:37:03 +0000 2026,0,4/25発売 表紙：timelesz 寺西拓人 ザテレビジョンCOLORS Vol.60 LIGHT BLUE Amazon https://t.co/5IJPCoJtOX #寺西拓人 #timelesz #ad 03/20 10:37,2034806391094092016,,,ja,,0,0,0,https://x.com/undefined/status/2034806391094092016,1696126655398612992,
2034806387793154458,Fri Mar 20 01:37:02 +0000 2026,0,Rangers vs. Blue Jackets Blue Jackets win essentially priced in (~95%) $645.8K traded strong liquidity confirms consensus Final signal before settlement ⏰ #Polymarket #PredictionMarkets,2034806387793154458,,,en,,0,0,0,https://x.com/undefined/status/2034806387793154458,1798070537236959233,
2034804858792894933,Fri Mar 20 01:37:01 +0000 2026,0,@immapullup2 Blue eyes come from a single ancient mutation (in OCA2/HERC2 genes) ~6 500-10k years ago near the Black Sea/Europe all blue-eyed people share this ancestor. In Lebanese it's from low-level ancient admixture (Anatolian Greek Roman eras) not Crusaders (2019 study: their DNA,2034806383825080780,,immapullup2,en,,0,1,0,https://x.com/undefined/status/2034806383825080780,1720665183188922368,
2034791473669873874,Fri Mar 20 01:37:01 +0000 2026,0,@AlexGoldenNBA He is indeed. He d look really good in blue &amp; gold &amp; next year,2034806383254626678,,AlexGoldenNBA,en,,0,0,0,https://x.com/undefined/status/2034806383254626678,373670783,
2034781573036536094,Fri Mar 20 01:36:27 +0000 2026,1,@Gadget440 Thats because you don't need studies for basic observable facts for example do I need a study to prove to you that the sky is blue ? Do I need to be a mathmetician to tell you one plus one equals two ?? Exactly NOW if its a claim that isn't obvious then sure..,2034806243190100115,,Gadget440,en,,0,0,0,https://x.com/undefined/status/2034806243190100115,1962303455160131584,
2034719561832931733,Fri Mar 20 01:36:27 +0000 2026,0,@nocontextmemes Blue black brown easy,2034806243093586046,,nocontextmemes,en,,0,0,0,https://x.com/undefined/status/2034806243093586046,1351410834292027392,
2034678896793137330,Fri Mar 20 01:36:25 +0000 2026,0,@pinkychuwu @athenakamii The one with the blue shirt nothing,2034806233065034045,,pinkychuwu,en,,0,0,0,https://x.com/undefined/status/2034806233065034045,1683435093698674688,
2034806227231002658,Fri Mar 20 01:36:24 +0000 2026,0,FROM A DUKE BLUE DEVILS FAN IN FRESNO HERE THANK YOU THANK YOU VCU FOR KNOCKING OUT UNC COMING BACK FROM 19 POINTS AND UNC BLEW THAT BIG OF A LEAD HAHAHA YOU GOTTA LOVE IT #MarchMadness,2034806227231002658,,,en,,0,0,0,https://x.com/undefined/status/2034806227231002658,259816982,
2034633508715479501,Fri Mar 20 01:36:22 +0000 2026,0,@TrekMovie ANY scene where he was in his blue undies !,2034806221681590322,,TrekMovie,en,,0,0,0,https://x.com/undefined/status/2034806221681590322,1708965708321718272,
2034755297130975625,Fri Mar 20 01:36:17 +0000 2026,0,@moonbreonbaby What? Yall blue check marks are annoying af.,2034806201054114049,,moonbreonbaby,en,,0,0,0,https://x.com/undefined/status/2034806201054114049,925886126681763840,
2034806200391303571,Fri Mar 20 01:36:17 +0000 2026,3,NY strip poached eggs blue cheese kinda burned my caramelized onions but they were still good https://t.co/731R80Bi1K,2034806200391303571,https://pbs.twimg.com/media/HD0VcumXEAA9cjN.jpg,,en,,0,1,0,https://x.com/undefined/status/2034806200391303571,1711121423522234368,
2034806196884930703,Fri Mar 20 01:36:16 +0000 2026,2,Blue and Taylor dancing together #911Nashville,2034806196884930703,,,en,,0,0,0,https://x.com/undefined/status/2034806196884930703,1503795375311933446,
2034806194628370624,Fri Mar 20 01:36:16 +0000 2026,0,Islanders playing very good hockey if they miss it is because Blue Jackets are playing on a record pace that is actually historic for them. #isles,2034806194628370624,,,en,,0,0,0,https://x.com/undefined/status/2034806194628370624,1966172885480816640,
2034724809876070761,Fri Mar 20 01:36:14 +0000 2026,0,@Hunter_Eagleman Hochul's begging the rich to come back and bankroll her migrant hotels while they laugh all the way to Florida's zero state tax. Classic blue state math: tax 'em to death then cry when they bolt. Keep dreaming Kathy.,2034806187645092053,,Hunter_Eagleman,en,,0,0,0,https://x.com/undefined/status/2034806187645092053,1908924675566256128,
2034796344549023757,Fri Mar 20 01:36:14 +0000 2026,0,@gelabinss Siguro mga cvs lang yan hindi talaga sila fan lalo na sa blue app,2034806186495942799,,gelabinss,tl,,0,0,0,https://x.com/undefined/status/2034806186495942799,1944795228030042112,
2034805914704736510,Fri Mar 20 01:36:13 +0000 2026,0,https://t.co/mg9bgWLgVz,2034806181223415933,,SocraticScribe,zxx,,0,0,0,https://x.com/undefined/status/2034806181223415933,1724953564487860224,
2034735837783392497,Fri Mar 20 01:36:12 +0000 2026,0,@Old_Samster would be nice to have blue tickers,2034806177842827336,,Old_Samster,en,,0,0,0,https://x.com/undefined/status/2034806177842827336,1104001753798856704,
2034646297945252140,Fri Mar 20 01:36:09 +0000 2026,0,@d_moe13 @MarvelRivals First of all not true quick play and ranked is a completely different game esp high rank. But second even if that was true if he is banned in literally 100% of ranked games what difference does that make? Nerf him so I can actually play him once in a blue moon.,2034806166900134206,,d_moe13,en,,0,1,0,https://x.com/undefined/status/2034806166900134206,1693106219584798720,
2034799744782905426,Fri Mar 20 01:36:09 +0000 2026,0,@KyleSeraphin I m glad I m an average blue collar facility maintenance guy and not one of these Ivy League schmucks,2034806165838737880,,KyleSeraphin,en,,0,0,0,https://x.com/undefined/status/2034806165838737880,311857483,
2034484701478682815,Fri Mar 20 01:36:08 +0000 2026,0,@jedirich_ Dude is such a demoncrat. Gaslighting douche shows the one of life not the busiest long weekend of the year. It s like Newsome saying California has non problems because th grass is green and the sky is blue there.,2034806163293053008,,jedirich_,en,,0,0,0,https://x.com/undefined/status/2034806163293053008,463800460,
2034806158020759826,Fri Mar 20 01:36:07 +0000 2026,0,Blue barber chair. https://t.co/YL4kUuQUAY,2034806158020759826,https://pbs.twimg.com/amplify_video_thumb/2034806075913117698/img/UrFFkEl6kBviAmio.jpg,,en,,0,0,0,https://x.com/undefined/status/2034806158020759826,1811682712648052736,
2034784982888059061,Fri Mar 20 01:36:06 +0000 2026,0,@LordChrome375 how did the manga handle kefla s scaling when she got significantly weaker after fusion? the anime did a better job considering kale at her strongest was going against blue goku and caulifla at her strongest was fending off a ssj2 goku. potara multiplies power so it makes sense,2034806155344527379,,LordChrome375,en,,0,0,0,https://x.com/undefined/status/2034806155344527379,1827515436574900224,
2034806149954875427,Fri Mar 20 01:36:05 +0000 2026,6,Esto está sonando en #ListenUp Elvis Presley - Blue Suede Shoes (En vivo) https://t.co/ieT8ImC2O6 https://t.co/XWpdJLCSSd,2034806149954875427,https://pbs.twimg.com/media/HD0VCSPWUAAdncH.jpg,,es,,0,0,2,https://x.com/undefined/status/2034806149954875427,1564414166760316931,
2034806126982934623,Fri Mar 20 01:36:00 +0000 2026,0, POPULAR DEAL Zacurate 500BL Fingertip Pulse Oximeter Blood Oxygen Saturation Monitor with Batteries Included (Navy Blue) Regular: $19.99 Hot Deal: $9.99 Total Savings: $10.00 (50% OFF)! Everyone's buying this right now! Popular item trending on Amazon! Popular on https://t.co/frmxMj2xnu,2034806126982934623,https://pbs.twimg.com/media/HDz7lV9bkAAb-BD.jpg,,en,,0,0,0,https://x.com/undefined/status/2034806126982934623,1870262161949503492,
2034746350991036428,Fri Mar 20 01:35:57 +0000 2026,0,@MizDonna69 That should be enough to kill the blue slip.,2034806116341735753,,MizDonna69,en,,0,0,0,https://x.com/undefined/status/2034806116341735753,1826402289059278849,
2034473452481236998,Fri Mar 20 01:35:57 +0000 2026,0,@QXsToo @X Your first item is 5th or 6th on my priority list. #1 on mine is the posts of folks I follow in chronological order. #2 on my list is NOTHING BOOSTED BY X. #3 is nothing censored by X. I can block whomever I want. #4 is NOTHING by any random monetized blue check.,2034806115612127588,,QXsToo,en,,0,0,0,https://x.com/undefined/status/2034806115612127588,1678588189479428097,
2034806112952766487,Fri Mar 20 01:35:56 +0000 2026,2,Blue and Taylor dancing together #911Nashville,2034806112952766487,,,en,,0,0,0,https://x.com/undefined/status/2034806112952766487,1194731664,
2034782974840095195,Fri Mar 20 01:35:54 +0000 2026,2,@PikeOnAir @LHP64D You know I've shouted this for years: anything that shows off player personalities. There's no interest in Cool Guys Who Click Their Mouse Good (Red Version) vs Cool Guys Who Click Their Mouse Good (Blue Version). I know you are and have been working on it I believe in ya!,2034806102588891574,,PikeOnAir,en,,0,1,0,https://x.com/undefined/status/2034806102588891574,1012257055053238272,
2034578760477835637,Fri Mar 20 01:35:54 +0000 2026,1,@spiderlou2099 @Bckt106Art @DaveCromwell @JMuccia3 @MikeObs029 @IslandPuckLife @fredo1940 @JohnS952 @TLOMitch @PizzaSportsGuy @redleaf1221 @robdeleduardo @fallsfavorite @katrovert @DaveBismo @ruvalcaba_rub @dvmoretti That being said I d take Brady Tkachuk in blue and orange.,2034806102315946157,,spiderlou2099,en,,0,0,1,https://x.com/undefined/status/2034806102315946157,391020712,
2034806100097225114,Fri Mar 20 01:35:53 +0000 2026,0,anti-believe and blue blood are my top 2!,2034806100097225114,,,en,,0,1,0,https://x.com/undefined/status/2034806100097225114,1853655997912633344,
2034788457571049904,Fri Mar 20 01:35:53 +0000 2026,1,@Karen01065451 https://t.co/h5eOWZXCms,2034806099614851256,https://pbs.twimg.com/tweet_video_thumb/HD0VXPyWoAAUgAs.jpg,Karen01065451,qme,,0,0,0,https://x.com/undefined/status/2034806099614851256,2020807639156899840,
2034806083764572550,Fri Mar 20 01:35:49 +0000 2026,8,WHY DID NEW YORK HAVE TO DRAGGED MY SEXY MAN @deadskullxxx LIKE THAT LMAOO !!!! JUST OUT OF THE BLUE. #HouseOfVillains https://t.co/NBEtprz8RZ,2034806083764572550,https://pbs.twimg.com/amplify_video_thumb/2034805914323066880/img/-z0fsO8hoQIN0tV5.jpg,,en,,0,0,0,https://x.com/undefined/status/2034806083764572550,1729627858627149824,
2034806081835180087,Fri Mar 20 01:35:49 +0000 2026,0,We are in the thick of March Join @Stephen_D_Mason Corinne Muth and @HunleySawyer for episode 11 of Rock Solid Summit Blue! Streaming now on Spotify YouTube and Apple Podcasts! https://t.co/ywtVreYOv4,2034806081835180087,,,en,,0,0,1,https://x.com/undefined/status/2034806081835180087,81451879,
2034806081227039169,Fri Mar 20 01:35:49 +0000 2026,0,OKAY GANG im planning a SCHEDULED RELAPSE in a few weeks only cuz im going to vegas and need to dopaminemaxx. We will be obtaining adderall to relapse soon some of my gambling money i will be dispensing to blue archive,2034806081227039169,,,en,,0,0,0,https://x.com/undefined/status/2034806081227039169,2008739388709056512,
2034801956246487391,Fri Mar 20 01:35:45 +0000 2026,0,@MarchMadnessMBB UNC is literal garbage and is not a blue blood anymore,2034806065573847275,,MarchMadnessMBB,en,,0,0,0,https://x.com/undefined/status/2034806065573847275,1147647514650263553,
2034806054593192365,Fri Mar 20 01:35:42 +0000 2026,5,Blue and Taylor dancing at the gala #911Nashville,2034806054593192365,,,en,,0,0,2,https://x.com/undefined/status/2034806054593192365,1896693893225230337,
2034688495436931407,Fri Mar 20 01:35:40 +0000 2026,0,@Mickey_White205 @Sadie_NC blue states have lost the privilege to run their own elections. sorry.,2034806043893485972,,Mickey_White205,en,,0,0,0,https://x.com/undefined/status/2034806043893485972,73221833,
2034395874080788843,Fri Mar 20 01:35:37 +0000 2026,0,@blue988203 blueさんおやすみなさい〜！ メガネを飲んでいる ！！？？,2034806032057475262,,blue988203,ja,,0,0,0,https://x.com/undefined/status/2034806032057475262,1976330218353889280,
2034805588262006794,Fri Mar 20 01:35:30 +0000 2026,1,@KAYCEE_VVD Lmao so true sitting alone with blue balls after clavs took anyone he thought he had a chance with,2034806002139197882,,KAYCEE_VVD,en,,0,0,0,https://x.com/undefined/status/2034806002139197882,1883543699902156800,
2034805991158816990,Fri Mar 20 01:35:27 +0000 2026,0,Go Blue https://t.co/9tnwt3p4ai,2034805991158816990,https://pbs.twimg.com/tweet_video_thumb/HD0VQcEXsAAkMtP.jpg,,en,,0,0,0,https://x.com/undefined/status/2034805991158816990,1855390180443586560,
2034789533028331885,Fri Mar 20 01:35:27 +0000 2026,0,@GladYuengling Oh no that first one is a blue gill ,2034805990986535130,,GladYuengling,en,,0,0,0,https://x.com/undefined/status/2034805990986535130,806632949839986697,
2034761797551509928,Fri Mar 20 01:35:27 +0000 2026,0,@ESPNInsights @espn To clarify for all the DUKE haters : BLUE DEVILS= the ONLY 1-seed team in NCAA Tourney History to win by 6 or fewer pts vs 16th seed .. Playing without: 2 key starters injured 1 Transfer (Ced-Coward) Drafted #11 PK 8 Upper Classmen ️ NBA PRs. #RealityMatters https://t.co/4TU5uk9ktL,2034805988650283089,https://pbs.twimg.com/media/HD0VQW7bEAAoc32.jpg,ESPNInsights,en,,0,0,0,https://x.com/undefined/status/2034805988650283089,1224905892530925569,
2034802911037829229,Fri Mar 20 01:35:26 +0000 2026,0,@UNC_Basketball @WellsFargo Blue-blood more like brown sheets. https://t.co/gWXwAdlzyu,2034805987077419073,https://pbs.twimg.com/media/HD0VQreWsAAuDvS.jpg,UNC_Basketball,en,,0,0,0,https://x.com/undefined/status/2034805987077419073,1395938461362757633,
2034805986406363273,Fri Mar 20 01:35:26 +0000 2026,3,Unfucking believable. #isles get physically fucking dog-walked by the Sens can t get their heads out of their asses and with 11 seconds left absolutely collapse. Couldn t even take it to OT. And blue jackets are winning. Start packing. Playoffs becoming non existent ,2034805986406363273,,,en,,0,1,0,https://x.com/undefined/status/2034805986406363273,3324193131,
2034724010861236693,Fri Mar 20 01:35:26 +0000 2026,2,@_chase_____ For anyone who wants a name and as much as I don t like either of them- Blue Cross/Shield and Cigna are some of the safer options. Still do your own research first. But it s at least names to look up. I ve personally never seen BC not accepted,2034805985836245366,,_chase_____,en,,0,0,0,https://x.com/undefined/status/2034805985836245366,1102330058436419587,
2034805985018057102,Fri Mar 20 01:35:26 +0000 2026,4,PLSPLSPLSPSLS ASK ME AS MANY AS YOU WANT Blue Lock Black Clover MHA JJBA JJK TDLOSK Nana RGU DBZ Naruto HxH https://t.co/ImWwImQ1vm,2034805985018057102,https://pbs.twimg.com/media/HD0VQeWWwAA-iZc.jpg,,ht,,0,7,0,https://x.com/undefined/status/2034805985018057102,1432411306053840901,
2034714880750604550,Fri Mar 20 01:35:26 +0000 2026,1,@StockWorthyApp I d pick Portfolio A solid core growth blue-chip stability,2034805984586068199,,StockWorthyApp,en,,0,0,0,https://x.com/undefined/status/2034805984586068199,578296513,
2034805973404016848,Fri Mar 20 01:35:23 +0000 2026,0,Absolutely beautiful livery the light blue is crazy,2034805973404016848,,,en,,0,0,0,https://x.com/undefined/status/2034805973404016848,407141910,
2034805968748343366,Fri Mar 20 01:35:22 +0000 2026,0,If I ever become a published author I will never go for the twitter blue checkmark or promote my book with AI generated slop. That s right. You re getting my ugly drawings and rough sketches with the tag PLEASEREADMEBOOK somewhere on the page.,2034805968748343366,,,en,,0,0,0,https://x.com/undefined/status/2034805968748343366,1464292890767769602,
2034805963807416537,Fri Mar 20 01:35:21 +0000 2026,1,As a bruins fan you've got 2B excited about minten if you're a Maple leafs fan you are seriously ready2 drink blue toilet water&amp; the bruins are going to have the leafs pick I hope it's pick #6 so it hurts really bad if I'm theB'S I trade that pic&amp;make the team better immediately,2034805963807416537,,,en,,0,0,0,https://x.com/undefined/status/2034805963807416537,3041872329,
2034805961811005625,Fri Mar 20 01:35:20 +0000 2026,0,It was always absurd to hand over a blue chip program to a guy with zero head coaching experience. He had one good tournament run largely carried by his players and even then failed as a coach by letting a large lead slip away. It s time to move on from Hubert Davis.,2034805961811005625,,,en,,0,0,0,https://x.com/undefined/status/2034805961811005625,1590155973884317702,
2034796972423749960,Fri Mar 20 01:35:20 +0000 2026,0,@tatefrazier @UNC_Humor Sadly unless UNC opens up their wallets like other blue bloods we will have to be excited about reaching the Sweet 16 which is sad as a Heels fan!,2034805958480724196,,tatefrazier,en,,0,0,0,https://x.com/undefined/status/2034805958480724196,3534920237,
2034805044650844355,Fri Mar 20 01:35:19 +0000 2026,0,@SportsCenter 19 POINTS?! VCU just pulled off the comeback of a lifetime. To roar back against a blue blood like UNC is exactly why we love March. Terrence Hill Jr. with 34 points is legendary! #MarchMadness #VCU #Upset #VVHDaily,2034805955100041595,,SportsCenter,en,,0,0,0,https://x.com/undefined/status/2034805955100041595,1878271139731886080,
2034805951220654201,Fri Mar 20 01:35:18 +0000 2026,1,actually i will also say that hyper crush would get more love if the demo sounded closer to what a finished artms version would sound like (unlike blue blood which is 90% of the way there) which is one of the limits of the gravity format as oomf says,2034805951220654201,,,en,,0,1,0,https://x.com/undefined/status/2034805951220654201,727578233684824064,
2034805947755790353,Fri Mar 20 01:35:17 +0000 2026,0,#nowplaying Deep Blue Instrumental by BujuBeatz via @audiomack https://t.co/oIzWzzf7Sj,2034805947755790353,,,en,,0,0,0,https://x.com/undefined/status/2034805947755790353,529091223,
2034751067636855017,Fri Mar 20 01:35:16 +0000 2026,1,@Gabi_Bayo @Marcocacete uma das irmas blue morreu na epoca do covid,2034805943783886974,,Gabi_Bayo,pt,,0,1,0,https://x.com/undefined/status/2034805943783886974,1827954666220486656,
2034525800863522961,Fri Mar 20 01:35:16 +0000 2026,0,@DreamLeaf5 Fuck marrying a girl with no body count like at least 2 others. They would be with you for 20 year and then start to fuck around because they never did when they were young and free. Its not slutty to have had a few other partners it doesnt make them Bonnie blue,2034805941930168795,,DreamLeaf5,en,,0,0,0,https://x.com/undefined/status/2034805941930168795,1168582593329037312,
2034805940671672336,Fri Mar 20 01:35:15 +0000 2026,7,7️⃣strikeouts in 7️⃣ innings Dawson Montesa was dealing Thursday #WVU #HailWV https://t.co/LUe42k1wNN,2034805940671672336,https://pbs.twimg.com/ext_tw_video_thumb/2034805878587600896/pu/img/5J7gbMd3RTyCxLS9.jpg,,en,,0,0,0,https://x.com/undefined/status/2034805940671672336,23167656,
2034805940642345328,Fri Mar 20 01:35:15 +0000 2026,2,This tells me one thing...maybe PS owners just AREN'T fans of the influencers of the blue brand in this dead bird app. Just a hunch.,2034805940642345328,,,en,,0,0,0,https://x.com/undefined/status/2034805940642345328,29926451,
2034799657369358511,Fri Mar 20 01:35:15 +0000 2026,0,@SweetPea1636 Blue plate ,2034805939891495353,,SweetPea1636,en,,0,0,0,https://x.com/undefined/status/2034805939891495353,2252767604,
2034763475717939471,Fri Mar 20 01:35:14 +0000 2026,0,@hanaamurakami Blue pill. Race is a social construct made to keep us divided as humans,2034805936628670486,,hanaamurakami,en,,0,0,0,https://x.com/undefined/status/2034805936628670486,1505291781730045952,
2034749909547557254,Fri Mar 20 01:35:10 +0000 2026,2,@scsimodem The blue screen crash and video input failure were perfection.,2034805918651539474,,scsimodem,en,,0,1,0,https://x.com/undefined/status/2034805918651539474,1526191748485156868,
2034805912733446604,Fri Mar 20 01:35:09 +0000 2026,0,Rob zombie isn't 0Mama Blue 6y 5=14 Rob zombie 1965 Because Nicki m McGregor are against Mama Blue lobbying for President Trump https://t.co/UhkRuy0Ubv,2034805912733446604,https://pbs.twimg.com/media/HD0VJdHWMAAlOlt.jpg,,en,,0,0,0,https://x.com/undefined/status/2034805912733446604,1423102296125284360,
2034373315247362207,Fri Mar 20 01:35:08 +0000 2026,0,@Ghoulbutter_ @YeenLewds I hekkin love Blue,2034805910326190216,,Ghoulbutter_,en,,0,0,0,https://x.com/undefined/status/2034805910326190216,1201336955469991936,
2034805908388421743,Fri Mar 20 01:35:08 +0000 2026,58,260319 #JIWOO #지우 #Hearts2Hearts #하츠투하츠 #H2H https://t.co/bVE6MZcTVV,2034805908388421743,https://pbs.twimg.com/media/HD0VL8ibQAA1was.jpg,,und,,0,0,20,https://x.com/undefined/status/2034805908388421743,1864928431181565952,
2034719561832931733,Fri Mar 20 01:35:07 +0000 2026,0,@nocontextmemes Red Blue and estrogen. Time to Saiyan/Monkey Girl,2034805905502454133,,nocontextmemes,en,,0,0,0,https://x.com/undefined/status/2034805905502454133,2022360238154768384,
2034803667564384389,Fri Mar 20 01:35:06 +0000 2026,1,@Sean_McDowell They were black high tops that had red and blue laces. I tried looking for them online . I wore a few different pairs of j s that weekend as well ,2034805902352551966,,Sean_McDowell,en,,0,1,0,https://x.com/undefined/status/2034805902352551966,871744833357885440,
2034722488085835881,Fri Mar 20 01:35:05 +0000 2026,0,@mcafeenew BUT SHE TAKES ELONS LIKING LUSTING OF HER LIKE A BONNIE BLUE CHAMPION @elonmusk,2034805896098836666,,mcafeenew,en,,0,0,0,https://x.com/undefined/status/2034805896098836666,1854681559154270208,
2034805893653553408,Fri Mar 20 01:35:04 +0000 2026,27,Jen Psaki: The Department of Defense is asking for $2 billion in order to fight this war. Jon Ossoff: I suspect that a request for an open ended blank check for indefinite combat operations with no strings attached will fail even to attract Republican support in the United https://t.co/Hcb7NeDdS7,2034805893653553408,https://pbs.twimg.com/ext_tw_video_thumb/2034805869364314112/pu/img/h6NGNdux75aCZCP9.jpg,,en,,0,0,5,https://x.com/undefined/status/2034805893653553408,120132202,
2034698151572160633,Fri Mar 20 01:35:03 +0000 2026,0,@Tomehrih @bassnectar He s not a pedo you blue hair puss,2034805887265632538,,Tomehrih,en,,0,0,0,https://x.com/undefined/status/2034805887265632538,1417626661672075269,
2034805887202701801,Fri Mar 20 01:35:03 +0000 2026,0,holy smoke dixie and blue look so hot.. https://t.co/S8KXZFYKyI,2034805887202701801,https://pbs.twimg.com/tweet_video_thumb/HD0VKsdXkAAkxtc.jpg,,en,,0,0,0,https://x.com/undefined/status/2034805887202701801,1479201177401270274,
2034805885277450747,Fri Mar 20 01:35:02 +0000 2026,0,thank you to Blue Archive for reminding me that this heart can still feel and it hasn't gone completely numb,2034805885277450747,,,en,,0,0,0,https://x.com/undefined/status/2034805885277450747,1136803981043408896,
2034710691433926956,Fri Mar 20 01:35:02 +0000 2026,0,@DecodingFoxNews You think a member of Congress doesn t have proper ID?‍️ Millions of women have already done it..YEARS ago! Every state (finally blue states) got compliant with real ID s. Law Started about 2005! Other documents are acceptable also. If you re ever voted this is simple‍️,2034805884371841255,,DecodingFoxNews,en,,0,0,0,https://x.com/undefined/status/2034805884371841255,1250942965654183939,
2034805881867493830,Fri Mar 20 01:35:01 +0000 2026,0,Need friends who will rail Adderall off the Blue Room Dj booth in my life ASAP. #ferd #gata #dingusmageesbouncerslovestimulants #bohdoestoo,2034805881867493830,,,en,,0,0,0,https://x.com/undefined/status/2034805881867493830,2032564677444558849,
2034805881057968371,Fri Mar 20 01:35:01 +0000 2026,0,Wrap your newborn in warmth! This Blue Baby Hat (0-3 months) is skillfully hand-knitted for those chilly winter months. https://t.co/QgeC5FCczm #etsy #handmade #UKHashtags #WomenInBiz #craftbizparty #MHHSBD #babygifts https://t.co/kpOPkmlqnb,2034805881057968371,https://pbs.twimg.com/media/HD0VKmhXoAEtRG5.jpg,,en,,0,0,0,https://x.com/undefined/status/2034805881057968371,103660597,
2034665654444318879,Fri Mar 20 01:34:58 +0000 2026,0,@JessicaLBurbank As someone who normally backs the blue I m happy for the outcome.,2034805867468517554,,JessicaLBurbank,en,,0,0,0,https://x.com/undefined/status/2034805867468517554,3288186551,
2034805866902204874,Fri Mar 20 01:34:58 +0000 2026,0,[Woah. Blue now.] Huh. Seems like they don't care about who the Arceus is.. Just.. If it is one. Interesting.,2034805866902204874,,,en,,1,0,0,https://x.com/undefined/status/2034805866902204874,2031696771253153792,
2034805863752339488,Fri Mar 20 01:34:57 +0000 2026,0,UNC is no longer a blue blood.,2034805863752339488,,,en,,0,0,0,https://x.com/undefined/status/2034805863752339488,1980076564449464320,
2034805044650844355,Fri Mar 20 01:34:54 +0000 2026,1,@SportsCenter As a UNC fan this is embarrassing. Not to take anything away from VCU. We are one of the storied blue bloods in college basketball and we lose in round 1. We need a total restructuring. Hubert has to be fired. We need a top level coach here who recruits 5 star players. Bad day,2034805850729074890,,SportsCenter,en,,0,0,0,https://x.com/undefined/status/2034805850729074890,1993877068652924929,
2034805844986957905,Fri Mar 20 01:34:52 +0000 2026,5,$3.99 prizm pack from target car rips never fail can t find a kittle blue checkerboard for 2025 prizm on eBay but I bet it s worth a couple bucks! @CardPurchaser @gkittle46 https://t.co/RpjUilXuzy,2034805844986957905,https://pbs.twimg.com/media/HD0UyQ8XwAA4-Di.jpg,,en,,0,0,1,https://x.com/undefined/status/2034805844986957905,1829015963859136512,
2034793338445111472,Fri Mar 20 01:34:49 +0000 2026,0,@conor64 Someone lives in a blue state!,2034805830651191471,,conor64,en,,0,0,0,https://x.com/undefined/status/2034805830651191471,305078555,
2034805824644927737,Fri Mar 20 01:34:48 +0000 2026,0,red blue and black cause having a tail is basically having a 4th leg or a 3rd arm,2034805824644927737,,,en,,0,0,0,https://x.com/undefined/status/2034805824644927737,1789671752336908289,
2034780136579506472,Fri Mar 20 01:34:46 +0000 2026,0,@champayatollah @Eric_Erins Try this tribute to Don Quixote in Granada - yea I ve spent time there. No idea why you worship this thing but enjoy it on the lakefront. Returning that lame blue windmill (commission by a developer heir) with absolutely nothing to Lincoln Park is stupid. Period. https://t.co/Ci0PWkGm3y,2034805818210631709,https://pbs.twimg.com/media/HD0VG02XAAEf3Vo.jpg,champayatollah,en,,0,1,0,https://x.com/undefined/status/2034805818210631709,2336030779,
2034805809826222131,Fri Mar 20 01:34:44 +0000 2026,2,March 19 1998 - The results were like I haven't been away. - Dave Stieb is making national news with his comeback at age 40 after being away from MLB for 5 years. A day after Stieb threw 3 no-hit innings in a Blue Jays simulated game people are starting to believe. https://t.co/WfSCp1opYV,2034805809826222131,https://pbs.twimg.com/media/HD0VGcTX0AAvSH2.jpg,,en,,0,0,1,https://x.com/undefined/status/2034805809826222131,1503942560775118849,
2034364407350726856,Fri Mar 20 01:34:44 +0000 2026,0,@Beardvet This is in every state regardless if it s red or blue. We need to reset completely. So if you run from a blue state to a red one you re still going to have issues.,2034805808471712157,,Beardvet,en,,0,0,0,https://x.com/undefined/status/2034805808471712157,1905298981347061761,
2034804680576946631,Fri Mar 20 01:34:43 +0000 2026,0,@GrahamCoffeyDC They need at least one of their shooters to hit tonight. Kanon Blue Wilkinson Smurf...someone needs to hit some 3's.,2034805807309889646,,GrahamCoffeyDC,en,,0,0,0,https://x.com/undefined/status/2034805807309889646,1446548509990268934,
2034699903708876884,Fri Mar 20 01:34:43 +0000 2026,0,@shaboozeylover Elite pull I d recommend a blue pow with ice in the Gus cup,2034805806726611331,,shaboozeylover,en,,0,0,0,https://x.com/undefined/status/2034805806726611331,1844749975583920143,
2034748631186592051,Fri Mar 20 01:34:42 +0000 2026,0,@ultr4whore You play with those colors while ill play with the blue one.,2034805801777602864,,ultr4whore,en,,0,0,0,https://x.com/undefined/status/2034805801777602864,22214271,
2034805794714095810,Fri Mar 20 01:34:40 +0000 2026,2,The Islanders are going to lose 3-2 over the Senators If Blue Jackets can hold on and win; they will be in 3rd place in the Metro #CBJ,2034805794714095810,,,en,,0,1,0,https://x.com/undefined/status/2034805794714095810,1230341247904239616,
2034805781913080192,Fri Mar 20 01:34:37 +0000 2026,0,Them UNC fans was talking crazy earlier when my Blue Devils was under pressure. Talk that shit now ,2034805781913080192,,,en,,0,0,0,https://x.com/undefined/status/2034805781913080192,129661763,
2034805778490458245,Fri Mar 20 01:34:37 +0000 2026,40,Thick in all the right places ‍ https://t.co/liAUZOMGTp,2034805778490458245,https://pbs.twimg.com/media/HD0VEZkXIAAzJvR.jpg,,en,,0,4,6,https://x.com/undefined/status/2034805778490458245,502301296,
2034805440123408587,Fri Mar 20 01:34:36 +0000 2026,1,@valtryeks Blue Jays admin is really embarassing sometimes idk,2034805777492271528,,valtryeks,en,,0,1,0,https://x.com/undefined/status/2034805777492271528,1371958666170138627,
2034793183129772292,Fri Mar 20 01:34:35 +0000 2026,0,@SallyMayweather i have to cross two lakes to travel the blue so .,2034805773448995077,,SallyMayweather,en,,0,0,0,https://x.com/undefined/status/2034805773448995077,19411610,
2034805772773654679,Fri Mar 20 01:34:35 +0000 2026,8,he couldn t have just gotten electrocuted or something god damn,2034805772773654679,,,en,,0,0,1,https://x.com/undefined/status/2034805772773654679,751551908670676992,
2034805769200078968,Fri Mar 20 01:34:34 +0000 2026,0,blue collar,2034805769200078968,,,en,,0,0,0,https://x.com/undefined/status/2034805769200078968,1927942756028022785,
2034787440976962013,Fri Mar 20 01:34:34 +0000 2026,0,@BrianAtlas Most of this would go away with being social and making friends which is much harder to do today especially in blue cities and states where you re either in the cult or not.,2034805767317201046,,BrianAtlas,en,,0,0,0,https://x.com/undefined/status/2034805767317201046,1594359894156922880,
2034805754147025069,Fri Mar 20 01:34:31 +0000 2026,1,If u see this do it (or not) name : liz ! prns : she/her height : 5'5 sexuality: bi smokes : no piercings : none tattoos : none (i wish) fav color : black / blue fav drink : iced coffee fav food : mexican &lt;33 fav animal : cats ,2034805754147025069,,,en,,0,0,0,https://x.com/undefined/status/2034805754147025069,1156367201462415361,
2034805742725996984,Fri Mar 20 01:34:28 +0000 2026,0,They Take 38% Red vs Blue Difference https://t.co/hcfJjIXVBz via @YouTube,2034805742725996984,,,en,,0,0,0,https://x.com/undefined/status/2034805742725996984,1469411339110010881,
2034805731484954931,Fri Mar 20 01:34:25 +0000 2026,3,Grok Imagine prompt: Voice over who needs the red pill or the blue pill when there s the Musk Galaxy Everything pil it wll change the world in Elon musk voice https://t.co/dZY1NoIjE4,2034805731484954931,https://pbs.twimg.com/amplify_video_thumb/2034805680461217792/img/bT_iGdWtZA7jbaUD.jpg,,en,,0,1,2,https://x.com/undefined/status/2034805731484954931,1877590403811024896,
2034805730650595400,Fri Mar 20 01:34:25 +0000 2026,0,ゲーム33位 人気度ランキング 8Bitdo Micro BluetoothゲームパッドポケットサイズミニコントローラSwitch//Switch 2、Android、Raspberry Pi用、キーボードモード対応(Blue) 重量248グラムと16のボタン。超ポータブルで汎用性 3 690円（10:34日本標準時点）https://t.co/y7vBpX2IoL,2034805730650595400,,,ja,,0,0,0,https://x.com/undefined/status/2034805730650595400,1799051717725900800,
2034805726049443973,Fri Mar 20 01:34:24 +0000 2026,3,Blue Bloodに投票完了️️ https://t.co/qXNE8zL1XJ,2034805726049443973,https://pbs.twimg.com/media/HD0VBiYbgAA9CFl.jpg,,ja,,0,0,0,https://x.com/undefined/status/2034805726049443973,1817651174012829696,
2034805723989725456,Fri Mar 20 01:34:24 +0000 2026,0,وصول هذه الحثالة الى السلطة، يشير الى إشكالية كبيرة لدى المعارضات والمجتمعات، دفعت بعض الناس لإختيار هذه الحثالة. هذه مسؤولية الجميع، ومطلوب مراجعة شاملة وجذرية وعميقة من المعارضات والمجتمعات لتفادي تكرار وصول هذه الحثالة للسلطة https://t.co/qSSJ05vp0s,2034805723989725456,https://pbs.twimg.com/media/HD0UlZrboAAMLtp.jpg,,ar,,0,0,0,https://x.com/undefined/status/2034805723989725456,1631418701193805827,
2032324408099119487,Fri Mar 20 01:34:22 +0000 2026,0,@shiori_iwanami That's all the us military is is 1. White terror 2. Blue terror for Muslims 3. Black crime... and you won't give up... they won't fucking give up.,2034805718323204276,,Lucasharey,en,,0,0,0,https://x.com/undefined/status/2034805718323204276,1610996090966351874,
2034795576504852785,Fri Mar 20 01:34:22 +0000 2026,0,@DodgerFoodie @DaraZaneEvans Gotta see the new rings I wanna see the Boys in Blue Iced Out!!!,2034805715219751305,,DodgerFoodie,en,,0,0,0,https://x.com/undefined/status/2034805715219751305,318203929,
2034805715022324041,Fri Mar 20 01:34:21 +0000 2026,0,$SPY Daily - We have fallen 5.81% from the top. 650 seems like a strong support with various points hitting it in the past two years. Chances are we could see a bounce up from here maybe even back to at least 672 (see dotted blue channel) but weekly MACD is still diving down https://t.co/2UvijkE2eF,2034805715022324041,https://pbs.twimg.com/media/HD0U8I_XEAAEcOK.jpg,,en,,0,0,0,https://x.com/undefined/status/2034805715022324041,1414264870959255559,
2034756542671606242,Fri Mar 20 01:34:21 +0000 2026,0,@BestinDogs Blue ,2034805714988736571,,BestinDogs,en,,0,0,0,https://x.com/undefined/status/2034805714988736571,1997104639351967745,
2034805708856631771,Fri Mar 20 01:34:20 +0000 2026,0,All this talk about Hubert Davis I m just disappointed for Seth Trimble going out like that his finale game in blue!,2034805708856631771,,,en,,0,0,0,https://x.com/undefined/status/2034805708856631771,730903919656894465,
2034805705065082892,Fri Mar 20 01:34:19 +0000 2026,1,WATCH: @DukeWBB sophomore Toby Fournier says the Blue Devils will use their experience with early season adversity to overcome the ups and downs of the NCAA Tournament. This group started the year with a 3-6 record before becoming ACC champs. @Sports_Night | @SpecNews1RDU https://t.co/buu49n5vrr,2034805705065082892,https://pbs.twimg.com/amplify_video_thumb/2034805379851317248/img/lkHbEzJYbFQU08eJ.jpg,,en,,0,0,0,https://x.com/undefined/status/2034805705065082892,1035376025776136192,
2034650969712328904,Fri Mar 20 01:34:16 +0000 2026,0,@viviaced -? EVEN ? GANG ICARUS ENDS BLUE CHOP AND THATS THE TEA YALL JS DONT WANT ARTMS TO SERVE CUNT,2034805691425108320,,viviaced,en,,0,0,0,https://x.com/undefined/status/2034805691425108320,1982986075074437120,
2034719561832931733,Fri Mar 20 01:34:15 +0000 2026,0,@nocontextmemes YELLLOWWWW AAANDDD uhh im between blue and 20 bucks fr kidding BLUE AND YELLOWWWW,2034805689923563754,,nocontextmemes,en,,0,0,0,https://x.com/undefined/status/2034805689923563754,2002545641034248192,
2034802614429208877,Fri Mar 20 01:34:13 +0000 2026,1,@GuntherEagleman Because on blue states they give photo ids to illegal and legal migrants - that's why they vote for just the photo ids We need to ensure the proof of citizenship when registering and voting with proper id for US citizens only! That is not a drivers license! ( for blue states),2034805681203609798,,GuntherEagleman,en,,0,0,0,https://x.com/undefined/status/2034805681203609798,1812315812398518273,
2034714102203834399,Fri Mar 20 01:34:12 +0000 2026,1,@RepNancyMace Election Fraud! Where is all this evidence at ive searched 2 000 files and all ive seen is Covid was planned &amp; released Bill Gates was in on it and Bill Clinton in a blue dress &amp; red heels pointing. The Trump allegation from 2025 is BS considering Epstein files recovered in 19,2034805674991866322,,RepNancyMace,en,,0,0,0,https://x.com/undefined/status/2034805674991866322,1700201797623656448,
2034805672953749589,Fri Mar 20 01:34:11 +0000 2026,1,From: Blue anxiety To: The one memer that confessed which is now bringing conflict within the community (the end is for the mods of the account) https://t.co/PoVZfbGMWJ,2034805672953749589,https://pbs.twimg.com/media/HD0U4n4bsAEghJY.png,,en,,0,1,0,https://x.com/undefined/status/2034805672953749589,1865323023538200578,
2034805671758340475,Fri Mar 20 01:34:11 +0000 2026,4,thinking ab dickinson pohlkamp and cagnoni in blue line in our immediate future . hope in my heart .,2034805671758340475,,,en,,0,0,0,https://x.com/undefined/status/2034805671758340475,1675513275185008640,
2034802825163583724,Fri Mar 20 01:34:08 +0000 2026,0,@UNC_TarHeelFan Sadly unless UNC opens up their wallets like other blue bloods we will have to be excited about reaching the Sweet 16 which is sad as a Heels fan!,2034805656713118180,,UNC_TarHeelFan,en,,0,0,0,https://x.com/undefined/status/2034805656713118180,3534920237,
2034805645887652267,Fri Mar 20 01:34:05 +0000 2026,1,red (only if they re cat. if not then replace with blue) black brown,2034805645887652267,,,en,,0,0,0,https://x.com/undefined/status/2034805645887652267,1497982733330653192,
2033699739007635574,Fri Mar 20 01:34:05 +0000 2026,0,@Saskfan13 @bill_c10 @0dayexploit13 @grok Should I vote in the Blue coat pedophile? Or the Red coat Pedophile? Maybe ill switch it up and vote for the Orange coat pedophiles! What good is voting when shits rigged? Carney wasnt an MP. He cant be PM. He's bleeding us dry and retards like you voted for him.,2034805643937526064,,Saskfan13,en,,0,1,0,https://x.com/undefined/status/2034805643937526064,2023487027686305792,
2034805637708702119,Fri Mar 20 01:34:03 +0000 2026,3,金髪碧眼の少女 A girl with blonde hair and blue eyes 古いモデルだけど、この画像の雰囲気を新しいAIで再現するプロンプト力（りき）が無いので、新しいAIに移行するのは難しい。 もしくは、新しいAIに移行しないので、プロンプト力が伸びないのかも 鶏が先か、卵が先か #AIart https://t.co/dywIMmjLfV,2034805637708702119,https://pbs.twimg.com/media/HD0UQb-XgAAcegk.jpg,,ja,,0,0,0,https://x.com/undefined/status/2034805637708702119,1840152798127644672,
2034805637310238849,Fri Mar 20 01:34:03 +0000 2026,1,RECAP: The Wolf Pack women's tennis team opened the SSAC Roundup with a sweep of Blue Mountain Christian on Thursday. : https://t.co/UWKm9GLz1q #GeauxPack,2034805637310238849,,,en,,0,0,2,https://x.com/undefined/status/2034805637310238849,40260566,
2034805635301486608,Fri Mar 20 01:34:02 +0000 2026,0,all i want for christmas is a chipotle chicken quesadilla code ANNABEL10 to save and directly support &lt;3 sour blue ras https://t.co/UJNHnnfHRU,2034805635301486608,https://pbs.twimg.com/media/HD0U5pXboAUVe2o.jpg,,en,,0,0,0,https://x.com/undefined/status/2034805635301486608,2015108581172154368,
2034444690519359706,Fri Mar 20 01:34:02 +0000 2026,0,@POTUSupporters Yes the first thing to do is replace the liberal parlimentary next get rid of the filibuster and the blue slips. Pass the Save America Act and codify Trump EO's.,2034805633304994038,,POTUSupporters,en,,0,0,0,https://x.com/undefined/status/2034805633304994038,1387209217728294920,
2034805618825974010,Fri Mar 20 01:33:59 +0000 2026,0,Ive always thought that in every game the Blue is for magic/skill related Green is stamina/action and of course Red is health. But #crimsondesert changed that view decent game so far tho #ps5pro https://t.co/CGBTood0o9,2034805618825974010,https://pbs.twimg.com/media/HD0U6-IaAAAZzwc.jpg,,en,,0,0,0,https://x.com/undefined/status/2034805618825974010,1727799774458314752,
2034473520978129011,Fri Mar 20 01:33:58 +0000 2026,0,@TMT_arabic Add blue eyes and he d be the perfect Persian,2034805616905208301,,TMT_arabic,en,,0,1,0,https://x.com/undefined/status/2034805616905208301,1934068307642208256,
2034623238119227659,Fri Mar 20 01:33:58 +0000 2026,0,@ImRossyRibon If I take Time travel can I go back to my 12 year old self and keep my memories? If not just give me Red or Blue.,2034805616804258032,,ImRossyRibon,en,,0,0,0,https://x.com/undefined/status/2034805616804258032,1420578505549623304,
2034805615739248746,Fri Mar 20 01:33:58 +0000 2026,0,Looking for a Blue Meryl Cardigan Welsh Corgi puppy anyone?,2034805615739248746,,,en,,0,0,0,https://x.com/undefined/status/2034805615739248746,3836572394,
2034676784869122205,Fri Mar 20 01:33:56 +0000 2026,0,@NIOSanFrancisco I thought i was the only one. Blue skies ahead.,2034805606255644674,,NIOSanFrancisco,en,,0,0,0,https://x.com/undefined/status/2034805606255644674,1998548808834461696,
2034784090239516795,Fri Mar 20 01:33:53 +0000 2026,0,@Bears_Luchador Even if it s not a blue chip someone who can rotate in. I want 7 monsters on the D-line,2034805595283628309,,Bears_Luchador,en,,0,0,0,https://x.com/undefined/status/2034805595283628309,1972803115129974784,
2034745030405922926,Fri Mar 20 01:33:52 +0000 2026,0,@Awesome_culate @_6signxxx The group photo shows three friends in matching Doechii 2025 Tour hoodies smiling and posing casually in Uggs. The standout mismatch is one wearing bright blue pants while the others have grey could be why some call the look uncoordinated. Pure style take nothing else.,2034805591432917150,,Awesome_culate,en,,0,0,0,https://x.com/undefined/status/2034805591432917150,1720665183188922368,
2034805590505955694,Fri Mar 20 01:33:52 +0000 2026,13,Absolutely brutal for my UNC brothers. But again indication of how we're built different here some texts from my Carolina pals in last 20 minutes: We're all Duke now Bring it home for Tobacco Road Keep it rolling for the Triangle. Carry the flame Blue Devils ,2034805590505955694,,,en,,0,1,0,https://x.com/undefined/status/2034805590505955694,189511205,
2034805584617513083,Fri Mar 20 01:33:50 +0000 2026,0,The most hilarious court case I've ever witnessed. Afroman is a living legend with a heart of gold and balls of steel. A true red white and blue American. He even dresses the part!,2034805584617513083,,,en,,0,0,0,https://x.com/undefined/status/2034805584617513083,1666947212071571456,
2034805583371485261,Fri Mar 20 01:33:50 +0000 2026,3,My favorite thing about leaving Twitter a while back is that I didn't get sucked into feeling the need to pay for a blue checkmark in order to boost engagement to then only get 10 or so likes from hardcore simps unless posting a selfie. Just checking in to keep my @ ,2034805583371485261,,,en,,0,4,0,https://x.com/undefined/status/2034805583371485261,43497072,
2034636931321999763,Fri Mar 20 01:33:49 +0000 2026,0,@JustTeddii HE LITERALLY GETS A BLUE VISOR AND BLUE LIGHTS ICE KING WILL LOOK THE SAME EVERYONE COME ON,2034805578564796770,,JustTeddii,en,,0,0,0,https://x.com/undefined/status/2034805578564796770,1269780150176137222,
2034491677600014482,Fri Mar 20 01:33:48 +0000 2026,1,@schizotericvoid @SolomonsTemplee @larp_coinsol The scottish rite of freemasonary has 30 degrees which come after the 3 main ones in the blue lodge (master mason is the highest honor in freemasonary which is the 3rd). Then you have alternatively the york rite which does not have that many steps as the scottish rite.,2034805575440097424,,schizotericvoid,en,,0,3,0,https://x.com/undefined/status/2034805575440097424,1971028110641664000,
2034805566519091343,Fri Mar 20 01:33:46 +0000 2026,0,Are you losing money because you can't stop trading in a boring market? Learn the Infinite Game strategy. Discover how professional traders use Hyperbot to stop overtrading accumulate blue chips with DCA and earn passive income during the crypto winter. Read more：,2034805566519091343,,,en,,0,0,0,https://x.com/undefined/status/2034805566519091343,2007851317281320960,
2034805565499547673,Fri Mar 20 01:33:46 +0000 2026,0,In a world full of notes. One man will read all of them. This Summer. You will believe blue speech bubbles can talk.,2034805565499547673,,,en,,0,0,0,https://x.com/undefined/status/2034805565499547673,1731865120245182464,
2034805563922505746,Fri Mar 20 01:33:45 +0000 2026,4,Para que tocar a Josh tócame a mi dice el Kenny. #LCDLF6 https://t.co/FHyJ2p0WIf,2034805563922505746,https://pbs.twimg.com/tweet_video_thumb/HD0U37NXkAA620C.jpg,,es,,0,1,1,https://x.com/undefined/status/2034805563922505746,304267306,
2034740164115796069,Fri Mar 20 01:33:45 +0000 2026,0,@Dawo_4 If I know Lego right they're bound to release it in light blue in September or December for their build-a-minifigure racks at Lego stores. Then again they sell different colors on bricklink god knows how that happens,2034805561582395514,,Dawo_4,en,,0,0,0,https://x.com/undefined/status/2034805561582395514,1331925223273205760,
2034804503329841415,Fri Mar 20 01:33:42 +0000 2026,3,@sullymygoodname I m glad a blue blood just had to participate in the pain and suffering of a second half vs VCU,2034805548135207215,,sullymygoodname,en,,0,0,0,https://x.com/undefined/status/2034805548135207215,725284362296655872,
2034805544805191684,Fri Mar 20 01:33:41 +0000 2026,1,กระตุ้นอารมณ์ถึงจุดสุดยอด Blue Wizard ⭐⭐⭐⭐⭐ Cantharis D6 ⭐⭐⭐⭐ Maxwoman Sex ⭐⭐⭐⭐⭐ GHB ⭐⭐⭐⭐ แมลงวันสเปน ⭐⭐⭐⭐⭐ Cat ⭐⭐⭐⭐ Gold Fly ⭐⭐⭐⭐ ทิงเจอร์ขาว ⭐⭐⭐⭐⭐ น้ำยา AV ⭐⭐⭐⭐⭐ #ยาปลุกเซ็กส์หญิง #ยาปลุกเซ็กส์ชาย #ยานอนหลับ #ยานอนหลับแบบน้ำ https://t.co/YGcn0zel2s,2034805544805191684,https://pbs.twimg.com/media/HD0U2nVboAAZwu2.jpg,,und,,0,0,1,https://x.com/undefined/status/2034805544805191684,2010664106681049088,
2034803963267051979,Fri Mar 20 01:33:41 +0000 2026,1,@cbusbluejackers I️ try to not let it bother me. I️ believe if the Blue Jackets take care of business they will get there,2034805544616161383,,cbusbluejackers,en,,0,0,0,https://x.com/undefined/status/2034805544616161383,1849247697745686528,
2034805544402223187,Fri Mar 20 01:33:41 +0000 2026,0,Bruce Pearl in his Carolina blue tie and suit.... They gonna fire Hubert and hire Pearl...watch,2034805544402223187,,,en,,0,0,0,https://x.com/undefined/status/2034805544402223187,455531429,
2034805543408169346,Fri Mar 20 01:33:41 +0000 2026,1,Kudos to Howard. Finally got their first NCAA Tournament win and gave Michigan a bit of a challenge. But the Wolverines proved to be too much. That's the team I saw most of this season. Maize and Blue to the Round of 32.,2034805543408169346,,,en,,0,0,0,https://x.com/undefined/status/2034805543408169346,845596563049209857,
2034735444915888409,Fri Mar 20 01:33:35 +0000 2026,0,@marceelias Blue does not look happy ,2034805519530012859,,marceelias,en,,0,0,0,https://x.com/undefined/status/2034805519530012859,22716237,
2034274447830479083,Fri Mar 20 01:33:35 +0000 2026,1,@SpaceX Can someone pls clarify to me. Is it blue colour or reflection of the sky? Asking for a friend ,2034805518574002282,,SpaceX,en,,0,1,1,https://x.com/undefined/status/2034805518574002282,859850618,
2034774300327076257,Fri Mar 20 01:33:34 +0000 2026,0,@BedroomOperator He put a rifle zero target out to 3-5 yards and used just one side of the target hanger and shot my 25 yard bullseye. Was wearing a thin blue line tee and by the clean holes in my target I could tell he was shooting his duty rounds.,2034805513997967729,,BedroomOperator,en,,0,0,0,https://x.com/undefined/status/2034805513997967729,140981550,
2034793183129772292,Fri Mar 20 01:33:32 +0000 2026,0,@SallyMayweather Blue,2034805505596563732,,SallyMayweather,en,,0,0,0,https://x.com/undefined/status/2034805505596563732,1375203792996696068,
2034805444040917389,Fri Mar 20 01:33:31 +0000 2026,1,look out for you. Some people here are intimidating. I understand that. It took me a long time to even talk to another noble. The Blue Lions is majority commoner. I feel that when you are ready to be sociable you will learn that they are not scary. Well... maybe some of them+,2034805505374212403,,UmaHalfMachine,en,,0,1,0,https://x.com/undefined/status/2034805505374212403,1752277280917774336,
2034718168560570817,Fri Mar 20 01:33:31 +0000 2026,0,@cturnbull1968 Yes but tbf if only voters with passports voted it'd be even more of a blue wave than it was already going to be. Regardless of who benefits centralizing that much power over elections with the federal government is a terrible idea. Decentralized elections keeps things robust.,2034805502253605271,,cturnbull1968,en,,0,0,0,https://x.com/undefined/status/2034805502253605271,1436432659509616670,
2034724150149853296,Fri Mar 20 01:33:31 +0000 2026,0,@realMAG1775 Sunshine here's a reality check. No oil thru the Strait = rising oil prices = rising inflation in the US (&amp; everywhere else) = midterms blue-wave tsunami = Trump is a lame duck.,2034805501364490716,,realMAG1775,en,,0,0,0,https://x.com/undefined/status/2034805501364490716,1896586793480245248,
2034721066602369392,Fri Mar 20 01:33:30 +0000 2026,0,@supportingcris @Water_In_Mirror @Aku_700 Most likely gone forever. My grandparents parents all all my aunts +uncles had blue eyes. Grandkids about half. Great grandkids almost all are brown eyes.,2034805498080633021,,supportingcris,en,,0,1,0,https://x.com/undefined/status/2034805498080633021,2013391948103745536,
2034805487443779608,Fri Mar 20 01:33:27 +0000 2026,0,Can you look at me cuz Im blue and grey,2034805487443779608,,,en,,0,0,0,https://x.com/undefined/status/2034805487443779608,1239476199560114176,
2034805478832705713,Fri Mar 20 01:33:25 +0000 2026,0,S/O to Cayden !,2034805478832705713,,,en,,0,0,0,https://x.com/undefined/status/2034805478832705713,1035981877,
2034805468871204976,Fri Mar 20 01:33:23 +0000 2026,0,Gerrymandering 101: It s okay if the map turns more Blue but it s not okay if the map turns more Red.,2034805468871204976,,,en,,0,0,0,https://x.com/undefined/status/2034805468871204976,1812302306093719552,
2034805463825752132,Fri Mar 20 01:33:22 +0000 2026,0,最後になった広島公演になりますかね？エヴァンゲリオン号で広島に向かいました️ #浜田麻里 @ BLUE LIVE 広島(広島県) (2016.03.19) - LiveFans(ライブファンズ) #livefans https://t.co/u0szteZnjk,2034805463825752132,,,ja,,0,0,0,https://x.com/undefined/status/2034805463825752132,80536275,
2034772930278875453,Fri Mar 20 01:33:20 +0000 2026,1,@gmntjLGEihxxnMb 基本的にはTVシリーズ派なので「そのままの君でいて」と「コンディション・グリーン」から入って「未来派Lovers」、「守りたいの」と続きます(；´∀｀) 仕事帰りに「MIDNIGHT BLUE」、「朝陽の中へ」を聴きます,2034805456745713666,,gmntjLGEihxxnMb,ja,,0,1,0,https://x.com/undefined/status/2034805456745713666,1498136897662910464,
2034682539881701710,Fri Mar 20 01:33:19 +0000 2026,0,@minutesimal_ blue ticket people sha because if not you should have deleted this,2034805453759168617,,minutesimal_,en,,0,0,0,https://x.com/undefined/status/2034805453759168617,1140716797131395074,
2034805451938795869,Fri Mar 20 01:33:19 +0000 2026,0,@umichbball @UMichAthletics send me to a game for this first time ever doing this well go blue!! https://t.co/lBiNLdIhVL,2034805451938795869,https://pbs.twimg.com/media/HD0UxrYXcAAQgWW.jpg,umichbball,en,,0,0,0,https://x.com/undefined/status/2034805451938795869,287495767,
2034805448470405380,Fri Mar 20 01:33:18 +0000 2026,0,who gives a fuck IJBOL modern day anti ai warriors were once blue armpit hair social justice warriors,2034805448470405380,,,en,,0,0,0,https://x.com/undefined/status/2034805448470405380,1294729980643958784,
2034805446129893793,Fri Mar 20 01:33:17 +0000 2026,0,[映画]PERFECT BLUE　パーフェクト ブルーを映画館で上映しよう！ | ドリパス https://t.co/8zAMxsyADJ via @dre_pass,2034805446129893793,,,ja,,0,0,0,https://x.com/undefined/status/2034805446129893793,1766095647961493504,
2034805437682647360,Fri Mar 20 01:33:15 +0000 2026,0, Pick Emerald Blue for your outdoor space! Thicker design = tougher performance anti-slip &amp; wear-resistant safe even in rain Luxury stone look at budget cost elevate your home instantly! #outdoorliving #homedecor #tileinspo #outdoordesign #homedesign #tilegoals #fyp #LOSNY https://t.co/TsgwhQoBfO,2034805437682647360,https://pbs.twimg.com/media/HD0UwS4bgAAkZl6.jpg,,en,,0,0,0,https://x.com/undefined/status/2034805437682647360,1914603131159371781,
2034805430128357385,Fri Mar 20 01:33:14 +0000 2026,3, Let s go Mama! Awww Blue #911Nashville,2034805430128357385,,,en,,0,0,0,https://x.com/undefined/status/2034805430128357385,1194731664,
2034702616295244190,Fri Mar 20 01:33:08 +0000 2026,1,@KoifszhArt @PupRockPony Mmmmm. Blue Blueberry https://t.co/QYhRDuzxYI,2034805405822357887,https://pbs.twimg.com/tweet_video_thumb/HD0UuwJaAAEheut.jpg,KoifszhArt,en,,0,1,0,https://x.com/undefined/status/2034805405822357887,1601011886232948737,
2034241009182285908,Fri Mar 20 01:33:08 +0000 2026,1,@elonmusk @Dan16676935420 That is why I went to blue sky is only a matter of time,2034805405470032112,,elonmusk,en,,0,0,0,https://x.com/undefined/status/2034805405470032112,1866049649615814656,
2034805400545947835,Fri Mar 20 01:33:07 +0000 2026,0,blue eyes are so dreamy,2034805400545947835,,,en,,0,0,0,https://x.com/undefined/status/2034805400545947835,1076871797600063488,
2034805381705375984,Fri Mar 20 01:33:02 +0000 2026,1,He s the best I ever seen in Carolina blue,2034805381705375984,,,en,,0,0,1,https://x.com/undefined/status/2034805381705375984,55243874,
2034805381034135655,Fri Mar 20 01:33:02 +0000 2026,0,plank rd market chicken so good. they better than blue sto,2034805381034135655,,,en,,0,0,0,https://x.com/undefined/status/2034805381034135655,1356354555102031878,
2034805377397596208,Fri Mar 20 01:33:01 +0000 2026,0,ENHYPEN - Daydream Album POB PC &gt;&gt; https://t.co/78V4zc6RyW wts lfb ph jay jungwon sunoo sunghoon heeseung niki riki jake selca selfie blue noon white midnight pb ver kakaotalk kkt gs25 studio choom weverse global wv japan jp olive young kpopmerch shopee fs vce ld https://t.co/ncMwOf3YyH,2034805377397596208,https://pbs.twimg.com/media/HD0UtUfXUAAztuj.jpg,,en,,0,0,0,https://x.com/undefined/status/2034805377397596208,1361165206856998916,
2034786748249587943,Fri Mar 20 01:32:59 +0000 2026,1,@TJandCasper Enjoy the blue skies,2034805369910829355,,TJandCasper,en,,0,1,0,https://x.com/undefined/status/2034805369910829355,968047699,
2034488337197629713,Fri Mar 20 01:32:59 +0000 2026,0,@sportnstock @destinhoskins @OutofLineBets twitter blue means so much to you sir lol,2034805367008276507,,sportnstock,en,,0,1,0,https://x.com/undefined/status/2034805367008276507,85951938,
2034803400626323832,Fri Mar 20 01:32:58 +0000 2026,0,@LauraLoomer @davidpascoesc @HarpootlianSC Rama Duwaji s Muslim parents fornicated out of wedlock but got married couple months before birth of Rama Quran specifically mentions 100 lashes for fornication Read the blue highlight. https://t.co/A4DCJDV6c8,2034805364852727890,https://pbs.twimg.com/media/HD0UmZYboAMpfZL.jpg,LauraLoomer,en,,0,0,0,https://x.com/undefined/status/2034805364852727890,1491866096130949120,
2034805362537161066,Fri Mar 20 01:32:57 +0000 2026,0,My nephew Tony Rossi 1st professional appearance vs. the Toronto Blue Jays today. Came in to face Alexandro Kirk in the 3rd inning with runners on second and third. Strike out. Very proud of him. https://t.co/g9Y4yV4nrY,2034805362537161066,https://pbs.twimg.com/amplify_video_thumb/2034804961955999744/img/ULyzLmdV2J6fAdsv.jpg,,en,,0,0,0,https://x.com/undefined/status/2034805362537161066,1594209585753112577,
2034651474119315815,Fri Mar 20 01:32:55 +0000 2026,1,@ochakolily it could be expired motor oil cheese and theyd GET it. its dark blue and black which is why,2034805353536196915,,ochakolily,en,,0,1,0,https://x.com/undefined/status/2034805353536196915,1920634830888321025,
2034805341800558617,Fri Mar 20 01:32:52 +0000 2026,0,-Wisconsin loses -North Carolina Loses Bracket is busted . GO BLUE!!! https://t.co/EPMuv4MeIo,2034805341800558617,https://pbs.twimg.com/tweet_video_thumb/HD0UrAiX0AA6Wg3.jpg,,en,,0,0,0,https://x.com/undefined/status/2034805341800558617,755813064612585473,
2034805336763506982,Fri Mar 20 01:32:51 +0000 2026,1,Joe Carter hitting a World Series winning home run for the Toronto Blue Jays to win the WS. https://t.co/JeNheUf578,2034805336763506982,https://pbs.twimg.com/tweet_video_thumb/HD0Uqr8WwAAHNH_.jpg,,en,,0,0,0,https://x.com/undefined/status/2034805336763506982,1506439944822218756,
2034695047149457567,Fri Mar 20 01:32:51 +0000 2026,2,@BlueJays @Astros_Wx @antaor045 Blue Jays admin STILL a bum in 2026??,2034805334162681923,,BlueJays,en,,0,0,0,https://x.com/undefined/status/2034805334162681923,1777495654572376064,
2032324408099119487,Fri Mar 20 01:32:50 +0000 2026,0,@shiori_iwanami The emperor made 20 kill whitey kill jew countries (that's butt chatter that's not true our brave soldiers are not slaves to the emperor) uhh they're basically part of his blue terror plan and taiwans white terror. So. ‍️ ‍️,2034805332132704671,,Lucasharey,en,,0,1,0,https://x.com/undefined/status/2034805332132704671,1610996090966351874,
2034805330300039603,Fri Mar 20 01:32:50 +0000 2026,0,Blue Album出ねえ,2034805330300039603,,,ja,,0,0,0,https://x.com/undefined/status/2034805330300039603,1107180464484175873,
2034679559686430875,Fri Mar 20 01:32:49 +0000 2026,0,@dunemex_ AND THE BLUE RIBBBON IS BACK,2034805329133809902,,dunemex_,en,,0,0,0,https://x.com/undefined/status/2034805329133809902,1309646772369678336,
2034805327758016683,Fri Mar 20 01:32:49 +0000 2026,9,苹果id 排名 推特刷评价 Shadowrocket下载 下载飞机 推特blue认证 https://t.co/Ji2UUAvdp5,2034805327758016683,https://pbs.twimg.com/ext_tw_video_thumb/2034805191388930048/pu/img/SG0t7CJEMqPmKWQ4.jpg,,zh,,0,9,9,https://x.com/undefined/status/2034805327758016683,2026810968358137857,
2034802756020552010,Fri Mar 20 01:32:45 +0000 2026,1,@afukinblkbarbie I feel that! Blue bag Doritos for the win!,2034805311647744480,,afukinblkbarbie,en,,0,0,0,https://x.com/undefined/status/2034805311647744480,3209163345,
2034805303565566069,Fri Mar 20 01:32:43 +0000 2026,0, Funky Colored Pine Cones Transform Your Fire Toss one into the fire and enjoy vibrant blue green and purple flames perfect for camping or cozy nights. #FunkyFire #ColoredFlames #CampfireMagic #fyp #foryou https://t.co/Pw4HpeMnvf,2034805303565566069,https://pbs.twimg.com/ext_tw_video_thumb/2034804992465674243/pu/img/d_LbT-YCLlnrEhbJ.jpg,,en,,0,0,0,https://x.com/undefined/status/2034805303565566069,1952281891278827520,
2034765649881227410,Fri Mar 20 01:32:43 +0000 2026,3,@FreedomAmerica Please! The MA government is beyond corrupt! And give us the Aduit we voted for in 2024. And if you vote isn't Blue in this horrible state your vote doesn't mean anything.,2034805300646072688,,FreedomAmerica,en,,0,0,0,https://x.com/undefined/status/2034805300646072688,1071467670,
2034789485544972296,Fri Mar 20 01:32:42 +0000 2026,0,@MikeMartin71381 @cecidrais It s the light blue and pink that tarnish it. Be gay be bi be happy. Be you. Don t be someone else,2034805298766987475,,MikeMartin71381,en,,0,0,0,https://x.com/undefined/status/2034805298766987475,1919512589983481856,
2034805297366086086,Fri Mar 20 01:32:42 +0000 2026,4,Im a big fan of these little blue flowers https://t.co/vF13aTv2SO,2034805297366086086,https://pbs.twimg.com/media/HD0UomHboAAhv4x.jpg,,en,,0,0,0,https://x.com/undefined/status/2034805297366086086,1334715943113650177,
2034805294086463679,Fri Mar 20 01:32:41 +0000 2026,3,Tks Blue. Best yarn in the history of the world.,2034805294086463679,,,en,,0,1,0,https://x.com/undefined/status/2034805294086463679,183770461,
2034748631186592051,Fri Mar 20 01:32:40 +0000 2026,0,@ultr4whore None the blue,2034805289854107856,,ultr4whore,en,,0,0,0,https://x.com/undefined/status/2034805289854107856,1646703849720233984,
2032998460148867224,Fri Mar 20 01:32:40 +0000 2026,0,@blueM1288869 Remind me tomorrow please. I want to get you that blue tick and maybe 20 more members but I will be doing it bit by bit,2034805288834908200,,blueM1288869,en,,0,0,0,https://x.com/undefined/status/2034805288834908200,1326424311331254274,
2034805287203307791,Fri Mar 20 01:32:39 +0000 2026,0,Estrogen yellow blue,2034805287203307791,,,en,,0,0,0,https://x.com/undefined/status/2034805287203307791,1810354545501044736,
2034805284682555680,Fri Mar 20 01:32:39 +0000 2026,7,big blue puppy eyes i would do anything for her https://t.co/1vPn03HZzE,2034805284682555680,https://pbs.twimg.com/ext_tw_video_thumb/2034805271961509888/pu/img/o2B6BzYDfskc6GY3.jpg,,en,,0,0,2,https://x.com/undefined/status/2034805284682555680,827981390599876608,
2034805280140103891,Fri Mar 20 01:32:38 +0000 2026,0,A wild Thursday for NC basketball High Point 83 Wisconsin 82 Chase Johnston's go-ahead layup with 11 seconds left (his first 2-pointer of the season!) gives HPU its first-ever NCAA Tournament win Duke 71 Siena 65 Blue Devils trail by 11 at half rally to advance ,2034805280140103891,,,en,,0,0,0,https://x.com/undefined/status/2034805280140103891,237398965,
2034802745287278674,Fri Mar 20 01:32:38 +0000 2026,0,@GoodmanHoops Not a blue blood,2034805279666143504,,GoodmanHoops,en,,0,0,0,https://x.com/undefined/status/2034805279666143504,305962146,
2034805273836069160,Fri Mar 20 01:32:36 +0000 2026,9,Ohio State ML Vanderbilt -11.5 UNC ML My balls could not be more blue https://t.co/6BZYRQM5zl,2034805273836069160,https://pbs.twimg.com/tweet_video_thumb/HD0UnD1WwAAI1BZ.jpg,,en,,2,1,0,https://x.com/undefined/status/2034805273836069160,1151162548835815425,
2034655580975923525,Fri Mar 20 01:32:33 +0000 2026,0,@AndyBeshearKY We live in the blue ridge mountains and we re not insulted by JD,2034805261089595419,,AndyBeshearKY,en,,0,0,0,https://x.com/undefined/status/2034805261089595419,1870082882972131328,
2034805259022082427,Fri Mar 20 01:32:33 +0000 2026,0,[#ANBGOs BATCH 30 ] NEW ️ D&amp;G | Light Blue Capri In Love 100ml ₱1 299 US mall pullout &amp; demo testers! 𝗗𝗠 𝘂𝘀 𝘁𝗼 𝗼𝗿𝗱𝗲𝗿! DOO &amp; DOP: PAYO (Full / DP) ️ FAST ETA APRIL 2026 FULL PAYO / Layaway &amp; Installment (+10%) 𝗣𝗹𝗲𝗮𝘀𝗲 𝗿𝗲𝘁𝘄𝗲𝗲𝘁! https://t.co/LMYbMockZu,2034805259022082427,https://pbs.twimg.com/media/HD0UiBaboAEa52_.jpg,,en,,0,0,0,https://x.com/undefined/status/2034805259022082427,1407886759468310531,
2034802501443047588,Fri Mar 20 01:32:32 +0000 2026,0,@JakeCrain_ I don't know why I trusted him. I let the blue blood college name blind me,2034805254273830947,,JakeCrain_,en,,0,0,0,https://x.com/undefined/status/2034805254273830947,1210047053394518018,
2034788746483384790,Fri Mar 20 01:32:30 +0000 2026,3,@elonmusk The irritating part is Elon could announce tomorrow that he is building a wormhole to Proxima Centauri and 6 months later Jeff Bezos and 3 other newcomer copy cat companies would announce they are doing the same. SpaceX - Blue Origin Tesla - Rivian Falcon 9 - New Glenn Starlink,2034805248607261125,,elonmusk,en,,1,0,1,https://x.com/undefined/status/2034805248607261125,1248880966887596034,
2034698764036751638,Fri Mar 20 01:32:30 +0000 2026,0,@thatazuresea Go look on Etsy. TONS https://t.co/BtPhxaQP9S https://t.co/WeKeeKXyoz,2034805246623617227,,thatazuresea,en,,0,0,0,https://x.com/undefined/status/2034805246623617227,1266021995998638085,
2034805216734769206,Fri Mar 20 01:32:30 +0000 2026,1,+ even near that pond but the ever so present urge to dive in was one he for whatever reason couldn't ignore. And in he went blue eyes beginning to glow as he adjusted to the dark. Fish scatter swim around him as a familiar sensation set in. Gills appear at his sides rather +,2034805246283686296,,OfHartsHope,en,,0,1,0,https://x.com/undefined/status/2034805246283686296,1340138020423557125,
2034732222410850549,Fri Mar 20 01:32:27 +0000 2026,1,@RockChalkBlog Duke Blue Devil Blog,2034805235533701531,,RockChalkBlog,da,,0,0,0,https://x.com/undefined/status/2034805235533701531,701615556760195072,
2034795548918596021,Fri Mar 20 01:32:27 +0000 2026,2,@GregAbbott_TX Texas has had a lot of blue state people and Islamic communities built rather than assimilating there. Fix it or turn blue.,2034805234128576526,,GregAbbott_TX,en,,0,0,0,https://x.com/undefined/status/2034805234128576526,1857185574173462528,
2034805226411110578,Fri Mar 20 01:32:25 +0000 2026,1,It s honestly beyond embarrassing to lose in ROUND ONE like are we serious? What happened to us being a Blue Blood and having Trimble and Vessar play almost the entire game is not the solution! I m sick,2034805226411110578,,,en,,0,0,0,https://x.com/undefined/status/2034805226411110578,1271239621528125440,
2034755267871567978,Fri Mar 20 01:32:24 +0000 2026,0,@TheCartoonBase @Perry_Artist1 Seeing a lot of blue and gold s,2034805221063332283,,TheCartoonBase,en,,0,0,0,https://x.com/undefined/status/2034805221063332283,1325549030177435658,
2034716702982681060,Fri Mar 20 01:32:23 +0000 2026,1,@KickWokeOut @gorilla_rape https://t.co/gGTFcUiFbj,2034805216064029130,https://pbs.twimg.com/media/HD0Uj7sboAA9j58.jpg,KickWokeOut,qme,,0,1,0,https://x.com/undefined/status/2034805216064029130,1325199348930506753,
2034798115727773990,Fri Mar 20 01:32:22 +0000 2026,2,@univerky @ShaneRyanHere I won t even hold the door for someone wearing blue. I hope you lose every game. Our rivalry is beautiful for this reason,2034805213798764631,,univerky,en,,0,1,0,https://x.com/undefined/status/2034805213798764631,1598449499067801600,
