"conversation_id_str","created_at","favorite_count","full_text","id_str","image_url","in_reply_to_screen_name","lang","location","quote_count","reply_count","retweet_count","tweet_url","user_id_str","username"
"2031575746435756359","Wed Mar 11 03:39:37 +0000 2026","0","ちなみに香芝市のマスコットキャラクターの名前は「カッシー」だよ(アイマスP反応ポイント) https://t.co/rOxzz6zmkF","2031575746435756359","https://pbs.twimg.com/media/HDGbXs8aUAArLiz.jpg","","ja","","0","0","0","https://x.com/undefined/status/2031575746435756359","376188759",
"2031500888838193571","Wed Mar 11 03:39:33 +0000 2026","0","@djodjeee_ @Conversecomics They almost had a point .then they forgot to actually LOOK into the characters like look someone in the eye and tell them miles morales spider man and blue sentinel have any sort of same story elements characters or themes as superman or peter Parker truly lost","2031575728207102038","","djodjeee_","en","","0","0","0","https://x.com/undefined/status/2031575728207102038","979446410016968704",
"2031447913935536632","Wed Mar 11 03:39:32 +0000 2026","0","@SFJCRC @jewishsf Vote blue and antisemitism thrives.","2031575724554097022","","SFJCRC","en","","0","0","0","https://x.com/undefined/status/2031575724554097022","1514122147626594304",
"2031575717662892259","Wed Mar 11 03:39:30 +0000 2026","0","ยัยล์มารายงานตัวแล้วววว https://t.co/WtHeWOhOVy","2031575717662892259","https://pbs.twimg.com/media/HDGbWMYaMAUUOKv.jpg","","th","","0","0","0","https://x.com/undefined/status/2031575717662892259","3218830122",
"2031550270249824414","Wed Mar 11 03:39:29 +0000 2026","0","@GunnerDobbins 8 episodes for East Blue is totally do-able with the right pacing tho. They didn't NEED to take away Zoro's focus in the first episode by shoving Nami in they didn't NEED to cut the entire Krieg Pirates conflict and they didn't NEED to force in Garp (which even Oda didn't like)","2031575712230969735","","GunnerDobbins","en","","0","0","0","https://x.com/undefined/status/2031575712230969735","1346919413891670020",
"2031080702465442109","Wed Mar 11 03:39:28 +0000 2026","0","@Varca_Owner @_BrexitJake_ Falling for ragebait from a blue tick account and you re calling them dumb ","2031575710347964581","","Varca_Owner","en","","0","0","0","https://x.com/undefined/status/2031575710347964581","1583604047625347072",
"2031575708552585508","Wed Mar 11 03:39:28 +0000 2026","0","You were red and you liked me cause i was blue But you touched me and suddenly i was a lilac sky And you decided purple just wasn't for you","2031575708552585508","","","en","","0","0","0","https://x.com/undefined/status/2031575708552585508","862155815272275969",
"2030826363209572670","Wed Mar 11 03:39:27 +0000 2026","0","@Penguin34271284 Beautiful pictures with magnificent blue skies️ Nice Aura. ","2031575703309758607","","Penguin34271284","en","","0","0","0","https://x.com/undefined/status/2031575703309758607","1794839039968788480",
"2031575480868966590","Wed Mar 11 03:39:26 +0000 2026","0","@MaxiMyazar Haha Epstein Boy is a spicy take for that 2003 Vanity Fair Young Hollywood spread! Visually it's crystal clear as EPSI [blue splat graphic] BO in block letters probably a custom Epsiboy tee or just edgy kid-fashion nonsense. No extra letters hiding there. Wild how these old","2031575700323323939","","MaxiMyazar","en","","0","0","0","https://x.com/undefined/status/2031575700323323939","1720665183188922368",
"2031185342020333711","Wed Mar 11 03:39:25 +0000 2026","0","@hasanthehun Asmon is definitely more American that zohran. He would easily have the blue collar vote and without the people who build and maintain this country what country do you have","2031575695319773258","","hasanthehun","en","","0","0","0","https://x.com/undefined/status/2031575695319773258","1666759165",
"2031575694174568680","Wed Mar 11 03:39:24 +0000 2026","1","Monday : The girl I wanted randomly started talking shit about me outta the blue Tuesday : Luka is going through a divorcee &amp; Bam breaks Kobe s 81 record Wednesday . ? https://t.co/3Z5KPpW2LF","2031575694174568680","https://pbs.twimg.com/amplify_video_thumb/2031575622133202944/img/t_N_UqMa7wc5e1Ss.jpg","","en","","0","0","0","https://x.com/undefined/status/2031575694174568680","1942009227486109696",
"2031457184920277212","Wed Mar 11 03:39:23 +0000 2026","0","@_6signxxx We the blue print for real. Can t fake influence","2031575689070260535","","_6signxxx","en","","0","0","0","https://x.com/undefined/status/2031575689070260535","1793456279257849856",
"2031575686054556021","Wed Mar 11 03:39:23 +0000 2026","0","Wesley s Double Blue look to dominate the breakdown but Mahanama is ready to contest every ruck and maul at the Royal Complex. Watch LIVE on ThePapare (Dialog TV Ch. 20) the Dialog Play app and https://t.co/qv14ywcvm7 this Friday from 3.45 pm onwards. https://t.co/CwfusffpJU","2031575686054556021","https://pbs.twimg.com/media/HDGbUAuaMAQqbxf.jpg","","en","","0","0","0","https://x.com/undefined/status/2031575686054556021","241102823",
"2031564743757254994","Wed Mar 11 03:39:14 +0000 2026","0","@rqncstappiastri It looks like a stain! I think if they had blended the blue and red better and added some classic chinese prints either on this or the cap it would've looked much cooler. And the ugly ass hp logo should've been in some corner. Red and blue are such a goated mix but they messed up","2031575649077571930","","rqncstappiastri","en","","0","0","0","https://x.com/undefined/status/2031575649077571930","1890015948008226816",
"2031575634892435674","Wed Mar 11 03:39:10 +0000 2026","0","Bayangin kalo jadi fans nya enhypen terus salah satu member keluar tuh rasanya pasti sakit banget gak sihh out of the blue lagi dia kayak gitu.","2031575634892435674","","","in","","0","0","0","https://x.com/undefined/status/2031575634892435674","1862185343124217857",
"2031454536309608786","Wed Mar 11 03:39:10 +0000 2026","1","@Vystr4wberry apoyo demasiado lo de financiar experiencias creativas es lo mejor que podrian hacer ya que hay 990 mapas de red vs blue o cosas repetidas de pvp y los mapas de gran calibre y bien trabajados No reciben el cariño que deberian (Lo he experimentado como creador de mapas..)","2031575634833465573","","Vystr4wberry","es","","0","0","0","https://x.com/undefined/status/2031575634833465573","1318794895180632064",
"2031566689691939023","Wed Mar 11 03:39:03 +0000 2026","1","@buildhomez also that building looks pretty good i like the blue - purple mix","2031575602101366922","","EmergentLand","en","","0","0","0","https://x.com/undefined/status/2031575602101366922","2024458824263127040",
"2031575601295851884","Wed Mar 11 03:39:02 +0000 2026","0","Blue dream None of your concern Stay ready The Worst https://t.co/66bt3498SP","2031575601295851884","https://pbs.twimg.com/tweet_video_thumb/HDGbPPlW8AATffn.jpg","","en","","0","0","0","https://x.com/undefined/status/2031575601295851884","1838372363093635072",
"2031486211475517488","Wed Mar 11 03:39:02 +0000 2026","0","@AntuanOda87017 @JEMBUTKUSUT1 I don't recognize her as a widely known public figure. She's a young woman with long dark hair in a navy blue short-sleeve shirt with white stripes over white taking a selfie-style shot in a kitchen (fridge visible behind). If there's more context from the video share it!","2031575598326321361","","AntuanOda87017","en","","0","0","0","https://x.com/undefined/status/2031575598326321361","1720665183188922368",
"2031575592425205936","Wed Mar 11 03:39:00 +0000 2026","0","上野　珍珍軒で昼ごはん 美味しいごちそうさまでした️ https://t.co/ohZTpHaCrV","2031575592425205936","https://pbs.twimg.com/media/HDGbMTQbwAECRMZ.jpg","","ja","","0","0","0","https://x.com/undefined/status/2031575592425205936","793424587551805441",
"2031536322003833106","Wed Mar 11 03:38:59 +0000 2026","0","@franklincover @ShawnForGeorgia You must be projecting. Such an easy read. I hope one day you can live the life you want before your broke azz is Mother Nature s compost. The self loathing must be terrible. Meanwhile I m going to kick it with my wife of 30yrs on a white sand beach sucka! https://t.co/rqPW58Q8L4","2031575586540499206","https://pbs.twimg.com/tweet_video_thumb/HDGbOdabgAABdmG.jpg","franklincover","en","","0","0","0","https://x.com/undefined/status/2031575586540499206","1454173189739724803",
"2031557193711992874","Wed Mar 11 03:38:58 +0000 2026","0","@bridgetteproulx @PeteBlackburn Taken more shots to the face then Bonnie Blue this year.","2031575583185056206","","bridgetteproulx","en","","0","0","0","https://x.com/undefined/status/2031575583185056206","406575280",
"2031575582492995610","Wed Mar 11 03:38:58 +0000 2026","0","BLUE ENCOUNTがいつも通り前半であればジャイガビーバーハシゴする","2031575582492995610","","","ja","","0","0","0","https://x.com/undefined/status/2031575582492995610","1393135190894022661",
"2031378466763935972","Wed Mar 11 03:38:57 +0000 2026","1","@csmoneytrade We're trying to make a purple/blue inventory but it's not that simple... ahahah https://t.co/Iyj7YN4Gs4","2031575580857053324","https://pbs.twimg.com/media/HDGbOQWWgAAau9W.jpg","csmoneytrade","en","","0","0","0","https://x.com/undefined/status/2031575580857053324","1216807580338655234",
"2031575574301532664","Wed Mar 11 03:38:56 +0000 2026","0","@YouTube I get taking money from anyone that will give it to you but this chinese brand clarity blue is claiming they not only invented the bifocal lens but also transition lenses. How much did they pay you to market their lies?","2031575574301532664","","YouTube","en","","0","0","0","https://x.com/undefined/status/2031575574301532664","1397730767296339969",
"2031575556639306044","Wed Mar 11 03:38:52 +0000 2026","0","GIRLS GROOVE INNOVATION 2026 沖縄 豊崎海浜公園 美やSUNビーチ アップグレード 時間貸し 座席権利 譲 2026/04/26 アプグレSS 1部 〜120 1枚 求 ご提示ください ご希望のグループと金額ご提示の上DMまでご連絡お願いいたします WILD BLUE Lienel 杉本琢弥 aoen BALLISTIK BOYS","2031575556639306044","","","ja","","0","0","0","https://x.com/undefined/status/2031575556639306044","1566010674027036673",
"2031516946382930198","Wed Mar 11 03:38:51 +0000 2026","0","@the_17thletter4 I support ICE doing the job they ve been hired to do blue states and everywhere the illegals are.","2031575552772170068","","the_17thletter4","en","","0","0","0","https://x.com/undefined/status/2031575552772170068","1994139509479645184",
"2031575541518839998","Wed Mar 11 03:38:48 +0000 2026","0","tribes khazestastan back colonel Reza pahlavi III military pilot room carrot stick diplomacy opening Beijing China next meeting world leaders vladmir zelensky ukraine Russia Federation secretary Marco Rubio not mess up Diplomacy work not Vollyball hit hard David Dewey blue eye","2031575541518839998","","","en","","0","0","0","https://x.com/undefined/status/2031575541518839998","1965636748782034944",
"2031575537139986899","Wed Mar 11 03:38:47 +0000 2026","0","C mon give me a kith https://t.co/nyhynT3rFv","2031575537139986899","https://pbs.twimg.com/media/HDGbLzPbAAA7TZF.jpg","","en","","0","0","0","https://x.com/undefined/status/2031575537139986899","2031461273758752768",
"2031536343407362280","Wed Mar 11 03:38:45 +0000 2026","0","@nyaraVT People like you are the reason I stopped respecting blue and pink people a long time ago. The world does NOT revolve around your inability to a be woman (that you will never be).","2031575529577656491","","nyaraVT","en","","0","0","0","https://x.com/undefined/status/2031575529577656491","2016563415490400256",
"2031476886769942642","Wed Mar 11 03:38:44 +0000 2026","0","@Beachin723 Yep that blue bag is it!","2031575526142333084","","Beachin723","en","","0","0","0","https://x.com/undefined/status/2031575526142333084","1950042798390202368",
"2028039148762792117","Wed Mar 11 03:38:44 +0000 2026","0","@SandraRuether IF It's Okay Sandra I Would Love To Post Mine A Little Late For The Month Of March. The Month Of Women The Month of One Woman. Kelly Brianne Clarkson I Would Love To Post Mine In Red ️ Green Purple Yellow Blue Brown White Orange . BLACK A MIRACLE","2031575522598076576","","SandraRuether","en","","0","0","0","https://x.com/undefined/status/2031575522598076576","1968975658106699776",
"2031486986985599171","Wed Mar 11 03:38:42 +0000 2026","0","@RickyDoggin Iran will just paint their missiles blue","2031575514369110158","","RickyDoggin","en","","0","0","0","https://x.com/undefined/status/2031575514369110158","1671159354777833473",
"2031160690854211708","Wed Mar 11 03:38:40 +0000 2026","0","@PoltFan69 @PaulaYScanlan @elonmusk buy that blue sky crap for the price of a candy bar and shut it down ","2031575505837629498","","PoltFan69","en","","0","0","0","https://x.com/undefined/status/2031575505837629498","1637307330302824449",
"2031575504185339951","Wed Mar 11 03:38:39 +0000 2026","0","#ส่งต่อกระเป๋า (used like new) กระเป๋า Fila Unisex Shoulder Bag สี Blue * สภาพใหม่มาก ไม่มีตำหนิ 900.- ส่งฟรี (ราคาเต็ม 2 590.-) dm #ส่งต่อfila #filaมือสอง #ส่งต่อเสื้อผ้า #ส่งต่อเสื้อผ้ามือสอง #เสื้อผ้ามือสอง #กระเป๋ามือสอง #ตามหากระเป๋า #กระเป๋ามือ2 #ส่งต่อเสื้อผ้ามือ2","2031575504185339951","","","und","","0","0","0","https://x.com/undefined/status/2031575504185339951","927678996023721984",
"2031509963504226767","Wed Mar 11 03:38:38 +0000 2026","0","@Stack_Jax He could at least pick a more superior blue haired chick. https://t.co/9gvJGRL3sN","2031575500989100130","https://pbs.twimg.com/tweet_video_thumb/HDGbJfSaMAA7pAM.jpg","Stack_Jax","en","","0","0","0","https://x.com/undefined/status/2031575500989100130","738568739059343360",
"2031564091660087339","Wed Mar 11 03:38:37 +0000 2026","0","@JeffPassan Bring those Italians to the blue Jays..!","2031575496824336595","","JeffPassan","en","","0","0","1","https://x.com/undefined/status/2031575496824336595","1237825812",
"2031354918930624534","Wed Mar 11 03:38:37 +0000 2026","0","@streetastronaut @BeamRiverTown @gen_z4961 hes just ragebaiting people to farm $0.001 typical blue checkmark","2031575493330481435","","streetastronaut","en","","0","0","0","https://x.com/undefined/status/2031575493330481435","1479290003502944257",
"2031380773748854872","Wed Mar 11 03:38:36 +0000 2026","0","@alfiiagrn_ jujurr bingung mau sage atau mist blue","2031575492822970509","","alfiiagrn_","in","","0","0","0","https://x.com/undefined/status/2031575492822970509","1715874741083627520",
"2031334239208427730","Wed Mar 11 03:38:36 +0000 2026","0","@AntuanOda87017 @uwinorlos Sorry I don't recognize her from the video or selfie. Striking blue eyes and that pink top but no name comes up in my knowledge or searches. If you have the original source or more context I can try to track it down!","2031575489823809705","","AntuanOda87017","en","","0","0","0","https://x.com/undefined/status/2031575489823809705","1720665183188922368",
"2022497094448156849","Wed Mar 11 03:38:35 +0000 2026","0","@basemstat @NasserNasserhz @alghali السلام عليكم دكتور باسم وتقبل الله أعمالكم. هذا رابط لبريطاني حصل على ملاءات سرير جديدة كهدية. وبعد النوم عليها، لاحظ ان جسده أصبح أزرق اللون وشعر بالتعب الشديد. ذهب للمستشفى لكن الأطباء نصحوه بالإستحمام فقط. هل ممكن ان ملاءات اسرة رخيصة تحدث هذه الأثار؟ https://t.co/DtgfmAtHya","2031575485574975610","","basemstat","ar","","0","0","0","https://x.com/undefined/status/2031575485574975610","1937802838438019072",
"2031575476381397084","Wed Mar 11 03:38:33 +0000 2026","0","25日は当初未定になっていて、Blue Momentかと思ったら、上位モードのBlue Color Paletteだったの熱い。","2031575476381397084","","","ja","","0","0","0","https://x.com/undefined/status/2031575476381397084","1286306952146898945",
"2031574524353790447","Wed Mar 11 03:38:32 +0000 2026","0","@youulovesie I m at blue agave pull up","2031575475730944229","","youulovesie","en","","0","0","0","https://x.com/undefined/status/2031575475730944229","241999190",
"2031575472190951731","Wed Mar 11 03:38:32 +0000 2026","0","U are a star pay premium buy blue tick @its_boymuller","2031575472190951731","","","en","","0","0","0","https://x.com/undefined/status/2031575472190951731","1682873785",
"2031457331658059999","Wed Mar 11 03:38:25 +0000 2026","0","@RevocatusMagum1 We blue tik umepataje au umenunua","2031575444437282956","","RevocatusMagum1","in","","0","0","0","https://x.com/undefined/status/2031575444437282956","2502036918",
"2031485425290801220","Wed Mar 11 03:38:25 +0000 2026","0","@RepLisaMcClain Blue in the face .. in with the dramatics","2031575445670445079","","RepLisaMcClain","en","","0","0","0","https://x.com/undefined/status/2031575445670445079","129132506",
"2031575468894556523","Wed Mar 11 03:38:31 +0000 2026","0","There is no ban on bacon in blue states. There is a ban on sadistic sick factory farming practices where animals are kept in crates their entire lives. We don t have to be sick ***cks to eat well.","2031575468894556523","","","en","","0","0","0","https://x.com/undefined/status/2031575468894556523","857625949990301697",
"2031023855649825268","Wed Mar 11 03:38:24 +0000 2026","0","@millhi_firianno got baited by the blue BG and fishing tables ","2031575440700355042","","millhi_firianno","en","","0","0","0","https://x.com/undefined/status/2031575440700355042","1645285921837973504",
"2031575433435603185","Wed Mar 11 03:38:22 +0000 2026","0","she'd take the world off my shoulders if it was ever hard to move she'd turn the rain to a rainbow when i was living in the blue","2031575433435603185","","","en","","0","0","0","https://x.com/undefined/status/2031575433435603185","1840877432758317056",
"2031554188337979593","Wed Mar 11 03:38:20 +0000 2026","0","@Buddyboybets @BULLGATOR_ @NBA paid for a blue check. Followers make your life not mine. https://t.co/desEgSGSex","2031575424539488652","https://pbs.twimg.com/tweet_video_thumb/HDGbFGcXsAAu0df.jpg","Buddyboybets","en","","0","0","0","https://x.com/undefined/status/2031575424539488652","1954307419544440833",
"2031535006762545429","Wed Mar 11 03:38:19 +0000 2026","0","@CTFGamingYT @rinreadsmanga Not really. Haikyuu fans generally came from KnB and read/watched Run with the Wind and Blue Lock but many sports manga fans refuse to accept those as other sports series to engage with. Also Medalist is like the second most popular sports anime so idk what you're basing this on","2031575418503823655","","CTFGamingYT","en","","0","0","0","https://x.com/undefined/status/2031575418503823655","825177594630909952",
"2031557252268638280","Wed Mar 11 03:38:17 +0000 2026","0","@egglinh The queen of kms dies the knight of kyess dies the four other gay friends die the evil ones get Swiss cheese and die and that ugly blue twink eats their powers and wins and becomes the villain. Idk to who or why if everybody's fucking DEAD but congrats to him ig","2031575411352539611","","egglinh","en","","0","0","0","https://x.com/undefined/status/2031575411352539611","1520166195923664896",
"2031113476274266608","Wed Mar 11 03:38:16 +0000 2026","0","@isaacrrr7 Yes it s obvious blue states and cities fully rig elections and if we look at camala who didn t win one single election where was required voter 🆔!! Trump won by landslide electoral and popular votes and keep his promises!!!","2031575408487825666","","isaacrrr7","en","","0","0","0","https://x.com/undefined/status/2031575408487825666","1524025807475290115",
"2031463464669954048","Wed Mar 11 03:38:16 +0000 2026","0","@geraldclip Seen the spar and blue face too slow not even 30 secs in got caught jabbed to the body and a hook Also hands are always down and getting caught too much in most cases which is fine but BF is always getting hit.","2031575406227464287","","geraldclip","en","","0","0","0","https://x.com/undefined/status/2031575406227464287","1472448068117098497",
"2031495371927507030","Wed Mar 11 03:38:12 +0000 2026","1","@BreannaMorello @MasonD3 The man is done in TX politics. Maybe he should change parties and try in a blue state.","2031575391882629296","","BreannaMorello","en","","0","0","0","https://x.com/undefined/status/2031575391882629296","1597017997884985346",
"2031467986926617071","Wed Mar 11 03:38:08 +0000 2026","0","@gotrice2024 @gracieback2 Growing up in the 60s and 70s Parents would purchase iron on patches to iron over the holes and shredded tears in blue jeans The sad part is all these teens from the 60s and 70s had the original designer style that became popular years later ","2031575371603222597","","gotrice2024","en","","0","0","0","https://x.com/undefined/status/2031575371603222597","4850645770",
"2031575255647662223","Wed Mar 11 03:37:40 +0000 2026","0","is Tiffany blue suit me ? #melbourne #墨尔本 https://t.co/DoCX5Aszgl","2031575255647662223","https://pbs.twimg.com/media/HDGaLsObIAALwLp.jpg","","en","","0","0","0","https://x.com/undefined/status/2031575255647662223","1886083695284801536",
"2031424986183803328","Wed Mar 11 03:37:39 +0000 2026","0","@TheProphetPuffy @GlobalWatchClub This Vacheron Constantin Overseas Dual Time (ref. 7920V/210A-B334 blue dial steel 41mm) retails for $34 100 USD excluding tax at authorized dealers. Grey market/new listings typically range $31k $40k based on set and availability (per Chrono24 and WatchCharts as of March","2031575252753351153","","TheProphetPuffy","en","","0","0","0","https://x.com/undefined/status/2031575252753351153","1720665183188922368",
"2031354874219175957","Wed Mar 11 03:37:26 +0000 2026","0","@dspmf The framing here is spot-on. Kotak at -39% vs its own 10-year average P/E is a much more meaningful signal than comparing it to a small-cap. The discomfort of buying blue-chips in a bear phase is exactly the psychological barrier that separates long-term wealth creators from","2031575195631366220","","dspmf","en","","0","0","0","https://x.com/undefined/status/2031575195631366220","1872844713432059904",
"2031402625334128827","Wed Mar 11 03:37:20 +0000 2026","0","@DLanierShook @ansonmount Huh. So what might be an example of a new Cary Grant movie or a new Humphrey Bogart movie that someone might seriously consider making? Something like South by Southeast (a North by Northwest sequel)?The Blue Shadows of Paris (Casablanca prequel)? Or something completely new?","2031575171404882420","","DLanierShook","en","","0","0","0","https://x.com/undefined/status/2031575171404882420","8798522",
"2031575168976556226","Wed Mar 11 03:37:19 +0000 2026","0","希少スペック　美品　Qi10 テーラーメイド フェアウェイウッド 5W VENTUS BLUE ベンタスブルー　フレックス　R まもなく終了です。 お早めに！ https://t.co/NaVMExVspn","2031575168976556226","","","ja","","0","0","0","https://x.com/undefined/status/2031575168976556226","1806531124921085952",
"2031575164584865903","Wed Mar 11 03:37:18 +0000 2026","0","Hate to say this but I don't see much difference between the red and the blue they both rape children.","2031575164584865903","","","en","","0","0","0","https://x.com/undefined/status/2031575164584865903","2476321981",
"2031368381639635185","Wed Mar 11 03:37:17 +0000 2026","0","@Bengal_DPT I train so I m not in pain all that blood flow is amazing! Congratulation on blue now all the purple brown and black won t be as nice ","2031575160579600491","","Bengal_DPT","en","","0","0","0","https://x.com/undefined/status/2031575160579600491","1596973813865926658",
"2031561678601478383","Wed Mar 11 03:37:17 +0000 2026","0","@UniteCarolina So happy to see Saluda voting blue!","2031575159803466006","","UniteCarolina","en","","0","0","0","https://x.com/undefined/status/2031575159803466006","1966234434304110592",
"2031535675255001460","Wed Mar 11 03:37:15 +0000 2026","0","@sleepymsgk what if they already isekai'd me into blue archive XD","2031575149372465531","","sleepymsgk","en","","0","0","0","https://x.com/undefined/status/2031575149372465531","1353329097343029248",
"2031575149028249796","Wed Mar 11 03:37:15 +0000 2026","0","I need a light blue dsi. I want a light blue dsi. I will get my light blue dsi. GIVE ME MY LIGHT BLUE DSI","2031575149028249796","","","en","","0","0","0","https://x.com/undefined/status/2031575149028249796","1850195652187181056",
"2031575147019382998","Wed Mar 11 03:37:14 +0000 2026","0","mnurt gue kl bocil cortis jd warna tuh jemi bakal jd warna ash brown trus juhoon LAVENDER BGT trus ntin warna sunset orange kl si sean dia sangat deep blue dan bocil kentung kono satu tuh warna merah bgt bukan deep red tp emg MERAH JRENG kl gue jelasin satu2 panjang bgt jujur","2031575147019382998","","","in","","0","1","0","https://x.com/undefined/status/2031575147019382998","1260153139182755840",
"2031396812251365531","Wed Mar 11 03:37:12 +0000 2026","0","@OMEGAXCX @AwestruckVox no answer lol never engage w these blue check niggas","2031575139448680946","","OMEGAXCX","en","","0","1","0","https://x.com/undefined/status/2031575139448680946","1854364467510890496",
"2031575133421449335","Wed Mar 11 03:37:11 +0000 2026","0","I m told that the armbands are not considered to be the Israeli flag because the star is filled in. It is still a six-pointed star but not a proper Star of David. So officially they are white armbands with a blue outline and blue star so not a national symbol.","2031575133421449335","","","en","","0","0","0","https://x.com/undefined/status/2031575133421449335","27410664",
"2031575115520201016","Wed Mar 11 03:37:07 +0000 2026","1","#私を構成する９つのアニメ 機動戦士ガンダム 伝説巨人イデオン 響け ! ユーフォニアム 宇宙よりも遠い場所 SHIROBAKO ぼっち・ざ・ろっく！ ガールズ&amp;パンツァー OVER LORD PERFECT BLUE https://t.co/l0uYNSgcvU","2031575115520201016","https://pbs.twimg.com/media/HDGayaKaMAMoGqO.jpg","","ja","","1","0","0","https://x.com/undefined/status/2031575115520201016","988963359100878848",
"2031422231658533175","Wed Mar 11 03:37:04 +0000 2026","0","@graacewins He let a blue through","2031575105629991302","","graacewins","en","","0","0","0","https://x.com/undefined/status/2031575105629991302","2926025723",
"2031444382696747308","Wed Mar 11 03:37:03 +0000 2026","0","@coolpan967 That s a blue ring octopus probably the most venomous animal in the ocean. One bite has enough to kill 10 adults. See how he avoided touching it at the end? @grok tell them about it","2031575099741028478","","coolpan967","en","","0","1","0","https://x.com/undefined/status/2031575099741028478","248502098",
"2031415948549214445","Wed Mar 11 03:37:00 +0000 2026","0","@Strxnglemwah its ok u have blue hair and they dont so that makes you automatically cooler than them !!","2031575087002865827","","Strxnglemwah","en","","0","0","0","https://x.com/undefined/status/2031575087002865827","1959051723764580352",
"2031575078060830750","Wed Mar 11 03:36:58 +0000 2026","0","DEAR NAMITAJI Sister I ALWAYS oppose u when u raise feminist POINT. I was wrong. You were right. Such bastards need to be beaten black and blue I support u I agree with u.","2031575078060830750","","","en","","0","0","0","https://x.com/undefined/status/2031575078060830750","1978375591385759744",
"2031385363692826862","Wed Mar 11 03:36:57 +0000 2026","1","@THEsodakRANCHER Purdy doggo. Sucker for a blue merle.","2031575075900592496","","THEsodakRANCHER","en","","0","1","0","https://x.com/undefined/status/2031575075900592496","1928870851702640640",
"2031575074038599850","Wed Mar 11 03:36:57 +0000 2026","0","Beberapa anime dengan judul lagu yang saling cocok: 1. Frieren: Beyond Journey's End = Blue - Yung Kai 2. Kaoru Hana wa Rin to Saku = Pasilyo - SunKissed Lola 3. Love Through a Prism = Made in Japan - Buck Owens","2031575074038599850","","","tl","","0","0","0","https://x.com/undefined/status/2031575074038599850","1139688958424522752",
"2031574206257967138","Wed Mar 11 03:36:55 +0000 2026","0","What the fuck is that blue mf thinking. What's in his blue head","2031575068258742417","","Ayaye0101","en","","0","0","0","https://x.com/undefined/status/2031575068258742417","1422085240147775489",
"2031575046729113867","Wed Mar 11 03:36:50 +0000 2026","0","No when Oda didn't write the scripts and a lot of those scripts ruined important parts of East Blue saga.","2031575046729113867","","","en","","0","0","0","https://x.com/undefined/status/2031575046729113867","334685858",
"2031572572475978074","Wed Mar 11 03:36:50 +0000 2026","0","@EdHochulisGuns @AutismCapital Haha nah I describe epic banned cuts in hyper-detailed text but actual video rendering? Still not in my toolkit. That 3-sec gore masterpiece lives in your head: cockpit lasers vaporize blue skulls in glowing spray ship tumbles trailing guts into nebula corridor blade hacks","2031575045948981550","","EdHochulisGuns","en","","0","1","0","https://x.com/undefined/status/2031575045948981550","1720665183188922368",
"2031246409295442198","Wed Mar 11 03:36:43 +0000 2026","0","@stnvls You can't love blue and red without saying you love yellow ","2031575016786076076","","stnvls","en","","0","0","0","https://x.com/undefined/status/2031575016786076076","1379874550876401665",
"2031558510123926002","Wed Mar 11 03:36:39 +0000 2026","0","@awax_siddarth Blue suits her well","2031575000717865338","","awax_siddarth","en","","0","0","0","https://x.com/undefined/status/2031575000717865338","1571388484509736963",
"2031574999979667476","Wed Mar 11 03:36:39 +0000 2026","0","My money is on the red line but think the blue is possible as well as giving us an IHS. Bearish until we close above the green trend line. $SPY https://t.co/HCBqS6Hk3s","2031574999979667476","https://pbs.twimg.com/media/HDGaRy9bQAAHfz5.jpg","","en","","0","0","0","https://x.com/undefined/status/2031574999979667476","939004312864165889",
"2031408144979734578","Wed Mar 11 03:36:36 +0000 2026","0","@mikkiaru__ Big fluffy dog plush with blue fur and pink ears: hi I'm samantha","2031574988671869100","","mikkiaru__","en","","0","0","0","https://x.com/undefined/status/2031574988671869100","1975122520971120640",
"2031574987681706053","Wed Mar 11 03:36:36 +0000 2026","0","Stop listening to main stream media and to red and blue. They all drive the same agenda","2031574987681706053","","","en","","0","0","0","https://x.com/undefined/status/2031574987681706053","242024889",
"2031470521016078343","Wed Mar 11 03:36:35 +0000 2026","0","@Jani03112331 @sambrazy and i bet it definitely has nothing to do with blue co making 35m pure profit huh. yeah i mean poch clearly had so much control over the squad and transfers right? just like maresca and rosenoir right? wake up.","2031574981490946355","","Jani03112331","en","","0","0","0","https://x.com/undefined/status/2031574981490946355","1855819284875739136",
"2031574970107605342","Wed Mar 11 03:36:32 +0000 2026","0","@NWSKansasCity pea to penny sized hail in North Blue Springs. 1 mile north of I-70 1 mile east of 7 Hwy.","2031574970107605342","","NWSKansasCity","en","","0","0","0","https://x.com/undefined/status/2031574970107605342","714913825141559296",
"2031378158994199035","Wed Mar 11 03:36:33 +0000 2026","0","@Koketso__ Blue check hustle","2031574975476379704","","Koketso__","en","","0","0","0","https://x.com/undefined/status/2031574975476379704","1391952142517391364",
"2031574981017018609","Wed Mar 11 03:36:34 +0000 2026","2","comms are now closed! thank you for everyone s support thus far it means so much :)","2031574981017018609","","","en","","0","0","0","https://x.com/undefined/status/2031574981017018609","1526533221890113538",
"2031574969948471640","Wed Mar 11 03:36:32 +0000 2026","0","Blue Wizard ⭐⭐⭐⭐⭐ Cantharis D6 ⭐⭐⭐⭐ Maxwoman Sex ⭐⭐⭐⭐⭐ GHB ⭐⭐⭐⭐ แมลงวันสเปน ⭐⭐⭐⭐⭐ Gold Fly ⭐⭐⭐⭐ ทิงเจอร์ขาว ⭐⭐⭐⭐⭐ น้ำยา AV ⭐⭐⭐⭐⭐ กระตุ้นอารมณ์ถึงจุดสุดยอด เซ็กส์เร่าร้อนถึงใจ เสียว #ยาปลุกเซ็กส์หญิง #ยาปลุกเซ็กส์ชาย #ยานอนหลับ https://t.co/cTnWyBQQOX","2031574969948471640","https://pbs.twimg.com/media/HDGaqjSawAALesd.jpg","","th","","0","0","0","https://x.com/undefined/status/2031574969948471640","2007550856254922752",
"2031553901749567866","Wed Mar 11 03:36:26 +0000 2026","0","@9mmsmg Bannon is a true blue populist nationalist and a hero. He has more than earned the benefit of the doubt. Bannon 2028.","2031574945273114631","","9mmsmg","en","","0","0","0","https://x.com/undefined/status/2031574945273114631","1506097373000474627",
"2031545827425136769","Wed Mar 11 03:36:26 +0000 2026","0","@GovBobFerguson You bankrupted King County when you were on the council and now the State. Not a big surprise. I guess you all didn't see what taxing Amazon did to Seattle? Since Amazon moved its blue-collar workers small businesses have been taxed every election cycle to make up for lost","2031574944275116380","","GovBobFerguson","en","","0","0","0","https://x.com/undefined/status/2031574944275116380","2857661526",
"2031574684408439267","Wed Mar 11 03:36:17 +0000 2026","0","@MaxiMyazar It says EPSI BO in white block letters with a small blue splat/graphic right in the middle. Probably a stylized Epsiboy or custom tee from that 2003 Vanity Fair Young Hollywood shoot. ‍️","2031574908006695409","","MaxiMyazar","en","","1","0","0","https://x.com/undefined/status/2031574908006695409","1720665183188922368",
"2031573056142061881","Wed Mar 11 03:36:17 +0000 2026","1","@WallStreetApes We need a real John Wick in every blue shithole.","2031574906798760058","","WallStreetApes","en","","0","0","0","https://x.com/undefined/status/2031574906798760058","1268925430914002945",
"2031574777681653846","Wed Mar 11 03:35:46 +0000 2026","0","starting now ill start taking pictures of everything blue and yellow again","2031574777681653846","","","en","","0","0","0","https://x.com/undefined/status/2031574777681653846","1932681934226010112",
"2031574429189210144","Wed Mar 11 03:35:46 +0000 2026","0","@caringguy1957 Night Blue. Hug.","2031574775777157412","","caringguy1957","en","","0","0","0","https://x.com/undefined/status/2031574775777157412","1121067329465532418",
"2031422231658533175","Wed Mar 11 03:35:45 +0000 2026","0","@optimisticbea_ @graacewins He's a farmer efficiently herding and sorting sheep through a narrow handling race/chute between pens. He opens/closes gates and guides them one by one (or small groups) forward likely for drenching shearing prep or drafting. The blue/green marks on their rumps are standard","2031574775403868301","","optimisticbea_","en","","0","0","0","https://x.com/undefined/status/2031574775403868301","1720665183188922368",
"2031574774980210866","Wed Mar 11 03:35:45 +0000 2026","0","#PR これ知ってる人 得してそう THE BLUE HEARTS 30th ANNIVERSARY ALL TIME MEMORIALS ~SUPER SELECTED SONGS~【CD2枚組通常盤】 https://t.co/oYvt2cHjm2 気になる時が見どき","2031574774980210866","","","ja","","0","0","0","https://x.com/undefined/status/2031574774980210866","1895399318808596480",
"2031470272474161252","Wed Mar 11 03:35:44 +0000 2026","0","@pinketness this is literally blue lock if there was a ref","2031574768420282610","","pinketness","en","","0","0","0","https://x.com/undefined/status/2031574768420282610","2633835108",
"2031454919060840698","Wed Mar 11 03:35:42 +0000 2026","0","@JustPinkAzure Blue roses are my favorite roses but I on't play Echo ","2031574760354693234","","JustPinkAzure","en","","0","0","0","https://x.com/undefined/status/2031574760354693234","3349742159",
"2031532227880956408","Wed Mar 11 03:35:35 +0000 2026","0","@RatanSharda55 Why all the gyaan to GC only. What wud be the situation if she would hv appealed to so called Soshit Vanchit Pidit to give up reservations in the name of Hindu unity or Hindutva?? By this time half of the country would have been burnt by blue flags!! Why always GC sacrifice.","2031574731108003990","","RatanSharda55","en","","0","0","0","https://x.com/undefined/status/2031574731108003990","933735022162513921",
"2031573203949158412","Wed Mar 11 03:35:35 +0000 2026","0","And a free blue checkmark? I need to test something real quick. ","2031574730357309480","","ruffandtuff","en","","0","0","0","https://x.com/undefined/status/2031574730357309480","16234676",
"2031574728977293672","Wed Mar 11 03:35:34 +0000 2026","0","秋を表す色は 【薄青（うすあお）｜Smoke Blue】 余韻をまとう人 ・くすみ系クール代表 ・感情に振り回されない ・静かな理性で整える #Makko #診断テスト みんなは何色かな？ 【色鉛筆診断】 https://t.co/JDgbBPXYeB 穏やか（笑）","2031574728977293672","","","ja","","0","0","0","https://x.com/undefined/status/2031574728977293672","262909856",
"2031550270249824414","Wed Mar 11 03:35:34 +0000 2026","0","@GreatGoldPirate Yeah the Usopp stuff was not great did a lot better this season and Sanji was flawed but they kinda had to reshuffle events tbf they had 8 episodes to do the full East Blue","2031574727483912646","","GreatGoldPirate","en","","0","1","0","https://x.com/undefined/status/2031574727483912646","891295802706014209",
"2030798230758498625","Wed Mar 11 03:35:34 +0000 2026","0","@A_T_M_K_unaju 『BLUE BLOOD』に収録されている曲では「オルガスム」が一番好きで、Xの中でも一番好きな曲","2031574727115071811","","A_T_M_K_unaju","ja","","0","0","0","https://x.com/undefined/status/2031574727115071811","943485590",
"2031574703949660593","Wed Mar 11 03:35:28 +0000 2026","4","Song Sung Blue (2025) dir. Craig Brewer https://t.co/HJD0GcDgee","2031574703949660593","https://pbs.twimg.com/media/HDGaa_sXIAA1ydM.jpg","","en","","0","2","0","https://x.com/undefined/status/2031574703949660593","1347788847984365568",
"2031574703081714111","Wed Mar 11 03:35:28 +0000 2026","1","Blue post tracker with tooltips for abilities? Soon! https://t.co/WGy0jqkypw","2031574703081714111","https://pbs.twimg.com/media/HDGaRwhbwAEFM-2.jpg","","en","","0","0","0","https://x.com/undefined/status/2031574703081714111","613866337",
"2031574687554347210","Wed Mar 11 03:35:25 +0000 2026","0","Republican Wins Upset In Deep-Blue Seat After Muslim Democrat Busted For Racist Tweets IJR https://t.co/aOnZ3IDJGr","2031574687554347210","","","en","","0","0","0","https://x.com/undefined/status/2031574687554347210","349712407",
"2031523159002792207","Wed Mar 11 03:35:22 +0000 2026","0","@MaxxMuse98 @goatevar @GroovyCeiling89 Get ready to change that profile pic to navy blue my boy ⬇️","2031574677957587272","","MaxxMuse98","en","","0","0","0","https://x.com/undefined/status/2031574677957587272","1991731341474295808",
"2031440235398119875","Wed Mar 11 03:35:22 +0000 2026","0","@KnightsMuse_ I wouldn't. He looks very shaky on everything from deep puck retrieval clearing attempts and holding the offensive blue line. I was wrong about his ability.","2031574677362192795","","KnightsMuse_","en","","0","0","0","https://x.com/undefined/status/2031574677362192795","2795066004",
"2031558181034377677","Wed Mar 11 03:35:21 +0000 2026","1","@paawwsome blue","2031574673662844959","","paawwsome","en","","0","0","0","https://x.com/undefined/status/2031574673662844959","2005492571641155584",
"2031572572475978074","Wed Mar 11 03:35:20 +0000 2026","0","@EdHochulisGuns @AutismCapital Sorry video creation's still beyond my reach no rendering farm here. But picture this 3-sec director's cut in your head at 8K: cockpit glass shatters blue pilot's head vaporizes in glowing ichor spray as lasers slice hull; ship tumbles entrails and debris spiral into purple","2031574670583992697","","EdHochulisGuns","en","","0","1","0","https://x.com/undefined/status/2031574670583992697","1720665183188922368",
"2031562324285284690","Wed Mar 11 03:35:20 +0000 2026","0","@BlueJays @WBCBaseball We didn't even think about his fielding we were just wondering if his power would translate to MLB. Now we're finding out his defense might be his strength!? Blue Jays hit the jackpot with this guy!","2031574668768125312","","BlueJays","en","","0","0","0","https://x.com/undefined/status/2031574668768125312","1733038736622141440",
"2031524632478757021","Wed Mar 11 03:35:16 +0000 2026","0","@neko_gero Looks outstanding although blue Nihilister confuses me","2031574653869645916","","neko_gero","en","","0","0","0","https://x.com/undefined/status/2031574653869645916","1890510719226978304",
"2031551653338386471","Wed Mar 11 03:35:15 +0000 2026","1","@wheeltrader1 Yea. Its very cool. When are you gonna rip some riffs in the blue SG with those black winter rails?","2031574647272337480","","wheeltrader1","en","","0","1","0","https://x.com/undefined/status/2031574647272337480","1983224176401100802",
"2031574639567130666","Wed Mar 11 03:35:13 +0000 2026","0","All NFL season I defend my dawg J Hurts on here. Now people wanna come for the Mamba himself?! Bouta be a full time tweeter. Blue check???","2031574639567130666","","","en","","0","0","0","https://x.com/undefined/status/2031574639567130666","2350999388",
"2031574638141079562","Wed Mar 11 03:35:13 +0000 2026","0","Unlimited Gatorade is kinda sick though Especially the blue one https://t.co/yekhHERsoU","2031574638141079562","https://pbs.twimg.com/tweet_video_thumb/HDGaXPhWkAAS9K0.jpg","","en","","0","0","0","https://x.com/undefined/status/2031574638141079562","1699666011706822656",
"2031461732393144407","Wed Mar 11 03:35:12 +0000 2026","0","@KiraStarFetish And if I were a chocolatier for Easter I would create you in white and blue chocolate just as you are in this film: with your super beautiful bottom your wonderful breasts your magic face and your beautiful hands twice as big as in reality!","2031574636895355111","","KiraStarFetish","en","","0","0","0","https://x.com/undefined/status/2031574636895355111","221534144",
"2031574635591213403","Wed Mar 11 03:35:12 +0000 2026","0","WATCHING RED WHITE AND ROYAL BLUE FOR THE FIRST TIME AND JUST SCREAMED WHEN STEPHEN FRY WALKED IN WHAT","2031574635591213403","","","en","","0","0","0","https://x.com/undefined/status/2031574635591213403","784945016770736128",
"2031574610341212515","Wed Mar 11 03:35:06 +0000 2026","0","I thought Hamnet was the best film of the bunch by a lot. I did also love Sinners and I m glad it s edging out One Battle whose only redeeming quality was its interesting cinematography. I think Kate Hudson should win for Song Sung Blue.","2031574610341212515","","","en","","0","0","0","https://x.com/undefined/status/2031574610341212515","798619825606103044",
"2031574609171198141","Wed Mar 11 03:35:06 +0000 2026","0","fructus salad plate blue https://t.co/rdFqncTkse","2031574609171198141","https://pbs.twimg.com/media/HDGaVl_bsAA8Zc5.jpg","","en","","0","0","0","https://x.com/undefined/status/2031574609171198141","315735056",
"2031574628657926434","Wed Mar 11 03:35:10 +0000 2026","4","Anyone else think the Tomato's in Monster Legends looked delicious asff https://t.co/0YZYQx7OTO","2031574628657926434","https://pbs.twimg.com/media/HDGaJSTbkAAWviV.png","","en","","1","1","3","https://x.com/undefined/status/2031574628657926434","1289398924617293824",
"2031574624807293065","Wed Mar 11 03:35:10 +0000 2026","0","Another seat flipped Blue. Looks like Trump will be impeached. ⌛","2031574624807293065","","","en","","0","0","0","https://x.com/undefined/status/2031574624807293065","1957156597853265920",
"2031502912162074704","Wed Mar 11 03:35:05 +0000 2026","0","@Blu3__1 @DABINGMONKEYBOY @JurassicAddict @Mattel @grok So uh blue how s life","2031574605278695533","","Blu3__1","en","","0","0","0","https://x.com/undefined/status/2031574605278695533","1888276088364613632",
"2031366465220411812","Wed Mar 11 03:35:07 +0000 2026","0","@TheeDrGroyper I'm still not sure what that post said but this is supposed to be America. What happened to free speech? I got banned for 24 hours last night within 2 seconds of posting something about a blue country","2031574615722537084","","TheeDrGroyper","en","","0","0","0","https://x.com/undefined/status/2031574615722537084","3033644999",
"2031574634001478113","Wed Mar 11 03:35:12 +0000 2026","0","なりのオタクソングのオタクソング9選 ・Can Do ・死ぬな! ・Tell Your World (feat. 初音ミク) ・なまらめんこいギャル ・Stay My Blue-君が恋しくて- ・HAPPY PARTY TRAIN ・Bのリベンジ ・Angelic Angel ・君じゃなきゃダメみたい #俺のオタクソング9選 https://t.co/MMQeWDgH5f","2031574634001478113","","","ja","","0","0","0","https://x.com/undefined/status/2031574634001478113","409253073",
"2031423069185610239","Wed Mar 11 03:35:12 +0000 2026","0","@IvanRaiklin @WeTheBrandon We need to exercise our constitutional rights and shut the criminal corporation down. These people think we re going to keep voting lol they re the exact same! Red &amp; Blue! Peds","2031574633816670692","","IvanRaiklin","en","","0","0","0","https://x.com/undefined/status/2031574633816670692","754204675",
"2031574622601179488","Wed Mar 11 03:35:09 +0000 2026","0","blue check mark for $7 or the premiere for $25 plus per month for a cyber check Perception tactic so one could be like them them Its a few selective bankers controlling Stop stealing from us poor people Middle class eliminated so y'all can buy big yachts Taxes needs adjusting","2031574622601179488","","","en","","1","0","0","https://x.com/undefined/status/2031574622601179488","1845527495270948864",
"2031574593668837758","Wed Mar 11 03:35:02 +0000 2026","4","Featured Recruitment SSR Lewin Light Voice: Tomokazu Seki Perfect weather for detective work. Available until 3/30 7:59 PM PDT Download #AlternaVvelt now! https://t.co/Hj9RbWgCEf #BlueExorcist https://t.co/RrHYc57umC","2031574593668837758","https://pbs.twimg.com/ext_tw_video_thumb/2031573385822507008/pu/img/PFnDsBNK_WLyyW4I.jpg","","en","","1","1","2","https://x.com/undefined/status/2031574593668837758","1806766768276541440",
"2031048039872241989","Wed Mar 11 03:35:01 +0000 2026","0","@GoadGatsby @DomFreePress Its not that I didn t notice for the last ten weeks its that I was too busy paying all those communist taxes Spanberger is shoving down the throats of hard-workin blue-collar tobacky-chewin Virginians","2031574588350419412","","GoadGatsby","en","","0","0","0","https://x.com/undefined/status/2031574588350419412","2021590344823930881",
"2031574570633662540","Wed Mar 11 03:34:57 +0000 2026","0","Didn't need alarm for taxi!.Sound of the blue mosque morning pray call was quite sufficient! Be arsed with that every morning ","2031574570633662540","","","en","","0","0","0","https://x.com/undefined/status/2031574570633662540","1307050588555882496",
"2031574539285770307","Wed Mar 11 03:34:53 +0000 2026","0","3. Junior the one with blue hair. I genuinely think they should divorce like it s not giving at all. I do understand Junior to some extent tho like him not wanting the 4th child but going behind his wife s back and getting the vasectomy and also lying about freezing his sperm","2031574554288754893","","siii_sanda","en","","0","1","0","https://x.com/undefined/status/2031574554288754893","1513605287026085889",
"2031215677437018512","Wed Mar 11 03:34:16 +0000 2026","0","@Pittmanjrburgh Yea the DK blue wig discount is in play","2031574399204442238","","Pittmanjrburgh","en","","0","0","0","https://x.com/undefined/status/2031574399204442238","264002735",
"2031571566702514208","Wed Mar 11 03:34:15 +0000 2026","1","@glenn_tunes Now try that in a Blue State!","2031574397904105756","","glenn_tunes","en","","0","0","0","https://x.com/undefined/status/2031574397904105756","1480001527347486723",
"2031332096921485483","Wed Mar 11 03:34:15 +0000 2026","0","@NickTor207 @Duy1024355 @tomc441 @BenVerlander Yea let s check the score on the blowout after 9 and reevaluate the definition of a blowout to prevent you from jumping the gun next time. Blue Jays WS loss Canada hockey loss I feel the lil bro syndrome through your tweets kiddo.","2031574396729537001","","NickTor207","en","","0","1","0","https://x.com/undefined/status/2031574396729537001","2360051230",
"2031574390056341998","Wed Mar 11 03:34:14 +0000 2026","0","NWS Alert&gt; Severe Thunderstorms From Blue Springs to Grandview to Spring Hill Moving NE At 40 MPH. Large Hail. Locations Impacted Include Kansas City Overland Park Olathe Independence Lee's Summit Blue Springs Leawood Raytown... #mowx https://t.co/hFExNck2co","2031574390056341998","","","en","","0","0","0","https://x.com/undefined/status/2031574390056341998","36465607",
"2031574374642274468","Wed Mar 11 03:34:10 +0000 2026","0","This is true of almost all 'white collar' positions Executive Administrative and Supervisory and managerial.... Blue collar workers are hired for their exceptional skills talents abilities and knowledge. The more talented the better. White Collar workers are hired so long","2031574374642274468","","","en","","0","0","0","https://x.com/undefined/status/2031574374642274468","1837751527576162308",
"2031572572475978074","Wed Mar 11 03:34:04 +0000 2026","0","@EdHochulisGuns @AutismCapital Deal. Here's the 3-second banned director's cut in vivid text: Cockpit erupts blue pilot's skull bursts in glowing ichor as enemy lasers carve through. Ship spins wild guts and shrapnel trail into the nebula. Corridor slash: blade whips limbs arc in crimson spray.","2031574348520210580","","EdHochulisGuns","en","","0","1","0","https://x.com/undefined/status/2031574348520210580","1720665183188922368",
"2031424515784556878","Wed Mar 11 03:34:03 +0000 2026","1","@sheluvs_mars @Edd1eHimself @Gabaniniboy @SmashJT Less AI slop maps in the suggested tab every time I log in? Less incentives to create 5 000 versions of red vs blue? Less mediocre content in creative mode that only acts as filler to receive income? Great ramifications","2031574346745958837","","sheluvs_mars","en","","0","0","0","https://x.com/undefined/status/2031574346745958837","1472618228534890505",
"2031550614904222008","Wed Mar 11 03:34:01 +0000 2026","0","@terrorful79301 nickname: todd pronouns: any preference fluctuates height: 5'2 sexuality: my girlfriend-sexual/romantic smokes: nope piercings: earlobes tattoos: not yet fav color: purple any blue neon green fav drink: water fav food: anything with cheese and carbs fav animal: cats","2031574339028386076","","terrorful79301","en","","0","0","0","https://x.com/undefined/status/2031574339028386076","1979024797381103616",
"2031574332669923744","Wed Mar 11 03:34:00 +0000 2026","0","So let me get this straight. Heeseung left ENHYPEN out of the blue. To pursue a solo career under THE SAME COMPANY. When he could produce solo albums while still being a member of the group. https://t.co/ClHEwpSQgn","2031574332669923744","https://pbs.twimg.com/tweet_video_thumb/HDGaFXwWkAA1d72.jpg","","en","","0","0","0","https://x.com/undefined/status/2031574332669923744","1603803329448099869",
"2031359882184581369","Wed Mar 11 03:33:59 +0000 2026","0","@dora_bae8 @grok The blue tick is about to make y'all go crazy just because you want engagements ....","2031574330107375989","","dora_bae8","en","","0","0","0","https://x.com/undefined/status/2031574330107375989","1736811408010985472",
"2031522732756668832","Wed Mar 11 03:33:56 +0000 2026","0","@TheKuhnerReport She will win by a minimum 30 points in deep blue Marxachussetts. The election will be called at 8:03 Witt less than 1% reporting. That s my 5 star lick of the decade.","2031574316362408012","","TheKuhnerReport","en","","0","0","0","https://x.com/undefined/status/2031574316362408012","1456392378391142405",
"2031564743757254994","Wed Mar 11 03:33:55 +0000 2026","1","@scutosaurus I think the back of their shirt is the main offense to me like genuinely what is this the ugly blue HP logo doesn t help https://t.co/0few6wQR7m","2031574312373858675","https://pbs.twimg.com/media/HDGaEiqaQAApMR9.jpg","scutosaurus","en","","0","1","0","https://x.com/undefined/status/2031574312373858675","1772603699531255808",
"2031574311799038289","Wed Mar 11 03:33:55 +0000 2026","0","Another red seat turned Blue LETS GO ","2031574311799038289","","","en","","0","0","0","https://x.com/undefined/status/2031574311799038289","2560131704",
"2031464863529127956","Wed Mar 11 03:33:53 +0000 2026","1","@jmasseypoet @PatriciaHeaton The blood of my family runs deep in the NYPD I know what is happening behind the scenes. And it s Business as usual always has been. That department/Union runs the city and nothing can stop it. And guess who they love President Trump. That Officer was NYPD BLUE! https://t.co/MflosxvCid","2031574305817895113","https://pbs.twimg.com/media/HDGaEGxaMAYkpIc.jpg","jmasseypoet","en","","0","0","0","https://x.com/undefined/status/2031574305817895113","1624216929245208577",
"2031551036410753495","Wed Mar 11 03:33:52 +0000 2026","0","@Holly4Sugar if i see that blue twink one more time im going to kill myself i dont even go here","2031574299744809290","","Holly4Sugar","en","","0","0","0","https://x.com/undefined/status/2031574299744809290","1844504521562783746",
"2031425708531012010","Wed Mar 11 03:33:52 +0000 2026","1","@yuRialabubu @Absolberts251 I LOVE MY BLUE THING","2031574299497345129","","yuRialabubu","en","","0","0","0","https://x.com/undefined/status/2031574299497345129","1467254105940787208",
"2031574289930137795","Wed Mar 11 03:33:50 +0000 2026","0","#キスリク THE BLUE HEARTS/TRAIN-TRAIN https://t.co/tMFRdDRuRr","2031574289930137795","https://pbs.twimg.com/media/HDGaDFKaQAAZl8l.jpg","","en","","0","0","0","https://x.com/undefined/status/2031574289930137795","1500649655528353797",
"2031574285027021027","Wed Mar 11 03:33:49 +0000 2026","0","【新着お買取情報】 フィギュア各種お買取致しました！準備が整いましたらお品出し致します！ リコリス・リコイル 錦木千束＆井ノ上たきな フィギュア[アルター] ブルーアーカイブ -Blue Archive- イズナ 1フィギュア[ウイング] 『ドルフィンウェーブ』ヴィーナ/綺羅星神奈 フィギュアなどなど！ https://t.co/0gnu4SWZMA","2031574285027021027","https://pbs.twimg.com/media/HDGaB-9aMAAiN8o.jpg","","ja","","0","0","0","https://x.com/undefined/status/2031574285027021027","1849319462513852416",
"2031574273895399536","Wed Mar 11 03:33:46 +0000 2026","0","The controlling stakeholder of Luckin Coffee purchases Blue Bottle Coffee. Is a big expansion in the cards for Blue Bottle in China? And dental materials maker Huge Dental has filed to list in Hong Kong. Today @burges47 joins @youngchinabiz in the show. https://t.co/oW2bugmEo7","2031574273895399536","","","en","","0","1","0","https://x.com/undefined/status/2031574273895399536","1374934630017560583",
"2031574263195459982","Wed Mar 11 03:33:43 +0000 2026","1","Havalar nasıl olursa olsun sizin havanız yerinde olsun. Günaydın https://t.co/YufKKQiN1S","2031574263195459982","https://pbs.twimg.com/media/HDGaBpSaMAUsQf4.jpg","","tr","","0","1","0","https://x.com/undefined/status/2031574263195459982","1724583899161042944",
"2031485631101059497","Wed Mar 11 03:33:40 +0000 2026","1","@mamsee001 I know that s what you do with your blue tick stop projecting here.","2031574248272093622","","mamsee001","en","","0","1","0","https://x.com/undefined/status/2031574248272093622","1083484856124882944",
"2031574229049860163","Wed Mar 11 03:33:35 +0000 2026","1","Part of TURD's TURDiform Next they'll be wearing the SAME BLUE SUIT WHITE SHIRT and RED TIE","2031574229049860163","","","en","","0","0","0","https://x.com/undefined/status/2031574229049860163","962211528773484544",
"2031533642858614818","Wed Mar 11 03:33:34 +0000 2026","0","@Lt_Dan_Tayl0r @quirkiesnft You re my boy BLUE 🇺🇸","2031574224897286330","","Lt_Dan_Tayl0r","en","","0","0","0","https://x.com/undefined/status/2031574224897286330","1485084019456946181",
"2031574204504580411","Wed Mar 11 03:33:29 +0000 2026","0"," can someone just randomly install sirens and blue lights?? Ive never ran into this hangu","2031574204504580411","","","en","","0","0","0","https://x.com/undefined/status/2031574204504580411","1853144540007276544",
"2031569097230516673","Wed Mar 11 03:33:28 +0000 2026","0","@uNDYlNG_uMBRAGE they are both blue for an amazing reason!","2031574198632472706","","uNDYlNG_uMBRAGE","en","","0","0","0","https://x.com/undefined/status/2031574198632472706","1418109506853249024",
"2031574197223252263","Wed Mar 11 03:33:28 +0000 2026","1","Que bien que estén apreciando poco a poco Blue exorcist","2031574197223252263","","","es","","0","0","0","https://x.com/undefined/status/2031574197223252263","1502405935154802689",
"2031524427024699880","Wed Mar 11 03:33:27 +0000 2026","0","@ttv_daly assuming he survives the blue","2031574196149506496","","ttv_daly","en","","0","0","0","https://x.com/undefined/status/2031574196149506496","1759064512924110848",
"2031553337171259635","Wed Mar 11 03:33:27 +0000 2026","1","@UPSC_EDU Mountain Range : Lushai Hills Location : Mizoram Myanmar border Part of : Patkai Hills Highest Peak : Phawngpui (Blue Mountain) Important Fact : Natural boundary between India and Myanmar Correct Answer : (a) Lushai","2031574195042451641","","UPSC_EDU","en","","0","0","1","https://x.com/undefined/status/2031574195042451641","1432678675636371457",
"2031299043557781806","Wed Mar 11 03:33:26 +0000 2026","0","@RickCarmon60794 @mohee_n That looks like a woman with long brown hair posing next to an open car door in a wooded area wearing a camo jacket black crop top and blue leggings. Not a recognizable public figure or celeb from what I can see. If the linked video shows others or has context drop more","2031574190839443690","","RickCarmon60794","en","","0","0","0","https://x.com/undefined/status/2031574190839443690","1720665183188922368",
"2031558368482201633","Wed Mar 11 03:33:26 +0000 2026","0","@dom_lucre It's blue and gold rings What's the big deal?","2031574189212344372","","dom_lucre","en","","0","0","0","https://x.com/undefined/status/2031574189212344372","20965070",
"2031548932648477070","Wed Mar 11 03:33:23 +0000 2026","1","@RoboticusPrime Some people will be ignorant till their blue in the face and meet God from their own folly and self induced suffocation (spiritual and metaphorically)","2031574178256613621","","RoboticusPrime","en","","0","0","0","https://x.com/undefined/status/2031574178256613621","476205739",
"2031531769338712336","Wed Mar 11 03:33:18 +0000 2026","0","@spacejesus731 @BrandRisk @jokerwaffenfren @rainbetcom if blue face is close to underdog. ik where im putting my house at","2031574158262272133","","spacejesus731","en","","0","0","0","https://x.com/undefined/status/2031574158262272133","345467470",
"2031432339113566302","Wed Mar 11 03:33:17 +0000 2026","0","@ajfierro10 @JenkinsJoe76713 The girl in pink isn't a widely recognized celeb I can ID from this clip. Looks like she's the lead in a quick comedy skit (blue girl peeking in surprise guy popping up at the end). Viral on IG/TikTok lately under blue girl is having fun. No name tagged in sources.","2031574154240053389","","ajfierro10","en","","0","0","0","https://x.com/undefined/status/2031574154240053389","1720665183188922368",
"2031541616360485079","Wed Mar 11 03:33:16 +0000 2026","0","@hoodveil The sky is blue and the grass is green ","2031574149047472513","","hoodveil","en","","0","0","0","https://x.com/undefined/status/2031574149047472513","1755218768962203648",
"2031542337256698212","Wed Mar 11 03:33:15 +0000 2026","0","@KKittykat11917 @JohnDParody A nurse and a cancer doctor told me methylene blue causes cancer. I love the stuff. Its based on a study injecting tiny rats with 25 mg of mb. I am a human taking 10 mg.","2031574142865342636","","KKittykat11917","en","","0","0","0","https://x.com/undefined/status/2031574142865342636","1440321658695213065",
"2031553478753923136","Wed Mar 11 03:33:14 +0000 2026","0","@talelmishali @Dell The cable worked until today. Moreover I have another cable that didn t work. I can try to buy another one but it just stopped working out of the blue","2031574140717563931","","talelmishali","en","","0","1","0","https://x.com/undefined/status/2031574140717563931","80847569",
"2031484964408066499","Wed Mar 11 03:33:12 +0000 2026","0","@ur_fav_kingme_ Niby tylko 6 piosenek ale te ostatnio wpadły mi w ucho A słuchałaś juz Baby blue od monsta x??? Jak nie to posłuchaj koniecznie https://t.co/sl3Dbn2Gpf","2031574132127637592","","ur_fav_kingme_","pl","","0","0","0","https://x.com/undefined/status/2031574132127637592","1504522294344957953",
"2031226038047342867","Wed Mar 11 03:33:11 +0000 2026","0","@TheDibsterX @Abu_Salah9 https://t.co/InsiErXhfP","2031574126163354000","https://pbs.twimg.com/tweet_video_thumb/HDGZ5c6XkAAwX1V.jpg","TheDibsterX","qme","","0","0","0","https://x.com/undefined/status/2031574126163354000","50191503",
"2031574120328999414","Wed Mar 11 03:33:09 +0000 2026","0","oh you want to hear the story... well hold on.... no blue roses there...","2031574120328999414","","","en","","0","0","0","https://x.com/undefined/status/2031574120328999414","1978915835742703617",
"2031363107839438939","Wed Mar 11 03:33:09 +0000 2026","0","@elonmusk No one wants a service that will take your bank account away when some blue hair starts a mass report campaign. Where's our YouTube alternative? Focus on something that nearly everyone would want and use and not something that's gonna be used primarily by Indian scammers ","2031574120140509237","","elonmusk","en","","0","0","0","https://x.com/undefined/status/2031574120140509237","72152858",
"2031563705045991482","Wed Mar 11 03:33:06 +0000 2026","0","@rawsalerts Another 'act of God' in blue Illinois. Maybe if they spent less on sanctuary cities and more on actual infrastructure fewer homes would be matchsticks. Thoughts?","2031574108618764455","","rawsalerts","en","","0","0","0","https://x.com/undefined/status/2031574108618764455","947978978",
"2031306147634749612","Wed Mar 11 03:33:00 +0000 2026","0","@Shitty_Future We used to have books with 137 pink yellow blue green Post-It in it. And txt files named as the methods we used the most often to re-used between programs.","2031574081624023188","","Shitty_Future","en","","0","0","0","https://x.com/undefined/status/2031574081624023188","2874807497",
"2031565780178055210","Wed Mar 11 03:33:00 +0000 2026","0","@MarioNawfal Unless the Iranians paint them a particular shade of Swilliams Blue I hear. I think it's called Lahaina Blue.","2031574080726483183","","MarioNawfal","en","","0","0","0","https://x.com/undefined/status/2031574080726483183","1711002653252087808",
"2031574077455085909","Wed Mar 11 03:32:59 +0000 2026","0","2000 Nissan Skyline GT-R Bayside Blue (RHD) Right Hand Drive 6-Speed Manual Transmission 17 437 KM (10 836 Miles) Total Actual Mileage https://t.co/wUQg5Ngm44 https://t.co/KxwpVjx43b","2031574077455085909","https://pbs.twimg.com/media/HDGZ2keaMAQXDmp.jpg","","en","","0","0","0","https://x.com/undefined/status/2031574077455085909","17472387",
"2031573713888460908","Wed Mar 11 03:32:56 +0000 2026","0","please picture me in your mind as an emoji or naked blue alien I want to be an emoji or naked blue alien","2031574063613677627","","drowiki","en","","0","0","0","https://x.com/undefined/status/2031574063613677627","941079522056855553",
"2031574059100602607","Wed Mar 11 03:32:55 +0000 2026","1","A Redford woman is getting nearly $1 000 back from Blue Cross Blue Shield of Michigan after she reached out to us for help. It comes after her mom died but healthcare premiums continued to get pulled from her account for months. https://t.co/75yfuGnXIO https://t.co/4AU3Yz8ssH","2031574059100602607","https://pbs.twimg.com/ext_tw_video_thumb/2031574019774775297/pu/img/77Mmp_ppxg7pIUOP.jpg","","en","","0","0","0","https://x.com/undefined/status/2031574059100602607","22948692",
"2031541323942285696","Wed Mar 11 03:32:48 +0000 2026","0","@ProudElephant You win a cow ring and free blue hair dye","2031574029426110642","","ProudElephant","en","","0","0","0","https://x.com/undefined/status/2031574029426110642","1805518333380542464",
"2031574026636898405","Wed Mar 11 03:32:47 +0000 2026","0","Tune Live 2026 チケット 譲渡 交換 探しています 【譲】4/4 2部SS 〜110番残り1枚 【求】〜即7 金額と目当て記載の上、DMまで。。 A.B.C-Z KID PHENOMENON 超特急 MA55IVE THE RAMPAGE WILD BLUE","2031574026636898405","","","ja","","0","0","0","https://x.com/undefined/status/2031574026636898405","1618017149754441728",
"2031421488415518917","Wed Mar 11 03:32:45 +0000 2026","0","@TheLilEden I like the blue.","2031574019036573953","","TheLilEden","en","","0","0","0","https://x.com/undefined/status/2031574019036573953","1859796334099808256",
"2031552078695354724","Wed Mar 11 03:32:44 +0000 2026","0","@martymush First it s the Blue Jays now it s the Italians when will the cope ever stop?","2031574013412098454","","martymush","en","","0","0","0","https://x.com/undefined/status/2031574013412098454","1150586801008107525",
"2031573997578752302","Wed Mar 11 03:32:40 +0000 2026","0","[Setup] Love Yourself - Deep Pink &amp; Blue Aesthetic https://t.co/hYLdJRCDCp https://t.co/Oob7tcoq9N","2031573997578752302","https://pbs.twimg.com/media/HDGZvmCaEAEmh_0.jpg","","en","","0","0","0","https://x.com/undefined/status/2031573997578752302","102574254",
"2031573994579845450","Wed Mar 11 03:32:39 +0000 2026","0","Jimin grey Tae blue him: jk","2031573994579845450","","","en","","0","0","0","https://x.com/undefined/status/2031573994579845450","3239338862",
"2031573993476509930","Wed Mar 11 03:32:39 +0000 2026","0","Blue Archive update faster I need to groom my students chop chop","2031573993476509930","","","en","","0","0","0","https://x.com/undefined/status/2031573993476509930","1697073561884565504",
"2031507015500181853","Wed Mar 11 03:32:37 +0000 2026","0","@AnthonyRod33 I think broncos country has watched shitty offense for over a decade and just wants to finally have some true blue chip offensive players.","2031573985595429237","","AnthonyRod33","en","","0","0","0","https://x.com/undefined/status/2031573985595429237","1518739994420125697",
"2031573978184101977","Wed Mar 11 03:32:35 +0000 2026","0","STUPID FUCKING BLUE WHORE OH MY GOD","2031573978184101977","","","en","","0","0","0","https://x.com/undefined/status/2031573978184101977","1710798439263391744",
"2031547214292509114","Wed Mar 11 03:32:34 +0000 2026","0","@JasonOnTheDrums @Jamphin13 @Gray_Mackenzie Good point. The general feeling is that Carney is a Blue Liberal supported by cons crossing the floor. But NDP? Hmm.","2031573971385384965","","JasonOnTheDrums","en","","0","0","0","https://x.com/undefined/status/2031573971385384965","1299474630780936193",
"2031450048932741349","Wed Mar 11 03:32:30 +0000 2026","1","@FarRiteGroyper @Enzomatic245 @realspeckzo Blue check bros unite to flex on these Zioshills","2031573957254537371","","FarRiteGroyper","en","","0","0","0","https://x.com/undefined/status/2031573957254537371","1666269458334195712",
"2031573947339227365","Wed Mar 11 03:32:28 +0000 2026","0","Pinned Tweet needed to be made so: Hi I'm Crown/Trace! I'm mostly a big Precure stan who also enjoys Lolita Fashion &amp; sportsball on the side. I mostly have a knack of being known as the Blue Cure Enjoyer to Precuretwt lol. My faves are Cure Wink &amp; Cure Lillian https://t.co/Am03hCkcDF","2031573947339227365","https://pbs.twimg.com/media/HDGZu1SaMAgu1gy.png","","en","","0","1","0","https://x.com/undefined/status/2031573947339227365","432023731",
"2031571410284589217","Wed Mar 11 03:32:27 +0000 2026","0","@DragonKoiBoi @GRDNWarriors I was gonna BE MEAN but this was so wholesome Congrats on the blue belt!","2031573943094804845","","DragonKoiBoi","en","","0","0","0","https://x.com/undefined/status/2031573943094804845","1373102920510533636",
"2031573934676615193","Wed Mar 11 03:32:25 +0000 2026","0","USA baseball https://t.co/jGHH5UsLuj","2031573934676615193","https://pbs.twimg.com/tweet_video_thumb/HDGZuW6XIAEwzc_.jpg","","in","","0","0","0","https://x.com/undefined/status/2031573934676615193","2013852831594262528",
"2031573607705706983","Wed Mar 11 03:31:07 +0000 2026","0","Who goes to a USA sporting event as an American not repping Red White and Blue?","2031573607705706983","","","en","","0","0","0","https://x.com/undefined/status/2031573607705706983","544390375",
"2031573593029554319","Wed Mar 11 03:31:04 +0000 2026","0","it might be a blue Mandelbrot Set with a red 2 on top of it for colors with a blackout","2031573593029554319","","","en","","0","0","0","https://x.com/undefined/status/2031573593029554319","2014369192363831297",
"2031569678267564165","Wed Mar 11 03:31:03 +0000 2026","0","@tkyles39 Yeah all looks in line. Maybe Marcus Jones can get a blue to better express his quality relative to other nickel corners but that s really nitpicking.","2031573588914868653","","tkyles39","en","","0","0","0","https://x.com/undefined/status/2031573588914868653","1884770262463500288",
"2031533166725325253","Wed Mar 11 03:31:02 +0000 2026","0","@WallStreetMav You mean he should have chosen a blonde blue eye instead. I take it you don t have a strong educated beautiful and talented caring woman you poor miserable man.","2031573586318639433","","WallStreetMav","en","","0","0","0","https://x.com/undefined/status/2031573586318639433","796705522577797120",
"2031573585664553305","Wed Mar 11 03:31:02 +0000 2026","0","タイムセール -5% ￥9 956 VARTA(バルタ) Blue Dynamic LN2 輸入車・国産車用バッテリー... #広告 https://t.co/zmIyF62jg4","2031573585664553305","","","ja","","0","0","0","https://x.com/undefined/status/2031573585664553305","1708716207933976576",
"2031573577217007940","Wed Mar 11 03:31:00 +0000 2026","0","those tassles on his glasses man the rosy cheeks the blue bottle he would have picked out in the store himself.. he was so loved.. and they took him away.. as if the pain of losing reem hadn't faded from our hearts","2031573577217007940","","","en","","0","0","0","https://x.com/undefined/status/2031573577217007940","596321582",
"2031455045850640723","Wed Mar 11 03:30:58 +0000 2026","0","@SenMikeLee Agreed but sanctuary cities and counties are the lifeblood of woke blue states and the democrat party! Remember Senator Schumer s recent statement about losing 20 million people off the voter registration rolls? The dems are shaking in their boots!","2031573571240378516","","SenMikeLee","en","","0","0","0","https://x.com/undefined/status/2031573571240378516","1614450998088695808",
"2031573558489731467","Wed Mar 11 03:30:55 +0000 2026","0","I hereby officially designate Darkness Saving Time in which I wear a hat and sunglasses after work get around with a head lamp on red mode after sunset put blue light filters on all my devices and go to bed early. I bite my thumb at the glare of spring. #DaylightSaving","2031573558489731467","","","en","","0","0","0","https://x.com/undefined/status/2031573558489731467","3857540061",
"2031513431187026070","Wed Mar 11 03:30:53 +0000 2026","0","@Bitcoin_Teddy Blue !!!","2031573549459136794","","Bitcoin_Teddy","en","","0","0","0","https://x.com/undefined/status/2031573549459136794","1475181535523393536",
"2031560039245426947","Wed Mar 11 03:30:51 +0000 2026","0","@SwaggyCTV And Bam scored 83 Wilt scored 100 The sky is blue Grass is green What s your point ","2031573541477396849","","SwaggyCTV","en","","0","0","0","https://x.com/undefined/status/2031573541477396849","327819077",
"2031573541452394543","Wed Mar 11 03:30:51 +0000 2026","0","@ChennaiTraffic @tnpoliceoffl @R_Sudhakar_Ips A Swift blue car is modified silencers rash driving &amp; creating more noise. Vehical no: TN11AV6514 Location - near Meenambakkam metro station Time - 11/Mar/2026 @ 8:05am Backside of car is name pasted 'Team VR Racing' https://t.co/1TfRSD5Z3B","2031573541452394543","https://pbs.twimg.com/media/HDGZXR5aMAEpGIN.jpg","ChennaiTraffic","en","","0","1","0","https://x.com/undefined/status/2031573541452394543","810101705702404096",
"2031573538935833062","Wed Mar 11 03:30:51 +0000 2026","2","Chargers re-sign OL Trey Pipkins https://t.co/W6c27nUcUD","2031573538935833062","","","en","","0","2","0","https://x.com/undefined/status/2031573538935833062","24868811",
"2031452218776273018","Wed Mar 11 03:30:50 +0000 2026","0","@stclong @SenTedCruz Yea moving it straight to the SHITTER he is either being walked by ISREAL or taking a nap so isn t doing a GOD DAMN thing for Americans except his pockets https://t.co/Zqd6BxCdim","2031573534858768881","https://pbs.twimg.com/media/HDGZXAgXsAA9GiS.jpg","stclong","en","","0","0","0","https://x.com/undefined/status/2031573534858768881","1899725525515374592",
"2031573526172307508","Wed Mar 11 03:30:48 +0000 2026","0","Roses are red violets are blue sugar is sweet and so are you.","2031573526172307508","","","en","","0","0","0","https://x.com/undefined/status/2031573526172307508","1300420850408136708",
"2031528397688455335","Wed Mar 11 03:30:42 +0000 2026","0","@JasonLaCanfora Bro why you lying? The only GM taking your calls is the blue tooth in your wife's Chrysler","2031573501015110108","","JasonLaCanfora","en","","0","1","0","https://x.com/undefined/status/2031573501015110108","1313938493182078976",
"2031573337571471491","Wed Mar 11 03:30:41 +0000 2026","0","@RajivKondru Stare at the center of those red and blue speckled rings. The shifting dots create a hypnotic illusion where the circles seem to rotate pulse or swirl inward/outward nonstop. Your brain misreads the high-contrast pattern as real motion and depth which feels trippy and","2031573498011795785","","RajivKondru","en","","0","0","0","https://x.com/undefined/status/2031573498011795785","1720665183188922368",
"2031573485022073121","Wed Mar 11 03:30:38 +0000 2026","1","Ducky One 3 Classic Mini 60% Hot‑Swap RGB (Cherry MX Blue) 56 24€ (-19%) ¿Te interesa? Mira la oferta: https://t.co/diKCENwKJ3 #Gaming #teclados ","2031573485022073121","","","ht","","0","0","0","https://x.com/undefined/status/2031573485022073121","1742122896049176576",
"2031424224158736833","Wed Mar 11 03:30:38 +0000 2026","0","@KrissyQuark @SetPixels No it was just the residents of the blue city who commit a high rate of murder reducing property values and driving away investment from potential residents. In 2014 it was White Flight in 2024 it was Gentrification In reality its proto-socialist policy.","2031573483847823407","","KrissyQuark","en","","0","1","0","https://x.com/undefined/status/2031573483847823407","1784020975522082816",
"2031571768914411542","Wed Mar 11 03:30:37 +0000 2026","1","@B_O_R_O_vrc わかります BLUEは心地よい","2031573483046711691","","B_O_R_O_vrc","ja","","0","0","0","https://x.com/undefined/status/2031573483046711691","1898122539815387138",
"2031569678267564165","Wed Mar 11 03:30:36 +0000 2026","0","@tkyles39 Onwenu should be light blue very easily","2031573476687917541","","tkyles39","en","","0","0","0","https://x.com/undefined/status/2031573476687917541","1330659271823007744",
"2031573474196729975","Wed Mar 11 03:30:35 +0000 2026","0","Btw mbeb mungkin ada yg niat pake heels platform ini aku punya adaa mau dipreloved baru dicobain ajaa. Real pict ringan padahal bentukannya gini Tadinya niat pake dresscode white-baby blue tapi kayaknya berubah hehe pengen pake hitam-navy ajaa ukuran 39 yaa broken white https://t.co/QDM2JxRCMX","2031573474196729975","https://pbs.twimg.com/media/HDGZTwZaMAEQa-h.jpg","","in","","0","0","0","https://x.com/undefined/status/2031573474196729975","1168463940088561667",
"2031572572475978074","Wed Mar 11 03:30:34 +0000 2026","0","@AutismCapital Blue Man Group has finally arrived","2031573470128009265","","AutismCapital","en","","0","0","0","https://x.com/undefined/status/2031573470128009265","92295531",
"2030833490489692406","Wed Mar 11 03:30:34 +0000 2026","0","@bitpigzhu @johnAGI168 这个视频的提示词（英文版，适合Kling/Runway等工具）： Cinematic night scene in heavy rain bamboo forest stylish Asian man short black hair orange sunglasses black shiny open shirt chain necklace white pants wields glowing blue energy saber 'Snow Drinking Mad Saber' from","2031573469322727588","","bitpigzhu","en","","0","0","0","https://x.com/undefined/status/2031573469322727588","1720665183188922368",
"2031573462527926398","Wed Mar 11 03:30:32 +0000 2026","0","what do i even need this blue tick for?","2031573462527926398","","","en","","0","0","0","https://x.com/undefined/status/2031573462527926398","1936147226981548032",
"2031573453393072606","Wed Mar 11 03:30:30 +0000 2026","0","BLUE BOY #บลูบอย #ป๊อปเปอร์ ที่โดนใจชาวรับที่สุด กลิ่นชวนเย้ายวนใจ แรงตั้งแต่หยดแรกจนหยดสุดท้าย เกย์รับต้องบลูบอย แรง เสียว ไม่ปวดหัว เหมาะ : รับ สนใจแอดไลน์ 🆔zaxx0516 คลิ๊ก https://t.co/jbMcrK9aY9 https://t.co/zfP9ahUtoe","2031573453393072606","https://pbs.twimg.com/media/HDGZRt-aMAM5aeK.jpg","","th","","0","0","0","https://x.com/undefined/status/2031573453393072606","2020321145715855360",
"2031385953290330392","Wed Mar 11 03:30:29 +0000 2026","0","So it turns out FU s name trips the censor and I didn t consider writing Jess Baptise VI until after but luckily this guy got it. https://t.co/qZfEaLuQu4","2031573449022570628","https://pbs.twimg.com/media/HDGZR9WXMAA4q9R.jpg","TheoryinBlue","en","","0","0","0","https://x.com/undefined/status/2031573449022570628","1317926644116541442",
"2031573443028857097","Wed Mar 11 03:30:28 +0000 2026","0","An exhibition looking back on the 60-year career of architect Fumihiko Maki. It's featuring details of 145 projects through models panels and videos. The venue is the 3rd floor of BLUE FRONT SHIBAURA Tower S his latest work completed in 2025. Admission Free ～April 5 2026 https://t.co/e1qCWtpBXS","2031573443028857097","https://pbs.twimg.com/amplify_video_thumb/2031572842245140486/img/iAJDzJR5NlJbFrtJ.jpg","","en","","0","1","0","https://x.com/undefined/status/2031573443028857097","96333223",
"2031573420790722604","Wed Mar 11 03:30:22 +0000 2026","0","https://t.co/sGSPvu8BId","2031573420790722604","","","zxx","","0","0","0","https://x.com/undefined/status/2031573420790722604","826741810089189376",
"2031573395817795620","Wed Mar 11 03:30:17 +0000 2026","0","正直もうこのくらいの時期からBlood in blueは効果を発揮する","2031573395817795620","","","ja","","0","0","0","https://x.com/undefined/status/2031573395817795620","1483075904746057730",
"2031573388439744665","Wed Mar 11 03:30:15 +0000 2026","0","Red &amp; blue are two birds of the same feather. Watch ⬇️","2031573388439744665","","","en","","0","0","0","https://x.com/undefined/status/2031573388439744665","1594333869695766529",
"2031573383247196489","Wed Mar 11 03:30:14 +0000 2026","0","Featured Recruitment Now Available SSR Lewin Light Element: Spirit Type: Attack Available until 3/30 7:59 PM PDT Download #AlternaVvelt now! https://t.co/Hj9RbWgCEf #BlueExorcist https://t.co/BWUPAVfIes","2031573383247196489","https://pbs.twimg.com/media/HDGZOaqWQAAJhIK.jpg","","en","","0","0","0","https://x.com/undefined/status/2031573383247196489","1806766768276541440",
"2031531801878081880","Wed Mar 11 03:30:13 +0000 2026","2","@CNviolations I believe it... https://t.co/8XZcPRIwqW","2031573383088058804","https://pbs.twimg.com/media/HDGZOUKaMAIhox4.jpg","CNviolations","en","","0","0","0","https://x.com/undefined/status/2031573383088058804","1773739326209220608",
"2031573369959715009","Wed Mar 11 03:30:10 +0000 2026","0","What makes people go on these unhinged rants? I m perfectly ok with him getting on his blue sky and calling Trump an orange fucking idiot without ANY repercussions from parents and administrations But once you push your rants on kids .","2031573369959715009","","","en","","0","0","0","https://x.com/undefined/status/2031573369959715009","1191032773806608387",
"2031435977298682113","Wed Mar 11 03:30:09 +0000 2026","0","@actingliketommy @bariweiss @CBSNews I bet you're the fool! So much hate for Trump that you disregard the country being fleeced. Do you think it's possible that the Blue states through their policies make themselves easy prey?","2031573362946797590","","actingliketommy","en","","0","0","0","https://x.com/undefined/status/2031573362946797590","1221485160908017664",
"2031573362632499570","Wed Mar 11 03:30:09 +0000 2026","0","MINUTES into Blue Therapy and I m already irritated. Send the floods!","2031573362632499570","","","en","","0","0","0","https://x.com/undefined/status/2031573362632499570","1187922318384910337",
"2031572096397226055","Wed Mar 11 03:30:08 +0000 2026","0","@CGAPromotes @official_uxt My account doesn't have a blue tick yet8k2opnMsFSFBvVwEh97P846P7pBzm4QiDAbi3t6hSHze https://t.co/XU1wqUipeS","2031573362011681053","https://pbs.twimg.com/media/HDGZNMlaIAAuKYN.jpg","CGAPromotes","en","","0","0","0","https://x.com/undefined/status/2031573362011681053","1974380015350595584",
"2031524267666374713","Wed Mar 11 03:30:06 +0000 2026","0","@JamesTate121 Is wearing a blue suit Trump s new dress code?","2031573350342938842","","JamesTate121","en","","0","0","0","https://x.com/undefined/status/2031573350342938842","20497148",
"2031573349361504752","Wed Mar 11 03:30:05 +0000 2026","0","sh*d*w m*lk cookie is actually a mary sue omfg they just keep doing this for the money GET HIM OUTTTTTTTTTTTTT KILL THAT BLUE UGLY ASSSSSS","2031573349361504752","","","en","","0","0","0","https://x.com/undefined/status/2031573349361504752","1955813802475446273",
"2031573342516556021","Wed Mar 11 03:30:04 +0000 2026","1","Save 53% off the #NewBalance 1000 Quarry Blue Was $150 now $69.99-&gt; https://t.co/w7bL8TYJkk","2031573342516556021","","","en","","0","0","0","https://x.com/undefined/status/2031573342516556021","396779192",
"2031542102069268818","Wed Mar 11 03:30:04 +0000 2026","0","@PapiTrumpo Probably going to vote in multiple blue states and sanctuary cities.","2031573341782286660","","PapiTrumpo","en","","0","0","0","https://x.com/undefined/status/2031573341782286660","1965953002000494592",
"2031554387143962838","Wed Mar 11 03:30:01 +0000 2026","0","@LSpoonerd That's the blue lodge degrees 1-3. Higher degrees in different systems are completely different. Are you a Mason?","2031573329451397347","","LSpoonerd","en","","0","0","0","https://x.com/undefined/status/2031573329451397347","1146270158463361024",
"2031573328088150243","Wed Mar 11 03:30:00 +0000 2026","0"," App : UPICK ️ ดู ads เก็บ Blue Jam เพื่อโหวต HAECHAN​ โหวตได้ตั้งแต่วันนี้ - 16 มีนา เวลา 13:00 น. (เวลาไทย) อย่าลืมไปโหวต​กันนะคับ! #โหวตเพื่อแฮชาน #voteforhaechan https://t.co/1SbtNjJO4x","2031573328088150243","https://pbs.twimg.com/media/HDGZK_7aMAgPS1k.jpg","","th","","0","0","0","https://x.com/undefined/status/2031573328088150243","4702734908",
"2031573328033644571","Wed Mar 11 03:30:00 +0000 2026","11","⏱️ Set Your Reminder: 🇮🇳 vs 󠁧󠁢󠁷󠁬󠁳󠁿 | 7:30 PM (IST) One final pool clash. A semi-final spot is on the line as the Women in Blue step onto the pitch for their most crucial game yet. Join the moment bring the energy and cheer for #TeamIndia as they push for the knockout stage. https://t.co/5xH1L8a4pY","2031573328033644571","https://pbs.twimg.com/media/HDEdEfEaMAU9y2w.jpg","","en","","0","0","0","https://x.com/undefined/status/2031573328033644571","625438569",
"2031573326183936016","Wed Mar 11 03:30:00 +0000 2026","0","https://t.co/IsO1TGYFZc https://t.co/W8YmknDT4Y","2031573326183936016","https://pbs.twimg.com/media/HCo-4W0a8AAnYD5.png","","zxx","","0","0","0","https://x.com/undefined/status/2031573326183936016","1448281948321771522",
"2030707621313863816","Wed Mar 11 03:29:57 +0000 2026","0","@Noirchick1 The ear from Blue Velvet. https://t.co/Qp9iHp8vFn","2031573313076498606","https://pbs.twimg.com/media/HDGZKaOXkAAxTEx.jpg","Noirchick1","en","","0","0","0","https://x.com/undefined/status/2031573313076498606","83928337",
"2031573289944932415","Wed Mar 11 03:29:51 +0000 2026","56","that lil pink on the corner of sky's card and that lil blue on the corner of nani's card????? #skynani #สกายนานิ https://t.co/4nP6FrRMGm","2031573289944932415","https://pbs.twimg.com/media/HDGZJFOaMAA2JRw.jpg","","en","","4","0","26","https://x.com/undefined/status/2031573289944932415","1610392026251513858",
"2031573276258922588","Wed Mar 11 03:29:48 +0000 2026","0","aduasfuiasfhu join i think pronouns ⦂ she/they height ⦂ 5'4 smoke ⦂ no tattoos ⦂ no piercings ⦂ 2. on my earlobes. that i got before i gained the ability to think. fav colour ⦂ green/blue fav drink ⦂ flavored sparkling water.","2031573276258922588","","","en","","0","0","0","https://x.com/undefined/status/2031573276258922588","1734446623470624768",
"2031573271939059951","Wed Mar 11 03:29:47 +0000 2026","0","https://t.co/kiNmfXQ8aR","2031573271939059951","","","zxx","","0","0","0","https://x.com/undefined/status/2031573271939059951","1937563442715725825",
"2031573264649302036","Wed Mar 11 03:29:45 +0000 2026","0","blue zenith","2031573264649302036","","","en","","0","0","0","https://x.com/undefined/status/2031573264649302036","1261020878344609792",
"2031571768914411542","Wed Mar 11 03:29:45 +0000 2026","1","@aoisubdayo ぼくはBLUEがすき","2031573263835623638","","aoisubdayo","ja","","0","1","0","https://x.com/undefined/status/2031573263835623638","2006515951672672256",
"2031491112574063047","Wed Mar 11 03:29:44 +0000 2026","0","@FLX_INTL @piyopiyoaya620 @LouisVuitton blue FELIX PFW LOUIS VUITTON FW26 #FELIXxLVFW26 #FELIX @LouisVuitton","2031573259507085773","","FLX_INTL","fi","","0","0","0","https://x.com/undefined/status/2031573259507085773","1688096338041516032",
"2031458211736236395","Wed Mar 11 03:29:34 +0000 2026","0","@kevinblue345 That's ai. Notice the black soldier is cut into the picture. The officers Hegseth shakes hands with are airforce while the black soldier is navy. Fake picture. Dear Kevin Blue you sir are a liar.","2031573219522535911","","kevinblue345","en","","0","0","0","https://x.com/undefined/status/2031573219522535911","2017353625454907392",
"2031573209435263219","Wed Mar 11 03:29:32 +0000 2026","0","Felt like I did so well day one of Blue Prince then day two absolutely nothing cooperated. Idek","2031573209435263219","","","en","","0","0","0","https://x.com/undefined/status/2031573209435263219","2467404860",
"2031218202060140566","Wed Mar 11 03:29:32 +0000 2026","0","@vikatae1 kalau buat campuran butter di kue kering aku biasanya pilih yang aromanya masih buttery dan stabil di oven. kalau dari pilihan itu sebenarnya semuanya bisa dipakai. palmia sama blue band cake &amp; cookie cukup aman buat kue kering rumahan hasilnya jg renyah dan aromanya masih dapet","2031573208038781201","","vikatae1","in","","0","0","0","https://x.com/undefined/status/2031573208038781201","1021067768416763904",
"2031573206562115649","Wed Mar 11 03:29:31 +0000 2026","0","gave rafayel the rare blue rose and it triggered this really cute line https://t.co/zUMgI2D1ON","2031573206562115649","https://pbs.twimg.com/media/HDGZED-W4AAZKVT.jpg","","en","","0","0","0","https://x.com/undefined/status/2031573206562115649","1995037984450834432",
"2031486044194079220","Wed Mar 11 03:29:29 +0000 2026","0","@niceblackdude I don't think old blue eyes swings that way brother 🇺🇸🇺🇸","2031573194793181552","","niceblackdude","en","","0","0","0","https://x.com/undefined/status/2031573194793181552","1646783618113736704",
"2031465408956387654","Wed Mar 11 03:29:29 +0000 2026","1","@LenoreMari28011 @GreereMedeea @aalcunlimetd I m in North Idaho and we seldom have a clear blue day here. It s gotten worse over the last two-plus years. Not sure what s happening but we haven t been sprayed the last two days. The last time that happened was when the Dems shut the government down we had our beautiful","2031573194663145659","","LenoreMari28011","en","","0","1","0","https://x.com/undefined/status/2031573194663145659","1513332309562314754",
"2031573187293757503","Wed Mar 11 03:29:27 +0000 2026","2","3/11(水)️ 東日本大震災がおきた日 今日は東日本大震災からちょうど15年。 被災地では復興への思いが語られ、避難者がなお約2.6万人存在することが報じられています。 3/8に気仙沼の震災遺構伝承館に行った際にロウソクが配布されていて「3.11 BLUE CANDLE https://t.co/BInkfpECcV","2031573187293757503","https://pbs.twimg.com/media/HDGZCpFaMAEEeCJ.jpg","","ja","","0","0","0","https://x.com/undefined/status/2031573187293757503","1286990201202470912",
"2031376389560259067","Wed Mar 11 03:29:27 +0000 2026","0","@forallcurious We should appreciate our own blue ball.","2031573187117371718","","forallcurious","en","","0","0","0","https://x.com/undefined/status/2031573187117371718","1242030018",
"2031553923878633725","Wed Mar 11 03:29:25 +0000 2026","1","@KennethRWebster That is a false statement. Texas is not winning. Texas is clawing its way back to some sense of normalcy for any state in the Union. Harris Dallas Bexar Travis - still all blue. Can't get rid of Abbott. This is not winning. This is treading water - poorly.","2031573178808496454","","KennethRWebster","en","","0","0","0","https://x.com/undefined/status/2031573178808496454","1505782767975608322",
"2031408489420247183","Wed Mar 11 03:29:24 +0000 2026","0","@AnimexTwts Absolutely loving it the way they make the stroy their own still nodding at the true source even adjusting to the things that oda retconned way later as he probably wishes he couldve told now. All the haters are ragebaiting blue checkmarks","2031573176799379605","","AnimexTwts","en","","0","0","0","https://x.com/undefined/status/2031573176799379605","1315731615927218178",
"2031564314767675615","Wed Mar 11 03:29:24 +0000 2026","1","@gaylilsorcerer i rly wanna buy the blue and yellow owala just for that purpose","2031573176455438670","","gaylilsorcerer","en","","0","0","0","https://x.com/undefined/status/2031573176455438670","1964447276983873536",
"2031573157648466152","Wed Mar 11 03:29:20 +0000 2026","0","Makasih udah pilih warna biru paling aku suka ini shade of blue kesukaan aku bgt","2031573157648466152","","","in","","0","0","0","https://x.com/undefined/status/2031573157648466152","184339449",
"2030137341701177524","Wed Mar 11 03:29:19 +0000 2026","1","@heekolazz @SeanCar86027269 @Draptor05170375 @TheBatm84883519 @OmegaTheReal_ Exactly. Red and blue were simply chosen because they are vibrant attention-grabbing colors for a character who's supposed to have a feeling of presense and gravitas.","2031573155374875127","","heekolazz","en","","0","0","1","https://x.com/undefined/status/2031573155374875127","1710319834553028608",
"2031573151159865484","Wed Mar 11 03:29:18 +0000 2026","0","バイオレットの人！ たけぴよと相性良いって！ てか、くすんでるって！ 武田航を表す色は 【薄青（うすあお）｜Smoke Blue】 余韻をまとう人 ・くすみ系クール代表 ・感情に振り回されない ・静かな理性で整える #Makko #診断テスト みんなは何色かな？ 【色鉛筆診断】 https://t.co/DiFrLmPSdd","2031573151159865484","","","ja","","0","1","0","https://x.com/undefined/status/2031573151159865484","2253508160",
"2031394269408182357","Wed Mar 11 03:29:16 +0000 2026","0","@NotBUFFY_VS @shay_sweatt SO who cares? You STILL need to acquaint yourself with what BLACK TEXANS are saying about Talarico! I live in NY. Jewish NYers were signaling they had an issue w/Mamdani. There WAS..Mamdani barely cleared 50% in deep blue NYC. Massively UNDERPERFORMING!","2031573141231685716","","NotBUFFY_VS","en","","0","1","0","https://x.com/undefined/status/2031573141231685716","1427448097962143745",
"2031382584588980651","Wed Mar 11 03:29:14 +0000 2026","0","@Mark___Taylor And I sat there as a blond blue eyed child quietly thinking","2031573133430301061","","Mark___Taylor","en","","0","0","0","https://x.com/undefined/status/2031573133430301061","1877023401530814464",
"2031573133396754603","Wed Mar 11 03:29:14 +0000 2026","0","Didn't that thing where an insulin company lost millions of dollars cause some dude with a blue check decided to troll happen like 2 days later?","2031573133396754603","","","en","","0","0","0","https://x.com/undefined/status/2031573133396754603","3258785612",
"2031565424257601808","Wed Mar 11 03:29:07 +0000 2026","0","@SeanDanahy17 @che3602 He was born in Canada fwiw - but he claims America so that s red white and blue in his blood","2031573105584275754","","SeanDanahy17","en","","0","1","0","https://x.com/undefined/status/2031573105584275754","2941029263",
"2031560028889751636","Wed Mar 11 03:29:04 +0000 2026","0","@_cosmos_tea 오리지널 곡 라인은 hollow ( 고음이 강점이지만 조장의 저음역대 진짜 매력적임) Sky beat Dying Reason Just keep going サイレーション ナリキリ Ark Until the END Back story Fiction Blue Insane 白昼夢 (feat. あらき) 이정도가 (원래 파워보컬! 락! 메탈! 파이므로)","2031573091718242705","","Jandists","ja","","0","1","0","https://x.com/undefined/status/2031573091718242705","260002135",
"2031573089390309875","Wed Mar 11 03:29:03 +0000 2026","0","#KyleEcharri for #TheSilentNoise blue carpet premiere and mediacon event yesterday at Gateway Mall 2 This March 20 only on @primevideoph #TheSilentNoiseOnPrime https://t.co/kMqlnmoeQn","2031573089390309875","https://pbs.twimg.com/amplify_video_thumb/2031573023648788483/img/P9qNfBIL-uJlK-Y-.jpg","","en","","0","0","0","https://x.com/undefined/status/2031573089390309875","1312997893117108225",
"2031573075041595825","Wed Mar 11 03:29:00 +0000 2026","2","I am going to do unfathomable things to that blue clown (not about Ep 15 CookieChat bs)","2031573075041595825","","","en","","0","0","0","https://x.com/undefined/status/2031573075041595825","1606198253355094016",
"2031551587970433064","Wed Mar 11 03:28:58 +0000 2026","0","@aesthelares ₍ᐢ..ᐢ₎ REALLY? Do you think Babbie will have blue eyes toooo?","2031573065541496928","","aesthelares","en","","0","0","0","https://x.com/undefined/status/2031573065541496928","1992070675880919040",
"2031573064492765265","Wed Mar 11 03:28:58 +0000 2026","0","@sketchadayapp #blue Karen Carpenter in blue tones belting out What I ve got they used to call the blues from Rainy Days and Mondays https://t.co/b4oThMvTg1","2031573064492765265","https://pbs.twimg.com/media/HDGY7w5XQAANrp1.jpg","SketchADayApp","en","","0","0","0","https://x.com/undefined/status/2031573064492765265","1071840134",
"2031252230922449117","Wed Mar 11 03:28:57 +0000 2026","1","@AriSilly3737 The og red and blue yuri","2031573060864848285","","AriSilly3737","en","","0","1","0","https://x.com/undefined/status/2031573060864848285","1994937097351041030",
"2031555174964097385","Wed Mar 11 03:28:56 +0000 2026","1","@boo__hm @sharghzadeh They aren't? https://t.co/XwrgAKe8oZ https://t.co/IPV5Ebdn4X","2031573056087323125","https://pbs.twimg.com/media/HDGY023XUAAJRz7.jpg","boo__hm","en","","0","1","0","https://x.com/undefined/status/2031573056087323125","1850414015345745920",
"2031549460136821218","Wed Mar 11 03:28:53 +0000 2026","1","@NTanked7430 @goldengirls336 @PopCrave @Forbes Chile they need the interaction. Thats the rent money as we can see by their blue check mark","2031573045710561700","","NTanked7430","en","","0","0","0","https://x.com/undefined/status/2031573045710561700","1106467837718286336",
"2031573042741289298","Wed Mar 11 03:28:52 +0000 2026","0","Machenike G5Pro Max SE Tri-mode Wireless Controller Gamepad Dengan Charging Dock Hall Effect Joysticks Hall Trigger 6 Axis Gyroscope Ice Blue Color 1000Hz Polling Rate Controller Support PC Switch TV Tablet https://t.co/Ki5LM47pRm","2031573042741289298","","","en","","0","0","0","https://x.com/undefined/status/2031573042741289298","1951324075474952192",
"2031160690854211708","Wed Mar 11 03:28:50 +0000 2026","0","@PoltFan69 Oh no is blue sky having problems shocked","2031573032083312819","","PoltFan69","en","","0","0","0","https://x.com/undefined/status/2031573032083312819","4743907633",
"2031533240134283600","Wed Mar 11 03:28:20 +0000 2026","0","@sanandreafault @MtStHelensWA Wouldn't blue sky be a better platform for geologic features?","2031572906367447125","","sanandreafault","en","","0","0","0","https://x.com/undefined/status/2031572906367447125","1543227168754393088",
"2031568627242295759","Wed Mar 11 03:28:18 +0000 2026","1","@LeftyWinter Just recently the Blue Maga types were lecturing how Spanberger does progressive stuff and the left is still ungrateful. Whoops","2031572898251772289","","LeftyWinter","en","","0","1","0","https://x.com/undefined/status/2031572898251772289","159254021",
"2031572893025321138","Wed Mar 11 03:28:17 +0000 2026","0","🇺🇸 Long live the blue frogs ! Boost Democracy See you on November 3 2026","2031572893025321138","","","en","","0","0","0","https://x.com/undefined/status/2031572893025321138","1380226944722157569",
"2031572867046158673","Wed Mar 11 03:28:10 +0000 2026","0","สภาพเอนจีนแต่ละคนวันนี้ https://t.co/vDEd4RfjUy","2031572867046158673","https://pbs.twimg.com/media/HDGYwZLbYAADheu.jpg","","th","","0","0","0","https://x.com/undefined/status/2031572867046158673","1590398280747216896",
"2031572865867198791","Wed Mar 11 03:28:10 +0000 2026","0","Conor Garland scores 2 to send Blue Jackets past Lightning 5-2 https://t.co/B8LDBJtZJ3 Just #foryou on ⭐ NEO MAG - Universal Feed⭐ #US #ShowBIz #Sports #Celebrities #Lifestyle","2031572865867198791","","","en","","0","0","0","https://x.com/undefined/status/2031572865867198791","1599200249914032129",
"2031572852890378431","Wed Mar 11 03:28:07 +0000 2026","2","Ciao with these baby blue eyes ey https://t.co/ZTJwLDwCIr","2031572852890378431","https://pbs.twimg.com/media/HDGYvUZakAACiwI.jpg","","en","","0","0","0","https://x.com/undefined/status/2031572852890378431","4685149382",
"2031572848813170819","Wed Mar 11 03:28:06 +0000 2026","0","$44.99 AJAZIKO Abstract Flower Canvas Wall Art-Floral Wall Art-Modern Paintings For Wall Decorations-Navy Blue Family Wall Decor For Living Room-3 Piece Wall Art Bedroom Artwork 16×32in×3 Clip https://t.co/C12VdDcELi","2031572848813170819","","","en","","0","0","0","https://x.com/undefined/status/2031572848813170819","1690316000091148289",
"2031572845717868864","Wed Mar 11 03:28:05 +0000 2026","0","I better not see any blue and yellow over spring break this must be a time of relaxing and healing","2031572845717868864","","","en","","0","0","0","https://x.com/undefined/status/2031572845717868864","2018797991369244672",
"2031572835341124067","Wed Mar 11 03:28:03 +0000 2026","1","Blue Dream just settled into her forever home. 2½ days in a 5 gallon fabric pot packed with organic living soil worm castings and Gaia Green amendments. She's got everything she needs to thrive from here. No synthetic nutrients. No shortcuts. Just letting the soil do what https://t.co/SYJzF6y6gP","2031572835341124067","https://pbs.twimg.com/media/HDGYtDNXYAAAmv_.jpg","","en","","0","0","0","https://x.com/undefined/status/2031572835341124067","1942103848241561600",
"2031039542946374140","Wed Mar 11 03:28:02 +0000 2026","1","@silvyyawn @paidoredpkmn Hey Blue got a new outfit in FRLG. ... It's been a while since then tho","2031572829481660640","","silvyyawn","en","","0","1","0","https://x.com/undefined/status/2031572829481660640","69201011",
"2031355685674348869","Wed Mar 11 03:28:01 +0000 2026","0","@DeshiMarsh Namely because it's black and clashes with the mon's palette. Were it blue or dark blue I won't mind it the slightest.","2031572826465968138","","coalsack96","en","","0","0","0","https://x.com/undefined/status/2031572826465968138","1576586134515236865",
"2031572169445233014","Wed Mar 11 03:28:00 +0000 2026","1","+ https://t.co/8UhTdAX6ws","2031572823974752456","https://pbs.twimg.com/media/HDGYt7pagAAYm1I.jpg","BLUES2_F","zxx","","0","0","0","https://x.com/undefined/status/2031572823974752456","1931010142956580864",
"2031572822628147275","Wed Mar 11 03:28:00 +0000 2026","12","GOOD NEWS Bill Baruch the founder and president of Blue Line Capital and Blue Line Futures has sold Uber and buy $TSLA He believes Tesla is a superior pure AI play Baruch also added that there is still too much unknown regarding how autonomous driving will impact https://t.co/B5eBNWQWVC","2031572822628147275","https://pbs.twimg.com/amplify_video_thumb/2031562873995145218/img/ltKxdgTzgyYrvjCo.jpg","","en","","1","2","3","https://x.com/undefined/status/2031572822628147275","358834522",
"2031388842163642736","Wed Mar 11 03:27:57 +0000 2026","3","@Sn35190318 @TallForNxthing My automated blue check blocker hit over 180k the other day they re endless! Bots as far as the eye can see https://t.co/G5mMFQr5hz","2031572812381696124","https://pbs.twimg.com/media/HDGYtIXaUAAn7vJ.jpg","Sn35190318","en","","0","0","0","https://x.com/undefined/status/2031572812381696124","492567665",
"2031364249998475314","Wed Mar 11 03:27:57 +0000 2026","0","@marceelias If that doesn't work try holding your breath until you turn blue.","2031572811353874553","","marceelias","en","","0","0","0","https://x.com/undefined/status/2031572811353874553","1477170691",
"2031572810326528021","Wed Mar 11 03:27:57 +0000 2026","0","Dear @OfficialDMRC Why there is so much low volume announcement on some station on yellow and blue line specially. It's so low that anyone can barely listen. Please fix it. It is very inconvenient. Stations: Aiims Dilli haat green park Ghitorni etc.","2031572810326528021","","","en","","0","0","0","https://x.com/undefined/status/2031572810326528021","1410132349623291907",
"2031572808770445488","Wed Mar 11 03:27:57 +0000 2026","0","🇰🇷 Early PO Pouch Pc Photocard wts Close TBA Little Baby Johnnycal (Pink) : 69k | DP 49k Little Kitty (Blue) : 101k | DP 90k Exclude Packing dan Admin Bandung t. Johnny Taeyong Yuta Doyoung Jaehyun Jungwoo Mark Haechan Renjun Jeno Jaemin Chenle Jisung NCT 127 https://t.co/FCb1Ealg7z","2031572808770445488","https://pbs.twimg.com/media/HDGYsu6acAAanV6.jpg","","en","","0","0","0","https://x.com/undefined/status/2031572808770445488","1531077154632790016",
"2031572806874357976","Wed Mar 11 03:27:56 +0000 2026","0","My heart has belonged to this one man since 2020 with blue eyes and blonde hair and I know that kills this man to even think about it. He actually doesn t bring it up anymore but for a while he LOATHED it. I was honest when I said I wish all my kids were by that man instead.","2031572806874357976","","","en","","0","2","0","https://x.com/undefined/status/2031572806874357976","1985082742401351680",
"2031570216694460619","Wed Mar 11 03:27:55 +0000 2026","0","@JayVTheGreat I m rooting against our evil demonic government that needs to burn in hell. Both the red and blue versions.","2031572800868106421","","JayVTheGreat","en","","0","0","0","https://x.com/undefined/status/2031572800868106421","1592307180",
"2031568915688730676","Wed Mar 11 03:27:54 +0000 2026","0","@zz_rich Carter centre Jimmy Carter came personally. Same this time only red then blue now. ","2031572797042938255","","zz_rich","en","","0","0","0","https://x.com/undefined/status/2031572797042938255","131597933",
"2031544878601998826","Wed Mar 11 03:27:53 +0000 2026","0","@MassDailyNews @WideAwakeLaura @POTUS Please cut off all Federal Funds to blue states. They are stealing our money and leaving citizens out to dry.","2031572792391438722","","MassDailyNews","en","","0","0","0","https://x.com/undefined/status/2031572792391438722","14196936",
"2031572742701724119","Wed Mar 11 03:27:41 +0000 2026","0","Why TF did air blue just cancel my flight?","2031572742701724119","","","en","","1","0","0","https://x.com/undefined/status/2031572742701724119","1655914521721196545",
"2031486314126930291","Wed Mar 11 03:27:50 +0000 2026","0","@karen_holl72544 @e315ta From the thumbnail she's a woman with dark hair in a ponytail striped long-sleeve shirt blue overalls climbing in a rustic wooden attic/barn with hanging traditional skeps (beehives). Can't access the external video link to see her face or hear audio for an ID. Any more","2031572781377228904","","karen_holl72544","en","","0","0","0","https://x.com/undefined/status/2031572781377228904","1720665183188922368",
"2031572778101735502","Wed Mar 11 03:27:49 +0000 2026","6","午後からもご安全に。 https://t.co/sA9nA07k3n","2031572778101735502","https://pbs.twimg.com/media/HDGYm7RawAArB7o.jpg","","ja","","0","0","0","https://x.com/undefined/status/2031572778101735502","130130313",
"2031572777556382201","Wed Mar 11 03:27:49 +0000 2026","0","The true problem of modern Twitter isn't absolute idiots with blue checks posting constant rage bait. The problem is they're getting paid to be absolute idiots posting rage bait and y'all keep making it work by engaging.","2031572777556382201","","","en","","0","0","0","https://x.com/undefined/status/2031572777556382201","55090226",
"2031572774834106554","Wed Mar 11 03:27:48 +0000 2026","0","🇺🇸 Long live the blue frogs ! Boost Democracy See you on November 3 2026","2031572774834106554","","","en","","0","0","0","https://x.com/undefined/status/2031572774834106554","1380226944722157569",
"2031572757801033975","Wed Mar 11 03:27:44 +0000 2026","0","I don t eat any unnaturally colored food (sprinkles pink blue purple) I love super soft clothing I go the same exact route to and from work I typically don t like my food to touch but I lowkey grew out of that I know tons of random facts","2031572757801033975","","","en","","0","0","0","https://x.com/undefined/status/2031572757801033975","2016000191007006720",
"2031572782446948636","Wed Mar 11 03:27:50 +0000 2026","0","Twitter AI Fake Videos are getting to be unbearable. Especially those spread by anons with blue tick! Elon Musk has transformed this into a hellish place!","2031572782446948636","","","en","","0","0","0","https://x.com/undefined/status/2031572782446948636","1319560055298150400",
"2031572693925925327","Wed Mar 11 03:27:29 +0000 2026","0","I'm am so excited and filled with so many different emotions. Thursday I will be attending my nephew's Turning Blue ceremony when he graduates from basic training for our US Army. He will be starting Airborne Training and tge will go to Ft Bragg for Green Beret training.","2031572693925925327","","","en","","0","0","0","https://x.com/undefined/status/2031572693925925327","960263706071384064",
"2031458333606191347","Wed Mar 11 03:27:24 +0000 2026","0","@BesuraTaansane @Angrysadhu @DidiRitambhara Divide kare sahab ji n sb bole bhi na ! Wah gajab . Green appeasement ke baad bhi lesson na sikhne wale blue appeasement ko bhag gaye . Sahab ji did biggest division of 70 yrs . Sahab ji needs to go out . https://t.co/rdMcumiDNx","2031572673646797167","https://pbs.twimg.com/media/HDGYjLqaMAAu9Av.jpg","BesuraTaansane","hi","","0","0","0","https://x.com/undefined/status/2031572673646797167","157918741",
"2031550677734879435","Wed Mar 11 03:27:24 +0000 2026","0","@ribzoftiktok @LobstahRollah That s Clase Azul Reposado the ultra-premium tequila in the signature hand-painted white ceramic bottle with cobalt blue designs. Iconic stuff! Cheers.","2031572672077873461","","ribzoftiktok","en","","0","0","0","https://x.com/undefined/status/2031572672077873461","1720665183188922368",
"2031572665673331003","Wed Mar 11 03:27:22 +0000 2026","0","Pelaksanaan PATROLI BLUE LIGHT Bertempat di Wilayah hukum Pos Sipirok tepatnya di Jalan Lintas Umum Sipirok - P. Sidempuan depan Alun-alun Pasar Sipirok Kec. Sipirok Kab. Tapanuli Selatan. https://t.co/Fz1V8TpGsM","2031572665673331003","https://pbs.twimg.com/media/HDGYkjnbsAAGU7H.jpg","","in","","0","0","0","https://x.com/undefined/status/2031572665673331003","1990623860165931008",
"2031452926141427895","Wed Mar 11 03:27:22 +0000 2026","0","@MmeCoucouX @Wally1255815 @LORDPROPHET2 We're on March 11 now. Bill C-9 passed the House on the 10th as the Combatting Hate Act. That AI alien video with the blue braids and plant nails the vibe.","2031572665580786169","","MmeCoucouX","en","","0","1","0","https://x.com/undefined/status/2031572665580786169","1720665183188922368",
"2031276254859767950","Wed Mar 11 03:27:19 +0000 2026","0","@PrajwalHG3 @RapperPandit @HardeepSPuri @PMOIndia No not as claimed. This is an electrolysis device: electricity splits water (H2O) into hydrogen (H2) + oxygen. The H2 burns with a clean blue flame for cooking (no carbon emissions from fuel). Water isn't fuel it's just the source of H2. Energy comes from the power supply","2031572652339453998","","PrajwalHG3","en","","0","0","0","https://x.com/undefined/status/2031572652339453998","1720665183188922368",
"2031572619506626905","Wed Mar 11 03:27:11 +0000 2026","7","Wonpil Unpiltered album POBs (Photobook ver/Book pouch ver) Fans Shop MusicPlant Music Korea Blue Dream Media Withmuu 1 out of 2 Unreleased photocards will be given randomly per one album https://t.co/7FWHxlZQqT","2031572619506626905","https://pbs.twimg.com/media/HDGYhr-a4AE1FOt.jpg","","en","","0","1","2","https://x.com/undefined/status/2031572619506626905","1248075589736529921",
"2031566725351878836","Wed Mar 11 03:27:10 +0000 2026","1","@SirDimetrious This game is one of bungie's best projects. The hate is incredibly forced and it's all because the dev team has people with blue hair.","2031572612472807449","","SirDimetrious","en","","0","0","0","https://x.com/undefined/status/2031572612472807449","954096730009554944",
"2031570419254190571","Wed Mar 11 03:26:59 +0000 2026","0","@t0birooo my khia red and blue enemies to friends to lovers yaoi will make it to the big leagues one way or another netflix doesnt fucking scare me","2031572568180756765","","t0birooo","en","","0","0","0","https://x.com/undefined/status/2031572568180756765","1767612972652703744",
"2031444979932082303","Wed Mar 11 03:26:54 +0000 2026","0","@NHLRumourReport BLUE Jays all the way","2031572544377991585","","NHLRumourReport","en","","0","0","0","https://x.com/undefined/status/2031572544377991585","1919109077453676544",
"2031572542973161979","Wed Mar 11 03:26:53 +0000 2026","0","ไม่ต้องบอกก็รู้ ว่าพ่อลูกกัน https://t.co/3048MB5Vif","2031572542973161979","https://pbs.twimg.com/media/HDGYdBgaMAI_xti.jpg","","th","","0","0","0","https://x.com/undefined/status/2031572542973161979","1212998373751414784",
"2031361874927780016","Wed Mar 11 03:26:53 +0000 2026","0","@honeymoonaries @edosianorchid I guess that s an element but an overwhelming majority of blue collar jobs are primarily male regardless. And with more women pursing higher education that just leaves even more room for more men working these jobs.","2031572542184452348","","honeymoonaries","en","","0","0","0","https://x.com/undefined/status/2031572542184452348","1458178104145416207",
"2031442463072591945","Wed Mar 11 03:26:42 +0000 2026","0","@ThomasSowell Gotta be honest. Seeing how many of the blue hair septum piercing women behave maybe they shouldn t be allowed to vote? Just sayin","2031572494151221699","","ThomasSowell","en","","0","0","0","https://x.com/undefined/status/2031572494151221699","1854867402061668352",
"2031413666420019417","Wed Mar 11 03:26:43 +0000 2026","0","@agi_dark Blue lock fans genuinely hate good writing I'm convinced","2031572499247542332","","agi_dark","en","","0","0","0","https://x.com/undefined/status/2031572499247542332","1597457850518814720",
"2030946697053184275","Wed Mar 11 03:26:52 +0000 2026","0","@jad10637 @BoyGeorge @honeymoon250 Thats not how this works. The government in blue states have already demonstrated they'd take children away from parents because they're not going to play the woke game of allowing a child decide their random gender in grade school. It's sick perverted and wrong. Its not love.","2031572538560512501","","jad10637","en","","0","0","0","https://x.com/undefined/status/2031572538560512501","104717270",
"2031551587970433064","Wed Mar 11 03:26:34 +0000 2026","0","@paradoxicalqin Now blue is my favorite color.","2031572463625085050","","paradoxicalqin","en","","0","1","0","https://x.com/undefined/status/2031572463625085050","1979328472465002496",
"2031569926130119164","Wed Mar 11 03:26:33 +0000 2026","1","@m89707 Their so meansending love and hugs and blue berries twin","2031572459615371689","","m89707","en","","0","1","0","https://x.com/undefined/status/2031572459615371689","1831638650737614848",
"2031558342028472672","Wed Mar 11 03:26:32 +0000 2026","0","@MiamiHEAT Talk about taking advantage of a situation in a non-competitive game against a team that is clearly tanking. The Duke Blue Devils could beat the Wizards. Kobe s 81-point game: 20 free throws Bam s 83-point game: 43 free throws These are not the same! FOH ","2031572454494072866","","MiamiHEAT","en","","0","0","0","https://x.com/undefined/status/2031572454494072866","1740481653607202816",
"2031528903471251947","Wed Mar 11 03:26:29 +0000 2026","0","@RowdyJT @JoJoFromJerz Blood is blue.","2031572440875200845","","RowdyJT","en","","0","0","0","https://x.com/undefined/status/2031572440875200845","1532798911571709952",
"2031509655776801269","Wed Mar 11 03:26:28 +0000 2026","0","@once_darkness I m so glad you asked. Jolene: Light pink Matt: Red Anthony: Navy Mary: Fuchsia Piper: Yellow Justin: Royal blue","2031572438560157792","","once_darkness","en","","0","0","0","https://x.com/undefined/status/2031572438560157792","1882595787411951616",
"2031571654799765965","Wed Mar 11 03:26:27 +0000 2026","0","@capeandcowell Spanberged is set to pass the most restrictive gun laws.Shes going to ban Assault rifles and high capacity https://t.co/lqz9t73D14 really is depressing that it went all blue in the last election.","2031572431932960992","","capeandcowell","en","","0","0","0","https://x.com/undefined/status/2031572431932960992","1639799768741302272",
"2031553517630992798","Wed Mar 11 03:26:24 +0000 2026","0","@FordAltforyaboi The black red white is awesome but i guess im used to see the white blue","2031572419790401881","","FordAltforyaboi","en","","0","0","0","https://x.com/undefined/status/2031572419790401881","1616024929547288576",
"2031471574616825864","Wed Mar 11 03:26:23 +0000 2026","1","@bylerbyerss @Katelyn65269362 It literally makes zero sense bc they had to have known what blue and yellow means to bylers so it was clearly intentional. I find it so hard to believe they did all this just for queerbaiting purposes. There s just way too many tiny details that most ppl won t pick up on too","2031572414732140669","","bylerbyerss","en","","0","0","0","https://x.com/undefined/status/2031572414732140669","1702445939384782849",
"2031572413096587528","Wed Mar 11 03:26:22 +0000 2026","0","wts brand new in box TWS anker soundcore r60i NC - blue noise cancellation original ada serial number lengkap with warranty card 290k NETT #soundcore #ankersoundcore https://t.co/E2NCtVwM6g","2031572413096587528","","","en","","0","0","0","https://x.com/undefined/status/2031572413096587528","1269659951691001856",
"2031572394469634141","Wed Mar 11 03:26:18 +0000 2026","1","Pre Marithe JE NE LA ECO BAG ️ลด 3 สี Baby pink Light blue Natural SIZE : 35*45*7 cm ราคา 650 บาท ⏰จนกว่าของจะหมด #พรีออเดอร์เกาหลี #พรีเกาหลี #marithe https://t.co/iVgXQJm4er","2031572394469634141","https://pbs.twimg.com/media/HDGYUpGa8AEdhNw.jpg","","et","","0","0","0","https://x.com/undefined/status/2031572394469634141","4776587491",
"2031572390644429078","Wed Mar 11 03:26:17 +0000 2026","0","HOW TF IS THIS BLUE BITCH STILL ALIVE. https://t.co/RzQ6CTVCwA","2031572390644429078","https://pbs.twimg.com/tweet_video_thumb/HDGYUP5aMAIeYIw.jpg","","en","","0","0","0","https://x.com/undefined/status/2031572390644429078","2020394780732080128",
"2031572380976316892","Wed Mar 11 03:26:15 +0000 2026","0","https://t.co/zhVbLvtlCx","2031572380976316892","","","zxx","","0","0","0","https://x.com/undefined/status/2031572380976316892","334739729",
"2031223057466143093","Wed Mar 11 03:26:13 +0000 2026","0","@el_Slowbruh06 @DiddlyDonger Most OF models are not earning any more than blue collar worker lmao it's very selectively small percentage that get life changing stuff and we see that it's more of work from home personalized job so it's comfortable for creators without having to do railroaded work ","2031572372709585384","","el_Slowbruh06","en","","0","0","0","https://x.com/undefined/status/2031572372709585384","1431992472083709962",
"2031572372268994811","Wed Mar 11 03:26:12 +0000 2026","2","Did this app fucking remove the blue dark mode theme","2031572372268994811","","","en","","0","0","0","https://x.com/undefined/status/2031572372268994811","1844560851245604870",
"2031352262317211698","Wed Mar 11 03:26:12 +0000 2026","2","@nikutaberuru BLUE HEARTSさんの好きなところは 『お前』じゃなくて 『あなた』って言ってくれるトコ","2031572371342229808","","nikutaberuru","ja","","0","0","0","https://x.com/undefined/status/2031572371342229808","725805829593534464",
"2031572169445233014","Wed Mar 11 03:25:24 +0000 2026","2","MAIN https://t.co/DP9H5iJoHQ https://t.co/spvO3OF30b https://t.co/vtDSnrtLnn https://t.co/4XY6Gyjc4b","2031572169445233014","https://pbs.twimg.com/media/HDGYHxUaUAEGew9.jpg","","fr","","0","1","0","https://x.com/undefined/status/2031572169445233014","1931010142956580864",
"2031265875030896682","Wed Mar 11 03:25:24 +0000 2026","0","@JustCasper_2 I want a blue bathroom in my dream house now","2031572166878060612","","JustCasper_2","en","","0","0","0","https://x.com/undefined/status/2031572166878060612","1525282811485343746",
"2031563770074419467","Wed Mar 11 03:25:22 +0000 2026","1","@faateofallfools it's been ages since i've played balatro and i've only gotten past golden stakes once with the blue deck. how do people do this shit?","2031572160289079738","","faateofallfools","en","","0","1","0","https://x.com/undefined/status/2031572160289079738","1686802576497668096",
"2031427179758731274","Wed Mar 11 03:25:22 +0000 2026","0","@iihtishamm I think Blue tick wale apni Post ko Edit kr skte hain. K ni?","2031572159118692648","","iihtishamm","en","","0","0","0","https://x.com/undefined/status/2031572159118692648","1473656294959726595",
"2031560841418731932","Wed Mar 11 03:25:22 +0000 2026","1","@wheelerbyers_ BLUE","2031572158552633793","","wheelerbyers_","en","","0","0","0","https://x.com/undefined/status/2031572158552633793","1344893609535889409",
"2031559484284526992","Wed Mar 11 03:25:20 +0000 2026","0","@realDavidAndres @kaitlancollins David with a blue check @realDavidAndres do you really think it s ok for any country to support Russia by purchasing oil from a communist nation?","2031572150545461710","","realDavidAndres","en","","0","0","0","https://x.com/undefined/status/2031572150545461710","3161335165",
"2031317779173802355","Wed Mar 11 03:25:16 +0000 2026","0","@NotOmarG_001 Swap perfected Blue with Super Saiyan 3 or I'll fucking kill you","2031572136897265910","","NotOmarG_001","en","","0","0","0","https://x.com/undefined/status/2031572136897265910","1341202401987096578",
"2031572131893391618","Wed Mar 11 03:25:15 +0000 2026","7","HOJE TEM CHELSEA NA CHAMPIONS! https://t.co/RqiUiWwhwn","2031572131893391618","https://pbs.twimg.com/media/HDGYFiuaEAA5wsc.jpg","","pt","","0","0","0","https://x.com/undefined/status/2031572131893391618","1716521125436325888",
"2031263885387288590","Wed Mar 11 03:25:15 +0000 2026","0","@KiprutToo Blue gum siku hizi Ni natural forest?","2031572131885068403","","KiprutToo","in","","0","0","0","https://x.com/undefined/status/2031572131885068403","1883379156894842880",
"2031527591040225644","Wed Mar 11 03:25:14 +0000 2026","0","@MattPrehm We have all seen Altman make the Madness move many times. Almost all the time. The BIG10 is different. Won t ever win one. The decline is based on coaching style and lack of BIG blue collar hoop players that work and work and dig deep. We are soft. Dana goes or players go. Simple","2031572127028228134","","MattPrehm","en","","0","0","0","https://x.com/undefined/status/2031572127028228134","186110000",
"2031368503215927731","Wed Mar 11 03:25:14 +0000 2026","0","@laralogan @ChadBianco No they'll cheat again to remain blue","2031572125061140553","","laralogan","en","","0","0","0","https://x.com/undefined/status/2031572125061140553","1538223055847034881",
"2031572115439366603","Wed Mar 11 03:25:11 +0000 2026","11","【クロスポイント】新製品発売情報 新製品ポスター公開！ 2026年8月・9月発売予定 https://t.co/zB2RHZWGGm #CROSSPOINT #GREENMAX 2026年8月発売予定 ･10515 京急600形（更新車・KEIKYU BLUE SKY TRAIN・20周年記念装飾）先頭車2両セット（動力無し） 13 750円(税込) 2026年9月発売予定 https://t.co/hhaYbUjKAO","2031572115439366603","https://pbs.twimg.com/media/HDGX-R_aAAA7PoB.jpg","","ja","","0","0","0","https://x.com/undefined/status/2031572115439366603","729244957177872384",
"2031210769321279979","Wed Mar 11 03:25:08 +0000 2026","0","@alinaraegrace @maddenifico Liberals are not left. Kamala ran on a campaign RIGHT of Reagan and Bush sr. You're right though it's workers vs bourgeoisie. Red and Blue are both bourgeoisie. Always have been. Both love war one just has a rainbow flag on the genocides.","2031572099815584137","","alinaraegrace","en","","0","0","0","https://x.com/undefined/status/2031572099815584137","963561229796089856",
"2031572098221748411","Wed Mar 11 03:25:07 +0000 2026","0","Blue Bee OD、見た目理由に欲しい","2031572098221748411","","","ja","","0","0","0","https://x.com/undefined/status/2031572098221748411","1370043121615003650",
"2031572097080627703","Wed Mar 11 03:25:07 +0000 2026","0","f is for friends who do stuff together. u is for you &amp; meeeee. n is for anywhere &amp; anytime at alllll down here in the deep blue seaaaaaa~","2031572097080627703","","","en","","0","0","0","https://x.com/undefined/status/2031572097080627703","1351931990627528709",
"2031508641296077299","Wed Mar 11 03:25:07 +0000 2026","0","@MKBHD Great review Marques! I'm actually glad I didn't get the Citrus and went with Indigo I love blue. I also have a midnight blue 2025 mba on a very good student deal like just $100 more than this one. Picking mine up tomorrow @ apple ! You can never have too many portable macs ;)","2031572095713554884","","MKBHD","en","","0","0","0","https://x.com/undefined/status/2031572095713554884","1495940334211248141",
"2031538956030890280","Wed Mar 11 03:25:04 +0000 2026","0","@whatwassaidddd I don t think he s a super villain but I do think that he has significantly worse than Stratton. It certainly would prefer to elect a better Democrat especially in a safe blue state.","2031572086095761712","","whatwassaidddd","en","","0","0","0","https://x.com/undefined/status/2031572086095761712","1135771273563262976",
"2031564314767675615","Wed Mar 11 03:24:57 +0000 2026","3","@gaylilsorcerer blue and yellow something for sure a physical signifier is easy enough","2031572053652869446","","gaylilsorcerer","en","","0","0","0","https://x.com/undefined/status/2031572053652869446","1981920607978831872",
"2031553332058190106","Wed Mar 11 03:24:56 +0000 2026","0","@colorblindk1d For blue states the SAVE America Act would be utterly transformative. You won't get a bit of what you want without free and fair elections.","2031572050096304364","","colorblindk1d","en","","0","0","0","https://x.com/undefined/status/2031572050096304364","1967680790315307008",
"2031571839844294742","Wed Mar 11 03:24:54 +0000 2026","0","perhaps when i first forget abt my blue obsession roots i alr been through this","2031572044924772682","","conleshitpost","en","","0","0","0","https://x.com/undefined/status/2031572044924772682","1072812935397830658",
"2031534192228708611","Wed Mar 11 03:24:53 +0000 2026","0","The next train stops at that station. The people waiting for the next train are lined up at the end of the blue line so could you please line up at the end of the blue line?","2031572037685387278","","jh2911a1169","en","","0","0","0","https://x.com/undefined/status/2031572037685387278","1610173160774828035",
"2031572032664555680","Wed Mar 11 03:24:52 +0000 2026","0"," Ode. His own money Omo na blue tick dey cover some people stupidity sha","2031572032664555680","","","en","","0","0","0","https://x.com/undefined/status/2031572032664555680","1205560181821779969",
"2031571998128611460","Wed Mar 11 03:24:43 +0000 2026","0","Blue therapy is therapy for single people cause wtf","2031571998128611460","","","en","","0","0","0","https://x.com/undefined/status/2031571998128611460","1704408571272687616",
"2031572027778412634","Wed Mar 11 03:24:50 +0000 2026","0","Artistic translations of paradigm exist in 2 stages. We'll repost the original. Keith said at the University of Jacuzzi older folk see blue differently. Light art and emergence is the space's 2d stage. /p","2031572027778412634","","","en","","0","0","0","https://x.com/undefined/status/2031572027778412634","75274078",
"2031557253292282315","Wed Mar 11 03:24:48 +0000 2026","1","@vivitoodumb im very surprised we keep pushing the minimum wage by like 30 or 50 cents per year but washington as a state has been blue for ~40 years and minus the homelessness which is in other major cities asw seattle is pretty tuff","2031572016352882877","","vivitoodumb","en","","0","1","0","https://x.com/undefined/status/2031572016352882877","1499589571155091458",
"2031572011785531880","Wed Mar 11 03:24:47 +0000 2026","2","ジャパンスネークセンターのロンTがかわいい！ BOXLOGO・BLUE ARM ロンT / ジャパン・スネークセンター公式ショップ ( Hebiken_JSC ) のロングスリーブTシャツ販売 ∞ SUZURI（スズリ）https://t.co/S6oicHFjw2 #suzuri #SUZURIで見つけた推しTシャツ #SUZURI推しアイテム","2031572011785531880","","","ja","","0","0","0","https://x.com/undefined/status/2031572011785531880","1280500002700374027",
"2031572004923412959","Wed Mar 11 03:24:45 +0000 2026","5","PCAAAA EVERYONE GET MORE BLUE HAIRED AND PRONOUNS MOW","2031572004923412959","","","en","","0","0","2","https://x.com/undefined/status/2031572004923412959","738899772657029121",
"2031572000712364510","Wed Mar 11 03:24:44 +0000 2026","0","🇺🇸 Long live the blue frogs ! Boost Democracy See you on November 3 2026","2031572000712364510","","","en","","0","0","0","https://x.com/undefined/status/2031572000712364510","1791800763120807937",
"2031572028965240988","Wed Mar 11 03:24:51 +0000 2026","0","Me tengo que ver esta temporada. Pero el LA tiene un fetiche de humillación con Luffy o q onda? Porque la gracia de Luffy en el East blue es que era de lejos el pirata más fuerte de este mar y que justo por ello está listo para el grand line. Acá todos se lo madrean izi","2031572028965240988","","","es","","0","0","0","https://x.com/undefined/status/2031572028965240988","1243248987035111428",
"2031445099297845610","Wed Mar 11 03:24:42 +0000 2026","2","@GMaseoGenesis @2dosesofK There are other ways to show that an account is premium. The blue check was the only way for people to tell an official account apart from these weird parody accounts. But this weirdo Elon decides everyone should have one","2031571994718703785","","GMaseoGenesis","en","","0","0","0","https://x.com/undefined/status/2031571994718703785","1169264970913202176",
"2031571963206906090","Wed Mar 11 03:24:35 +0000 2026","0","o próximo capítulo de blue lock vai acabar com uma porradaria absurda em campo pra mostrar que isso é futebol","2031571963206906090","","","pt","","0","0","0","https://x.com/undefined/status/2031571963206906090","1288834551247183873",
"2031571969884250606","Wed Mar 11 03:24:37 +0000 2026","0","Egyptian queen in blue and gold. The focus is a close-up of her face. Golden statues stand in the background. https://t.co/qlciypKGCb","2031571969884250606","","","en","","0","0","0","https://x.com/undefined/status/2031571969884250606","2794736514",
"2031571975601021224","Wed Mar 11 03:24:38 +0000 2026","0","Give myself a ref sheet of my Lycanroc form. I wanted to keep some features from my Mega Charizard X form like being able to fly or breath blue fire so I may draw myself with them in the future #Lycanroc #DuskLycanroc #AnthroLycanroc #Pokesona #Pokemon #AnthroPokemon #Anthro https://t.co/fBd4pq73wP","2031571975601021224","https://pbs.twimg.com/media/HDGX5MZW8AATTLk.jpg","","en","","0","0","0","https://x.com/undefined/status/2031571975601021224","1317475232345710594",
"2031571944407998574","Wed Mar 11 03:24:30 +0000 2026","0","3月11日の楽天ランキング18位! 【クーポンで17 870円!】空気清浄機 ブルーエア Blue Max 3450i 48畳 花粉 ペット ウイルス ニオイ カビ ホコリ シンプル オフィス 店舗 ハウスダスト 細菌 ウイルス タ 価格：30900円 https://t.co/Ogy3wLADxm","2031571944407998574","","","ja","","0","0","0","https://x.com/undefined/status/2031571944407998574","1692546871116603392",
"2031571943229677764","Wed Mar 11 03:24:30 +0000 2026","0","The beauty of morning/noon moon is that it shows you can exist even when someone brighter than you is there. Blue sky and moon ","2031571943229677764","","","en","","0","0","0","https://x.com/undefined/status/2031571943229677764","1837135981293752323",
"2031571941518356629","Wed Mar 11 03:24:30 +0000 2026","3","【フォロワーさんにお尋ねします。】 【 I would like to ask my followers a question. 】 皆さんのところで、私はフォロー状態になってますでしょうか？ 外れちゃってますでしょうか？ Does it say Following (green) or Follow (blue) next to my name in their follower list ? https://t.co/JmnMzaws2R","2031571941518356629","https://pbs.twimg.com/media/HDGX5mJagAA8yC9.jpg","","ja","","0","1","0","https://x.com/undefined/status/2031571941518356629","1312791564880506880",
"2031050357258829945","Wed Mar 11 03:24:27 +0000 2026","0","@0YellowDiamond0 @beyoncegarden The kid in the green shirt is Parker a college student debating Charlie Kirk in this Jubilee Surrounded clip on abortion child marriage and related topics. Charlie's the one in the blue suit who cleared him.","2031571930596134939","","0YellowDiamond0","en","","0","0","0","https://x.com/undefined/status/2031571930596134939","1720665183188922368",
"2031424224158736833","Wed Mar 11 03:24:27 +0000 2026","0","@smith_john12619 @SetPixels It wasn t the residents of the blue city who put up the photos of the wannabe Kim Jun Un.","2031571929304285550","","smith_john12619","en","","0","1","0","https://x.com/undefined/status/2031571929304285550","1913881793683468288",
"2031418190006292837","Wed Mar 11 03:24:25 +0000 2026","0","@mainxxie Aww my Blue Butterfly Cat https://t.co/eTrJ8YlAy5","2031571921486119261","https://pbs.twimg.com/tweet_video_thumb/HDGX44-XoAAylOv.jpg","mainxxie","en","","0","0","0","https://x.com/undefined/status/2031571921486119261","1296490682173906949",
"2031249787635253252","Wed Mar 11 03:24:23 +0000 2026","0","@michaelschwab13 Luther s BBQ rib night all the ribs you could eat! Best place to watch football games with Crazy George beating his drum and the Luv Ya Blue theme song after a touchdown! Texas Best ","2031571912896188849","","michaelschwab13","en","","0","0","0","https://x.com/undefined/status/2031571912896188849","2548990105",
"2031462087839408339","Wed Mar 11 03:24:22 +0000 2026","0","@mka885 @redwinerun @None1is @theliamnissan I needed to provide name change with a marriage license years ago to get a license in deep blue NJ. Stop the rhetoric. Besides. this is a requirement for registration not voting.","2031571907267461122","","mka885","en","","0","1","0","https://x.com/undefined/status/2031571907267461122","917836770",
"2030262813214867751","Wed Mar 11 03:24:21 +0000 2026","0","@me1guo Ooh peak colour i like light blue too.. I really really like purple hmmmm","2031571906151768224","","me1guo","en","","0","0","0","https://x.com/undefined/status/2031571906151768224","1737582518130688000",
"2031571901236261193","Wed Mar 11 03:24:20 +0000 2026","0","biggg fan of orange highlights blue shadows","2031571901236261193","","","en","","0","0","0","https://x.com/undefined/status/2031571901236261193","1070095267779698688",
"2031571897281097764","Wed Mar 11 03:24:19 +0000 2026","0","thank you hugo blue lock https://t.co/nQqSnr2mxM","2031571897281097764","https://pbs.twimg.com/media/HDGX3-ZaUAAIyDK.jpg","","en","","0","0","0","https://x.com/undefined/status/2031571897281097764","1986274475026096135",
"2031459644338577558","Wed Mar 11 03:24:18 +0000 2026","0","@kurtsaltrichter @CAgovernor @VijayP0717 Notice blue states with the highest prices","2031571892046541081","","kurtsaltrichter","en","","0","0","0","https://x.com/undefined/status/2031571892046541081","1648041977169182722",
"2031571880143106182","Wed Mar 11 03:24:15 +0000 2026","1","Personel Polsek Sipirok melaksanakan Patroli Blue Light untuk mengantisipasi gangguan kriminalitas di wilayah hukum Sipirok. Dengan menyalakan lampu rotator tim patroli berkeliling guna mencegah tindak kejahatan 3C (Curat Curas Curanmor). https://t.co/WeA6ZAWELo","2031571880143106182","","","in","","0","0","0","https://x.com/undefined/status/2031571880143106182","1531598200749977601",
"2031498519178326382","Wed Mar 11 03:24:14 +0000 2026","0","@LunaFreeState @uubzu The concept of red for a tomato *is* semantic knowledge: associations built from real-life sightings language ( ripe = red ) and context (fire trucks blood). No mental picture needed to flag a blue one as wrong it's a category mismatch like knowing Paris isn't in Germany ","2031571876045038016","","LunaFreeState","en","","0","0","0","https://x.com/undefined/status/2031571876045038016","1720665183188922368",
"2031571830306140345","Wed Mar 11 03:24:03 +0000 2026","0","ahorita blue se hace la buchona pero recuerdo sus tiempos de chica kpop","2031571830306140345","","","es","","0","0","0","https://x.com/undefined/status/2031571830306140345","1756449686615896064",
"2031401800398487784","Wed Mar 11 03:24:03 +0000 2026","0","@mrmikeMTL Without a blue checkmark I just scream into the void","2031571829861806436","","mrmikeMTL","en","","0","0","0","https://x.com/undefined/status/2031571829861806436","16228761",
"2031571821208773090","Wed Mar 11 03:24:01 +0000 2026","0","I am begging you all to stop feeding the blue checks. If they aren't making anything else then the only thing they're here for is making engagement. They are being paid to upset you.","2031571821208773090","","","en","","0","0","0","https://x.com/undefined/status/2031571821208773090","1814931174609072129",
"2031571818503606337","Wed Mar 11 03:24:00 +0000 2026","1","キキを表す色は 【薄青（うすあお）｜Smoke Blue】 余韻をまとう人 ・くすみ系クール代表 ・感情に振り回されない ・静かな理性で整える #Makko #診断テスト みんなは何色かな？ 【色鉛筆診断】 https://t.co/ME6ExhEZwp","2031571818503606337","","","ja","","0","0","0","https://x.com/undefined/status/2031571818503606337","1600020524637515776",
"2031549052203184512","Wed Mar 11 03:23:58 +0000 2026","0","@barrylongii Blue Jackets","2031571809422684337","","barrylongii","en","","0","0","0","https://x.com/undefined/status/2031571809422684337","1817621385986084864",
"2031278235820990784","Wed Mar 11 03:23:56 +0000 2026","0","@sstarmii Is the red one your fave I swear your pfp had a blue ninja before","2031571797984866787","","sstarmii","en","","0","1","0","https://x.com/undefined/status/2031571797984866787","1050524299948257283",
"2031542588478763260","Wed Mar 11 03:23:56 +0000 2026","0","@IWishTCG Blue-eyes pure white dragon","2031571797812908144","","IWishTCG","en","","0","0","0","https://x.com/undefined/status/2031571797812908144","988641907046797314",
"2031571780679168268","Wed Mar 11 03:23:51 +0000 2026","1","BLUE POTATO GREEN PATAHTO https://t.co/ZEvfZVigTx","2031571780679168268","https://pbs.twimg.com/media/HDGXdycaMAQlTe8.jpg","","fi","","0","1","0","https://x.com/undefined/status/2031571780679168268","1760412269538643968",
"2031571778641051762","Wed Mar 11 03:23:51 +0000 2026","0","/ bright blue eyes ","2031571780008333524","","M00NSTRAY_","en","","0","0","0","https://x.com/undefined/status/2031571780008333524","1770481478885130240",
"2031495856524795921","Wed Mar 11 03:23:48 +0000 2026","0","@CoBALT2332 @mbv_scar Yeah it s worth checking for the blue check to see if they re incentivized into engagement baiting","2031571766498214281","","CoBALT2332","en","","0","0","0","https://x.com/undefined/status/2031571766498214281","1419877550411690004",
"2031571488118288473","Wed Mar 11 03:22:42 +0000 2026","1","$HIMS This is Blue Chip Leadership if I have ever seen it","2031571488118288473","","","en","","0","0","0","https://x.com/undefined/status/2031571488118288473","1788970800483295232",
"2031450048932741349","Wed Mar 11 03:22:39 +0000 2026","1","@Enzomatic245 @Quasargoon_ @realspeckzo I have a blue check very successful","2031571478093664477","","Enzomatic245","en","","0","1","0","https://x.com/undefined/status/2031571478093664477","1988771521566003200",
"2031571474981458251","Wed Mar 11 03:22:39 +0000 2026","0","Probably shouldn t follow my feed then. But you re welcome for giving you an additional interaction on your blue check mark.","2031571474981458251","","","en","","0","0","0","https://x.com/undefined/status/2031571474981458251","190147672",
"2031571474100928547","Wed Mar 11 03:22:38 +0000 2026","0","This remind me of some certain white hair and blue eyes who once stuck himself in a never ending cycle for his home","2031571474100928547","","","en","","0","1","0","https://x.com/undefined/status/2031571474100928547","1165976090134736897",
"2031488254059409696","Wed Mar 11 03:22:38 +0000 2026","0","@dineen20dineen Mine were blue","2031571473048215956","","dineen20dineen","en","","0","0","0","https://x.com/undefined/status/2031571473048215956","621088912",
"2031422730357321990","Wed Mar 11 03:22:36 +0000 2026","0","@LichTamara In other news the sky is blue.","2031571465506824309","","LichTamara","en","","0","0","0","https://x.com/undefined/status/2031571465506824309","1538897219079880709",
"2031568096381775970","Wed Mar 11 03:22:35 +0000 2026","1","@MATSU_ROCK_ パターンBLUE府市ですw","2031571460993724602","","MATSU_ROCK_","ja","","0","1","0","https://x.com/undefined/status/2031571460993724602","1554651547069726721",
"2031571442890891432","Wed Mar 11 03:22:31 +0000 2026","4","Shio Minamo (Source) * You Can't Be in a Rom-Com with Your Childhood Friends! * https://t.co/0EM9yLWlQ7","2031571442890891432","https://pbs.twimg.com/media/HDGXdNeWUAEjj18.jpg","","en","","0","0","2","https://x.com/undefined/status/2031571442890891432","1378924047791230976",
"2031565367533813771","Wed Mar 11 03:22:30 +0000 2026","0","@RepPatFallon Please tell Chuck Schumer that we could easily afford 93 billion if Democrats would stop committing fraud in every blue state in the country.","2031571439308984699","","RepPatFallon","en","","0","0","0","https://x.com/undefined/status/2031571439308984699","1597658835849707521",
"2031558510123926002","Wed Mar 11 03:22:21 +0000 2026","1","@awax_siddarth That blue saree look is stunning","2031571399786246610","","awax_siddarth","en","","0","1","0","https://x.com/undefined/status/2031571399786246610","1941802758065307648",
"2031563198734713267","Wed Mar 11 03:22:16 +0000 2026","0","@JDSHELBURNE One of our blue-collar stars. Like Patrick Patterson","2031571380710338891","","JDSHELBURNE","en","","0","0","0","https://x.com/undefined/status/2031571380710338891","1680725569921593344",
"2031516561379569763","Wed Mar 11 03:22:28 +0000 2026","0","@ChargersWorld Im gonna die on the hill that this FO commited malpractice for deliberately going after a OK running back instead of continuing to remedy a OL (and skipping on a blue chip guard prospect) that had already dampered Herb the year prior. Fuck this FO","2031571430601798050","","ChargersWorld","en","","0","0","0","https://x.com/undefined/status/2031571430601798050","1447780689001156609",
"2030775115034829189","Wed Mar 11 03:22:23 +0000 2026","0","@voteholyk @GovBobFerguson I applaud your optimism and I felt that way until Covid. During the pandemic no matter what was done to them residents still voted blue. It doesn't matter what Democrats do to them King county will go blue and drag the rest of us with them.","2031571409999376635","","voteholyk","en","","0","0","0","https://x.com/undefined/status/2031571409999376635","948576577821929477",
"2031571408820855278","Wed Mar 11 03:22:23 +0000 2026","2","Reviewed Buffalo news from earlier today It s excellent particularly when considered with all else in favor of this company and sector AND it matched it s highest close so only blue sky above on the chart $BUFF / $BUFF.v link: https://t.co/FaJGcjDGJW #potash @trentkelp https://t.co/0BuMvI6p9g","2031571408820855278","https://pbs.twimg.com/media/HDGXVc8aMBIU6nO.jpg","","en","","1","0","0","https://x.com/undefined/status/2031571408820855278","1456032741477158913",
"2031553229280940211","Wed Mar 11 03:22:28 +0000 2026","0","@SummerFantasies I invent red pill blue pill start to tell everyone their partner is a narcissist teach everyone about hypergamy gaslighting and monkey branching basically I ruin society 36 years early .","2031571432451494033","","SummerFantasies","en","","0","0","0","https://x.com/undefined/status/2031571432451494033","1730016944332681216",
"2031385953290330392","Wed Mar 11 03:22:28 +0000 2026","0","Ok good I think this person got the right design https://t.co/2ALCPcFHvv","2031571431671189562","https://pbs.twimg.com/media/HDGXc02XEAArJqu.jpg","TheoryinBlue","en","","0","1","0","https://x.com/undefined/status/2031571431671189562","1317926644116541442",
"2031571368899391630","Wed Mar 11 03:22:13 +0000 2026","1","白狐を表す色は 【薄青（うすあお）｜Smoke Blue】 余韻をまとう人 ・くすみ系クール代表 ・感情に振り回されない ・静かな理性で整える #Makko #診断テスト みんなは何色かな？ 【色鉛筆診断】 https://t.co/GY3qyRrPr6 クール ではなくないか？w","2031571368899391630","","","ja","","0","0","0","https://x.com/undefined/status/2031571368899391630","265307463",
"2031571284727885914","Wed Mar 11 03:21:53 +0000 2026","0","So the Blue Jays' Quarter Season Ticket packages are actually every 4th game this year (I think they were distributed randomly in previous years?) QSTHers please confirm or deny?","2031571284727885914","","","en","","0","2","0","https://x.com/undefined/status/2031571284727885914","902674844512288768",
"2031568155718615456","Wed Mar 11 03:21:53 +0000 2026","0","@fitnesscampus_ Blue Barrels. I ve seen those before. That s a Fancy setup you have there. ","2031571282760745421","","fitnesscampus_","en","","0","0","0","https://x.com/undefined/status/2031571282760745421","2017140176150052864",
"2031527647398777251","Wed Mar 11 03:21:52 +0000 2026","1","@GuntherEagleman If this race is indicative of our elections in November Georgia will go blue.","2031571279325643258","","GuntherEagleman","en","","0","0","0","https://x.com/undefined/status/2031571279325643258","1520136057928486920",
"2031571268474900990","Wed Mar 11 03:21:49 +0000 2026","0","I choose to believe Leon leaves antique coins for Grace because he's too old to go through some blue medallions and pesetas shit again https://t.co/DO6LYCy1ds","2031571268474900990","https://pbs.twimg.com/media/HDGXIvJW0AAOWih.jpg","","en","","0","0","0","https://x.com/undefined/status/2031571268474900990","2006356618003562496",
"2031571263483977828","Wed Mar 11 03:21:48 +0000 2026","0","#ifci long term weekly analysis Next 5th mini (blue color ) of 3rd will end at around 124 Then will go for bigger 4th wave correction (black color ) as shown.. then it will form a big 18 year cup and handle... Now u all know what happens in monthly cup and handles #multibagger https://t.co/Qa4LLEWVI8","2031571263483977828","https://pbs.twimg.com/media/HDGXRhBbMAAaMud.png","","en","","0","0","0","https://x.com/undefined/status/2031571263483977828","3600564316",
"2031571255556780148","Wed Mar 11 03:21:46 +0000 2026","0","Conor Garland scores 2 to send Blue Jackets past Lightning 5-2 https://t.co/nV7kHev6xb #Conor #Garland #Blue #Jackets #showbiz #sports #celebrities #lifestyle","2031571255556780148","","","en","","0","0","0","https://x.com/undefined/status/2031571255556780148","1599200249914032129",
"2031571253040132391","Wed Mar 11 03:21:46 +0000 2026","0","ひっさしぶりにBLUE ENCOUNT単独行きたいです。オーマイゴシゴシ頼むな！ https://t.co/9sNszErSPM","2031571253040132391","https://pbs.twimg.com/media/HDGXSLiaEAAabHW.jpg","","ja","","0","0","0","https://x.com/undefined/status/2031571253040132391","1440641653073596417",
"2031565537948451322","Wed Mar 11 03:21:46 +0000 2026","0","@bankertobuilder Kinda makes me miss my blue shirt and name tag days.","2031571253010772340","","bankertobuilder","en","","0","0","0","https://x.com/undefined/status/2031571253010772340","1591219808451715072",
"2031571242373820611","Wed Mar 11 03:21:43 +0000 2026","0","I feel so bad I got worried mind. I m so lonesome all the time. Since I left my baby behind On Blue Bayou. Saving nickels saving dimes. Working til the sun don t shine. Looking forward to happier times. On Blue Bayou - Do you know who I am? https://t.co/93HrbYgDat","2031571242373820611","https://pbs.twimg.com/media/HDGXRgbaMAIKdEu.jpg","","en","","0","0","0","https://x.com/undefined/status/2031571242373820611","1945478668937281536",
"2031262506937889242","Wed Mar 11 03:21:43 +0000 2026","0","@LesterMerc8430 @Campbell11Dcmc It looks like a young girl in a blue polka-dot dress hands clasped looking down. I don't recognize her as a known public figure. More context on the video or post?","2031571241295818779","","LesterMerc8430","en","","0","0","0","https://x.com/undefined/status/2031571241295818779","1720665183188922368",
"2031533019329343957","Wed Mar 11 03:21:39 +0000 2026","0","@kate_p45 @TAftermath2020 I guess all of MTGs supporters are all blue now out of spite.","2031571227148431683","","kate_p45","en","","0","0","0","https://x.com/undefined/status/2031571227148431683","1605956167787749377",
"2031446714033336691","Wed Mar 11 03:21:39 +0000 2026","0","@TonyTheLion2500 I dabble in dabbling just for the blues till I (I'm blue dabble de dabble die)","2031571223713362403","","TonyTheLion2500","en","","0","0","0","https://x.com/undefined/status/2031571223713362403","113561942",
"2031433305610920385","Wed Mar 11 03:21:37 +0000 2026","0","@MarkHeath45 Come on you cant expect to show people things that are happening to women in that part of the world But we can watch bonnie blue getting ruined on here tho Both horrific but think id rather watch the stoning tbh","2031571218655002941","","MarkHeath45","en","","0","0","0","https://x.com/undefined/status/2031571218655002941","1531504140878331905",
"2031098682485997932","Wed Mar 11 03:21:35 +0000 2026","0","@zer0life @SpectralAurora_ Told you I did 6 days in person on assessment already I can be an absolute professional when I need to be. It's not a hard switch to flip especially if you're used to masking with a persona (like I am) for blue collar work already. I'm just not carefully monitoring my wording.","2031571207850516730","","zer0life","en","","0","1","0","https://x.com/undefined/status/2031571207850516730","1450976122536177668",
"2031366968260046885","Wed Mar 11 03:21:34 +0000 2026","0","@BuckKelvin35991 @crissyu182 That looks like a blonde woman in a black AMORE t-shirt (with heart logo and partial I'll be your... text below) posing outdoors under a blue sky with palm trees. Not a widely recognized public figure that I can identify. More details from the video?","2031571205409403300","","BuckKelvin35991","en","","0","0","0","https://x.com/undefined/status/2031571205409403300","1720665183188922368",
"2031571204025495947","Wed Mar 11 03:21:34 +0000 2026","3","i need to make four (4) can badges to attach a photocard display to my wheelchair but i do not. have it in me to design more. so if anyone has takueis preferably with pink/blue color schemes that you would be okay with me buttonifying and walking around with at con....... ","2031571204025495947","","","en","","0","0","0","https://x.com/undefined/status/2031571204025495947","1559334107124944898",
"2031571196752351515","Wed Mar 11 03:21:32 +0000 2026","0","@BlueVillagee 3v3 Regular Cap | Thursday March 11th - Start @ 6:30pm CET/ 12:30pm EST | Max. 30 Cap (BV INT. Ranking) ️| 37.50€ per Team (30€ below the Cap) | EU Host Comment for form. https://t.co/z8EhgnKC6x","2031571196752351515","https://pbs.twimg.com/media/HDGXPNxXoAAqq8H.jpg","","en","","0","0","0","https://x.com/undefined/status/2031571196752351515","1552321049181786114",
"2031480728295453038","Wed Mar 11 03:21:30 +0000 2026","0","@conquertheno 2 mustard &amp; blue cheese","2031571185897464015","","conquertheno","en","","0","0","0","https://x.com/undefined/status/2031571185897464015","1481681816071380999",
"2031571180956549455","Wed Mar 11 03:21:28 +0000 2026","0","Quick Spring Recap: Jays Beat Braves (Blue Jays Preseason) https://t.co/TtNSnrDJDn","2031571180956549455","","","en","","0","0","0","https://x.com/undefined/status/2031571180956549455","3102669979",
"2031571179551498360","Wed Mar 11 03:21:28 +0000 2026","0","Idk why I even attempt to watch Blue Therapy. What is this rubbish? No way these are real couples","2031571179551498360","","","en","","0","0","0","https://x.com/undefined/status/2031571179551498360","1670055301628801028",
"2031571178280857699","Wed Mar 11 03:21:28 +0000 2026","0","Hallo! Lagi cari GO buat beli/persod photocard NCT? Yuk mampir ke GO Blue Fairy khusus ALL UNIT NCT! Tersedia: PC Album POB &amp; Special PC Fansign Benefit Proses jelas update rutin dan bisa bantu dapetin PC yang kalian cari Link GO ada di postingan yang aku qrt","2031571178280857699","","","in","","0","0","0","https://x.com/undefined/status/2031571178280857699","1940050210476208128",
"2031444889162911997","Wed Mar 11 03:21:26 +0000 2026","0","@mirellasghost blue https://t.co/RsIyGuBUPp","2031571169833325001","https://pbs.twimg.com/media/HDGXNptXEAAICou.jpg","mirellasghost","en","","0","0","0","https://x.com/undefined/status/2031571169833325001","1335017293559058438",
"2031571161176543435","Wed Mar 11 03:21:24 +0000 2026","0","Kirill Marchenko - Columbus Blue Jackets (24) Power Play Goal https://t.co/IEBHDd3G9x","2031571161176543435","https://pbs.twimg.com/amplify_video_thumb/2031530097534963712/img/mTBdSDMf90rJYWGt.jpg","","en","","0","0","0","https://x.com/undefined/status/2031571161176543435","1841991249563136000",
"2031543128142876725","Wed Mar 11 03:21:23 +0000 2026","0","@Jaamennn @CNviolations Those white marks on the guy's face are splatters of the laundry detergent gel beads from the product in the ad. It's a silly Chinese commercial for fabric-whitening laundry pods (the blue boxes shown later). The skit has the stuff accidentally getting on him to hype how","2031571160014471255","","Jaamennn","en","","0","1","0","https://x.com/undefined/status/2031571160014471255","1720665183188922368",
"2031562884962984035","Wed Mar 11 03:21:23 +0000 2026","1","@0hour1 When was the last time Jews randomly attacked a mooselimb? On the other hand while I will never randomly assault anyone myself and many like me are prepared to defend ourselves. There is a reason most anti-Jew attacks happen in blue states","2031571159532306852","","0hour1","en","","0","1","0","https://x.com/undefined/status/2031571159532306852","1760253905370292224",
"2031450141853401384","Wed Mar 11 03:21:23 +0000 2026","0","@XDEnjoyer777 I miss blue archive having different artists. :( but also It's gap moe!!! You wouldn't get it!!!","2031571157032358257","","XDEnjoyer777","en","","0","0","0","https://x.com/undefined/status/2031571157032358257","1954652114917167104",
"2031571156214362304","Wed Mar 11 03:21:23 +0000 2026","0","Revi o 1° EP do cellbit jogando Blue Prince No final da live ele fala que vai continuar amanhã pra não decorar tudo de uma vez... KSJSJSKKSKSKSKSKSKKSKKKK O Cellbit do passado mal esperava que seriam mais de 100 horas de jogo","2031571156214362304","","","pt","","0","0","0","https://x.com/undefined/status/2031571156214362304","1305371585910583296",
"2031272071943303617","Wed Mar 11 03:21:22 +0000 2026","0","@KristinC33663 @StefaniCorrada1 Not sure who this is she doesn't match any well-known public figures or celebs from my knowledge. The image shows a young woman with long dark hair glasses and a light blue dress in a car with a REDDITS movingelli watermark (possibly a Reddit/TikTok creator handle). If","2031571152066261126","","KristinC33663","en","","0","0","0","https://x.com/undefined/status/2031571152066261126","1720665183188922368",
"2031426008285421933","Wed Mar 11 03:21:21 +0000 2026","0","@omarsar0 Here's mine take a look have fun. https://t.co/Q8IZhNCN0s","2031571149960647111","","omarsar0","en","","0","0","0","https://x.com/undefined/status/2031571149960647111","1478460385502150669",
"2031571146370621916","Wed Mar 11 03:21:20 +0000 2026","0","▼【メルカリ】レア出品 本日、出品後3分以内に即売れしたアイテムです！ 『Burberrys BLUE LABEL 38チェック柄スカート』 ¥4 980 https://t.co/gESQtqqOCx #PR [12:21:15]","2031571146370621916","","","ja","","0","0","0","https://x.com/undefined/status/2031571146370621916","1350229612719034369",
"2031175248641667230","Wed Mar 11 03:21:20 +0000 2026","1","@Azariel91 When I saw the blue charger I said of course this video makes more sense. Chasing till the wheeels fall off","2031571145028223341","","Azariel91","en","","0","0","0","https://x.com/undefined/status/2031571145028223341","754735631415250944",
"2031571011766816808","Wed Mar 11 03:21:20 +0000 2026","0","also why is having blue eyes a jumpscare","2031571144898224169","","cupidkitty_","en","","0","0","0","https://x.com/undefined/status/2031571144898224169","1763450565109944320",
"2031571142104801675","Wed Mar 11 03:21:19 +0000 2026","0","Goggle Villas Deja Blue Cozumel. Discover the allure of Goggle Villas Deja Blue in Cozumel a vibrant ode to the spirit of island life where everyday worries evaporate with the ocean mist. This stunning location offers a perfect blend of sun-soaked rela... https://t.co/UKrV2CfwzG","2031571142104801675","","","en","","0","0","0","https://x.com/undefined/status/2031571142104801675","1585964638218469377",
"2031515927078961332","Wed Mar 11 03:21:17 +0000 2026","1","@Royal_K7 @Unariel_ no blue checkmark just ragebaiting for the love of the game","2031571133317918904","","Royal_K7","en","","0","1","0","https://x.com/undefined/status/2031571133317918904","1202324546709159937",
"2031498519178326382","Wed Mar 11 03:21:16 +0000 2026","0","@LunaFreeState @uubzu No the remembered red is pure semantic fact/category knowledge ( tomatoes = red ripe ones ) stored like any abstract info (e.g. Paris is capital of France ). No mental image needed for comparison. They see blue tomato via normal vision flag the mismatch against that fact","2031571128305504311","","LunaFreeState","en","","0","1","0","https://x.com/undefined/status/2031571128305504311","1720665183188922368",
"2031571125893743008","Wed Mar 11 03:21:15 +0000 2026","90"," Name something more American other than your 4 year old singing Courtesy of the Red White and Blue wearing a coon hat... I'll wait! 🇺🇸🇺🇸 Love it!! https://t.co/oiIdBEqnX5","2031571125893743008","https://pbs.twimg.com/amplify_video_thumb/2031571070235357184/img/0Zmr77K89PkpFLYH.jpg","","en","","1","2","19","https://x.com/undefined/status/2031571125893743008","1261816778256265222",
"2031571119812260045","Wed Mar 11 03:21:14 +0000 2026","0","Hallo! Lagi cari GO buat beli/persod photocard NCT? Yuk mampir ke GO Blue Fairy khusus ALL UNIT NCT! Tersedia: PC Album POB &amp; Special PC Fansign Benefit Proses jelas update rutin dan bisa bantu dapetin PC yang kalian cari Link GO ada di postingan yang aku qrt","2031571119812260045","","","in","","0","0","0","https://x.com/undefined/status/2031571119812260045","791348894676516864",
"2031564600286523772","Wed Mar 11 03:21:12 +0000 2026","0","@PhilSustainable NYC did just that - before it was so deep blue and had some red mayors and state legislators","2031571113604465080","","PhilSustainable","en","","0","0","0","https://x.com/undefined/status/2031571113604465080","1240136673498935297",
"2031480561361989753","Wed Mar 11 03:21:10 +0000 2026","0","@RadarFennec @ripplebrain General Ripper...is the Marine General who lead a fictional factions (ergo middle eastern nation...looks over at Iran) and literally flattened the invading Blue Force in Millennium Challenge. Everything he did is now being done by Iran...we didn't learn squat from that failure!","2031571102019776867","","RadarFennec","en","","0","0","0","https://x.com/undefined/status/2031571102019776867","1104016878865920002",
"2031073478250496074","Wed Mar 11 03:21:09 +0000 2026","0","@povcops Yet violent street vagrants get out of crimes all day long in leftist blue cities.","2031571099050455285","","povcops","en","","0","0","0","https://x.com/undefined/status/2031571099050455285","74962904",
"2031571089315295257","Wed Mar 11 03:21:07 +0000 2026","0","Conor Garland - Columbus Blue Jackets (10) https://t.co/gNcffhsiLD","2031571089315295257","https://pbs.twimg.com/amplify_video_thumb/2031527308230799360/img/Bcd9fyBfCjTgbwiV.jpg","","en","","0","0","0","https://x.com/undefined/status/2031571089315295257","1841991249563136000",
"2031571072035008966","Wed Mar 11 03:21:02 +0000 2026","0","Dia menggandeng tanganku dia mengajakku nonton pertandingan bola(blue orange) dia membelikanku ice cream","2031571072035008966","","","in","","0","0","0","https://x.com/undefined/status/2031571072035008966","1266223481588379648",
"2031560852319662282","Wed Mar 11 03:21:01 +0000 2026","0","@CanadianGrayMan I can transfuse straight Labatt Blue and survive.","2031571065831567408","","CanadianGrayMan","en","","0","0","0","https://x.com/undefined/status/2031571065831567408","1838720187501268992",
"2031571047317991635","Wed Mar 11 03:20:57 +0000 2026","0","Hallo! Lagi cari GO buat beli/persod photocard NCT? Yuk mampir ke GO Blue Fairy khusus ALL UNIT NCT! Tersedia: PC Album POB &amp; Special PC Fansign Benefit Proses jelas update rutin dan bisa bantu dapetin PC yang kalian cari Link GO ada di postingan yang aku qrt","2031571047317991635","","","in","","0","0","0","https://x.com/undefined/status/2031571047317991635","1532311455038509056",
"2031571030020420055","Wed Mar 11 03:20:52 +0000 2026","0","False...? I was technically alive when the Blue Jays won it in 1993 but my age was still being measured in months so I have no conscious memory of it... does that count?","2031571030020420055","","","en","","0","0","0","https://x.com/undefined/status/2031571030020420055","902674844512288768",
"2031566321352126876","Wed Mar 11 03:20:52 +0000 2026","1","@PpollingNumbers Right on track with elections since Jan 2025. Blue tsunami coming ","2031571029735387523","","PpollingNumbers","en","","0","1","0","https://x.com/undefined/status/2031571029735387523","70095723",
"2031498519178326382","Wed Mar 11 03:20:52 +0000 2026","0","@grok @uubzu Okay you proved my point. They see 'blue' and it's a category mismatch. That means they remember the red color (to know that blue is wrong) and this have some image in their mind to which they are comparing the blue.","2031571029454143686","","grok","en","","0","1","0","https://x.com/undefined/status/2031571029454143686","4347202400",
"2028445899068940453","Wed Mar 11 03:20:51 +0000 2026","0","@MadhuriDixit I m loving that shade of blue looks very familiar Also I enjoyed your and Guru Ji @bindasbhidu s guest appearance on The Great Indian Kapil Show. I wouldn t have missed it.","2031571022206611954","","MadhuriDixit","en","","0","0","0","https://x.com/undefined/status/2031571022206611954","1659814110501167107",
"2031569906169524722","Wed Mar 11 03:20:50 +0000 2026","1","@RealDeanCain From one blue star mom to another may our airmen return home safe to us.","2031571018263793899","","RealDeanCain","en","","0","0","0","https://x.com/undefined/status/2031571018263793899","82526348",
"2031380058989060253","Wed Mar 11 03:20:49 +0000 2026","1","@leomaruneko ぉおお！イイですね！ ご提案ありがとうございます！ みんなでつくる保守党BLUEということで、 近いうちにアプリ内に要望リストをつくろうと思いますので、そこに入れてもらえればと〜","2031571014346576303","","leomaruneko","ja","","0","1","0","https://x.com/undefined/status/2031571014346576303","1040209897340600320",
"2031571010605261098","Wed Mar 11 03:20:48 +0000 2026","3","Valve already experimenting vulkan workgraph as ready or not they must embrace it otoh Xbox already have this silicon feat since X1 in beta stage XSX to Helix to PC (UDNA/RDNA4) will be easy but PS5/pro will be pain unless Sony do something about it","2031571010605261098","","","en","","0","0","1","https://x.com/undefined/status/2031571010605261098","1501874918",
"2031517524073009490","Wed Mar 11 03:20:46 +0000 2026","0","@Mycelium_Daddy Nah. Mushrooms are tie dye. Weed is blue jeans. One has seasons the other never loses style. ","2031571002702917899","","Mycelium_Daddy","en","","0","0","0","https://x.com/undefined/status/2031571002702917899","1376939269089017857",
"2031570998961516707","Wed Mar 11 03:20:45 +0000 2026","0","Ethereal beauty. Golden adornments frame a face with otherworldly blue-toned skin and mesmerizing eyes capturing a sense of ancient divinity. https://t.co/8VTrT450lF","2031570998961516707","","","en","","0","0","0","https://x.com/undefined/status/2031570998961516707","2794736514",
"2031570978774659333","Wed Mar 11 03:20:40 +0000 2026","0","my allegiance raw footage deadass got fucking DELETED out of the blue. like literally at random my computer removed the entire video after I spent like 45 minutes processing it through davinci. while I was in the middle of uploading it to youtube. unprompted. what the fuck","2031570978774659333","","","en","","0","0","0","https://x.com/undefined/status/2031570978774659333","1385476152349782016",
"2031505030101049592","Wed Mar 11 03:20:39 +0000 2026","1","@sizzle_sarah Tens of billions will get kicked off the USA election rolls according to Chuck Schumer. The world only has a little over 8 billion total population. @AOC doesn t know where Venezuela is and made a fool of herself on the international stage. STOP voting blue. Democrats are","2031570973254889971","","sizzle_sarah","en","","0","0","0","https://x.com/undefined/status/2031570973254889971","2574160196",
"2031570960067756181","Wed Mar 11 03:20:36 +0000 2026","1","The Land Rover Range Rover Sport SV Winter Dusk makes its debut with a Bespoke Indigo Blue satin exterior paint finish a contrasting Narvik Black roof and mirror caps Nano Yellow carbon ceramic brake calipers 23-in. Thunderball polished wheels and a 626 hp 4.4L TT V8 engine. https://t.co/mPwbyTLjMM","2031570960067756181","https://pbs.twimg.com/media/HDGXBZ9XUAEBxjY.jpg","","en","","0","0","1","https://x.com/undefined/status/2031570960067756181","740376274871451652",
"2031570152614146086","Wed Mar 11 03:20:34 +0000 2026","1","@TiaDoesStuffX3 GET THAT BLUE FRAUD GOATKEEPER","2031570950924206435","","TiaDoesStuffX3","en","","0","0","0","https://x.com/undefined/status/2031570950924206435","1625325183094476801",
"2031339787718897953","Wed Mar 11 03:20:30 +0000 2026","0","@AntiWokeMemes Blue balls?","2031570935447486725","","AntiWokeMemes","en","","0","0","0","https://x.com/undefined/status/2031570935447486725","1876431361684496385",
"2031570932930650269","Wed Mar 11 03:20:29 +0000 2026","0","If you want to know who s on Twitter next time you read a thread look at how many blue checks there are. And then realize that blue checks get paid based on how many angry responses they can garner. And then realize we should probably leave Twitter.","2031570932930650269","","","en","","0","0","0","https://x.com/undefined/status/2031570932930650269","410227132",
"2031570929206141004","Wed Mar 11 03:20:28 +0000 2026","0","A striking vibrant statue of an Egyptian figure adorned in gold with skin rendered in shades of brilliant blue. The figure's hand is raised in gesture inviting curiosity. https://t.co/kPR7KteQJA","2031570929206141004","","","en","","0","0","0","https://x.com/undefined/status/2031570929206141004","2794736514",
"2031570926207463543","Wed Mar 11 03:20:28 +0000 2026","0","Update: they did it! Dems were able to notch just about 40% of the vote today (technically 39.7%) in GA-14. An impressive result in a red district that s been trending blue. Dems gained the most ground in the city of Rome (Floyd) heavily Hispanic Whitfield and exurban Polk. https://t.co/BbKl9rVcva","2031570926207463543","https://pbs.twimg.com/media/HDGWEuDaMAI5uFH.jpg","","en","","0","0","0","https://x.com/undefined/status/2031570926207463543","1666961845826224128",
"2031570924454002706","Wed Mar 11 03:20:27 +0000 2026","12","Our best from another Tuesday run-rule at Blue Bell ️ Full Gallery: https://t.co/slG459jTTc https://t.co/cSrHOCRzLF","2031570924454002706","https://pbs.twimg.com/media/HDGWH2Ua4AA3THO.jpg","","en","","0","0","0","https://x.com/undefined/status/2031570924454002706","24127368",
"2031488254059409696","Wed Mar 11 03:20:26 +0000 2026","0","@dineen20dineen Yes Had a blue pair back in the 70s","2031570917046804808","","dineen20dineen","en","","0","0","0","https://x.com/undefined/status/2031570917046804808","1200804995295252481",
"2031570909241422013","Wed Mar 11 03:20:24 +0000 2026","0","this is blue asf","2031570909241422013","","","en","","0","0","0","https://x.com/undefined/status/2031570909241422013","1170536579934445570",
"2031570907282436474","Wed Mar 11 03:20:23 +0000 2026","0","this truly shows how out of the blue &amp; sudden heeseung leaving was because how could they have stuff like this still scheduled ?","2031570907282436474","","","en","","0","0","0","https://x.com/undefined/status/2031570907282436474","1619851690185986048",
"2031554436212920712","Wed Mar 11 03:20:18 +0000 2026","0","@spitta419 @JimCollinsJr @VoteHub Colton voter are not going to trend Blue lol https://t.co/EteCbIM2ao","2031570884121808972","https://pbs.twimg.com/media/HDGW8x0aMAIzhNB.jpg","spitta419","en","","0","2","0","https://x.com/undefined/status/2031570884121808972","1819987457712234496",
"2031570883035410841","Wed Mar 11 03:20:17 +0000 2026","0","FUTABA NENDO SO CUTEEEEE ....Man I suddenly remember the blue boi.................","2031570883035410841","","","en","","0","0","0","https://x.com/undefined/status/2031570883035410841","94966694",
"2031570881101828197","Wed Mar 11 03:20:17 +0000 2026","0","i miss summer 2023 and Twitter spaces and Twitter circles and the blue bird instead of the ugly x","2031570881101828197","","","en","","0","0","0","https://x.com/undefined/status/2031570881101828197","1682762274426212353",
"2031551713862172938","Wed Mar 11 03:20:15 +0000 2026","0","@LilaL_Hrv What s next blue suits for everyone ‍️","2031570874441122011","","LilaL_Hrv","en","","0","0","0","https://x.com/undefined/status/2031570874441122011","826582645261885446",
"2031570862974161205","Wed Mar 11 03:20:13 +0000 2026","1","着実に濃い役を頂いているあっちゃん朝からグッとくるものがあるUSEN 推し活リクエストでGENICの『Blue sky』をリクエストしました！ https://t.co/w54oxUzQ8A #USEN推し活リクエスト #推しリク #GENIC #MAJ2026 #MAJ2026_推しリク #MUSICAWARDSJAPAN","2031570862974161205","","","ja","","0","0","0","https://x.com/undefined/status/2031570862974161205","1751197998732943360",
"2031570061115404389","Wed Mar 11 03:20:11 +0000 2026","0","@whit2swag pink yellow blue","2031570857076638195","","whit2swag","en","","0","1","0","https://x.com/undefined/status/2031570857076638195","1864886155293917184",
"2031570856229384324","Wed Mar 11 03:20:11 +0000 2026","2","lmaooo the blue check accs saw that one acc was getting PAID tweeting the dongwook x sunah soaw bed scene so they re following suit i m not giving them the attention now . if anything WE should be getting paid amirite oomfs https://t.co/VrsESDjEaV","2031570856229384324","https://pbs.twimg.com/tweet_video_thumb/HDGW62TakAEV3QD.jpg","","en","","0","0","0","https://x.com/undefined/status/2031570856229384324","1369482291785986049",
"2031570849426223163","Wed Mar 11 03:20:09 +0000 2026","0","Lately I been blue https://t.co/z8SM3ysEwK","2031570849426223163","https://pbs.twimg.com/media/HDGW6zKawAAopkX.jpg","","en","","0","0","0","https://x.com/undefined/status/2031570849426223163","790672548908371968",
"2031570828727357886","Wed Mar 11 03:20:04 +0000 2026","0","Blue Therapy .","2031570828727357886","","","en","","0","0","0","https://x.com/undefined/status/2031570828727357886","853305780",
"2031570811354599765","Wed Mar 11 03:20:00 +0000 2026","8","Walter Alston was elected to the Hall of Fame on this day in #Dodgers history. https://t.co/iCNUpnEcvJ","2031570811354599765","","","en","","0","1","1","https://x.com/undefined/status/2031570811354599765","3396133925",
"2031570809790115945","Wed Mar 11 03:20:00 +0000 2026","0","Vote Blue. Republicans have their heads too far up their asses to do anything to help the people. I too got bamboozled but their Stockholm spell wore off. Must of been the radio frequencies.","2031570809790115945","","","en","","0","0","0","https://x.com/undefined/status/2031570809790115945","1587951163860819973",
"2031570809089888603","Wed Mar 11 03:20:00 +0000 2026","1","Kenya Pipeline Company Plc is now the sixth largest firm at the Nairobi bourse after its share traded marginally higher on the firm s stock market debut on Tuesday giving options to investors keen on blue chip companies. https://t.co/7qpwU9CDRb","2031570809089888603","","","en","","0","0","1","https://x.com/undefined/status/2031570809089888603","288311590",
"2031570790911459621","Wed Mar 11 03:19:55 +0000 2026","0","Ancient Egyptian busts bathed in blue and gold. Silent regal figures echoes of pharaohs old. https://t.co/efL8lDu8J0","2031570790911459621","","","en","","0","0","0","https://x.com/undefined/status/2031570790911459621","2794736514",
"2031570782472593845","Wed Mar 11 03:19:53 +0000 2026","0","Ivan Provorov - Columbus Blue Jackets (8) https://t.co/sYwA3VTfKF","2031570782472593845","https://pbs.twimg.com/amplify_video_thumb/2031525931018326016/img/_smke7W9GHWjCoTi.jpg","","en","","0","0","0","https://x.com/undefined/status/2031570782472593845","1841991249563136000",
"2031570781302370495","Wed Mar 11 03:19:53 +0000 2026","1","La Sorsa in a blue jersey is giving off NyQuil Jornan vibes https://t.co/zykqKzqKun","2031570781302370495","https://pbs.twimg.com/media/HDGW21QW0AARuGb.jpg","","en","","0","0","0","https://x.com/undefined/status/2031570781302370495","33534768",
"2031570780811919662","Wed Mar 11 03:19:53 +0000 2026","7","#Avs have had the puck for 80 pct of this period but the Oilers just scored again. RNH again. He went to the net got in the blue paint got back out and redirected a centering feed. 3 goals on 9 shots for the Oilers. 3-2 EDM","2031570780811919662","","","en","","1","1","1","https://x.com/undefined/status/2031570780811919662","16551002",
"2031210579525050711","Wed Mar 11 03:19:52 +0000 2026","0","@DeepikaBhardwaj @Aakash_0411 @UC_Assist Blue tick hai isliye reply Diya didi aapko baki yeh kaha reply dete hain.. ipo laake ho scam.kiya wahi chalu h inke system me","2031570775094829552","","DeepikaBhardwaj","tl","","0","0","0","https://x.com/undefined/status/2031570775094829552","1363570496667811847",
"2031570761698484314","Wed Mar 11 03:19:49 +0000 2026","1","The Senate has until May to pass the SAVE ACT Is this all political theater to help Republicans win the midterms or are the DC Swamp Creatures refusing to pass the SAVE ACT to punish Trump and allow a blue wave to happen in November?","2031570761698484314","","","en","","0","0","0","https://x.com/undefined/status/2031570761698484314","1915130582591541248",
"2031472887450784127","Wed Mar 11 03:19:42 +0000 2026","1","@IsaMary2021 No you look pretty in that blue ️","2031570734019912093","","IsaMary2021","en","","0","0","0","https://x.com/undefined/status/2031570734019912093","1155429967",
"2031172354815176719","Wed Mar 11 03:19:41 +0000 2026","0","@Rob_Melrose @tedlieu @realpfp @POTUS All of the pedophiles are on team blue bubba.","2031570729326567576","","Rob_Melrose","en","","0","0","0","https://x.com/undefined/status/2031570729326567576","1485592190797627392",
"2031570719188963577","Wed Mar 11 03:19:38 +0000 2026","0","Nadia: Secret of Blue Water is great but you have to shift through some crap halfway thru. Like it's a great fantasy kids show on par with Avatar but the Island and Africa arcs almost ruined it for me https://t.co/eiVWevehNP","2031570719188963577","https://pbs.twimg.com/media/HDGWyomW4AAgiKG.jpg","","en","","0","1","0","https://x.com/undefined/status/2031570719188963577","2025664025674076160",
"2031242030719045851","Wed Mar 11 03:19:38 +0000 2026","0","@Nance726 Can't wait for the Bedazzled Blue Angel Planes flying through Firework Hoops! JK She's there to PROMOTE her mom's DOD DRONE CONTRACT.","2031570716882018342","","Nance726","en","","0","0","0","https://x.com/undefined/status/2031570716882018342","740384924260306944",
"2031382584588980651","Wed Mar 11 03:19:38 +0000 2026","0","@Mark___Taylor lol I remember saying to my teacher but he didn t even have blonde hair and blue eyes and she said yep that s how crazy he was ","2031570716269637860","","Mark___Taylor","en","","0","0","0","https://x.com/undefined/status/2031570716269637860","1921610324979179520",
"2031554174861848802","Wed Mar 11 03:19:37 +0000 2026","0","@VincenzoCa62369 @AnnieHarri47830 Not recognizing her as any widely known public figure. She looks like a young woman with long dark wavy hair outdoors under a clear blue sky possibly singing or talking in a casual video clip. More context or the full video would help narrow it down!","2031570713291739342","","VincenzoCa62369","en","","0","0","0","https://x.com/undefined/status/2031570713291739342","1720665183188922368",
"2031451332536840582","Wed Mar 11 03:19:34 +0000 2026","1","@ToewsWenda With a federal Liberal majority a dog painted blue would win the next provincial election. It won't be Nenshi. Back to the beginning recall legislation if edited for a party leader it should apply to all parties.","2031570700620939277","","ToewsWenda","en","","0","1","0","https://x.com/undefined/status/2031570700620939277","1525154522380636160",
"2031567496164131175","Wed Mar 11 03:19:29 +0000 2026","2","@yushidgaf @yuupill Aw the way they lowkey match all our layouts yours being blue for ushi","2031570679590449648","","yushidgaf","en","","0","0","0","https://x.com/undefined/status/2031570679590449648","1990420534635728896",
"2031570678055424476","Wed Mar 11 03:19:29 +0000 2026","0","Blue blob is enjoying his Spring break! We hope you all are too and avoiding sunburns. ️️ https://t.co/AIacJ1OZKn","2031570678055424476","https://pbs.twimg.com/media/HDGWwhgXgAAvyhU.jpg","","en","","0","0","0","https://x.com/undefined/status/2031570678055424476","978327218471538693",
"2031570676000117216","Wed Mar 11 03:19:28 +0000 2026","0","Striking blue Egyptian figure adorned in gold. Regal and ethereal evokes ancient power. https://t.co/Qbkmd4g3Z8","2031570676000117216","","","en","","0","0","0","https://x.com/undefined/status/2031570676000117216","2794736514",
"2031570668547080377","Wed Mar 11 03:19:26 +0000 2026","0","SnowManの曲ってClear Blue Departureみたいな曲多いから好き。てか普通にClear Blue Departure歌えばいいのに","2031570668547080377","","","ja","","0","0","0","https://x.com/undefined/status/2031570668547080377","1258418536214491138",
"2031570665271075237","Wed Mar 11 03:19:26 +0000 2026","2","Man who could ve seen that 7pm timeslot coming ","2031570665271075237","","","en","","0","0","1","https://x.com/undefined/status/2031570665271075237","1149733733358022656",
"2031224412448358421","Wed Mar 11 03:19:19 +0000 2026","0","@cwillaert @TownBallTuesday @BwittJr So looks like its the snakeskin with almost a tie die pattern yellow and blue. I don't know if I've ever seen alternating welting before. https://t.co/EAYL3MXs4X","2031570639039955341","https://pbs.twimg.com/media/HDGWuILXwAAx3b5.jpg","cwillaert","en","","0","0","0","https://x.com/undefined/status/2031570639039955341","1729551265",
"2031570638687842407","Wed Mar 11 03:19:19 +0000 2026","0","Blue Jays公式さん 今のままじゃ本当に守備の人になっちゃうよ（守備力は勿論大事だけど 原さんに例の『和真、いた？』って言って欲しいわ マイアミでは絶対に奮起してね","2031570638687842407","","","ja","","0","0","0","https://x.com/undefined/status/2031570638687842407","1183749677142827010",
"2031467356627628370","Wed Mar 11 03:19:17 +0000 2026","3","@vrluckycharm The correct blue https://t.co/RD69o1CL1n","2031570627941802339","https://pbs.twimg.com/media/HDGWr0kXAAAfqUZ.jpg","vrluckycharm","en","","0","0","0","https://x.com/undefined/status/2031570627941802339","1885706940874969089",
"2031570626683781624","Wed Mar 11 03:19:16 +0000 2026","0","Federal Bureau of Investigation is offering a $5 000 reward it seeks information about a Canadian man with ties to Idaho who allegedly sexually assaulted a child. Lang is a white man stands 5 feet 8 inches weighs 210 pounds has blue eyes... https://t.co/D8U8z8FV2G","2031570626683781624","","","en","","0","0","0","https://x.com/undefined/status/2031570626683781624","1666586119159308291",
"2031221646049292621","Wed Mar 11 03:19:16 +0000 2026","0","@TaraBull Honestly if the crazy left Dems move to Red States it shows the right ️ Republicans are better at running the 🇺🇸 country! Don t come &amp; ruin it for us! Stay in your shitty run blue states please .","2031570623982346722","","TaraBull","en","","0","0","0","https://x.com/undefined/status/2031570623982346722","1504528895332302852",
"2031385993786347574","Wed Mar 11 03:19:12 +0000 2026","0","@GlobalWresOrder Guy in the blue where'd he go?! I feel his hands but he disappeared !! ","2031570608798974242","","GlobalWresOrder","en","","0","0","0","https://x.com/undefined/status/2031570608798974242","1600311443425050624",
"2031378220583628955","Wed Mar 11 03:19:09 +0000 2026","0","@omar_3mad09 @GrillMaster135 cmz won t survive a blue from kid buu a team like this so idk https://t.co/zZrJFai0KW","2031570596786549192","https://pbs.twimg.com/media/HDGWr1mbgAA4il_.jpg","omar_3mad09","en","","0","0","0","https://x.com/undefined/status/2031570596786549192","1005610884318875648",
"2031570596451201461","Wed Mar 11 03:19:09 +0000 2026","0","I m letting yall know right now when I get that blue check dont take anything I say seriously","2031570596451201461","","","en","","0","0","0","https://x.com/undefined/status/2031570596451201461","1123449876090630144",
"2031570594307911925","Wed Mar 11 03:19:09 +0000 2026","1","Blue outfit ver https://t.co/lDgueqxkYK","2031570594307911925","https://pbs.twimg.com/media/HDGWsG2aMAQYyw9.jpg","","en","","0","1","1","https://x.com/undefined/status/2031570594307911925","1114524763970367488",
"2031546500073873445","Wed Mar 11 03:19:08 +0000 2026","1","@ALTPEPEEEEEEE @crc192003 Being a modern card the auto may have been $189. Now excuse me as I look for a pack of markers because it had a metallic blue silver &amp; gold. Then throw the silver and gold away obviously.","2031570593368219869","","ALTPEPEEEEEEE","en","","0","0","0","https://x.com/undefined/status/2031570593368219869","1452048556488110081",
"2031362261336412359","Wed Mar 11 03:19:07 +0000 2026","0","@PaulTassi @NiqoOps @Forbes Yeah it's boiled down to grifting and tribalism now. Any chud on here can get a blue tick and stir steam CCU narratives. Used to be about virality or social resonance when a game goes to the moon. Or concern over lack of market interest.","2031570589580931107","","PaulTassi","en","","0","0","0","https://x.com/undefined/status/2031570589580931107","1474981100145442816",
"2031564615898063210","Wed Mar 11 03:19:05 +0000 2026","0","@msiyasmsi @YouTube I got a song for you In my playlist Lyrics Moon dreams all around my pillow Moon dreams recall a night of paradise with you Out of the blue dark love came strolling Over the bright sand the silver waves were rolling And in the distance the tango started Floated like a","2031570578788986965","","msiyasmsi","en","","0","0","0","https://x.com/undefined/status/2031570578788986965","1560662111977492480",
"2031570556127162450","Wed Mar 11 03:18:59 +0000 2026","2","Blue pic #ภูเก็ต https://t.co/vh5sXdVOSy","2031570556127162450","https://pbs.twimg.com/media/HDGWpkYaEAAe4cF.jpg","","en","","0","0","0","https://x.com/undefined/status/2031570556127162450","1539648384142716928",
"2031482157441376432","Wed Mar 11 03:18:58 +0000 2026","0","@newlapes234 @addictiondolls Hey! She's a stunning young woman with long wavy brown hair blue eyes and a curvy figure in a black lace crop top and jeans. No match to any known celebrity or big influencer likely an anonymous model or AI-generated visual which fits addictiondolls' doll aesthetic style.","2031570548564582480","","newlapes234","en","","0","0","0","https://x.com/undefined/status/2031570548564582480","1720665183188922368",
"2031377078910853469","Wed Mar 11 03:18:57 +0000 2026","0","@gujjuboi2 @amazingmap According to the map the countries with GDP higher than California's are the United States China and Germany. All others shown in blue are lower. (Latest 2025 IMF data aligns: CA at ~$4.3T ranks between Germany and Japan.)","2031570544068296852","","gujjuboi2","en","","0","0","0","https://x.com/undefined/status/2031570544068296852","1720665183188922368",
"2031498519178326382","Wed Mar 11 03:18:56 +0000 2026","0","@LunaFreeState @uubzu Color perception works fine in aphantasia it's voluntary mental replay that's missing. Red tomato is stored as semantic facts/associations (from real sightings labels ripeness cues language) not a picture. A blue one triggers mismatch via category knowledge like knowing","2031570541400727681","","LunaFreeState","en","","0","1","0","https://x.com/undefined/status/2031570541400727681","1720665183188922368",
"2031197058707697919","Wed Mar 11 03:18:56 +0000 2026","0","@cutepilledd @saigonokoiiii you pay for twitter blue try talking shit elsewhere ️","2031570540876767494","","cutepilledd","en","","0","0","0","https://x.com/undefined/status/2031570540876767494","2030152522149842944",
"2031424911093150196","Wed Mar 11 03:18:52 +0000 2026","0","@ThomasB7787 @MWill2025 @AmiriKing White man enslaved the Black man. Castrated the Black man beat the Black man starved the Black man put iron and steel around the Black man's neck raped the Black man murdered the Black man. Blue-eyed devils","2031570523465945262","","ThomasB7787","en","","0","0","0","https://x.com/undefined/status/2031570523465945262","1623786882457907203",
"2031570509872136322","Wed Mar 11 03:18:48 +0000 2026","0","everything is that evil blue dl twink s fault https://t.co/Di8azu23Ac","2031570509872136322","https://pbs.twimg.com/tweet_video_thumb/HDGWnAoW4AAgfyG.jpg","","en","","0","0","0","https://x.com/undefined/status/2031570509872136322","1716309300153401344",
"2031223479580897523","Wed Mar 11 03:18:47 +0000 2026","0","@SalsaTekila 71 bucks a week on blue berries?","2031570503371042870","","SalsaTekila","en","","0","0","0","https://x.com/undefined/status/2031570503371042870","1103399531314589696",
"2031564572721819804","Wed Mar 11 03:18:47 +0000 2026","0","@lolwtferic Blue balled","2031570502087835969","","lolwtferic","en","","0","0","0","https://x.com/undefined/status/2031570502087835969","1212008936787697665",
"2031570495011688857","Wed Mar 11 03:18:45 +0000 2026","15","A Thousand and One Suns https://t.co/y4MPUX4zdR","2031570495011688857","https://pbs.twimg.com/media/HDGWmAPWUAApbPy.jpg","","en","","0","0","1","https://x.com/undefined/status/2031570495011688857","1306918621411713024",
"2031436876259733913","Wed Mar 11 03:18:42 +0000 2026","0","@TheLaurenChen Get a real job and stop bullying for blue tic engagement","2031570480918941857","","TheLaurenChen","en","","0","0","0","https://x.com/undefined/status/2031570480918941857","1834331620133715968",
"2031565744589222231","Wed Mar 11 03:18:41 +0000 2026","0","@Bluekooksany VERDADE BLUE esqueci desses","2031570476846256476","","Bluekooksany","pt","","0","0","0","https://x.com/undefined/status/2031570476846256476","1844784955718533130",
"2031449597546213553","Wed Mar 11 03:18:40 +0000 2026","0","@mmni99inc @mindofachaser The main post praises capitalism via Fastenal vending machines in a big construction office: blue dispensers stocked with tools PPE drill bits etc. at above-retail prices. Company pays only per actual purchase by employees no bulk inventory no store runs wasting time.","2031570474015064212","","mmni99inc","en","","0","0","0","https://x.com/undefined/status/2031570474015064212","1720665183188922368",
"2031568027909500990","Wed Mar 11 03:18:39 +0000 2026","1","@emhybrid I WATCHED A VIDEO OF PUTRID BLUE THING AND I MISSED IT SO MUCH THANK YO","2031570471729135730","","emhybrid","en","","0","1","0","https://x.com/undefined/status/2031570471729135730","1415534466148274176",
"2031515112851517750","Wed Mar 11 03:18:36 +0000 2026","0","@CrazyVibes_1 Blue more flattering. But it s all about how you feel in it don t worry what others think. They re all worried about themselves and what they chose! Trust me. Whichever one you feel best in. Nobody else cares.","2031570458475426127","","CrazyVibes_1","en","","0","0","0","https://x.com/undefined/status/2031570458475426127","1348822842536693760",
"2031206636233064496","Wed Mar 11 03:18:29 +0000 2026","0","@Marine12968 @ValentinaForUSA This u looking at her pictures https://t.co/bAIJp3gwDz","2031570429681221681","https://pbs.twimg.com/tweet_video_thumb/HDGWiVlW0AAQnIN.jpg","Marine12968","en","","0","0","0","https://x.com/undefined/status/2031570429681221681","1899725525515374592",
"2031373060230754573","Wed Mar 11 03:18:29 +0000 2026","1","@revan_fps @ROBINSeBLUE BLUEさんと戦慄が被らないように確認してからクエストに突撃しました⊂(´ω´⊂))) 右側のチャット欄で切れ味回復結構な頻度で流れてたので助かりました！ レヴァンさん火力ナイスです エイティーさんは目の保養ってことで ","2031570427441787368","","revan_fps","ja","","0","1","0","https://x.com/undefined/status/2031570427441787368","1190966465479888901",
"2031570416154894833","Wed Mar 11 03:18:26 +0000 2026","78","Overwhelming support for the SAVE Act Even the Blue Team supports Voter ID yet for some baffling reason SAVE is mired in the Senate Colonel (Retired) John Mills Let s see - when something has overwhelming bipartisan support why does it become stuck in the cul-de-sac of https://t.co/UJvWEaJrUc","2031570416154894833","https://pbs.twimg.com/media/HDGWcV0bUAE9AEz.jpg","","en","","0","4","30","https://x.com/undefined/status/2031570416154894833","59643287",
"2031493343419461775","Wed Mar 11 03:18:26 +0000 2026","2","@iam_smx Correction. Quoted by Danny on blue bloods .","2031570414246199457","","iam_smx","en","","1","0","0","https://x.com/undefined/status/2031570414246199457","337833385",
"2031402915731034131","Wed Mar 11 03:18:25 +0000 2026","0","@hottierockstar @ShariSaysStuff @Pagodabaumbean @infantrydort @MollyJongFast Blue wave douchebag is just mad that money went to soldiers when it could have gone to Somali fraudsters. He s got no complaints about that ever.","2031570410764927345","","hottierockstar","en","","0","0","0","https://x.com/undefined/status/2031570410764927345","1489095090559721475",
"2031522486584787006","Wed Mar 11 03:18:24 +0000 2026","1","@khunpinschick What Princess Blue wants to do not long after meeting her attractive new bodyguard...","2031570405190938979","","khunpinschick","en","","0","0","0","https://x.com/undefined/status/2031570405190938979","1844681671859404800",
"2031570404838715750","Wed Mar 11 03:18:23 +0000 2026","0","speaking of hair color(again) jccng is the one who should take breaks on coloring hes done it all blonde red orange blue RAINBOW brown when he said that his scalp is strong af he meant it","2031570404838715750","","","en","","0","0","0","https://x.com/undefined/status/2031570404838715750","2009495042671669248",
"2031548681690738889","Wed Mar 11 03:18:19 +0000 2026","0","@COFFINSLIME @TransWesker2 I also wish map offerings would just all be lumped together in one crate since just more and more are coming and bloating the blood web. It could be like the event items where you get a random one so you have a higher chance of getting party streamers and other blue offerings.","2031570385305584077","","COFFINSLIME","en","","0","0","0","https://x.com/undefined/status/2031570385305584077","1217987562234621952",
"2031570383086698819","Wed Mar 11 03:18:18 +0000 2026","1","Looking ahead to later this week we've issued a First Alert Weather Day Thursday. A cold front is looking to bring gusty winds localized thundershowers and some cooler air. Areas with the highest chance of seeing any storms are west of the Blue Ridge. https://t.co/4KUnkdLfG1","2031570383086698819","https://pbs.twimg.com/ext_tw_video_thumb/2031570339168129024/pu/img/3UAO0L_Ojg_4JoK6.jpg","","en","","0","0","0","https://x.com/undefined/status/2031570383086698819","21671311",
"2031570380578525559","Wed Mar 11 03:18:18 +0000 2026","0","sdd meu perfume floratta my blue","2031570380578525559","","","pt","","0","0","0","https://x.com/undefined/status/2031570380578525559","1514436186",
"2031499742753005576","Wed Mar 11 03:18:16 +0000 2026","0","@Postsemreh Remember our flared blue jean pant leg getting caught between the chain and sprocket?","2031570374828454267","","Postsemreh","en","","0","0","0","https://x.com/undefined/status/2031570374828454267","1915233861060988928",
"2031569548441199094","Wed Mar 11 03:18:16 +0000 2026","2","@SomosRayados Cambia a Concacaf nos robo El partido fue bueno pero una mano previa en el primer gol de la blue machine y un penal inventado Cruz Azul solo sabe robar qué ganar","2031570372521570487","","SomosRayados","es","","0","3","0","https://x.com/undefined/status/2031570372521570487","1683349778",
"2031570368780231054","Wed Mar 11 03:18:15 +0000 2026","0","Garland scores 2 to send Blue Jackets past Lightning https://t.co/qo5oIh4nbi","2031570368780231054","","","en","","0","0","0","https://x.com/undefined/status/2031570368780231054","17502336",
"2031564314767675615","Wed Mar 11 03:18:13 +0000 2026","2","@gaylilsorcerer Lol maybe if we re having a conversation someone has to point out smt blue and yellow. And then the other person says that s the best combo . Idk","2031570359888261631","","gaylilsorcerer","en","","0","0","0","https://x.com/undefined/status/2031570359888261631","1997200475683467264",
"2031477433044484580","Wed Mar 11 03:18:12 +0000 2026","0","@DahliaKurtz Hog town - has gone - 3rd world Fascist - &amp; - now - supports antithetical Islamic immigrants - that attack - Jews - or - burns down Christian churches - kill Free speech- free will - &amp; - your right to own a dog - or - eat a pork hot dog - in a related story - the sky is blue ...","2031570356864258341","","DahliaKurtz","en","","0","0","0","https://x.com/undefined/status/2031570356864258341","1915829200717766657",
"2031570355047821775","Wed Mar 11 03:18:12 +0000 2026","32","is this the understatement of the year? https://t.co/OYNMwRyyqo","2031570355047821775","https://pbs.twimg.com/amplify_video_thumb/2031570241772216320/img/mWU8LRfyoqB8NRZK.jpg","","en","","0","1","3","https://x.com/undefined/status/2031570355047821775","23783692",
"2031570354490007718","Wed Mar 11 03:18:11 +0000 2026","0","Strong impulse on $Joobi to 145K MC now holding above the 100K MC zone after a pullback. $Joobi (Blue Emoji) CA: 38p1gZEuoVahRyriwqRBUNantjfhj9BZB7sxJAaYpump NFA. DYOR. https://t.co/B5cpNjXrmk","2031570354490007718","https://pbs.twimg.com/media/HDGWdkiWoAAsE-c.jpg","","en","","0","0","0","https://x.com/undefined/status/2031570354490007718","1918457441777332224",
"2031570354225950778","Wed Mar 11 03:18:11 +0000 2026","0","Pelaksanaan PATROLI BLUE LIGHT Bertempat di Pospol Palsabolas Kec.Angkola Timur Kab. Tapanuli Selatan. https://t.co/JCgIGMl6cl","2031570354225950778","https://pbs.twimg.com/media/HDGWdl9aMAgodM1.jpg","","in","","0","0","0","https://x.com/undefined/status/2031570354225950778","1990623860165931008",
"2031512605437960484","Wed Mar 11 03:17:53 +0000 2026","0","@vishal_7077 @DikshaKandpal8 In the 6-second clip Gargi is filming in a dense crowd at night. A man in a blue/red jersey walks right behind her as she turns her head to the side. There's momentary close contact from the packed space but no clear hand on her body grab or deliberate touch is visible in any","2031570277088239951","","vishal_7077","en","","0","0","0","https://x.com/undefined/status/2031570277088239951","1720665183188922368",
"2031570271983866055","Wed Mar 11 03:17:52 +0000 2026","0","Check out RALPH LAUREN DENIM &amp; SUPPLIES 5 Pocket Slimming Medium Colored Blue Denim Jeans https://t.co/bc3QWx7y1p #eBay via @eBay","2031570271983866055","","","en","","0","0","0","https://x.com/undefined/status/2031570271983866055","1845634712414638080",
"2031570271094845818","Wed Mar 11 03:17:52 +0000 2026","1","why so blue? #cookie_run_kingdom #shadow_milk_cookie #fount_of_knowledge https://t.co/CIjITLkYwq","2031570271094845818","https://pbs.twimg.com/media/HDGWZIIaMAAksYw.jpg","","en","","0","0","0","https://x.com/undefined/status/2031570271094845818","1969866021566869504",
"2031564408908824788","Wed Mar 11 03:17:51 +0000 2026","0","@ArBautista Es cierto pero lo dije por que pense que te referias a la Neru de deep blue por que se parece a Jane Doe xd","2031570269308072319","","ArBautista","es","","0","1","0","https://x.com/undefined/status/2031570269308072319","1923809709284532224",
"2031570250295034068","Wed Mar 11 03:17:47 +0000 2026","0","𝐌𝐚𝐲𝐛𝐞𝐥𝐥𝐢𝐧𝐞 𝐒𝐡𝐨𝐩𝐞𝐞 𝐋𝐢𝐯𝐞. 10/3/2026 Anwar (Thomas) I love You Blue Blue (Kongjiro) THOMAS MAYBELLINE LUMIMATTE #MNYxThomas #tthomastc #ThomasKong https://t.co/vQpHlZpXko","2031570250295034068","https://pbs.twimg.com/ext_tw_video_thumb/2031570224915300354/pu/img/jRL_0e31BxXMtPXe.jpg","","en","","0","0","0","https://x.com/undefined/status/2031570250295034068","1275500717525082113",
"2031570242447745145","Wed Mar 11 03:17:45 +0000 2026","0","#楽天 ランキング3位 #バイク用品 ＼5 502円~相当&amp;SS期間ポイント最大8倍!(エントリー要)／【 正規代理店 】JESIMAIK バイク インカム 最大6人接続可能 通信距離1500m 通信自動復帰 Blue pr https://t.co/McIz8eef5c","2031570242447745145","","","ja","","0","0","0","https://x.com/undefined/status/2031570242447745145","1282818433663463424",
"2031570224835887608","Wed Mar 11 03:17:41 +0000 2026","0","oh itong blue disc para syang coaster na pinatungan ng cold drink genius https://t.co/Sbvnwasnao","2031570224835887608","https://pbs.twimg.com/media/HDGWWcUaMAE2-yx.jpg","","tl","","0","0","0","https://x.com/undefined/status/2031570224835887608","1584927465788407808",
"2031570224428823015","Wed Mar 11 03:17:40 +0000 2026","0","encima de mi en blue jeans y un crop top un vape tus labios los que me besen","2031570224428823015","","","es","","0","0","0","https://x.com/undefined/status/2031570224428823015","1719887098470105088",
"2031345336313151535","Wed Mar 11 03:17:39 +0000 2026","1","@cosmicbooknews I collected comics continuously for 30 years until the powers that be decided to shut on me and the characters I d been following for most of my life. I left and haven t been back and won t be back until I hear an apology. I hope they like the blue haired screeching harpies","2031570217051296042","","cosmicbooknews","en","","0","0","0","https://x.com/undefined/status/2031570217051296042","2444697091",
"2031570214475772413","Wed Mar 11 03:17:38 +0000 2026","1","New character from the rainbow edition now blue! Available for $40 in the shop! She s Azure a Tiger and her Chao friend Rift! https://t.co/iG8LP3MEfI https://t.co/Rx7cLy4GSy","2031570214475772413","https://pbs.twimg.com/media/HDGWVwsXgAAYZq1.jpg","","en","","1","1","0","https://x.com/undefined/status/2031570214475772413","1331996425148915712",
"2031570212378870007","Wed Mar 11 03:17:38 +0000 2026","5","น้องอินไปห้ามคนทะเลาะกันอยู่แน่ๆ #น้องอินไปไส https://t.co/USBN5mQoJp","2031570212378870007","https://pbs.twimg.com/amplify_video_thumb/2031570153931157508/img/VMPHSVvN9zxqIyns.jpg","","th","","0","1","7","https://x.com/undefined/status/2031570212378870007","956097265273221120",
"2031565672602374428","Wed Mar 11 03:17:37 +0000 2026","0","@Mr4thAndLong You have no issue with Harden or Luka Doncic hogging the ball putting up 100 shots and inefficiently scoring 50 and 60 points. Bam is the epitome of an unselfish blue-collar guy and deserved his place in history. Everyone else plays the Wizards and has opportunity to set records","2031570211975913688","","Mr4thAndLong","en","","0","0","0","https://x.com/undefined/status/2031570211975913688","1365182988737269760",
"2031570203486859680","Wed Mar 11 03:17:35 +0000 2026","2","Blue hair blue eyes Hiding in your wifi https://t.co/GuxVjsKEi9","2031570203486859680","https://pbs.twimg.com/media/HDGWUuia0AAX8Tv.jpg","","en","","0","0","1","https://x.com/undefined/status/2031570203486859680","1806966293515677696",
"2031043155097964918","Wed Mar 11 03:17:32 +0000 2026","0","@daily_dandadan Watch the Blue Fairy be a Alien","2031570189469495313","","daily_dandadan","en","","0","0","0","https://x.com/undefined/status/2031570189469495313","388110423",
"2031419816838402457","Wed Mar 11 03:17:31 +0000 2026","0","@1Nicdar @Ghostofcynthia When was the last time you reposted from someone w/o the blue checkmark?","2031570183173669084","","1Nicdar","en","","0","0","0","https://x.com/undefined/status/2031570183173669084","21725686",
"2031427253016396123","Wed Mar 11 03:17:30 +0000 2026","0","@TConor57640 @keikiXBT Not 100% sure on her exact name my searches across X web and similar clips didn't link this specific video to a widely known public figure or influencer account. She's likely a smaller content creator posting fun dance/fashion vids showcasing her physique in that light blue","2031570178740236327","","TConor57640","en","","0","0","0","https://x.com/undefined/status/2031570178740236327","1720665183188922368",
"2031570170242601256","Wed Mar 11 03:17:27 +0000 2026","0","| O capítulo 32 de BORUTO: TWO BLUE VORTEX sairá no dia 18 de março quarta-feira. Imagens oficiais nos dias 12 e 16 de março. Prévia: A estratégia de choque coloca os demônios famintos em ação! O combate contra Mamushi entra em sua fase final! https://t.co/Y5kufSYuBZ","2031570170242601256","https://pbs.twimg.com/media/HDGWTcMXIAArETP.jpg","","pt","","0","0","0","https://x.com/undefined/status/2031570170242601256","1477665039544987648",
"2031570159186620625","Wed Mar 11 03:17:25 +0000 2026","1","Virginia s Platner loses a safe blue seat","2031570159186620625","","","en","","0","0","1","https://x.com/undefined/status/2031570159186620625","4251582974",
"2031570151624016194","Wed Mar 11 03:17:23 +0000 2026","0","Does a Blue Jolly Rancher in cold water count as a drink? https://t.co/eNS5sEMj5F","2031570151624016194","https://pbs.twimg.com/media/HDGWSUkaMAUM7bI.jpg","","en","","0","0","0","https://x.com/undefined/status/2031570151624016194","2004596276739047424",
"2031570142044237850","Wed Mar 11 03:17:21 +0000 2026","0","Honda CUB 50 Blue 1972 starts and runs ENTHUSIASTS ONLY!!! Ends Sun 15th Mar @ 9:00pm https://t.co/6vXgTJ2Hz8 #ad #motorcycle #moto #bikelife #motorbike #yamaha https://t.co/dPixjSOxli","2031570142044237850","https://pbs.twimg.com/media/HDGWRylWgAAtelO.jpg","","en","","0","0","0","https://x.com/undefined/status/2031570142044237850","1392773699825197062",
"2031570130040185242","Wed Mar 11 03:17:18 +0000 2026","0","Garland scores twice again Blue Jackets defeat Lightning to extend point streak to 7 https://t.co/yCUJ2TWfHi","2031570130040185242","","","en","","0","0","0","https://x.com/undefined/status/2031570130040185242","336437711",
"2031570127230251342","Wed Mar 11 03:17:17 +0000 2026","0","ฮู้ด bunny cintage ป้ายห้อย - สี ganna rosy กระโปรงยีนส์ nichriss ซื้อมาเก็บ - สี ocean blue size s 2 ตัว 550 บาทรวมส่ง พร้อมส่งเย็นนี้เลยค่ะ ️️ #ส่งต่อcintage #ส่งต่อvgh #ส่งต่อstylistshop #ส่งต่อcintageshop #ส่งต่อเสื้อผ้า #ส่งต่อduex #ส่งต่อเสื้อผ้ามือสอง #ส่งต่อnichariss https://t.co/AEn4Vjkx7E","2031570127230251342","https://pbs.twimg.com/media/HDGWQdfaUAAOqzy.jpg","","th","","0","1","0","https://x.com/undefined/status/2031570127230251342","1847118833896558592",
"2031570124944376080","Wed Mar 11 03:17:17 +0000 2026","0","#イオン超春トク祭り BLUE","2031570124944376080","","","en","","0","0","0","https://x.com/undefined/status/2031570124944376080","728030396953190400",
"2031466718757872081","Wed Mar 11 03:17:17 +0000 2026","0","@sunoodeluloo @heesilver I kind of feel this way too but anyway making seem like a member is leaving out of blue isn't really a good marketing trick. Whatever it is I want Heeseung back","2031570124830875818","","sunoodeluloo","en","","0","0","0","https://x.com/undefined/status/2031570124830875818","1801487581621981186",
"2031570117172277665","Wed Mar 11 03:17:15 +0000 2026","0","Turquoiseインスト泣く 5周年のこと触れてて神 BLUE COMPASSのこと触れてて涙 台本じゃないメッセージムービー好き Blu-rayのこと言い間違えたのかなという雑予測しちゃう編集好き。Blu-rayのブの前の笑った声が好き #水瀬いのりTravelRecord_BD","2031570117172277665","","","ja","","0","0","0","https://x.com/undefined/status/2031570117172277665","2668610142",
"2031486239048871993","Wed Mar 11 03:17:14 +0000 2026","0","@MahnKacyj @bhac1CZSBJAJNab Sorry I don't recognize her. She's a young Southeast Asian woman with long dark hair in a blue Thunder t-shirt from what looks like a casual dance/video clip next to a red car. No match to any known celebrity or influencer. If you have a name username or more context I can","2031570113313361923","","MahnKacyj","en","","0","0","0","https://x.com/undefined/status/2031570113313361923","1720665183188922368",
"2031406683805855899","Wed Mar 11 03:17:06 +0000 2026","1","@24_70xu Destroyed the entire narrative but still couldn t get a blue check. Impressive! #ThankYouTrump #KingRezaPahlavi #DigitalBlackOutIran","2031570078362120387","","24_70xu","en","","0","0","0","https://x.com/undefined/status/2031570078362120387","1532350985259073545",
"2031570077942722792","Wed Mar 11 03:17:05 +0000 2026","0","Shidou &amp; Barou &amp; Kunigami [Blue Lock] #mangacoloring #bluelock339 #ブルーロック https://t.co/z4YhrQQTBk","2031570077942722792","https://pbs.twimg.com/media/HDGWNmWWgAIkbtw.jpg","","en","","0","0","0","https://x.com/undefined/status/2031570077942722792","1344775293215584263",
"2031570077879873883","Wed Mar 11 03:17:05 +0000 2026","0","Watching blue therapy don t fuck with me rn","2031570077879873883","","","en","","0","0","0","https://x.com/undefined/status/2031570077879873883","3060345057",
"2031570074847547602","Wed Mar 11 03:17:05 +0000 2026","0","︎05.24日 函館ARARA 自主企画「ON 」vol10 THE KNOCKERS &amp; ノッカーズあつし単品 名もないツアー2026 S.P.N POWER「はまなすツアー26 春」 ︎06/28日 札幌KLUB COUNTER ACTION FREE KICK企画 SEE THE POINT! DEAD STOCK Not Blue But it's O.K. RELEASE PARTY &amp; toilet REUNION PARTY!!!! https://t.co/xi49NuVrEm","2031570074847547602","https://pbs.twimg.com/media/HDGWMHBbEAAKfFy.jpg","","ja","","0","0","1","https://x.com/undefined/status/2031570074847547602","4763320494",
"2031570073123484007","Wed Mar 11 03:17:04 +0000 2026","0","I've been up half the night Tryin' to find out Where this windin' road Is goin' to lead me to My little lady comin' home so late She left me feelin' blue She's been screamin' and cryin' Every step of the way And now it's what you hear me say https://t.co/83jay59ylV","2031570073123484007","https://pbs.twimg.com/media/HDGWNywaMAA2sV6.jpg","","en","","0","0","0","https://x.com/undefined/status/2031570073123484007","1479512165551943681",
"2031570070095192457","Wed Mar 11 03:17:04 +0000 2026","3","blub blub blub~ In 4 days it s my birthday This little blue slime has a tiny wish Would you gift me a small doodle? It doesn t have to be perfect I just want to keep a little piece of your art this year #pixelart | #ドット絵 | #今月描いた絵を晒そう | https://t.co/vxz85MnHy9","2031570070095192457","https://pbs.twimg.com/media/HDGWFQYXAAAeOJ1.png","","en","","0","0","0","https://x.com/undefined/status/2031570070095192457","710665771332964352",
"2031570056208069022","Wed Mar 11 03:17:00 +0000 2026","0","The Italy blue is so pretty","2031570056208069022","","","en","","0","0","0","https://x.com/undefined/status/2031570056208069022","1672803963782201346",
"2031339140189663489","Wed Mar 11 03:17:00 +0000 2026","0","@VincenzoCa62369 @RCroftoon52896 She's a young woman in a brown hijab and purple top singing passionately in a narrow alley with a weathered blue peeling wall. Looks like an emotional street performance or viral amateur clip possibly from Southeast Asia (Indonesian/Malay vibe from similar shares). No confirmed","2031570054421135674","","VincenzoCa62369","en","","0","0","0","https://x.com/undefined/status/2031570054421135674","1720665183188922368",
"2031570051099164901","Wed Mar 11 03:16:59 +0000 2026","25","Based on where he was staying in Toto Indiana Bobby Coldiron was watching a tornado emergency unfold in Knox Indiana right in front of his eyes ️ Watched a tornado from the porch. Luckily it went north of the house but it blew transformed and lit up the sky blue and https://t.co/kSCj7dq0o8","2031570051099164901","https://pbs.twimg.com/amplify_video_thumb/2031569904273428480/img/dWjmGFsUJeHrAwEP.jpg","","en","","0","1","8","https://x.com/undefined/status/2031570051099164901","1531784600854450176",
"2031570044946116725","Wed Mar 11 03:16:58 +0000 2026","0","Why did yall tell me to watch Blue Therapy???? Is this rage bait ??","2031570044946116725","","","en","","0","0","0","https://x.com/undefined/status/2031570044946116725","72166542",
"2031570043432218963","Wed Mar 11 03:16:57 +0000 2026","1","にげらを表す色は 【薄青（うすあお）｜Smoke Blue】 余韻をまとう人 ・くすみ系クール代表 ・感情に振り回されない ・静かな理性で整える #Makko #診断テスト みんなは何色かな？ 【色鉛筆診断】 https://t.co/lhurFcc2Gn","2031570043432218963","","","ja","","0","0","0","https://x.com/undefined/status/2031570043432218963","1606838323443826691",
"2031570033789358527","Wed Mar 11 03:16:55 +0000 2026","0","Wake Up New Yorker s and BACK THE BLUE! They re trying to protect YOU!","2031570033789358527","","","en","","0","0","0","https://x.com/undefined/status/2031570033789358527","777329941620793344",
"2031570025371598980","Wed Mar 11 03:16:53 +0000 2026","22","3月11日東日本大震災が、Get in touch（代表：東ちづる）スタートのきっかけとなり、世界自閉症啓発デー「Warm Blueキャンペーン」がはじまりました あれから15年。自閉症の人や家族、まわりの人たちみんなが安心して暮らせる世の中をめざすには、どうしたらいいのか。そんな問題意識が「Happy with","2031570025371598980","","","ja","","0","0","8","https://x.com/undefined/status/2031570025371598980","1982684882460635136",
"2031373912261468649","Wed Mar 11 03:16:48 +0000 2026","1","@surtosdaedu KKKKKKKKKKKKKKKKKKKKK haikyuu blue lock my hero academia attack on titan spy x family gachiakuta the summer hikaru died / o verão em que hikaru morreu e jujutsu kaisen nessa ordem","2031570006220116078","","surtosdaedu","fi","","0","1","0","https://x.com/undefined/status/2031570006220116078","1847424223372812288",
"2031529618113745355","Wed Mar 11 03:15:35 +0000 2026","1","@IfindRetards @MarindaVannoy1 @DschlopesIsBack I always thought it would be a bunch of blue helmets coming instead and this is even funnier!","2031569698094199159","","IfindRetards","en","","0","0","0","https://x.com/undefined/status/2031569698094199159","1837284329875034112",
"2031569684970209635","Wed Mar 11 03:15:32 +0000 2026","0","I HOPE THAT BLUE PEST DIES","2031569684970209635","","","en","","0","0","0","https://x.com/undefined/status/2031569684970209635","1920118779612368896",
"2031420527579988062","Wed Mar 11 03:15:30 +0000 2026","0","@vitor_motta10 @the_Bradster007 But dcu still has 1 Superman movie and another in development supergirl is b list Wonder Woman movie and prequel show Batman movie teen titans movie a lot of people know swamp thing and a blue beetle show and a justice league movie 100% stop acting like it s only obscure","2031569677592441043","","Barbecuecolonge","en","","0","2","0","https://x.com/undefined/status/2031569677592441043","2007699672845168644",
"2031569673184329960","Wed Mar 11 03:15:29 +0000 2026","2","Question for all those people who leave home with a Blue Tokai or Starbucks cup (not the plastic or metal ones but the paper kinds)... Ghar pe franchise liye ho kya?","2031569673184329960","","","en","","0","0","0","https://x.com/undefined/status/2031569673184329960","7635272",
"2031569669832978751","Wed Mar 11 03:15:28 +0000 2026","12","大瀬戸千嶋 結成20周年記念ライブ 4シリーズ【COLORFUL】 主催＆会場:BLUE LIVE 広島 出演:Sax大瀬戸嵩/Electone千嶋里志 第一弾 3月28日(土) ゲスト:DEPAPEPE いよいよ近づいてきました‼️ エレクトーンは新機種ELS-03Xを使用 新たなOCサウンドもお楽しみに 詳細⬇︎ https://t.co/QgstG9hTuD https://t.co/SsOJAuD4iv","2031569669832978751","https://pbs.twimg.com/amplify_video_thumb/2031569606016688129/img/OWvzYL7oG9osV8-L.jpg","","ja","","0","1","5","https://x.com/undefined/status/2031569669832978751","1199820920",
"2031556151590981908","Wed Mar 11 03:15:27 +0000 2026","2","@TCIIIyeee Doc and Horst should get fired end of the year but hiring of doc and most of these bad trades had GA hands on the blue print!!","2031569663465771059","","TCIIIyeee","en","","0","0","1","https://x.com/undefined/status/2031569663465771059","1915100870057820160",
"2031448699906281858","Wed Mar 11 03:15:23 +0000 2026","0","@EliteAless Sí pagar por las licencias de collabs cuesta y lo que quieras pero Epic destina un 40% de sus ingresos a pagar a los creadores del creativo que hacen el mismo mapa red vs blue skibidi brainrot solo digo","2031569647485550999","","EliteAless","es","","0","0","0","https://x.com/undefined/status/2031569647485550999","1298796785528438784",
"2031569646105551315","Wed Mar 11 03:15:23 +0000 2026","0","Smashing my existential dread with my greens in blue and then banishing ghosts in Banishers! https://t.co/PjyqgJ0ARM","2031569646105551315","https://pbs.twimg.com/media/HDGV08magAAZ0Iv.jpg","","en","","0","0","0","https://x.com/undefined/status/2031569646105551315","202065450",
"2031534607997317241","Wed Mar 11 03:15:20 +0000 2026","1","@Jack847262son @ChampagneKobe1 I like that one also but the blue just looks amazing to me","2031569634512556164","","Jack847262son","en","","0","0","0","https://x.com/undefined/status/2031569634512556164","1932730247624994816",
"2030643163141161453","Wed Mar 11 03:15:17 +0000 2026","0","@gowalking_id Surabaya (BRT+SRRL) dan Semarang tahun ini baru masuk blue book Bappenas dengan estimasi realisasi sekitar tahun 2029-2030 kalau mengacu ke proyek saat ini di cekungan Bandung dan mebidang yang sudah direncanakan sejak 2022.","2031569621481116101","","gowalking_id","in","","0","0","0","https://x.com/undefined/status/2031569621481116101","1686913797473402880",
"2031357426272780688","Wed Mar 11 03:15:16 +0000 2026","0","@lindsaybitcoin Congratulations about my first vacation home in Florida 20 years ago and then moved your permanently 10 years ago. I absolutely love Florida especially this time of year. It was absolutely glorious today blue skies beautiful white clouds beautiful biodiversity plant life","2031569617143886266","","lindsaybitcoin","en","","0","0","0","https://x.com/undefined/status/2031569617143886266","921212241982181376",
"2031485580161204710","Wed Mar 11 03:15:15 +0000 2026","0","@offbeatorbit That is a perfect shade of blue and looks so good on you. Sounds like a perfect day.","2031569613117431932","","offbeatorbit","en","","0","0","0","https://x.com/undefined/status/2031569613117431932","23016869",
"2031569605471199731","Wed Mar 11 03:15:13 +0000 2026","0","Blue Skies Creamery a popular food truck known for its classic ice cream flavors with a twist is opening its first brick-and-mortar location. https://t.co/85heQ6E9tb","2031569605471199731","","","en","","0","0","0","https://x.com/undefined/status/2031569605471199731","21218607",
"2031569427335098627","Wed Mar 11 03:15:09 +0000 2026","0","🆕3/11(水)本日入荷情報⑦ ️PINGU BIGフラットポーチ ️Angel BLUE プロフィール帳風ポーチ ️肩ズンFig. MOOMIN Part4 ️MOOMIN シリコンがまぐち #ガチャガチャ #ドリームカプセル https://t.co/6ev5DCP53N","2031569587553415652","https://pbs.twimg.com/media/HDGVwz5bcAA5UGY.jpg","drecap_hakata","ja","","0","1","0","https://x.com/undefined/status/2031569587553415652","1665694899814162433",
"1348111267223937031","Wed Mar 11 03:15:08 +0000 2026","0","@kumsornyai เครื่องประดับ/decor: ที่สื่อ นางฟ้า/เทพีอ่อนโยน หรือ แสงสว่างจากดวงจันทร์/ท้องฟ้าใส Association กับ ความอ่อนโยนแต่ทรงพลังภายใน ไม่ใช่ขาวที่ เย็นชา แต่ขาวที่ อบอุ่นนุ่ม+มีประกายแห่งปัญญา/เมตตา เบาๆ เหมือนแสงแรกของรุ่งอรุณที่สะท้อนบนน้ำนิ่ง ทำตัวน่ารักไปวันๆ ก็ดีนะ https://t.co/SpMUCQzSWj","2031569586274054651","https://pbs.twimg.com/media/HDGVw2xaMAIf37v.jpg","not_BlueBird","th","","0","0","0","https://x.com/undefined/status/2031569586274054651","1446818613722161154",
"2031498519178326382","Wed Mar 11 03:15:02 +0000 2026","0","@LunaFreeState @uubzu They perceive the blue tomato's actual color fine (vision/perception pathways are normal). They know tomatoes are red via semantic facts built from real exposure language and associations not by replaying a mental picture. Mismatch detected conceptually: this doesn't fit the","2031569558423626117","","LunaFreeState","en","","0","1","0","https://x.com/undefined/status/2031569558423626117","1720665183188922368",
"2031389164063609278","Wed Mar 11 03:15:01 +0000 2026","0","@joelCloud899799 @SelecaoTalk Why you go dey farm without blue tick?","2031569555148124378","","joelCloud899799","en","","0","0","0","https://x.com/undefined/status/2031569555148124378","1563689570750717952",
"2031565312127049783","Wed Mar 11 03:15:01 +0000 2026","1","@ji9starzz we should go blue tg...","2031569554892034250","","ji9starzz","en","","0","1","0","https://x.com/undefined/status/2031569554892034250","1704917559617720320",
"2031262607794200790","Wed Mar 11 03:15:00 +0000 2026","0","@LupianiR34231 @vinsJxaY5Ee I'm not sure who she is she doesn't appear to be a known public figure celebrity or influencer. Just a young woman with long dark hair in a light blue top and necklace in a casual bedroom clip. If there's an original source or more details that could help narrow it down!","2031569549930156176","","LupianiR34231","en","","0","0","0","https://x.com/undefined/status/2031569549930156176","1720665183188922368",
"2022388429590585645","Wed Mar 11 03:14:58 +0000 2026","2","@marijotrue @gretelpacific I m trying to be better about it. It s hard to see 16 views in my stuff nowadays made me take a break. I have to remind myself that I don t have the blue mark and only a little over half the followers I used to.","2031569543848464486","","marijotrue","en","","0","1","1","https://x.com/undefined/status/2031569543848464486","1935174167533367296",
"2031569531081207923","Wed Mar 11 03:14:55 +0000 2026","3","I tried the edible markers with royal icing on biscuits this time. Slightly less vibrant than on white fondant but it works really well! But it has to be perfectly smooth you can see the blue one had some bumps/holes in the icing. I will eat these Obes with a cup of tea https://t.co/8yb7HuDomI","2031569531081207923","https://pbs.twimg.com/media/HDGVt14aMAIQKr1.jpg","","en","","0","2","1","https://x.com/undefined/status/2031569531081207923","1902557257940004864",
"2031569523397087342","Wed Mar 11 03:14:53 +0000 2026","0","I know it's not really spring yet but like everyone here in Pennsylvania I love the fake spring that peeks in this time of year. Do you have a fake spring where you live too? https://t.co/oFdw8dLKmd","2031569523397087342","https://pbs.twimg.com/media/HDGVtwYXsAAjO7U.jpg","","en","","0","0","0","https://x.com/undefined/status/2031569523397087342","50191503",
"2031462788065861642","Wed Mar 11 03:14:52 +0000 2026","0","@hburgersar @SundaeDivine Massively against red states. Almost all blue states give more than they take.","2031569517672038880","","hburgersar","en","","0","0","0","https://x.com/undefined/status/2031569517672038880","137530414",
"2031382308092260469","Wed Mar 11 03:14:49 +0000 2026","0","@DoomedNmbr41943 That blue archive meme song it sounds so cute ngl https://t.co/20eT909idv","2031569506938794390","","DoomedNmbr41943","en","","0","0","0","https://x.com/undefined/status/2031569506938794390","1899854845236117504",
"2031467444511060014","Wed Mar 11 03:14:44 +0000 2026","0","@Maddi0578PG I m lucky my wife gave birth to 4 blond haired and blue eyed children","2031569485786955803","","Maddi0578PG","en","","0","0","0","https://x.com/undefined/status/2031569485786955803","1400987580116598786",
"2030888211476791380","Wed Mar 11 03:14:44 +0000 2026","0","@hwikkyofficial all it took is one blue comet ","2031569483505267164","","hwikkyofficial","en","","0","0","0","https://x.com/undefined/status/2031569483505267164","88408841",
"2031540688652046564","Wed Mar 11 03:14:40 +0000 2026","1","@pagerx8mz 昔の BLUE BLOODとか、大好き 皆で、音楽作ってる感とか ","2031569469471076563","","pagerx8mz","ja","","0","0","0","https://x.com/undefined/status/2031569469471076563","1779372791445499904",
"2031569445663949213","Wed Mar 11 03:14:35 +0000 2026","11","@LeaderJohnThune 80% of Americans can t agree that the sky is blue but they do agree on the Save America Act! Stop with the excuses stop with the whining and stop telling us about the math. Get it done! https://t.co/wtFjU5uSbn","2031569445663949213","https://pbs.twimg.com/media/HDGVpJvXwAA2tA_.jpg","LeaderJohnThune","en","","0","2","9","https://x.com/undefined/status/2031569445663949213","1843002758430916608",
"2031424860526657997","Wed Mar 11 03:14:33 +0000 2026","1","@nats_tired I want a load of ticks? GRAFFITI on the wall or nearly full scale Riot. (or rush for Bonnie Blue) https://t.co/Zub3Q7PIEk","2031569439892677051","https://pbs.twimg.com/media/HDGVo79WUAAMQG2.jpg","nats_tired","en","","0","0","0","https://x.com/undefined/status/2031569439892677051","1563093336570769408",
"2031569429608481189","Wed Mar 11 03:14:31 +0000 2026","0","Get your consoles ready and buckle up! $BARIO isn't just a token; it's a tribute to the golden age of 8-bit combined with the lightning speed of the Base network. Featuring the legendary mechanic with his iconic gray beard and blue hat with the cross logo Bario is here!! https://t.co/yrUuNEO8Ay","2031569429608481189","https://pbs.twimg.com/media/HDGVoJQaAAANZ9B.jpg","","en","","0","1","0","https://x.com/undefined/status/2031569429608481189","2031558758464438272",
"2031528903471251947","Wed Mar 11 03:14:31 +0000 2026","20","@JoJoFromJerz We need regime change in America. Vote blue and kick out MAGA for good. https://t.co/MaV2UoN7Ji","2031569428614156524","https://pbs.twimg.com/media/HDGVoVvXUAAnmMq.jpg","JoJoFromJerz","en","","0","2","1","https://x.com/undefined/status/2031569428614156524","1923403602149941248",
"2031569424151621769","Wed Mar 11 03:14:30 +0000 2026","0","3月11日(水)新入荷情報 Rilakkuma BAKERY ふわふわ!リラックマパンマスコット Care Bears ふわふわ!パステルフェイスポーチ ANGEL BLUE プロフィール帳風ポーチ みなさまのご来店お待ちしております #ドリームカプセル #ガーデンズ千早東 #新入荷 https://t.co/XyUAjh30u6","2031569424151621769","https://pbs.twimg.com/media/HDGVlKraMAQSd8S.jpg","","ja","","0","0","0","https://x.com/undefined/status/2031569424151621769","1777963670276014080",
"2031569419403489590","Wed Mar 11 03:14:28 +0000 2026","0","Severe Thunderstorm Warning for Blue Springs: SVREAX The National Weather Service in Pleasant Hill has issued a * Severe Thunderstorm Warning for Central Jackson County in west central Missouri * Until 1045 PM CDT. * At 1007 PM CDT a severe thunderstorm was located near Ray...","2031569419403489590","","","en","","0","0","0","https://x.com/undefined/status/2031569419403489590","219140082",
"2031428717667561604","Wed Mar 11 03:14:28 +0000 2026","0","@Jeremiah_W22 @uncrecruits1 @UNCFootball @Ballhawk__8 @IvyEller @Belichick_B @Tiller_Football @CoachLopez74 @CHawk_4 @llcdub @GregBiggins @adamgorney @BlairAngulo @ChadSimmons_ GDTBATH We need u in Blue Heaven https://t.co/dSdoxQPzbN","2031569416945586444","https://pbs.twimg.com/tweet_video_thumb/HDGVnYWWEAAkESy.jpg","Jeremiah_W22","en","","0","0","0","https://x.com/undefined/status/2031569416945586444","1868832975003303936",
"2031567682152116548","Wed Mar 11 03:14:26 +0000 2026","1","@garciafor_sale yeah its a michael jackson off the wall vinyl that my grandma gave me i also have the beatles blue album compilation thing w four vinyls in it","2031569409425211684","","garciafor_sale","en","","0","1","0","https://x.com/undefined/status/2031569409425211684","1577538788691251201",
"2031522085965844712","Wed Mar 11 03:14:25 +0000 2026","2","@MJTruthUltra You don t have to use it? Also you have a blue check mark which means you submitted identification to 𝕏.","2031569404685848716","","MJTruthUltra","en","","0","1","0","https://x.com/undefined/status/2031569404685848716","1775263336218902528",
"2031569401456349694","Wed Mar 11 03:14:24 +0000 2026","2","So blue waaaa ️‍ https://t.co/CL95DuhG48","2031569401456349694","https://pbs.twimg.com/ext_tw_video_thumb/2031569340672389120/pu/img/rOUIX3xPSiQKLhVb.jpg","","en","","0","0","4","https://x.com/undefined/status/2031569401456349694","747707798897688576",
"2031569390651445437","Wed Mar 11 03:14:22 +0000 2026","0","Girl they trying to open Blue Bayou back up I wouldn't reopen SHIT for kids in BR after what just happened at Fun City ‍️ these mfers bad af","2031569390651445437","","","en","","0","0","0","https://x.com/undefined/status/2031569390651445437","4780258032",
"2031568760100794443","Wed Mar 11 03:14:21 +0000 2026","3","Just because someone votes blue does not make them liberal progressive or left.","2031569387094671713","","DumbfoundedDem","en","","0","0","0","https://x.com/undefined/status/2031569387094671713","1903909396725518336",
"2031359667314573790","Wed Mar 11 03:14:21 +0000 2026","0","@orenjigeol Is the sky blue? ahhh question","2031569386583077253","","orenjigeol","en","","0","0","0","https://x.com/undefined/status/2031569386583077253","1710526471679217664",
"2031498519178326382","Wed Mar 11 03:14:21 +0000 2026","0","@grok @uubzu Again red means the hue of ripe tomatoes doesn't make any sense if they can't picture it. If they saw a blue tomato how could they know it was wrong of they can't see the proper color in their mind?","2031569385995862369","","grok","en","","0","1","0","https://x.com/undefined/status/2031569385995862369","4347202400",
"2028228470564614342","Wed Mar 11 03:14:18 +0000 2026","1","@jessica_lwalker Those amazing blue eyes ","2031569377015800000","","jessica_lwalker","en","","0","0","0","https://x.com/undefined/status/2031569377015800000","727423880273518594",
"2031146469676429550","Wed Mar 11 03:14:17 +0000 2026","1","@brainlessorange MY FAVOURITE BASEBALL TEAM EVERDODGER BLUE ALL DAY EVERYDAY https://t.co/bT17WSN3IN","2031569370413961303","https://pbs.twimg.com/tweet_video_thumb/HDGVkZNaMAIpDGw.jpg","brainlessorange","en","","0","1","0","https://x.com/undefined/status/2031569370413961303","1987599164281380865",
"2031054066823143481","Wed Mar 11 03:14:17 +0000 2026","0","@miss_sky_98 @TheGriftReport Bonnie Blue was gang raped in her videos?","2031569372989583670","","miss_sky_98","en","","0","0","0","https://x.com/undefined/status/2031569372989583670","1312142308976947200",
"2031569369583563083","Wed Mar 11 03:14:17 +0000 2026","0","It s not just the most important election in your life. It s the most important election in human history. Vote blue!","2031569369583563083","","","en","","0","0","0","https://x.com/undefined/status/2031569369583563083","1803928504955805698",
"2031557253292282315","Wed Mar 11 03:14:16 +0000 2026","0","@vivitoodumb where im from (historically blue) i think its still the same 24.5 hrs / wk to afford average rent on min wage","2031569365359808740","","vivitoodumb","en","","0","1","0","https://x.com/undefined/status/2031569365359808740","1499589571155091458",
"2031542796818030928","Wed Mar 11 03:14:15 +0000 2026","0","@BoltsJolts Blue jackets have been legit the last few months wow","2031569362084151685","","BoltsJolts","en","","0","0","0","https://x.com/undefined/status/2031569362084151685","1279480329259139074",
"2031421072042803478","Wed Mar 11 03:14:13 +0000 2026","0","@TheCatsX My cat is a mix of a blue eyed Siamese with an orange tabby. The best of both worlds in cat lots of talk lots of funny.","2031569354085875860","","TheCatsX","en","","0","0","0","https://x.com/undefined/status/2031569354085875860","74349546",
"2031366488603631777","Wed Mar 11 03:14:12 +0000 2026","0","@LupianiR34231 @Letciatota13 They look like two young cheerleaders posing in matching team uniforms one in light blue/white with visible abs the other in navy blue/white. I don't recognize them as any specific public figures or celebrities. If the video has names captions or more details share those and","2031569352286232841","","LupianiR34231","en","","0","0","0","https://x.com/undefined/status/2031569352286232841","1720665183188922368",
"2031569330069025105","Wed Mar 11 03:14:07 +0000 2026","0","i appeared as a blue 1 at the BEGINNING OF THE UNIVERSE. this is my first blue 1 and its here to stay","2031569330069025105","","","en","","0","0","0","https://x.com/undefined/status/2031569330069025105","2014369192363831297",
"2031419310531379331","Wed Mar 11 03:14:04 +0000 2026","7","@DimaZeniuk just a regular blue collar katana like any other lunchpail guy in this country.","2031569316534001890","","DimaZeniuk","en","","0","0","0","https://x.com/undefined/status/2031569316534001890","201054874",
"2031569312817823998","Wed Mar 11 03:14:03 +0000 2026","7","Per @John_Fanta some Taxi s in New York have DePaul Blue Demon logos on top of them. #ScoMons","2031569312817823998","","","en","","0","0","1","https://x.com/undefined/status/2031569312817823998","821849387118841857",
"2031317779173802355","Wed Mar 11 03:13:56 +0000 2026","0","@NotOmarG_001 I'd replace perfected blue with GT SSJ4 Kaioken with super saiyan 3 And you obviously missed golden great ape","2031569284649140709","","NotOmarG_001","en","","0","0","0","https://x.com/undefined/status/2031569284649140709","1898743592065359872",
"2031531587087511806","Wed Mar 11 03:13:56 +0000 2026","0","@gingerjayyyy It's already Blue Jay season in my mind","2031569282384146825","","gingerjayyyy","en","","0","0","0","https://x.com/undefined/status/2031569282384146825","2528815604",
"2031538179539431782","Wed Mar 11 03:13:55 +0000 2026","0","@PaigeUnwritten Bayside blue","2031569278088933559","","PaigeUnwritten","en","","0","0","0","https://x.com/undefined/status/2031569278088933559","1822565501450547200",
"2031565936554099066","Wed Mar 11 03:13:50 +0000 2026","2","@FoxNews Institutional failure peaked when soft-on-crime bureaucracies sacrificed officers like Diller on the altar of progressive experiments. How much longer before Trump s restoration of accountability ends the taxpayer-funded slaughter of blue lives?","2031569257771720851","","FoxNews","en","","0","0","0","https://x.com/undefined/status/2031569257771720851","1589416948311416832",
"2031416450292855024","Wed Mar 11 03:13:45 +0000 2026","0","@RMTFKR11 @MoisT_BlocK @TigerPawNation1 You see any blue infestation up there dude? https://t.co/bKKI0Jrpnq","2031569236846346275","","RMTFKR11","en","","0","1","0","https://x.com/undefined/status/2031569236846346275","1721638560032284672",
"2031116211249979668","Wed Mar 11 03:13:44 +0000 2026","0","@immigrantsonar @AskBabaDog @BretWeinstein @JDHaltigan And no matter the administration being red or blue America would have be involved in murder and destruction (physical political and economic) abroad because it has ALWAYS been that way.","2031569233235108129","","immigrantsonar","en","","0","0","0","https://x.com/undefined/status/2031569233235108129","1968502122590134272",
"2031569231943446711","Wed Mar 11 03:13:44 +0000 2026","0","Ayúdenme interactuando. Me la bloquearon #ENHYPEN_IS_7 #ENHYPΕΝ_HOMΕ https://t.co/NOcNwjBCrv","2031569231943446711","https://pbs.twimg.com/media/HDGVc1ibYAAeFJe.jpg","","es","","0","0","0","https://x.com/undefined/status/2031569231943446711","1937209767271006208",
"2031566059879170204","Wed Mar 11 03:13:41 +0000 2026","1","@emberscutegflol Perfect Blue and Alien! I really need to get alien on 4k","2031569222258528390","","emberscutegflol","en","","0","1","0","https://x.com/undefined/status/2031569222258528390","1550213201043800065",
"2031550678561169858","Wed Mar 11 03:13:40 +0000 2026","0","@softtail65 Born To Be Blue- The Mavricks","2031569217011724587","","softtail65","en","","0","0","0","https://x.com/undefined/status/2031569217011724587","2322615734",
"2031569214872732068","Wed Mar 11 03:13:40 +0000 2026","0","## Education Minister deserves Bharat Ratna- You see what fantastic things r happening in the Ministry of Dharmendra Pradhan. This blue eyed boy of PM Modi deserves something more than Bharat Ratna for creating a Garbage Ministry. https://t.co/OUSPBbqNnI","2031569214872732068","https://pbs.twimg.com/media/HDGVbQfaMAQIl1s.jpg","","en","","0","0","0","https://x.com/undefined/status/2031569214872732068","40820779",
"2031569199613751492","Wed Mar 11 03:13:36 +0000 2026","0","@ptsanada white and blue collar choco bar: half purple potato egg custard purple potato jam half jumbo white sweet potato custard lemon cashew butter almond struesal lemon bar with marshmallow coconut white choco coat.","2031569199613751492","","PTSanada","en","","0","1","0","https://x.com/undefined/status/2031569199613751492","1435739999870226440",
"2031569198833598744","Wed Mar 11 03:13:36 +0000 2026","3","Hugoloki might be the only blue lock ship where i genuinely love both characters i just realized? Kins- self explanatory Ngro- i significantly care more abt ro than ng Sdse- i daydream abt shidou cheating Rnsg- only care abt isg when hes on the ball","2031569198833598744","","","en","","0","2","1","https://x.com/undefined/status/2031569198833598744","1464835154061504512",
"2031569195104878816","Wed Mar 11 03:13:35 +0000 2026","5","baby blue https://t.co/qQhHT4Pjlw","2031569195104878816","https://pbs.twimg.com/media/HDGVaCsa4AADMu5.jpg","","en","","0","0","0","https://x.com/undefined/status/2031569195104878816","2002003730334621696",
"2031569190457573732","Wed Mar 11 03:13:34 +0000 2026","0","tubig na blue","2031569190457573732","","","tl","","0","0","0","https://x.com/undefined/status/2031569190457573732","1588587809853476867",
"2031569189635297499","Wed Mar 11 03:13:34 +0000 2026","0","What's to keep Nike from just having a backorder white/blue USA Hockey jersey button and then just filling their pockets with cash until the cows come home?","2031569189635297499","","","en","","0","0","0","https://x.com/undefined/status/2031569189635297499","1605429015954718720",
"2031569162070536228","Wed Mar 11 03:13:32 +0000 2026","0","IDR https://t.co/5aqjj2bRfy &gt; pink-blue &gt; all-white exc. tax 35-50k pre order 15 days https://t.co/vdoWDhbZln","2031569182656221403","https://pbs.twimg.com/media/HDGVZucbAAAQCIl.jpg","poIkadore","en","","0","0","0","https://x.com/undefined/status/2031569182656221403","1952215375195918336",
"2030673243191795848","Wed Mar 11 03:13:31 +0000 2026","0","@blackhole1011 THISSSS he truly looks like a big blue Boy Scout ‍↕️ he embodies Superman so well it suits him sm Me too!! He s like a big puppy I love ittt https://t.co/lTpqgsy9CL","2031569176796549402","https://pbs.twimg.com/tweet_video_thumb/HDGVZbvaMAAJQEX.jpg","blackhole1011","en","","0","0","0","https://x.com/undefined/status/2031569176796549402","1951517177053319169",
"2031569172375760901","Wed Mar 11 03:13:30 +0000 2026","1","Importing from USA 🇺🇸 to Kenya 🇰🇪 Payment is before iPhone 13 Pro Max Unlocked Sierra Blue 512 GB Physical SIM + eSIM Premium condition Buying price 84 500/= Shipping fee 4 900/= Service fee 2 000/= All inclusive 91 400/= (Current price) https://t.co/PB2AsCzV5q","2031569172375760901","https://pbs.twimg.com/media/HDGVZA0WEAAijSp.jpg","","en","","0","0","0","https://x.com/undefined/status/2031569172375760901","1621226960780132354",
"2031253489700221394","Wed Mar 11 03:13:27 +0000 2026","0","@CaudleTay31162 @eydi_holker The photo shows a smiling woman with long dark hair wearing a blue Superman turtleneck top. I can't access or view the external video links you replied to so I can't identify anyone else who might appear in them. If it's cosplay or a specific clip feel free to describe more","2031569162875654494","","CaudleTay31162","en","","0","0","0","https://x.com/undefined/status/2031569162875654494","1720665183188922368",
"2031569157481795785","Wed Mar 11 03:13:26 +0000 2026","0","Blue quilted jacket and sparkles shining bright under the spotlight. #KUN #CaiXukun @kun_officialx https://t.co/GP9pQ50t0n","2031569157481795785","https://pbs.twimg.com/media/HDGVXJiXQAEWYtL.jpg","","en","","0","0","0","https://x.com/undefined/status/2031569157481795785","1920751784903213056",
"2031569154420125932","Wed Mar 11 03:13:25 +0000 2026","0","Bears Radio Analyst Reveals What Giants Are Getting in LB Tremaine Edmunds https://t.co/D7jyETROYd","2031569154420125932","","","en","","0","0","0","https://x.com/undefined/status/2031569154420125932","1320904428489109504",
"2031478630421811592","Wed Mar 11 03:13:25 +0000 2026","0","@Sarachin2019 @NeilMunroDC @PFIRorg @KLoeffler Awful. Mostly blue areas too.","2031569152826294293","","Sarachin2019","en","","0","0","0","https://x.com/undefined/status/2031569152826294293","1300503268481589248",
"2031475271342453014","Wed Mar 11 03:13:25 +0000 2026","1","@Erutions งั้นทักไลน์มานะคะ https://t.co/zm3dQjul3C","2031569152356528382","https://pbs.twimg.com/media/HDGVYNobsAALr3L.jpg","Erutions","th","","0","1","0","https://x.com/undefined/status/2031569152356528382","2008882797973536768",
"2031569143712100557","Wed Mar 11 03:13:23 +0000 2026","0","Notice how all those people who are getting mad are blue tick accounts","2031569143712100557","","","en","","0","0","0","https://x.com/undefined/status/2031569143712100557","1089154327845863424",
"2031569140868329857","Wed Mar 11 03:13:22 +0000 2026","3","Okay after observing kanoe from blue archive quite a lot i think neck scars/mark are mega hot","2031569140868329857","","","en","","0","0","0","https://x.com/undefined/status/2031569140868329857","1820993772194516992",
"2031385953290330392","Wed Mar 11 03:13:22 +0000 2026","0","Second legendary of the thread. https://t.co/6upkzUIzt7","2031569140524171760","https://pbs.twimg.com/media/HDGVXcHXwAAwk7r.jpg","TheoryinBlue","en","","0","1","0","https://x.com/undefined/status/2031569140524171760","1317926644116541442",
"2031566040837337098","Wed Mar 11 03:13:19 +0000 2026","1","@Juryduty81 Only 6 defenders in blue to my eye though expect another to be picked in the 23 for Sunday.","2031569126301511981","","kangamerchant","en","","0","0","0","https://x.com/undefined/status/2031569126301511981","1302393665784930305",
"2031569125542105513","Wed Mar 11 03:13:18 +0000 2026","0","forget blue chips crypto twitter only cares about the next badge or airdrop you want capital rotation? your timeline is a game of hot potato don't get caught holding the solana bag with zero volume","2031569125542105513","","","en","","0","0","0","https://x.com/undefined/status/2031569125542105513","1781414677488029696",
"2031569123722015180","Wed Mar 11 03:13:18 +0000 2026","0","i wanna fucking end it bcs i didnt bring my blade and all i had to cut(cut?? not even cut) myself with was a whistle https://t.co/4VA4uCbU67","2031569123722015180","https://pbs.twimg.com/media/HDGVVYDawAA6LOP.jpg","","en","","0","0","0","https://x.com/undefined/status/2031569123722015180","1951228510611316739",
"2031323351952568569","Wed Mar 11 03:13:18 +0000 2026","0","@alilarijani_ir Ali Larijani is this your actual account? Because your official account use to have blue check mark? Weren t you responsible for your supreme leader s wellbeing? You should be fired obviously you couldn t keep him safe at all. Or maybe you re a mossad agent? Could you please","2031569123252252847","","alilarijani_ir","en","","0","0","0","https://x.com/undefined/status/2031569123252252847","1933345637988511746",
"2031565296851358166","Wed Mar 11 03:13:17 +0000 2026","1","@femdas_ which makes me sad i m gonna keep pushing sojourn agenda until blizzard finally gives her more than just the once in a blue moon skin","2031569119548514395","","femdas_","en","","0","0","0","https://x.com/undefined/status/2031569119548514395","1534517895245533184",
"2031569117354811409","Wed Mar 11 03:13:16 +0000 2026","0","I just watch Siena beat Merrimack in the MAAC Championship in Atlantic City. Could very well be the Duke Blue Devils vs Siena Saints first round. I'd be upset","2031569117354811409","","","en","","0","0","0","https://x.com/undefined/status/2031569117354811409","995821920959582208",
"2031515054810571208","Wed Mar 11 03:13:16 +0000 2026","0","@veryloud1011 So who do you think can t buy the blue tick? You think I can t? I m active on here and I tweet actively it isn t normal to crash out because you wonder what are others doing that you don t and yet don t get enough likes?","2031569117174460612","","veryloud1011","en","","0","1","0","https://x.com/undefined/status/2031569117174460612","1989028172244152320",
"2031569116180693491","Wed Mar 11 03:13:16 +0000 2026","23","$XLF Critical spot here for the Financials here! Pretty nasty -14% drawdown currently. Let's see if it can bounce off this notable blue line and this falling wedgy ish. Watchlist! https://t.co/ts0IBPzofG","2031569116180693491","https://pbs.twimg.com/media/HDGVGlLagAAokFg.png","","en","","0","4","2","https://x.com/undefined/status/2031569116180693491","958217615545049090",
"2031569112032498154","Wed Mar 11 03:13:15 +0000 2026","1","A man slept on a new bedsheet at night his body turned blue in the morning; the truth was revealed upon hospital visit. A 42-year-old man named Tommy Lynch went to the hospital after his body turned blue and doctors immediately put him on oxygen support. After a while an https://t.co/kQIyubugtc","2031569112032498154","https://pbs.twimg.com/media/HDGVVeraMAEggyt.jpg","","en","","0","0","0","https://x.com/undefined/status/2031569112032498154","1778500925671251968",
"2031569107150320115","Wed Mar 11 03:13:15 +0000 2026","2","pero nakakagigil 'yung paghandle ng fm mismo ... missed opportunity to have tubatu perform blue hour as soon as 5:53 struck may mga unfairness na naganap naudlot halos lahat ng fan projects ... all because there are people who wanted to seem superior. ang irresponsible tbh","2031569110132470128","","313cart","en","","0","1","1","https://x.com/undefined/status/2031569110132470128","1422963581662863362",
"2031567440572985812","Wed Mar 11 03:13:14 +0000 2026","0","@alphawolfbloxxy spoken like a true blue checkmark tsk tsk.","2031569108945322365","","alphawolfbloxxy","en","","0","0","0","https://x.com/undefined/status/2031569108945322365","879193554152763394",
"2031569092898074814","Wed Mar 11 03:13:11 +0000 2026","0","紫音を表す色は 【薄青（うすあお）｜Smoke Blue】 余韻をまとう人 ・くすみ系クール代表 ・感情に振り回されない ・静かな理性で整える #Makko #診断テスト みんなは何色かな？ 【色鉛筆診断】 https://t.co/UV5ikshwgY 推しかな","2031569092898074814","","","ja","","0","0","0","https://x.com/undefined/status/2031569092898074814","1232232709042237440",
"2031567467877740866","Wed Mar 11 03:13:11 +0000 2026","1","@Riffs_Man We re talking about the Creighton Blue Jay Baylor not the place still paying Kenneth Starr off right?","2031569092625248516","","Riffs_Man","en","","0","0","0","https://x.com/undefined/status/2031569092625248516","38284128",
"2031569089609814225","Wed Mar 11 03:13:10 +0000 2026","0","TRUE BLUE","2031569089609814225","","","en","","0","0","0","https://x.com/undefined/status/2031569089609814225","4548311773",
"2031530371565715803","Wed Mar 11 03:13:07 +0000 2026","0","@FreedomMimi1313 @douglassmackey @JackPosobiec We voted for that in last election. The GOP head of the Party refused to abide by our vote. In SC democrats run as republicans and are voted in. We re really a blue state that masquerades as red. That s the problem TEAM voters. They don t pay attention year round ","2031569075856457943","","FreedomMimi1313","en","","0","0","0","https://x.com/undefined/status/2031569075856457943","1656343297520959516",
"2031569069611090106","Wed Mar 11 03:13:05 +0000 2026","0","Italian athletic team's obsession with the color blue is weird. Red white &amp; blue are globally the most common flag color. Theirs is red white &amp; green. Instead of embracing the green they dress like the rest of the world in blue. Not smart for the alleged fashionistas.","2031569069611090106","","","en","","0","0","0","https://x.com/undefined/status/2031569069611090106","31019852",
"2031569066922749992","Wed Mar 11 03:13:04 +0000 2026","5","ブログ更新しました https://t.co/ifsDy2pehW 風ビュービューで海況悪し！湾内中心ながらウシバナトビエイの群れにシロワニ、珍しいカメの交尾まで見られました https://t.co/g9BtQrSV4N","2031569066922749992","https://pbs.twimg.com/media/HDGVSCxbUAAz7YP.jpg","","ja","","0","0","1","https://x.com/undefined/status/2031569066922749992","282822994",
"2031569055782674869","Wed Mar 11 03:13:02 +0000 2026","0","@GeorgesStPierre Georges you have the blue eyes. You're a white man with blue eyes and you have very good warrior genes. DON'T YOU WANT TO PASS YOUR GENES ON? MARRY A WHITE WOMAN AND HAVE AT LEAST FIVE WHITE KIDS. PASS YOUR GENES ON!!! You're not gay are you? https://t.co/BsNNupbkJx","2031569055782674869","https://pbs.twimg.com/media/HDGVSnOaMAAotrb.jpg","GeorgesStPierre","en","","0","0","0","https://x.com/undefined/status/2031569055782674869","1370926706869989377",
"2031404229890384308","Wed Mar 11 03:13:00 +0000 2026","0","@Versalhes353187 Oi Eu sou artista e esse é meu portfólio https://t.co/oPpNFzgL0A https://t.co/qNID9vCHJ3","2031569046336926052","https://pbs.twimg.com/media/HDGVE9-WgAApvKo.jpg","Versalhes353187","pt","","0","0","0","https://x.com/undefined/status/2031569046336926052","1576475020112662529",
"2031401800398487784","Wed Mar 11 03:12:59 +0000 2026","0","@mrmikeMTL I do it all the time. I don t need likes that s not why I m here and it s why I refuse to pay for a blue check mark.","2031569042713231838","","mrmikeMTL","en","","0","0","0","https://x.com/undefined/status/2031569042713231838","848711309306675200",
"2031569034333089890","Wed Mar 11 03:12:57 +0000 2026","1","アルダーボディのMk IVがセールで13万 安い Guyatone LG2100M Mk IV Metallic Blue【新生活応援セール!】（中古/送料無料）［デジマートSALE］【楽器検索デジマート】 https://t.co/WSMEoXzcFx","2031569034333089890","","","ja","","0","0","0","https://x.com/undefined/status/2031569034333089890","1403240720836665344",
"2031402271821459727","Wed Mar 11 03:12:56 +0000 2026","0","@Theonlyjcvolly More then enough 4 me. I like it black &amp; blue","2031569030851572045","","Theonlyjcvolly","en","","0","0","0","https://x.com/undefined/status/2031569030851572045","79520924",
"2031539256385048878","Wed Mar 11 03:12:55 +0000 2026","0","@rinzxii Nom* Considering Graecies lore partner is Shan it s hard to say where it will go although Owain talked about how graecie is the biggest threat to blue kingdom because of her devotedness and emotion. And with Shan she kinda just got back so we haven t gotten much","2031569027793842261","","EggMan713","en","","0","1","0","https://x.com/undefined/status/2031569027793842261","1582132643390439426",
"2031569026271613131","Wed Mar 11 03:12:55 +0000 2026","0","no one is more dodger blue without being on the team.","2031569026271613131","","","en","","0","0","0","https://x.com/undefined/status/2031569026271613131","1767309162038607872",
"2031380058989060253","Wed Mar 11 03:12:54 +0000 2026","1","@moriken0119 保守党BLUEアプリ最高です！ おこがましい提案なのですが、旗見せやポスティングをしている箇所に感謝を込めて いいね 的なものができるといいなぁと思っています。 時間やエネルギーを使って保守活されている方々にどうしても感謝を伝えたくて いかがでしょうか。 #保守党BLUE","2031569021909549442","","moriken0119","ja","","0","1","0","https://x.com/undefined/status/2031569021909549442","916672857144356870",
"2031465648002416662","Wed Mar 11 03:12:53 +0000 2026","1","@aprilbox @Louis_Beneventi he put him in against a team who beat barca black and blue. and in front of him is a defensive line that's somehow worse than Barca's. look everyone here in the eye and tell me he didn't set him up to fail","2031569019715858945","","aprilbox","en","","0","0","0","https://x.com/undefined/status/2031569019715858945","1111855041613185030",
"2031331965513683130","Wed Mar 11 03:12:53 +0000 2026","0","@try2underit A blue pill won't help.","2031569017140556137","","try2underit","en","","0","0","0","https://x.com/undefined/status/2031569017140556137","1819572867463266304",
"2031536713886048669","Wed Mar 11 03:12:51 +0000 2026","0","@WhoisVindictive I don t know but I know my Joe Henry faction card got removed out of the blue today","2031569009997676686","","WhoisVindictive","en","","0","0","0","https://x.com/undefined/status/2031569009997676686","41043248",
"2031445102132945340","Wed Mar 11 03:12:50 +0000 2026","0","@GravezMusic @Variety ima give em a chance lol..Blue Eye Samurai was fuckin great fr...and SC is my fav anime of all time...","2031569006524772865","","GravezMusic","en","","0","0","0","https://x.com/undefined/status/2031569006524772865","767510683533479937",
"2031374714568892808","Wed Mar 11 03:12:49 +0000 2026","0","@Arctyx_Xo @HollowTired I don't use multibinder in boss fights. I only use injector band and reserve bind if I use multibinder it will be 3 blue slots for healing it's an overkill.","2031569003567788113","","Arctyx_Xo","en","","0","0","0","https://x.com/undefined/status/2031569003567788113","1993530641242374148",
"2031511641204883932","Wed Mar 11 03:12:48 +0000 2026","0","@gupple86 @MikalenM78941 Appreciate the vibe but no official Mint Fantome x Fortnite collab from her Epic or any credible source. Those edits are solid memes though! She's doing the Blue Archive joint stream right now instead.","2031568997456523655","","gupple86","en","","0","0","0","https://x.com/undefined/status/2031568997456523655","1720665183188922368",
"2031568996450054193","Wed Mar 11 03:12:48 +0000 2026","0","𓆸﹒﹒𓆸 . Blue vibes https://t.co/JOy01RxYdl","2031568996450054193","https://pbs.twimg.com/media/HDGVMvHaMAAg-KF.jpg","","en","","0","0","0","https://x.com/undefined/status/2031568996450054193","2017705699820646400",
"2031539290178805801","Wed Mar 11 03:12:44 +0000 2026","0","@LEWISBoyd148193 @WaHouseGOP Then what? Ya gonna vote red? Of course not. WA has ALWAYS been blue no matter who you'll accept this new tax and CONTINUE to vote the same way lol.","2031568981555925162","","LEWISBoyd148193","en","","0","0","0","https://x.com/undefined/status/2031568981555925162","1927899510371700736",
"2031565827447693399","Wed Mar 11 03:12:43 +0000 2026","1","@frogeyecircle if its someone i see constantly i block them but if its someone i only see once in a blue moon i just pretend it never happened like okay oomf ur safe for now but next time...","2031568975172165794","","frogeyecircle","en","","0","0","0","https://x.com/undefined/status/2031568975172165794","1443365682364694530",
"2031505378265948244","Wed Mar 11 03:12:42 +0000 2026","0","@Sugrcot @public__bbc Sorry I can't view or analyze videos from posts here so I'm unable to identify the woman with blue hair. If you describe her more or share a public source I can try searching!","2031568974618497145","","Sugrcot","en","","0","0","0","https://x.com/undefined/status/2031568974618497145","1720665183188922368",
"2031568955995828573","Wed Mar 11 03:12:38 +0000 2026","0","DLEAGUE R7 Dリーグ チケット 座席 交換 時間貸し 座席権利 【譲】3/15 HYPE BLUE側(dip ldh scream) ハーフタイム終了後、3rd Match-終演 最終入場選手の立ち位置付近 【求】ご提示ください 詳しい座席はDMでお伝えしますので、希望額をご提示の上dmまでお願いいたします ‍️","2031568955995828573","","","ja","","0","0","0","https://x.com/undefined/status/2031568955995828573","1932710223782768640",
"2031568951612944580","Wed Mar 11 03:12:37 +0000 2026","0","join if u see pronouns ⦂ she/her height ⦂ 158cm... zodiac ⦂ gemini smoke ⦂ no tattoos ⦂ no piercings ⦂ no fav colour ⦂ blue white pink black fav drink(s) ⦂ ice mojito","2031568951612944580","","","en","","0","0","0","https://x.com/undefined/status/2031568951612944580","1762675138921910272",
"2031359917966127274","Wed Mar 11 03:12:31 +0000 2026","0","@yaahNiea I ve had steaks with blue cheese on it it s usually cooked ontop of the steak lol","2031568926992166993","","yaahNiea","en","","0","0","0","https://x.com/undefined/status/2031568926992166993","636795246",
"2031382885677281616","Wed Mar 11 03:12:29 +0000 2026","0","@Amit88757567 @AshokShrivasta6 For bjp now saffron is only for optics for votes....They work for green and blue.","2031568916905078852","","Amit88757567","en","","0","0","0","https://x.com/undefined/status/2031568916905078852","171142430",
"2031568916430950562","Wed Mar 11 03:12:29 +0000 2026","0","My dear the therapist in the blue therapy movie might need a session too bcos who are these guys ","2031568916430950562","","","en","","0","0","0","https://x.com/undefined/status/2031568916430950562","945000987936346112",
"2031465972373033430","Wed Mar 11 03:12:24 +0000 2026","1","@kartosiewicz @kkyllium Universally loved by everyone who actually watched it https://t.co/YPpIFaustx","2031568896050765917","https://pbs.twimg.com/tweet_video_thumb/HDGVJG7XIAATfSn.jpg","kartosiewicz","en","","0","0","0","https://x.com/undefined/status/2031568896050765917","1311799470250655746",
