conversation_id_str,created_at,favorite_count,full_text,id_str,image_url,in_reply_to_screen_name,lang,location,quote_count,reply_count,retweet_count,tweet_url,user_id_str,username
2046410568433549767,Tue Apr 21 02:07:54 +0000 2026,0,breaking news the sky is blue,2046410568433549767,,,en,,0,0,0,https://x.com/undefined/status/2046410568433549767,1412184494334005248,
2046410565791158354,Tue Apr 21 02:07:54 +0000 2026,0,Been using the New X Android beta for a while now it s right there in the side menu with the blue Beta tag. Compared to the original app it feels smoother and the interface is cleaner with some simple changes. It still has a few flaws since it s only a beta but personally I https://t.co/BXtAILZDTp,2046410565791158354,https://pbs.twimg.com/media/HGZPj9IbYAAJ6mG.jpg,,en,,0,0,0,https://x.com/undefined/status/2046410565791158354,1483051263235403782,
2046410558996357394,Tue Apr 21 02:07:52 +0000 2026,0,I'd like to see UK go old school and load up with some walk-ons who just do it for the love of the game. Don't need no GM. Nehemiah Braddy didn't want NIL. Gettlefinger? Got a ring. Dusty Mills? Tough kid. They play for the Big Blue. That's what we need. https://t.co/1CvZ7bSHyW,2046410558996357394,https://pbs.twimg.com/media/HGZO7-1bYAAAcSo.jpg,,en,,0,0,0,https://x.com/undefined/status/2046410558996357394,944415132230307840,
2046292135255916602,Tue Apr 21 02:07:50 +0000 2026,0,@ldsabuse President Oak's son-in-law and D. Todd's brother are much bigger problems for the Church than any trademark dispute over the color blue.,2046410550481977549,,ldsabuse,en,,0,0,0,https://x.com/undefined/status/2046410550481977549,348664508,
2046291484576788652,Tue Apr 21 02:07:50 +0000 2026,0,@LunaThefemboyca The difference is that the subject of his dead brother is very real. The lolis from Blue Archive are very fictional.,2046410549081133259,,Failed_Kings,en,,0,0,0,https://x.com/undefined/status/2046410549081133259,465842925,
2046388522509033579,Tue Apr 21 02:07:47 +0000 2026,0,@BlakeBillingsl4 @crazyunclelou Uncle Lou pays for a blue checkmark he's just spouting nonsense and arguing just to argue to get that engagement up,2046410539237081591,,BlakeBillingsl4,en,,0,0,0,https://x.com/undefined/status/2046410539237081591,1163626878948839424,
2046383860888330584,Tue Apr 21 02:07:46 +0000 2026,0,@certifiedthemb0 @Why_Envyyy Make it per teammate color (orange blue green),2046410536334569757,,certifiedthemb0,en,,0,0,0,https://x.com/undefined/status/2046410536334569757,1103410071747416066,
2046410534904266865,Tue Apr 21 02:07:46 +0000 2026,0,Something tells me running your campaign on pro-life values in what is set to be at least a decently blue midterm is not the most politically smart idea,2046410534904266865,,,en,,0,0,0,https://x.com/undefined/status/2046410534904266865,1083528651600265218,
2046365962610393559,Tue Apr 21 02:07:45 +0000 2026,0,@DromasGamerHD 1250 real (in PTBR) Just to pay for the tire and maintenance on my motorcycle + fine because I had to change the tires out of the blue (the front one punctured and the police stopped me on the back one but it wasn't bald...anyway long story) But even 900 would help a lot,2046410529019666562,,DromasGamerHD,en,,0,0,0,https://x.com/undefined/status/2046410529019666562,1916922522899275776,
2046343399109022124,Tue Apr 21 02:07:41 +0000 2026,0,@oelma__ Blue hair is the 1st red flag.,2046410514578960793,,oelma__,en,,0,0,0,https://x.com/undefined/status/2046410514578960793,1523098885647872000,
2045860726917779605,Tue Apr 21 02:07:38 +0000 2026,0,@VinnysCorner1 Bonnie blue,2046410500821733443,,VinnysCorner1,fr,,0,0,0,https://x.com/undefined/status/2046410500821733443,1948828308529111040,
2045995076258549771,Tue Apr 21 02:07:30 +0000 2026,0,@ECOilersGal I m loving the blue collar with the autograph ,2046410468143812861,,ECOilersGal,en,,0,0,0,https://x.com/undefined/status/2046410468143812861,65267536,
2046408640395943943,Tue Apr 21 02:07:30 +0000 2026,1,@fzzypckles UGH THAT HAPPENED TO MY RED MII WHEN HE HAD A CRUSH ON BLUE thankfully it only took him ten minutes for him to fall in love again and now it s a mutual crush on both sides :3,2046410465857659135,,fzzypckles,en,,0,1,0,https://x.com/undefined/status/2046410465857659135,1525297490735640576,
2046233876041757076,Tue Apr 21 02:07:29 +0000 2026,0,@AnasAbdin Blue origin races to Mars https://t.co/B2Hqp40SG2,2046410461902434543,https://pbs.twimg.com/tweet_video_thumb/HGZPd02asAAFB6f.jpg,AnasAbdin,en,,0,0,0,https://x.com/undefined/status/2046410461902434543,1602957658721484800,
2046356079278272661,Tue Apr 21 02:07:28 +0000 2026,0,@bluesky You mean people that can not think for themselves? And can not do their own research? That do not have more than two brain cells to rub together? Yes please go to blue whatever.,2046410458576413084,,bluesky,en,,0,0,0,https://x.com/undefined/status/2046410458576413084,1849264503763980288,
2046410453216104548,Tue Apr 21 02:07:27 +0000 2026,0,And I guess I'll just miss her Even though she isn't even really gone But things are just different Ever since she cut her blue hair off https://t.co/nBrtH5B3dx,2046410453216104548,https://pbs.twimg.com/tweet_video_thumb/HGZPdShaYAAZdAl.jpg,,en,,0,0,0,https://x.com/undefined/status/2046410453216104548,1698742342323187712,
2046405939796771253,Tue Apr 21 02:07:26 +0000 2026,0,@twitandrewking the blue mayo is garlic,2046410449214648708,,twitandrewking,en,,0,0,0,https://x.com/undefined/status/2046410449214648708,273247546,
2046410441790792114,Tue Apr 21 02:07:24 +0000 2026,0,omg anddddd a blue calypso,2046410441790792114,,,en,,0,0,0,https://x.com/undefined/status/2046410441790792114,1321182759856033795,
2046401432015036445,Tue Apr 21 02:07:21 +0000 2026,0,@McFaul I wouldn't believe Trump if he said the sky is blue. I'd have to go outside to see for myself take a picture and get three witnesses to verify my findings. (Damn those pesky chemtrails!) https://t.co/nrrr8XyMsp,2046410430071898488,https://pbs.twimg.com/media/HGZPF0gaIAAgRcp.jpg,McFaul,en,,0,0,0,https://x.com/undefined/status/2046410430071898488,967817115184091137,
2046410428969082934,Tue Apr 21 02:07:21 +0000 2026,0,Like and arrow in the blue sky,2046410428969082934,,,en,,0,0,0,https://x.com/undefined/status/2046410428969082934,1762980783780966400,
2046406561447444859,Tue Apr 21 02:06:52 +0000 2026,0,@prachisharma69 Very lovely morning beauty looks with sky blue beauty looks ,2046410309443994021,,prachisharma69,en,,0,0,0,https://x.com/undefined/status/2046410309443994021,4896059748,
2046410295279554672,Tue Apr 21 02:06:49 +0000 2026,0,melissa o neil in those blue jeans ,2046410295279554672,,,en,,0,0,0,https://x.com/undefined/status/2046410295279554672,1037784220884758530,
2046230945938944437,Tue Apr 21 02:06:49 +0000 2026,0,@freeholdpod @JThiel Red pill is from learning the truth about the Matrix so it is about learning the truth. If they're not interested &amp; want to continue the illusion that would be the blue pill.,2046410294021517510,,freeholdpod,en,,0,0,0,https://x.com/undefined/status/2046410294021517510,1785288673497640960,
2046061865608904856,Tue Apr 21 02:06:45 +0000 2026,0,@DillonPorterfi2 @OldDominionDem &gt; Got it twisted. I support electoral representation and I don t give a fuck what happens in Texas or any blue gerrymandered states for that matter. You support Donald Trump who organized this fiasco. You are a hypocrite.,2046410278582046982,,DillonPorterfi2,en,,0,1,0,https://x.com/undefined/status/2046410278582046982,2010242441488764929,
2046357247882571799,Tue Apr 21 02:06:41 +0000 2026,0,@SheyHanta You are doing good and this is just an easy fix too. If I were you used color erase pencils use blue and red to help see which leg is what so that you are able to see the difference.,2046410259728851021,,SheyHanta,en,,0,0,0,https://x.com/undefined/status/2046410259728851021,1011417206817677312,
2046356079278272661,Tue Apr 21 02:06:39 +0000 2026,0,@bluesky Keep your masks triple boosted blue hair and nose ring out of here - fagatrons,2046410253672083932,,bluesky,en,,0,0,0,https://x.com/undefined/status/2046410253672083932,1770923451617820672,
2045934006416416958,Tue Apr 21 02:06:39 +0000 2026,0,@DogWalksMe @ScottPresler Fort Bend County is blue thanks to all of the foreigners!,2046410252694794389,,DogWalksMe,en,,0,0,0,https://x.com/undefined/status/2046410252694794389,1858671608421838848,
2046409881251418448,Tue Apr 21 02:06:38 +0000 2026,0,La 3ra temporada del anime Grand Blue se estrenará en julio del año 2026,2046410249737765214,,pokeanimegirls,es,,0,0,0,https://x.com/undefined/status/2046410249737765214,1510126425147424769,
2046384642484514821,Tue Apr 21 02:06:38 +0000 2026,0,@RudyGiuliani Project Blue Beam.,2046410247947128893,,RudyGiuliani,en,,0,0,0,https://x.com/undefined/status/2046410247947128893,1286088114499280896,
2046406854373528018,Tue Apr 21 02:06:35 +0000 2026,1,@LaterJurassic @feraluniverse @roguecats7 Yes!! I like her already. The white ish sauce is the garlic mayo and the the blue Jay droppings blue stuff is the cotton candy part. Gross. Immediately no. ️,2046410236831957199,,LaterJurassic,en,,0,0,0,https://x.com/undefined/status/2046410236831957199,14287919,
2046410231991644630,Tue Apr 21 02:06:34 +0000 2026,0,blue raspberry,2046410231991644630,,,en,,0,0,0,https://x.com/undefined/status/2046410231991644630,1121637296380375041,
2046410223372353956,Tue Apr 21 02:06:32 +0000 2026,0,طلعت مع البيب .. كلمني الساعه ١٢ ورسبنت عنده في ٤٠ دقيقة وحجزت شقة. قعد يبكي ساعة .. وساعتين احاول اخليه يتكلم وساعة صار فيها هورني ثم قال تاخر الوقت اه خلاني احجم وراح blue balls اللعنه. قعد يبكي ليه؟ لاني قفطة كان يبي يجيب واحد اسوي معه اشياء وقاعد يخطط معه,2046410223372353956,,,ar,,0,0,0,https://x.com/undefined/status/2046410223372353956,1905246589586636800,
2046410205827662160,Tue Apr 21 02:06:28 +0000 2026,0,Buzz Cut: Bored Air Force Pilots in Thailand and the Blue Moon 'Dance Club' https://t.co/uoEo59HUkF,2046410205827662160,,,en,,0,0,0,https://x.com/undefined/status/2046410205827662160,1503418872212467718,
2046410204468920469,Tue Apr 21 02:06:27 +0000 2026,1,My new Buzz Cut just dropped @RedState! Check it out! It s a good one! Buzz Cut: Bored Air Force Pilots in Thailand and the Blue Moon 'Dance Club' https://t.co/1Tq8ldDWNS,2046410204468920469,,,en,,0,0,0,https://x.com/undefined/status/2046410204468920469,15986949,
2046404944488497505,Tue Apr 21 02:06:27 +0000 2026,0,@Paederos @Rattfood where is my blue checkmark? I haven't subscribed to premium in a long time it expired a few days ago,2046410202166043034,,Paederos,en,,0,0,0,https://x.com/undefined/status/2046410202166043034,1572984346679590913,
2046329066236584058,Tue Apr 21 02:06:26 +0000 2026,0,@torturamente sour blue raspberry ,2046410199582298456,,torturamente,en,,0,0,0,https://x.com/undefined/status/2046410199582298456,1894579351296839680,
2046156427585294652,Tue Apr 21 02:06:23 +0000 2026,0,@priscabdrO Yes I agree with this decision. She tried to run the officer down with her car. Finally we get justice for our men in blue. Congratulations.,2046410185120309684,,priscabdrO,en,,0,0,0,https://x.com/undefined/status/2046410185120309684,1917725454745616385,
2046410183555879423,Tue Apr 21 02:06:22 +0000 2026,0,oxi o livinho ta na música coração valente do nego blue desde quando,2046410183555879423,,,pt,,0,0,0,https://x.com/undefined/status/2046410183555879423,1653164590493040640,
2046410174835945561,Tue Apr 21 02:06:20 +0000 2026,0,Like I post on IG once in a blue moon Facebook is just for marketplace twitter I just talk to myself and TikTok aht just for giggles,2046410174835945561,,,en,,0,0,0,https://x.com/undefined/status/2046410174835945561,1338160856,
2046295795104977255,Tue Apr 21 02:06:19 +0000 2026,0,@tommiku_ like tell me why her eyes are deadass just blue like were way past losing the plot we lost the whole extended cinematic universe https://t.co/KiOhSxnT7C,2046410167642710522,https://pbs.twimg.com/media/HGZO1WrboAAhO5y.png,apple_bapple,en,,0,0,0,https://x.com/undefined/status/2046410167642710522,1180882240613556224,
2046223050283106691,Tue Apr 21 02:06:17 +0000 2026,0,@TateTheTalisman Well harmonicas and the organ player played blue Hawaii always Elvis,2046410162102034769,,TateTheTalisman,en,,0,0,0,https://x.com/undefined/status/2046410162102034769,1808328076801331201,
2046290297836204429,Tue Apr 21 02:06:14 +0000 2026,0,@SwordsSlippers Team Blue at this moment . But Red (Red Riding Hood) is beautiful as well ️.,2046410148441194914,,SwordsSlippers,en,,0,0,0,https://x.com/undefined/status/2046410148441194914,1421285803892817928,
2045930022775804366,Tue Apr 21 02:06:13 +0000 2026,0,@sanambna @Shtuni You belong on Blue Sky where you can keep your head in the sand.,2046410145060589830,,sanambna,en,,0,0,0,https://x.com/undefined/status/2046410145060589830,1713378274326253568,
2046410142602895828,Tue Apr 21 02:06:13 +0000 2026,0, Wed. 22nd April: Happy Earth Day! Celebrate a 15-24°C day with solid earth tones! Try a forest green silk blouse or a sky blue cotton shirt. Pack a water-resistant jacket for evening showers! ️ Build your English daily! https://t.co/gmOKfrZARN https://t.co/84ODNe3LK8,2046410142602895828,,,en,,0,0,0,https://x.com/undefined/status/2046410142602895828,1869245387321851904,
2046410142435115242,Tue Apr 21 02:06:13 +0000 2026,0,kenapa kalo blue cookie boleh warna apa aja tapi yang lainnya gaboleh? kenapa aturan lu cuma berlaku kalo sesuai sama agenda lu? kenapa blue cookie boleh diwarnain apain aja tapi yang lain harus direspect kyk manusia karena warna cookie mereka? lu rasis ke kukis kah?,2046410142435115242,,,in,,0,0,0,https://x.com/undefined/status/2046410142435115242,1787535144863375366,
2046410138911907882,Tue Apr 21 02:06:12 +0000 2026,0,White Sox Co. in Blue Ash Studio https://t.co/t3mi9WFBNM,2046410138911907882,https://pbs.twimg.com/media/HGZPLLAbUAA2lsu.jpg,,en,,0,0,0,https://x.com/undefined/status/2046410138911907882,1420275068991463429,
2046348215587307830,Tue Apr 21 02:06:12 +0000 2026,0,@ringsidenews_ Welcome to come visit? Sure. Being injected into every single major story is the problem. Becoming wrestlers out of the blue is absolute shit,2046410138597101859,,ringsidenews_,en,,0,0,0,https://x.com/undefined/status/2046410138597101859,29938598,
2046410128451084746,Tue Apr 21 02:06:09 +0000 2026,0,euphoria 2nci bölüm sonu blue balls verdiniz hepimize allah belanızı versin tasaklarınız patlasın,2046410128451084746,,,tr,,0,0,0,https://x.com/undefined/status/2046410128451084746,1806830593465880576,
2046410124118597833,Tue Apr 21 02:06:08 +0000 2026,0,szervusz? ⎐كُود⎐⎐نمشي⎐ ⊵MFM3⊴ ⎐ديفاكتو▬defacto▬ ⊵DC10⊴ ⎐فيرنز▬اند▬بيتل⎐ ⊵P40⊴ ⎐كؤِبُون⎐Shadow Blue ^^^^ ⎐خـِصم⎐OFHp9iafDXX7 https://t.co/gPM76lNfKw,2046410124118597833,https://pbs.twimg.com/media/HGZPKC-boAAhLwF.jpg,,und,,0,0,0,https://x.com/undefined/status/2046410124118597833,1256619264204779521,
2046410123891896580,Tue Apr 21 02:06:08 +0000 2026,0,1st Press Ultra Rare Translucent Blue 45- Diamond Dogs -apbo0293 https://t.co/FNtxws2IR1 #ad https://t.co/aA0FgVXIto,2046410123891896580,https://pbs.twimg.com/media/HGZPKata4AAfFhw.jpg,,en,,0,0,0,https://x.com/undefined/status/2046410123891896580,938153562512781312,
2046410122226974925,Tue Apr 21 02:06:08 +0000 2026,0,【遊戯王　販売情報】 現在自販機コーナーにて2種のガチャが稼働中‼️ ・遊戯王ガチャ『LABO BLUE』全231個　1回500円(税込) ・遊戯王『レアガッチャ！！』 全175個　1回1 000円(税込) 各種電子決済でもご利用頂けますので、 ぜひチャレンジしてみてください٩( 'ω' ) https://t.co/Q7oYn0B7y5,2046410122226974925,https://pbs.twimg.com/media/HGZPJWtakAIKz8V.jpg,,ja,,0,0,0,https://x.com/undefined/status/2046410122226974925,1443811889197113352,
2046376997501452429,Tue Apr 21 02:06:07 +0000 2026,0,@sailornity Melting point y blue Paradise top,2046410120737739013,,sailornity,en,,0,0,0,https://x.com/undefined/status/2046410120737739013,1970100822274187264,
2046410110491304009,Tue Apr 21 02:06:05 +0000 2026,0,AVAILABLE FOR SALE / RESERVATION - UPICK BLUE JAMS 8 000 = $1 / 16K IDR / 60 PHP Can collect 21 600 per day wts sale wtb vote jual birthday march best dancer april february chemistry rookie group girl boy,2046410110491304009,,,en,,0,0,0,https://x.com/undefined/status/2046410110491304009,1878184370588319744,
2046265905215127826,Tue Apr 21 02:06:05 +0000 2026,0,@RetroMoviesDB Blue Thunder,2046410110306508827,,RetroMoviesDB,en,,0,0,0,https://x.com/undefined/status/2046410110306508827,3987999514,
2046389390637760961,Tue Apr 21 02:06:04 +0000 2026,0,@charlierybak A bunch of unruly liberal children running around while their blue haired parents have their faces in their phones not paying attention. Sounds like a great idea!,2046410108100304977,,charlierybak,en,,1,0,0,https://x.com/undefined/status/2046410108100304977,790586970493726720,
2046410099447705819,Tue Apr 21 02:06:02 +0000 2026,0,Naptha? ⎐كُود⎐⎐تويو⎐ ⊵X99⊴ ⎐عسل▬رشوف▬راشوف⎐ ⎐VZCF⊴ ⎐تطبيق⎐جىني⎐▬جىني⎐ ⎐AA31⊴ ⎐كؤِبُون⎐Royal Blue ^^ ⎐خـِصم⎐8RTRJ8WNJu2A https://t.co/QjPX1qtX6J,2046410099447705819,https://pbs.twimg.com/media/HGZPIuvbEAA-ixM.jpg,,und,,0,0,0,https://x.com/undefined/status/2046410099447705819,867534285271597056,
2046410082166988886,Tue Apr 21 02:05:58 +0000 2026,0,Zendaya s Blue Smokey Eye Makeup Tutorial https://t.co/FCzAYzOqd9,2046410082166988886,,,en,,0,0,0,https://x.com/undefined/status/2046410082166988886,1694323083069333504,
2046363128519147769,Tue Apr 21 02:05:55 +0000 2026,0,@bananapolisolis @lapinvelours i loved the blue one (i can't think of her name ),2046410069286232337,,bananapolisolis,en,,0,0,0,https://x.com/undefined/status/2046410069286232337,1671631651883851778,
2046408727385755986,Tue Apr 21 02:05:54 +0000 2026,1,@drain2lux i loveee blue is my favorite color ,2046410066375430361,,drain2lux,en,,0,1,0,https://x.com/undefined/status/2046410066375430361,1888378495581216768,
2046410064832156047,Tue Apr 21 02:05:54 +0000 2026,0,$300 shipped LeBron James Lights Out Blue /49 PSA 10 This is Pop 2 Pink Velo /79 has sold for $170 $202 $265 https://t.co/vyNReMdiGz,2046410064832156047,https://pbs.twimg.com/media/HGZPG5GbUAAcTJM.jpg,,en,,0,0,0,https://x.com/undefined/status/2046410064832156047,1366479448095088640,
2046401282655604801,Tue Apr 21 02:05:54 +0000 2026,0,@speaknowandred @kit_kate10 @alltooswift00 @ladygaga It iss omgg!!! Listen to like a virgin and true blue they are hit after hit!!,2046410062881603828,,speaknowandred,en,,0,0,0,https://x.com/undefined/status/2046410062881603828,2034815506574974979,
2046382530069151868,Tue Apr 21 02:05:53 +0000 2026,1,@RtrnSanity @MakeUSAVAT @Thorongil16 Virginia is a blue state.,2046410062244044955,,RtrnSanity,en,,0,0,0,https://x.com/undefined/status/2046410062244044955,809588962796957701,
2046410059798749351,Tue Apr 21 02:05:53 +0000 2026,0,Its weird because that's basically only an anime thing. As all DB games do they tend to work off anime rather than source material. Let's hope that's not the case for Blue today. In the manga he is more or less just not attracted to women. In the show they make him Big J.,2046410059798749351,,,en,,0,0,0,https://x.com/undefined/status/2046410059798749351,1937953022849830912,
2046324142379516006,Tue Apr 21 02:05:53 +0000 2026,0,@_OSUDUDE McCarthy is a good kid and was a fantastic college quarterback with a natty. Some fantastic college quarterbacks do not transition to the NFL well. See Tim Tebow. I wish him luck and appreciate what he did for the maize and blue. Classless comment by lowlife Jefferson though.,2046410059261853858,,_OSUDUDE,en,,0,0,0,https://x.com/undefined/status/2046410059261853858,1634316807849881600,
2046386465697894429,Tue Apr 21 02:05:51 +0000 2026,0,@blandCinema @neeratanden @notkornacki Having fun with all the shit the Blue MAGA morons created with that shit?,2046410051598819630,,blandCinema,en,,0,0,0,https://x.com/undefined/status/2046410051598819630,1568250694934712320,
2046319852462182609,Tue Apr 21 02:05:50 +0000 2026,0,@DragonBall43ver do blue pls ! hahah,2046410049082597813,,DragonBall43ver,en,,0,0,0,https://x.com/undefined/status/2046410049082597813,1319916585151156225,
2046362298047230335,Tue Apr 21 02:05:49 +0000 2026,1,@PhillyWilly21 Have to reinforce the mound in the fall and cover with more wood chips They said to sprinkle the bulb with forget me not seeds and after tulip starting to dry out we will have blue little flowers. We will see you saw them starting to come up.,2046410043017531485,,PhillyWilly21,en,,0,1,0,https://x.com/undefined/status/2046410043017531485,1586068512703148033,
2046410039204659246,Tue Apr 21 02:05:48 +0000 2026,0,Which would you choose? Tobacco brown stain on mahogany or Pelham blue? #Meteora #Stratocaster https://t.co/UBzOhO7MIK,2046410039204659246,https://pbs.twimg.com/media/HGZPFFibIAAW8qJ.jpg,,en,,0,0,0,https://x.com/undefined/status/2046410039204659246,1519059186063192064,
2046408708909932681,Tue Apr 21 02:05:48 +0000 2026,1,@_VGen_ Hiya! I m Whimsii Blue and I d like to try for a Vgen code :) consider liking my post please Portfolio: https://t.co/O4IAS8WP1U Vgen: https://t.co/WBxmyGFk7L https://t.co/Q6aavZZEuF,2046410037438943390,https://pbs.twimg.com/media/HGZPEP-aQAAAeGU.jpg,_VGen_,en,,0,0,0,https://x.com/undefined/status/2046410037438943390,1822789868109393920,
2046410036507730347,Tue Apr 21 02:05:47 +0000 2026,0,Sky blue skin,2046410036507730347,,,en,,0,0,0,https://x.com/undefined/status/2046410036507730347,3953235566,
2046410029491015868,Tue Apr 21 02:05:46 +0000 2026,0,Top countries by percentage of population with blue eyes (2026 estimates) 🇫🇮 Finland - 89% 🇪🇪 Estonia - 89% 🇸🇪 Sweden - 78% 🇳🇴 Norway - 75% 🇮🇸 Iceland - 74.5% 🇱🇻 Latvia - 70% 🇱🇹 Lithuania - 70% 🇩🇰 Denmark - 64.8% 🇳🇱 Netherlands - 60.9% 🇮🇪 Ireland - 57% 🇧🇾 Belarus - 53% 🇵🇱 https://t.co/W6Hk0vMgwc,2046410029491015868,https://pbs.twimg.com/media/HGZPEkKa0AAQqfz.jpg,,en,,0,0,0,https://x.com/undefined/status/2046410029491015868,3703551440,
2046372255266120152,Tue Apr 21 02:05:45 +0000 2026,0,@Connor38240 @MacroEdgeRes It means blue barrel. It s 55 gallons I think. The term started as a colloquialism that referred to the Standard Oil Company s blue-colored barrels. Or something like that.,2046410025045029348,,Connor38240,en,,0,0,0,https://x.com/undefined/status/2046410025045029348,3161125077,
2046080145157431636,Tue Apr 21 02:05:43 +0000 2026,0,@OnlyVibes2050 Thanks Still don't know what it is. Viewed from the Blue Ridge Parkway,2046410018463859082,,OnlyVibes2050,en,,0,0,0,https://x.com/undefined/status/2046410018463859082,1146812724,
2046362952752673021,Tue Apr 21 02:05:42 +0000 2026,0,@gunjunky So what's special about it? 11 gauge? 9 gauge? or just blue?,2046410015762940109,,gunjunky,en,,0,0,0,https://x.com/undefined/status/2046410015762940109,2008828912856670208,
2046383066109633009,Tue Apr 21 02:05:42 +0000 2026,0,@AggieButthead @EmptyNettersPod It s the worse alternate uniform I ve ever seen. Go back to the blue if anything. Just stick to black. Yellow is an accessory color only,2046410015678910631,,AggieButthead,en,,0,1,0,https://x.com/undefined/status/2046410015678910631,1454907233339383808,
2046410014370173073,Tue Apr 21 02:05:42 +0000 2026,0,VA may be blue forever.,2046410014370173073,,,en,,0,0,0,https://x.com/undefined/status/2046410014370173073,1585992216807366656,
2046410011635507391,Tue Apr 21 02:05:41 +0000 2026,6,𓂃⟡ ݁ ꒰Lets get comfy &amp; slutty together ꒱ ⸝⸝ .ᐟ . LIVE on The funny blue-site https://t.co/estkgWRUYS,2046410011635507391,https://pbs.twimg.com/media/HGZPDBubsAAqw_p.jpg,,en,,0,1,1,https://x.com/undefined/status/2046410011635507391,1732099091079802880,
2046409983802388918,Tue Apr 21 02:05:37 +0000 2026,1,Nearly every undecided and new Becerra voter said experience but that wasn t just his time in public service. Many cited the fact that he was once a construction worker and had represented blue collar working class communities. They could relate to him. 3/5,2046409994946691220,,madrid_mike,en,,0,1,0,https://x.com/undefined/status/2046409994946691220,450341380,
2046339716371325074,Tue Apr 21 02:05:34 +0000 2026,0,@MarTay314 Thinking blue jeans.,2046409979666571592,,MarTay314,en,,0,0,0,https://x.com/undefined/status/2046409979666571592,505888816,
2045813827942461711,Tue Apr 21 02:05:34 +0000 2026,0,@EdaG889915 @bethmartens I think quality enameled cast iron solves most of this but the blue colored glazes usually have cadmium.,2046409978844418380,,EdaG889915,en,,0,0,0,https://x.com/undefined/status/2046409978844418380,1469453922389610496,
2046343812998746526,Tue Apr 21 02:05:33 +0000 2026,0,@CoachSaleh1 I think the eels have been shit so he's not shone. But I've still seen enough to pick him. Love him in Blue. And that pace is really such an asset,2046409977951391933,,CoachSaleh1,en,,0,0,0,https://x.com/undefined/status/2046409977951391933,94479229,
2046200692638097895,Tue Apr 21 02:05:33 +0000 2026,0,@Oliviaxrtx Blue,2046409977213157572,,Oliviaxrtx,en,,0,0,0,https://x.com/undefined/status/2046409977213157572,899850124284776449,
2046409969378197715,Tue Apr 21 02:05:31 +0000 2026,0,BLUE #ヒトカラ #初心者 https://t.co/TyOiSPMba9,2046409969378197715,,,en,,0,0,0,https://x.com/undefined/status/2046409969378197715,1868914454760767492,
2046409957529227712,Tue Apr 21 02:05:28 +0000 2026,0,I get why Blue Archive fans get that reputation because they deserve it highkey.,2046409957529227712,,,en,,0,0,0,https://x.com/undefined/status/2046409957529227712,903705255505825792,
2045808533048811620,Tue Apr 21 02:05:28 +0000 2026,0,@mer51222 Amen to that wishing you a day filled with the peace and serenity of the deep blue.,2046409954819736057,,mer51222,en,,0,0,0,https://x.com/undefined/status/2046409954819736057,1853999092084449299,
2046328314390831471,Tue Apr 21 02:05:25 +0000 2026,0,@EricLDaugh That blue hair dude is pissed,2046409944476332276,,EricLDaugh,en,,0,0,0,https://x.com/undefined/status/2046409944476332276,1550516662989905921,
2046409939027898777,Tue Apr 21 02:05:24 +0000 2026,0,#ticketsforsale Toronto Blue Jays | July 1 at 3:07 PM Rogers Centre Toronto $102.3/ticket | 3 available DM! #WTS #Toronto Blue Jays #Toronto,2046409939027898777,,,en,,0,1,0,https://x.com/undefined/status/2046409939027898777,2015270326800658432,
2046378282757898474,Tue Apr 21 02:05:23 +0000 2026,0,@StarryannaFox Omg thats a mooooood I want it done in blue thoughhhhhhhh my hair is getting pretty long itd look so good,2046409934393483467,,StarryannaFox,en,,0,0,0,https://x.com/undefined/status/2046409934393483467,1866917083990446080,
2038618003110023226,Tue Apr 21 02:05:22 +0000 2026,0,@TheExpanseRPG Hi Blue,2046409931264340381,,TheExpanseRPG,en,,0,0,0,https://x.com/undefined/status/2046409931264340381,358179214,
2046005855028400550,Tue Apr 21 02:05:21 +0000 2026,0,@hats_for_bats Sorry: you gotta vote blue no matter who. Those are the rules exactly as they were explained to me.,2046409926096846941,,hats_for_bats,en,,0,0,0,https://x.com/undefined/status/2046409926096846941,104492311,
2046359285991448746,Tue Apr 21 02:05:20 +0000 2026,0,@Noirchick1 Marilyn/Blue Is My Favorite Color,2046409922959524263,,Noirchick1,en,,0,0,0,https://x.com/undefined/status/2046409922959524263,1404668795097169922,
2046409913455542305,Tue Apr 21 02:05:18 +0000 2026,2,The Blue Jays and Angels have combined for three successful ABS challenges already and it's only the top of the second inning.,2046409913455542305,,,en,,1,0,0,https://x.com/undefined/status/2046409913455542305,1562296280335859714,
2046409907520376920,Tue Apr 21 02:05:17 +0000 2026,0,``` ABS Challenge Blue Jays 0 Angels 1 Top 2 Count: 0-0 Reid Detmers vs Daulton Varsho Called: Ball ABS: Strike Result: Overturned → Count: 0-1 #BlueJays #Angels #MLB ```,2046409907520376920,,,en,,0,0,0,https://x.com/undefined/status/2046409907520376920,1934729316128182274,
2046409900801073215,Tue Apr 21 02:05:15 +0000 2026,0,was? ⎐كُود⎐⎐نمشي⎐ ⊵MFM2⊴ ⎐مفارش▬الحبيب⎐ ⊵FF35⊴ ⎐فاشون▬اس▬اي⎐ ⊵QS⊴ ⎐كؤِبُون⎐Neon Blue ^^^^ ⎐خـِصم⎐oLHxnVty8YxxY https://t.co/6RwnYbuTe8,2046409900801073215,https://pbs.twimg.com/media/HGZO9LHasAAaNJu.jpg,,und,,0,0,0,https://x.com/undefined/status/2046409900801073215,1977395318342758400,
2046409899668820039,Tue Apr 21 02:05:15 +0000 2026,0,I'm wearing a blue kebaya right now I feel like an Indonesian Eliza Schuyler,2046409899668820039,,,en,,0,0,0,https://x.com/undefined/status/2046409899668820039,1442787630836375552,
2046388483304960188,Tue Apr 21 02:05:14 +0000 2026,0,@SportsingJim I would sit Girard over Clifton and wtf was wrong with Karlsson all game? Stupid passes all night. If Dan isn't blue in the face from screaming at them after this one then something is wrong. Absolute nonsense from top to bottom. Stu was great.,2046409897013567775,,SportsingJim,en,,0,0,0,https://x.com/undefined/status/2046409897013567775,1585280878015660035,
2046409895428395432,Tue Apr 21 02:05:14 +0000 2026,0,Blue Jays paid Vladdy the Fatty to be a fat fuck singles hitter. Last year was a one year wonder for them that team ain't doing anything ever again.,2046409895428395432,,,en,,0,0,0,https://x.com/undefined/status/2046409895428395432,1684114957867315201,
2045934481765216633,Tue Apr 21 02:05:14 +0000 2026,0,@headintheoffice Ohhhhh this is a deep cut to one of my best campaigns. Not my fault Dukakis never went to the Raytheon Christmas parties...he'd know how to ride a tank like a true blue moderate!,2046409895285584102,,headintheoffice,en,,0,0,0,https://x.com/undefined/status/2046409895285584102,2043409560665214977,
2046264575658443254,Tue Apr 21 02:05:12 +0000 2026,0,@MilanTMN Che se que odias a blue co pero y si vamos a buscar a cierto extremo del estrasburgo que se apellida igual que este chad: https://t.co/LpckWu3i69,2046409889350582664,https://pbs.twimg.com/tweet_video_thumb/HGZO8TRagAAfKZz.jpg,MilanTMN,es,,0,0,0,https://x.com/undefined/status/2046409889350582664,1941543984456683520,
2046390014670446860,Tue Apr 21 02:05:09 +0000 2026,1,@PopBase As much as I want Virginia to vote Yes on this as I am a New York democrat myself Involuntary Gerrymandering is a political issue that needs to have a full revamp across the country regardless of how blue or red a state is.,2046409873844277432,,PopBase,en,,0,0,0,https://x.com/undefined/status/2046409873844277432,1435707476981305345,
2046237042288312749,Tue Apr 21 02:05:05 +0000 2026,0,@Patrickwebb May be? HAHAHHAHAHAHAHAHA. I also heard that the sky may be blue and that 2 + 2 may equal 4. I will need to investigate further for confirmation,2046409858707083341,,Patrickwebb,en,,0,0,0,https://x.com/undefined/status/2046409858707083341,1985332270769766400,
2045911134214193528,Tue Apr 21 02:05:03 +0000 2026,0,@earthcurated This is Europe look closely and you will notice the blue EU country license plate designation. China uses Blue and Green plates. And the red car in the second row shows a Citroën logo and is not sold in China. They are trying to improve but greenwashing is not helpful...,2046409851333488955,,earthcurated,en,,0,0,0,https://x.com/undefined/status/2046409851333488955,389103317,
2046409849299447822,Tue Apr 21 02:05:03 +0000 2026,1,BLUE #ヒトカラ #初心者 https://t.co/VYkuEOm9JM,2046409849299447822,,,en,,0,0,0,https://x.com/undefined/status/2046409849299447822,1359154172625625090,
2046409846166003993,Tue Apr 21 02:05:02 +0000 2026,0,Selling 3 tickets for Toronto Blue Jays July 1 at 3:07 PM at Rogers Centre Toronto $102.3 each Can transfer right away DM me,2046409846166003993,,,en,,0,1,0,https://x.com/undefined/status/2046409846166003993,2015280676656893952,
2046409840835387420,Tue Apr 21 02:05:01 +0000 2026,0,ISO: Toronto Blue Jays July 1 at 3:07 PM Rogers Centre Toronto Looking for 3 together. Willing to pay fair market price. DM!,2046409840835387420,,,en,,0,1,0,https://x.com/undefined/status/2046409840835387420,2015246484434743296,
2046409835579867228,Tue Apr 21 02:04:59 +0000 2026,0,Methylene blue restores NAD /NADH homeostasis to attenuate Achilles te... https://t.co/QtvA6aVuxQ What speculated effects of #methyleneblue on #seronegative spend arthritis?,2046409835579867228,,,en,,0,0,0,https://x.com/undefined/status/2046409835579867228,298177281,
2046313690874445831,Tue Apr 21 02:04:58 +0000 2026,0,@Eddie_Stainer Congratulations blue eyes. 20 years clean here. Keep on keepin on.,2046409829934321838,,Eddie_Stainer,en,,0,0,0,https://x.com/undefined/status/2046409829934321838,1828097049033838592,
2046409829347127355,Tue Apr 21 02:04:58 +0000 2026,0,Dance time. go blue https://t.co/eMYDJ1ZeU6,2046409829347127355,https://pbs.twimg.com/amplify_video_thumb/2046409750632652800/img/njVcqCGbChZctJnr.jpg,,en,,0,0,0,https://x.com/undefined/status/2046409829347127355,2758519840,
2046071114351157731,Tue Apr 21 02:04:57 +0000 2026,0,@AloeWhale @LibertyCappy But your economy depends on us - actual blue city comment to me.,2046409827086475272,,AloeWhale,en,,0,0,0,https://x.com/undefined/status/2046409827086475272,1586207021388288005,
2046406824845517020,Tue Apr 21 02:04:56 +0000 2026,0,@aboutasteph Can I interest you in another Vic team that plays in navy blue and white (hoops)?,2046409820941832622,,aboutasteph,en,,0,1,0,https://x.com/undefined/status/2046409820941832622,199117590,
2046409819402158579,Tue Apr 21 02:04:56 +0000 2026,0,The bruises are simultaneously turning black &amp; blue ,2046409819402158579,,,en,,0,0,0,https://x.com/undefined/status/2046409819402158579,840267189622038529,
2046409816461959637,Tue Apr 21 02:04:55 +0000 2026,0,i m blue da-ba-dee-da-ba-di da-ba-dee-da-ba-di da-ba-dee-da-ba-di da-ba-dee-da-ba-di da-ba-dee-da-ba-di,2046409816461959637,,,it,,0,0,0,https://x.com/undefined/status/2046409816461959637,2025071727147925504,
2046409816088965345,Tue Apr 21 02:04:55 +0000 2026,0,Send? ⎐كُود⎐⎐نون⎐ ⊵QT54⊴ ▬أوسما▬ ⎐N66⊴ ⎐عطور▬رسيس⎐ ⊵AA51⊴ ⎐كؤِبُون⎐Cool Blue ^^ ⎐خـِصم⎐XUBWlOwwrudL https://t.co/pPOvG5JXMo,2046409816088965345,https://pbs.twimg.com/media/HGZO4GFaAAAgmUR.jpg,,und,,0,0,0,https://x.com/undefined/status/2046409816088965345,1852977434150219776,
2046396845107052834,Tue Apr 21 02:04:55 +0000 2026,0,@geis_shane @Wilson__Valdez Blue wave coming . Can't be stopped .,2046409815543455834,,geis_shane,en,,0,0,0,https://x.com/undefined/status/2046409815543455834,4423254383,
2046409805779067085,Tue Apr 21 02:04:52 +0000 2026,0,Why is there so much engagement bait on this platform bruh Like fr why is it always the ppl with the dumbass blue checks next to their name Do they get paid for posting on this shitty site???,2046409805779067085,,,en,,0,0,0,https://x.com/undefined/status/2046409805779067085,1943138457582198784,
2046217093516054932,Tue Apr 21 02:04:52 +0000 2026,0,@snowikook blame the progressive americans they have ruined the color blue lol also please dont doxx me kpop fans are batshit crazyy imma calmly back off ,2046409803229274277,,snowikook,en,,0,0,0,https://x.com/undefined/status/2046409803229274277,1520208573233778688,
2046348013413519822,Tue Apr 21 02:04:47 +0000 2026,0,@bumgeut everything after blue hour up until deja vu was terrible sugar rush ride grew on me tho,2046409783658365058,,bumgeut,en,,0,0,0,https://x.com/undefined/status/2046409783658365058,1703884574218932224,
2046409780705824941,Tue Apr 21 02:04:46 +0000 2026,0,You can axk unrtil you re blue in the face. The cockroach won t budge.,2046409780705824941,,,en,,0,0,0,https://x.com/undefined/status/2046409780705824941,1608251126314598400,
2046388659805401346,Tue Apr 21 02:04:46 +0000 2026,0,@raccoonrocket_ I share it once in a blue moon but it's a PITA to write it and there's nothing I can do about it other than be salty all these years later. I met him late 1987 with a friend (she was younger). We met a few times through 1988 when I turned 16...,2046409780265451929,,raccoonrocket_,en,,0,1,0,https://x.com/undefined/status/2046409780265451929,3184463394,
2046383959592915360,Tue Apr 21 02:04:44 +0000 2026,1,@WeWillBeFree24 You're probably right. Saw somewhere Ohio has been voting for The GOP for 25 years. I cannot say things have gotten better in the last 25 years so maybe it is time. As much as I hate it maybe let a Democrat try. Won't vote for Ali Baba or his supporters. Never voted blue before.,2046409771205435545,,WeWillBeFree24,en,,0,0,0,https://x.com/undefined/status/2046409771205435545,1916208073087324163,
2046341848034128048,Tue Apr 21 02:04:43 +0000 2026,1,@bolt_stampede I think they re gonna change up the lines just a little. Noticed Perry in a top six blue practice jersey on the IG post today,2046409765920628815,,bolt_stampede,en,,0,1,0,https://x.com/undefined/status/2046409765920628815,273247191,
2046409763299131540,Tue Apr 21 02:04:42 +0000 2026,0,Tonight has been firing on all cylinders I hope to god the blue brand has something equally as exciting!!!! #WWERaw,2046409763299131540,,,en,,0,0,0,https://x.com/undefined/status/2046409763299131540,499880066,
2046298368658526641,Tue Apr 21 02:04:42 +0000 2026,0,@surya_14kumar once in a Blue moon just like you ,2046409762192097368,,surya_14kumar,en,,0,0,0,https://x.com/undefined/status/2046409762192097368,944996646802223104,
2046409759352590630,Tue Apr 21 02:04:41 +0000 2026,0,THE BLUE HEARTS THE ↑HIGH-LOWS↓ ザ・クロマニヨンズ UNICORN THE BOOM 爆風スランプ thee michelle gun elephant （小文字時代） the pillows Mr.Children サザンオールスターズ #好きな日本のロックバンド10組挙げるとその人の世界が分かる,2046409759352590630,,,ja,,0,0,0,https://x.com/undefined/status/2046409759352590630,2006899641565196291,
2046399995666911564,Tue Apr 21 02:04:40 +0000 2026,0,@456x132 I like blue gummy sharks those things are addictive,2046409755803910501,,456x132,en,,0,0,0,https://x.com/undefined/status/2046409755803910501,1854618835774509065,
2046409748309021138,Tue Apr 21 02:04:39 +0000 2026,0,PR＼4月21日発売／ 🆕『Vジャンプ 2026年6月号』 ️電子書籍版 ご注文は こちらURLをタップ‍️ 楽天ブックスhttps://t.co/ZhHyFii9I8 Amazonhttps://t.co/XwtIOyhz1b 『BORUTO -ボルト- -TWO BLUE VORTEX-』 『メタファー：リファンタジオ』 『遊戯王OCGストラクチャーズ』 https://t.co/dUxTFT24eK,2046409748309021138,https://pbs.twimg.com/media/HGZOpPVacAAyiG9.jpg,,ja,,0,0,0,https://x.com/undefined/status/2046409748309021138,1569119784654225408,
2045933051092340793,Tue Apr 21 02:04:37 +0000 2026,0,@JPhilly419 @BigHomieJu @CSOonX @KirkHerbstreit Doubtful. You re a fake fan. I bet you called the TTUN game not important anymore. Fuck yourself and your fake ass Buckeye fandom. The blue and yellow shit better suits you. Maybe Kirk will hook you up for being on your knees for him!,2046409740545089618,,JPhilly419,en,,0,1,0,https://x.com/undefined/status/2046409740545089618,52794222,
2046409726179586497,Tue Apr 21 02:04:33 +0000 2026,0,Each shit you miserable losers. She turned down your damn money and living her life while you idiots keep talking about them for online engagement because you have a blue check mark ,2046409726179586497,,,en,,0,0,0,https://x.com/undefined/status/2046409726179586497,1433659011350544386,
2046409725290348770,Tue Apr 21 02:04:33 +0000 2026,0,blue raspberry blue raspberry is my favorite flavor it makes everything taste better,2046409725290348770,,,en,,0,0,0,https://x.com/undefined/status/2046409725290348770,1763965160782282752,
2046409722455326893,Tue Apr 21 02:04:32 +0000 2026,1,Cek Mykonos California Signature California Blue California Club Monaco Royale Dreamscape Glitch Sorrento Royal Ispahan Utopia Extrait De Parfum 50 ML 100ML dengan harga Rp130.000. Dapatkan di Shopee sekarang! #myokonos #california https://t.co/5we2vJ62yO https://t.co/QZ7uWNX6H3,2046409722455326893,https://pbs.twimg.com/media/HGZOzDqacAA5ITK.jpg,,in,,0,0,0,https://x.com/undefined/status/2046409722455326893,1814790182253830145,
2046393452410364070,Tue Apr 21 02:04:31 +0000 2026,0,*Johnnie Walker Blue Label x Byeon Wooseok ,2046409714775597556,,HeLAWvesme,en,,0,0,0,https://x.com/undefined/status/2046409714775597556,1712717641562173440,
2046400515907416306,Tue Apr 21 02:04:30 +0000 2026,0,@BobHugginsDrunk @MattGajtka Ok their prospects don t suck - forward prospects are quite good and 1000% better than 2yrs ago Goalie prospects are excellent Blue line prospects are less plentiful and close to NHL ready so this area needs improvement esp given it s the current weak spot on NHL team,2046409710593581552,,BobHugginsDrunk,en,,0,0,0,https://x.com/undefined/status/2046409710593581552,1489033357,
2046409709050347784,Tue Apr 21 02:04:29 +0000 2026,1,[040326] BAILEY is wearing head to toe LOUIS VUITTON for the launch of Visionary Journey Seoul. She wears a dark blue fluted denim jacket paired with matching leather accent jeans finished with Silhouette Chelsea ankle boots in Monogram canvas. The look is styled with a https://t.co/WdQiCd3pbP,2046409709050347784,https://pbs.twimg.com/media/HGZMXudakAALLpj.jpg,,en,,0,0,0,https://x.com/undefined/status/2046409709050347784,1977610815361683457,
2046396345724842224,Tue Apr 21 02:04:27 +0000 2026,0,@BetTheDojo Nope bro i got the angels . The blue jays are cold atm,2046409700963647851,,BetTheDojo,en,,0,0,0,https://x.com/undefined/status/2046409700963647851,2045318632520187905,
2046409696140279989,Tue Apr 21 02:04:26 +0000 2026,0,AND you have the pedophile let out another pedophile with no noise from Congress or Senate or supporters. When this monster strike strikes again and he will he knows he he ll get away with it and it will MAGA SUPPORTERS! Vote BLUE AMERICA! https://t.co/1ibRtq5dlA,2046409696140279989,https://pbs.twimg.com/media/HGZOxXxbgAAxq26.jpg,,en,,0,0,0,https://x.com/undefined/status/2046409696140279989,2000657063655919616,
2046370974568735182,Tue Apr 21 02:04:25 +0000 2026,0,@dicerollcrypto @RangerApologist Naw. It's clearly Padres fans at this point. Even blue jays fans r giving sfg a run on dodgers hatred. 4 titles in a 12 year span that's within the last 25 years gives sfg fans something to lean on. Other 2 I mentioned are leaning on air and dodger hatred,2046409691115507736,,dicerollcrypto,en,,0,0,0,https://x.com/undefined/status/2046409691115507736,1475471814,
2046397917032837140,Tue Apr 21 02:04:24 +0000 2026,0,@MattSakR2NG Boys and girls .. Big Blue Nation is done for .. no big names or players everyone left ky . Now no one wants to play at ky . I remember everyone wanted to come to Kentucky . Not anymore .. and sad thing is Indiana is going to crush us this year . That's awful to say to,2046409688498024508,,MattSakR2NG,en,,0,0,0,https://x.com/undefined/status/2046409688498024508,1641787128282587137,
2045689381294408050,Tue Apr 21 02:04:20 +0000 2026,0,@RealLifeCatMan I taste like blue hubba bubba bubblegum ️ https://t.co/d8gWUYF0E9,2046409670458216652,https://pbs.twimg.com/tweet_video_thumb/HGZOvvBa8AAY1JX.jpg,RealLifeCatMan,en,,0,0,0,https://x.com/undefined/status/2046409670458216652,1398642027512934404,
2046409670173065608,Tue Apr 21 02:04:20 +0000 2026,0,The blue hair. It just works on him. So .,2046409670173065608,,,en,,0,0,0,https://x.com/undefined/status/2046409670173065608,1911496035421057024,
2045911603904987442,Tue Apr 21 02:04:19 +0000 2026,0,@J6ssicaWatkins @Notwokenow @DavidJo70430257 And now they've got the same plans for ICE agents who've been sent into blue cities,2046409664087121972,,J6ssicaWatkins,en,,0,0,0,https://x.com/undefined/status/2046409664087121972,1753061423289114626,
2046409662304850406,Tue Apr 21 02:04:18 +0000 2026,0,BLUE REFLECTIONとかは そういう意味で 懐かしさで好きを見いだせた気はします,2046409662304850406,,,ja,,0,0,0,https://x.com/undefined/status/2046409662304850406,1449641045575143429,
2046355015044858186,Tue Apr 21 02:04:18 +0000 2026,0,@SenateGOP Thune has every tool he needs at his disposal to make this happen. Thune refuses to do what needs to be done. Same with the Blue Slip which is keeping President Trump s judicial nominations from moving forward. THUNE IS KILLING TIME hoping to wait out until Republicans lose and,2046409660089983296,,SenateGOP,en,,0,0,0,https://x.com/undefined/status/2046409660089983296,966185818154029057,
2046376541307674781,Tue Apr 21 02:04:17 +0000 2026,0,@filmm_jpg omg blue im so like i don t even know so much happened at band practice tn twin,2046409657179078867,,filmm_jpg,en,,0,0,0,https://x.com/undefined/status/2046409657179078867,1434624805500858368,
2046396845107052834,Tue Apr 21 02:04:15 +0000 2026,0,@Wilson__Valdez Does not matter. Blue wave coming .,2046409647762907391,,Wilson__Valdez,en,,0,0,0,https://x.com/undefined/status/2046409647762907391,4423254383,
2046409643254255673,Tue Apr 21 02:04:14 +0000 2026,1,UPDATE: still need Toronto Blue Jays tickets ISO 3 | July 1 at 3:07 PM Rogers Centre Toronto DM me ASAP #ISO #Toronto Blue Jays,2046409643254255673,,,en,,0,2,0,https://x.com/undefined/status/2046409643254255673,2034331667255656448,
2046409634987344118,Tue Apr 21 02:04:12 +0000 2026,0,本学キャンパスで撮影いただいた、パブリックデザインブランド「NEURAUM（ノイラウム）」さまの製品 前回の撮影に使用した本学のロゴ入り（刻印）High back Benchをお贈りいただきました。 くすみを帯びたAirly Blueは、四季の景色に溶け込みながら、優しい雰囲気で佇む姿が素敵です。 https://t.co/PXbnhjf43E,2046409634987344118,https://pbs.twimg.com/media/HGZLvZpbMAANRsz.jpg,,ja,,0,0,0,https://x.com/undefined/status/2046409634987344118,950993857050640385,
2046328964575056054,Tue Apr 21 02:04:10 +0000 2026,0,@Br0mslee @surreyps You're an Albertan separatist and pay for a blue check you definitely are a retarded white cuck but whatever helps you sleep at night ,2046409627105915343,,Br0mslee,en,,0,0,0,https://x.com/undefined/status/2046409627105915343,1023964026366095360,
2046409624807489804,Tue Apr 21 02:04:09 +0000 2026,0, MLB: Toronto Blue Jays vs. Los Angeles Angels ⏰ Time: 9:38 PM ET Line: Toronto -111 | Total: 9.5 The ATS Angle Toronto Blue Jays -1.5 (+145): The Blue Jays (8-13) are looking to salvage a difficult start to their 2026 campaign after a 2025 World Series appearance. To,2046409624807489804,,,en,,0,0,0,https://x.com/undefined/status/2046409624807489804,1192775015965614087,
2046409619904356381,Tue Apr 21 02:04:08 +0000 2026,0,A Megastudy Education anunciou que doou os lucros gerados pelo comercial e pela música ALL FOR YOU do ILLIT à Blue Tree Foundation (BTF) em apoio à prevenção da violência escolar. https://t.co/UHtSPisEd1,2046409619904356381,https://pbs.twimg.com/amplify_video_thumb/1985177515606908928/img/jEnflJvVnH0XPuco.jpg,,pt,,0,1,0,https://x.com/undefined/status/2046409619904356381,1846899114484666368,
2046409604083654863,Tue Apr 21 02:04:04 +0000 2026,0,【新入荷景品情報】 ポケットモンスター　もふぐっと　カラーセレクションぬいぐるみ　ｂｌｕｅーカイオーガ・ポッチャマー 只今当店に入荷致しました！ 沢山のお客様のご利用お待ち致しております！ #ポケモン #イオンスタイル山王 #ソユー #秋田市山王 #秋田 https://t.co/337sans9rK,2046409604083654863,https://pbs.twimg.com/media/HGZOrkbaAAAlfTk.jpg,,ja,,0,0,0,https://x.com/undefined/status/2046409604083654863,1897160035937214465,
2046343399109022124,Tue Apr 21 02:04:01 +0000 2026,0,@oelma__ Blue hair is a no go zone,2046409592079323395,,oelma__,en,,0,0,0,https://x.com/undefined/status/2046409592079323395,1860054698864132096,
2046316571166187535,Tue Apr 21 02:03:59 +0000 2026,0,@Rothmus Then they fck things up by voting for blue retards.,2046409583187370208,,Rothmus,en,,0,0,0,https://x.com/undefined/status/2046409583187370208,17746656,
2046409576225071334,Tue Apr 21 02:03:58 +0000 2026,0,Act Blue got rid of their entire Legal &amp; Compliance department because Act Blue knew they were breaking the law to get Democrats elected by any means. ,2046409576225071334,,,en,,0,0,0,https://x.com/undefined/status/2046409576225071334,1557101967838654465,
2046281289557475538,Tue Apr 21 02:03:58 +0000 2026,0,@SternDrewCrypto Well you guys have 203 data centers so you likely never see blue sky anymore. https://t.co/M5JwPODC0k,2046409576090681714,https://pbs.twimg.com/media/HGZOqKLbgAAESw0.png,SternDrewCrypto,en,,0,0,0,https://x.com/undefined/status/2046409576090681714,1694900052760682496,
2046409568700465272,Tue Apr 21 02:03:56 +0000 2026,0, ABS CHALLENGE SUCCESSFUL Logan O'Hoppe (Catcher) challenges. Matchup: Reid Detmers vs Daulton Varsho Ump called: Ball The ABS system says the ump got it wrong. Toronto Blue Jays @ Los Angeles Angels #LightsUpLetsGo #RepTheHalo #MLB https://t.co/FkyeMNn7Ne,2046409568700465272,https://pbs.twimg.com/media/HGZOqLLbUAAMbDE.jpg,,en,,0,0,0,https://x.com/undefined/status/2046409568700465272,2033401761260773376,
2046382631768482165,Tue Apr 21 02:03:55 +0000 2026,0,@I__HATE_SOCCER Lower framerate and also he's super boring to watch compared to the flashier style of Gogeta 4 or Blue,2046409567488143677,,I__HATE_SOCCER,en,,0,0,0,https://x.com/undefined/status/2046409567488143677,3014048685,
2046409566846615654,Tue Apr 21 02:03:55 +0000 2026,0,FAA to investigate a failed satellite deployment following a Blue Origin New Glenn launch from Florida s Space Coast. Blue Origin is owned by Jeff Bezos. https://t.co/mtZK0Mj3OB,2046409566846615654,https://pbs.twimg.com/media/HGZOd31bkAA-3U6.png,,en,,0,0,0,https://x.com/undefined/status/2046409566846615654,4909522369,
2046382275965641178,Tue Apr 21 02:03:53 +0000 2026,0,@aotvcrf BE PELO AMOR nao fala isso senao nem durmo blue lips é a que to esperando com minha alma qualquer pista e informação sobre ela pode me dar pânico,2046409558713679998,,aotvcrf,pt,,0,0,0,https://x.com/undefined/status/2046409558713679998,2029334886574899201,
2046409557598200212,Tue Apr 21 02:03:53 +0000 2026,0,Zealous? ⎐كُود⎐⎐تو ىو⎐ ⊵FF7⊴ ▬المطار▬ ⊵M1⊴ ⎐ستايلي⎐Styli⎐ستايلي⊴⊴ ⎐WM⊴ ⎐كؤِبُون⎐Stone Blue ^^ ⎐خـِصم⎐piYB3LJzxaKA https://t.co/r8NvlzlKjn,2046409557598200212,https://pbs.twimg.com/media/HGZOo_dagAACEmu.jpg,,und,,0,0,0,https://x.com/undefined/status/2046409557598200212,392258843,
2046056606195204408,Tue Apr 21 02:03:53 +0000 2026,1,@VanderlansJim @baseball_80s TASTIC PIX MLB HALL OF FAMER MLB ALL ⏰ STOLEN BASE 2 MLB SERIES OAKLAND A'S TORONTO BLUE JAYS Rickey Henderson OAKLAND TECH HIGH Oakland Tech BULL ,2046409556239282392,,VanderlansJim,en,,0,0,0,https://x.com/undefined/status/2046409556239282392,1488005604798963716,
2046409550094553093,Tue Apr 21 02:03:51 +0000 2026,1, Built for Everyday Style JiePin Leather Stainless Steel Pin Buckle Top Grain Leather Belt 50×46 mm / 34 mm Raw Steel / Blue &amp; Black james@jiepinleather.com https://t.co/DUmKGITr6d #jiepinleather #leatherbelt #pinbuckle #mensstyle #oemfactory #wholesale https://t.co/Y636JWdD9a,2046409550094553093,https://pbs.twimg.com/media/HGZNKGUbIAAmFzB.jpg,,en,,0,0,0,https://x.com/undefined/status/2046409550094553093,1859804446060052483,
2046409545283485711,Tue Apr 21 02:03:50 +0000 2026,0,Foguete New Glenn completa voo de reutilização inédito e consolida avanço da Blue Origin https://t.co/m1dNWOg17b,2046409545283485711,,,pt,,0,0,0,https://x.com/undefined/status/2046409545283485711,122042593,
2046393461339804146,Tue Apr 21 02:03:50 +0000 2026,0,@0hour1 Welfare people and illegal aliens will go to the Blue States.,2046409543215993178,,0hour1,en,,0,0,0,https://x.com/undefined/status/2046409543215993178,1709391188120502272,
2046290421576593695,Tue Apr 21 02:03:48 +0000 2026,0,@TPNdustries @PoorPrepper2112 Why should I move when I can be a voice of change in a state that I love? Because it doesn't fit your hillbilly Christian nationalist policies? I'm good. I think I'd rather stay here and advocate for others to turn TN blue if it passes y'all off so much ,2046409535401632011,,TPNdustries,en,,0,0,0,https://x.com/undefined/status/2046409535401632011,1989485780767838209,
2046251688793874660,Tue Apr 21 02:03:47 +0000 2026,0,@Goyalsanjay14 @atullondhe Tumne ab tk kya kamaya hai chalo aao debate kr lete hai . 45₹ ka Blue tick kharid ke bethe ho...,2046409531308327351,,Goyalsanjay14,hi,,0,0,0,https://x.com/undefined/status/2046409531308327351,569400591,
2046409527260741792,Tue Apr 21 02:03:46 +0000 2026,0,- Friday: True Blue - Saturday: Teather - Sunday: Margaret Qualley as Lace Manhattan,2046409527260741792,,,en,,0,0,0,https://x.com/undefined/status/2046409527260741792,1522453076090621952,
2046370419976933424,Tue Apr 21 02:03:45 +0000 2026,0,@NerdolaVader So glad to see more people come to this realization. The writing is not good for the new daredevil but people are falling for blue light when bullseye appears ,2046409523284353100,,NerdolaVader,en,,0,0,0,https://x.com/undefined/status/2046409523284353100,2025582807708282880,
2046409519693976000,Tue Apr 21 02:03:44 +0000 2026,0,Has anyone thought about this before... Are there any loona fans in the blue lock fandom... https://t.co/p9nZixEd00,2046409519693976000,https://pbs.twimg.com/media/HGZOnRCaMAArd7T.jpg,,en,,0,0,0,https://x.com/undefined/status/2046409519693976000,1736594596044398592,
2046387459861447143,Tue Apr 21 02:03:43 +0000 2026,0,@goarrrfieeld Makasihh team anker blue line ,2046409516691169588,,goarrrfieeld,in,,0,0,0,https://x.com/undefined/status/2046409516691169588,1771490771251949568,
2046223959725936803,Tue Apr 21 02:03:43 +0000 2026,0,@RDKennith i don't think sans would even let him use his domain tho he would just use blue soul and spam bones blasters aren't needed,2046409514904105356,,RDKennith,en,,0,0,0,https://x.com/undefined/status/2046409514904105356,1812956919016935424,
2046409509929709672,Tue Apr 21 02:03:42 +0000 2026,0,Check out James Harden 2017-18 Panini Spectra - Neon Blue Prizm /99 https://t.co/tA9onJSfYw @eBay #jamesharden #harden #nba #basketball #cavaliers #nbatwitter #fearTheBeard #Thehobby #whodoyoucollect #Ebay #basketballcards #Panini https://t.co/NC1BovB5cI,2046409509929709672,https://pbs.twimg.com/media/HGZOmH9aoAA5P_T.jpg,,en,,0,0,0,https://x.com/undefined/status/2046409509929709672,3267267721,
2046409506012176684,Tue Apr 21 02:03:41 +0000 2026,0,I really love my iconic blue Cybertruck with the yellow accents. Every day I drive it it feels brand new like I just took delivery. The Cybertruck is a people pleaser and a conversation starter. It doesn't just make me smile it makes everybody around me smile too. I recently https://t.co/BrPxlOXFbY,2046409506012176684,https://pbs.twimg.com/media/HGZOmXnbYAAH8U1.jpg,,en,,0,0,0,https://x.com/undefined/status/2046409506012176684,246060038,
2046396845107052834,Tue Apr 21 02:03:41 +0000 2026,0,@geis_shane @ThatRedCatholic @Wilson__Valdez You lost time to Vote Blue No Matter Who. Trump is gonna put you in a camp if you keep dividing the party. https://t.co/1eCzcBGpZm,2046409505718616209,https://pbs.twimg.com/media/HGZOhezbcAABQE9.jpg,geis_shane,en,,0,0,0,https://x.com/undefined/status/2046409505718616209,1827179516696961024,
2046253039086907652,Tue Apr 21 02:03:38 +0000 2026,0,@Lee_Vertisce @TrumpGirlLove Protect their paychecks &amp; serve themselves/the blue line mafia. ‍️,2046409495195099236,,Lee_Vertisce,en,,0,0,0,https://x.com/undefined/status/2046409495195099236,1866479394434269184,
2046257623209546238,Tue Apr 21 02:03:38 +0000 2026,0,@MUSIKMENFESS Blue moon by @Hearts2Hearts,2046409494863978685,,MUSIKMENFESS,en,,0,0,0,https://x.com/undefined/status/2046409494863978685,1606071399239409664,
2046409488379654554,Tue Apr 21 02:03:37 +0000 2026,0,【お宝創庫豊田店アパレル買取情報】 adidas YEEZY Boost 350 V2 Blue Tint 入荷! サイズ29cm 販売価格：33 000（税込） ADIDASが誇る最先端の技術高いフィット感を生み出すプライムニットのアッパーと衝撃吸収性と反発性の二つを兼ね備えるブーストフォームを搭載したADIDASを代表する1足です。 https://t.co/zM8a1qHPlN,2046409488379654554,https://pbs.twimg.com/media/HGZOeKmaUAEbopx.png,,ja,,0,0,0,https://x.com/undefined/status/2046409488379654554,623325116,
2045937471741902911,Tue Apr 21 02:03:36 +0000 2026,0,@R3dJ0k3r @Bmbempower She had the nerve to have blue contacts? These weirdos are hilarious #TheBlackDelegationsaidit #EnoughIsEnough #WeHadEnough #Delineation2026,2046409486600954282,,R3dJ0k3r,en,,0,0,0,https://x.com/undefined/status/2046409486600954282,1492052910968029196,
2046331958838632686,Tue Apr 21 02:03:36 +0000 2026,0,@Boi_die @kingpminch Gary/Shigeru was his second optional name just like in Red Version. It's worth noting that the official localization documents for Red &amp; Blue specifically refer to those characters as Satoshi and Shigeru so in the context of Gen 1 their names really ARE Ash and Gary.,2046409486517059953,,Boi_die,en,,0,1,0,https://x.com/undefined/status/2046409486517059953,1454997910450589697,
2046409479349285140,Tue Apr 21 02:03:34 +0000 2026,0,Lebih seru kill blue daripada sakamoto days wakakakak,2046409479349285140,,,in,,0,0,0,https://x.com/undefined/status/2046409479349285140,2497563043,
2046408796759904311,Tue Apr 21 02:03:34 +0000 2026,0,@JEP1183406 You'll prbably have better luck on Blue Sky...,2046409478766215504,,JEP1183406,en,,0,0,0,https://x.com/undefined/status/2046409478766215504,1918336773635375104,
2044430550060904695,Tue Apr 21 02:03:33 +0000 2026,1,@newtonsbirdlaw Deadass. Yes I have blonde hair blue eyes and German last name no I do want to ethnically cleanse people.,2046409473070088336,,newtonsbirdlaw,en,,0,1,0,https://x.com/undefined/status/2046409473070088336,1386537912775450628,
2046350743917990101,Tue Apr 21 02:03:32 +0000 2026,0,@teddyschleifer @ComfortablySmug Not gonna do much good since republicans have no messaging and arent doing anything. All this despite democrats utter craziness. Gonna be a blue blood bath in November.,2046409469999894937,,teddyschleifer,en,,0,0,0,https://x.com/undefined/status/2046409469999894937,3974102114,
2046238168543093169,Tue Apr 21 02:03:29 +0000 2026,0,@KenPaxtonTX Thanks for reminding us about Act Blue. We ll be sure to make donations now.,2046409456221598160,,KenPaxtonTX,en,,0,0,0,https://x.com/undefined/status/2046409456221598160,1894200527849762816,
2046409454841934088,Tue Apr 21 02:03:29 +0000 2026,0,Title : lost in the light I pray for the night Materials / / #avrylic Canvas Gold Pen Cost : $1233 Size : 6 inch by 6 inch Feels : gold on blue on poetry #artist #newPaint #drip https://t.co/Xv93Zb1Ta0,2046409454841934088,https://pbs.twimg.com/media/HGZOhawasAAQgou.jpg,,en,,0,0,0,https://x.com/undefined/status/2046409454841934088,1994232819380572162,
2046408352524079497,Tue Apr 21 02:03:25 +0000 2026,1,@WuPacAP And free from the blue brand of death,2046409439033413659,,WuPacAP,en,,0,1,0,https://x.com/undefined/status/2046409439033413659,1608478595504013316,
2046409430124695700,Tue Apr 21 02:03:23 +0000 2026,0,the penguins playing like the blue jackets ugh i love this for my home teams ,2046409430124695700,,,en,,0,0,0,https://x.com/undefined/status/2046409430124695700,1650986405319909376,
2046396345724842224,Tue Apr 21 02:03:22 +0000 2026,0,@JonSmithJr19284 Seems like you have a Blue Jays slip,2046409428186898605,,JonSmithJr19284,en,,0,1,0,https://x.com/undefined/status/2046409428186898605,1980324365892825088,
2046347310754340945,Tue Apr 21 02:03:22 +0000 2026,0,@JoshKraushaar The Dems have turned on the Jews. Blacks and Arabs are the base now. Your choice is clear. Keep voting Blue and they will eventually slit your throats. Come aboard the Trump Train there is a place for you with us.,2046409425502503100,,JoshKraushaar,en,,0,0,0,https://x.com/undefined/status/2046409425502503100,1961801527036973056,
2046409425456402934,Tue Apr 21 02:03:22 +0000 2026,0,Watched this live with a blue bandanna on my wrist,2046409425456402934,,,en,,0,0,0,https://x.com/undefined/status/2046409425456402934,1116786097504292864,
2046409423535640606,Tue Apr 21 02:03:21 +0000 2026,0,Combes? ⎐كُود⎐⎐تُيموُ⎐ ⊵TEM73⊴ ⎐ماماز▬باباز⎐ ⊵TAKE1⊴ ⎐عدسات▬ايوا ⊴WA741⊴ ⎐كؤِبُون⎐Natural Blue ^^ ⎐خـِصم⎐ZnUKAWmEC02M https://t.co/uOU2HnLu27,2046409423535640606,https://pbs.twimg.com/media/HGZOhQkaAAAruTX.jpg,,und,,0,0,0,https://x.com/undefined/status/2046409423535640606,1101814430063562752,
2046308806557323750,Tue Apr 21 02:03:20 +0000 2026,0,@CaolanReports How about Act Blue pleasing the fifth to every question on Capitol Hill. How many Democrats take money from them. How many foreign donations did they take. https://t.co/eshqXazUaI,2046409420377067925,https://pbs.twimg.com/media/HGZOhP7bEAAh-mP.jpg,CaolanReports,en,,0,0,0,https://x.com/undefined/status/2046409420377067925,2027818142190481408,
2046409420175986925,Tue Apr 21 02:03:20 +0000 2026,0, The Sky Is Blue ahh same level Not to be rude or anything. But Imagine saying this to a channel that already has. https://t.co/wJlLxWO0FX,2046409420175986925,https://pbs.twimg.com/media/HGZOhfSasAAYsO4.jpg,,en,,0,0,0,https://x.com/undefined/status/2046409420175986925,1930588422558928896,
2046409103891636338,Tue Apr 21 02:03:16 +0000 2026,1,@g00_r34907 Coral blue :3,2046409403574714520,,g00_r34907,en,,0,1,0,https://x.com/undefined/status/2046409403574714520,2725320896,
2046409397442601196,Tue Apr 21 02:03:15 +0000 2026,0,Unlock your car's hidden ambiance. This guide shows you how to easily adjust the cool blue interior lighting for a personalized driving experience. #CarMods #DIY https://t.co/dbWVPV1cm3,2046409397442601196,https://pbs.twimg.com/amplify_video_thumb/2046409353687871488/img/WXWmsQB-md__bmwa.jpg,,en,,0,0,0,https://x.com/undefined/status/2046409397442601196,1585840899896086529,
2046409396838924526,Tue Apr 21 02:03:15 +0000 2026,0,私信信贷现在真要崩了 Blackstone 82B旗舰基金Q1赎回37亿，黑石自己掏4亿才稳住；BlackRock HLEND直接锁赎回，Blue Owl也喊停。违约率冲到9%，BDC还20%折价卖。 传统全靠servicer报EBITDA、算covenant，利益勾着永远不认违约，数据随便调、拖着报。 @Rialohq 这文把老底全扒了 https://t.co/nqhoVelU92,2046409396838924526,https://pbs.twimg.com/media/HGZNuUUaIAEV558.jpg,,zh,,0,0,0,https://x.com/undefined/status/2046409396838924526,1361031956591300609,
2046409391285383478,Tue Apr 21 02:03:13 +0000 2026,0,что? ⎐كُود⎐⎐نمشي⎐ ⊵MFM3⊴ ⎐للعدسات▬ايوا ⊴Y645⊴ لوكستيان ⎐A106⎐ ⎐كؤِبُون⎐Shadow Blue ^^ ⎐خـِصم⎐sZczjG3amI9e https://t.co/D7OpiqLRIm,2046409391285383478,https://pbs.twimg.com/media/HGZOfNibsAA-ig8.jpg,,und,,0,0,0,https://x.com/undefined/status/2046409391285383478,1974463565126926336,
2046325655101387022,Tue Apr 21 02:03:12 +0000 2026,0,@BernieSanders The stealing of our tax dollars by Blue State Democrats is through the roof and you want more tax money? You have accomplished nothing in Congress except to make yourself rich you lying grifting Commie!,2046409385321132307,,BernieSanders,en,,0,0,0,https://x.com/undefined/status/2046409385321132307,1740722282274693120,
2046409384780279903,Tue Apr 21 02:03:12 +0000 2026,1,blue dream and blue veins on boobs best 420,2046409384780279903,,,en,,0,0,0,https://x.com/undefined/status/2046409384780279903,566715209,
2046409377083757035,Tue Apr 21 02:03:10 +0000 2026,0,minta cincin blue diamond sm pak su dikasihnya jalan2 supaya yg nikmatin ber3 klo cincin emaknya doang,2046409377083757035,,,in,,0,0,0,https://x.com/undefined/status/2046409377083757035,470005745,
2046409366140502038,Tue Apr 21 02:03:07 +0000 2026,0,Check out Ted Baker London Mens Blue Floral Collared Button Up Slim Fit Shirt Sz L New https://t.co/IVtCUEqPgO #eBay via @eBay,2046409366140502038,,,en,,0,0,0,https://x.com/undefined/status/2046409366140502038,2304043402,
2046409361363452027,Tue Apr 21 02:03:06 +0000 2026,1,This is a nice edition and all but one detail that is rlly bugging me!!! is the fact that mickeys shirt isn t the original design but the dropshipping/fake version of it it wasn t even old enough to have the blue lines either!!! https://t.co/E4bxrUDxQ7,2046409361363452027,https://pbs.twimg.com/media/HGZOdW4agAAPI4j.jpg,,en,,0,1,0,https://x.com/undefined/status/2046409361363452027,3012938722,
2046409356309074254,Tue Apr 21 02:03:05 +0000 2026,0,Blue Origin's New Glenn rocket puts satellite into wrong orbit | Click on the image to read the full story https://t.co/ODEVQcL734,2046409356309074254,,,en,,0,1,0,https://x.com/undefined/status/2046409356309074254,25998954,
2046409351653408851,Tue Apr 21 02:03:04 +0000 2026,0,Make it adidas and have three blue stripes from the collar over the shoulders down the sleeve.,2046409351653408851,,,en,,0,0,0,https://x.com/undefined/status/2046409351653408851,1371658438560808960,
2046409340979216500,Tue Apr 21 02:03:01 +0000 2026,0, ABS Challenge! Toronto Blue Jays vs Los Angeles Angels Top 2 | Los Angeles Angels challenges HP Umpire: Brian Walsh Reid Detmers to Daulton Varsho Original call: Ball (94.4 mph Four-Seam Fastball) Result: OVERTURNED! #MLB #BaseballTwitter #ABS #LightsUpLetsGo https://t.co/Mz159P8jGX,2046409340979216500,https://pbs.twimg.com/media/HGZOc5_aEAAbufA.png,,en,,0,0,0,https://x.com/undefined/status/2046409340979216500,2028944193922711553,
2046254513745535096,Tue Apr 21 02:03:01 +0000 2026,0,@CoachBBuchanan Blue collar,2046409338114244841,,CoachBBuchanan,en,,0,1,0,https://x.com/undefined/status/2046409338114244841,831567666510983169,
2046409334289252499,Tue Apr 21 02:03:00 +0000 2026,1,BLUE BLUE https://t.co/EXGLl8T5DE,2046409334289252499,https://pbs.twimg.com/media/HGZOcTNbgAAQ1MM.jpg,,en,,0,0,0,https://x.com/undefined/status/2046409334289252499,1980512462979121152,
2046392653785235857,Tue Apr 21 02:02:56 +0000 2026,0,@Livloxy @DailyLoud Coach K is Mike Krzyzewski the legendary former Duke men's basketball coach who led the Blue Devils to 5 national championships over 42 seasons and is widely considered one of the greatest in college hoops history. The grandson mentioned in the post is his daughter's son Joseph,2046409320024199296,,Livloxy,en,,0,0,0,https://x.com/undefined/status/2046409320024199296,1720665183188922368,
2046408884232114355,Tue Apr 21 02:02:56 +0000 2026,0,Must be the online spaces. Because seriously. Seattle is like 99% liberal Washington is super solid blue King County blue just throw these politicians in jail seriously. THATS the fraud right there,2046409316526387619,,WAfunnyjokes,en,,0,0,0,https://x.com/undefined/status/2046409316526387619,2026180205942116352,
2046409316509327726,Tue Apr 21 02:02:56 +0000 2026,0,Check out Calvin Klein Womens Dark Blue Knit Sleeveless Classic Sheath Dress Sz 14 New https://t.co/Yg6NPXnGyg #eBay via @eBay,2046409316509327726,,,en,,0,0,0,https://x.com/undefined/status/2046409316509327726,2304043402,
2046385257583091854,Tue Apr 21 02:02:53 +0000 2026,0,@PpollingNumbers California will vote blue they are not the smartest people.,2046409304303870452,,PpollingNumbers,en,,0,0,0,https://x.com/undefined/status/2046409304303870452,1905725209,
2046407113661104357,Tue Apr 21 02:02:52 +0000 2026,0,あと香水は じばんしーUltramarine、ぶるがりなんとかHomme、どるがばLight Blue この3つでワープできる 中学生の記憶 平成一桁、ガチじじい。,2046409300357398993,,kuzippp,ja,,0,0,0,https://x.com/undefined/status/2046409300357398993,1741512159262289920,
2046385770509033491,Tue Apr 21 02:02:49 +0000 2026,0,@moonrin666 We need a fluffy across the blue anime ,2046409290429165833,,moonrin666,en,,0,0,0,https://x.com/undefined/status/2046409290429165833,1324046417007124480,
2046384254179758292,Tue Apr 21 02:02:49 +0000 2026,0,@SamS27259925 Kirsten Imani Zeta Garbi Trina Sher Justine Blue,2046409289036890417,,SamS27259925,und,,0,0,0,https://x.com/undefined/status/2046409289036890417,1018358316857098245,
2046409287040160243,Tue Apr 21 02:02:49 +0000 2026,0,APRIL STACK SALE!! Card post 101- Darius Garland Blue Price $1 #THFPro #TheHobbyFamily #thehobby #TheHobby #whodoyoucollect #fyp #buy #invest #deals #hobbyretweet #tothemoon https://t.co/xtAx4rM5at,2046409287040160243,https://pbs.twimg.com/media/HGZOZj5asAAMw_b.jpg,,en,,0,0,0,https://x.com/undefined/status/2046409287040160243,1473414634308837376,
2046244193043960208,Tue Apr 21 02:02:47 +0000 2026,0,@Yesavage2HOF Worry about your blue gays,2046409280853795160,,Yesavage2HOF,en,,0,0,0,https://x.com/undefined/status/2046409280853795160,1820991829036429318,
2046409278291116438,Tue Apr 21 02:02:47 +0000 2026,0,164. Roam free under blue heavens 三亚 锦州 上饶 厦门 衢州到中山我养你啊！恩施 生活学习也许并不完美，临沂但总有一束光，不是来自约炮，烟台 天津 而是学生弟子心外 围中那份不愿看向观世界门上妥协的温柔 㸃激＠boris_custard 沈阳 东莞 深圳重庆🆚 https://t.co/h2DD5saiMN,2046409278291116438,https://pbs.twimg.com/media/HGZOY92akAAXjvr.jpg,,zh,,0,0,0,https://x.com/undefined/status/2046409278291116438,2035807643445682176,
2046389510825508889,Tue Apr 21 02:02:46 +0000 2026,0,@ChristianHeiens @earlyvotedata Put Virginia into the blue cesspool states that will never come back. Don't waste money and time in Virginia California New York etc.,2046409276453724582,,ChristianHeiens,en,,0,0,0,https://x.com/undefined/status/2046409276453724582,1821218775623999488,
2046409275887534370,Tue Apr 21 02:02:46 +0000 2026,0,quiero un taro o un agua de taro o de blue berry,2046409275887534370,,,es,,0,0,0,https://x.com/undefined/status/2046409275887534370,1395907561371717633,
2046299438403215509,Tue Apr 21 02:02:45 +0000 2026,0,@SenWhitehouse A racist blue blood trust fund retard like you could only be elected from a super corrupt state like Rhode Island. I ll give your handlers credit they have hired a little bulldog.,2046409273681326151,,SenWhitehouse,en,,0,0,0,https://x.com/undefined/status/2046409273681326151,1500201956241027076,
2046409272406462943,Tue Apr 21 02:02:45 +0000 2026,0,An Ocean with Blue Lights And a Candle light sitting on top of it Lighting up the sky from way back,2046409272406462943,,,en,,0,0,0,https://x.com/undefined/status/2046409272406462943,1586945426942357505,
2046245010387902697,Tue Apr 21 02:02:44 +0000 2026,0,@spectator But who else in blue green orange... they ARE ALL duds. Democracy doesnt work.,2046409266265759921,,spectator,en,,0,0,0,https://x.com/undefined/status/2046409266265759921,256166929,
2046409243730051083,Tue Apr 21 02:02:38 +0000 2026,4,byeon wooseok × johnnie walker blue label for dazed &amp; confused korea (beverage and sports edition)! https://t.co/1j74PRgCCG,2046409243730051083,https://pbs.twimg.com/media/HGZOWWNbIAEji4A.jpg,,en,,0,0,1,https://x.com/undefined/status/2046409243730051083,1841078124186071040,
2046167235182408167,Tue Apr 21 02:02:36 +0000 2026,0,@Maga4liberty @FFT1776 Oh I'm so sure What you mean is the media is trying very hard to push her into the spotlight As for being more popular than President Trump Well when you poll 100 people in a dark blue area and claim that's how 300 million people feel I can do the same poll in a deep red area,2046409235626364998,,Maga4liberty,en,,0,0,0,https://x.com/undefined/status/2046409235626364998,1092026798345515008,
2046409234938823084,Tue Apr 21 02:02:36 +0000 2026,0,jihan nag kiss blue comment https://t.co/VUBrqLy1oC,2046409234938823084,https://pbs.twimg.com/amplify_video_thumb/2046192494564753408/img/Sv48Tbm2fpHiazjX.jpg,,en,,0,0,0,https://x.com/undefined/status/2046409234938823084,1770466564963520512,
2046407008379678811,Tue Apr 21 02:02:36 +0000 2026,1,@TALESOFDECEIT oh! well i was just.. having a talk with a friend of mine- - hm.. this ones pretty!~ i wonder HOW he'd look in blue! ooh! and maybe some longer hai- can you shut it! - i can! i just dont want toooo!~ ..mhm. - soooo!~ weaver eh? A PLEASURE! *the clown cookie bowed*,2046409232933584993,,TALESOFDECEIT,en,,0,1,0,https://x.com/undefined/status/2046409232933584993,2034377662320541696,
2046409226537382242,Tue Apr 21 02:02:34 +0000 2026,2,Braves ML Mariners NRFI HR en primera entrada Blue Jays NRFI se chinga por dos errores,2046409226537382242,,,ro,,0,0,2,https://x.com/undefined/status/2046409226537382242,1021169867184107524,
2038501526478459277,Tue Apr 21 02:02:32 +0000 2026,0,@Fajji_Hanji @fuzewrk @jojoslyfe21 Refer Blue ray pls,2046409218442600819,,Fajji_Hanji,en,,0,0,0,https://x.com/undefined/status/2046409218442600819,2012014931223457795,
2046408955522425180,Tue Apr 21 02:02:32 +0000 2026,1,@JBigsDFS ya i ll be an Os fan now massive blue jays hater after that cotton candy bs and NRFI sold by that bum cease,2046409216257048772,,JBigsDFS,en,,0,1,0,https://x.com/undefined/status/2046409216257048772,1723599234887282688,
2046203783286284531,Tue Apr 21 02:02:31 +0000 2026,0,@Ur9LbCGeZp3355o Hey fellow Steelers fan! Here s looking at ya! Maybe we could have a roll sometime? I m a blue belt,2046409211584688438,,Ur9LbCGeZp3355o,en,,0,0,0,https://x.com/undefined/status/2046409211584688438,1930311201323659268,
2046409210468905113,Tue Apr 21 02:02:30 +0000 2026,0,Sigo pensando que lo más Blue Lock que pasó en el fútbol real fue en un partido Chile vs México en la final de los juegos panamericanos donde la que jugaba de 9 se puso de arquera y empezó a parar balones con patadas (lo hizo bastante bien durante el partido y terminó 0-1) https://t.co/l4NTTSuwfz,2046409210468905113,https://pbs.twimg.com/media/HGZOVAbbkAADyyw.jpg,,es,,0,0,0,https://x.com/undefined/status/2046409210468905113,1250596205886935041,
2046408574172074296,Tue Apr 21 02:02:29 +0000 2026,3,@reigns_era Profits finally free from the blue brand of death,2046409205863575596,,reigns_era,en,,0,0,0,https://x.com/undefined/status/2046409205863575596,1608478595504013316,
2046409204072849705,Tue Apr 21 02:02:29 +0000 2026,11,Stunner alert: Meenakshi Chaudhary making blue look like the most royal color today! https://t.co/H8HFTcFu8a,2046409204072849705,https://pbs.twimg.com/media/HGZOUAybEAAVWwZ.jpg,,en,,0,7,2,https://x.com/undefined/status/2046409204072849705,2012722816790241280,
2046032224731177112,Tue Apr 21 02:02:29 +0000 2026,0,@vixenwxx I think they would get blue balls just from his presence,2046409203003150734,,vixenwxx,en,,0,0,0,https://x.com/undefined/status/2046409203003150734,1505144396047597572,
2045642972528566461,Tue Apr 21 02:02:27 +0000 2026,0,@JonnathanJimis1 @LoneWolfAlbums2 @unlimited_ls @koo_doo2 Doubt it...Im a blue collar guy that owns 4 businesses employs just under 50 people and own 4 duplex rentals‍️ but then again I really dont give a fuck about your finances,2046409194656432507,,JonnathanJimis1,en,,0,0,0,https://x.com/undefined/status/2046409194656432507,2022811745191104512,
2046409186641379580,Tue Apr 21 02:02:25 +0000 2026,0,the blue outline fading to pink ouhh ️‍️️‍️,2046409186641379580,,,en,,0,0,0,https://x.com/undefined/status/2046409186641379580,1572384617105162241,
2046409181297791259,Tue Apr 21 02:02:23 +0000 2026,0,Navy Blue Fluffy Milkvelet Blanket Warmth Nap Blanket Liesure Blanket Travel Blanket Click to quickly check key information of this product and we recommend this for you: https://t.co/HM21gloKoQ 来自 @madeinchina_b2b,2046409181297791259,,,en,,0,0,0,https://x.com/undefined/status/2046409181297791259,1920306764618379264,
2046401013683532139,Tue Apr 21 02:02:23 +0000 2026,1,@seamholder fountain is just a 2x2 cylinder at max height with the fire decal stamped all over and colourized blue (tried hand drawing but it looked like a candy cane) and set to max brightness the trees grass and door are set to lit at night minimum brightness just so theyre vibrant at,2046409178244141162,,seamholder,en,,0,1,0,https://x.com/undefined/status/2046409178244141162,810258937341612032,
2046399806923231615,Tue Apr 21 02:02:22 +0000 2026,27,@PenguinsJesus Pens third jerseys are always cursed. Crosby was wearing that damn blue one when he was concussed. Then Jordan Staal took a stick to the face while wearing that same wretched thing.,2046409175110963515,,PenguinsJesus,en,,0,2,1,https://x.com/undefined/status/2046409175110963515,843897064627101696,
2046409174590857318,Tue Apr 21 02:02:22 +0000 2026,8,watching red vs. blue just kidding,2046409174590857318,,,en,,0,1,0,https://x.com/undefined/status/2046409174590857318,3120221779,
2046265905215127826,Tue Apr 21 02:02:20 +0000 2026,0,@RetroMoviesDB Blue thunder ,2046409165556547733,,RetroMoviesDB,en,,0,0,0,https://x.com/undefined/status/2046409165556547733,1805834355212009476,
2046409050775277794,Tue Apr 21 02:01:52 +0000 2026,0,JI BLUE 先行上映イベント前後一緒に行動できる方探しています 05/関東/ お友達いないのでこれを機に仲良くなれたら嬉しいです。dmお待ちしてます‍️,2046409050775277794,,,ja,,0,0,0,https://x.com/undefined/status/2046409050775277794,1875949166737985536,
2046108019059257485,Tue Apr 21 02:01:51 +0000 2026,0,@banarasipaann If I were this little girl Id have slapped that little shit black and blue. Set an example that you're not to be fucked with.,2046409046664642590,,banarasipaann,en,,0,0,0,https://x.com/undefined/status/2046409046664642590,19582027,
2046409044789723517,Tue Apr 21 02:01:51 +0000 2026,0,Check out Cole Haan Womens Blue Floral Slingback Espadrille Wedge Sandal Summer Sz 7.5 New https://t.co/uwx3263Fah #eBay via @eBay,2046409044789723517,,,en,,0,0,0,https://x.com/undefined/status/2046409044789723517,2304043402,
2046390014670446860,Tue Apr 21 02:01:50 +0000 2026,0,@PopBase VOTE FUCKIN BLUE,2046409039903359329,,PopBase,en,,0,0,0,https://x.com/undefined/status/2046409039903359329,1957831275584036864,
2046409035667185796,Tue Apr 21 02:01:49 +0000 2026,0,He s hoping to see an orange and blue team actually win a game. I like that he s still got the Mets hat on though.,2046409035667185796,,,en,,0,0,0,https://x.com/undefined/status/2046409035667185796,45608019,
2046344451035902294,Tue Apr 21 02:01:47 +0000 2026,0,@BottomStructure @trouble_man90 He aint never won shit outside of Vermont. No one he boosted has won shit outside of blue metros. He is a loser,2046409027773489217,,BottomStructure,en,,0,0,0,https://x.com/undefined/status/2046409027773489217,64085685,
2046409024309006357,Tue Apr 21 02:01:46 +0000 2026,0,Real BVR performance depends far more on ECM (Rafale s SPECTRA is elite) tactics altitude &amp; pilot skill than the selective Blue Homeland scenario. No Greek AF source has ever confirmed this. Open analysis shows Captor-E has a range edge on paper but this isn t objective data,2046409024309006357,,,en,,0,0,0,https://x.com/undefined/status/2046409024309006357,998136394894794752,
2046371005208129807,Tue Apr 21 02:01:45 +0000 2026,0,@caloriesproper2 @DrSuneelDhand Giving you a blue check was a mistake,2046409019745558987,,caloriesproper2,en,,0,0,0,https://x.com/undefined/status/2046409019745558987,1761161415748988928,
2046325276146073936,Tue Apr 21 02:01:42 +0000 2026,0,@AutumnEveegreen Pink and light blue.,2046409008798404738,,AutumnEveegreen,en,,0,0,0,https://x.com/undefined/status/2046409008798404738,1603929423803301888,
2046409005954748837,Tue Apr 21 02:01:42 +0000 2026,0,I have a bug fables OC who is also a blue bee! https://t.co/YUynfhaCQi,2046409005954748837,https://pbs.twimg.com/media/HGZOJC7akAAe7MM.jpg,,en,,0,0,0,https://x.com/undefined/status/2046409005954748837,2023118374793084928,
2046309167749800422,Tue Apr 21 02:01:41 +0000 2026,0,@VictorJoecks Nevada was once a Republicans Party but California move to Nevada because everything was cheaper but they all were democrats and turned the state blue. These assholes left California and all they want is higher taxes pay more for housing and they want to pay more for gas.,2046409004587581891,,VictorJoecks,en,,0,0,0,https://x.com/undefined/status/2046409004587581891,1858033299161231360,
2046295381298835618,Tue Apr 21 02:01:39 +0000 2026,0,@Deseret @Tad_Walch What is similar if Mormon is not part of the Church's official name and that using Mormon is a victory for Satan? Just because the Church wants to trademark the color blue doesn't create legal confusion.,2046408993388613914,,Deseret,en,,0,0,0,https://x.com/undefined/status/2046408993388613914,348664508,
2046053193965006985,Tue Apr 21 02:01:38 +0000 2026,0,@LaserBirb @klara_sjo Coz blue collar like u wont understand . How much are u making - 100 a week ?,2046408991069352240,,LaserBirb,en,,0,0,0,https://x.com/undefined/status/2046408991069352240,1991531058719043585,
2046408898240987279,Tue Apr 21 02:01:38 +0000 2026,0,2. Blue outfit https://t.co/tYU7DqnZ0P,2046408989056090402,https://pbs.twimg.com/media/HGZOIC1aIAEw5Ww.jpg,MARK93era,en,,0,1,0,https://x.com/undefined/status/2046408989056090402,4586517924,
2046319094610133172,Tue Apr 21 02:01:38 +0000 2026,0,@Coach_Yac @957thegame Should've been done this the whole decade you've been here John &amp; Kyle. We would've won 2 rings AT LEAST and would probably be a dynasty by now if we could actually draft healthy blue chip talent.,2046408988703752453,,Coach_Yac,en,,0,0,0,https://x.com/undefined/status/2046408988703752453,763960881981956097,
2046408988300886232,Tue Apr 21 02:01:37 +0000 2026,0,Check out Cole Haan Womens Blue Floral Slingback Espadrille Wedge Sandals Summer Sz 9 New https://t.co/JVFxgOjWET #eBay via @eBay,2046408988300886232,,,en,,0,0,0,https://x.com/undefined/status/2046408988300886232,2304043402,
2046352449166811295,Tue Apr 21 02:01:34 +0000 2026,1,@Renmaa_owo black bolas : blue shift ️️️️️,2046408974841327796,,Renmaa_owo,en,,0,0,0,https://x.com/undefined/status/2046408974841327796,1670105555875012610,
2043219267462541650,Tue Apr 21 02:01:34 +0000 2026,0,@khumbomajiga @CaCi08013592 Pa blue kwambiri papakulupo ndi kumachinjiri,2046408974447108243,,khumbomajiga,in,,0,0,0,https://x.com/undefined/status/2046408974447108243,1039721691847553025,
2046408964422934650,Tue Apr 21 02:01:32 +0000 2026,0,Ternyata warna baby blue memang g cocok di aku wkwkwk https://t.co/tJhpT6AkS0,2046408964422934650,https://pbs.twimg.com/media/HGZODAMbgAAo2Xz.jpg,,in,,0,0,0,https://x.com/undefined/status/2046408964422934650,840870903697231872,
2046408956776722519,Tue Apr 21 02:01:30 +0000 2026,0,These days and for most of my life I've had to beat myself black and blue with the truth repeatedly before I fully believed it and even then I've always tested the boundaries because I've been lied to starting with my parents. It's just a path my brain has to take in order to,2046408956776722519,,,en,,0,1,0,https://x.com/undefined/status/2046408956776722519,1652663403490709506,
2046408851142893872,Tue Apr 21 02:01:05 +0000 2026,9,Shikhondo: Blue Pieta debut trailer https://t.co/mz2M16P72e https://t.co/PvlAuQc57A,2046408851142893872,https://pbs.twimg.com/media/HGZOAV6bIAAtNE4.jpg,,en,,0,0,3,https://x.com/undefined/status/2046408851142893872,28810538,
2046405839901380925,Tue Apr 21 02:01:04 +0000 2026,2,@fujikurauruka You should treat yourself to something maybe some fancy chocolate or a dessert you've worked hard you deserve it and those things have been known to uplift your spirits (even if temporarily). Hang in there blue.,2046408847754211614,,fujikurauruka,en,,0,0,0,https://x.com/undefined/status/2046408847754211614,1036792276943433733,
2046408847082856480,Tue Apr 21 02:01:04 +0000 2026,35,Someone needs to tell blue state republicans about the virtues of property rights and deregulation.,2046408847082856480,,,en,,0,1,1,https://x.com/undefined/status/2046408847082856480,15446531,
2046293922834731152,Tue Apr 21 02:01:02 +0000 2026,0,@tedcruz @wfaa Do not let Blue Oricrap get near the project.,2046408839411757154,,tedcruz,en,,0,0,0,https://x.com/undefined/status/2046408839411757154,2876240396,
2046408834839650523,Tue Apr 21 02:01:01 +0000 2026,1,He also wrote single as if it was a fact in blue marker and then adds a question mark in red marker the same red marker that he wrote Carl in . Almost as if remembering Carl made him wonder if he really was single much to think abt,2046408834839650523,,,en,,0,0,0,https://x.com/undefined/status/2046408834839650523,1850602894183346176,
2046043170744516792,Tue Apr 21 02:01:00 +0000 2026,0,@ScottJenningsKY I hope Virginia voters are smarter than the radical Democrats believe them to be. I hope they reject the blue death cycle (which will turn Virginia into another Chicago). But partisan tribalists are not America First.,2046408830301679682,,ScottJenningsKY,en,,0,0,0,https://x.com/undefined/status/2046408830301679682,1586559971017207809,
2046401055496577163,Tue Apr 21 02:01:00 +0000 2026,1,@StephPhenomena All of the above except purple. My favorite was a seafoam blue green. https://t.co/JRYYpoLITo,2046408829785567656,https://pbs.twimg.com/media/HGZN-1gaQAAa1BY.jpg,StephPhenomena,en,,0,0,0,https://x.com/undefined/status/2046408829785567656,246652477,
2046270966544904453,Tue Apr 21 02:00:57 +0000 2026,0,@PhillipNewcome2 @adamcarolla Used to be an old school dem and The far left defund the police blue haired no job obstructionist psyco paths have taken over your party. Your incompetent politicians need the politically retarded vote. Why do you think the border was open? They need more dumb poor voters,2046408820612538376,,LaroSos1,en,,0,1,0,https://x.com/undefined/status/2046408820612538376,1284505759,
2046408813356700078,Tue Apr 21 02:00:56 +0000 2026,0,mencatat rekomen lagu buat dinikmati di laut: keshi - blue arash buana - stars,2046408813356700078,,,in,,0,0,0,https://x.com/undefined/status/2046408813356700078,740739758993735684,
2046381870812676216,Tue Apr 21 02:00:55 +0000 2026,0,@ToonHive I'll just stick to the Blue Sky version. https://t.co/o8vCZ72GDD,2046408812320415944,https://pbs.twimg.com/tweet_video_thumb/HGZN9z2boAA_vP7.jpg,ToonHive,en,,0,0,0,https://x.com/undefined/status/2046408812320415944,2004617074963087366,
2046331958838632686,Tue Apr 21 02:00:48 +0000 2026,0,@JacquesPaught @Boi_die I was looking in the spaceworld demo's documentation and if anything it seems Red was the one named Blue. Probably because they were building off of Blue's code? Although I am not sure https://t.co/gOxpUnL8n6,2046408779546366366,https://pbs.twimg.com/media/HGZN3BNbcAEUU1v.png,JacquesPaught,en,,0,1,0,https://x.com/undefined/status/2046408779546366366,1704204146520510464,
2046395846757953595,Tue Apr 21 02:00:46 +0000 2026,0,@DanielLDavis1 Sir this account is a parody. Your government doesnt like to give the official channel of Araghchi a blue check but they do a parody spreading misinformation. Dont help them spread this.,2046408772541726943,,DanielLDavis1,en,,0,0,0,https://x.com/undefined/status/2046408772541726943,111960796,
2046159334044995895,Tue Apr 21 02:00:44 +0000 2026,0,@Afterpiggy she is blue for an amazing reason,2046408764287561977,,Afterpiggy,en,,0,0,0,https://x.com/undefined/status/2046408764287561977,1549988305080442880,
2046408760944447787,Tue Apr 21 02:00:43 +0000 2026,0,``` ABS Challenge Blue Jays 0 Angels 1 Bot 1 Count: 3-2 Dylan Cease vs Yoán Moncada Called: Strike ABS: Strike Result: Confirmed → Count: 3-3 #BlueJays #Angels #MLB ```,2046408760944447787,,,en,,0,0,0,https://x.com/undefined/status/2046408760944447787,1934729316128182274,
2046404247642841428,Tue Apr 21 02:00:43 +0000 2026,0,@LTBU_2002 The blue jays series has always been the angels downfall series ,2046408760449798489,,LTBU_2002,en,,0,0,0,https://x.com/undefined/status/2046408760449798489,1915222637992960003,
2046325371138924915,Tue Apr 21 02:00:42 +0000 2026,0,@YukonStrong @AllenGramlich That blue and white Blazer is sick ,2046408756209332442,,YukonStrong,en,,0,0,0,https://x.com/undefined/status/2046408756209332442,1445212314936897539,
2046408753936032050,Tue Apr 21 02:00:42 +0000 2026,0,Clear blue sky ️ https://t.co/itfWM4amAx,2046408753936032050,https://pbs.twimg.com/media/HGZN6RMaoAAO9dD.jpg,,en,,0,0,0,https://x.com/undefined/status/2046408753936032050,1601610447379202052,
2046379444906987997,Tue Apr 21 02:00:39 +0000 2026,0,@pedroferriz3 @Claudiashein Claudia cada día se supera a si misma. No mami blue señora,2046408743374491741,,pedroferriz3,es,,0,0,0,https://x.com/undefined/status/2046408743374491741,4552685713,
1891566447693889808,Tue Apr 21 02:00:37 +0000 2026,0,@DavidSacks @4_0GTS @DOGE The people holding there breath are blue and unresponsive ,2046408735665389916,,DavidSacks,en,,0,0,0,https://x.com/undefined/status/2046408735665389916,785309839492800512,
2046408730728669522,Tue Apr 21 02:00:36 +0000 2026,3,Montez Ford is a future world champion. I ll say that until I m blue in the face. #RAWAfterMania,2046408730728669522,,,en,,1,0,2,https://x.com/undefined/status/2046408730728669522,1243695244475940865,
2046408724680478904,Tue Apr 21 02:00:35 +0000 2026,0,How I picture Bonnie blue https://t.co/tSB3rMpukb,2046408724680478904,https://pbs.twimg.com/amplify_video_thumb/2046408660914761728/img/FMMJOTxGY5DpSgjS.jpg,,en,,0,0,0,https://x.com/undefined/status/2046408724680478904,1538709916621365248,
2046408723438932350,Tue Apr 21 02:00:34 +0000 2026,0,JD Vance the Charmy. The Glow. They speak of it. Not light not flame. A hum. The perfect curl a deception of the Age of Iron. His gaze blue devouring. It pulls. It always pulls. The Crusade. A weight but never a burden. The Charmy. They follow. Into the trench. Without ques https://t.co/sj7CtlXrqc,2046408723438932350,https://pbs.twimg.com/media/HGZN4bxbcAALVDX.jpg,,en,,0,0,0,https://x.com/undefined/status/2046408723438932350,2034650687691452416,
2046408723082649688,Tue Apr 21 02:00:34 +0000 2026,0,JI BLUE SINGLE 景色 JO1 INI 交換 エンコ オンラインショップ対象 予約キャンペーン 【譲】 エントリーコード 〜50枚 【求】0.04/枚 銀行振込またはPayPayにて PayPayにて数回分けてでのお取引◎ ご希望の方はdmまでお願いいたします #JO1買取 #INI買取 #JO1譲 #INI譲,2046408723082649688,,,ja,,0,0,0,https://x.com/undefined/status/2046408723082649688,1883548465395073025,
2046408715298042090,Tue Apr 21 02:00:32 +0000 2026,3,A traditional Chinese roof frames a full bloom of blue jacaranda against the clear sky blending ancient elegance with dreamy summer beauty.古院藏幽，风染青蓝 https://t.co/e2ESVlcz9r,2046408715298042090,https://pbs.twimg.com/media/HGZN3gzbAAA0xG4.jpg,,en,,0,0,0,https://x.com/undefined/status/2046408715298042090,1772872590262194176,
2046296794364342351,Tue Apr 21 02:00:30 +0000 2026,0,@FreBasil I don t know what YOU do but I pray I can hit a blue spark giant swing to to start my bullshit.,2046408706376577196,,FreBasil,en,,0,0,0,https://x.com/undefined/status/2046408706376577196,839284716301844480,
2046408700751925704,Tue Apr 21 02:00:29 +0000 2026,2,𝗛𝗲𝗹𝗽 𝘀𝗵𝗮𝗽𝗲 𝗞𝗲𝗻𝘆𝗮'𝘀 𝗰𝗹𝗶𝗺𝗮𝘁𝗲 𝗳𝘂𝘁𝘂𝗿𝗲! Your input on the Draft Blue Carbon Ecosystems Plan is vital. This initiative aims to protect and sustainably use our marine and coastal ecosystems. Deadline for comments is June 14 2020. Details at: https://t.co/9K4k5ZbX8Q,2046408700751925704,https://pbs.twimg.com/media/HGZN3WYbMAAJwMe.jpg,,en,,0,0,1,https://x.com/undefined/status/2046408700751925704,1607050660976926722,
2046408692300456325,Tue Apr 21 02:00:27 +0000 2026,0,The Federal Aviation Administration is investigating a failed satellite deployment following a Blue Origin New Glenn launch from Florida s Space Coast. https://t.co/UBfgdxbyA1,2046408692300456325,,,en,,0,0,1,https://x.com/undefined/status/2046408692300456325,15652540,
2046370130905420201,Tue Apr 21 02:00:25 +0000 2026,0,@just_zj9000 Me too! i just hatched a blue whale after like 50 eggs,2046408682661920812,,just_zj9000,en,,0,0,0,https://x.com/undefined/status/2046408682661920812,1994976190193664000,
2046268925814694298,Tue Apr 21 02:00:24 +0000 2026,0,@RYboating I m going to say I m 6 4 black with blue eyes and blond hair next time I update my ID,2046408679646199910,,RYboating,en,,0,0,0,https://x.com/undefined/status/2046408679646199910,907393975,
2046106481280635022,Tue Apr 21 02:00:24 +0000 2026,0,@WESTSIDEJC_ With post like this you really should have a blue check,2046408678576681377,,WESTSIDEJC_,en,,0,0,0,https://x.com/undefined/status/2046408678576681377,1424143555350704131,
2046235860023103718,Tue Apr 21 02:00:23 +0000 2026,0,@joncoopertweets @nerdypursuit we didn't elect a woman twice. Gavin is only liked by deep blue. Pete is great but not straight. We need someone who can win in the undecided area not someone who is deep blue,2046408675691008327,,joncoopertweets,en,,0,0,0,https://x.com/undefined/status/2046408675691008327,1035540204285779968,
2046268908370284607,Tue Apr 21 02:00:23 +0000 2026,0,@GAltringham Dr Strangelove Blue Ruin Driver Grand Budapest Hotel Raising Arizona Pulp Fiction Dinner With Andre,2046408675112231252,,GAltringham,en,,0,0,0,https://x.com/undefined/status/2046408675112231252,1815789601966981127,
2046395742710063540,Tue Apr 21 02:00:17 +0000 2026,1,@SirJessums Hotspring Nibblesnarf. It hides in hot springs it's usual sand huffs are miniature geysers sandbeam is a massive geyser shot that inflicts water and fireblight. Can have a vibrant orange body with blue head to blend in with the soil and spring. https://t.co/hR9L2djK00,2046408652211245470,https://pbs.twimg.com/media/HGZN0nmaIAA2z_R.jpg,SirJessums,en,,0,0,0,https://x.com/undefined/status/2046408652211245470,1467208016051290115,
2046408651330687445,Tue Apr 21 02:00:17 +0000 2026,0, ABS Challenge! Toronto Blue Jays vs Los Angeles Angels Bot 1 | Los Angeles Angels challenges HP Umpire: Brian Walsh Dylan Cease to Yoán Moncada Original call: Called Strike (98.2 mph Four-Seam Fastball) Result: Call stands. #MLB #BaseballTwitter #ABS https://t.co/HhxDfwGWoU,2046408651330687445,https://pbs.twimg.com/media/HGZN0xNbAAAXnOb.png,,en,,0,0,0,https://x.com/undefined/status/2046408651330687445,2028944193922711553,
2046382275965641178,Tue Apr 21 02:00:15 +0000 2026,0,@furankumi ctz que essa é a capa do MV de blue lips,2046408643902407041,,furankumi,pt,,0,1,0,https://x.com/undefined/status/2046408643902407041,1622304444548276224,
2046408642459541736,Tue Apr 21 02:00:15 +0000 2026,1,The ocean supports coastal jobs food security and the resilience of millions across Asia and the Pacific. Our article looks at how public finance tools blue bonds and marine protection are helping governments act and what it will take to scale them: https://t.co/j6DMPipZDm https://t.co/4a5yZixRa4,2046408642459541736,https://pbs.twimg.com/media/HGZN0FqW0AE5sjv.jpg,,en,,0,0,0,https://x.com/undefined/status/2046408642459541736,68911475,
2046408640903381000,Tue Apr 21 02:00:15 +0000 2026,0,The 🇺🇸 Awakening‼️ Our politicians serve the citizens @Israel not us. It's not red or blue! Vote anti Zio candidates in!! They can move to Tel Aviv &amp; run for office there @ADL @AIPAC @WhiteHouse @GOP @HouseGOP @SenateGOP @SenateDems @HouseDemocrats @DNC @GavinNewsom @mtgreenee,2046408640903381000,,,en,,0,0,0,https://x.com/undefined/status/2046408640903381000,802723607961096192,
2046408637275308252,Tue Apr 21 02:00:14 +0000 2026,1,Hugh Jackman and Sutton Foster made their red carpet debut as a couple at the premiere of 'Song Sung Blue' in October 2025 https://t.co/W0mm6TTXbm https://t.co/eFiOr3qXEJ,2046408637275308252,https://pbs.twimg.com/media/HGZNz7FWUAAAXbm.jpg,,en,,0,0,0,https://x.com/undefined/status/2046408637275308252,17852343,
2046406816855191957,Tue Apr 21 02:00:13 +0000 2026,1,@Learnernoearner Everyone wants blue so red should be happen,2046408634159264155,,Learnernoearner,en,,0,0,0,https://x.com/undefined/status/2046408634159264155,1802515154229456896,
2046408620892619239,Tue Apr 21 02:00:10 +0000 2026,1,HELP RT‼️ WANT TO SALE Album Mark thefirstfruit square flap ver 86k dp 10k READY WH INA ️ Sealed ️ Bisa pilih ver brown/blue ️ Ada GO ️ Bersih INA ️ Pack adm Jatim https://t.co/Uvr8iwOYMV,2046408620892619239,https://pbs.twimg.com/media/HGZNxY6aoAEX4Uo.jpg,,en,,0,0,1,https://x.com/undefined/status/2046408620892619239,1592088518691475456,
2046379077259403402,Tue Apr 21 02:00:10 +0000 2026,0,@Aegis9ws fine i'll do it myself- female tokusatsu hero figures would sell better if they were the kaitengers from the hit gacha game blue archive ️ https://t.co/45JJz7JGpm,2046408620775018831,https://pbs.twimg.com/tweet_video_thumb/HGZNwicbUAAL8K_.jpg,Aegis9ws,en,,0,1,0,https://x.com/undefined/status/2046408620775018831,634204971,
2046408615754408422,Tue Apr 21 02:00:09 +0000 2026,0,You dont take off ball LB's that high. Even in a class that doesn't have a lot of blue chip players. What is so hard to understand about that. Ray Lewis didn't even go till pick 26 and that same class Eddie George went 14 . You know who went top 10 that draft Johnthan Odgen ,2046408615754408422,,,en,,1,1,0,https://x.com/undefined/status/2046408615754408422,106283427,
2046345527512695111,Tue Apr 21 02:00:08 +0000 2026,0,@Gnomonknows @Gnomonknows was unable to reach out to you in DM. I don't have blue badge,2046408613657252119,,emirate_defi,en,,0,0,0,https://x.com/undefined/status/2046408613657252119,1850819965978308608,
2046408607076626670,Tue Apr 21 02:00:07 +0000 2026,0,164. Roam free under blue heavens 宝鸡 三明 潮州 宁波 黔南到安阳我养你啊！长春 生活学习也许并不完美，黄冈但总有一束光，不是来自约炮，黄山 武汉 而是学生弟子心外 围中那份不愿看向观世界门上妥协的温柔 㸃激＠slimso26 昆明 郑州 西安厦门 https://t.co/6zBMKGBmSz,2046408607076626670,https://pbs.twimg.com/media/HGZNyMwaUAAjtra.jpg,,zh,,0,0,0,https://x.com/undefined/status/2046408607076626670,2037145676342063104,
2046408605856129177,Tue Apr 21 02:00:06 +0000 2026,0,Blue Origin Shatters Ground: Successful Re-Use of New Glenn Rocket #Compensation #SalaryBenchmarks https://t.co/yf56UNo9kY #Compensation #SalaryBenchmarks,2046408605856129177,,,en,,0,0,0,https://x.com/undefined/status/2046408605856129177,2277431977,
2046408591259877827,Tue Apr 21 02:00:03 +0000 2026,1,LIVE NOW I WILL reach Room 46 this time and my dares will NOT stop me!!!! Blue Prince Dare Mode continues NOW! https://t.co/xZ3iP6XKIL,2046408591259877827,https://pbs.twimg.com/media/HGZNOXgagAAyTFu.jpg,,en,,0,0,0,https://x.com/undefined/status/2046408591259877827,1410471454676762631,
2046256805999722896,Tue Apr 21 02:00:02 +0000 2026,0,@tygrswrld The most segregated city in America that forced desegregation in the schools but left the neighborhoods to rot after white flight to the burbs. Yes folks big blue Boston is the most racist city in America.,2046408589540041066,,tygrswrld,en,,0,0,0,https://x.com/undefined/status/2046408589540041066,1387571220829417473,
2046291901280850319,Tue Apr 21 02:00:02 +0000 2026,0,@SatpathyDebansu have the verified blue tick on X.,2046408589510840565,,HDFCBank_Cares,en,,0,0,0,https://x.com/undefined/status/2046408589510840565,145931959,
2046408585073066349,Tue Apr 21 02:00:01 +0000 2026,0,【ゲーム/予約】 2026年7️⃣月3️⃣0️⃣日(木)発売予定 「BLUE REFLECTION Quartet: 少女たちのキセキ」 .˚⊹⁺‧┈┈┈┈┈┈┈┈┈┈┈┈‧⁺ ⊹˚. 【PS5/Nintendo Switch/Steam】 ゲーマーズ超限定版プレミアムボックス ゲーマーズ超限定版通常版 プレミアムボックス 通常版 https://t.co/71WawAIbVN,2046408585073066349,https://pbs.twimg.com/media/HGVH35GbQAAsppU.jpg,,ja,,0,0,0,https://x.com/undefined/status/2046408585073066349,389280016,
2046408583571530174,Tue Apr 21 02:00:01 +0000 2026,0,This week on the Ninjala Anime: Van receives a message from Max out of the blue! Thinking it s a special mission a nervous Van heads to their meeting spot... Episode 211 will be available until 4/23 7:59 PM PT! Watch here: https://t.co/iBlLR2ZuTZ https://t.co/ejyB1hDWlO,2046408583571530174,https://pbs.twimg.com/media/HGD1ghHa0AAD3xC.jpg,,en,,0,0,0,https://x.com/undefined/status/2046408583571530174,1217550650470350849,
2046408581671469374,Tue Apr 21 02:00:00 +0000 2026,1,■■■ tiny yawn ■■■ new EP『into the blue.』をリリースするtiny yawn。 初めてのツアーを東名阪で開催！ tiny yawn 1st tour into the blue. 6/27(土)愛知 7/19(日)東京 w/Predawn 9/12(土)大阪 w/ゲシュタルト乙女 ▼オフィシャル2次先行受付中 受付期間：5/6(水・祝)23:59まで,2046408581671469374,,,ja,,0,0,0,https://x.com/undefined/status/2046408581671469374,57282906,
2046408580644098206,Tue Apr 21 02:00:00 +0000 2026,2,On This Day in 1994 'Horror of Fang Rock' was scheduled to be reissued in paperback as a 'Blue Spine Reprint' with newly commissioned cover artwork by Alister Pearson. Sadly it was ultimately never released. https://t.co/fHAWiGNjEl,2046408580644098206,https://pbs.twimg.com/media/HDbGQmRakAAhRbR.jpg,,en,,0,0,0,https://x.com/undefined/status/2046408580644098206,1304857218626527232,
2046408579989778555,Tue Apr 21 02:00:00 +0000 2026,0,Kiama Council's CEO has met with residents from the Blue Haven Terralong retirement village but with the public discussions set to continue many want to ensure the community is given the whole story https://t.co/XgD4wtbKIv,2046408579989778555,,,en,,0,0,0,https://x.com/undefined/status/2046408579989778555,1635877741634670592,
2046408579796590958,Tue Apr 21 02:00:00 +0000 2026,0,#横浜DeNAベイスターズ BLUELIGHT 2026ver.が発売開始️ かっこいいデザインにご注目下さい 販売ページはこちらから https://t.co/Ck1G3dC7v5 #baystars #ベイスターズガチャ #モバガチャ https://t.co/gJYdpY3H0t,2046408579796590958,https://pbs.twimg.com/media/HF6b3VrasAASw05.jpg,,ja,,0,0,0,https://x.com/undefined/status/2046408579796590958,1256126599851720704,
2046408579356189090,Tue Apr 21 02:00:00 +0000 2026,5,The Eternal Grind️ Got the blue skin got all Juuten to 150 and sanity (not) intact so here is a celebratory art!! What should I grind next? by @RakuYouMe #グラブル #十天衆 #Yukirodoru https://t.co/QMKdt6BJzy,2046408579356189090,https://pbs.twimg.com/media/HGWOmgPaQAAZyQG.jpg,,en,,0,0,2,https://x.com/undefined/status/2046408579356189090,1563525510638219265,
2046400867327242734,Tue Apr 21 02:00:00 +0000 2026,1,@sweetbakedpeach Blue,2046408579322941764,,sweetbakedpeach,en,,0,0,0,https://x.com/undefined/status/2046408579322941764,1427446101494300678,
2046408578819645744,Tue Apr 21 02:00:00 +0000 2026,4,The 2026 Anzac Round jersey marks 125 years of Australia s Navy and honours those who wore both the Red and Green and the Navy blue. This Anzac Round we honour the Rabbitohs who served and the generations of sailors who have and continue to serve Australia @Australian_Navy https://t.co/5XxnvOc415,2046408578819645744,https://pbs.twimg.com/amplify_video_thumb/2046383740545564672/img/G2fw___htF4RNgtJ.jpg,,en,,0,0,1,https://x.com/undefined/status/2046408578819645744,53897932,
2046408575983992877,Tue Apr 21 01:59:59 +0000 2026,0,1-0 curse warning Angels go up 1-0 Bottom 1st. Blue jays ML! #MLB #MLBcurse,2046408575983992877,,,en,,0,0,0,https://x.com/undefined/status/2046408575983992877,2036527651352092672,
2046408570884018463,Tue Apr 21 01:59:58 +0000 2026,0,Are girls with long black hair and blue eyes the baddest?? be honest with me #blueeyes #brunette #fyp,2046408570884018463,,,en,,0,0,0,https://x.com/undefined/status/2046408570884018463,1750096118971805697,
2046405655075119322,Tue Apr 21 01:59:56 +0000 2026,0,@chetanmahur25 Blue tick doesn t mean immense money,2046408563393015997,,chetanmahur25,en,,0,0,0,https://x.com/undefined/status/2046408563393015997,1389262351707217920,
2046408413295288708,Tue Apr 21 01:59:20 +0000 2026,0,Alas my eyes suck too much for the crazy round blue frames I was eyeing. Woulda looked dope with my big leather witch hat.,2046408413295288708,,,en,,0,0,0,https://x.com/undefined/status/2046408413295288708,1117111435463745537,
2046408406983119084,Tue Apr 21 01:59:19 +0000 2026,0,both my oshi have blue eyes.,2046408406983119084,,,en,,0,0,0,https://x.com/undefined/status/2046408406983119084,2392116210,
2046291182045868269,Tue Apr 21 01:59:18 +0000 2026,0,@LouiseWalton78 The first one - love the blue ,2046408402289754570,,LouiseWalton78,en,,0,0,0,https://x.com/undefined/status/2046408402289754570,923546514,
2046408394471546991,Tue Apr 21 01:59:16 +0000 2026,15,Top three portal classes are currently Louisville Tennessee and Indiana. Rick Pitino just stole a top target from UK. It's a Big Blue nightmare right now https://t.co/xSz0URJOSs,2046408394471546991,https://pbs.twimg.com/media/HGZNkOYbwAAKbDx.png,,en,,0,8,2,https://x.com/undefined/status/2046408394471546991,35586638,
2046408391333928963,Tue Apr 21 01:59:15 +0000 2026,0,ياهلا? ⎐كُود⎐⎐تويو⎐ ⊵FF7⊴ ⎐ديفاكتو▬defacto▬ ⊵DC10⊴ ⎐فيرنز▬اند▬بيتل⎐ ⊵P40⊴ ⎐كؤِبُون⎐Warm Blue ^^^^ ⎐خـِصم⎐cWGSrF7Yen0v https://t.co/O4A7vn4dj7,2046408391333928963,https://pbs.twimg.com/media/HGZNlUBagAANDYV.jpg,,und,,0,0,0,https://x.com/undefined/status/2046408391333928963,556152748,
2044554180489318844,Tue Apr 21 01:59:14 +0000 2026,1,At night I give the Female Robots names. The light tan one is Bell. She like lifting dumbbells. The blue one is Rain. She like the rain outside. The orange one is Nike. Like my friend Mikey the Ninja Turtle. The gold one is Gold. She like gold things. https://t.co/huMlaiBLud,2046408386263347419,https://pbs.twimg.com/media/HGZNlS-bUAAX88-.jpg,Leo1659581,en,,0,0,0,https://x.com/undefined/status/2046408386263347419,1688478640571641857,
2046408228947308844,Tue Apr 21 01:59:13 +0000 2026,0,The Marilyn Monroe towers are blue right now ,2046408382114824521,,BunsAndOranges,en,,0,0,0,https://x.com/undefined/status/2046408382114824521,1813299435746836480,
2046408379938320806,Tue Apr 21 01:59:12 +0000 2026,1,Dbacks win ANOTHER Series. Join us at 830pm as we discuss the Blue Jays series. https://t.co/iRUeaeaXnq,2046408379938320806,,,en,,0,0,0,https://x.com/undefined/status/2046408379938320806,1670825324756766720,
2046336477395591244,Tue Apr 21 01:59:12 +0000 2026,2,@solodoncos A lot of people left in 2020-2021 when there was I think almost a year between polarized light and dual randomness blue archive also came out around that time which decimated what was left (so many artists jumped ship that for a while all you saw was ai art ),2046408379573424328,,solodoncos,en,,0,0,0,https://x.com/undefined/status/2046408379573424328,1438483832500412419,
2046283892546806020,Tue Apr 21 01:59:12 +0000 2026,1,@Jirkler @NoahDingleton43 @1991Spindasher @Saber_23y He s saying Nolan s suit was blue in the comics,2046408377589227965,,Jirkler,en,,0,0,0,https://x.com/undefined/status/2046408377589227965,1355782464355106817,
2046386444789297621,Tue Apr 21 01:59:10 +0000 2026,0,@sarobertsonca Who did they poll ..Blue Hair Liberals? The guy is a complete dud .i mean the full dud package .,2046408368609198267,,sarobertsonca,en,,0,0,0,https://x.com/undefined/status/2046408368609198267,254822326,
2046328314390831471,Tue Apr 21 01:59:09 +0000 2026,2,@EricLDaugh Nothing says mentally deranged like an 83 year senior citizen sporting blue hair. Dem's the party of mentally deranged live long and prosper. https://t.co/4CcM9mKAEA,2046408366738546723,https://pbs.twimg.com/tweet_video_thumb/HGZNj6vaQAAL3-6.jpg,EricLDaugh,en,,0,1,0,https://x.com/undefined/status/2046408366738546723,1564263564,
2045759717440372978,Tue Apr 21 01:59:06 +0000 2026,0,@weneedyouobiwan @Lolita721611021 @grok Yeah it's the fuckhead with a blue check despite only gaining 67 followers (most of whom are scammers and bots) over 4 1/2 years Nobody really gives a fuck about your opinion. https://t.co/aRPNREIhNT,2046408351840620733,https://pbs.twimg.com/media/HGZNjSLbAAAbEoB.jpg,SoulzPlatinumz,en,,0,0,0,https://x.com/undefined/status/2046408351840620733,1950686436363218944,
2037817770692243599,Tue Apr 21 01:59:02 +0000 2026,0,@myarmons @B2006Babak That yellow hair and those blue eyebrows are quite the look. Are you headed to a costume party or a themed event?,2046408336309211439,,myarmons,en,,0,0,0,https://x.com/undefined/status/2046408336309211439,1424101747476230148,
2046107277631877614,Tue Apr 21 01:59:00 +0000 2026,1,@MAGANEWS_X They do in blue states,2046408327513387078,,MAGANEWS_X,en,,0,0,0,https://x.com/undefined/status/2046408327513387078,1824626628191756288,
2046408325709836799,Tue Apr 21 01:58:59 +0000 2026,0,Federal aviation regulators ordered billionaire Jeff Bezos' space company Blue Origin to investigate the upper-stage ‌malfunction of its New Glenn rocket during a failed weekend satellite launch from Florida. More here: https://t.co/EL30xzWzUj,2046408325709836799,,,en,,0,0,1,https://x.com/undefined/status/2046408325709836799,15110431,
2046408299210514463,Tue Apr 21 01:58:53 +0000 2026,0,$35 shipped from my PSA vault 2024 Bowman Brock Porter true blue auto /150 PSA 9 Add sales tax if you have CA shipping address https://t.co/zZSI1XYuU7,2046408299210514463,https://pbs.twimg.com/media/HGZNgGaaIAABt7D.jpg,,en,,0,0,0,https://x.com/undefined/status/2046408299210514463,1056374149608689664,
2046386740089241775,Tue Apr 21 01:58:47 +0000 2026,0,@wetwildwest Bro just ate the blue ridge mountains,2046408272769364091,,wetwildwest,en,,0,0,0,https://x.com/undefined/status/2046408272769364091,1955813948936351744,
2046408270181441953,Tue Apr 21 01:58:46 +0000 2026,0,kinda confused but if i don t get to see blue live on january 16th something very bad will happen.,2046408270181441953,,,en,,0,0,0,https://x.com/undefined/status/2046408270181441953,1552439889395961857,
2046408270030729570,Tue Apr 21 01:58:46 +0000 2026,2,$85 shipped from my PSA Vault 2025 Bowman PJ Morlando True Blue Auto /150 PSA 9 Add sales tax if you have CA shipping address https://t.co/0cIXS4gK4N,2046408270030729570,https://pbs.twimg.com/media/HGZNeckbIAA63GY.jpg,,en,,0,0,2,https://x.com/undefined/status/2046408270030729570,1056374149608689664,
2030445598264955376,Tue Apr 21 01:58:43 +0000 2026,0,@MartinB99741591 The large gallbladder is located in front of the bile duct and mimicks a cyst. However in panel D the bile duct structure can be seen (blue arrow),2046408258294894786,,MartinB99741591,en,,0,0,0,https://x.com/undefined/status/2046408258294894786,1235769200653684736,
2046408247129550915,Tue Apr 21 01:58:41 +0000 2026,3,look at those big blue eyes https://t.co/RYfyA7AqSy,2046408247129550915,https://pbs.twimg.com/media/HGZMvT6awAAgLwC.jpg,,en,,0,0,0,https://x.com/undefined/status/2046408247129550915,1556109003679211520,
2046298035114954923,Tue Apr 21 01:58:40 +0000 2026,0,@DarthDartagnan @TomeiTyler Does 44 count as an old blue,2046408243434697036,,DarthDartagnan,en,,0,0,0,https://x.com/undefined/status/2046408243434697036,2608766300,
2046408240058023974,Tue Apr 21 01:58:39 +0000 2026,0,bouta fight that blue robot!!!,2046408240058023974,,,en,,0,0,0,https://x.com/undefined/status/2046408240058023974,1924626582347419648,
2046281654210076983,Tue Apr 21 01:58:39 +0000 2026,0,@AMAZlNGNATURE All I can think is that if pegions had hair it would be blue lol.,2046408239005278545,,AMAZlNGNATURE,en,,0,0,0,https://x.com/undefined/status/2046408239005278545,1585652673193431040,
2046390342438572227,Tue Apr 21 01:58:37 +0000 2026,1,@MVCHoopsCentral If this isn t an MVC to MVC transfer specifically a C that wore blue for 3 years previously I d be surprised.,2046408230700458172,,MVCHoopsCentral,en,,0,2,0,https://x.com/undefined/status/2046408230700458172,938975171767136256,
2046408221750075743,Tue Apr 21 01:58:35 +0000 2026,1,LOVEちゃんおはようございます！55年分アイドル！！ #ATB Blue Ocean TOKYO FM 2026/4/21(火) 09:00-11:00 https://t.co/GyqvZdv70x #BlueOcean #住吉美紀 #TOKYOFM #誰にも言えないお悩み相談 #サクッと短時間で聴ける #作業がはかどる #ドライブ中におすすめ,2046408221750075743,,,ja,,0,0,0,https://x.com/undefined/status/2046408221750075743,1930233676765507584,
2046408220344819808,Tue Apr 21 01:58:34 +0000 2026,0,Right??? Have more kids he says. Population decline? Wait... We have robots now. Nevermind. Wait until one injures one of his IVF surrogate kids that he sees once in a blue moon. Oops! Bad robot!!,2046408220344819808,,,en,,0,0,0,https://x.com/undefined/status/2046408220344819808,1998055796383641600,
2046097429796155465,Tue Apr 21 01:58:31 +0000 2026,2,@billybrizzle420 @judas_ascarycat @Pillgamesh @cbdmoonrock On my 32gb ram it takes like 193 tabs to blue screen,2046408207950594551,,billybrizzle420,en,,0,0,0,https://x.com/undefined/status/2046408207950594551,1755326460670414848,
2046388292183322791,Tue Apr 21 01:58:30 +0000 2026,0,@BrandonStraka Its literally like the right wants all those gays that voted Trump to go back to being democrats. I have never seen one party squander the coalition that got them elected. Brandon its going to be a blue tsunami,2046408203668484343,,BrandonStraka,en,,0,0,0,https://x.com/undefined/status/2046408203668484343,1428381643543175173,
2046396455171039559,Tue Apr 21 01:58:30 +0000 2026,0,@OurGalaxy9 a mi me hace llorar mucho ghosting y blue spring ,2046408201877266638,,OurGalaxy9,en,,0,0,0,https://x.com/undefined/status/2046408201877266638,1972789851797049344,
2046386749895852465,Tue Apr 21 01:58:30 +0000 2026,0,@DecentAmerican1 @IAPolls2022 It s a blue state. Of course they re going to vote for Democrats.,2046408201399378358,,DecentAmerican1,en,,0,0,0,https://x.com/undefined/status/2046408201399378358,1115681430,
2046408183565140393,Tue Apr 21 01:58:26 +0000 2026,0,#NowPlaying 嗚呼!青春真っ最中 from 青いロックンロール - EP by The Paint It Blue #ThePaintItBlue #青いロックンロールEP #嗚呼青春真っ最中 https://t.co/3WRc09WFIS,2046408183565140393,https://pbs.twimg.com/media/HGZNZaLakAA0602.jpg,,ja,,0,0,0,https://x.com/undefined/status/2046408183565140393,77310006,
2046390014670446860,Tue Apr 21 01:58:22 +0000 2026,2,@USA_Crusader_FL @ariszabeymc @PopBase Trump did a good job at using hate for undocumented immigrants and Bidens weakness as a triumph card. But now that he s in office he s actually just proving why he wasn t re-elected in 2020. He s literally a failure on all fronts. War Israel Epstein tarrifs. Blue wave coming.,2046408167781769711,,USA_Crusader_FL,en,,0,0,0,https://x.com/undefined/status/2046408167781769711,1518681246167183360,
2046408162064965809,Tue Apr 21 01:58:20 +0000 2026,0,people might need more blue lock in their lifes,2046408162064965809,,,en,,0,0,0,https://x.com/undefined/status/2046408162064965809,1507279550308401183,
2046408154867503434,Tue Apr 21 01:58:19 +0000 2026,3,If the ice melts before the Blue Jays win a series I will do whatever the top reply says,2046408154867503434,,,en,,0,3,0,https://x.com/undefined/status/2046408154867503434,2008529931748425728,
2046401291191001258,Tue Apr 21 01:58:17 +0000 2026,0,@pearlythingz When did we start giving out blue ribbons for obvious mental illness? It s like a competition for whoever can display the most faulty wiring,2046408146566922385,,pearlythingz,en,,0,0,0,https://x.com/undefined/status/2046408146566922385,1723892687105904640,
2046336237460680890,Tue Apr 21 01:58:14 +0000 2026,1,@annsmit23978141 @UziCryptoo Stop lieing...in the 1970s at 14 you had a stock broker? If you did you weren't an average American....it was expensive there were fees...every day blue collar Americans didn't buy stock with the ease they can today!,2046408134369903041,,annsmit23978141,en,,0,0,0,https://x.com/undefined/status/2046408134369903041,1519419133934374912,
2046387169011368210,Tue Apr 21 01:58:12 +0000 2026,0,@FiercelyNormal YUP. His eyes are the craziest dark blue. Also? EYEBROW.,2046408127566713112,,FiercelyNormal,en,,0,1,0,https://x.com/undefined/status/2046408127566713112,21836392,
2046408123808944460,Tue Apr 21 01:58:11 +0000 2026,0,Wtf is Blue Jays doing now,2046408123808944460,,,en,,0,0,0,https://x.com/undefined/status/2046408123808944460,1984854252733546496,
2046395701114941831,Tue Apr 21 01:58:10 +0000 2026,1,@AhuraMazdaPiruz That s great information and Infact the blue structure is the Plasma dome that envelops our level and stationary earth.,2046408116393427265,,AhuraMazdaPiruz,en,,0,0,0,https://x.com/undefined/status/2046408116393427265,1350068903490187269,
2046407832182931804,Tue Apr 21 01:58:09 +0000 2026,1,I'm really enjoying Inojin's character I love what Ikemoto has done with him. Two Blue Vortex really does have such a well written cast I hope Ikemoto keeps this up with every character.,2046408114044326169,,lovelovelion_,en,,0,0,0,https://x.com/undefined/status/2046408114044326169,968615943504105473,
2046383095071268879,Tue Apr 21 01:58:07 +0000 2026,0,@LPOC_MI @MassieforKY @CCKYGOP In KY the system is rigged against any 3rd party. It is virtually impossible at the moment without aligning with Red or Blue. Id love to see some Gold roots bring fruit in the future though.,2046408107723456937,,LPOC_MI,en,,0,1,0,https://x.com/undefined/status/2046408107723456937,1028452573,
2046408094213620209,Tue Apr 21 01:58:04 +0000 2026,0,Some of the best blue crabs,2046408094213620209,,,en,,0,0,0,https://x.com/undefined/status/2046408094213620209,127962774,
2046357668567073142,Tue Apr 21 01:58:04 +0000 2026,0,@MAC_Arms It s represents nobody but the people in congress and their donors. Red/blue all the same with the same goal to fuck over the American people as hard as they can.,2046408092686979347,,MAC_Arms,en,,0,0,0,https://x.com/undefined/status/2046408092686979347,82976042,
2046408090254262352,Tue Apr 21 01:58:03 +0000 2026,0,Curadoria #fluxodossamurais . . . Eiffel 65 - Blue (KNY Factory Remix) de Ketsia Rodriguez está na #SoundCloud https://t.co/RlSavriwSn,2046408090254262352,,,es,,0,0,0,https://x.com/undefined/status/2046408090254262352,82962671,
2046408086945243478,Tue Apr 21 01:58:03 +0000 2026,24,#ByeonWooseok is the new global ambassador of Johnnie Walker Blue Label the world s No.1 Scotch whisky brand Actor Byeon Wooseok is an icon of a new era who embodies artistry refined style and cultural influence. Through this campaign we aim to present his journey to https://t.co/7yUv14edbT,2046408086945243478,https://pbs.twimg.com/media/HGZNTmEaEAAGJNQ.jpg,,en,,0,0,9,https://x.com/undefined/status/2046408086945243478,1376589391208935425,
2046347926750810395,Tue Apr 21 01:58:02 +0000 2026,1,@Edalll_ Counters also mean Counters desk on the kitchen where you have your Ketchup Mustard and Mayo The perfect Red Yellow and White Blue,2046408085766631659,,Edalll_,en,,0,0,0,https://x.com/undefined/status/2046408085766631659,1378997537701457921,
2046408075494732006,Tue Apr 21 01:58:00 +0000 2026,0, Massive milestone for the heavy-lift New Glenn rocket! Blue Origin is targeting its first-ever booster reuse this morning to launch the AST SpaceMobile BlueBird 7 satellite. A crucial step for commercial space-based broadband. https://t.co/MC6G7664iu #BlueOrigin #NewGlenn,2046408075494732006,,,en,,0,0,0,https://x.com/undefined/status/2046408075494732006,477369647,
2046380574559080489,Tue Apr 21 01:57:57 +0000 2026,0,@TheHoopCentral Does he have those blue hospital socks on?,2046408064744489379,,TheHoopCentral,en,,0,0,0,https://x.com/undefined/status/2046408064744489379,1650514804925247488,
2046408053747274034,Tue Apr 21 01:57:55 +0000 2026,0,cum? ⎐كُود⎐⎐نمشي⎐ ⊵MFM2⊴ ⎐فىرست⊴كراى⊴⎐ ⊵RR10⊴ ⎐الدخےل▬للعود⎐ ▤BS26▤ ⎐كؤِبُون⎐Royal Blue ^^^^ ⎐خـِصم⎐F9TRZPhlUTrO https://t.co/8q7QtdFpMq,2046408053747274034,https://pbs.twimg.com/media/HGZNRd7akAAUuL4.jpg,,und,,0,0,0,https://x.com/undefined/status/2046408053747274034,1921396214332817408,
2046365089159070124,Tue Apr 21 01:57:54 +0000 2026,0,@RealAlexJones If you ever want to redeem yourself you hold his feet to the fire and force the issues that need to be dealt with. This isn t about red vs blue anymore- America is ours not his. He needs to be removed.,2046408050869748053,,RealAlexJones,en,,0,0,0,https://x.com/undefined/status/2046408050869748053,40470597,
2046121695459823810,Tue Apr 21 01:57:53 +0000 2026,0,@purplewitchtt blue will be useful as i lose weight and when i maintain afterwards,2046408046734107065,,purplewitchtt,en,,0,0,0,https://x.com/undefined/status/2046408046734107065,1971709209038422016,
2046408041655144780,Tue Apr 21 01:57:52 +0000 2026,0,Come to Xinjiang in autumn once and you ll understand what layers of beauty really mean. Golden forests a deep blue sky and snowy peaks in the distance stack together like the whole season has been painted into one scene. Standing he... #GoldenForest #SnowyPeaks #AutumnScenery https://t.co/ce9lKVBh6W,2046408041655144780,https://pbs.twimg.com/amplify_video_thumb/2046406706746556416/img/F-Pp0_j22cyAHteB.jpg,,en,,0,0,0,https://x.com/undefined/status/2046408041655144780,2004407803130400768,
2044633470081884237,Tue Apr 21 01:57:48 +0000 2026,0,６日連続ランクイン、ありがとうございます オビナタナオマサ の Ukulele Blue Sky が、iTunes Store (オランダ) の インストゥルメンタル トップソング で30位を記録 (2026年04月21日) リリース詳細は https://t.co/Us2Kxduikr,2046408026383695882,,blues_boycom,ja,,0,0,0,https://x.com/undefined/status/2046408026383695882,3312231164,
2046408016602513694,Tue Apr 21 01:57:46 +0000 2026,9, Blue is the color of spring Thank you to the client for allowing me to try some solid color levels #fursuit #furry #fursuitwork #FursuitEveryday #fursuiter #fursuit #furries #兽装 https://t.co/W0nqtqsA6P,2046408016602513694,https://pbs.twimg.com/media/HGZNPO2bMAA-6NJ.jpg,,en,,0,0,3,https://x.com/undefined/status/2046408016602513694,1734151818261700608,
2046378347186504188,Tue Apr 21 01:57:43 +0000 2026,0,@VANSHlES blue box!,2046408005256880290,,VANSHlES,en,,0,1,0,https://x.com/undefined/status/2046408005256880290,1571006641549746184,
2046408003486728670,Tue Apr 21 01:57:43 +0000 2026,0,Up next we have sky blue vs Roxanne Perez https://t.co/RP6mZWxIkt,2046408003486728670,https://pbs.twimg.com/media/HGZNOxSboAAggb1.jpg,,en,,0,1,0,https://x.com/undefined/status/2046408003486728670,1483505969762127875,
2046393797425213576,Tue Apr 21 01:57:40 +0000 2026,0,@wcdispatch Terry is a true blue commie operative.,2046407992283996332,,wcdispatch,en,,0,0,0,https://x.com/undefined/status/2046407992283996332,1296961178657271812,
2045699795134631965,Tue Apr 21 01:57:40 +0000 2026,1,@AllottaWatcher @LauraLoomer Blue wave? What an interesting thing for you to say now ..,2046407991981944836,,AllottaWatcher,en,,0,0,1,https://x.com/undefined/status/2046407991981944836,2007511497459781632,
2046407988739477655,Tue Apr 21 01:57:39 +0000 2026,0, Jorge Soler singles on a ground ball to left fielder Davis Schneider deflected by shortstop Ernie Clement. Nolan Schanuel scores. Toronto Blue Jays 0 - Los Angeles Angels 1 ⬇️ 1st,2046407988739477655,,,en,,0,0,0,https://x.com/undefined/status/2046407988739477655,1774616557659820032,
2046407984205504889,Tue Apr 21 01:57:38 +0000 2026,0,netjames para mi ahora es en términos tiexteros yeongyu blue hour osea jaja sufro desde hace dos años y dos meses exactos,2046407984205504889,,,es,,0,0,0,https://x.com/undefined/status/2046407984205504889,1795290133735821312,
2046407953805168696,Tue Apr 21 01:57:31 +0000 2026,0,Your corruptness is finally coming out. Your time has come. Time to get a new jacket. But not a blue one. A bright orange one!,2046407953805168696,,,en,,0,0,0,https://x.com/undefined/status/2046407953805168696,1776350581881483264,
2046369050029097063,Tue Apr 21 01:57:29 +0000 2026,0,@SyrupDawgs @HamDawg115 Georgia ain t no blue blood buddy nobody respected you 130 years ago and nobody respects ur shit program today enjoy the 8-2 run it ll be over soon and to answer ur question 1 undefeated season,2046407946301530127,,SyrupDawgs,en,,0,1,0,https://x.com/undefined/status/2046407946301530127,2030366392843927552,
2046302885860843729,Tue Apr 21 01:57:28 +0000 2026,0,@SchmoopyWoopy @giveashitnature @Sigmundine2 Looking at my neighborhood windows at night a lot of people like the 4500-5K lights. If only they knew how blue light at night messes up their health. (I'm all 2700K.),2046407943994724429,,SchmoopyWoopy,en,,0,0,0,https://x.com/undefined/status/2046407943994724429,1585061799820500997,
2046093643514012047,Tue Apr 21 01:57:28 +0000 2026,0,@ilovechatban a...a red white and blue flag?,2046407940790178057,,ilovechatban,en,,0,0,0,https://x.com/undefined/status/2046407940790178057,1586713648038289408,
2046407926131159460,Tue Apr 21 01:57:24 +0000 2026,0,#XAUUSD 1st &amp; 2nd TP Marked Done Cheers 100+Pips Collected Blue Profits ,2046407926131159460,,,en,,0,0,0,https://x.com/undefined/status/2046407926131159460,889904807930191872,
2046407899296194881,Tue Apr 21 01:57:18 +0000 2026,0,e.m.MARIAGE【Bridal Ring Preview】青山で開催！4/24～5/31全サンプル試着OK成約でブルーダイヤ1石インサイド特典！Something Blueの幸せをリングに #ジュエリー 詳細はこちら https://t.co/cj1owIpE2E https://t.co/MOjLa6hc6x,2046407899296194881,https://pbs.twimg.com/media/HGZNI-FasAAtmlO.jpg,,ja,,0,0,0,https://x.com/undefined/status/2046407899296194881,2988736030,
2046407897978896815,Tue Apr 21 01:57:17 +0000 2026,0, ABS CHALLENGE Tyler Heineman challenged a called ball vs. Mike Trout Blue Jays @ Angels | Bot 1 Result: OVERTURNED HP Umpire: Brian Walsh #BlueJays50 #RepTheHalo https://t.co/rhekBxb8Qq,2046407897978896815,https://pbs.twimg.com/media/HGZNI6ha4AAtvYE.jpg,,en,,0,0,0,https://x.com/undefined/status/2046407897978896815,2028188453905858560,
1847100518738677959,Tue Apr 21 01:57:17 +0000 2026,0,@epawitter1 @revathylondon @alagar_raghavan @JohnSun33348514 @Porkodibala @SMOHAN74515100 @RmRamu5 @Neelavannan_VV @Vanjikumar1011 @Vishwa370Kumar @ParamasivamRam7 @Ksaras219 @Kannagi_Bala @MBKINDIA @Pugal0405gmail4 @tamilantalks @arasimetal @Aathiraj8585 @P_I_Swathi @RKamala74265811 @Lakshma07776875 @syed2029 @manimar23055910 @RKEngineers976 @PChandran49 @Dhakshina23 @Vishwan2106 @MohanKu03143568 @GSELVARAJU3 @fly2aziz @porkodichellama @cankikalin41882 @AbdulTariq52687 @Ethiraj25048473 @subramaniangood @SelvabaiJ55505 @Arivu1969 @Balasub41830372 @PBalasundaram7 @slcsekaran @balavelagri @Gandeeban6 @benazir82896 @VSHANMU01079503 @JambuDweepa73 @OfficeOfVN @parasuraman1964 @MurthyK49792741 @5Yw8a2P8ZnFfiBX அதற்குத்தான் blue tick வாங்கணுமாமே. எங்கள் பிள்ளைகள் இப்போதே நீங்கள் தேவையில்லாத வேலைதான் செய்கிறீர்கள் என்கிறார்கள். Blue tick வேண்டும் என்று சொன்னால் போதும் போதும் இருக்கிற app எதையும் ஒழுங்காக பயன்படுத்தத் தெரியல ...என்று கோபித்துக் கொள்வார்கள்.,2046407897652089045,,epawitter1,ta,,0,0,0,https://x.com/undefined/status/2046407897652089045,1495060111261192192,
2046220545218290075,Tue Apr 21 01:57:17 +0000 2026,0,@EricLDaugh Blue all the way,2046407895219134941,,EricLDaugh,en,,0,0,0,https://x.com/undefined/status/2046407895219134941,1294446712996728832,
2046407887371546891,Tue Apr 21 01:57:15 +0000 2026,0,Not even if you bathe ina blue that nah go help yuh link @_xnes fi some oil or sumn,2046407887371546891,,,en,,0,0,0,https://x.com/undefined/status/2046407887371546891,1094349319140986880,
2046330940755177490,Tue Apr 21 01:57:14 +0000 2026,1,@NoPhule I think there are a lot less dummies now...except in blue states and Europe,2046407884943290487,,NoPhule,en,,0,1,1,https://x.com/undefined/status/2046407884943290487,127941629,
2046237042288312749,Tue Apr 21 01:57:14 +0000 2026,0,@Patrickwebb Breaking News the grass is green and the sky is blue,2046407883592499586,,Patrickwebb,en,,0,0,0,https://x.com/undefined/status/2046407883592499586,388621785,
2046250696123527292,Tue Apr 21 01:57:13 +0000 2026,0,@RahmanAyobami4 @Itz__Priscy Having a blue purse on a blue trouser is over doing it.,2046407880958456228,,RahmanAyobami4,en,,0,0,0,https://x.com/undefined/status/2046407880958456228,1721174937174409216,
2045228141598101613,Tue Apr 21 01:57:12 +0000 2026,0,@CaffMomREDACTED I vote everytime there is a vote. I live in SWVA which is still red but The east coast of Virginia along with these liberal college towns will fuck Virginia up. In 10 years these same dumbasses that voted blue will be fleeing the state after they ruin it.,2046407875023581649,,CaffMomREDACTED,en,,0,0,0,https://x.com/undefined/status/2046407875023581649,1626805857907273728,
2046040886438473866,Tue Apr 21 01:57:10 +0000 2026,0,@RealCandaceO I think you took to much of Alex Jones' methalane blue.,2046407866509127945,,RealCandaceO,en,,0,0,0,https://x.com/undefined/status/2046407866509127945,838007445167407104,
2046407865213067723,Tue Apr 21 01:57:10 +0000 2026,0,Bro they're trying to do red scare shit in 2026 lmao. There will be no blue wave for this dusty ass party in November,2046407865213067723,,,en,,0,0,0,https://x.com/undefined/status/2046407865213067723,1634834161189142528,
2046407863862530250,Tue Apr 21 01:57:09 +0000 2026,0,to be honest i ve lost all energy fo avatar movies ive watched either one or two maybe it was good i respect james cameron i love titanic but u cannot get into this i still need to finish the last lore movie thsi is too much new blue aliens for me,2046407863862530250,,,en,,0,0,0,https://x.com/undefined/status/2046407863862530250,1485223312909168647,
2046407855021117906,Tue Apr 21 01:57:07 +0000 2026,0,i cant click on my desktop while I'm doing stuff or i will get distracted by my wallpaper of blue melon mommy https://t.co/GKU8VSDMXY,2046407855021117906,https://pbs.twimg.com/media/HGZMz8ZbwAAVLjj.jpg,,en,,0,0,0,https://x.com/undefined/status/2046407855021117906,1836217458220503042,
2046407710007275619,Tue Apr 21 01:56:33 +0000 2026,0,Blue Origin rocket grounded after satellite 'mishap' https://t.co/2cpnBHxUOs https://t.co/PEm4TjJzBb,2046407710007275619,https://pbs.twimg.com/media/HGZM9-9asAEJbQu.jpg,,en,,0,0,0,https://x.com/undefined/status/2046407710007275619,2216125536,
2046407708056711270,Tue Apr 21 01:56:32 +0000 2026,0,Looks a little blue and .maize? Finally recognition for the radical minority of Cleveland fans who are Michigan fans as well #LetEmKnow #GoBlue https://t.co/gwyAkLYWOi,2046407708056711270,https://pbs.twimg.com/media/HGZM9W_bgAAbNmT.jpg,,en,,0,0,0,https://x.com/undefined/status/2046407708056711270,1963170163,
2046407707230695657,Tue Apr 21 01:56:32 +0000 2026,0,That Lethe tweet popped off so hard she got blue mark p*rnbots replying AND artists making comics of the tweet absolute insanity,2046407707230695657,,,en,,0,0,0,https://x.com/undefined/status/2046407707230695657,1297933437794308104,
2046407701341610366,Tue Apr 21 01:56:31 +0000 2026,6,#OnThisDay 1989 New Order @ Astroworld Houston Round And Round Ceremony Dream Attack All The Way Vanishing Point Your Silent Face Touched By The Hand Of God Mr. Disco True Faith Temptation BLT The Perfect Kiss Blue Monday Fine Time Malcolm James https://t.co/baDWqbhwt9,2046407701341610366,https://pbs.twimg.com/media/HGZM87ObMAA2FP3.jpg,,en,,0,1,1,https://x.com/undefined/status/2046407701341610366,975462369320226816,
2046406034546127149,Tue Apr 21 01:56:29 +0000 2026,0,@HunterHodies And now I m pissed because I was 5-0 in my Geno jerseys this year including being 3-0 in the winter classic baby blue and now I m 3-1 / 5-1 . I m pissed. Welp next up throwing on the EK sweater and if that doesn t work we re absolutely cooked ladies and gents because I m 7-0,2046407695440216372,,HunterHodies,en,,0,0,0,https://x.com/undefined/status/2046407695440216372,1966226626598907904,
2046407687865315759,Tue Apr 21 01:56:27 +0000 2026,0,क्यों? ⎐كُود⎐⎐ترينديول⎐ ⊵OMM⊴ ⎐ماماز▬اند▬باباز⎐ ⊵A888⊴ ▬جىني⎐ ⊵AAK1⊵ ⎐كؤِبُون⎐Electric Blue ^^ ⎐خـِصم⎐4htyTNC17JaUd https://t.co/15Q1YHRe4G,2046407687865315759,https://pbs.twimg.com/media/HGZM8TCawAAOsai.jpg,,und,,0,0,0,https://x.com/undefined/status/2046407687865315759,1879877860887863296,
2046407682538524926,Tue Apr 21 01:56:26 +0000 2026,1,Blown Glass Art Glass Small Basket 8.5-inch Green yellow Splatter Cobalt Blue Handle https://t.co/HVVM593VS2 via @Etsy,2046407682538524926,,,en,,0,0,1,https://x.com/undefined/status/2046407682538524926,382735881,
2046290716109013398,Tue Apr 21 01:56:25 +0000 2026,1,@ricardopuentesm @ricardopuentesm los escuche a los dos esta mañana en blue en un taxi q aborde y siento pena ajena toda la intervención rondo en torno a AUV ni una sola propuesta todo es AUV vs Cepeda y cía 4 años más en poder de la misma bandola,2046407678935597170,,ricardopuentesm,es,,0,0,0,https://x.com/undefined/status/2046407678935597170,1433847001465171979,
2046075234814452034,Tue Apr 21 01:56:23 +0000 2026,0,@Kontoncito WITH A BLUE JAY??? HOLY AURA FARM congrats also LMAO but the bird is killing me,2046407667715830029,,Kontoncito,en,,0,0,0,https://x.com/undefined/status/2046407667715830029,1921369532892958720,
2046407658006057134,Tue Apr 21 01:56:20 +0000 2026,0,Yall really want Drake to not have any mention to the battle on this this ice man album because he lost. Yall buggin Jay Z lost to Nas and on Blue Print 2 and still talked about the battle and Nas. Stop the bull shit...,2046407658006057134,,,en,,0,0,0,https://x.com/undefined/status/2046407658006057134,898646566923358209,
2045266382518878366,Tue Apr 21 01:56:17 +0000 2026,1,@James_NWR Cultural: Hollywood Broadway television networks the sitcom blue jeans comic books video games and most of the good Christmas songs. Teddy bears and Barbie s. Also Jews invented the first method for fixing nitrogen (fertilizer) and drip irrigation which is credited,2046407642348736615,,James_NWR,en,,0,1,0,https://x.com/undefined/status/2046407642348736615,2027844914239713280,
2046407641841201445,Tue Apr 21 01:56:16 +0000 2026,0,I just find humor in Pitino getting a prized player to play for a small Catholic school over a blue blood he won a natty with 30 years ago. Also that player came from the university Pitino beat 30 years ago Wild.,2046407641841201445,,,en,,0,0,0,https://x.com/undefined/status/2046407641841201445,1255844899620040715,
2046407632890871877,Tue Apr 21 01:56:14 +0000 2026,0,Purlieus? ⎐كُود⎐⎐تويو⎐ ⊵A73⊴ ⊴6ستريت⎐6 ستريت⎐ ⎐A88⊴ ⎐ترنديول⎐ ⊵OMM⊴ ⎐كؤِبُون⎐Sun Blue ^^^ ⎐خـِصم⎐Wdpn43UI3hJA https://t.co/TLtZGLdEjO,2046407632890871877,https://pbs.twimg.com/media/HGZM5ATaAAAq9Q3.jpg,,und,,0,0,0,https://x.com/undefined/status/2046407632890871877,1502262358017781762,
2046253464754548855,Tue Apr 21 01:56:14 +0000 2026,0,@thecricketgully Tilak Varma joining an MI hall of fame list featuring Pollard Rohit Hardik and Jayasuriya last night. The boy is writing his own legacy in blue! ,2046407632798519671,,thecricketgully,en,,0,0,0,https://x.com/undefined/status/2046407632798519671,2034954643445620741,
2046407630952726540,Tue Apr 21 01:56:14 +0000 2026,0,the morning light is turning blue the feeling is bizarre,2046407630952726540,,,en,,0,0,0,https://x.com/undefined/status/2046407630952726540,1419835874741821440,
2046259139479818525,Tue Apr 21 01:56:11 +0000 2026,1,@thesourcemzk Me and my Jewish Friends and we All Suits/I ain t talking dressing for the blue shield when I say Law Suits/paperwork penning me the victim when I called for the shoots/they couldn t walk inside my shoes cause they tall boots ,2046407618655092991,,thesourcemzk,en,,0,0,0,https://x.com/undefined/status/2046407618655092991,2011759547925610502,
2046407584127799717,Tue Apr 21 01:56:03 +0000 2026,1,吉祥寺Blue Sheep Books 臨時休業でしたが今日から通常営業です！ （平日の13-17時） 神保町ブックフェアに持っていったような 少しだけ傷のある「訳あり本」は半額。 在庫は日々変わるので、何があるかは来てのお楽しみです。,2046407584127799717,,,ja,,0,0,0,https://x.com/undefined/status/2046407584127799717,1193901981959475206,
2045513164348113317,Tue Apr 21 01:56:02 +0000 2026,0,@NarutoNolimits I forgive u. I earn my cars. I work blue color jobs. To keep my freedom. I m not the money handlers,2046407579761352987,,NarutoNolimits,en,,0,0,0,https://x.com/undefined/status/2046407579761352987,2030510717699280896,
2046348109190463720,Tue Apr 21 01:55:57 +0000 2026,0,@eyecdcoffee blue lock and kuroko but tbh they re not entirely wrong about blue lock,2046407559406317694,,eyecdcoffee,en,,0,0,0,https://x.com/undefined/status/2046407559406317694,1489095526188523521,
2045559391739588948,Tue Apr 21 01:55:57 +0000 2026,0,@KdaZion @the_jefferymead So many are. Florida Tennessee. and Texas are running out of real estate fast. Low crime low cost of living and low taxes. We are praying that the people running to our states leave their blue policies at their previous residence. We don t want those ruining our neighborhoods,2046407558903070852,,KdaZion,en,,0,0,0,https://x.com/undefined/status/2046407558903070852,1936071198766477312,
2046365089159070124,Tue Apr 21 01:55:56 +0000 2026,0,@RealAlexJones Honestly I personally believe that Donald Trump was our last hope and chance and he failed us so now the maga movement/Republicans are just over it at least I am I say let it all burn at this point we re screwed either way! Blue or Red it s all the same corrupted system!!!,2046407557213040865,,RealAlexJones,en,,0,0,0,https://x.com/undefined/status/2046407557213040865,1267394693039484930,
2046357126738571741,Tue Apr 21 01:55:55 +0000 2026,0,@TheRalphRetort Prediction time: @TheQuartering will appear with a blue eye and bruises this week on his stream. This is because he asked if he can prep Ralph for his wife and promptly got decked.,2046407550199906431,,TheRalphRetort,en,,0,0,0,https://x.com/undefined/status/2046407550199906431,857517165133647872,
2046110898822300039,Tue Apr 21 01:55:52 +0000 2026,0,@melsxmiku @goldensflowers @BenedekGamer MIKU IS BLUE YOU FAKER,2046407540364427420,,melsxmiku,en,,0,0,0,https://x.com/undefined/status/2046407540364427420,1803869801699512324,
2046390155796426809,Tue Apr 21 01:55:51 +0000 2026,1,@mimi_chann22 powder blue and brown and matcha green and pink!!!,2046407534366556464,,mimi_chann22,en,,0,1,0,https://x.com/undefined/status/2046407534366556464,1692170579993149440,
2046407525768012202,Tue Apr 21 01:55:49 +0000 2026,0,The blue check system is the worst thing ever,2046407525768012202,,,en,,0,0,0,https://x.com/undefined/status/2046407525768012202,1351006018805886982,
2046173176556593527,Tue Apr 21 01:55:43 +0000 2026,0,@Doctors__TARDIS @KTforBiden @KurtNiceHHL You assholes spent 2024 telling leftists to fuck off. Kamala told us to fuck off. Your delegates covered their ears so as not to hear us. Blue maga told me 1000s of times in 2024 that they didn't need leftists' vote. So we fucked off. We didn't vote for her. Now you can fuck off.,2046407502674411891,,Doctors__TARDIS,en,,0,0,0,https://x.com/undefined/status/2046407502674411891,794824351971323904,
2046407484437336427,Tue Apr 21 01:55:39 +0000 2026,20,Did any of you use a blue flame to celebrate today? #BurnBlue,2046407484437336427,,,en,,1,6,0,https://x.com/undefined/status/2046407484437336427,899858978418642944,
2046407478385242615,Tue Apr 21 01:55:37 +0000 2026,0,Byte? ⎐كُود⎐⎐نون⎐ ⊵QT54⊴ ⎐وايتس▬صيدليات▬ويت⎐ ⎐B98⎐ ▬صيدلية▬النهدي⎐ ⎐NJ5Q⎐ ⎐كؤِبُون⎐Moon Blue ^^^^ ⎐خـِصم⎐837xNKghWOK0 https://t.co/NfS5pj3Jpe,2046407478385242615,https://pbs.twimg.com/media/HGZMv9hbwAA6kY6.jpg,,ar,,0,0,0,https://x.com/undefined/status/2046407478385242615,794073540454711297,
2046384311373303955,Tue Apr 21 01:55:37 +0000 2026,1,@66human And whatever ppl may think I do belive the scent of oranges out of the blue is a really good sign of faith that it likes the changes we have made. This house STUNK like necrotic tissue when we bought it. So there you go.,2046407477302866335,,GailSpeculates,en,,0,1,0,https://x.com/undefined/status/2046407477302866335,119947220,
2046407473180082303,Tue Apr 21 01:55:36 +0000 2026,0,Tag? ⎐كُود⎐⎐تُيموُ⎐ ⊵TEM21⊴ ⎐الشمس⎐والرمال⎐صن⎐اند⎐ساند⎐ ⊵ABC31⊴ ⎐دبدوب⎐ ⊵A5⊴ ⎐كؤِبُون⎐Pure Blue ^^ ⎐خـِصم⎐2Lf3caeR4FuD https://t.co/DnITZF2jzW,2046407473180082303,https://pbs.twimg.com/media/HGZMvsNaEAAjBaA.jpg,,ar,,0,0,0,https://x.com/undefined/status/2046407473180082303,3312913336,
2046407471330439217,Tue Apr 21 01:55:36 +0000 2026,0, ABS CHALLENGE SUCCESSFUL Not even robots can save you from striking out in another meaningless September Tyler Heineman (Catcher) challenges. Matchup: Dylan Cease vs Mike Trout Ump called: Ball The ABS system says the ump got it wrong. Toronto Blue Jays @ Los https://t.co/5JTZX8hOpv,2046407471330439217,https://pbs.twimg.com/media/HGZMwAVbIAAV_B-.jpg,,en,,0,0,0,https://x.com/undefined/status/2046407471330439217,2033401761260773376,
2046406816855191957,Tue Apr 21 01:55:32 +0000 2026,0,@Learnernoearner I think blue would be a safer play.,2046407454871675007,,Learnernoearner,en,,0,0,0,https://x.com/undefined/status/2046407454871675007,1884686432494813184,
1919427614512685403,Tue Apr 21 01:55:31 +0000 2026,0,@rvanomaly @JillLafavor @Cekr4u2 @Matea98900419 @Nicole158424 @frankiesfight @fchartier78 @IdeasBold45141 @druzakjakaria @4288M4288 @teanhe63 @kwon83269583 @teddylovebama @NotOpCue @iontecs_pemf @LOVESD2024 Bubble pop? Project Blue Beam's scalar fields flipping realities since the '90s. Group meditations as triggers your complex? Just an anchor glitch. What's your new Mandela tomorrow?,2046407451650437246,,rvanomaly,en,,0,0,0,https://x.com/undefined/status/2046407451650437246,1863935340043767809,
2046386057990619347,Tue Apr 21 01:55:30 +0000 2026,0,@CheckrboardCope @BoxOfficeVols Would spend so much coin on the light blue zip.,2046407447724576840,,CheckrboardCope,en,,0,0,0,https://x.com/undefined/status/2046407447724576840,1434102018,
2046407447447765241,Tue Apr 21 01:55:30 +0000 2026,0,``` ABS Challenge Blue Jays 0 Angels 0 Bot 1 Count: 0-1 Dylan Cease vs Mike Trout Called: Ball ABS: Strike Result: Overturned → Count: 0-2 #BlueJays #Angels #MLB ```,2046407447447765241,,,en,,0,0,0,https://x.com/undefined/status/2046407447447765241,1934729316128182274,
2046407428976390372,Tue Apr 21 01:55:26 +0000 2026,2,【デジモバ館 パーツコーナー】 4月18～24日限定商品 3.5インチハードディスク Western Digital Blue Series WD120EAGZ 容量：12TB 価格:￥52.980(税込) 大容量でお得なHDDが限定特価品でございます！ 容量が足りない方、ゲームなどの録画に使用されている方 是非この機会に購入検討いかがですか？ https://t.co/d5CwdEadc4,2046407428976390372,https://pbs.twimg.com/media/HGZLa0vaIAAvc-W.jpg,,ja,,0,0,0,https://x.com/undefined/status/2046407428976390372,130039031,
2046362218946502657,Tue Apr 21 01:55:25 +0000 2026,1,@PlaysEdgey @MerdyWorld79 Yummy Blackened Blue Corn Tortillas. https://t.co/7ODnjTuHM7,2046407426212016268,https://pbs.twimg.com/tweet_video_thumb/HGZMtKubEAAmLT7.jpg,PlaysEdgey,en,,0,0,0,https://x.com/undefined/status/2046407426212016268,132230130,
2046407423867400272,Tue Apr 21 01:55:24 +0000 2026,0,Blue Herring II original piano https://t.co/71dO8lzMh4,2046407423867400272,https://pbs.twimg.com/amplify_video_thumb/2046407147085258752/img/FUFnS1_zpowIQJZI.jpg,,en,,0,0,0,https://x.com/undefined/status/2046407423867400272,412676939,
2046407404431233338,Tue Apr 21 01:55:20 +0000 2026,0,Check out the new update for Emerald Blue! 新しいエメラルドブルーのアップデートをチェックしてください https://t.co/9SKMVEaIu5,2046407404431233338,https://pbs.twimg.com/amplify_video_thumb/2046406571958415360/img/SL5WjS-32gFfh36C.jpg,,ja,,0,0,0,https://x.com/undefined/status/2046407404431233338,1942278813867728898,
2046351559169348015,Tue Apr 21 01:55:18 +0000 2026,0,@acnewsitics @ScottImmordino Plano is in a very red county in Texas. Over the last 10 years it s moving to blue. Racists hate that.,2046407397766230083,,acnewsitics,en,,0,0,0,https://x.com/undefined/status/2046407397766230083,828301557636571136,
2045879396146335969,Tue Apr 21 01:55:18 +0000 2026,0,@middle_class_us Vote red. Blue will tax every penny you have and call you a racist bigot for not paying up.,2046407396650877196,,middle_class_us,en,,0,0,0,https://x.com/undefined/status/2046407396650877196,1841161230989324296,
2046053992032350373,Tue Apr 21 01:55:15 +0000 2026,0,@AntiLeftMemes @Tim_Walz : You're a retarded gun grabbing blue falcon,2046407386001285458,,AntiLeftMemes,en,,0,0,0,https://x.com/undefined/status/2046407386001285458,1100077262,
2046386845181710714,Tue Apr 21 01:55:15 +0000 2026,0,@YeetachuAnimate Blue pikmin as a pet,2046407385040769412,,YeetachuAnimate,in,,0,0,0,https://x.com/undefined/status/2046407385040769412,1461409128677580800,
2046407376929198539,Tue Apr 21 01:55:13 +0000 2026,3,ปล่อยบัตร zone 3 200 ฝั่ง blue (()) zone FA-FFB สนใจสอบถามได้นะคะ #PEPSIpresentsOLYMPOP2 #OLYMPOP #OLYMPOP2026,2046407376929198539,,,th,,0,3,1,https://x.com/undefined/status/2046407376929198539,885964477836935168,
2046407363641651287,Tue Apr 21 01:55:10 +0000 2026,0,SE? ⎐كُود⎐⎐تويو⎐ ⊵A73⊴ ▬المطار▬ ⊵M1⊴ ⎐عطور▬جراس▬غراس▬قراس⎐ ⎐RR3⊴ ⎐كؤِبُون⎐Deep Blue ^^^^ ⎐خـِصم⎐HbBJT8oOH2tyl https://t.co/VBN6TpylVd,2046407363641651287,https://pbs.twimg.com/media/HGZMpYaaEAAIH2m.jpg,,ar,,0,0,0,https://x.com/undefined/status/2046407363641651287,1844035982271664128,
2046369050029097063,Tue Apr 21 01:55:08 +0000 2026,0,@Cjhenry611629 @HamDawg115 Sweetheart Uga has beat your ass for the last decade. Run your mouth when you earn the right to. I don t have time for you wasting my time. Yes Uga is a blue blood. They have been relevant over a century. Several undefeated seasons. How many undefeated seasons has UF had?,2046407356305564083,,Cjhenry611629,en,,0,2,0,https://x.com/undefined/status/2046407356305564083,1125250999,
2046407225787179408,Tue Apr 21 01:55:06 +0000 2026,1,@mortalmikasa Is the sky blue ,2046407348013453601,,mortalmikasa,en,,0,0,0,https://x.com/undefined/status/2046407348013453601,1574438029,
2046407340203602277,Tue Apr 21 01:55:04 +0000 2026,0,ktorý? ⎐كُود⎐⎐نمشي⎐ ⊵MFM3⊴ ⎐ريف▬للعطور⎐ ⊵OMG⊴ ⎐جىني⎐ ⊵AAK1⊴ ⎐كؤِبُون⎐Warm Blue ^^ ⎐خـِصم⎐M810ir9fSQjp https://t.co/8paIJzG74C,2046407340203602277,https://pbs.twimg.com/media/HGZMoHzbkAAhMPN.jpg,,und,,0,0,0,https://x.com/undefined/status/2046407340203602277,1886553074342227969,
2046407339209879695,Tue Apr 21 01:55:04 +0000 2026,3,ノーマンのJFK to LA - BLUEをゲットできて幸せ‍⬛ 会場までどうか何事もなく着きますように,2046407339209879695,,,ja,,0,0,0,https://x.com/undefined/status/2046407339209879695,1037025371953061888,
2046407334470303938,Tue Apr 21 01:55:03 +0000 2026,0,NASA Astronaut board Artims II captured this jaw dropping view of the Blue Marble https://t.co/fOgqA6A4Va,2046407334470303938,https://pbs.twimg.com/amplify_video_thumb/2046008958511702016/img/ZVCfSz258kuefu7d.jpg,,en,,0,0,0,https://x.com/undefined/status/2046407334470303938,3058271848,
2046400515907416306,Tue Apr 21 01:54:59 +0000 2026,0,@BobHugginsDrunk @MattGajtka They need a better blue line,2046407319102054861,,BobHugginsDrunk,en,,0,1,0,https://x.com/undefined/status/2046407319102054861,1489033357,
2046228807611204085,Tue Apr 21 01:54:59 +0000 2026,0,@ChuckGrassley Glad you re doing well after surgery. Take your time recovering. Seriously. Maybe someone can end blue slips and confirm some judicial appointments while you re gone.,2046407315864039802,,ChuckGrassley,en,,0,0,0,https://x.com/undefined/status/2046407315864039802,1702057502504886272,
2045211382560244155,Tue Apr 21 01:54:58 +0000 2026,1,@CODUpdates I don't think you understand the severity of this. This isn't happening once in a blue moon. It's happening Every. single. Match. Every. Day. The game is Unplayable for Everybody. I invite you to try DMZ if you don't believe me. @CallofDuty @CallofDutyCM @CODUpdates @InfinityWard,2046407315033612577,,CODUpdates,en,,0,1,0,https://x.com/undefined/status/2046407315033612577,2032164757487435777,
2046407311326126546,Tue Apr 21 01:54:58 +0000 2026,0,Selling 3 tickets for Toronto Blue Jays July 1 at 3:07 PM at Rogers Centre Toronto $102.3 each Can transfer right away DM me,2046407311326126546,,,en,,0,1,0,https://x.com/undefined/status/2046407311326126546,2015427226888769536,
2046389190879785364,Tue Apr 21 01:54:54 +0000 2026,0,@ChiButterScotch @BigGayVladdy That s the truth. I was there &amp; my pigmentation didn t get nearly that neon. I Did rock a light blue ️ tho on occasion srsly! https://t.co/y2FDmbBuLM,2046407296553546107,https://pbs.twimg.com/tweet_video_thumb/HGZMljDbQAANx0V.jpg,ChiButterScotch,en,,0,0,0,https://x.com/undefined/status/2046407296553546107,487686623,
2046198347825037439,Tue Apr 21 01:54:53 +0000 2026,0,@KojoAmo_Sports @mpd0429 Sure! The Japanese post translates to: People calling Montbell lame again... Haven't you forgotten already? It's not that Montbell is lame it's that *we* are the lame ones y'know? (The attached photo shows a stylish guy rocking a blue Montbell jacket at a waterfall driving,2046407292069789912,,KojoAmo_Sports,en,,0,0,0,https://x.com/undefined/status/2046407292069789912,1720665183188922368,
2046407286755668015,Tue Apr 21 01:54:52 +0000 2026,0,Specimen? ⎐كُود⎐⎐نمشي⎐ ⊵RD12⊴ ⎐دليل▬ستور⎐ ⊵A19⊴ ⎐بلومينج▬وير⎐ ⊵B60⊴ ⎐كؤِبُون⎐Dark Blue ^^^^ ⎐خـِصم⎐vO39URIWEFbB https://t.co/g3vFXZi9Hr,2046407286755668015,https://pbs.twimg.com/media/HGZMlB9aUAAdgLR.jpg,,und,,0,0,0,https://x.com/undefined/status/2046407286755668015,946433636001304576,
2046407282553217174,Tue Apr 21 01:54:51 +0000 2026,1,A lot of moderates oppose blue states redistricting because they say gerrymandering is anti-democracy. I disagree. Republicans are actively trying to destroy democracy right before our eyes. So I'd argue any map that favors Democrats is pro-democracy and I will die on this hill.,2046407282553217174,,,en,,0,0,0,https://x.com/undefined/status/2046407282553217174,1984141941702021120,
2046407280095117626,Tue Apr 21 01:54:50 +0000 2026,0,Jeff Bezos announced the successful landing of the first stage of Blue Origin s New Glenn rocket on the drone ship (Jacklyn) https://t.co/gUDDhwVdvZ,2046407280095117626,https://pbs.twimg.com/amplify_video_thumb/2046407067364446208/img/l8hWHVcllFbu7zhR.jpg,,en,,0,0,0,https://x.com/undefined/status/2046407280095117626,2550565999,
2046343399109022124,Tue Apr 21 01:54:48 +0000 2026,0,@oelma__ Personally I'd rather see a nose ring than blue hair.,2046407272381722905,,oelma__,en,,0,0,0,https://x.com/undefined/status/2046407272381722905,28856865,
2046384067780936024,Tue Apr 21 01:54:17 +0000 2026,0,@ClaudeLavigne12 I had a weasel at my sliding door early on this winter probably bc I was putting shelled peanuts out for the squirrels &amp; the blue jays. We have plenty of wild turkeys I've had to slow down for them crossing the road. It's a wonderful place Canada is beautiful not broken!,2046407141490057665,,ClaudeLavigne12,en,,0,0,0,https://x.com/undefined/status/2046407141490057665,1495200150515597315,
2046265462653153770,Tue Apr 21 01:54:16 +0000 2026,0,@Iain41742144 @CovfefeAnon Why would people work as a fucking blue color 12-16 hour a day worker for minimum wage when you can just get a job at Panda Express. That would be retarded of them. The farm owners are also very wealthy even though they pretend to be poor.,2046407138365542799,,Iain41742144,en,,0,0,0,https://x.com/undefined/status/2046407138365542799,1931892625889435648,
2046362952752673021,Tue Apr 21 01:54:12 +0000 2026,0,@gunjunky you're right. it's blue. it's ugly.,2046407118631162344,,gunjunky,en,,0,0,0,https://x.com/undefined/status/2046407118631162344,1779335178529177600,
2046204666359255297,Tue Apr 21 01:54:09 +0000 2026,0,@tiger76125 @CarrionTrilevel @pharafaneelya @LucyTaber9 @TWDZombieWiccan @SlcBMXgirl @TiffyLaw3 @wendigrier22 @artlisa84 @DannyBy20804240 @Rogerbaer2010 @beckvbeck5 @lightshifter001 @CoolmenRbornN64 @mycatsjealous @Plo951 @Calisto82 Thanks Blue you too https://t.co/LK9fqPAQZI,2046407108321517838,https://pbs.twimg.com/media/HGZMaxTa0AEaYbb.jpg,tiger76125,en,,0,0,0,https://x.com/undefined/status/2046407108321517838,446535516,
2046407099815440799,Tue Apr 21 01:54:07 +0000 2026,1,When writers were on Blue Jays charter in 1989 ... TOR blew a lead &amp; lost in extras to Rangers at Arlington ... Boarded buses &amp; headed to DFW ... Only to find their plane was still in Newark ... They arrived in Newark &amp; bused into NYC stuck in 7 AM rush hour traffic @BlueJays,2046407099815440799,,,en,,0,0,1,https://x.com/undefined/status/2046407099815440799,56535222,
2046307752226738445,Tue Apr 21 01:54:06 +0000 2026,0,@GrowAllYourFood @Polymarket Doesn t change the fact you re still retarded. AIPAC isn t gonna send you $7 000 shut your dumbass page down and quit paying for that blue check you moron. When your generation dies and the truth comes out of our corrupt government and foreign lobbies America will be great again.,2046407095759577551,,GrowAllYourFood,en,,0,2,0,https://x.com/undefined/status/2046407095759577551,2012720460304183297,
2046407094182588804,Tue Apr 21 01:54:06 +0000 2026,0,Toronto Blue Jays tickets July 1 at 3:07 PM at Rogers Centre $102.3 each DM me,2046407094182588804,,,en,,0,1,0,https://x.com/undefined/status/2046407094182588804,2013284527657926656,
2046350330539950301,Tue Apr 21 01:54:03 +0000 2026,0,@jared_shult @GregAbbott_TX @SenTedCruz @JohnCornyn @PeteSessions Your thoughts? Maybe a reason why we shouldn t vote blue in November?,2046407084082618466,,jared_shult,en,,0,0,0,https://x.com/undefined/status/2046407084082618466,938440358,
2046312440288403664,Tue Apr 21 01:54:01 +0000 2026,0,@BuffOnTheBrain I hate the slug. Never bought it. I bought the throwback blue and gold Miller jersey that year. And I got it signed. Haven't worn it since I got it signed.,2046407072011432296,,BuffOnTheBrain,en,,0,0,0,https://x.com/undefined/status/2046407072011432296,76085436,
2046363057115533770,Tue Apr 21 01:53:59 +0000 2026,0,@hodgetwins We get it you're team blue now,2046407063841001886,,hodgetwins,en,,0,0,0,https://x.com/undefined/status/2046407063841001886,1831135762751897600,
2046407053489373366,Tue Apr 21 01:53:56 +0000 2026,0,Black and blue https://t.co/qnl5QZ9vbC,2046407053489373366,https://pbs.twimg.com/media/HGZKzaka8AAAMr2.jpg,,en,,0,0,0,https://x.com/undefined/status/2046407053489373366,1688046336,
2046395846757953595,Tue Apr 21 01:53:55 +0000 2026,0,@DanielLDavis1 That's a parody account. Araghchi's real account doesn't have a blue check mark.,2046407049291149359,,DanielLDavis1,en,,0,0,0,https://x.com/undefined/status/2046407049291149359,1972182820065095680,
2046404944488497505,Tue Apr 21 01:53:54 +0000 2026,0,@Rattfood When you see someone posting something stupid and they have a blue checkmark just assume it's rage bait or something in the line,2046407046275190976,,Rattfood,en,,0,1,0,https://x.com/undefined/status/2046407046275190976,915384125485404160,
2046267716034568244,Tue Apr 21 01:53:53 +0000 2026,0,@bushontheradio The blue tick wankers.,2046407039174250953,,bushontheradio,en,,0,0,0,https://x.com/undefined/status/2046407039174250953,1673964057886326784,
2045999523592392992,Tue Apr 21 01:53:52 +0000 2026,0,@Miyah_Hills Whirr - Raw Blue,2046407038172012683,,Miyah_Hills,en,,0,0,0,https://x.com/undefined/status/2046407038172012683,1403722377641353218,
2046267965234962709,Tue Apr 21 01:53:49 +0000 2026,0,@cat_fan_45 @ku_grant Yeah who know with stokes. I ve heard KU is the lead for a while now but wouldn t surprise if he chose Oregon out of the blue. Dude just doesn t know what he wants.,2046407023818838382,,cat_fan_45,en,,0,0,0,https://x.com/undefined/status/2046407023818838382,1340014530,
2046407016030036163,Tue Apr 21 01:53:47 +0000 2026,0,Baron? ⎐كُود⎐⎐تُيموُ⎐ ⊵TEM21⊴ ⎐تطبيق▬دوس▬doss▬app⎐ ⊵K21⊴ ⎐AYA⎐ايا⎐موقع⎐ ⎐C25⊴ ⎐كؤِبُون⎐Dark Blue ^^ ⎐خـِصم⎐HGVU04o0Up4n https://t.co/0N0fiUCX0Q,2046407016030036163,https://pbs.twimg.com/media/HGZMVGlaEAA91a0.jpg,,und,,0,0,0,https://x.com/undefined/status/2046407016030036163,754236221220589568,
2046390014670446860,Tue Apr 21 01:53:46 +0000 2026,0,@PopBase I never thought I'd say this but VOTE BLUE. Depower that mutherfker.,2046407011860971847,,PopBase,en,,0,0,0,https://x.com/undefined/status/2046407011860971847,186710043,
2046365348274880658,Tue Apr 21 01:53:43 +0000 2026,0,@realTimmB @TVNewsNow @brithume Does this apply to the blue state of Texas as well?,2046406996677509302,,realTimmB,en,,0,1,0,https://x.com/undefined/status/2046406996677509302,1443379112991678466,
2046352962042364255,Tue Apr 21 01:53:42 +0000 2026,1,@davidportier When blue Liberals like Carney are in power they focus less on social justice and more on economically liberal and technocratic policies. When a Trudeau or someone adjacent is in power it is the opposite. The nature of the LPC is further amplified by the leader themselves.,2046406995276697998,,ThatPoliGeek,en,,0,1,0,https://x.com/undefined/status/2046406995276697998,1352395412955680768,
2046207479865045399,Tue Apr 21 01:53:41 +0000 2026,0,@narutogxgx That s shining blue eyes white dragon where did you get this .,2046406991908569359,,narutogxgx,en,,0,0,0,https://x.com/undefined/status/2046406991908569359,3394095285,
2046404216810320122,Tue Apr 21 01:53:41 +0000 2026,0,@JoshKraushaar No context to your alarm ? Josh s agenda becoming more clear every day. If you didn t pay attention to candidate fund raising and the general state of politics in America you might say yikes too. But Josh knows the blue wave is coming yet he tweets this. Must ask why?,2046406988905505019,,JoshKraushaar,en,,0,0,0,https://x.com/undefined/status/2046406988905505019,543518248,
2046336380326801470,Tue Apr 21 01:53:40 +0000 2026,0,@pnwguerrilla @agave_redux That took at least two blue eye'd white DNA's to make that thing.,2046406985814515899,,pnwguerrilla,en,,0,0,0,https://x.com/undefined/status/2046406985814515899,1858623896494231552,
2046406970739937424,Tue Apr 21 01:53:36 +0000 2026,0,smth abt clicking on the blue hour mv makes me feel so anxious and scared.. and then i click it. and then i have a good time. #,2046406970739937424,,,en,,0,0,0,https://x.com/undefined/status/2046406970739937424,1914687507905830913,
2046406968487637057,Tue Apr 21 01:53:36 +0000 2026,3,Congrats to Lucas Mendoza senior pitcher on his 100th strikeout of his career! Lucas started on the mound for the blue devils. Mike Prato gets the win in relief and Jack Caprio gets 3 hits snd the save on the mound. Wood-Ridge improves to 8-4 on the season. https://t.co/6tm4zqZP68,2046406968487637057,https://pbs.twimg.com/media/HGZMSltawAAR-97.jpg,,en,,0,0,1,https://x.com/undefined/status/2046406968487637057,948392770498121728,
2046401882030293037,Tue Apr 21 01:53:34 +0000 2026,0,@BigBlueDylan When you CANT recruit ha players this happens. A HUGE part of being a blue blood coach is recruiting. They hired this guy without him EVER coming close to calling on a blue chip hs kid let alone closing one. It was malpractice hiring him. End of story,2046406961168552377,,BigBlueDylan,en,,0,0,0,https://x.com/undefined/status/2046406961168552377,1783644773066182656,
2039391754172981643,Tue Apr 21 01:53:28 +0000 2026,0,@GSchiere @QonscienceRealm @NotOpCue @Yohanibis3 @Golde476Linda @GuntherEagleman Firmament's the ultimate elite lockdown aced in '47 with Byrd's logs on Antarctic ops now they run Blue Beam holograms while we glitch the dome.,2046406937634324849,,GSchiere,en,,0,0,0,https://x.com/undefined/status/2046406937634324849,1863935340043767809,
2046374746841808964,Tue Apr 21 01:53:27 +0000 2026,1,@Ivankatrumpne No one stole anything except for what your father stole and continued stealing. Vote blue ,2046406933020614922,,Ivankatrumpne,en,,0,0,0,https://x.com/undefined/status/2046406933020614922,1911509675943571456,
2046406931187933382,Tue Apr 21 01:53:27 +0000 2026,0, ABS Challenge! Toronto Blue Jays vs Los Angeles Angels Bot 1 | Toronto Blue Jays challenges HP Umpire: Brian Walsh Dylan Cease to Mike Trout Original call: Ball (84.1 mph Sweeper) Result: OVERTURNED! #MLB #BaseballTwitter #ABS #LightsUpLetsGo #RepTheHalo https://t.co/m5E7rceiMN,2046406931187933382,https://pbs.twimg.com/media/HGZMQpebMAAj3sb.png,,en,,1,1,0,https://x.com/undefined/status/2046406931187933382,2028944193922711553,
2046406923923177916,Tue Apr 21 01:53:25 +0000 2026,0, I've been alone so many nights I've been counting them - Takahashi Ai and Kusumi Koharu Resonant Blue 2008.,2046406923923177916,,,en,,0,0,0,https://x.com/undefined/status/2046406923923177916,1539426525539356673,
2046406916826366348,Tue Apr 21 01:53:24 +0000 2026,0,أين? ⎐كُود⎐⎐ايهرب⎐ايهيرب اهرب ⊵IQH8946⊴ سيكرتس⎐بيوتي سيكريتس⎐ ⊵D38⊴ ⎐ستي⎐ماكـس⎐سيتي⎐ ⊴HH4⊴ ⎐كؤِبُون⎐Classic Blue ^^^^ ⎐خـِصم⎐s498lOLeXRxx https://t.co/yaexmlxa2o,2046406916826366348,https://pbs.twimg.com/media/HGZMPf4bwAE4E3d.jpg,,ar,,0,0,0,https://x.com/undefined/status/2046406916826366348,1958422886307287040,
2046386749895852465,Tue Apr 21 01:53:23 +0000 2026,0,@Free_LosAngeles @IAPolls2022 A poll is only a reflection of who picked up the phone and typically has a very small sample size. But regardless of who is in the lead if a Democrat is in the top two that person will be our next Governor. CA is solid blue no matter how many people scream it's purple.,2046406914519753171,,Free_LosAngeles,en,,0,0,0,https://x.com/undefined/status/2046406914519753171,1186776944,
2046267571251576955,Tue Apr 21 01:53:21 +0000 2026,0,@Bilzerian_Blitz The blond hair and blue eyes come from pogroms that used rape as a weapon! Arabs have blond and blue eyed people! They even have red haired people! There are Arabs and Muslims throughout Europe! In China! So what are you saying? That they are not authentic because they migrated,2046406906034651436,,Bilzerian_Blitz,en,,0,0,0,https://x.com/undefined/status/2046406906034651436,959124266,
2046249896567611702,Tue Apr 21 01:53:19 +0000 2026,0,@eom2eom Didn t they get the blue swim ones?,2046406897134456897,,eom2eom,en,,0,0,0,https://x.com/undefined/status/2046406897134456897,1625495020727070725,
2046406889588535357,Tue Apr 21 01:53:17 +0000 2026,0,I'm really sorry to report that when I heard about cop eddie my first thought wasn't to be relieved it didn't happen but instead I immediately imagined buck as an officer too while they recreate forever blue from cold case but with a happy ending,2046406889588535357,,,en,,0,1,0,https://x.com/undefined/status/2046406889588535357,1295445452381466624,
2046406826531439024,Tue Apr 21 01:53:14 +0000 2026,1,Shino (姫朋)(しの)(シノ) Saito Empress Shino Age: 28 (1840) Height: 5'5 Gender: Female Occupation: Empress / Mother Personality: Elegant strict and Loving Eye color: Blue Birthday: 04/23/1812 Emoji: #Edoperiod You are her favorite concubine~ https://t.co/7N3kblyzzu,2046406878465302635,https://pbs.twimg.com/media/HGUnpMXWkAAwjko.jpg,11Naughty_girls,ja,,0,1,0,https://x.com/undefined/status/2046406878465302635,1768237681685811200,
2046398135216337392,Tue Apr 21 01:53:12 +0000 2026,2,@WTairu Récord negativo:Houston Phillies Giants y los Blue Jays ( para suerte de los Yankees),2046406869028364475,,WTairu,es,,0,0,0,https://x.com/undefined/status/2046406869028364475,476268504,
2046406867937587630,Tue Apr 21 01:53:12 +0000 2026,1,Essa versão colorida de Blue Lock tenta ao máximo usar cores que já foram usadas antes o Lorenzo teve o cabelo dele colorido EXATAMENTE do jeito que tá na capa dele e no caso desse isagi branco a gente não tem uma arte oficial com ele então eles teriam que criar as cores pra+,2046406867937587630,,,pt,,0,1,0,https://x.com/undefined/status/2046406867937587630,1083413571273457664,
2046406836522189296,Tue Apr 21 01:53:04 +0000 2026,0,Blue Origin's New Glenn rocket puts satellite into wrong orbit | Click on the image to read the full story https://t.co/ahUhG2f5Rl,2046406836522189296,,,en,,0,0,0,https://x.com/undefined/status/2046406836522189296,15922892,
2046406835276488957,Tue Apr 21 01:53:04 +0000 2026,0,blue ivy se arrasa tanto vou me matar pra reencarnar nela,2046406835276488957,,,pt,,0,0,0,https://x.com/undefined/status/2046406835276488957,1749237495005425664,
