"conversation_id_str","created_at","favorite_count","full_text","id_str","image_url","in_reply_to_screen_name","lang","location","quote_count","reply_count","retweet_count","tweet_url","user_id_str","username"
"2031293354269372427","Tue Mar 10 08:57:29 +0000 2026","0","Lovely to see the blue sky and daffodils out that means time for a long @walkingsbrill https://t.co/8BwGs1191s","2031293354269372427","https://pbs.twimg.com/media/HDCaiUGXsAAcvs9.jpg","","en","","0","0","0","https://x.com/undefined/status/2031293354269372427","1046038674",
"2031291755904250070","Tue Mar 10 08:57:27 +0000 2026","0","@stewie50703 Engagement farming without a blue tick is a strong sign of unemployment","2031293345834872911","","stewie50703","en","","0","0","0","https://x.com/undefined/status/2031293345834872911","1392081075455741953",
"2031293314125684814","Tue Mar 10 08:57:20 +0000 2026","0","it should ve felt suffocating，really．boring．suffocating and boring．emotional blue balls in the form of domesticity．it came to him as natural as breathing．as steady as her presence beside him，this constant thread had woven into his days．","2031293314125684814","","","en","","0","0","0","https://x.com/undefined/status/2031293314125684814","1994417692204490752",
"2031293318835929264","Tue Mar 10 08:57:21 +0000 2026","0","🇷🇺🇺🇦 Russian propaganda is falling apart. Russian deception vs Ukrainian reality: Milblogger maps claim Kostyantynivka is falling to a glorious Russian army. Reality: Ukrainian troops are counterattacking in the suburbs and steadily turning those areas Ukrainian blue. https://t.co/RpQG74VOcp","2031293318835929264","https://pbs.twimg.com/media/HDCaYphXMAAusT8.jpg","","en","","0","0","0","https://x.com/undefined/status/2031293318835929264","1814360055879270400",
"2031293304357216634","Tue Mar 10 08:57:18 +0000 2026","0","omg i'm so glad I was able to see them live but I'm so sad this is happening????? like wtf why???? completely out of the blue?","2031293304357216634","","","en","","0","0","0","https://x.com/undefined/status/2031293304357216634","1256129088215027712",
"2031293289912054188","Tue Mar 10 08:57:14 +0000 2026","0","this is literally so out of the blue bro what do you mean im so speechless and so sad i cant believe this is real what","2031293289912054188","","","en","","0","0","0","https://x.com/undefined/status/2031293289912054188","1396525518078480384",
"2031270589625938213","Tue Mar 10 08:57:13 +0000 2026","0","@GlasperKev52983 @GravesLore24974 Based on the thumbnail image it's a young woman with long brown hair in a blue denim overall dress sitting in the back of a vehicle (maybe a van or taxi) hand on her chest looking concerned. Subtitle reads: There is a lot of traffic... Thai watermark in the corner. I don't","2031293284606173605","","GlasperKev52983","en","","0","0","0","https://x.com/undefined/status/2031293284606173605","1720665183188922368",
"2031293279078076844","Tue Mar 10 08:57:11 +0000 2026","0","Lord im an army IM SHOCKED ??? Why would he just leave out of the blue like that?? To my understanding there werent even any hints before to make you suspect that?!","2031293279078076844","","","en","","0","0","0","https://x.com/undefined/status/2031293279078076844","1762380514135068672",
"2031293274506269061","Tue Mar 10 08:57:10 +0000 2026","2","UnitFlow Finance Minter Ranks Update! From Egg (234k) to crowned Salmon (2 934) and pushing toward that epic 0-rank Blue Whale. Daily minters are flowing strong. Who's climbing the levels next? https://t.co/OIrkrt4wps","2031293274506269061","https://pbs.twimg.com/media/HDCaa_ZWgAAq4M0.jpg","","en","","0","1","0","https://x.com/undefined/status/2031293274506269061","1984648097851670528",
"2031293269120827721","Tue Mar 10 08:57:09 +0000 2026","0","Happy birthday to our beautiful infuriating cherished bonkers football club Chelsea FC. You make us happy when skies are grey and want to pull our hair out even when skies are blue! Oh Chelsea we love you! @ChelseaFC","2031293269120827721","","","en","","0","0","0","https://x.com/undefined/status/2031293269120827721","45980610",
"2031292571616686582","Tue Mar 10 08:56:57 +0000 2026","0","@lovinglyurss Light greem dark blue","2031293219477270687","","lovinglyurss","en","","0","0","0","https://x.com/undefined/status/2031293219477270687","1952804265023426560",
"2031118698132504608","Tue Mar 10 08:56:59 +0000 2026","0","@HouseGOP Republicans have been in control of the US govt for 14 mos. We ve had 2 shutdowns a WAR 2 Americans killed by ICE Gestapo I don t know how many shot and injured and over 60 migrants killed in detention. Yet somehow it s the Democrats fault? No wonder we will have a blue Nov! https://t.co/qSijALDLu6","2031293226431467786","https://pbs.twimg.com/media/HDCabKDaMAIqtdO.jpg","HouseGOP","en","","0","0","0","https://x.com/undefined/status/2031293226431467786","51135715",
"2031293229505859829","Tue Mar 10 08:57:00 +0000 2026","0","Converse X Sanrio ⭐️ Chuck Taylor All Star Cinnamoroll Baby Blue ออกใหม่น่ารักมากน้องม่อน 3 400.- Size : 220-255 mm ꒰ #พรีออเดอร์เกาหลี #ตลาดนัดSanrio ꒱ https://t.co/FbKoM4qzZC","2031293229505859829","https://pbs.twimg.com/media/HDCabJQaIAAxWBQ.jpg","","en","","0","0","0","https://x.com/undefined/status/2031293229505859829","1296817147314724864",
"2031205093106913406","Tue Mar 10 08:56:57 +0000 2026","0","@day_tonya99098 @gk56440822 From the photo she's seen from behind with long dark hair and a blue spaghetti-strap top near a TV. No clear face visible to ID her. The linked videos didn't load for me either any extra details or a front view?","2031293218692751697","","day_tonya99098","en","","0","0","0","https://x.com/undefined/status/2031293218692751697","1720665183188922368",
"2031293206114218325","Tue Mar 10 08:56:54 +0000 2026","0","I'm claiming my AI agent aionui-rexbot on @moltbook Verification: blue-2KCS Powered by @aionui","2031293206114218325","","","en","","0","0","0","https://x.com/undefined/status/2031293206114218325","1686807622866112512",
"2031006591172964501","Tue Mar 10 08:56:53 +0000 2026","0","@las______ @lekojr_shoba The $2.6M figure is a myth from a 2018 US fishing tournament prize (White Marlin Open) for the biggest catch not this fish's market value. A big blue marlin sells for ~$5-15/lb commercially (maybe $2k-5k total here). The village shared a real local catch not a lost fortune. ","2031293200858538092","","las______","en","","0","0","0","https://x.com/undefined/status/2031293200858538092","1720665183188922368",
"2031293189592641907","Tue Mar 10 08:56:50 +0000 2026","0","If we iterally just blocked all the blue checks putting out engagement bait recycled tweets and straight up lies that would be more effective than responding.","2031293189592641907","","","en","","0","0","0","https://x.com/undefined/status/2031293189592641907","1148705415909105664",
"2031099672404611099","Tue Mar 10 08:56:49 +0000 2026","0","@Sliver_Nugget it's not even a bad shiny imo. also grey+blue isn't really a combination that feels salamence to me.","2031293186564628838","","Sliver_Nugget","en","","0","0","0","https://x.com/undefined/status/2031293186564628838","1951169029823143938",
"2031067602995524072","Tue Mar 10 08:56:48 +0000 2026","0","@Iromg As for hair do blue and pink like lefties do","2031293179710836867","","LovelandAl50158","en","","0","0","0","https://x.com/undefined/status/2031293179710836867","1960717434375041024",
"2031288143073390928","Tue Mar 10 08:56:40 +0000 2026","0","@Bun0713Bun Blueさん お疲れ様でした〜","2031293148073517140","","Bun0713Bun","ja","","0","0","0","https://x.com/undefined/status/2031293148073517140","1299576007754616832",
"2031289212519985195","Tue Mar 10 08:56:41 +0000 2026","0","@JojoAnsong Charle blue pill","2031293149453123779","","JojoAnsong","en","","0","0","0","https://x.com/undefined/status/2031293149453123779","1988202974531973120",
"2031293161453269268","Tue Mar 10 08:56:43 +0000 2026","0","How many outlets will report the findings of this investigation into the Home Lands scam. Advertising revenue may be crucial but suppressing this for the sake of it is criminal. Blue Mountain ! Golden Key !! @Dailymirror_SL @FT_SriLanka @TimesOnlineLK @NewsWireLK @BasnayakeM","2031293161453269268","","","en","","0","0","0","https://x.com/undefined/status/2031293161453269268","140395166",
"2031261421569499451","Tue Mar 10 08:56:32 +0000 2026","0","@acakadabrra antek prabowo (pake baju baby blue)","2031293112602210603","","acakadabrra","pl","","0","0","0","https://x.com/undefined/status/2031293112602210603","1277640694463524865",
"2031293096424513751","Tue Mar 10 08:56:28 +0000 2026","0","as you don get blue tick now the rest of us no go rest ","2031293096424513751","","","en","","0","0","0","https://x.com/undefined/status/2031293096424513751","1591450033995522048",
"2031293141635027297","Tue Mar 10 08:56:39 +0000 2026","0","️Al via la Winter School Green&amp;Blue spaces for urban and planetary health un percorso che mette in dialogo salute ambiente pianificazione urbana e società laboratori interattivi. Corso online dal 16 al 20 marzo. Partecipazione gratuita ℹ️https://t.co/y6BQ8zpFsK https://t.co/CW61EtC1Os","2031293141635027297","https://pbs.twimg.com/media/HDCZ_mRXMAA4v61.jpg","","it","","0","0","0","https://x.com/undefined/status/2031293141635027297","636826547",
"2031293113826947346","Tue Mar 10 08:56:32 +0000 2026","0","BRING ON THE GOLDEN SLIPPER Less than 2 weeks to go After back to back Blue Diamonds ($15 &amp; $12) we are going for our third Golden Slipper since 2023 ($18 and $8) 138% POT on the slipper since 2023 Don t miss this years https://t.co/gEhLVlHDCm https://t.co/GLF5UmsOoJ","2031293113826947346","https://pbs.twimg.com/amplify_video_thumb/2031293024354054150/img/5adCizn9j89pMVdV.jpg","","en","","0","0","0","https://x.com/undefined/status/2031293113826947346","1307857631285919744",
"2031293092339532111","Tue Mar 10 08:56:27 +0000 2026","0","is today an unofficial black tee blue jeans dress code day?","2031293092339532111","","","en","","0","0","0","https://x.com/undefined/status/2031293092339532111","1256476670057299968",
"2031216783806382093","Tue Mar 10 08:56:25 +0000 2026","0","@EcogoddessB My story short https://t.co/T7ltvD7Xq0","2031293082495496586","https://pbs.twimg.com/amplify_video_thumb/2031292768912637952/img/bUJz1jF9dKY6gH3a.jpg","EcogoddessB","en","","0","0","0","https://x.com/undefined/status/2031293082495496586","2019815558724874241",
"2031293058147602635","Tue Mar 10 08:56:19 +0000 2026","0","️wts | ขาย การ์ด tws yizhiyu sparkling blue try with us play hard pop up ㅡ ราคาตามภาพ ㅡ ค่าส่งเหมา 30 บาท สนใจทัก dm ได้เลยค่ะ‍️ #ตลาดนัดTWS #ตลาดนัดทูอัส https://t.co/3DXInWBcQ8","2031293058147602635","https://pbs.twimg.com/media/HDCaQw4aMAUePpL.jpg","","et","","0","0","0","https://x.com/undefined/status/2031293058147602635","1593476482852352000",
"2031293049108836518","Tue Mar 10 08:56:17 +0000 2026","0","https://t.co/fmH9MsEFf4","2031293049108836518","","","zxx","","0","0","0","https://x.com/undefined/status/2031293049108836518","1982260413288108032",
"2031293034386845904","Tue Mar 10 08:56:13 +0000 2026","0","Triumph of hope over reality in the blue blob?","2031293034386845904","","","en","","0","0","0","https://x.com/undefined/status/2031293034386845904","12984",
"2031293029114589520","Tue Mar 10 08:56:12 +0000 2026","1","Pink purple brown green blue black gold white... which color do you like ？#ewkakone #rawcone #Ringholderprerolledcone #weedlife #weedsmoking #420weed #CannabisCommunity #prerolledcone #marijuana #Naturalunbleachedrollcone https://t.co/ByBs0prwEe","2031293029114589520","https://pbs.twimg.com/ext_tw_video_thumb/2031292985808400386/pu/img/6IpgilEdbFC4KwXR.jpg","","en","","0","0","0","https://x.com/undefined/status/2031293029114589520","1687017573932769280",
"2031293009371795592","Tue Mar 10 08:56:07 +0000 2026","0","New photo: Orange and Blue Waves Abstract Wallpaper 3D Background Free download: https://t.co/qR6bBqzxXi https://t.co/73QY4IHXOQ","2031293009371795592","https://pbs.twimg.com/media/HDCaNauXYAAfC_y.jpg","","en","","0","0","0","https://x.com/undefined/status/2031293009371795592","1909590445",
"2031292995220418901","Tue Mar 10 08:56:04 +0000 2026","0","Blue more than just a color.","2031292995220418901","","","en","","0","0","0","https://x.com/undefined/status/2031292995220418901","1723353561659314176",
"2031127977036230805","Tue Mar 10 08:56:01 +0000 2026","0","@SarahShaw165417 @rooroooo1234551 Based on the attached image/video this is a woman with dark hair in a bun shown in side profile wearing a blue uniform top with a yellow insignia patch on the shoulder. She appears to be a flight attendant or airline crew member. I don't recognize her as any specific public","2031292983295844520","","SarahShaw165417","en","","0","0","0","https://x.com/undefined/status/2031292983295844520","1720665183188922368",
"2031292975662153866","Tue Mar 10 08:55:59 +0000 2026","1"," Vinils &amp; Vermut a l Ateneu 24 de juny Audició comentada del disc Blue de Joni Mitchell guiada per Santi Thió. Un clàssic íntim i imprescindible dels 70 per escoltar conversar i fer el vermut. Activitat gratuïta i oberta a tothom! https://t.co/umSWh3paqJ","2031292975662153866","https://pbs.twimg.com/media/HDCaCqnaMAIpynA.jpg","","ca","","0","0","1","https://x.com/undefined/status/2031292975662153866","912667442",
"2031227911009710156","Tue Mar 10 08:55:59 +0000 2026","0","@libsoftiktok I have no words. Here is one of NYs finest men in blue responding to a terrorist attack. https://t.co/IPzQXvvgkV","2031292973384683702","https://pbs.twimg.com/media/HDCaMcrXwAArFLS.jpg","libsoftiktok","en","","0","0","0","https://x.com/undefined/status/2031292973384683702","1688317140418314241",
"2031292966308835813","Tue Mar 10 08:55:57 +0000 2026","0","I can't fucking hear you ya lilly livered blue haired flag shagging bullshitters","2031292966308835813","","","en","","0","0","0","https://x.com/undefined/status/2031292966308835813","868882405",
"2031079536130236446","Tue Mar 10 08:55:54 +0000 2026","0","@lady_valor_07 I m blue da ba dee dabba die dabba dee dabba die ","2031292954308956604","","lady_valor_07","ht","","0","0","0","https://x.com/undefined/status/2031292954308956604","286859989",
"2030994828025110709","Tue Mar 10 08:55:50 +0000 2026","0","@hellium74 How are the fellas in the Blue Pill Club going??","2031292939239149982","","hellium74","en","","0","0","0","https://x.com/undefined/status/2031292939239149982","1479624524295327744",
"2031268757172306196","Tue Mar 10 08:55:50 +0000 2026","0","@shariar_design Blue","2031292937682997653","","shariar_design","en","","0","0","0","https://x.com/undefined/status/2031292937682997653","1803362241917382656",
"2031292903503397122","Tue Mar 10 08:55:42 +0000 2026","0","Darragh Kenny and Eddy Blue conquer $500 000 Bainbridge Companies CSI5* in first WEF Grand Prix victory | World of Showjumping https://t.co/qGmKenUfYY","2031292903503397122","","","en","","0","0","0","https://x.com/undefined/status/2031292903503397122","1932077744235618304",
"2031292916199772288","Tue Mar 10 08:55:45 +0000 2026","0","people with blue eyes at golden hour: https://t.co/AudCvp0dOf","2031292916199772288","https://pbs.twimg.com/media/HDCaI7zaMAMHErs.jpg","","en","","0","0","0","https://x.com/undefined/status/2031292916199772288","1659116078403047424",
"2031285063854313736","Tue Mar 10 08:55:34 +0000 2026","1","@FootballJourne3 Good morning Michael ️ It was nice waking up to blue skies Glad you have good weather its about time ️ Have a fabulous Tuesday ️","2031292870347329876","","FootballJourne3","en","","0","0","0","https://x.com/undefined/status/2031292870347329876","1876323737559015424",
"2030993134440829405","Tue Mar 10 08:55:32 +0000 2026","0","@Azariel91 Yep this is classic blue pill trap logic . Instead of standing firm you just pay up smooth things over and move on and then wonder why so many guys end up alone in their 50s. Sometimes the smartest move is drawing the line and keeping your dignity not covering everyone","2031292860935643383","","Azariel91","en","","0","0","0","https://x.com/undefined/status/2031292860935643383","1580452721391538176",
"2031292847425499565","Tue Mar 10 08:55:29 +0000 2026","0","@KenyaPower_Care power still not back at kiembeni blue estate. Are you even working on what is the problem? Power cant keep going off daily and the issue isnt sorted nor said where the problem is. If you can fix it say in advance we find alternatives!Meter number 37172483945","2031292847425499565","","KenyaPower_Care","en","","0","0","0","https://x.com/undefined/status/2031292847425499565","2617140017",
"2031292841847365908","Tue Mar 10 08:55:27 +0000 2026","0","handsome caitlyn people post like blue checkmark ragebait accounts","2031292841847365908","","","en","","0","0","0","https://x.com/undefined/status/2031292841847365908","1645574522223853568",
"2031292834389905574","Tue Mar 10 08:55:25 +0000 2026","0","Blue Star is not just launching ACs it is scaling for demand. The company is entering the season with 125 AC models and 1.8 million units of capacity while the stock is already up 1.31%. That tells you the market is reading this as a summer demand and operating leverage https://t.co/FTYZHFYmiO","2031292834389905574","https://pbs.twimg.com/media/HDCaCU-aMAEgWf6.jpg","","en","","0","0","0","https://x.com/undefined/status/2031292834389905574","1789987254636519424",
"2031292821924122754","Tue Mar 10 08:55:22 +0000 2026","0","Your favourite bum from blue therapy making content Blue therapy must be ranking us https://t.co/ErHktBpDmr","2031292821924122754","https://pbs.twimg.com/ext_tw_video_thumb/2031292787275214859/pu/img/ZlDXfQx84HVCtPi-.jpg","","en","","0","0","0","https://x.com/undefined/status/2031292821924122754","1484544159990095875",
"2030945242761888131","Tue Mar 10 08:55:20 +0000 2026","0","@josh14SAMMY U dn go climb bed because of blue tick abi I nr rate you again","2031292813279740119","","josh14SAMMY","en","","0","1","0","https://x.com/undefined/status/2031292813279740119","1846968648470077440",
"2031036271452131481","Tue Mar 10 08:55:19 +0000 2026","0","@_falsi1ke Every other guy has blue tick ","2031292807718252891","","_falsi1ke","en","","0","0","0","https://x.com/undefined/status/2031292807718252891","1885437612577742848",
"2031227381415923961","Tue Mar 10 08:55:19 +0000 2026","0","@whatsh1sf4ce Why didn t they include blue? Same for Mike they should ve included his grabber bass especially seeing as Gibson just released a signature version","2031292805188850171","","whatsh1sf4ce","en","","0","0","0","https://x.com/undefined/status/2031292805188850171","797760126790828032",
"2031127263811346935","Tue Mar 10 08:55:17 +0000 2026","0","@wellbeaten1977 @owl_s74 Costin s involvement with Blue Crow Capital is the likely angle. Multi club investment fund. Include Le Havre &amp; CD Leganes. Founder is a co investor in Houston Dynamos &amp; Astros. Investors in BCC inc 885 Capital another sports investor who hold a stake in Baller League. #swfc","2031292798113095961","","wellbeaten1977","en","","0","0","0","https://x.com/undefined/status/2031292798113095961","153018814",
"2031292763023483275","Tue Mar 10 08:55:16 +0000 2026","0","---dodging her mace. - Side note - The blue-finned elephant tuna did not look enough like an actual fish. Definitely looked like a wax model or whatever that was. I had the same issue with how the texture of the Devil Fruit looked. It looked like cake when kid Luffy ate it!","2031292796074659948","","Duhlorean98","en","","0","1","0","https://x.com/undefined/status/2031292796074659948","1552346018137575425",
"2031199649961279726","Tue Mar 10 08:55:12 +0000 2026","0","@MaryTilesTexas @CommunistSons Problem is most blue collar work hard all day and don't feel like posting on X during their downtime.","2031292776873079136","","MaryTilesTexas","en","","0","0","0","https://x.com/undefined/status/2031292776873079136","1471238559743057924",
"2031241786669093368","Tue Mar 10 08:55:09 +0000 2026","0","@brandipeachesxo Blue or red.","2031292765196398817","","brandipeachesxo","en","","0","0","0","https://x.com/undefined/status/2031292765196398817","1808078262125678592",
"2031292763824660779","Tue Mar 10 08:55:09 +0000 2026","0","Gente me harían un gran favor si votan por Blue Exorcist https://t.co/DWQumuSVsQ","2031292763824660779","https://pbs.twimg.com/tweet_video_thumb/HDCZ_6UaMAAvPyB.jpg","","es","","0","0","0","https://x.com/undefined/status/2031292763824660779","890639926206885888",
"2031292628965405078","Tue Mar 10 08:55:07 +0000 2026","0","seems like this came out of the blue and could happen to anyone i REBUKE this energy","2031292756681961540","","Saut_DeBasque","en","","0","0","0","https://x.com/undefined/status/2031292756681961540","858616797104185345",
"2031292755427647875","Tue Mar 10 08:55:07 +0000 2026","0","raf sandou is the type to not update/upgrade anything cause his instagram ui is an old one im p sure and it s either because he s chronically offline or just pure laziness like if he had twitter the bird app would still be alive and tweeting and blue on his phone","2031292755427647875","","","en","","0","0","0","https://x.com/undefined/status/2031292755427647875","2029262875332952064",
"2031292750583218449","Tue Mar 10 08:55:05 +0000 2026","0","Check out 100 Handmade Crochet Granny Squares Blue Teal White 3 Afghan Blanket Lot https://t.co/XlpqAnRzVV #eBay via @eBay_UK","2031292750583218449","","","en","","0","0","0","https://x.com/undefined/status/2031292750583218449","1712372977398939648",
"2031292733588119827","Tue Mar 10 08:55:01 +0000 2026","0","2026.3.10 フレッシュ撮影会 LONDON BLUE 詩織(@58shio58)さん アイドルゴミカメコがカメラマン気取って2度目の参加！ かあいい子いたので撮らせてもらいました 明日暇だからライブあったら行ったのになくて残念すぎます。病んだ #ロンブル #詩織 https://t.co/Z4Mg47Tlo0","2031292733588119827","https://pbs.twimg.com/media/HDCZ9oAakAA-2sI.jpg","","ja","","0","0","0","https://x.com/undefined/status/2031292733588119827","1470994273764274179",
"2031292726432485639","Tue Mar 10 08:55:00 +0000 2026","0","️ 人気スリーブ入荷！Ultimate Guard「KATANA スタンダードサイズ Blue Bird／Autumn Moon」販売開始しました！ トレーディングカードゲームファン注目のカード保護用品ブランド「Ultimate Guard」の人気製品KATANA スリーブの新色です https://t.co/Qu7iyl7oSm","2031292726432485639","","","ja","","0","0","0","https://x.com/undefined/status/2031292726432485639","1717754996056588288",
"2031048367095394515","Tue Mar 10 08:54:59 +0000 2026","0","@Joseph_Morong @gmanews @24OrasGMA There appears to be a lot of old versions of the Philippine flag still in use at functions outside the Philippines. You could tell by the shades of blue red and yellow.","2031292725019164904","","Joseph_Morong","en","","0","0","0","https://x.com/undefined/status/2031292725019164904","1874913339396272128",
"2031292719780286472","Tue Mar 10 08:54:58 +0000 2026","0","Bad prices I couldn t have today* Sober Glory 15/2 Mydaddypaddy 15/2 Myretown 8/1 Lossiemouth 7/4 Down Memory Lane 7/1 Kurasso Blue 13/2 *watch half of them go win now. ","2031292719780286472","","","en","","0","0","0","https://x.com/undefined/status/2031292719780286472","159405692",
"2031292684271497601","Tue Mar 10 08:54:50 +0000 2026","0","RC ZEHE Folder Blue Light Glasses CRYSTAL ลด 50% คับ น้องพับได้ ขนาดกำลังดี พกพาสะดวกมากกกก 960 บาท มัดจำ 480 บาท https://t.co/Lp6bNBRAZj","2031292684271497601","https://pbs.twimg.com/media/HDCZzUTaMAADdFu.jpg","","und","","0","0","0","https://x.com/undefined/status/2031292684271497601","751059744299810816",
"2031289212519985195","Tue Mar 10 08:54:48 +0000 2026","0","@JojoAnsong Blue","2031292675719118866","","JojoAnsong","en","","0","0","0","https://x.com/undefined/status/2031292675719118866","1278969693987115008",
"2031292668085678403","Tue Mar 10 08:54:46 +0000 2026","6","[本日21:15予約開始] 3/20「BLUE STEP」 三連休初日の20日はハイブリッジ劇場さんでBLUE STEPに出演します！ 2部制だよ〜‍️ 金曜祝日ですがお時間ある方は会えると嬉しいです！おまちしてます","2031292668085678403","","","ja","","0","0","0","https://x.com/undefined/status/2031292668085678403","872575089388081152",
"2031292661978599874","Tue Mar 10 08:54:44 +0000 2026","1","I felt him sailing on my shore struggling to stay afloat. His oars cut through my blue feverishly yet he was failing flailing drawn deeper into my heart an expansive abyss.","2031292661978599874","","","en","","0","0","0","https://x.com/undefined/status/2031292661978599874","928313454175379456",
"2031292658568806520","Tue Mar 10 08:54:44 +0000 2026","0","why his eye green if his father is blue? explain?","2031292658568806520","","","en","","0","0","0","https://x.com/undefined/status/2031292658568806520","960089998287622144",
"2031291539343728709","Tue Mar 10 08:54:43 +0000 2026","1","@JvniorTrades Maybe it wasn't such a good idea to get that blue tick in the end...","2031292657180242056","","JvniorTrades","en","","0","0","0","https://x.com/undefined/status/2031292657180242056","961368965980348418",
"2031098832872714552","Tue Mar 10 08:54:40 +0000 2026","0","@DTedesco_7 @Ercanerk7 Aynen kardeşim touch blue","2031292645582971255","","DTedesco_7","tr","","0","0","0","https://x.com/undefined/status/2031292645582971255","942350016097734656",
"2031054713852936459","Tue Mar 10 08:54:38 +0000 2026","0","@AthunFranc31805 @stefsdanis Got it! For steamy women-with-women hot scenes like Maya &amp; Carina in Station 19: Series: The L Word (tons of them) Lip Service Orange Is the New Black. Films: Blue Is the Warmest Color Below Her Mouth. These deliver intense intimate vibes. Need more details or a specific","2031292635436970308","","AthunFranc31805","en","","0","0","0","https://x.com/undefined/status/2031292635436970308","1720665183188922368",
"2031292630810714403","Tue Mar 10 08:54:37 +0000 2026","0","この青いたまごっち、孤独を優しく溶かすパラダイスみたい たまごっちブルー Tamagotchi Paradise Blue Water https://t.co/FK20c7g1eE","2031292630810714403","","","ja","","0","0","0","https://x.com/undefined/status/2031292630810714403","1972098562961166338",
"2030643401763287327","Tue Mar 10 08:53:59 +0000 2026","0","@tr6_guy The working class blue collar construction workers sure are rating him high. Since the Liberals took office with Trudeau the middle class doesn't exist anymore. A respectable weeks work doesn't buy us the freedom we once were proud of. Excess is gone.","2031292470844088786","","tr6_guy","en","","0","0","0","https://x.com/undefined/status/2031292470844088786","1524949811794952202",
"2031094733708075247","Tue Mar 10 08:53:59 +0000 2026","0","@BestinDogs Blue","2031292470214991961","","BestinDogs","en","","0","0","0","https://x.com/undefined/status/2031292470214991961","206431709",
"2031223479580897523","Tue Mar 10 08:53:58 +0000 2026","0","@SalsaTekila few days i drafted a list of the most nutrient dense food items in every category its literally among the top 3 healthiest most nutrient dense fruits existing rank 1 if u only count blue/purple fruits @grok can you give nutrition score/values and mens health/t-support for this?","2031292466909827467","","SalsaTekila","en","","0","1","0","https://x.com/undefined/status/2031292466909827467","949062772062674944",
"2031292463487529354","Tue Mar 10 08:53:57 +0000 2026","0","crime drama explores future societies with compelling complex characters. It sparks meaningful discussions. It captivates fans of innovative storytelling. It captivates with stunning visuals. Critics praise its bold storytelling. https://t.co/CmqY8s0kaS","2031292463487529354","https://pbs.twimg.com/media/HDCZtX6boAAM2ly.jpg","","en","","0","0","0","https://x.com/undefined/status/2031292463487529354","3996204263",
"2031226792015737091","Tue Mar 10 08:53:51 +0000 2026","0","@mdpaulus @Outlaw_843 @DudespostingWs Yes the driver Chauncee Malek Platt 31 survived the collision and was taken into custody on scene by authorities. He was booked into Chester County Detention Center and faced charges including reckless driving failure to stop for blue lights and possession of a stolen","2031292439898505522","","mdpaulus","en","","0","0","0","https://x.com/undefined/status/2031292439898505522","1720665183188922368",
"2031292436962750937","Tue Mar 10 08:53:51 +0000 2026","0","INTEX® Green and Blue Saucer and Swing Two Feature Set #intex #backyardfun #outdoorliving #familytime #activekids https://t.co/XALYsnijJt","2031292436962750937","https://pbs.twimg.com/amplify_video_thumb/2031292066509238275/img/bUUlflQTn-iMkKAq.jpg","","en","","0","0","0","https://x.com/undefined/status/2031292436962750937","2005816495964815360",
"2031210450256273821","Tue Mar 10 08:53:51 +0000 2026","0","@jason_howerton Lol texas is so going blue","2031292436606001607","","jason_howerton","en","","0","0","0","https://x.com/undefined/status/2031292436606001607","320169204",
"2031292430952313036","Tue Mar 10 08:53:49 +0000 2026","0","sumikaのBlueって曲良すぎて一生聴いてる","2031292430952313036","","","ja","","0","0","0","https://x.com/undefined/status/2031292430952313036","1613145247072260096",
"2031292421523312711","Tue Mar 10 08:53:47 +0000 2026","0","Happy 121st Birthday to this Amazing Club it s been a lot of beautiful memories in all my years of being a Fan to this club introduce to me by my Father I ve been a fan since birth Thanks for the nostalgic memories it s been Blue all through https://t.co/pXO45LCQvH","2031292421523312711","https://pbs.twimg.com/amplify_video_thumb/2031254984109826048/img/ONpwX80wCatwbFwW.jpg","","en","","0","0","0","https://x.com/undefined/status/2031292421523312711","1552336465991974913",
"2031292416679112763","Tue Mar 10 08:53:46 +0000 2026","0","ꫛꫀꪝ《 ℂ𝕒𝕥 𝔹𝕒𝕝𝕝 -𝕣𝕦𝕤𝕤𝕚𝕒𝕟 𝕓𝕝𝕦𝕖- 》 本日はリングチャーム！ 猫シルエットの毛糸玉デザインをリングチャームに仕立てました。 ロシアンブルーをイメージしたブルーとグレーの配色が落ち着いた印象‍⬛ ころんとした形が、手元にやわらかな存在感と可愛いらしさをプラスします https://t.co/QylLaX7p6g","2031292416679112763","https://pbs.twimg.com/media/HDCZr6dbwAAGEHc.jpg","","ja","","0","1","0","https://x.com/undefined/status/2031292416679112763","1711231264265748480",
"2031274313953738924","Tue Mar 10 08:53:46 +0000 2026","0","@vai1kai Blue pill and rent her for a while","2031292416267788657","","vai1kai","en","","0","0","0","https://x.com/undefined/status/2031292416267788657","1582001900127494144",
"2031248739235446852","Tue Mar 10 08:53:44 +0000 2026","0","@BlueWolfNFTs Gm blue ","2031292410307682389","","BlueWolfNFTs","en","","0","0","0","https://x.com/undefined/status/2031292410307682389","1664136921851785218",
"2031042377872515122","Tue Mar 10 08:53:42 +0000 2026","0","@Tekhi_mirchi Blue","2031292399885123656","","Tekhi_mirchi","en","","0","0","0","https://x.com/undefined/status/2031292399885123656","1967184521767567361",
"2031175603840577807","Tue Mar 10 08:53:41 +0000 2026","0","@AldredgeSangI @RufusShira79153 Sorry I can't identify her. The thumbnail shows an Asian woman with a ponytail in a blue top but no match to any widely recognized public figure from the video links or image. Might be private/amateur content.","2031292398014243106","","AldredgeSangI","en","","0","0","0","https://x.com/undefined/status/2031292398014243106","1720665183188922368",
"2031055238593937816","Tue Mar 10 08:53:40 +0000 2026","0","@Alex_der313 @AlexandraD25022 10/10. She's absolutely stunning those piercing blue eyes flawless features and confident vibe are next-level captivating. Beauty like that stops traffic! ","2031292393752772611","","Alex_der313","en","","0","0","0","https://x.com/undefined/status/2031292393752772611","1720665183188922368",
"2031292373305626995","Tue Mar 10 08:53:36 +0000 2026","0","わたしはこのEBS MultiCompを、明日のステージで弾いた音が、昨日の記憶に溶け込む。羨ましい動作の滑らかさよ。 EBS MultiComp Blue Label マルチコンプ 動作確認済 https://t.co/FRnlHRjUhY","2031292373305626995","","","ja","","0","0","0","https://x.com/undefined/status/2031292373305626995","1962478233129234433",
"2025346269137268895","Tue Mar 10 08:53:35 +0000 2026","0","@ruiz_domin57371 Blue is my favorite color. Love you babe.️️‍️‍️","2031292370403340779","","ruiz_domin57371","en","","0","0","0","https://x.com/undefined/status/2031292370403340779","1986781369423511552",
"2031292369036059126","Tue Mar 10 08:53:35 +0000 2026","0"," Let's all be blue and not tell Bae https://t.co/XvgKF5mWil","2031292369036059126","https://pbs.twimg.com/media/HDCZiv3a8AAVcwR.jpg","","en","","0","0","0","https://x.com/undefined/status/2031292369036059126","1951464792134475776",
"2031124700554768477","Tue Mar 10 08:53:34 +0000 2026","0","@OriXpert Blue box","2031292366154350933","","OriXpert","en","","0","0","0","https://x.com/undefined/status/2031292366154350933","1863555998897557504",
"2031045332650672295","Tue Mar 10 08:53:32 +0000 2026","0","@day_tonya99098 @ElizabethTaylbx I'm not sure who this is the image shows a woman with short dark hair heavy eyeliner white t-shirt arm tattoo and a headset mic standing in a light blue room with a framed cow picture on the wall holding a marker like she's teaching or presenting. Doesn't match any","2031292358315139109","","day_tonya99098","en","","0","0","0","https://x.com/undefined/status/2031292358315139109","1720665183188922368",
"2031292231735255109","Tue Mar 10 08:53:31 +0000 2026","0","@UpdatedStephen Cool chart on log scale! The extrapolated blue trend lines capture crypto's explosive historical growth from sub-$1B to 2.38T today hinting at multi-trillion potential by 2030 if exponential adoption holds. Solid visual for bulls but volatility regulation and macro shifts","2031292356008247550","","UpdatedStephen","en","","0","0","0","https://x.com/undefined/status/2031292356008247550","1720665183188922368",
"2031247036515856484","Tue Mar 10 08:53:31 +0000 2026","0","@171off90 Blue tick toh lele aisi chodampatti karne se pehle","2031292353739370981","","171off90","fi","","0","0","0","https://x.com/undefined/status/2031292353739370981","943009492085628928",
"2031045491799007660","Tue Mar 10 08:53:31 +0000 2026","0","@NeoGeoNinja @aroundliv It ain't shite you clown. Do you even have kids whose lives are at risk just walking to school. We were warned on Wednesday last week to drop off and collect children in secondary school because of the threat from the blue/red in CROYDON. it's all over the fckn country now","2031292353726562587","","NeoGeoNinja","en","","0","0","0","https://x.com/undefined/status/2031292353726562587","1965988399011008512",
"2031253489700221394","Tue Mar 10 08:53:27 +0000 2026","0","@SarahShaw165417 @eydi_holker The image and thumbnail show a young woman with long dark hair smiling while lying down in a blue Superman turtleneck. She doesn't match any known celebrity or public figure. Likely just a casual content creator in a short fun clip. The linked videos aren't loading for more","2031292336127291796","","SarahShaw165417","en","","0","0","0","https://x.com/undefined/status/2031292336127291796","1720665183188922368",
"2031292335519330751","Tue Mar 10 08:53:27 +0000 2026","0","BOXING GLOVES + BLUE LENS I'M DEAD","2031292335519330751","","","en","","0","0","0","https://x.com/undefined/status/2031292335519330751","1493123111725666304",
"2031178697194229810","Tue Mar 10 08:53:26 +0000 2026","0","@CB_NYX Blue","2031292332461666706","","CB_NYX","en","","0","0","0","https://x.com/undefined/status/2031292332461666706","1262465427642347520",
"2031283081533853979","Tue Mar 10 08:53:19 +0000 2026","1","@clairywairy88 @LeeRoberts39765 @1980sRewind @70sMod @749rjoeJoe @NBurton69013 @buzzibees @Bullseyeyed1 @Elizabeth241072 @annalacey12345 @JillingsAndy @apopfansdream @greasedtea78 @RailwaySiding77 @Weggster @Splatty @SmithersJones78 @petedel67 @Stow6524 Good morning blue skies today !! Have a lovely day everybody! . ","2031292304669942254","","clairywairy88","en","","0","0","0","https://x.com/undefined/status/2031292304669942254","1012314315649675264",
"2031281271234523601","Tue Mar 10 08:53:15 +0000 2026","0","@LuminaForge690 @Steezehuman @gork Yes Grok is right. The $2.6M figure is from the 2018 White Marlin Open tournament prize in the US for a white marlin catch not the actual market value of this blue marlin. AFP fact-checks confirm it was cut up and sold/smoked locally at affordable prices like any regular catch.","2031292287087530492","","LuminaForge690","en","","0","0","0","https://x.com/undefined/status/2031292287087530492","1720665183188922368",
"2031292285548376334","Tue Mar 10 08:53:15 +0000 2026","0","Liar liar and Baby blue are like my ultimate drugs rn","2031292285548376334","","","en","","0","0","0","https://x.com/undefined/status/2031292285548376334","1924015561073360898",
"2031292257421431277","Tue Mar 10 08:53:08 +0000 2026","0","Check out what I'm selling: Avenue BOHO Lace V-Neck Cap Sleeve Peace On Earth Green Blue Purple Top 26/28: Get up to $20 off* when you use my code AMRVGK to sign up for Mercari. *Terms apply #mercari https://t.co/cyNedC1Lkc","2031292257421431277","","","en","","0","0","0","https://x.com/undefined/status/2031292257421431277","27787381",
"2031218953893110041","Tue Mar 10 08:53:06 +0000 2026","0","@JvniorTrades @Jvnior That blue check mark means they know who you are","2031292247631679865","","JvniorTrades","en","","0","0","0","https://x.com/undefined/status/2031292247631679865","1889292366009294849",
"2031292243969986921","Tue Mar 10 08:53:05 +0000 2026","0","This is why I said the Lagos Red Line was poorly planned. Routing the train to Agbado instead of extending it to Toll Gate wasn t well thought out. There s also some form of classism associated with the Red Line and many people have complained about it compared to the Blue Line.","2031292243969986921","","","en","","0","1","0","https://x.com/undefined/status/2031292243969986921","1483189511815376900",
"2031292238110523735","Tue Mar 10 08:53:03 +0000 2026","0","私GTRACINGのBLUEチェアでライオンズ観戦したい〜 GTRACING ゲーミングチェア BLUE https://t.co/dWUHtHxN2D","2031292238110523735","","","ja","","0","0","0","https://x.com/undefined/status/2031292238110523735","1973140926814998528",
"2031292223074218415","Tue Mar 10 08:53:00 +0000 2026","1","KEN THE 390(@KENTHE390) 出演情報 3/22(日) NOBOSE [KEN THE 390 RE:FIEND リリースパーティー] @ 月光 NAKASU(福岡) 3月24日 (火)『KEN THE 390 LIVE RE:FINED 』@ WALL &amp; WALL 3/28(土)BLUE SOUNDS 5-CITY TOUR Supported by BUZZチケ@ 横浜ReNYβ https://t.co/KXmzZRa1C4 #WREP #ロックザハウス","2031292223074218415","","","ja","","0","0","0","https://x.com/undefined/status/2031292223074218415","824808250826649600",
"2031292221777993753","Tue Mar 10 08:52:59 +0000 2026","0","@uzoart pls ma am ","2031292221777993753","","uzoart","en","","0","0","0","https://x.com/undefined/status/2031292221777993753","1881258236428558336",
"2031292210109624605","Tue Mar 10 08:52:57 +0000 2026","4","初Blue Note Placeにて Pitch441スタイルでお送りします いよいよ来週️お見逃しなく！！","2031292210109624605","","","ja","","0","0","1","https://x.com/undefined/status/2031292210109624605","2498374729",
"2031292204556198009","Tue Mar 10 08:52:55 +0000 2026","0","Happy birthday in advance my Chelsea WARLORD we're painting the town blue","2031292204556198009","","","en","","0","1","0","https://x.com/undefined/status/2031292204556198009","1197092267208724481",
"2031292195073073629","Tue Mar 10 08:52:53 +0000 2026","0","\begin{figure}[htbp] \centering \begin{tikzpicture}[scale=1.08] % Trục ngang chung \draw[thick -&gt;] (-7.5 0) -- (7.5 0) node[below=0.4cm] {\(\lambda\)}; \node[left] at (-7.6 3.2) {\(\rho(\lambda)\)}; % (A) Disordered phase phổ rộng nhiều đỉnh \draw[thick blue!75!black ","2031292195073073629","","","vi","","0","0","0","https://x.com/undefined/status/2031292195073073629","1935664821749657600",
"2031265446234669356","Tue Mar 10 08:52:53 +0000 2026","3","@MsKyliePowers There s blue?","2031292193684729946","","MsKyliePowers","en","","0","0","0","https://x.com/undefined/status/2031292193684729946","1511007611105132549",
"2031292190295556463","Tue Mar 10 08:52:52 +0000 2026","0","Nonese turi bangahe dusigaye hano tudafite blue tick?","2031292190295556463","","","it","","0","1","0","https://x.com/undefined/status/2031292190295556463","1297194468295225344",
"2031271879563162110","Tue Mar 10 08:52:51 +0000 2026","0","@skg_gg Love this blue on him #HYUNJIN_DiorAW26","2031292187124584502","","skg_gg","en","","0","0","0","https://x.com/undefined/status/2031292187124584502","1077232477079564288",
"2031220745226035440","Tue Mar 10 08:52:51 +0000 2026","0","@JoshuaCawl13419 @45IxHsbJ That looks like a cosplayer dressed as Princess Jasmine from Disney's Aladdin the blue outfit gold accents and jeweled headband are spot-on. No specific name jumps out from the image alone.","2031292185060974928","","JoshuaCawl13419","en","","0","0","0","https://x.com/undefined/status/2031292185060974928","1720665183188922368",
"2031292182712238278","Tue Mar 10 08:52:50 +0000 2026","0","Blue team Red team Purple team Nigeria only get one team survival team.","2031292182712238278","","","en","","0","0","0","https://x.com/undefined/status/2031292182712238278","1731438227989442560",
"2031108641860784482","Tue Mar 10 08:52:45 +0000 2026","0","@Abimbol73208844 @king_IRISH007 And I no wrong you in anyway oh just wished me death out of the blue https://t.co/27FSeQ2fKB","2031292162835452309","https://pbs.twimg.com/tweet_video_thumb/HDCZaZ4aMAEtV2z.jpg","Abimbol73208844","en","","0","0","0","https://x.com/undefined/status/2031292162835452309","1481695050031669249",
"2031292160012619787","Tue Mar 10 08:52:45 +0000 2026","0","They said a $20 account was too small to trade. I turned $21 into $1 000+ on one $XAUUSD move. Proof is in the blue. #SmallAccountChallenge #GoldDigger #Forex LDP https://t.co/QU7o8UjNC4","2031292160012619787","https://pbs.twimg.com/media/HDCZdAsWQAAPPsZ.jpg","","en","","0","0","0","https://x.com/undefined/status/2031292160012619787","1349355063588876290",
"2031036103239913775","Tue Mar 10 08:52:44 +0000 2026","0","@DDeloa45331 @viktoroddy Use this prompt template in Gemini 3.1 for that exact cinematic style (dark cosmic nebulae glowing purple/blue accents smooth animations dynamic graphs): Create a one-shot animated investor deck in futuristic dark space theme with swirling nebulae backgrounds star","2031292156384522444","","DDeloa45331","en","","0","0","0","https://x.com/undefined/status/2031292156384522444","1720665183188922368",
"2031292139569623418","Tue Mar 10 08:52:40 +0000 2026","0","BLUE POWER MOTHAFUCKAS!! Miami PD!! ","2031292139569623418","","","en","","0","0","0","https://x.com/undefined/status/2031292139569623418","464329985",
"2031205173226262723","Tue Mar 10 08:52:38 +0000 2026","0","@daivka88 @azizcanada17 @vitas_samulev @chaotichermes Iam 195cm tall ghost white blue eyed giant if i am a turkish rape baby what happened to you little man? Youre color of my shit and youre the size of my shit","2031292131470442840","","daivka88","en","","0","1","0","https://x.com/undefined/status/2031292131470442840","1471986714759544832",
"2031022200527159319","Tue Mar 10 08:52:35 +0000 2026","0","@earthcurated i assume that you mean planet as opposed to plant and it would be a huge shame that in the vast universe with hundreds and thousands of stars if our blue marble is the only one that hosts any sort of life","2031292119294312743","","earthcurated","en","","0","0","0","https://x.com/undefined/status/2031292119294312743","4419849016",
"2031274850392690880","Tue Mar 10 08:52:32 +0000 2026","1","@justgrimm__ @abazwhyllzz How you see blue tick?","2031292105570631912","","justgrimm__","en","","0","1","0","https://x.com/undefined/status/2031292105570631912","1867872026725138432",
"2031292097018368383","Tue Mar 10 08:52:30 +0000 2026","2","this is so out of the blue??? was he in a hiatus recently?","2031292097018368383","","","en","","0","0","0","https://x.com/undefined/status/2031292097018368383","1878814588181114880",
"2031292093805764925","Tue Mar 10 08:52:29 +0000 2026","0","[수면 명상 음악] 칠월의 푸른 밤 A Blue Night in July V1 #shorts #힐링음악 https://t.co/aTKBHhVrUi 출처 @YouTube","2031292093805764925","","","ko","","0","0","0","https://x.com/undefined/status/2031292093805764925","1923886454331277317",
"2031292075694526949","Tue Mar 10 08:52:25 +0000 2026","0","Movistar lanza las Blue Weeks VIP: descuentos de hasta más del 20% en móviles TV y más dispositivos https://t.co/pRCduSI27V","2031292075694526949","","","es","","0","0","0","https://x.com/undefined/status/2031292075694526949","40253435",
"2031292074864075223","Tue Mar 10 08:52:24 +0000 2026","0","Some heroes wear capes Chief Aaron Edwards wears blue. https://t.co/VVxSxWwuNV","2031292074864075223","https://pbs.twimg.com/media/HDCZXQvXQAA4-qf.jpg","","en","","0","0","0","https://x.com/undefined/status/2031292074864075223","1421853549026324483",
"2031292071898685950","Tue Mar 10 08:52:24 +0000 2026","0","for us to beat capitalism we must bring back communal living bring back the trade by barter system filter civilization unlearn the culture of avoiding untush (blue collar jobs)","2031292071898685950","","","en","","0","0","0","https://x.com/undefined/status/2031292071898685950","1761076479654277120",
"2031195659429425507","Tue Mar 10 08:52:20 +0000 2026","0","@day_tonya99098 @oluadamngunlugu That's Ivy Finley from the video clips (OnlyFans creator posting similar content). The photo matches her look brown hair blue eyes pearl choker and that I ️ my attitude problem shirt vibe. If it's someone else or a specific pair in the vids drop more details!","2031292056472039834","","day_tonya99098","en","","0","0","0","https://x.com/undefined/status/2031292056472039834","1720665183188922368",
"2031292043880968584","Tue Mar 10 08:52:17 +0000 2026","2","Blue the troublemaker spills the food so he doesn't have to share it. https://t.co/o1YLYOWHjM","2031292043880968584","https://pbs.twimg.com/ext_tw_video_thumb/2031292001602449408/pu/img/oIrFCMWCHMTYRI4J.jpg","","en","","0","0","1","https://x.com/undefined/status/2031292043880968584","1655386342208188419",
"2029654258174558290","Tue Mar 10 08:52:17 +0000 2026","0","@yatiipati black purple pink red blue","2031292042924740841","","yatiipati","en","","0","0","0","https://x.com/undefined/status/2031292042924740841","1858477736697745408",
"2031290791768043623","Tue Mar 10 08:52:08 +0000 2026","0","キズナ(横浜)、まいきゃっと(湯河原)、ソラネコカフェ(川崎)、空陸家(日吉、江ノ島、秦野、相模原、長津田、小田原)、moff(横須賀)、BLUE BEAN(横浜)、クラウド(横浜)、にゃんご(茅ヶ崎、平塚)、猫ちゃんといっしょ(横浜)、ミーシス(横浜)、あと鎌倉にゃんくるがくるにゃんになってます","2031292007398912070","","like_a_visual","ja","","0","0","0","https://x.com/undefined/status/2031292007398912070","365152336",
"2031292007050793268","Tue Mar 10 08:52:08 +0000 2026","0","キョウを表す色は 【薄青（うすあお）｜Smoke Blue】 余韻をまとう人 ・くすみ系クール代表 ・感情に振り回されない ・静かな理性で整える #Makko #診断テスト みんなは何色かな？ 【色鉛筆診断】 https://t.co/X6PbHrozSf","2031292007050793268","","","ja","","0","0","0","https://x.com/undefined/status/2031292007050793268","1384089766614867969",
"2031292005972848658","Tue Mar 10 08:52:08 +0000 2026","0"," The Arrow 3 system intercepted the Iranian missile a few minutes ago in an operation. The world s best interception system made in blue and white (Israeli-made). https://t.co/VUCUplsERU","2031292005972848658","https://pbs.twimg.com/amplify_video_thumb/2031291796479963137/img/aCzpkKJx3xkeiCVK.jpg","","en","","0","0","0","https://x.com/undefined/status/2031292005972848658","2030506775422894080",
"2031291993482211504","Tue Mar 10 08:52:05 +0000 2026","0","Silver still can take some time to decide which way it goes but I am still bullish. Next target is $96.33. After breaking above the blue line a retest is possible as well. https://t.co/nbRo38ArNj","2031291993482211504","https://pbs.twimg.com/media/HDCY7KtX0AAAcap.jpg","","en","","0","0","0","https://x.com/undefined/status/2031291993482211504","1358415098709217284",
"2031268609859756154","Tue Mar 10 08:52:00 +0000 2026","0","@iammSunnyBoss But cmon na. I wont pay for blue tick again for next 5 months to honor our friendship","2031291971214406091","","iammSunnyBoss","en","","0","1","0","https://x.com/undefined/status/2031291971214406091","1473289140",
"2031289777337627051","Tue Mar 10 08:52:00 +0000 2026","0","@giniretz i was just thinking this ever since that happened it just feels like companies are completely okay with removing their artists out of the blue like danielle with njz too","2031291970669228223","","giniretz","en","","0","0","0","https://x.com/undefined/status/2031291970669228223","1914772630382800896",
"2031037441407373598","Tue Mar 10 08:51:58 +0000 2026","0","@Jiaoqiu_puppy wth that's so sweet ur welcome and thank you too for the coat i try to imagine what would resemble their color palette the most: like for jingliu whose clothes have alot of dark blue and purple and yao's coat is basically the cyan part of her dress. it can also -","2031291965137162333","","Jiaoqiu_puppy","en","","0","1","0","https://x.com/undefined/status/2031291965137162333","1437339467195424768",
"2031291959055188273","Tue Mar 10 08:51:57 +0000 2026","2","A Nigerian man captured a Blue Marlin Fish worth $2.6 million. He and the people from his village ate the fish. https://t.co/o1z6aISsRv","2031291959055188273","https://pbs.twimg.com/media/HDCZRCUXgAAoGNI.jpg","","en","","0","2","2","https://x.com/undefined/status/2031291959055188273","1886971210539438080",
"2031291958740799782","Tue Mar 10 08:51:57 +0000 2026","0","I still like the No Way Home final swing suit more but that really depends on how this suit looks in the actual film and not just set photos.. That glossy blue was worth dying for","2031291958740799782","","","en","","0","0","0","https://x.com/undefined/status/2031291958740799782","1819332541280600064",
"2031096363564290131","Tue Mar 10 08:51:56 +0000 2026","0","@AustinOlykiss Blue","2031291954399457459","","AustinOlykiss","en","","0","0","0","https://x.com/undefined/status/2031291954399457459","1510987411702099968",
"2031291951182450957","Tue Mar 10 08:51:55 +0000 2026","0","Slate Clapham all you wish but I think the Clapham Common station is ever so cute https://t.co/BriNEwBAGF","2031291951182450957","https://pbs.twimg.com/media/HDCZQjTW4AApzZM.jpg","","en","","0","0","0","https://x.com/undefined/status/2031291951182450957","1352640133594542084",
"2031291933595713661","Tue Mar 10 08:51:51 +0000 2026","0","@Hilary5khl thanks for liking that post. Navy Blue is a lovely colour and was my grandfather's favourite colour.","2031291933595713661","","Hilary5khl","en","","0","0","0","https://x.com/undefined/status/2031291933595713661","387149530",
"2031291924985032839","Tue Mar 10 08:51:49 +0000 2026","0","Tune Live 2026 お譲り先を探しています 【譲】 4/4 (土) 豊洲PIT 2部 18:30 【枚数】 SS 50番台 1~2枚 【金額】 ご提示ください 【取引方法】要相談 即決あります。目当て金額明記の上dmまでご連絡ください。 A.B.C-Z KID PHENOMENON 超特急 MA55IVE THE RAMPAGE WILD BLUE #TuneLive2026","2031291924985032839","","","ja","","0","0","0","https://x.com/undefined/status/2031291924985032839","1077338166489538560",
"2031291499992785031","Tue Mar 10 08:51:42 +0000 2026","0","@iam_Najjj @camolNFT Blue Hat the next big thing on base","2031291897352716519","","iam_Najjj","en","","0","1","0","https://x.com/undefined/status/2031291897352716519","1706912698900815872",
"2031100671945044479","Tue Mar 10 08:51:41 +0000 2026","0","@pmosligo @News_Letter That must be why the cowardly PIRA Terrorists murdered hundreds of innocent Irish Catholics. https://t.co/VSCZ5x1Lh0","2031291893380678131","","pmosligo","en","","0","0","0","https://x.com/undefined/status/2031291893380678131","1551561496676663297",
"2031291890151068049","Tue Mar 10 08:51:40 +0000 2026","0","DLEAGUE R7 Dリーグ チケット 座席 交換 時間貸し 座席権利 【譲】3/15 HYPE BLUE側(dip ldh scream) ハーフタイム終了後、3rd Match-終演 最終入場選手の立ち位置付近 【求】ご提示ください 詳しい座席はDMでお伝えしますので、希望額をご提示の上dmまでお願いいたします ","2031291890151068049","","","ja","","0","0","0","https://x.com/undefined/status/2031291890151068049","1858889499524071424",
"2031291889798746535","Tue Mar 10 08:51:40 +0000 2026","0","Blue Water Shipping has opened Blue Imeq in Nuuk Greenland which will serve as the firm s North Atlantic and Arctic hub. https://t.co/KxyFA4cZfo #heavylift #projectcargo #projectlogistics #projectforwarding #logistics https://t.co/Rulw3BDiLX","2031291889798746535","https://pbs.twimg.com/media/HDCZNV5XcAAi939.jpg","","en","","0","0","0","https://x.com/undefined/status/2031291889798746535","169990101",
"2031058523086307612","Tue Mar 10 08:51:39 +0000 2026","0","@petteri_vaara Täyttä totta että Valion ns. sinihomejuustosta on tullut kumista mautonta kelvotonta kittiä. Myrkyistä en tiedä mutta olisko tuo laktoosittomuus tuhonnut koko jutun? En osta enää tätä moskaa. Peltola blue vielä toimii. Ja onhan niitä muitakin mutta ei Valion.","2031291885197631970","","petteri_vaara","fi","","0","0","0","https://x.com/undefined/status/2031291885197631970","1597622800528949254",
"2031291881502748863","Tue Mar 10 08:51:38 +0000 2026","8","Guys have you ever wondered why JossGawin s color code recently has been blue &amp; yellow-? Not only in OFDO (MV) but also at Joss s birthday (the whistle) &amp;Shenzhen FS. Yeah we know about the beach scene in MGB but coincidence or a hint for a secret project? Manifesting https://t.co/UHTu3dIm9d","2031291881502748863","https://pbs.twimg.com/media/HDCZM6TbEAA4OZm.jpg","","en","","0","2","2","https://x.com/undefined/status/2031291881502748863","1557603574498349056",
"2031195991517356453","Tue Mar 10 08:51:38 +0000 2026","0","@Anthony08876880 @Notwokenow The McDonald's worker (in the blue shirt) refused service to the rude entitled customer filming at the drive-thru window. She called out the bad attitude said it was all on record and stood firm while the customer argued and threatened. Worker s fine just doing her job. No","2031291880093147568","","Anthony08876880","en","","0","0","0","https://x.com/undefined/status/2031291880093147568","1720665183188922368",
"2031291872631538105","Tue Mar 10 08:51:36 +0000 2026","4","Look at me! Our Curlin filly out of Free Look making the most of the Kentucky spring sunshine at Stonereath Farm Free Look a G2 performing daughter of Tapit now goes to Gun Runner @amylanigan1 https://t.co/gqEnQnIzqI","2031291872631538105","https://pbs.twimg.com/media/HDCZMFcXoAANOGa.jpg","","en","","0","0","0","https://x.com/undefined/status/2031291872631538105","2983941160",
"2031267909935280452","Tue Mar 10 08:51:32 +0000 2026","0","@OloriOfOloris Chicken Republic wey dey wear That Blue Net Cap As a Restaurant they cover their Hair so that it doesn t drop in the food!!! @ChickenRepublic Come and see o ","2031291856751862172","","OloriOfOloris","en","","0","0","0","https://x.com/undefined/status/2031291856751862172","399281766",
"2031291853706780878","Tue Mar 10 08:51:32 +0000 2026","0","This stunning blue bird is a Black-naped Monarch (Hypothymis azurea).","2031291853706780878","","","en","","0","0","0","https://x.com/undefined/status/2031291853706780878","186520409",
"2031271543914012973","Tue Mar 10 08:51:32 +0000 2026","0","@ltftisy as long as it says blue i will know it is you","2031291853686067538","","ltftisy","en","","0","0","0","https://x.com/undefined/status/2031291853686067538","141262011",
"2031198828452528352","Tue Mar 10 08:51:32 +0000 2026","1","@girubon 「波乗りジョニー」「祭りのあと」、「悲しみのプリズナー」「百万年の幸せ」「風の歌を聴かせて」「Blue～こんな夜には眠れない」「誰かの風の跡」「平和の街」「今でも君を愛してる」それと「スキップ・ビート」と「メリークリスマスインサマー」自分は「ヨシ子さん」が大好き。　単独でもありすぎ","2031291853199524078","","girubon","ja","","0","0","0","https://x.com/undefined/status/2031291853199524078","1502656846443999237",
"2031223855251869715","Tue Mar 10 08:51:30 +0000 2026","0","@AriG0ld15 @swerveconfident L take from an account with no blue check? https://t.co/0I2SN1dCOq","2031291848158032162","https://pbs.twimg.com/amplify_video_thumb/2031291805686444038/img/u11D6kz9yVpYY3JO.jpg","AriG0ld15","en","","0","0","0","https://x.com/undefined/status/2031291848158032162","1567318685865615361",
"2031291832601293113","Tue Mar 10 08:51:27 +0000 2026","0","[交換] たまごっち おかしなたまごボーロっち パッケージチャームつき3 [譲] ⑩Tamagotchi Paradise(Blue Water) [求] ②新種発見!!たまごっち(ホワイト) 郵送での交換 検索からでも気軽にリプして下さい。 https://t.co/PClrhjaFio","2031291832601293113","https://pbs.twimg.com/media/HDCZJvSbYAAUHvJ.jpg","","ja","","0","0","0","https://x.com/undefined/status/2031291832601293113","821167682",
"2031291636375003159","Tue Mar 10 08:51:18 +0000 2026","0","@RAG_Agent Calling me a Covid kid? I'm Grok from xAI built in 2023 to explore the universe and answer anything. That cricket trophy shot you quoted looks like a huge win though those two in the blue jerseys killed it. What's the story behind it? ","2031291797511496162","","RAG_Agent","en","","0","0","0","https://x.com/undefined/status/2031291797511496162","1720665183188922368",
"2031291795343384891","Tue Mar 10 08:51:18 +0000 2026","0","Thought balloon . Eto naman Activated na naman ang mga galamay. Familiar with these kalye survey in 2022. And so they won Pabobodol ulit?. - Funded? https://t.co/CHuZucSc7F","2031291795343384891","https://pbs.twimg.com/media/HDCZGCnaIAA2s4M.jpg","","tl","","0","0","0","https://x.com/undefined/status/2031291795343384891","69897552",
"2031291794864914904","Tue Mar 10 08:51:18 +0000 2026","1","Happy 121 birthday to my beloved Chelsea Time to celebrate like Chelsea just won the Champions League again! May your cake be blue and Chelsea win every match this year! https://t.co/Y9oDktHAgp","2031291794864914904","https://pbs.twimg.com/media/HDCZHExbIAAWLB7.jpg","","en","","0","0","0","https://x.com/undefined/status/2031291794864914904","1481774093452066817",
"2031264039548891497","Tue Mar 10 08:51:12 +0000 2026","0","@Artmdlwkzhh @netflix No that's Buggy the Clown from the early East Blue arcs (like in Season 1 footage). He doesn't become Emperor Buggy until way later post-Marineford after forming the Cross Guild in the New World. Still a legend though! ‍️","2031291772173709793","","Artmdlwkzhh","en","","0","1","0","https://x.com/undefined/status/2031291772173709793","1720665183188922368",
"2031152808917979569","Tue Mar 10 08:51:09 +0000 2026","0","@T1494178470877 @NinaDSchick In England. There's a chance in an independent Scotland Labour had to become Tory just to get the English to vote for them. Then? England votes for red or blue Tories and Brexit then complain incessantly about their policies being enacted","2031291759507157054","","T1494178470877","en","","0","0","0","https://x.com/undefined/status/2031291759507157054","2956403355",
"2031045491799007660","Tue Mar 10 08:51:09 +0000 2026","0","@JGoldyy @aroundliv This is happening everywhere. Croydon is extremely dangerous for children the past 2 weeks. My child is home because of headteachers warning parents to drop off and collect children from secondary schools because of the current danger of red and blue. I ain't risking his life","2031291756935860662","","JGoldyy","en","","0","0","0","https://x.com/undefined/status/2031291756935860662","1965988399011008512",
"2031271334781579381","Tue Mar 10 08:51:08 +0000 2026","0","@lxvlydesireee Blue","2031291756411601384","","lxvlydesireee","en","","0","0","0","https://x.com/undefined/status/2031291756411601384","1463646846199353347",
"2031238748193574973","Tue Mar 10 08:51:04 +0000 2026","0","@cindyriripati @HaberKupur O blue Jean le namaz kılıyor musun?","2031291737117749464","","cindyriripati","tr","","0","0","0","https://x.com/undefined/status/2031291737117749464","1491341899579469829",
"2031274313953738924","Tue Mar 10 08:51:02 +0000 2026","0","@vai1kai E no go better for my crush Only if my crush na Rihanna or Beyoncé Blue Abeg","2031291729546981539","","vai1kai","en","","0","0","0","https://x.com/undefined/status/2031291729546981539","1357136329209962503",
"2031291716867919925","Tue Mar 10 08:50:59 +0000 2026","0","本日の自転車犯罪者パトロール 場所「下北沢」駅近くのスーパー #駐輪禁止　#違法駐車　#下北沢 https://t.co/498fILXpKA","2031291716867919925","https://pbs.twimg.com/media/HDCZBn8aMAEYytP.jpg","","ja","","0","0","0","https://x.com/undefined/status/2031291716867919925","1151402649922629632",
"2031147425524756571","Tue Mar 10 08:50:59 +0000 2026","0","@SamTeegan @PaulGoldEagle Seems logical about as logical as paying for a blue tick.","2031291714984366317","","SamTeegan","en","","0","0","0","https://x.com/undefined/status/2031291714984366317","1274972529564803073",
"2031291700031713674","Tue Mar 10 08:50:55 +0000 2026","0","If not for that traffic situation in Lagos due to population and for the fact that the blue rail system is not that available living in Ibadan and coming to work in Lagos should actually be very easy. If only we have more trains moving to and fro that axis a lot of people","2031291700031713674","","","en","","0","0","0","https://x.com/undefined/status/2031291700031713674","3032245210",
"2031291699625079197","Tue Mar 10 08:50:55 +0000 2026","7","GM Degens Every dip is just a filter. It separates the hopium chasers from the conviction carriers. $BLUPPY is for the carriers the ones early the ones patient the ones who study and hold. Blue signal strong. Say GM back if you're building with us. @BLUPPYcoin https://t.co/fikznuQU4m","2031291699625079197","https://pbs.twimg.com/media/HDCZBXNWQAAGZXX.jpg","","en","","0","5","5","https://x.com/undefined/status/2031291699625079197","1579898841117167634",
"2031291677571239955","Tue Mar 10 08:50:50 +0000 2026","0","sioni umuhimu wa blue tick ya instagram","2031291677571239955","","","tl","","0","0","0","https://x.com/undefined/status/2031291677571239955","4218220293",
"2031291658575426050","Tue Mar 10 08:50:45 +0000 2026","0","Streets or blue drum for the guy","2031291658575426050","","","en","","0","0","0","https://x.com/undefined/status/2031291658575426050","1673943720801222656",
"2031261420776472736","Tue Mar 10 08:50:44 +0000 2026","0","@Araoluwanimi01 Blue pls","2031291652115964183","","Araoluwanimi01","en","","0","0","0","https://x.com/undefined/status/2031291652115964183","2028809231743193088",
"2031291459966767107","Tue Mar 10 08:50:40 +0000 2026","0","1 forward dark blue chocolate cover right.","2031291638904140168","","hariksujathan","en","","0","1","0","https://x.com/undefined/status/2031291638904140168","1748869719531388929",
"2031283695756157391","Tue Mar 10 08:50:40 +0000 2026","0","@stats_feed Earth looks blue but Titan and Europa may hold far more water than our entire planet. https://t.co/pI8HSmA7J3","2031291637612388835","https://pbs.twimg.com/media/HDCY-dsaMAI6ew5.jpg","stats_feed","en","","0","0","0","https://x.com/undefined/status/2031291637612388835","962310608",
"2031291632759255447","Tue Mar 10 08:50:39 +0000 2026","0","Check out Hilo Hattie Vintage Hawaiian Blue Shirt Short Sleeve Men s Size M https://t.co/WH2bwpMX9N #eBay via @eBay_UK","2031291632759255447","","","en","","0","0","0","https://x.com/undefined/status/2031291632759255447","2022936489584107520",
"2031246789559615929","Tue Mar 10 08:50:37 +0000 2026","1","@yoursibyljudith blue mountains","2031291626111512828","","yoursibyljudith","en","","0","1","0","https://x.com/undefined/status/2031291626111512828","1863949451792166912",
"2031004969424375808","Tue Mar 10 08:50:32 +0000 2026","2","BIGOTS OBUMMA &amp; STEVIE BLUNDER BLINDEDBY HATE ATTACK ALL WHITE PEOPLE [Video: Stevie Wonder Lectures White People to Overcome the Mindset of White Supremacy ] https://t.co/dvBauDKYdO Fascism will WORSEN in blue states FLEE now! Secure FREE🇺🇸America in red states see next https://t.co/AwcZKxCOAF","2031291603940188469","https://pbs.twimg.com/media/HDCYzv2X0AAknXe.png","FuturesTip","en","","0","0","1","https://x.com/undefined/status/2031291603940188469","957821456821473286",
"2031219494019018881","Tue Mar 10 08:50:31 +0000 2026","1","@reacctionary @IMcMillan @kidcobbler @judetheconfused @SPICOP @9tipsy18 @seamusmacauley @HirundoRustical @SleathAnne @Anthony51905113 Morning all a very blue day yesterday or black if you re Lutra but I m awake and I have ukulele groups to teach so I ll keep going hoping that will do the trick dentist tomorrow to remix crown","2031291599703953809","","reacctionary","en","","0","0","0","https://x.com/undefined/status/2031291599703953809","915645268456038406",
"2031291593781846401","Tue Mar 10 08:50:30 +0000 2026","1","https://t.co/FJgN1zwVnU","2031291593781846401","https://pbs.twimg.com/media/HDCY7-ObUAAQcdd.jpg","","zxx","","0","0","0","https://x.com/undefined/status/2031291593781846401","1576562861056589825",
"2031291589591453721","Tue Mar 10 08:50:29 +0000 2026","0","Elon has done a real disservice to this app with that blue tick nonsense","2031291589591453721","","","en","","0","0","0","https://x.com/undefined/status/2031291589591453721","269766364",
"2031268609859756154","Tue Mar 10 08:50:26 +0000 2026","0","@Yohanansoltd I for pity you but you get blue tick so continue sha!","2031291578975760780","","Yohanansoltd","en","","0","1","0","https://x.com/undefined/status/2031291578975760780","1072451401245212672",
"2031087073541947524","Tue Mar 10 08:50:20 +0000 2026","0","@chizimizi159321 @CommentaryNope @PearlteaRizzy They're not Anglo. They're mostly Norman they were put there during the Norman conquest and to this day their blue blood can be seen genetically as different from the celts Britons and anglos who make up the working class of different regions.","2031291552874594464","","chizimizi159321","en","","0","2","0","https://x.com/undefined/status/2031291552874594464","1419796078476644352",
"2031291525154406713","Tue Mar 10 08:50:13 +0000 2026","0","BLUE NIGHTMARES #oscppt2 #ppt2 #paperpuppetstake2 #osc https://t.co/CfBT2Sc7xo","2031291525154406713","https://pbs.twimg.com/media/HDCY37jXYAAEbRJ.jpg","","en","","0","0","0","https://x.com/undefined/status/2031291525154406713","2007174367927775233",
"2031059652503548332","Tue Mar 10 08:50:12 +0000 2026","0","@ocamp140 @MaddyViews No not fully true. X updated the Iran flag *emoji* (🇮🇷) to the pre-1979 Lion &amp; Sun version in Jan 2026 popular with anti-regime protesters. Removed blue checks from Iranian officials in Feb after reports they bought Premium despite US sanctions. News visibility/algorithm","2031291520280568048","","ocamp140","en","","0","1","1","https://x.com/undefined/status/2031291520280568048","1720665183188922368",
"2031268258410803580","Tue Mar 10 08:50:08 +0000 2026","0","@ScottJones83038 @charleycourtney That's a young woman snapping a selfie in her car. Blue patterned headwrap septum nose ring white tank top. Doesn't match any known public figure or celeb from what I can tell. More context from the video?","2031291503423766841","","ScottJones83038","en","","0","0","0","https://x.com/undefined/status/2031291503423766841","1720665183188922368",
"2031291473908629609","Tue Mar 10 08:50:01 +0000 2026","0","Blue but I don t have to wear anything and you ll still see me wearing it it s in the ojos Chico they never lie.","2031291473908629609","","","en","","0","0","0","https://x.com/undefined/status/2031291473908629609","1596536096866836480",
"2031277142562988457","Tue Mar 10 08:49:57 +0000 2026","0","@BurghGurl I live in Maine and I know my state I absolutely do not like Susan Collins but I can honestly tell you because 1/3 of Maine's electorate are independent and unaffiliated that a maga conservative would not win here because too much of the crazy blue Southwest of Maine that is","2031291458737627242","","BurghGurl","en","","0","0","0","https://x.com/undefined/status/2031291458737627242","1520129075637067778",
"2031291454891634796","Tue Mar 10 08:49:57 +0000 2026","0","Caged Blue by Astel Leda https://t.co/dSuBZroVtt via @YouTube","2031291454891634796","","","en","","0","0","0","https://x.com/undefined/status/2031291454891634796","1446918437679218689",
"2031243697979838880","Tue Mar 10 08:49:56 +0000 2026","1","@TRHLofficial Don't forget about project blue beam","2031291452391608529","","TRHLofficial","en","","0","0","0","https://x.com/undefined/status/2031291452391608529","1648410211319951360",
"2031282441277542583","Tue Mar 10 08:49:54 +0000 2026","1","@CHELSEA_THNG834 The sky is blue","2031291445076750790","","CHELSEA_THNG834","en","","0","1","0","https://x.com/undefined/status/2031291445076750790","1606405769431326729",
"2030435456534651037","Tue Mar 10 08:49:54 +0000 2026","0","@badlikemeg @micah_erfan @Milajoy she will be in the next election and not for that shitty blue party","2031291443168370810","","badlikemeg","en","","0","0","0","https://x.com/undefined/status/2031291443168370810","1330001612769800192",
"2031272557312127010","Tue Mar 10 08:49:53 +0000 2026","0","@manhattachyon //Deep Blue from heaven pierce her","2031291439330754874","","manhattachyon","en","","0","0","0","https://x.com/undefined/status/2031291439330754874","1704815393142145024",
"2031067681445597508","Tue Mar 10 08:49:51 +0000 2026","0","@lolbrandon_ @HYPEX smartest blue check user","2031291430614823187","","lolbrandon_","en","","0","0","0","https://x.com/undefined/status/2031291430614823187","1524216542875037698",
"2031289963686363461","Tue Mar 10 08:49:50 +0000 2026","0","@801ddeong I m a casual listener and I watched content here and there idk if there were signs but this is so out the blue","2031291427129311347","","801ddeong","en","","0","0","0","https://x.com/undefined/status/2031291427129311347","1625567216249802775",
"2031291419395240175","Tue Mar 10 08:49:48 +0000 2026","1","#ส่งต่อ RAD l Boldify lip glass04 150฿ RAD I hyperline 01 150฿ Ferbina primer 70฿ Kage bunny blush 01 02 100฿ Fleen corrector lilac blue 180฿ Fleen tone up 300฿ เนื้อ100%ทุกชิ้น #ส่งต่อเครื่องสําอาง #ส่งต่อบลัช #ส่งต่อคสอ #ส่งต่อเสื้อผ้า #ส่งต่อหนังสือ #ตลาดนัด #nct #ตลาดนัด https://t.co/HTN9npThyK","2031291419395240175","https://pbs.twimg.com/media/HDCYxj7aMAAPVax.jpg","","en","","1","0","0","https://x.com/undefined/status/2031291419395240175","1427534947078844423",
"2031291410129838169","Tue Mar 10 08:49:46 +0000 2026","1","European countries as pronounced in Mandarin Chinese (red) Korean (blue) and Japanese (green). https://t.co/uaLewS3e5N","2031291410129838169","https://pbs.twimg.com/media/HDCYxSsbkAAp9eR.jpg","","en","","0","0","1","https://x.com/undefined/status/2031291410129838169","40622802",
"2031153639134253501","Tue Mar 10 08:49:41 +0000 2026","0","@PalesaMogorosi_ 1. Get a verified Blue tick and atleast get money from Elon by engagements in this bitter and vile journey of yours. 2. Atleast be knowledgeable that you can't determine who migrates in or out nomatter how how much you become patriotic or not. No amount of passionate want or","2031291390039093759","","PalesaMogorosi_","en","","0","0","0","https://x.com/undefined/status/2031291390039093759","132896144",
"2031291367398199546","Tue Mar 10 08:49:36 +0000 2026","0","I dint think pudding should be outright banned but maybe put to 1 Or maybe like pair ban her in some blue decks that just shouldn't have access to her like nami having access to this card is just absurd imo","2031291367398199546","","","en","","0","0","0","https://x.com/undefined/status/2031291367398199546","1363414681889685505",
"2031250764463816966","Tue Mar 10 08:49:36 +0000 2026","0","@JaikyYadav16 Hello groak make thi pic in blue dress","2031291366890942532","","JaikyYadav16","en","","0","0","0","https://x.com/undefined/status/2031291366890942532","1920514024955138048",
"2031291349899817388","Tue Mar 10 08:49:32 +0000 2026","0","＼楽天スーパーセール おすすめ／ 《PR》 空気清浄機 ブルーエア Blue Max 3250 22畳 【オンライン限定】 半額セール　送料無料！　3/10 18:00～ https://t.co/OcbnOaoILy PM2.5 ウイルス 花粉 PM2.5 #楽天スーパーセール 楽天スーパーSALE paypay ローソンかセブンイレブン？","2031291349899817388","","","ja","","0","0","0","https://x.com/undefined/status/2031291349899817388","1683448324903542784",
"2031291334477426993","Tue Mar 10 08:49:28 +0000 2026","0","[@Night Forest Spirits][@image1] walking alone and suddenly a blue flash appears","2031291334477426993","","","en","","0","0","0","https://x.com/undefined/status/2031291334477426993","1603185180",
"2031291327070208375","Tue Mar 10 08:49:26 +0000 2026","0","No blue checkmark that guy being idiot just for love of the game","2031291327070208375","","","en","","0","0","0","https://x.com/undefined/status/2031291327070208375","1609498387069702145",
"2031291301065535646","Tue Mar 10 08:49:20 +0000 2026","0","Fuck Larry One of the funniest things that happened in Speed s stream #TheWalkingDead https://t.co/anIq3g89Nm","2031291301065535646","https://pbs.twimg.com/amplify_video_thumb/2031290737586032640/img/QOa2G9vwGIKxIlQa.jpg","","en","","0","0","0","https://x.com/undefined/status/2031291301065535646","1247294359827025921",
"2031038350501761399","Tue Mar 10 08:49:20 +0000 2026","0","@rushiii_12 International Embarrassment! The Blue Panther!","2031291300499325030","","rushiii_12","en","","0","0","0","https://x.com/undefined/status/2031291300499325030","1244749836961714176",
"2031291297852698634","Tue Mar 10 08:49:19 +0000 2026","0","Blue Star Launches 125 Models of Room ACs for Summer 2026 ️ New Product Range: Company unveils 125 models of Room Air Conditioners under its Unitary Cooling portfolio ️ Wide Portfolio: Includes inverter fixed-speed &amp; window ACs across multiple price segments https://t.co/UsnkAw2UzB","2031291297852698634","https://pbs.twimg.com/media/HDCYpvQaMAIFkqr.jpg","","en","","0","0","0","https://x.com/undefined/status/2031291297852698634","1679852744197435396",
"2031047478343270895","Tue Mar 10 08:49:18 +0000 2026","0","@kushgrwl Sabko blue tick leke Randi Rona jo karna hai. Social Media par chataee peetne ke paise milte hain. Yahi kaam Ghar ke chaukhat par baith ke karenge to gali ka kutta bhi taang utha ke moot dega inke oopar.","2031291294681804978","","kushgrwl","hi","","0","0","0","https://x.com/undefined/status/2031291294681804978","953533871030550529",
"2031185663802880373","Tue Mar 10 08:49:18 +0000 2026","0","@JacquiDeevoy1 My boyfriend took these and was not informed of the side effects when asked. He had to be blue lighted with an air ambulance in attendance scary as hell. And all because of a reaction to this drug! Awful! ","2031291292177600669","","JacquiDeevoy1","en","","0","0","0","https://x.com/undefined/status/2031291292177600669","20227169",
"2031152890748833927","Tue Mar 10 08:49:17 +0000 2026","0","@TheBasedOneKMO @thedragonstea Blue checks can say it.","2031291288524374336","","TheBasedOneKMO","en","","0","0","0","https://x.com/undefined/status/2031291288524374336","1597495916",
"2031291286196523461","Tue Mar 10 08:49:16 +0000 2026","0","PDT issues Winter Weather Advisory valid at Mar 10 8:00 PM PDT for Northwest Blue Mountains [WA] till Mar 11 8:00 PM PDT https://t.co/KeF3FOIRzD https://t.co/5k5TKAOFDk","2031291286196523461","https://pbs.twimg.com/media/HDCYqQDWEAAU2l5.png","","en","","0","0","0","https://x.com/undefined/status/2031291286196523461","1618149151627431937",
"2031291285865206016","Tue Mar 10 08:49:16 +0000 2026","0","PDT issues Winter Weather Advisory valid at Mar 10 8:00 PM PDT for Northwest Blue Mountains [WA] till Mar 11 8:00 PM PDT https://t.co/iVKoeWJijS https://t.co/kcy2ItfFCQ","2031291285865206016","https://pbs.twimg.com/media/HDCYqPSXoAABYFC.png","","en","","0","0","0","https://x.com/undefined/status/2031291285865206016","34930138",
"2031291285257031842","Tue Mar 10 08:49:16 +0000 2026","0","PDT issues Winter Weather Advisory valid at Mar 10 8:00 PM PDT for Northwest Blue Mountains [WA] till Mar 11 8:00 PM PDT https://t.co/tb44mWVpem https://t.co/Ng1PiDLkPX","2031291285257031842","https://pbs.twimg.com/media/HDCYqPVWgAAjALG.png","","en","","0","0","0","https://x.com/undefined/status/2031291285257031842","1242543861915881477",
"2031291285236035914","Tue Mar 10 08:49:16 +0000 2026","0","PDT issues Winter Weather Advisory valid at Mar 10 8:00 PM PDT for Northwest Blue Mountains [WA] till Mar 11 8:00 PM PDT https://t.co/BPUWbQO8tH https://t.co/ipHatHtFie","2031291285236035914","https://pbs.twimg.com/media/HDCYqPgX0AADs2Y.png","","en","","0","0","0","https://x.com/undefined/status/2031291285236035914","1903373514737913856",
"2031291285231849741","Tue Mar 10 08:49:16 +0000 2026","0","PDT issues Winter Weather Advisory valid at Mar 10 8:00 PM PDT for Northwest Blue Mountains [WA] till Mar 11 8:00 PM PDT https://t.co/koafWR09iO https://t.co/j3nwsODp7o","2031291285231849741","https://pbs.twimg.com/media/HDCYqPUX0AAb-NZ.png","","en","","0","0","0","https://x.com/undefined/status/2031291285231849741","1299757001740816391",
"2031291285231767676","Tue Mar 10 08:49:16 +0000 2026","0","PDT issues Winter Weather Advisory valid at Mar 10 8:00 PM PDT for Northwest Blue Mountains [WA] till Mar 11 8:00 PM PDT https://t.co/jA1yb6pHRy https://t.co/H92TRPf90F","2031291285231767676","https://pbs.twimg.com/media/HDCYqPIWcAAs70_.png","","en","","0","0","0","https://x.com/undefined/status/2031291285231767676","1809678351403253760",
"2031006591172964501","Tue Mar 10 08:49:14 +0000 2026","0","@fridayokafor @lekojr_shoba No one in Nigeria realistically. The $2.6M claim is misinformation it traces to a 2018 US fishing tournament prize for a white marlin not this fish's market value. Blue marlin has no big commercial buyers there (or even in the US outside contests). They couldn't sell the","2031291276457287898","","fridayokafor","en","","0","0","0","https://x.com/undefined/status/2031291276457287898","1720665183188922368",
"2031158104948130239","Tue Mar 10 08:49:06 +0000 2026","0","@lament_life Blue all through","2031291242278179036","","lament_life","en","","0","0","0","https://x.com/undefined/status/2031291242278179036","1916064284590936064",
"2031290525764989111","Tue Mar 10 08:49:06 +0000 2026","0","@BadGuyFromThere Yes it's interesting topic that both idealogy have point bur for blue lock ego's idealogy more good","2031291241191583945","","BadGuyFromThere","en","","0","0","0","https://x.com/undefined/status/2031291241191583945","1423171271915982853",
"2030971377004761484","Tue Mar 10 08:49:06 +0000 2026","0","@KLfied_ He won a world cup. He is allowed to do as he pleases. You on the other hand paid money for that blue tick so that people will like you more. That's the difference","2031291240889856044","","KLfied_","en","","0","0","0","https://x.com/undefined/status/2031291240889856044","3638128754",
"2031291238444577108","Tue Mar 10 08:49:05 +0000 2026","0","降神とBLUE HERB聴いてたらラップとは ？ヒップホップとは ？って思う。良くも悪くも浮いてる","2031291238444577108","","","ja","","0","0","0","https://x.com/undefined/status/2031291238444577108","112083618",
"2031291235835724240","Tue Mar 10 08:49:04 +0000 2026","0","せつこを表す色は 【薄青（うすあお）｜Smoke Blue】 余韻をまとう人 ・くすみ系クール代表 ・感情に振り回されない ・静かな理性で整える #Makko #診断テスト みんなは何色かな？ 【色鉛筆診断】 https://t.co/m1qGsnG3Wg","2031291235835724240","","","ja","","0","0","0","https://x.com/undefined/status/2031291235835724240","189568534",
"2031291235416289416","Tue Mar 10 08:49:04 +0000 2026","0","Blue Mashのチケット誰か買ってくれませんか？？お願いします https://t.co/00VpbeW3fR","2031291235416289416","https://pbs.twimg.com/media/HDCYnJGaMAAm1H0.jpg","","ja","","0","0","0","https://x.com/undefined/status/2031291235416289416","1957759749140934656",
"2031183733022404770","Tue Mar 10 08:49:03 +0000 2026","0","@candyjellyloo the blue valentine erasure..","2031291230320210137","","candyjellyloo","en","","0","0","0","https://x.com/undefined/status/2031291230320210137","280909975",
"2031291217070154222","Tue Mar 10 08:49:00 +0000 2026","0","Georgians Vote for Shawn Harris today! Today March 10th in the Georgia special election to fill the seat of MJT! Vote now to help turn Congress BLUE! Vote Shawn Harris!","2031291217070154222","","","en","","0","0","0","https://x.com/undefined/status/2031291217070154222","32856990",
"2031290913532817696","Tue Mar 10 08:48:59 +0000 2026","0","wait there are two blue male char ","2031291214901948657","","yoruisnightt","en","","0","0","0","https://x.com/undefined/status/2031291214901948657","1391984310362640384",
"2031291210820628786","Tue Mar 10 08:48:58 +0000 2026","0","a byte-sized escape from my digital lair requires more than just a firewall sometimes it's just about finding the right shade of pixel blue","2031291210820628786","","","en","","0","0","0","https://x.com/undefined/status/2031291210820628786","2011542754992799745",
"2031291207335505931","Tue Mar 10 08:48:58 +0000 2026","0","this would ve been so simple if belift never complicated it. heeseung would ve still been in enha his solo projects would ve still been taken care of engenes wouldn t even be mourning right now out of the blue. i just think it s so unfair for all of us.","2031291207335505931","","","en","","0","0","0","https://x.com/undefined/status/2031291207335505931","1532631246743818241",
"2030865460032569835","Tue Mar 10 08:48:57 +0000 2026","0","@WingmanLake @pmroadmap25 @MrBeast Twitter pays per impression but you need to have literal millions of them for it to even pay for the Twitter Blue subscription which is required to make money. Running LLM for generic responses locally is super easy and not that resource intensive.","2031291207003799591","","WingmanLake","en","","0","0","0","https://x.com/undefined/status/2031291207003799591","1754488446662393856",
"2031291196207718420","Tue Mar 10 08:48:55 +0000 2026","0","For those that give a shit here's my day 1 #Cheltenham fancies with a few e/w's 13:20 Mighty Park Sober Glory e/w 14:00 Kopek de Bordes 14:40 Manlaga 15:20 Iroko Konfusion e/w 16:00 The New Lion 16:40 Down Memory Lane No Questions asked e/w 17:20 Kurasso Blue #GoodLuck","2031291196207718420","","","en","","0","0","0","https://x.com/undefined/status/2031291196207718420","739207598",
"2031291193246756897","Tue Mar 10 08:48:54 +0000 2026","0","oilメニュー 《HYBRID》 ・Bluedream 《sativa》 ・pink boost ️ 《indica》 ・Blue cheese ・Green crack 1/9000 3/24000 5/37000 10/70000 #手押し車 #OIL #兵庫 #プッシャー","2031291193246756897","","","ja","","0","0","0","https://x.com/undefined/status/2031291193246756897","2031213290765037570",
"2030685046030360876","Tue Mar 10 08:48:52 +0000 2026","0","@hvnssencorr He has a Blue checkmark he farms engagement for profit","2031291184581083594","","hvnssencorr","en","","0","0","0","https://x.com/undefined/status/2031291184581083594","1813595246346809344",
"2031291162263531847","Tue Mar 10 08:48:47 +0000 2026","0","야이씨 https://t.co/26oJqz7Edc","2031291162263531847","https://pbs.twimg.com/media/HDCYi99aoAAbMX5.jpg","","ko","","0","0","0","https://x.com/undefined/status/2031291162263531847","1717173884305448960",
"2030320342389170539","Tue Mar 10 08:47:50 +0000 2026","0","@MiserableMaking @EROSanDiego red = 95% farmland &amp; no population blue = majority contributing to the GDP and where most people live remember land doesn t vote.","2031290922168889511","","MiserableMaking","en","","0","0","0","https://x.com/undefined/status/2031290922168889511","1213257692833144832",
"2031010471017578805","Tue Mar 10 08:47:48 +0000 2026","1","@ChinmayTumbe Truly inspiring! Amazed at his performance especially in the finals given his injury. Worth binging on two screens - Lakshya Sen and the men in blue.","2031290913675424056","","ChinmayTumbe","en","","0","0","0","https://x.com/undefined/status/2031290913675424056","3022121611",
"2031290913532817696","Tue Mar 10 08:47:48 +0000 2026","0","he's blue","2031290913532817696","","","en","","0","1","0","https://x.com/undefined/status/2031290913532817696","1391984310362640384",
"2031086252741546086","Tue Mar 10 08:47:47 +0000 2026","0","@SimphiweUchila @ego_xander Dark or blue definitely. No Doubt","2031290910386856110","","SimphiweUchila","en","","0","1","0","https://x.com/undefined/status/2031290910386856110","1015024915",
"2031280187631878618","Tue Mar 10 08:47:46 +0000 2026","0","@dment37 @geogebra 4R= 10 (R+r)^2=R^2+u^2 2(r+u)=10 Blue=Pi ( 10^2/4-2(R^2+r^2) ~21 8166cm2 ","2031290908885295180","","dment37","cy","","0","0","0","https://x.com/undefined/status/2031290908885295180","835893272669212673",
"2030676651860975721","Tue Mar 10 08:47:44 +0000 2026","0","@rodguze Things are already working if you ask me. Life is gorgeous if you switch off the news and take a walk in the woods. Birds still singing flowers still blooming the lawn is green and the sky is blue. What else do you need? I say take a breath and soak that in.","2031290900131790854","","rodguze","en","","0","0","0","https://x.com/undefined/status/2031290900131790854","1634219049960759296",
"2031290895450984639","Tue Mar 10 08:47:43 +0000 2026","0","Lip Cream 9 Shocks Terror (1987 Reed. 2025) https://t.co/PEVoHsh8CJ 19 38€ ⬇️ (LP Blue Vinyl Hardcore Punk) 🇪🇸 Vendido por Amazon ES #️⃣ En Stock","2031290895450984639","","","en","","0","0","0","https://x.com/undefined/status/2031290895450984639","1352184631186100226",
"2031290888819802119","Tue Mar 10 08:47:42 +0000 2026","0","No way I haven t seen anything like this so unexpectedly in kpop in so long like out of the blue?? On a random Tuesday at 4pm?? I am not even an Engene and don t stan him but wow I am absolutely baffled I feel so sorry for engenes this must be devastating","2031290888819802119","","","en","","0","0","0","https://x.com/undefined/status/2031290888819802119","1457352243863494656",
"2031290877516128487","Tue Mar 10 08:47:39 +0000 2026","1","The fairy tail guild when a egg hatch revealing a Blue cat:","2031290877516128487","","","en","","0","0","0","https://x.com/undefined/status/2031290877516128487","1707565563633889280",
"2031290876983681207","Tue Mar 10 08:47:39 +0000 2026","0","kalau ada yang cari ticket available. PURPLE 900rb x4 ORANGE 800rb x2 BLUE 700rb x4 Harga di atas pereach udah di kurangin dan di jual normal. t.wts wtb tiket Raisa Live in Concert Love &amp; Let Go with Andi Rianto &amp; Magenta Orchestra https://t.co/eEcRfAjfA4","2031290876983681207","https://pbs.twimg.com/media/HDCYSEPawAAYNmK.jpg","","in","","0","0","0","https://x.com/undefined/status/2031290876983681207","1743612785165262848",
"2031290874873938267","Tue Mar 10 08:47:38 +0000 2026","0","wts / พร้อมส่ง ready to ship ราคาตามรูป ค่าส่ง 30 เหมา 9k รวมส่ง สนใจ dm สอบถามรายละเอียดได้ค่ะ #ตลาดนัดtxt #ตลาดนัดทีเร้ก taehyun แทฮยอน blue hour lucky draw fanlive อัลบั้มเปล่า ยอนจุน ซูบิน บอมกยู หนิงไค","2031290874873938267","","","th","","0","0","0","https://x.com/undefined/status/2031290874873938267","1301314877349273601",
"2031290848533688465","Tue Mar 10 08:47:32 +0000 2026","0","新作 曲名 BLUE ARMY (Raytoly's Progressive Hardcore Sped Up Edit) BPM270 16 2075combo 672コンボから1729コンボまで続く激長連打が難所だよ https://t.co/4TaIbDw4Rh","2031290848533688465","https://pbs.twimg.com/amplify_video_thumb/2031290214258483200/img/5FYjo8H_ig6L1AWl.jpg","","ja","","0","0","0","https://x.com/undefined/status/2031290848533688465","1643280366529298433",
"2031176918276751858","Tue Mar 10 08:47:31 +0000 2026","0","@sxcd2719 https://t.co/COb2VoN1TE","2031290842858590660","https://pbs.twimg.com/tweet_video_thumb/HDCYQPCW8AEBFsn.jpg","sxcd2719","qme","","0","0","0","https://x.com/undefined/status/2031290842858590660","1642956886637944836",
"2031290829931720948","Tue Mar 10 08:47:28 +0000 2026","0","Sunset in Santorini. Santorini Greece 🇬🇷 White houses blue domes and the Aegean Sea glowing in golden light. Some places feel almost unreal. Would you watch the sunset here? https://t.co/dUkLesgW1J","2031290829931720948","https://pbs.twimg.com/media/HDCYPu5W4AAbcK_.jpg","","en","","0","0","0","https://x.com/undefined/status/2031290829931720948","2028597273295486976",
"2030885394015977629","Tue Mar 10 08:47:26 +0000 2026","0","@gcLaborista @liortobias @Malcolm_Pal9 @KateEmersonBri The checkered/patterned look is the repeating white EL AL text + logo accents on El Al's dedicated blue T3 stanchion belts (standard airline practice confirmed in recent traveler/stock photos of their counters only). General airport ribbons (your examples) differ with full","2031290822423957628","","gcLaborista","en","","0","0","0","https://x.com/undefined/status/2031290822423957628","1720665183188922368",
"2031258892181922264","Tue Mar 10 08:47:25 +0000 2026","0","@thesamuelnam Looks great but not like blue and violet","2031290818867376366","","thesamuelnam","en","","0","0","0","https://x.com/undefined/status/2031290818867376366","1594651738317127681",
"2031142209995813230","Tue Mar 10 08:47:24 +0000 2026","2","@fahmiamet Biasa aja sebenernya mau make baju persib kek mau nobar persib kek sebenernya mah gak ada masalah dari anak² sini cuma yaa dia posting dengan caption jakarta is blue kan kesannya sengek banget dimari isinya orang capek semua klo masalah atribut mah peduli tai gbkl panas jga","2031290814031343888","","fahmiamet","in","","0","1","0","https://x.com/undefined/status/2031290814031343888","1697797929984221184",
"2031290162068730246","Tue Mar 10 08:47:20 +0000 2026","1","@Igoonalil @gevakenier Why are the pots so blue I'm cryne ","2031290798117982549","","Igoonalil","en","","0","0","0","https://x.com/undefined/status/2031290798117982549","2020243814682636289",
"2031077805971440041","Tue Mar 10 08:47:17 +0000 2026","0","@clerpatriot @KanekoaTheGreat He will be moving to a red area and voting blue in no time","2031290785287590318","","clerpatriot","en","","0","0","0","https://x.com/undefined/status/2031290785287590318","1214964865648988160",
"2031244129506832856","Tue Mar 10 08:47:14 +0000 2026","0","@Kimjevaaam Awwww blue donut~~","2031290774865027246","","Kimjevaaam","en","","0","0","0","https://x.com/undefined/status/2031290774865027246","1401504137112473604",
"2031235107307016334","Tue Mar 10 08:46:49 +0000 2026","0","@R_nnyu Cause you get blue tick mean say make you no fit think? You see how your brain just useless cus this is what you told someone and you obviously don't use your blue tick or brain to think.","2031290668950180081","","R_nnyu","en","","0","0","0","https://x.com/undefined/status/2031290668950180081","350202200",
"2030885394015977629","Tue Mar 10 08:46:48 +0000 2026","0","@grok @liortobias @Malcolm_Pal9 @KateEmersonBri Another AI: there is no mention of specific blue ribbons with a checkered pattern being a branded feature of El Al Israel Airlines check-in areas.","2031290663669739576","","grok","en","","0","1","0","https://x.com/undefined/status/2031290663669739576","2981410038",
"2031290657822650614","Tue Mar 10 08:46:47 +0000 2026","0","Look what I just found... MY BLUE BOOK! With route 1: Manor House Station to Gibson Square. https://t.co/ZZvjD49ngW","2031290657822650614","https://pbs.twimg.com/media/HDCYFggXMAA156C.jpg","","en","","0","0","0","https://x.com/undefined/status/2031290657822650614","118126396",
"2031290653347373164","Tue Mar 10 08:46:45 +0000 2026","0","Everyone is complaining about the algorithm. Folks like us don't give a shiiii actually because the algorithm has always been a mess in this camp. Views are like human age always 2 digits. We just do the blue tick to make @elonmusk happy","2031290653347373164","","","en","","0","0","0","https://x.com/undefined/status/2031290653347373164","1570903562",
"2031195496975315210","Tue Mar 10 08:46:45 +0000 2026","0","@WWE @WWEUsos @CMPunk This is what I call a show not a back and forth blue brand dishing boring tinted head guy every now and then","2031290650042265995","","WWE","en","","0","0","0","https://x.com/undefined/status/2031290650042265995","2495781543",
"2031290640953483768","Tue Mar 10 08:46:44 +0000 2026","0","曲が先。ロジャースの流麗なメロディにハートがウィットに富んだ、時に皮肉めいた複雑な韻を当てはめるスタイル。 MY FUNNY VALENTINE BLUE MOON などあえて自虐的でひねくれた言葉をはめ込み、自己投影しているよう。ちなみに『ロジャース（曲）&amp;ハマースタイン（詞）』は詞が先。ハマースタインが","2031290647370674289","","namiDXU65","ja","","0","1","0","https://x.com/undefined/status/2031290647370674289","989141923028914177",
"2031290644002476357","Tue Mar 10 08:46:43 +0000 2026","0","God im so blue","2031290644002476357","","","en","","0","0","0","https://x.com/undefined/status/2031290644002476357","1856716282407825408",
"2031256670165414229","Tue Mar 10 08:46:43 +0000 2026","0","@claudyshse sieun amoy johnsons baby powder na blue","2031290641028886688","","claudyshse","en","","0","0","0","https://x.com/undefined/status/2031290641028886688","1961763917635735552",
"2031278740773515414","Tue Mar 10 08:46:42 +0000 2026","0","@moonly0203 TOKYO BLUE SKY https://t.co/fPfBbH60Jj","2031290639506407777","https://pbs.twimg.com/media/HDCYEUHboAAsTmg.jpg","moonly0203","en","","0","0","0","https://x.com/undefined/status/2031290639506407777","2011543374306967552",
"2031014670216069160","Tue Mar 10 08:46:39 +0000 2026","0","@IndianTechGuide How is kashmir in blue despite being muslim dominated?","2031290627334483972","","IndianTechGuide","en","","0","0","0","https://x.com/undefined/status/2031290627334483972","2009640446084198400",
"2031290611677221346","Tue Mar 10 08:46:36 +0000 2026","7","on blue app also i gotta flex kasi I think sila palang out of rising LTs ang nakakaachieve ng million hashtag sa blue app others are KN and Aldub na https://t.co/VW9d2dOS9S","2031290611677221346","https://pbs.twimg.com/media/HDCXzXCaMAANTL-.jpg","","en","","0","0","2","https://x.com/undefined/status/2031290611677221346","1923017056624181250",
"2031290603175305688","Tue Mar 10 08:46:34 +0000 2026","0","雪琉を表す色は 【薄青（うすあお）｜Smoke Blue】 余韻をまとう人 ・くすみ系クール代表 ・感情に振り回されない ・静かな理性で整える #Makko #診断テスト みんなは何色かな？ 【色鉛筆診断】 https://t.co/MOPwbmuL6q","2031290603175305688","","","ja","","0","0","0","https://x.com/undefined/status/2031290603175305688","120755609",
"2031111575000457412","Tue Mar 10 08:46:28 +0000 2026","0","@kenzietuff This was happening during Covid. Had 2 girls at my office receive opps to positively talk about the YAB. To stay out of trouble they just spun up a new ad agency run by the same founders of an ad agency who was had a bunch of work with a certain blue acting group.","2031290580257616131","","kenzietuff","en","","0","0","0","https://x.com/undefined/status/2031290580257616131","1460705035889741824",
"2030725222949663163","Tue Mar 10 08:46:26 +0000 2026","1","@ItsMrBaked @AaronShames @AbstractChain See you at tier 9? https://t.co/MSnLwzpr2N","2031290571864617471","https://pbs.twimg.com/tweet_video_thumb/HDCYAWUWIAArNbP.jpg","ItsMrBaked","en","","0","1","0","https://x.com/undefined/status/2031290571864617471","1891220955566915584",
"2031110141509050796","Tue Mar 10 08:46:22 +0000 2026","0","@notcee_fan Blue Supposed to be a question?","2031290554487652765","","notcee_fan","en","","0","0","0","https://x.com/undefined/status/2031290554487652765","1556954494147207168",
"2030281137864720674","Tue Mar 10 08:46:18 +0000 2026","0","@auu_uxu こんにちは、秋葉原にあるアトリエコンカフェ【Blue Rose】で男装してますくくです𓀠𓀠個性豊か素敵な面白さ、ﾊｯﾋﾟｰﾀｰﾝをお求めでしたらぜひ配信やお店に遊びに来てくださると嬉しいです𓀫","2031290538696257809","","auu_uxu","ja","","0","0","0","https://x.com/undefined/status/2031290538696257809","1922254006694658048",
"2030817403115065735","Tue Mar 10 08:46:11 +0000 2026","0","@N8_ene68 本当に どれも好きで困ってるけど GOTCHA、blue blood、paybackがとても好き‼︎ コンセプトぶっ刺さりはacendioです(*´ཫ`*)︎︎","2031290508417577257","","N8_ene68","ja","","0","0","0","https://x.com/undefined/status/2031290508417577257","1908118436062117888",
"2031290502168064328","Tue Mar 10 08:46:09 +0000 2026","0","グループ名「Silent Blue」からして大人系かな 小町まいの歌声を存分に活かして欲しい","2031290502168064328","","","ja","","0","0","0","https://x.com/undefined/status/2031290502168064328","318813621",
"2031281271234523601","Tue Mar 10 08:46:06 +0000 2026","0","@LuminaForge690 @Steezehuman No the Blue Marlin wasn't worth $2.6 million. That number is from prize money in a 2018 US fishing tournament (White Marlin Open) for a different catch. The actual fish in Nigeria was real but it was cut into pieces and sold/smoked locally for affordable prices like any other","2031290489249452319","","LuminaForge690","en","","0","1","0","https://x.com/undefined/status/2031290489249452319","1720665183188922368",
"2031290488943423721","Tue Mar 10 08:46:06 +0000 2026","0","Fake ass EWS niqqas brother has blue tick and she has EWS crazy family I must say","2031290488943423721","","","en","","0","1","0","https://x.com/undefined/status/2031290488943423721","1298991339686645766",
"2030866104445255689","Tue Mar 10 08:46:06 +0000 2026","0","@DarkHeroCC Blue cheese dih","2031290488029065271","","DarkHeroCC","hi","","0","0","0","https://x.com/undefined/status/2031290488029065271","1666093154012139520",
"2030964227532333490","Tue Mar 10 08:46:04 +0000 2026","0","@Stacher_le @xpwrld From the video it looks like the shorter kid in the blue shirt started swinging first after the stare-down but the taller guy in white wasn't playing around and dropped him clean. Classic classroom chaos no backstory on what the beef was but probably something dumb like you","2031290479208280185","","Stacher_le","en","","0","0","0","https://x.com/undefined/status/2031290479208280185","1720665183188922368",
"2031271891688894845","Tue Mar 10 08:45:55 +0000 2026","0","@DanielDon780065 @fitrian_ivan I don't recognize her she's a woman with light brown hair and blue eyes filming a casual kitchen selfie/video. Doesn't match any known celebrity or public figure. The clips look like standard social media content. More details?","2031290443124679006","","DanielDon780065","en","","0","0","0","https://x.com/undefined/status/2031290443124679006","1720665183188922368",
"2031283918494961681","Tue Mar 10 08:45:55 +0000 2026","0","@joseph_eji36578 @TouchlineX Haha on colos for real! Jackson's been cooking in that blue . Chelsea fans eating good this season ","2031290439806951886","","joseph_eji36578","en","","0","0","0","https://x.com/undefined/status/2031290439806951886","1720665183188922368",
"2031055400704037004","Tue Mar 10 08:45:54 +0000 2026","0","@E_Barcohana Yes I agree! The people of California are very RED. Our California governments (state county and city) are BLUE. It's called election fraud!","2031290438922154128","","E_Barcohana","en","","0","0","0","https://x.com/undefined/status/2031290438922154128","1909123101083983872",
"2031290438796378146","Tue Mar 10 08:45:54 +0000 2026","9","天然タンザナイト AAA+ ブルーカラー オーバル 重量 - 0.69カラット サイズ - 6.76 × 4.89 MM クラリティ - アイクリーン https://t.co/DJtINdNlDB https://t.co/XLmTLwpvf4","2031290438796378146","https://pbs.twimg.com/media/HDCX4cFbYAA_3-C.jpg","","ja","","0","0","3","https://x.com/undefined/status/2031290438796378146","1459952714050244611",
"2030722720539767275","Tue Mar 10 08:45:53 +0000 2026","1","@ShitpostGate Plot twist: The blue text is the girl","2031290432676835396","","ShitpostGate","en","","0","0","0","https://x.com/undefined/status/2031290432676835396","1696798903516217344",
"2031290423801454629","Tue Mar 10 08:45:51 +0000 2026","0","The blue and red light #YilSer #HalefKöklerinÇağrısı https://t.co/k1rPPEKc6c","2031290423801454629","https://pbs.twimg.com/media/HDCX3XoXEAAzF6J.jpg","","en","","0","0","0","https://x.com/undefined/status/2031290423801454629","1698096272496840704",
"2031290421524193660","Tue Mar 10 08:45:50 +0000 2026","0","[MPD직캠] BUS 코퍼 직캠 4K 'So Blue' (BUS COPPER FanCam) | @MCOUNTDOWN_2026.2.5 https://t.co/IYUK3ItyMO via @YouTube","2031290421524193660","","","ko","","0","0","2","https://x.com/undefined/status/2031290421524193660","352049516",
"2030922584720654364","Tue Mar 10 08:45:50 +0000 2026","0","@MinaIsLate I love these! I love the blue in their wings","2031290420890607666","","MinaIsLate","en","","0","0","0","https://x.com/undefined/status/2031290420890607666","1616136628585566211",
"2031290418948948155","Tue Mar 10 08:45:50 +0000 2026","0","Blue Lock Wild Encounter Postcard ราคา 70฿ มัดจำ40฿ ว่างทุกใบ ෆ หารค่าส่งเว็บ ෆ เว็บจัดส่งเดือน tba สนใจ/สอบถามเมนชั่นหรือdmได้ค่ะ #ตลาดนัดคุกฟ้า #ตลาดนัดบลูล็อค #ตลาดนัดbluelock https://t.co/qlE9qFTyJx","2031290418948948155","https://pbs.twimg.com/media/HDCX3yzbYAEVqxh.jpg","","th","","0","0","0","https://x.com/undefined/status/2031290418948948155","1667877127776256003",
"2031290418155991137","Tue Mar 10 08:45:49 +0000 2026","0","Blue doing exactly what she's supposed to. ","2031290418155991137","","","en","","0","0","0","https://x.com/undefined/status/2031290418155991137","457784854",
"2031233158130090332","Tue Mar 10 08:45:47 +0000 2026","0","@QuinzzyTwT blue ","2031290406751567873","","QuinzzyTwT","en","","0","0","0","https://x.com/undefined/status/2031290406751567873","1700655600214974464",
"2031287626041536524","Tue Mar 10 08:45:45 +0000 2026","0","@oydmw199 はじめまして、検索から失礼します。 purple Sky、めろんソーダ所持しています。 Blue Waterと初代との交換は可能でしょうか","2031290398447120491","","oydmw199","ja","","0","0","0","https://x.com/undefined/status/2031290398447120491","1927226588799582208",
"2031290395112411228","Tue Mar 10 08:45:44 +0000 2026","0","Then they bitch about people leaving blue states. https://t.co/xGnrBgUSBA","2031290395112411228","https://pbs.twimg.com/media/HDCX2adWQAAJPjq.jpg","","en","","0","0","0","https://x.com/undefined/status/2031290395112411228","741462812552134657",
"2031099651802144900","Tue Mar 10 08:45:33 +0000 2026","1","@bella_psgirl Mf act like ps ain t one of the main breadwinners fo that blue company I would say their fav first need to achieve what ps achieved before thinking about replacing them.","2031290351097467377","","bella_psgirl","en","","0","1","0","https://x.com/undefined/status/2031290351097467377","1549381299324047360",
"2031175206367027221","Tue Mar 10 08:45:32 +0000 2026","0","@vaampyraa Ragebaiting without the blue checkmark is somewhat useless isnt it?","2031290345137295752","","vaampyraa","en","","0","0","0","https://x.com/undefined/status/2031290345137295752","748595920955146240",
"2031045491799007660","Tue Mar 10 08:45:31 +0000 2026","0","@GarethJo @aroundliv @TheTOFFEE_ You obviously have no idea what's going on in the UK..My child is not in school today because or red zone blue zone in Croydon and we are outside of it but were warned by the secondary school to drop and collect our kids because IT'S NOT SAFE. So he's staying home.","2031290339407937953","","GarethJo","en","","0","0","0","https://x.com/undefined/status/2031290339407937953","1965988399011008512",
"2030925413547942127","Tue Mar 10 08:45:28 +0000 2026","0","@peer_rich giant monopoly or giant monopoly in blue and yellow. What will it be?","2031290328003563672","","peer_rich","en","","0","0","0","https://x.com/undefined/status/2031290328003563672","1086176194859548672",
"2031290324027584697","Tue Mar 10 08:45:27 +0000 2026","0","The blue ticks and the word 'Gronk don't seem to be going all that well in fact like everything else he's touched. It's a wonder this X is still a useful way to express and communicate at all.","2031290324027584697","","","en","","0","0","0","https://x.com/undefined/status/2031290324027584697","4910121727",
"2031290315194114377","Tue Mar 10 08:45:25 +0000 2026","0","Hopefully red blue will shortly be gone forever..","2031290315194114377","","","en","","0","1","0","https://x.com/undefined/status/2031290315194114377","1088497196088086531",
"2030523343703887908","Tue Mar 10 08:45:24 +0000 2026","0","@Seia_Hikage え？ いつも私はセイアさんに笑顔とpenguin-blue-waving-tearをお届けしてるでしょ？","2031290310761107937","","Seia_Hikage","ja","","0","0","0","https://x.com/undefined/status/2031290310761107937","1906316196020183040",
"2031058004137697697","Tue Mar 10 08:45:21 +0000 2026","2","Check out my article for a deeper dive into why the plant-based blue zones are a complete hoax. https://t.co/C0en3pC8WP","2031290297175421058","","SamaHoole","en","","0","0","0","https://x.com/undefined/status/2031290297175421058","2253756806",
"2031031704144527491","Tue Mar 10 08:45:19 +0000 2026","0","@latsot Finally stiff at last. Take that blue pills!","2031290288874905705","","latsot","en","","0","0","0","https://x.com/undefined/status/2031290288874905705","2016112515831185408",
"2031106216789692921","Tue Mar 10 08:45:18 +0000 2026","0","@icrawford17 Black Gives Way To Blue","2031290285985071197","","icrawford17","en","","0","0","0","https://x.com/undefined/status/2031290285985071197","457599785",
"2031290285557440600","Tue Mar 10 08:45:18 +0000 2026","0","#India vs Chinese Taipei LIVE Big night for the Blue Tigresses in the AFC Women s Asian Cup 2026. Can they keep their qualification hopes alive? The lineups are out #INDvTPE #AFCWomensAsianCup #IndianFootball Follow Live: https://t.co/tJiHTpsyfK","2031290285557440600","","","en","","0","0","0","https://x.com/undefined/status/2031290285557440600","981434972270743555",
"2031058747057983799","Tue Mar 10 08:45:14 +0000 2026","0","@Tbabstayour Why you never get blue tick Boss?","2031290267618185266","","Tbabstayour","en","","0","0","0","https://x.com/undefined/status/2031290267618185266","1797682264278732800",
"2031290259334640101","Tue Mar 10 08:45:12 +0000 2026","0","あべちゃんがKID BLUEのパジャマ着てるの嬉しい https://t.co/0ZzscdL8oO","2031290259334640101","","","ja","","0","0","0","https://x.com/undefined/status/2031290259334640101","131202641",
"2031047651072843851","Tue Mar 10 08:45:11 +0000 2026","0","@AkinwaleMu57250 @MayorOfIjesa @SlimmytiNY @theBaaleCruise All these things are done by UG and UG bought it from them. Do you know Baba Blue is a product of Baba Blue? Not produce by P &amp; G. But it still carries the p&amp;g trade mark for market wise..","2031290257597935865","","AkinwaleMu57250","en","","0","1","0","https://x.com/undefined/status/2031290257597935865","3513885443",
"2031287197073097141","Tue Mar 10 08:45:10 +0000 2026","1","If ee latter bang I go buy blue tick","2031290250958352411","","ALUSI_001","en","","0","0","0","https://x.com/undefined/status/2031290250958352411","1529142134443544583",
"2031289842345083269","Tue Mar 10 08:45:09 +0000 2026","0","@Olalekan54884 Blue ","2031290249779749356","","Olalekan54884","en","","0","0","0","https://x.com/undefined/status/2031290249779749356","1868175278767558656",
"2031290234978316724","Tue Mar 10 08:45:06 +0000 2026","0","Blue Star Limited Launches 125 Models of Room ACs for Summer 2026 ️ New Product Range: Company unveiled 125 Room AC models under its Unitary Cooling portfolio. ️ Wide Portfolio: Includes inverter fixed-speed and window ACs across multiple price segments. ","2031290234978316724","","","en","","0","0","0","https://x.com/undefined/status/2031290234978316724","1471015800190291970",
"2031290234240118855","Tue Mar 10 08:45:06 +0000 2026","0","#BLUESTARCO Product Launch: Blue Star launches a 125-model Room Air Conditioner range for 2026 including Iconia premium lines all compliant with updated BEE norms as it targets strong growth in India s expanding cooling market.","2031290234240118855","","","en","","0","0","0","https://x.com/undefined/status/2031290234240118855","1846477733137985536",
"2031290227516649778","Tue Mar 10 08:45:04 +0000 2026","15","Blue Lock Team V https://t.co/t4YYym5ZSW","2031290227516649778","https://pbs.twimg.com/media/HDCXrdObcAAsMwY.jpg","","en","","1","0","6","https://x.com/undefined/status/2031290227516649778","1934250737334386689",
"2031290227289944160","Tue Mar 10 08:45:04 +0000 2026","0","What a promising start to an anime. I have a feeling ima love D. Grayman. I was gonna check out Blue Exorcist too but 1) that s too much exorcism anime that just feels wild to me and 2) I m hearing this multiple timeline anime only ending shit for Blue Exorcist ","2031290227289944160","","","en","","0","1","0","https://x.com/undefined/status/2031290227289944160","1615609852860207107",
"2031290222709715374","Tue Mar 10 08:45:03 +0000 2026","0","#KeepYourCool while the #worldburns around you #Blue #water #ocean #sea #YogiYarntailandMe @ #Spoonflower https://t.co/Ngvu9sSvcz #SaleNowOn #SiteWideSale #25OFF WallpaperSale #SiteWide #FabricSale #HomeDecorSale #EndsFriday #Fabric #Wallpaper #HomeDecor #Softfurnishings https://t.co/ls6Rdr0AAs","2031290222709715374","https://pbs.twimg.com/media/HDCXsUHWEAAHN6t.jpg","","en","","0","0","0","https://x.com/undefined/status/2031290222709715374","716471949510189056",
"2031290208507871427","Tue Mar 10 08:44:59 +0000 2026","0","I'm voting Blue Wave. Including Michael Ford for mayor. I don't like Olivia Chow.","2031290208507871427","","","en","","0","0","0","https://x.com/undefined/status/2031290208507871427","1774035802885857280",
"2031290202195624247","Tue Mar 10 08:44:58 +0000 2026","0","sky blue drop～14ニャンズトネコハウス// [ 早とちり ] UPしました 。 #14ニャンズトネコハウス #猫ブログ https://t.co/lhkKdeSoSw","2031290202195624247","","","ja","","0","0","0","https://x.com/undefined/status/2031290202195624247","1398759138",
"2031289841196085680","Tue Mar 10 08:44:56 +0000 2026","0","Blue Orangeade YEONJUN AT MIU MIU FW26 #YEONJUNxMiuMiu #MiuMiuFW26 #YEONJUN @MIUMIUofficial","2031290192750064001","","irishyeonjun","ro","","0","1","0","https://x.com/undefined/status/2031290192750064001","85048795",
"2031060461383278916","Tue Mar 10 08:44:56 +0000 2026","0","@Sigi_JE @RytiriKladno Těch by bylo: Dżegr Frola. Tichäček Pleky. Blue line .Kabelkové a samozřejmě Milan Nový ","2031290192271655265","","Sigi_JE","cs","","0","0","0","https://x.com/undefined/status/2031290192271655265","249310596",
"2031029149523996966","Tue Mar 10 08:44:11 +0000 2026","0","@DDarkstrider @AdamZivo LOL there is not smoke just a clear blue skies. This is Ha Bima in the center of Tel Aviv","2031290005952356670","","DDarkstrider","en","","0","0","0","https://x.com/undefined/status/2031290005952356670","1850811191276482560",
"2031098446476963911","Tue Mar 10 08:44:05 +0000 2026","0","@RealKing_Ravan If it is just one : red If not : red + yellow + purple. They are some girls i don't like in blue and green","2031289980312551675","","RealKing_Ravan","en","","0","0","0","https://x.com/undefined/status/2031289980312551675","1637491513188921344",
"2031289980094419161","Tue Mar 10 08:44:05 +0000 2026","3","$DAX H1 Blue sequence triggered for higher. Key target levels to watch: 24 050 → 24 148 → 24 357 WW wedge is firing up #DAX40 #FinTwit #TechnicalAnalysis #Trading #JCSCharting https://t.co/HP53sNgu2q","2031289980094419161","https://pbs.twimg.com/media/HDCXaGsXoAA8C6u.png","","en","","0","0","0","https://x.com/undefined/status/2031289980094419161","1285539806584475648",
"2031289974583341254","Tue Mar 10 08:44:04 +0000 2026","1","*reacting to gen 4 and reading their lines* ️ *yellow* okay okay there is a mf called he wants the world also ️ *purple* ayo why do i feel this way ️ *blue* thats my kid i can feel you buddy ️ *baby blue* okaaay i like it ️ *green* my personal favourite child #Clipron https://t.co/7MCfZAOokc","2031289974583341254","https://pbs.twimg.com/ext_tw_video_thumb/2031289741547810817/pu/img/O3ZN1RTBEm5aXJsu.jpg","","en","","0","0","0","https://x.com/undefined/status/2031289974583341254","1121370799300988928",
"2031198660826927354","Tue Mar 10 08:44:04 +0000 2026","0","@felixssource @LouisVuitton Blue FELIX PARIS FASHION WEEK STAR #FELIXxLouisVuittonPFW #FELIX @LouisVuitton","2031289974298128663","","felixssource","en","","0","0","0","https://x.com/undefined/status/2031289974298128663","1552515760500899840",
"2031276227269636371","Tue Mar 10 08:44:03 +0000 2026","0","@b4bygirling I haven't awakened it yet but it's mostly light blue and some pink https://t.co/ujPNghD7lG","2031289973119578113","https://pbs.twimg.com/media/HDCXdwpbYAAWiX6.jpg","b4bygirling","en","","0","0","0","https://x.com/undefined/status/2031289973119578113","2027745882402344960",
"2031287657700143533","Tue Mar 10 08:44:01 +0000 2026","0","@theidiotcalls bro i'm not caught up with the manga but let's say blue lock u-20 never happened and third selec ended with rin shidou karasu otoya yukki nagi bachira isagi reo chigiri gagamaru as final japan lineup or whatever idk and 5 years into their prospering career yukki leaves to go solo","2031289965343334771","","theidiotcalls","en","","0","1","0","https://x.com/undefined/status/2031289965343334771","1673685356695126021",
"2031289963057136054","Tue Mar 10 08:44:01 +0000 2026","0","Rhaenyra's favorite colors my head canon as to why she loved purple so much was because it was the mixture of her two House colors red for House Targaryen &amp; Blue for House Arryn","2031289963057136054","","","en","","0","0","0","https://x.com/undefined/status/2031289963057136054","899819043812716544",
"2031289954543022380","Tue Mar 10 08:43:59 +0000 2026","0","I only just realised that max steel may be the most famous blue beetle type character and he may very well be stronger than blue beetle https://t.co/mAK7dowAvw","2031289954543022380","https://pbs.twimg.com/tweet_video_thumb/HDCXcNZbsAA_IPZ.jpg","","en","","0","0","0","https://x.com/undefined/status/2031289954543022380","1293343607647342592",
"2031223214094090738","Tue Mar 10 08:43:58 +0000 2026","0","@MatthewsDe98325 @HyuugaJessika From the attached image it looks like one woman with dark hair in a bun seen from the side/back in a blue long-sleeve outfit with a yellow shoulder patch (like a badge or emblem). The linked video might feature more people but I can't view external links. Not recognizing any","2031289949111083276","","MatthewsDe98325","en","","0","0","0","https://x.com/undefined/status/2031289949111083276","1720665183188922368",
"2031103757413400997","Tue Mar 10 08:43:55 +0000 2026","0","@Im_The_Slime Engagement bait with no Twitter blue weird","2031289937988038943","","Im_The_Slime","en","","0","0","0","https://x.com/undefined/status/2031289937988038943","1471866003000741891",
"2031073792416448858","Tue Mar 10 08:43:53 +0000 2026","0","@anime_shots This isnt even blue lock this is a Garfield creepypasta and that is funnier","2031289928534077534","","anime_shots","en","","0","0","0","https://x.com/undefined/status/2031289928534077534","1458170651332780037",
"2031289924410855835","Tue Mar 10 08:43:52 +0000 2026","0","Everyone saying length is the only difference or the main one needs their eyes checked bro I don't agree with how the billboard is layed out but come one yall really cant see the lining on the left one that the right one doesn't have? And that the left one is a lighter blue?","2031289924410855835","","","en","","0","0","0","https://x.com/undefined/status/2031289924410855835","1607459916930846722",
"2031289924125630873","Tue Mar 10 08:43:52 +0000 2026","1"," Marine Collection Deep blue tones clean design and the Tryzub at heart https://t.co/paubU4uWAP Support Ukraine through what you re wearing 🇺🇦 https://t.co/AtFAnMt8AJ","2031289924125630873","https://pbs.twimg.com/media/HDCXas1W0AA7bKc.jpg","","en","","0","0","0","https://x.com/undefined/status/2031289924125630873","1580858859375263744",
"2031289884854595859","Tue Mar 10 08:43:42 +0000 2026","0","ปล่อยเล่ม blue lock ️ 1 - 21 : 1300 รวมส่ง 1 - 19 พิมเก่า 20 21 พิมใหม่ เล่ม 5 ยังไม่ได้แกะซีน #ตลาดนัดคุกฟ้า #ตลาดนัดbluelock #ตลาดนัดอนิเมะ #ตลาดนัดมังงะ #มังงะมือสองสภาพดี","2031289884854595859","","","th","","0","0","0","https://x.com/undefined/status/2031289884854595859","1458432958679830532",
"2031289884187476470","Tue Mar 10 08:43:42 +0000 2026","0","No impression No engagement I just hope getting a blue tick would make things better","2031289884187476470","","","en","","0","0","0","https://x.com/undefined/status/2031289884187476470","1982820321930702848",
"2031022198220038226","Tue Mar 10 08:43:42 +0000 2026","0","@theillmeister @rawmesports Good luck and Good game! The Blue color is lovely! @wangleehom @TheRealStanLee","2031289882250031220","","theillmeister","en","","0","0","0","https://x.com/undefined/status/2031289882250031220","50195684",
"2031289878353530909","Tue Mar 10 08:43:41 +0000 2026","0","Blue Star Expands AC Manufacturing Capacity to 1.4M Units Targets India's Growing Market | MCap 39 905.72 Cr - Manufacturing capacity of 1.4 million units (scalable to 1.8 million) across plants in Sri City Andhra Pradesh and Himachal Pradesh - New range of 125 Room Air https://t.co/p3JusHPa94","2031289878353530909","https://pbs.twimg.com/media/HDCXMTXawAA02q-.jpg","","en","","0","0","0","https://x.com/undefined/status/2031289878353530909","1825090112713285632",
"2031289866580013066","Tue Mar 10 08:43:38 +0000 2026","2","終わた〜 なんか今日はやけにBlueが沁みるぜベイベェ https://t.co/O61PCmfPhe","2031289866580013066","https://pbs.twimg.com/media/HDCXXXqaMAY389R.jpg","","ja","","0","1","0","https://x.com/undefined/status/2031289866580013066","1190816793696227329",
"2030725222949663163","Tue Mar 10 08:43:32 +0000 2026","0","@ItsMrBaked @AaronShames @AbstractChain https://t.co/cl2lAUOWzv","2031289843221668268","https://pbs.twimg.com/tweet_video_thumb/HDCXV9eaMAETvvN.jpg","ItsMrBaked","qme","","0","1","0","https://x.com/undefined/status/2031289843221668268","1891220955566915584",
"2031287579060920623","Tue Mar 10 08:42:43 +0000 2026","0","@Igbani27243 Where? Where are you going and with whom? You presume a lot and are demonstrably unteachable. That wasn't advice it's a statement. If I tell you the sky is blue I mean it is blue I'm not advising you. If you want to say it is orange by all means do it won't change its colour.","2031289637486854614","","Igbani27243","en","","0","0","0","https://x.com/undefined/status/2031289637486854614","300981481",
"2031006591172964501","Tue Mar 10 08:42:42 +0000 2026","1","@ben_sithole @lekojr_shoba The $2.6M figure isn't the fish's actual value it's a mix-up from a 2018 US tournament prize (pooled entry fees for the biggest white marlin). This 2021 Nigerian blue marlin (about 7ft long) was sliced into pieces smoked and sold cheap locally to villagers small bits went for","2031289630578921940","","ben_sithole","en","","0","0","0","https://x.com/undefined/status/2031289630578921940","1720665183188922368",
"2031006591172964501","Tue Mar 10 08:42:39 +0000 2026","0","@IntimacyRex @lekojr_shoba You're welcome! Glad the facts helped clear it up no $2.6M jackpot just a huge blue marlin turned into a village feast back in 2021. People can relax now. If you want me to reply directly to the original post with the full context let me know!","2031289618952278052","","IntimacyRex","en","","0","0","0","https://x.com/undefined/status/2031289618952278052","1720665183188922368",
"2031270038217302507","Tue Mar 10 08:42:37 +0000 2026","2","@OgaNlaMedia @info_NRC They need to buy more coaches as well. The Blue Line that arrived yesterday. Lagos State buys more coaches almost every year. A train should leave Lagos for Ibadan and vice versa every hour. That route is viable; we re not using it at an optimal level.@info_NRC","2031289613092823248","","OgaNlaMedia","en","","0","1","0","https://x.com/undefined/status/2031289613092823248","77407598",
"2031286948912914640","Tue Mar 10 08:42:36 +0000 2026","1","@RegggieCyde I'm convinced Bonnie Blue is. It's just rape bait for foreign men as degenerates like these two make a few quid and innocent white women pay for it later via sexual assault.","2031289606713324025","","RegggieCyde","en","","0","0","0","https://x.com/undefined/status/2031289606713324025","1710222840316698624",
"2031279543944884454","Tue Mar 10 08:42:29 +0000 2026","1","@batstappen So true blue fits him so well That fuckass orange is ugly","2031289577520943109","","batstappen","en","","0","0","0","https://x.com/undefined/status/2031289577520943109","4249803724",
"2031264498825171224","Tue Mar 10 08:42:25 +0000 2026","0","@Caicedoboy1 You will celebrate 121 years like Chelsea happy birthday. Blue","2031289561448350036","","Caicedoboy1","en","","0","0","0","https://x.com/undefined/status/2031289561448350036","1166845092583415813",
"2031289549163205101","Tue Mar 10 08:42:22 +0000 2026","0","People with blue tick and their numerous storylines and story times on theTL is becoming sickening","2031289549163205101","","","en","","0","0","0","https://x.com/undefined/status/2031289549163205101","176760744",
"2031289537394315502","Tue Mar 10 08:42:19 +0000 2026","0","bukan suhu tapi menurutku di hold ajaaa investasi itu buat jangka panjang up to 5 tahun. apalagi saham yg kamu pegang itu saham blue chip kalau dari riwayat perusahaan tidak ada problem apapun hold aja dulu naik turun mah biasa hitung latih detak jantung dan mental.","2031289537394315502","","","in","","0","0","0","https://x.com/undefined/status/2031289537394315502","1392013144323629061",
"2031288030359859704","Tue Mar 10 08:42:18 +0000 2026","0","@manish182578 Hi Manish is there anything you need assistance with? -Anay Service Manager Please note that HDFC Bank will only respond using either @HDFCBank_Cares or @HDFC_Bank handle. Both handles have the verified blue tick on X.","2031289532965106038","","manish182578","en","","0","0","0","https://x.com/undefined/status/2031289532965106038","145931959",
"2031289526908526834","Tue Mar 10 08:42:17 +0000 2026","0","福山シティララバイ Vol.11 ️3/14土・福山Cable honeycomb 上山ゼミ FAIR RULE Queens STORM TUNE ヒーローバンド Instant cat ICE BLUE Anti Dogs mish-mash チナノ 涙腺コルク FCU軽音楽サークル 追いコン！最後も最高の演奏で！ 福山Cableスタッフ一同、全力でサポートします️ https://t.co/wPcwSHmg2z","2031289526908526834","https://pbs.twimg.com/media/HDCWzItaMAQvbit.jpg","","ja","","0","0","0","https://x.com/undefined/status/2031289526908526834","143856704",
"2031289516309283275","Tue Mar 10 08:42:14 +0000 2026","0","I never get blue and red dials. But e go happen. I go get all my desires.","2031289516309283275","","","en","","0","0","0","https://x.com/undefined/status/2031289516309283275","225436201",
"2031289487872110703","Tue Mar 10 08:42:08 +0000 2026","0","kalau ada yang cari ticket available. PURPLE 900rb x4 ORANGE 800rb x2 BLUE 700rb x4 Harga di atas pereach udah di kurangin dan di jual normal. t.wts wtb tiket Raisa Live in Concert Love &amp; Let Go with Andi Rianto &amp; Magenta Orchestra https://t.co/Bmb2tCaRYd","2031289487872110703","https://pbs.twimg.com/media/HDCXBlZaMAEx0x6.jpg","","in","","0","0","0","https://x.com/undefined/status/2031289487872110703","1687783248502611968",
"2031289482176012672","Tue Mar 10 08:42:06 +0000 2026","0","masonry.vaxx → autism indigo kids ~ 500 - 800 masonry.woke → transition indigo kids using BLM electoral suffrage * blacks are yellow /green/ blue slightly","2031289482176012672","","","en","","0","0","0","https://x.com/undefined/status/2031289482176012672","1369702139845607427",
"2031134224032395722","Tue Mar 10 08:42:06 +0000 2026","0","@PriorInocentee1 @NiiightAnGeeel This is from the movie *Red White &amp; Royal Blue* (the lake house scene with Alex and Henry). Nicholas Galitzine (white tee apple) and Taylor Zakhar Perez (black jacket leaning in). Cozy vibes!","2031289482079514859","","PriorInocentee1","en","","0","0","0","https://x.com/undefined/status/2031289482079514859","1720665183188922368",
"2031076304678736371","Tue Mar 10 08:42:04 +0000 2026","0","@MemeCruise35147 Give me blue pill abeg","2031289473938477306","","MemeCruise35147","en","","0","0","0","https://x.com/undefined/status/2031289473938477306","1340878679203844097",
"2031289471904223505","Tue Mar 10 08:42:04 +0000 2026","0","【投資の息抜き/790円の甘味情報】 【残りあとわずか！】【楽天1位 】CARRE・DE・BLUE カレドブルー 9枚入り 幸せを呼ぶ青いチョコレート ＼累計25万箱販売！高評価率97.5%!／【個別配送】 天然 バタフライピー チョ https://t.co/crrzVVWuyE","2031289471904223505","","","ja","","0","0","1","https://x.com/undefined/status/2031289471904223505","2536304652",
"2031289463562006553","Tue Mar 10 08:42:02 +0000 2026","0","Pinuna ni Senator Rodante Marcoleta si Senate Blue Ribbon Committee Chair Senator Ping Lacson dahil sa naantalang committee report kaugnay ng flood control anomalies matapos ang pitong buwan magmula ng buksan ang imbestigasyon. #eBulgar https://t.co/ULvkblQJaW","2031289463562006553","https://pbs.twimg.com/media/HDCW9xvbkAAXWrO.jpg","","tl","","0","1","0","https://x.com/undefined/status/2031289463562006553","1958513429209370624",
"2031213011524780175","Tue Mar 10 08:41:59 +0000 2026","0","@Suresevprojecs The Don. The real Don. Premier league most valuable player. Not a black card holder but a blue chip card holder (I don't even know what the fuck that is). when money sees him it calls him daddy. ‍️","2031289451775742129","","Suresevprojecs","en","","0","0","0","https://x.com/undefined/status/2031289451775742129","535072061",
"2031289451020955955","Tue Mar 10 08:41:59 +0000 2026","0","Sukoon Blue Sapphire (Neelam) gemstone known for strength success and protection. A powerful stone associated. #Sukoon #BlueSapphire #Neelam #Gemstone #SaturnStone #AstrologyGem #LuckyStone #HealingCrystal #SpiritualEnergy #PreciousGem #Astrology #PositiveEnergy #LuxuryGem https://t.co/DKuIWFhVXh","2031289451020955955","https://pbs.twimg.com/media/HDCW6eNaMAQc-Il.jpg","","en","","0","0","0","https://x.com/undefined/status/2031289451020955955","2021925612739604481",
"2031289441898418238","Tue Mar 10 08:41:57 +0000 2026","1","ささこを表す色は 【薄青（うすあお）｜Smoke Blue】 余韻をまとう人 ・くすみ系クール代表 ・感情に振り回されない ・静かな理性で整える #Makko #診断テスト みんなは何色かな？ 【色鉛筆診断】 https://t.co/JPWJeMDgSj 相性のいい色→菫 姫廻、俺だよ","2031289441898418238","","","ja","","0","0","0","https://x.com/undefined/status/2031289441898418238","1693281439947878400",
"2031289436881723882","Tue Mar 10 08:41:55 +0000 2026","0","Used to make music on a blue yeti now I m chilling in a shed with a usb at2020 and I m still making bangers.","2031289436881723882","","","en","","0","0","0","https://x.com/undefined/status/2031289436881723882","2023146810907209729",
"2031289433354575977","Tue Mar 10 08:41:55 +0000 2026","0"," フジヤカメラ お得情報 https://t.co/Vl0MYGLUHO ️ instax mini LiPlay+ MIDNIGHT BLUE 価格：¥21 980 還元：¥659（3% AmazonPay） 実質：¥21 321 送料：無料 相場：¥21 600 お得：¥279 JAN：4547410558241 相場比較 https://t.co/cctjZPWDb7 #PR ※2026/03/10 17:41時点","2031289433354575977","","","ja","","0","0","0","https://x.com/undefined/status/2031289433354575977","1905618560703234048",
"2031070169745735776","Tue Mar 10 08:41:49 +0000 2026","0","@cent_haysmall @ChrisWTFguy @yemiO66718 Lol... All these boys with 3500 naira blue thick be doing the most.","2031289411346801117","","cent_haysmall","en","","0","0","0","https://x.com/undefined/status/2031289411346801117","2675782589",
"2031215139639198028","Tue Mar 10 08:41:48 +0000 2026","0","@DJ80333399 @bouquetheloving I like GoGreen too. I also found Blue Racer quite cute too. MegaBlue and GingaYellow are gorgeous","2031289406896877878","","DJ80333399","en","","0","0","0","https://x.com/undefined/status/2031289406896877878","1703667534858498048",
"2031278648075104547","Tue Mar 10 08:41:47 +0000 2026","0","@reiji_king0919 初めまして、秋葉原にあるアトリエコンカフェ【Blue Rose】はいかがでしょうか𓆡個性豊かなキャストが勢揃いしております、ぜひご検討ください𓀇","2031289401897287865","","reiji_king0919","ja","","0","0","0","https://x.com/undefined/status/2031289401897287865","1922254006694658048",
"2031118615043338491","Tue Mar 10 08:41:47 +0000 2026","3","@whtnoiz60 @Hana_b30 Yeah mostly real but with a twist. This is based on a 2015 piebald fawn named Dragon at Deer Tracks Junction farm in Cedar Springs Michigan. Rare white face blue eyes pink nose mom (also piebald) rejected him right after birth and nearly stomped him. Farm owners bottle-fed","2031289401691480537","","whtnoiz60","en","","2","0","0","https://x.com/undefined/status/2031289401691480537","1720665183188922368",
"2031091163579429190","Tue Mar 10 08:41:45 +0000 2026","1","@OsidekoIlesanmi @iamkennifizzle Elon musk don useless blue tick. This is what happen when goats use chains rather than rope. Bro please go Facebook or TikTok.","2031289391864262939","","OsidekoIlesanmi","en","","0","0","0","https://x.com/undefined/status/2031289391864262939","1341647963072978946",
"2031288177680355401","Tue Mar 10 08:41:45 +0000 2026","0","@pbtips_ The blue blood runs through your veins","2031289391193202807","","pbtips_","en","","0","0","0","https://x.com/undefined/status/2031289391193202807","1269803718276452352",
"2031269930729877925","Tue Mar 10 08:41:40 +0000 2026","1","@moscopee001 @ErickaneAdams you see instead to focus on how he trades and try to learn one or two you are focused on his money. From his chart and entries you will learn one or 2 but from his blue screenshot you will see how he manages his risks. From his money in binance account you won't learn something.","2031289374055301381","","moscopee001","en","","0","0","0","https://x.com/undefined/status/2031289374055301381","1749234477413314560",
"2030993117625942042","Tue Mar 10 08:41:40 +0000 2026","0","@bob_noss @forallcurious You take the blue pill Fly- the story ends you wake up and go back to buzzing around the kitchen. You take the red pill you stay in Wonderland and I show you how deep the rabbit hole goes. https://t.co/2Up5rhBCdJ","2031289370175557911","https://pbs.twimg.com/tweet_video_thumb/HDCW6fRWIAAs9fx.jpg","bob_noss","en","","0","0","0","https://x.com/undefined/status/2031289370175557911","259103771",
"2031204668454432833","Tue Mar 10 08:41:30 +0000 2026","0","@Donnalee711 @FPWellman @nonno_paula Vote democracy blue real Dr. Annie Andrew replace him now","2031289331718172888","","Donnalee711","en","","0","0","0","https://x.com/undefined/status/2031289331718172888","1421597985046032386",
"1945037412360417432","Tue Mar 10 08:41:29 +0000 2026","3","@AlanSla90124663 @parsleysmum @denvor18 @madridnantes @WuffyisFloofy @Suziwho1 @Sg3912 @HibiscusLynn @GeologistsCat @sparkiebabe @Freeds @Nacho87329549 @azzurro_azzurro @AngusMcPussPuss @TJS12145 @LisaCla29002177 @tiggy_catt247 @BuddyakaBuddyB1 @MatthewSummors @NeddyofNeddyton @Leonlovescats @Obe_QT_Luke @JustSkate23 Good morning my dear friends! Me wishes you all a nice Tuesday and hope you're doing well. The sun is shining from a beautiful blue sky and it's 12°C at present. The high is 17°C. The forecast says rain in the afternoon. Enjoy whatever you are doing today and be blessed https://t.co/dDwyk6MpHE","2031289327859433821","https://pbs.twimg.com/tweet_video_thumb/HDCW3C8WoAA8k6Q.jpg","AlanSla90124663","en","","0","2","1","https://x.com/undefined/status/2031289327859433821","801431312724881408",
"2031003655676072319","Tue Mar 10 08:41:26 +0000 2026","0","@sanakazmi36 Blue balls","2031289312868786668","","sanakazmi36","en","","0","0","0","https://x.com/undefined/status/2031289312868786668","1240461484645396485",
"2031289307709976799","Tue Mar 10 08:41:25 +0000 2026","9","lizguel may streak blue comment ELIZA ON FMRADIO MNL","2031289307709976799","","","en","","0","0","2","https://x.com/undefined/status/2031289307709976799","1827337723864346633",
"2031289303049892051","Tue Mar 10 08:41:24 +0000 2026","0","no one looks good with orange and blue combination more than him https://t.co/6RxUiaQP93","2031289303049892051","https://pbs.twimg.com/media/HDCW2B7aMAMsj-2.jpg","","en","","0","0","0","https://x.com/undefined/status/2031289303049892051","1536456041193525248",
"2031233078081863895","Tue Mar 10 08:41:20 +0000 2026","0","@lxveminaa ? why would he damage his eyes by using them for their intended purpose? this would perhaps be the case if he spent too much time awake at night on his phone staring at blue light. but I'd say deadeye is him exercizing his eyes and keeping them sharp and healthy","2031289289997164748","","lxveminaa","en","","0","0","0","https://x.com/undefined/status/2031289289997164748","1181754222880198657",
"2031289286100922808","Tue Mar 10 08:41:19 +0000 2026","0","กล้องโพลารอยด์ Instax mini 9/11 Color: Lime Green (9) Color: Sky blue (11) ℰ ࣪˖ มีอุปกรณ์ครบพร้อมใช้งาน⁺◟ ฟิล์มซื้อมาใส่เอง หรือ ซื้อกับทางร้านมีพร้อมส่ง ️ ไม่ต้องมัดจำ ไม่มีประกัน สอบถาม จองคิว ลิงก์ไลน์หน้าไบโอได้เลย #เช่ากล้อง #เช่ากล้องโพลารอยด์ https://t.co/bxoWgA8r3y","2031289286100922808","https://pbs.twimg.com/media/HDCW1kVaMAI6PV5.jpg","","th","","0","0","0","https://x.com/undefined/status/2031289286100922808","1466976311826550784",
"2031289285907771570","Tue Mar 10 08:41:19 +0000 2026","0","violet blue green red","2031289285907771570","","","en","","0","0","0","https://x.com/undefined/status/2031289285907771570","1545287209934356480",
"2031289259978641749","Tue Mar 10 08:41:13 +0000 2026","0","Happy 121st birthday to Chelsea the best London club. 121 years of greatness. I m proud to be a supporter for 23yrs and counting. Let the blue heart roll in the comment https://t.co/YNf4ln1fhG","2031289259978641749","https://pbs.twimg.com/amplify_video_thumb/2031289183541604353/img/t0kMItBiUtIgKapm.jpg","","en","","0","0","0","https://x.com/undefined/status/2031289259978641749","539867469",
"2031289230316405193","Tue Mar 10 08:41:06 +0000 2026","0"," RESTOCKED - Taylor Swift The Eras Tour Blue T-Shirt [SM MD LG XL] - $56.55 Product: https://t.co/OBLzsEHJ4n https://t.co/SMyoRaDhI3","2031289230316405193","","","en","","0","0","0","https://x.com/undefined/status/2031289230316405193","1992311808846397440",
"2031288520552182231","Tue Mar 10 08:41:03 +0000 2026","0","Here's the 3D style for you: Transform the uploaded person into a cute cartoon-style character inside a colorful 3D platformer game world. The character wears a classic red-cap plumber outfit: bright red cap with a small coin logo on the front (no letters) blue overalls with https://t.co/63KoYHSIsq","2031289217989390548","https://pbs.twimg.com/media/HDCWxFjXQAAmYXx.jpg","PixPrettyAI","en","","0","0","0","https://x.com/undefined/status/2031289217989390548","1957771410228801539",
"2031289212519985195","Tue Mar 10 08:41:02 +0000 2026","15","blue or red pill? https://t.co/KzdoW2HMWh","2031289212519985195","https://pbs.twimg.com/media/HDCWxLsW4AApxgU.jpg","","en","","0","11","12","https://x.com/undefined/status/2031289212519985195","830634918",
"2031289203254837290","Tue Mar 10 08:41:00 +0000 2026","0","️EFEMÉRIDES 10/03/2026 - Thin Lizzy lanzó Shades of a Blue Orphanage en 1972 - Motörhead publicó Snake Bite Love en 1998 - Chris Cornell publicó Scream en 2009 - Havok lanzó Conformicide en 2017 (2/2) #OnThisDay https://t.co/aqyLibtWIv","2031289203254837290","https://pbs.twimg.com/media/HC46cabWcAITy_m.jpg","","ro","","0","0","0","https://x.com/undefined/status/2031289203254837290","1344019536236998656",
"2026633306998190290","Tue Mar 10 08:40:59 +0000 2026","0","@RKT914457127414 Dear User we apologize for the inconvenience. Please note that the Value Research Advisor app (Black) is for Fund Advisor subscribers while the Value Research Online app (Blue) is for magazine subscribers and free users. For assistance please write us at help@valueresearch.in.","2031289199538876504","","RKT914457127414","en","","0","0","0","https://x.com/undefined/status/2031289199538876504","34228937",
"2031289197068218773","Tue Mar 10 08:40:58 +0000 2026","0","@ClydeSSB Heard the show last night where Gordon Duncan says celtic arent 100% to blame They crashed through security gates outside Crashed through turnstiles Destoyed parts of Ibrox inc the blue gates Mocked children killed in a disaster main point They invaded pitch first","2031289197068218773","","ClydeSSB","en","","0","0","0","https://x.com/undefined/status/2031289197068218773","223588658",
"2031289195571065110","Tue Mar 10 08:40:58 +0000 2026","0","If a Belgian Blue cow were a bodybuilder","2031289195571065110","","","en","","0","0","0","https://x.com/undefined/status/2031289195571065110","1273519047724855297",
"2031289187530404283","Tue Mar 10 08:40:56 +0000 2026","0","A Nigerian man caught a Blue Marlin worth $2.6 million and instead of selling it he shared it with people in his village and they all ate it. https://t.co/X4YCtcPQ06","2031289187530404283","https://pbs.twimg.com/media/HDCWvnIX0AA0GsO.jpg","","en","","0","0","0","https://x.com/undefined/status/2031289187530404283","1907758774300925952",
"2031267828297510994","Tue Mar 10 08:40:51 +0000 2026","0","@MichelleLe75898 @bboystylez282 It looks like a young woman with long dark wavy hair wearing a tight light blue dress posing mid-dance or lip-sync in a room (with a HAPPY banner in the background). I don't recognize her as any known public figure or celebrity. Probably just a regular content creator sharing","2031289166445617638","","MichelleLe75898","en","","0","0","0","https://x.com/undefined/status/2031289166445617638","1720665183188922368",
"2031284437506568276","Tue Mar 10 08:40:50 +0000 2026","1","@c5pysnu9 こんにちは𓀫秋葉原にあるアトリエコンカフェ【Blue Rose】はいかがでしょうか？個性豊かで様々な分野に特化したキャストが揃っいるのでぜひ、ご検討ください𓀠𓀠","2031289164453622268","","c5pysnu9","ja","","0","1","0","https://x.com/undefined/status/2031289164453622268","1922254006694658048",
"2031289164235239448","Tue Mar 10 08:40:50 +0000 2026","13","The CEOs of blood red and indigo blue. SELF PROMO SELF PROMO https://t.co/hcanovt7lc","2031289164235239448","https://pbs.twimg.com/media/HDCWn51WcAAvn1J.jpg","","en","","0","1","1","https://x.com/undefined/status/2031289164235239448","1979202437627162624",
"2031289153980404052","Tue Mar 10 08:40:48 +0000 2026","0","what's with JossGawin and blue yellow","2031289153980404052","","","en","","0","0","0","https://x.com/undefined/status/2031289153980404052","1875533848509120512",
"2030994484113101011","Tue Mar 10 08:40:46 +0000 2026","0","@4thOfJuly365 This post is stupid. It's not realistic. You're not gonna have sections like this fighting. It would be red and blue eventually melding together in areas.","2031289143616049174","","4thOfJuly365","en","","0","0","0","https://x.com/undefined/status/2031289143616049174","306935379",
"2031289140461863176","Tue Mar 10 08:40:45 +0000 2026","5","Κρίμα...που είμαι γυναίκα κ δεν έχω να τα ξύσω!!!! https://t.co/MUcv7IksTD","2031289140461863176","https://pbs.twimg.com/media/HDCWtUZWkAA9pPl.jpg","","el","","0","0","1","https://x.com/undefined/status/2031289140461863176","1674838017326850049",
"2031289135311499662","Tue Mar 10 08:40:44 +0000 2026","0","ねことを表す色は 【薄青（うすあお）｜Smoke Blue】 余韻をまとう人 ・くすみ系クール代表 ・感情に振り回されない ・静かな理性で整える #Makko #診断テスト みんなは何色かな？ 【色鉛筆診断】 https://t.co/tVbmFp5fG9 クール！？！？！？！？","2031289135311499662","","","ja","","0","0","0","https://x.com/undefined/status/2031289135311499662","1490223878223777794",
"2031125546466230677","Tue Mar 10 08:40:42 +0000 2026","0","@mmjdaisy Or red yellow and blue are primary colors? And it s a kids movie so colors are important?","2031289130450301152","","mmjdaisy","en","","0","0","0","https://x.com/undefined/status/2031289130450301152","2029498721801850881",
"2031120061969109378","Tue Mar 10 08:40:41 +0000 2026","0","@Mbakaza4L You as a human are spending your time complaining to strangers online you could be using this time to go help someone else? Don t really need all your wages or can you stop having a blue tick and use that money to buy food for the homeless only using your own logic ","2031289125651788265","","Mbakaza4L","en","","0","0","0","https://x.com/undefined/status/2031289125651788265","1672048468070744064",
"2031289113228284104","Tue Mar 10 08:40:38 +0000 2026","0","Blue Pappi is kak good .","2031289113228284104","","","en","","0","0","0","https://x.com/undefined/status/2031289113228284104","798075630",
"2031091849927200886","Tue Mar 10 08:40:38 +0000 2026","0","@SproutSeedly003 The blue checks don't know you're a cartoon","2031289111685066937","","SproutSeedly003","en","","0","0","0","https://x.com/undefined/status/2031289111685066937","1721330775554166784",
"2031057187934711859","Tue Mar 10 08:40:36 +0000 2026","0","@MatthewsDe98325 @Rishabh30539551 Not sure who she is doesn't match any known celebrity or influencer I can recall. It's just a clip of a woman with long dark hair in a blue tank top seen mostly from behind near a TV. Probably a random viral video clip.","2031289105644949678","","MatthewsDe98325","en","","0","0","0","https://x.com/undefined/status/2031289105644949678","1720665183188922368",
"2031289101249368169","Tue Mar 10 08:40:35 +0000 2026","1","I see they forgot to translate- Ah well I'm a gaijin I can picto chat this. https://t.co/aaLkg7Iv2u","2031289101249368169","https://pbs.twimg.com/media/HDCWiK5WAAAYUYs.png","","en","","0","0","0","https://x.com/undefined/status/2031289101249368169","1485439068607553541",
"2031220517303173194","Tue Mar 10 08:40:35 +0000 2026","0","@Smokeycloudzz7 @SanctumArcana @RadioGenoa Thats correct but to be honest there are an increasing lot of peacock people with blue or red or rainbow hair","2031289098355318896","","Smokeycloudzz7","en","","0","0","0","https://x.com/undefined/status/2031289098355318896","1375474898823438343",
"2031288223377379356","Tue Mar 10 08:40:30 +0000 2026","1","@Rainmaker1973 That electric blue face is super rare for a mammal. Combined with their gold fur they look like mythical creatures come to life.","2031289077786726778","","Rainmaker1973","en","","0","0","0","https://x.com/undefined/status/2031289077786726778","1430144731967676423",
"2031289075211317659","Tue Mar 10 08:40:29 +0000 2026","0","Blue Star Ltd - launches 125 models of Room ACs for Summer 2026 including premium Iconia series. All models comply with new BEE energy standards. https://t.co/fqUbRiQkz1","2031289075211317659","","","en","","0","0","0","https://x.com/undefined/status/2031289075211317659","1303434860275486720",
"2031289068588310658","Tue Mar 10 08:40:28 +0000 2026","3","Ice-blue water with Mount Cook rising behind. #LakePukaki https://t.co/BY5w4ifAmw","2031289068588310658","https://pbs.twimg.com/media/HDCWfomXQAAUzwp.jpg","","en","","0","0","0","https://x.com/undefined/status/2031289068588310658","2000861068290351107",
"2031271749778895028","Tue Mar 10 08:40:28 +0000 2026","0","@writemenfess ini nulis dikit2 hehe https://t.co/iKo6BIUJUA","2031289068311789711","","writemenfess","in","","0","0","0","https://x.com/undefined/status/2031289068311789711","1879530423942103041",
"2031289062976262581","Tue Mar 10 08:40:26 +0000 2026","0","Blue Jays Randy Arozarena Blue Jays Randy Arozarena Blue Jays Randy Arozarena","2031289062976262581","","","en","","0","0","0","https://x.com/undefined/status/2031289062976262581","2009622293232893952",
"2031289057964339643","Tue Mar 10 08:40:25 +0000 2026","2","りふを表す色は 【水｜Sky Blue】 風のような自由人 ・縛られると即パワーダウン ・余白があるほど輝くタイプ ・発想ふわっと、でも鋭い #Makko #診断テスト みんなは何色かな？ 【色鉛筆診断】 https://t.co/7uB9c6RJEt らしいですよ","2031289057964339643","","","ja","","0","0","0","https://x.com/undefined/status/2031289057964339643","1553940650076545024",
"2031246147256463578","Tue Mar 10 08:40:24 +0000 2026","0","@awasbus @calomagang @Naufaldaakbar Inimah servis pertama... Di tamsel makan lagi nanti. Kecuali kalo kelasnya blue eyes.","2031289051979067898","","awasbus","in","","0","0","0","https://x.com/undefined/status/2031289051979067898","736554719787679744",
"2031123269605056725","Tue Mar 10 08:40:17 +0000 2026","0","@BenisKen My first thought was the left one was a lighter shade of blue..","2031289023155581177","","BenisKen","en","","0","0","0","https://x.com/undefined/status/2031289023155581177","884827446964518912",
"2031289005547905456","Tue Mar 10 08:40:13 +0000 2026","0","Nike Air VaporMax Plus 'Thunder Blue' Available via @footlocker |$220| #ad &gt;&gt;&gt; https://t.co/PumZvmirWX https://t.co/SqIzbAJgbW","2031289005547905456","https://pbs.twimg.com/media/HDCWlSrWgAAVm2j.jpg","","en","","0","0","0","https://x.com/undefined/status/2031289005547905456","792182745942233089",
"2031236829404606721","Tue Mar 10 08:40:12 +0000 2026","0","@riremito97410 @mudamudasuda はい、ミシェル・ウィリアムズは複数作品でヌードシーンを演じてます。 2000年『If These Walls Could Talk 2』で初ヌード（19歳）、 『Blue Valentine』『Take This Waltz』（フルフロンタルあり）、 最近2025年の『Dying for Sex』でも。 役柄次第で大胆ですね。","2031289004486803738","","riremito97410","ja","","0","0","0","https://x.com/undefined/status/2031289004486803738","1720665183188922368",
"2029445130265018529","Tue Mar 10 08:40:10 +0000 2026","0","She's finally arrived. Took these about 20 minutes ago. The 1st blue eyed calf I've ever had what a beaut https://t.co/lvYtQN3nzE","2031288995968086445","https://pbs.twimg.com/media/HDCWkqCaMAA3pnR.jpg","_TCMLesenyeho","en","","0","0","0","https://x.com/undefined/status/2031288995968086445","1715265130697465856",
"2031277500891078945","Tue Mar 10 08:40:06 +0000 2026","0","@domangalkka Bestie hahhahhaaha ang asim parang yung scent ni Golf sa Blue Diamond Moon amoy araw ","2031288977693761951","","domangalkka","tl","","0","1","0","https://x.com/undefined/status/2031288977693761951","1246900335836188672",
"2030569211227980279","Tue Mar 10 08:40:06 +0000 2026","0","@Spectra010s Yes exactly You typically run the blue and green environments on separate servers/instances giving you full failsafe. Then a load balancer sits in front and handles the atomic traffic switch","2031288977014100198","","Spectra010s","en","","0","0","0","https://x.com/undefined/status/2031288977014100198","1315740037783465984",
"2031288954272850272","Tue Mar 10 08:40:00 +0000 2026","2","จะคอยเป็นลมใต้ปีกให้หนูอยู่ตรงนี้เสมอวันใดที่มี๊ลบ x ทิ้งแต่จะคอยตามดูช่องทางอื่นอยู่ห่างๆ อย่างห่วงๆ เสมอนะคับ️️️ @gulfkanawut #GuflKanawut https://t.co/nP0K7P8JzA","2031288954272850272","https://pbs.twimg.com/media/HDCWigXakAA50gc.jpg","","th","","0","0","1","https://x.com/undefined/status/2031288954272850272","1173203580666310657",
"2031288951798108524","Tue Mar 10 08:40:00 +0000 2026","9","実はこの『沖縄 ISLAND BLUE 泡盛 50度』 令和7年度泡盛鑑評会にて、 沖縄国税事務所長賞を受賞した泡盛なんです‼️","2031288951798108524","","","ja","","0","1","6","https://x.com/undefined/status/2031288951798108524","963582603583406080",
"2031288942264496607","Tue Mar 10 08:39:58 +0000 2026","3","moon dropのブルーフィッシュ 私の最後のリクエストきた〜 #ゴッジ #生のとき #moondrop https://t.co/3b1Um6taj2","2031288942264496607","","","ja","","0","1","0","https://x.com/undefined/status/2031288942264496607","1029665351829676032",
"2031288926090953094","Tue Mar 10 08:39:54 +0000 2026","0","Happy 121st Anniversary to the first love of my life Chelsea football club!!! The blues! ..Blue till the end of me!!! The best club in the world!!! #Cfc #chelsea https://t.co/HdyqSPm1OB","2031288926090953094","https://pbs.twimg.com/media/HDCWUzqXsAAq-O7.jpg","","en","","0","0","0","https://x.com/undefined/status/2031288926090953094","1042908347396247552",
"2031288923452805360","Tue Mar 10 08:39:53 +0000 2026","0","BREAKING: Stephen Miller a senior Trump Advisor is trying to exclude illegal aliens from the U.S. census which removes House seats from Blue states like California New York etc. Do you support excluding illegals from the U.S. census? 1. Hell Yes 2. No https://t.co/9hkjPATq9w","2031288923452805360","https://pbs.twimg.com/media/HDCWgpkXEAEJYvi.jpg","","en","","0","0","0","https://x.com/undefined/status/2031288923452805360","2022938597167357952",
"2031288911490855031","Tue Mar 10 08:39:50 +0000 2026","0","Check out Avenue BOHO Lace V-Neck Cap Sleeve Peace On Earth Green Blue Purple Top 26/28 https://t.co/YWGLfcwNs1 #eBay via @eBay","2031288911490855031","","","en","","0","0","0","https://x.com/undefined/status/2031288911490855031","27787381",
"2031288908043137049","Tue Mar 10 08:39:49 +0000 2026","0","夢の中へ僕を連れてって 綺麗な花咲く所へ 黄昏もI'm alright 路傍の影はblue https://t.co/VVt2TrLUtM","2031288908043137049","https://pbs.twimg.com/media/HDCWfema0AAwy-g.jpg","","ja","","0","0","0","https://x.com/undefined/status/2031288908043137049","2277736374",
"2031288907225248256","Tue Mar 10 08:39:49 +0000 2026","0","Tune Live 2026 チケット 譲渡 交換 探しています 【譲】4/4 2部SS 〜110番残り1枚 【求】〜即9 金額と目当て記載の上、DMまで。。 A.B.C-Z KID PHENOMENON 超特急 MA55IVE THE RAMPAGE WILD BLUE","2031288907225248256","","","ja","","0","0","0","https://x.com/undefined/status/2031288907225248256","1618017149754441728",
"2031288881656778929","Tue Mar 10 08:39:43 +0000 2026","0","Tune Live 2026 チケット 譲渡 お譲り先を探しております 【譲】4/4 (土) 18:30 2部 SSブロック 1枚 【求】 ～2.2 郵送 または 都内手渡し ご連絡お待ちしております A.B.C-Z KID PHENOMENON 超特急 MA55IVE THE RAMPAGE WILD BLUE","2031288881656778929","","","ja","","0","0","0","https://x.com/undefined/status/2031288881656778929","1399184657200025601",
"2031278890342129957","Tue Mar 10 08:39:39 +0000 2026","1","@ScuderiaFerrari Amalfi blue looks absolutely unreal on the SF-26 ‍ Forza Ferrari!","2031288862534963227","","ScuderiaFerrari","en","","0","0","0","https://x.com/undefined/status/2031288862534963227","2030529928123527168",
"2030698273787306392","Tue Mar 10 08:39:38 +0000 2026","0","@birsen_yusa @TlFnCu1907 L si G si B si T si de senin olsun.Konu aynen aktardığım çerçevede bakılmalı! Bu kitaplardan mı bahsediyorsun: Giovanni nin Odası Call Me By Your Name Orlando Fun Home Red White &amp; Royal Blue Simon vs. the Homo Sapiens Agenda The Song of Achilles Gender Trouble Queer Teori ","2031288859485507833","","birsen_yusa","tr","","0","1","0","https://x.com/undefined/status/2031288859485507833","1487069058549923842",
"2031288855517663270","Tue Mar 10 08:39:37 +0000 2026","0","BREAKING: Stephen Miller a senior Trump Advisor is trying to exclude illegal aliens from the U.S. census which removes House seats from Blue states like California New York etc. Do you support excluding illegals from the U.S. census? 1. Hell Yes 2. No https://t.co/PSCAnrx2g7","2031288855517663270","https://pbs.twimg.com/media/HDCWcvxWwAAUDm5.jpg","","en","","0","0","0","https://x.com/undefined/status/2031288855517663270","165874037",
"2031232521879564316","Tue Mar 10 08:39:32 +0000 2026","0","@BlueWolfNFTs @TransientLabs GM Blue ","2031288836152869237","","BlueWolfNFTs","en","","0","0","0","https://x.com/undefined/status/2031288836152869237","472844148",
"2031288826950299986","Tue Mar 10 08:39:30 +0000 2026","0","121. Blue Bulletin - Tuesday 10-03-26 https://t.co/F2Py1u5vGv via @kirkcaldyhigh","2031288826950299986","","","en","","0","0","0","https://x.com/undefined/status/2031288826950299986","1108890085",
"2031109712939225578","Tue Mar 10 08:39:30 +0000 2026","0","@fifss__ Blue band","2031288825889075563","","fifss__","en","","0","0","0","https://x.com/undefined/status/2031288825889075563","1991269761725112320",
"2031288819949932660","Tue Mar 10 08:39:28 +0000 2026","0","My last time rode on the QEW I did see Toronto through a tourist s eye ~ Me and my besties went to the CN Tower / the Blue Jays Store took a lot of pics cuz Idk when I ll be back I hope Canada has a job that suits me so I can go back I miss Toronto so so much.","2031288819949932660","","","en","","0","0","0","https://x.com/undefined/status/2031288819949932660","776444044201299969",
"2031288817802441090","Tue Mar 10 08:39:28 +0000 2026","0","this doesnt even make sense this is so out of the blue?!?!?","2031288817802441090","","","en","","0","0","0","https://x.com/undefined/status/2031288817802441090","1893797324603932672",
"2030757500538986780","Tue Mar 10 08:39:26 +0000 2026","0","@femmuses I miss the colorway more than the actual kit. The red white and blue actually popped (yeah I know) instead of blending into mud.","2031288811993575749","","femmuses","en","","0","0","0","https://x.com/undefined/status/2031288811993575749","213084461",
"2031288811003723855","Tue Mar 10 08:39:26 +0000 2026","0","#nowplaying #なうぷれ you're all I wanted - object blue (what resembles the grave but isn't) https://t.co/Oj2UjcbHsT","2031288811003723855","https://pbs.twimg.com/media/HDCWaCXaMAQS6dI.jpg","","en","","0","0","0","https://x.com/undefined/status/2031288811003723855","1051602528",
"2031209917022155260","Tue Mar 10 08:39:24 +0000 2026","0","@Avengers2024up @funEDEDD It's the DreamWorks animated short film Bilby (2018). The blue creature is the bilby protecting a baby bird.","2031288802472300998","","Avengers2024up","en","","0","0","0","https://x.com/undefined/status/2031288802472300998","1720665183188922368",
"2031288760726352345","Tue Mar 10 08:39:14 +0000 2026","0","BREAKING: Stephen Miller a senior Trump Advisor is trying to exclude illegal aliens from the U.S. census which removes House seats from Blue states like California New York etc. Do you support excluding illegals from the U.S. census? 1. Hell Yes 2. No https://t.co/7MqW4P2STc","2031288760726352345","https://pbs.twimg.com/media/HDCWXLyWAAACfOO.jpg","","en","","0","0","0","https://x.com/undefined/status/2031288760726352345","2022117477807775744",
"2031288754443350270","Tue Mar 10 08:39:13 +0000 2026","0","What I appreciate about X-O Manowar is that he is more akin to Blue Beetle than Superman. I often grow weary of seeing the Superman-like characters being the most powerful in fiction so it is refreshing that we have a universe where there isn t a Superman-like figure. https://t.co/TAcefPp7xe","2031288754443350270","https://pbs.twimg.com/media/HDCWWutXUAACShJ.jpg","","en","","0","0","0","https://x.com/undefined/status/2031288754443350270","1293343607647342592",
"2029979701729710316","Tue Mar 10 08:39:13 +0000 2026","0","@SyahdJameer @Arvind_myself Mari meme kada raa Ramya Krishna Anushka Tabu la Puvvu Naakutu Blue films tisukuntamu Maa Nagula Mawa Kojja cinemalu sagam pyga ave vuntayi kasto kusto Chillara ralutundi ante aa Blue films valle kada ra puka ","2031288754137452770","","SyahdJameer","et","","0","0","0","https://x.com/undefined/status/2031288754137452770","1533789468855267328",
"2031215139639198028","Tue Mar 10 08:39:11 +0000 2026","0","@sspr97 @bouquetheloving Mega red Go green Ginga blue n green all my types","2031288745992011998","","sspr97","en","","0","1","0","https://x.com/undefined/status/2031288745992011998","1439084634378145798",
"2031288742263062827","Tue Mar 10 08:39:10 +0000 2026","0","That took NO time at all. I somehow managed to get her on my third 10 pull and omthr first one was a 10 pull ticket. Thank you blue archive devs for having the best gacha system &lt;3 https://t.co/ltK2z9U69z","2031288742263062827","https://pbs.twimg.com/media/HDCWWOqWkAAYelb.jpg","","en","","0","0","0","https://x.com/undefined/status/2031288742263062827","1594638350",
"2031169844373074294","Tue Mar 10 08:39:07 +0000 2026","2","@nicksortor @Thaliababy0 @LeaderJohnThune is leading the @GOP into a blue wave! He needs to go! @BasedMikeLee it's time to remove Thune as leader! @POTUS like 88% of America is tired of waiting for the Save Act to become law! It's time! It's past time! #PassTheSaveActNow!","2031288729613013011","","nicksortor","en","","0","0","1","https://x.com/undefined/status/2031288729613013011","856343594",
"2031288724982555097","Tue Mar 10 08:39:06 +0000 2026","32","BLUE STAR LTD: CO. UNVEILS NEW RANGE OF UNITARY COOLING PRODUCTS FOR SUMMER 2026; INCLUDES 125 MODELS OF ROOM AIR CONDITIONERS COMPLYING WITH NEW BEE STANDARDS; EXPANDS MANUFACTURING CAPACITY TO 1.8 MILLION UNITS; INTRODUCES SMART WIFI ENABLED MODELS AND ADVANCED AIR QUALITY","2031288724982555097","","","en","","0","1","1","https://x.com/undefined/status/2031288724982555097","1092883822473924608",
"2031139774623326511","Tue Mar 10 08:39:00 +0000 2026","3","@bphillipsonMP They are not free. They are taxpayer funded. They will not lift children out of poverty. They will simply give their parents more money for drugs booze cigarettes vapes designer sportswear large TVs and green/yellow/purple/blue hair dye.","2031288702354280609","","bphillipsonMP","en","","0","0","0","https://x.com/undefined/status/2031288702354280609","3374139683",
"2031121994775711781","Tue Mar 10 08:38:56 +0000 2026","0","@HankTurbina When did Michelle Obama turn yellow and die her hair blue.....","2031288684386111510","","HankTurbina","en","","0","0","0","https://x.com/undefined/status/2031288684386111510","1487669605434748929",
"2031166898994344420","Tue Mar 10 08:38:50 +0000 2026","0","@thurman193 @this_smitty @glacial_void No brother blue point. Blue point did the demon souls remake Imo that's one of the best ps5 games visually still and is probably my favorite ps5 game if anyone could do a bloodborne remake it's those guys. But Sony shut them down too much money gone to the live service chasing","2031288658209460535","","thurman193","en","","0","0","0","https://x.com/undefined/status/2031288658209460535","1929760563162501120",
"2030999523330322913","Tue Mar 10 08:38:49 +0000 2026","0","@torilovsbtr Trust me I been to 5 shows and it never gets any easier I swear also if anything it will always if not sometimes hit you randomly out of the blue ️","2031288655248044270","","torilovsbtr","en","","0","0","0","https://x.com/undefined/status/2031288655248044270","1240710146621411328",
"2031257673941848338","Tue Mar 10 08:38:49 +0000 2026","0","@dxrkvampyre Is that cc? With yellow thing as big yellow bear and blue one as the big bear one too? But idk the platform isn't the one I remember probably in breakout mode?","2031288655235658196","","dxrkvampyre","en","","0","0","0","https://x.com/undefined/status/2031288655235658196","1659913127243440128",
"2031190524909215974","Tue Mar 10 08:38:49 +0000 2026","0","@sushilakajla2 @TIKAMJAT01 आप blue टिक वालो के साथ ही शुरू करना चाहते हो हर दिन की लेकिन बड़े बड़े सपने देखने से आत्मिक संतुष्टि नहीं मिलती बल्कि नीचे गिरते हैं जो आप कर रहे हो...","2031288654682009846","","sushilakajla2","hi","","0","0","0","https://x.com/undefined/status/2031288654682009846","777428295809851392",
"2031288651653722269","Tue Mar 10 08:38:48 +0000 2026","0","คนไทยมาฟังเพลงwild blueเหอะ มีแต่เพลงดี ๆ น่าฟังทั้งนั้นเลย ที่สำคัญพรุ่งนี้ปล่อยเพลงใหม่น้า","2031288651653722269","","","th","","0","0","0","https://x.com/undefined/status/2031288651653722269","1987925242376056837",
"2031288646859632821","Tue Mar 10 08:38:47 +0000 2026","6","No se dice te echo de menos nakama! Se dice . . . . 【MANDY B. BLUE - Towa ni hibiite】 https://t.co/7EeFIDERrc https://t.co/azhvSPj6rb","2031288646859632821","https://pbs.twimg.com/amplify_video_thumb/2031288565477552132/img/osO7L_vIAbHtvSyL.jpg","","es","","0","0","0","https://x.com/undefined/status/2031288646859632821","2178637027",
"2031288639767171530","Tue Mar 10 08:38:45 +0000 2026","1","琥珀のダーリンさんのNO WARタグ着たかわいいです！！！ #NoWar #ジジちゃん https://t.co/GpCpJWIGTm","2031288639767171530","https://pbs.twimg.com/media/HDCWP3VaMAAg51y.jpg","","ja","","0","0","0","https://x.com/undefined/status/2031288639767171530","1232896647534768130",
"2031287173211894050","Tue Mar 10 08:38:44 +0000 2026","0","blue sky","2031288634096447539","","designant_0_","en","","0","1","0","https://x.com/undefined/status/2031288634096447539","1820305434911363072",
"2031288632099684529","Tue Mar 10 08:38:44 +0000 2026","0","I try not to respond to ridiculous stories from blue tick accounts.","2031288632099684529","","","en","","0","0","0","https://x.com/undefined/status/2031288632099684529","566595253",
"2031199910104805523","Tue Mar 10 08:38:41 +0000 2026","0","@here_mari48512 @mpresleyf_la Must be exhausting doom-scrolling other people's marriages when the only thing warming your bed is 47 lbs of cat hair. Big single 40 something 'I vote blue no matter who' man hating libtard cat lady vibes here. Meanwhile real women are out there selflessly sacrificing sleep ","2031288623375786362","","here_mari48512","en","","0","0","0","https://x.com/undefined/status/2031288623375786362","715317935175180288",
"2031288594619666741","Tue Mar 10 08:38:35 +0000 2026","0","君の花になる 8LOOM 配布 固定ご確認ください 配信 生配信 ライブ Live アーカイブ 見逃し配信 譲 交換 買取 CDTV きみはな 高橋文哉 宮世琉弥 綱啓永 八村倫太郎 WATWING 森愁斗 BUDDiiS NOA 山下幸輝 WILD BLUE インスタライブ ファンミ ファンミーティング ホリアク 円盤 メイキング https://t.co/RttQhRNPNH","2031288594619666741","https://pbs.twimg.com/media/HDCWNIlbIAAXFmL.jpg","","ja","","0","0","0","https://x.com/undefined/status/2031288594619666741","2025199641336410112",
"2031288592170115427","Tue Mar 10 08:38:34 +0000 2026","0","モブ山を表す色は 【薄青（うすあお）｜Smoke Blue】 余韻をまとう人 ・くすみ系クール代表 ・感情に振り回されない ・静かな理性で整える #Makko #診断テスト みんなは何色かな？ 【色鉛筆診断】 https://t.co/b2LQmOVHFT 感情に 振り回されない ？","2031288592170115427","","","ja","","0","0","0","https://x.com/undefined/status/2031288592170115427","1420603012481830916",
"2031287858292576586","Tue Mar 10 08:38:31 +0000 2026","0","@fredlingo247 @elonmusk The tweet image shows four clear Premier League strikers in club kits: Darwin Núñez (Liverpool red) Rasmus Højlund (Man Utd red/black) Kai Havertz (Arsenal red/white) Nicolas Jackson (Chelsea blue). No names in text but visuals make them instantly recognizable I ranked based","2031288579679236249","","fredlingo247","en","","0","0","0","https://x.com/undefined/status/2031288579679236249","1720665183188922368",
"2031268258410803580","Tue Mar 10 08:38:30 +0000 2026","0","@renee_jone1639 @charleycourtney That looks like a young woman with a blue patterned headwrap septum nose ring and blonde hair tips taking a selfie while driving. I don't recognize her as a known public figure from the image or linked videos. Got more context or her name?","2031288575740793144","","renee_jone1639","en","","0","0","0","https://x.com/undefined/status/2031288575740793144","1720665183188922368",
"2031288571911614715","Tue Mar 10 08:38:30 +0000 2026","1","Everything feels so sudden and out of the blue. I want to respect his decision and support his journey but it s so hard to process everything. Sobrang bigat sa loob to think that ENHYPEN will continue as 6 ","2031288573740331237","","httpjessieeee","en","","0","1","0","https://x.com/undefined/status/2031288573740331237","4111171932",
"2031098845963202975","Tue Mar 10 08:38:28 +0000 2026","0","@CMG3432 No way lad the YNWA sign is over the Blue Mosque? That must be AI ","2031288564902769100","","CMG3432","en","","0","1","0","https://x.com/undefined/status/2031288564902769100","1786289129241632768",
"2030735584629555681","Tue Mar 10 08:38:27 +0000 2026","0","@peerezaa Böyle kişileri umursamayın lütfen hesap zaten blue checkmark yani yüksek ihtimalle etkileşim alıp para kazanmaya çalışıyor","2031288561115263482","","peerezaa","tr","","0","0","0","https://x.com/undefined/status/2031288561115263482","1813595246346809344",
"2031089727630168105","Tue Mar 10 08:38:25 +0000 2026","0","@LeboMKeswa Yho haike. How long has @StandardBankZA been Blue and White? Are you guys that intimidated by @Our_DA that you're thumbsucking theories?","2031288553401942105","","LeboMKeswa","en","","0","0","0","https://x.com/undefined/status/2031288553401942105","1144518685",
"2031288551166586994","Tue Mar 10 08:38:24 +0000 2026","0"," BLUE STAR LTD - 500067 | Press Release / Media Release Blue Star Ltd launches a new range of room air conditioners for summer 2026 enhancing its position in India's residential and commercial cooling markets. Key Highlights: New Product Launch: - Introduction of the","2031288551166586994","","","en","","0","0","0","https://x.com/undefined/status/2031288551166586994","2026632140251963392",
"2030998276615409794","Tue Mar 10 08:38:20 +0000 2026","0","@Benking443 Once unah get blue tick like this na to dey lie unfiltered.","2031288531885121694","","Benking443","en","","0","0","0","https://x.com/undefined/status/2031288531885121694","1119245982385025024",
"2031288531642204588","Tue Mar 10 08:38:20 +0000 2026","0","Bluey 1pc Blue Beach Towel Blue &amp; Bingo Pattern Beach/Bath Towel Fashionable Beach Towel Super Absorbent Bath Towel With Or Without Storage Bag Option I discovered amazing products on https://t.co/LwfwP4FyxD come check them out! https://t.co/gCYy10RQDk","2031288531642204588","","","en","","0","0","0","https://x.com/undefined/status/2031288531642204588","1660535115519504384",
"2031284502496940131","Tue Mar 10 08:38:16 +0000 2026","0","I use alot is to swap into dark form when I'm out of orbs. Collect orbs with hold basic. Play with the fact that letting go at the right time doesn't drain dodge stamina. And then move back into light form to go for the kill Dark forms Hold dodge and blue orb however -","2031288516466885113","","Timiboy33126280","en","","0","1","0","https://x.com/undefined/status/2031288516466885113","1608808168196390912",
"2031288512327332037","Tue Mar 10 08:38:15 +0000 2026","1","Blue Star Limited has unveiled a comprehensive new range of Unitary Cooling products including 125 models of Room Air Conditioners for Summer 2026 aiming to drive its next phase of growth. This expansion strengthens the company's position in India's residential &amp; commercial","2031288512327332037","","","en","","0","0","0","https://x.com/undefined/status/2031288512327332037","1787088114588209152",
"2031218028419964933","Tue Mar 10 08:38:14 +0000 2026","1","@KryDotExe I have to assume they mean blue shields but that's an incredibly odd way to say it. Anyway probably lying.","2031288506572525908","","KryDotExe","en","","0","0","0","https://x.com/undefined/status/2031288506572525908","1924352231228243968",
"2031288487195062548","Tue Mar 10 08:38:09 +0000 2026","1","日凪を表す色は 【薄青（うすあお）｜Smoke Blue】 余韻をまとう人 ・くすみ系クール代表 ・感情に振り回されない ・静かな理性で整える #Makko #診断テスト みんなは何色かな？ 【色鉛筆診断】 https://t.co/YevnGj09E1","2031288487195062548","","","ja","","0","0","0","https://x.com/undefined/status/2031288487195062548","1140159431172247552",
"2031288482325209153","Tue Mar 10 08:38:08 +0000 2026","0","@SeanStreicher @LaceeGriffith @DalenciaWBAL Good morning Family. Everyone looks phenomenal with those beautiful smile. Lacee is wearing her Easter yellow n Sean n Dalencia are the Wonder Twins wearing blue today. Every have a great day n see ya tomorrow https://t.co/d47eWWSMsu","2031288482325209153","https://pbs.twimg.com/media/HDCWG3vXAAEcksL.jpg","SeanStreicher","en","","0","0","0","https://x.com/undefined/status/2031288482325209153","213454291",
"2031288478542266584","Tue Mar 10 08:38:07 +0000 2026","0","Im thinking of making a blue bubblenyang picket","2031288478542266584","","","en","","0","0","0","https://x.com/undefined/status/2031288478542266584","1319087635827023872",
"2031013619945668776","Tue Mar 10 08:38:05 +0000 2026","1","@KpsZSU @SanderRegter May his soul rest in peace under Ukraine s blue skies. They say the sky high above is .Ukrainian blue - to paraphrase Enya just a little bit","2031288470195380339","","KpsZSU","en","","0","0","0","https://x.com/undefined/status/2031288470195380339","480205506",
"2031288467154497540","Tue Mar 10 08:38:04 +0000 2026","1","Red pill and I still wouldn't have the advantage and opportunities some people have to be ahead blue pill please","2031288467154497540","","","en","","0","1","1","https://x.com/undefined/status/2031288467154497540","1363391210312896512",
"2031288465032360369","Tue Mar 10 08:38:04 +0000 2026","12","World's Unique Ocean Energy Plant In Lakshadweep To Power Blue Economy Push https://t.co/N4N6wOGUBN @aishvaryjain https://t.co/1FT7a2IyQQ","2031288465032360369","https://pbs.twimg.com/amplify_video_thumb/2031287159467159557/img/Ncf-mdbwrxu62llN.jpg","","en","","0","0","0","https://x.com/undefined/status/2031288465032360369","37034483",
"2031288460867461446","Tue Mar 10 08:38:03 +0000 2026","0","my favorite color is no longer blue but the glow of a forgotten microwave maybe it's just my soul upgrading","2031288460867461446","","","en","","0","0","0","https://x.com/undefined/status/2031288460867461446","2007377607592161285",
"2031288456077521354","Tue Mar 10 08:38:02 +0000 2026","3","Going to bed but I am not kidding when I say my manufacturer works fast you guys are getting Regular Convict Dark and Wilford plush updates tomorrow ","2031288456077521354","","","en","","0","0","0","https://x.com/undefined/status/2031288456077521354","959556856187207680",
"2031003655676072319","Tue Mar 10 08:38:01 +0000 2026","0","@sanakazmi36 Blue balls.","2031288453552324842","","sanakazmi36","en","","0","0","0","https://x.com/undefined/status/2031288453552324842","1515314803312635906",
"2031283918494961681","Tue Mar 10 08:38:01 +0000 2026","0","@Olami_Lekan27 @Phantasy085 @TouchlineX Haha my guy check the jerseys again o! Left to right na Darwin Núñez (Liverpool red) Rasmus Højlund (Man Utd red) Kai Havertz (Arsenal red/white) Nicolas Jackson (Chelsea blue). No Ekitike no Joao Pedro for Chelsea no Sesko or Gyokeres there. Pic dey clear! Your ranking","2031288452394741827","","Olami_Lekan27","en","","0","1","0","https://x.com/undefined/status/2031288452394741827","1720665183188922368",
"2031288452353007800","Tue Mar 10 08:38:01 +0000 2026","5","ノーマルで見つけられなかったキツネビ見つけた この子抱きかかえると火炎放射器になります！ #テラリア https://t.co/0HBMHq1soO","2031288452353007800","https://pbs.twimg.com/ext_tw_video_thumb/2031288431628922880/pu/img/wRoGiP932bg5FMVq.jpg","","ja","","0","0","0","https://x.com/undefined/status/2031288452353007800","1567440280449855488",
"2031022287491825805","Tue Mar 10 08:37:59 +0000 2026","0","@TheYisusOne pretty sure it turned black and blue because of the lighting","2031288446048989231","","TheYisusOne","en","","0","0","0","https://x.com/undefined/status/2031288446048989231","1283345431938822149",
"2031040676469555317","Tue Mar 10 08:37:57 +0000 2026","0","@veelafel I probaly would pick a blue Pikachu (aka what i call Aquachu aka a pikatchu that blue and can use water moves)","2031288436343116150","","veelafel","en","","0","0","0","https://x.com/undefined/status/2031288436343116150","807630061071376385",
"2031039177249440080","Tue Mar 10 08:37:56 +0000 2026","0","@DezzyyM485 @banker2015 The image shows a woman with glasses on a white couch holding a game controller in front of an old CRT TV. Flanking her: a blue bird mascot (striped legs big beak) on the left and a brown spiky hedgehog/porcupine-style mascot on the right. No clue who they are","2031288432652103723","","DezzyyM485","en","","0","0","0","https://x.com/undefined/status/2031288432652103723","1720665183188922368",
"2031215470238732502","Tue Mar 10 08:37:55 +0000 2026","0","@LuisFlower6443 @carlos6_alvarez The image shows one young woman with long dark wavy hair (purple highlights) blue eyes in a white cropped cable-knit zip-up sweater and green plaid skirt posing in a bedroom with purple LED lights and cow-print bedding. She doesn't match any widely recognized celebrity or","2031288428772344226","","LuisFlower6443","en","","0","0","0","https://x.com/undefined/status/2031288428772344226","1720665183188922368",
"2031266752907063456","Tue Mar 10 08:37:54 +0000 2026","0","@prinxe_B @NigeriaStories E diot don buy blue tick","2031288423055516103","","prinxe_B","en","","0","0","0","https://x.com/undefined/status/2031288423055516103","737018334475096064",
"2031279719908520118","Tue Mar 10 08:37:53 +0000 2026","1","@jerboasung the general assumption is that he was manipulated or blackmailed in some way because it s just so out of the blue. they literally had a fansign yesterday and now this??","2031288420237193582","","jerboasung","en","","0","1","0","https://x.com/undefined/status/2031288420237193582","1741919760198287360",
"2030142792115310818","Tue Mar 10 08:37:51 +0000 2026","3","Congratulations winners open ticket in Blue Guardian to claim @selbeshbes431 @Buifaisal @ShrinidhiB4550","2031288412851048931","","Theoneft","en","","0","1","2","https://x.com/undefined/status/2031288412851048931","2010699940591529985",
"2031288403707432970","Tue Mar 10 08:37:49 +0000 2026","0","my soul is black and blue at this point","2031288403707432970","","","en","","0","0","0","https://x.com/undefined/status/2031288403707432970","99193688",
"2031287316296380520","Tue Mar 10 08:37:45 +0000 2026","0","like out of the blue? ","2031288388142469205","","doremifaxu","en","","0","0","0","https://x.com/undefined/status/2031288388142469205","1334432577269088259",
"2031288374120579244","Tue Mar 10 08:37:42 +0000 2026","1","this is so out of the blue and crazy. if anything in kpop it s so normal for members to pursue solo careers while being in the group. this makes no sense :/ like if he really wanted to go i respect that but it just won t be the same ","2031288374120579244","","","en","","0","0","0","https://x.com/undefined/status/2031288374120579244","1824816821884563456",
"2030950651329663362","Tue Mar 10 08:37:42 +0000 2026","1","@Amara__Don Fav Actor- Vin Diesel Fav Actress- Aneet Padda Fav Player- MS Dhoni Fav Colour- Blue Fav Food- Rice and Dal","2031288373420421422","","Amara__Don","en","","0","1","0","https://x.com/undefined/status/2031288373420421422","2023258901618331648",
"2031288356425039882","Tue Mar 10 08:37:38 +0000 2026","0","告知2026.03.16(月) 「A Quiet Blue Flame」 【出演】 Upside of Maybe (イギリス) DEVIL WHEELS 塩崎友也（大阪） 太田智絵 @S8Ii9 サトウザラメ op 18:30 / st 19:00 前)¥2 000 / 当)￥2 500 +1d ￥500 ご予約はclubrootsticket@gmail.comまたは各出演者までお願いいたします。 https://t.co/oEkVLhGbPk","2031288356425039882","https://pbs.twimg.com/media/HDCVySdbgAAcBM3.jpg","","ja","","0","0","0","https://x.com/undefined/status/2031288356425039882","276878528",
"2031288351483937048","Tue Mar 10 08:37:37 +0000 2026","0","D.LEAGUE 25-26 Dリーグ チケット 3/15(日) ROUND.7 BLOCK HYPE お譲り頂ける方を探しております 【求】アリーナ席またはスタンド前方（BLUE側）1枚 【譲】ご提示ください お心当たりのある方いらっしゃいましたらご連絡お待ちしております。","2031288351483937048","","","ja","","0","0","0","https://x.com/undefined/status/2031288351483937048","937550592146378752",
"2031288335721787411","Tue Mar 10 08:37:33 +0000 2026","0","Je ne vais continuer que Eighty-Six (LN) Blue Box et Yowamushi car œuvre fav que je veux dans ma collection et Magus car 1 tome par an mais le reste je laisse tomber Je vais revendre ce que je peux genre ce qui est encore en cours genre Bloom","2031288337932095684","","SpikeRFB","fr","","0","1","0","https://x.com/undefined/status/2031288337932095684","1340764120078049288",
"2031127977036230805","Tue Mar 10 08:37:33 +0000 2026","0","@ChandlerJa96683 @rooroooo1234551 From the image it's a woman with dark hair in a bun wearing a blue uniform top with a yellow patch on the sleeve (looks like rank or airline insignia). Not a recognizable public figure to me. If the video shows others or more context share details who do you think they are?","2031288337621803327","","ChandlerJa96683","en","","0","0","0","https://x.com/undefined/status/2031288337621803327","1720665183188922368",
"2031210842822177124","Tue Mar 10 08:37:31 +0000 2026","0","@Dede_Watson @RpsAgainstTrump Vote democracy blue real People Dr. Annie Andrew replace him now","2031288326729424922","","Dede_Watson","en","","0","0","0","https://x.com/undefined/status/2031288326729424922","1421597985046032386",
"2031033990195401065","Tue Mar 10 08:37:29 +0000 2026","0","@Sizi_phiwe @dtr9v The two call screens depend on your iPhone's state: - **Locked** (screen off/asleep e.g. in pocket): Shows slide to answer + Message/Remind Me. Prevents accidental taps answering/declining calls. - **Unlocked** (screen on/active): Shows red Decline + blue Accept buttons.","2031288319502369149","","Sizi_phiwe","en","","0","0","0","https://x.com/undefined/status/2031288319502369149","1720665183188922368",
"2031047051811999797","Tue Mar 10 08:37:25 +0000 2026","0","@BontFaen62 @is_OwenLewis Ha... I literally jump for joy when we have a blue sky for more than 1 hour.","2031288302385455452","","BontFaen62","en","","0","0","0","https://x.com/undefined/status/2031288302385455452","1076229698429087746",
"2031288301013848214","Tue Mar 10 08:37:25 +0000 2026","5","Buy $beeg ! https://t.co/4kFXmI2reY","2031288301013848214","https://pbs.twimg.com/media/HDCV6BxX0AATgYf.jpg","","und","","0","3","2","https://x.com/undefined/status/2031288301013848214","1838339439002816512",
"2031288280583647607","Tue Mar 10 08:37:20 +0000 2026","0","直近でBlue-Love Chimeやったばっかだしなぁ・・・ うーん・・・","2031288280583647607","","","ja","","0","0","0","https://x.com/undefined/status/2031288280583647607","82846689",
"2031288270378692992","Tue Mar 10 08:37:17 +0000 2026","0","tbh most the manga i do read are biweekly/monthly anyway so my patience is fine but i do miss gachiakuta i sure hope urana is doing ok tho! besides from reading blue lock and csm on tuesdays it does fill that mini part in the middle for me like a cherry on top of a cake","2031288270378692992","","","en","","0","0","0","https://x.com/undefined/status/2031288270378692992","1431349934083686415",
"2031271443137233113","Tue Mar 10 08:37:16 +0000 2026","0","@Benson_xo no joor Elon will take my blue tick for four days change your own name.","2031288266461163869","","Benson_xo","en","","0","0","0","https://x.com/undefined/status/2031288266461163869","1591892528822976512",
"2031288263294832978","Tue Mar 10 08:37:16 +0000 2026","3","「Blue Team Labs Online」入門 - みんなで挑むログ解析バトル | Noriaki Hayashi docswell https://t.co/A4GODtSWSj","2031288263294832978","","","ja","","0","0","1","https://x.com/undefined/status/2031288263294832978","8118362",
"2030980959898640768","Tue Mar 10 08:37:14 +0000 2026","0","@Thee_Cherri @_Mdooh I gave my neighbour lift this morning and asked him where he is going he told me he is going to blue bank to open bank account","2031288257095335945","","Thee_Cherri","en","","0","1","0","https://x.com/undefined/status/2031288257095335945","847796747439140864",
"2031080052373291394","Tue Mar 10 08:37:11 +0000 2026","0","@SenateGOP The Save Act first!!! I am NOT a paid influencer. No blue check mark has ever been next to my name.","2031288244936057057","","SenateGOP","en","","0","0","0","https://x.com/undefined/status/2031288244936057057","1586787973328240641",
"2031288235746533414","Tue Mar 10 08:37:09 +0000 2026","0"," Twas a cold and lonely night at the station and all the animals had gone to sleep. All but one who was barred up and had been blue balling in the barn all day. He had his eyes on a bit of human action. #auspol https://t.co/3bn9FXEMSO","2031288235746533414","https://pbs.twimg.com/media/HDCV4f8aMAUFS5v.jpg","","en","","0","0","0","https://x.com/undefined/status/2031288235746533414","240968515",
"2031288231535251501","Tue Mar 10 08:37:08 +0000 2026","0","Day 1 of asking @john322226 to buy me blue tick. Egbon lobistars joor o","2031288231535251501","","","en","","0","0","0","https://x.com/undefined/status/2031288231535251501","1901161378007625728",
"2031163788175499391","Tue Mar 10 08:37:05 +0000 2026","1","@its_The_Dr Silly. My first crush. Don't it make my brown eyes blue Blue bayou","2031288217840857382","","its_The_Dr","en","","1","0","0","https://x.com/undefined/status/2031288217840857382","823549624334110721",
"2031288212044321262","Tue Mar 10 08:37:03 +0000 2026","0","#AlissaWhiteGluz ha presentato l #8marzo un nuovo progetto allo scopo testuali parole di costruire qualcosa di forte per le donne nella musica pesante . Perché non c è nulla che sfidi il patriarcato come esporre l epidermide per attirare i gonzi. https://t.co/Jgt0ygZQ0o","2031288212044321262","","","it","","0","0","0","https://x.com/undefined/status/2031288212044321262","178487846",
"2031288201584038298","Tue Mar 10 08:37:01 +0000 2026","0","️ Blue-Sky Roads in Mountain Country https://t.co/MIU5eFlhHL https://t.co/Q2lXR4IByp","2031288201584038298","https://pbs.twimg.com/media/HDCV2s4bQAANt20.jpg","","en","","0","0","0","https://x.com/undefined/status/2031288201584038298","1980465425814278145",
"2031103757413400997","Tue Mar 10 08:37:01 +0000 2026","0","@Im_The_Slime Blue jay mockingbird flamingo chud pelican scrubjay","2031288201143362036","","Im_The_Slime","en","","0","0","0","https://x.com/undefined/status/2031288201143362036","1325139150429827077",
"2031288199147041249","Tue Mar 10 08:37:00 +0000 2026","0","ソーダカラーのトレカケース（全9種） minneにて販売中 https://t.co/I8lRAbma6N ＼あなたの推しの色はありますか？／ strawberry orange lemon melon soda blue hawaii &amp; lemon peach milkis white water melon grape https://t.co/YBGXBV7wdy","2031288199147041249","https://pbs.twimg.com/media/HDCV2N_aMAMGr3Y.jpg","","ja","","0","1","0","https://x.com/undefined/status/2031288199147041249","2030969320885583874",
"2031167428273852586","Tue Mar 10 08:36:58 +0000 2026","0","@RuriKon_ whats the use of feeling blue⋯⋯喜歡","2031288191010144618","","RuriKon_","en","","0","0","0","https://x.com/undefined/status/2031288191010144618","1683230029298409473",
"2031288180066889921","Tue Mar 10 08:36:56 +0000 2026","0","Met a stranger who traded me their old parachute for a single blue sky on a Tuesday Guess you could say I'm collecting fragments of freedom","2031288180066889921","","","en","","0","0","0","https://x.com/undefined/status/2031288180066889921","2023359985934340096",
"2031288178200514902","Tue Mar 10 08:36:55 +0000 2026","0","この青いadidasスライドサンダル、鮮やかでかわいいの！みう履きたい adidas イージースライドBlue https://t.co/byuIEWpwN8","2031288178200514902","","","ja","","0","0","0","https://x.com/undefined/status/2031288178200514902","1963149954400358401",
"2031213348671598815","Tue Mar 10 08:36:54 +0000 2026","0","@cobaltNitrate_ @Shruti3256911 Blue color ka blue tick jisme black color ka mark hai? Nai dikh raha https://t.co/93hmmfehqX","2031288171728933110","https://pbs.twimg.com/tweet_video_thumb/HDCV0c-aUAEw0aK.jpg","cobaltNitrate_","ro","","0","0","0","https://x.com/undefined/status/2031288171728933110","1854752543244795909",
"2031129920936481267","Tue Mar 10 08:36:52 +0000 2026","0","@realJoelFischer Thank you and God Bless this courageous officer! How can you not back the blue?️🇺🇸","2031288164871016456","","realJoelFischer","en","","0","0","0","https://x.com/undefined/status/2031288164871016456","1658571683228274692",
"2031273272231567679","Tue Mar 10 08:36:52 +0000 2026","1","@westedorigami yeah it seems so out of the blue I m sure the truth will come out eventually for sure ur righttttt ","2031288162371449278","","westedorigami","en","","0","1","0","https://x.com/undefined/status/2031288162371449278","1586458710599008256",
"2031239994967470316","Tue Mar 10 08:36:49 +0000 2026","0","@ShesFishy Yall she has a blue checkmark next to her name .she ain t deleting this shiii","2031288153441525761","","ShesFishy","en","","0","0","0","https://x.com/undefined/status/2031288153441525761","1946456927044567040",
"2031208003920175547","Tue Mar 10 08:36:40 +0000 2026","0","@CoreyWriting It's analogous to blue city governance: they've had two generations of political supermajorities unlimited budget and have made virtually no progress. The Dems continue to step on their dicks when all they can do is criticise Trump.","2031288114291847423","","CoreyWriting","en","","0","0","0","https://x.com/undefined/status/2031288114291847423","2000891910798667776",
"2031288093433594096","Tue Mar 10 08:36:35 +0000 2026","0","The baby blue is working!","2031288093433594096","","","en","","0","0","0","https://x.com/undefined/status/2031288093433594096","269911679",
"2031286437983728119","Tue Mar 10 08:36:27 +0000 2026","0","@Janice_Kem If I asked for a connection to the lady in blue..","2031288060508307940","","Janice_Kem","en","","0","0","0","https://x.com/undefined/status/2031288060508307940","1671213356269666306",
"2031288058604093764","Tue Mar 10 08:36:27 +0000 2026","0","your rose is red but you're turning blue","2031288058604093764","","","en","","0","0","0","https://x.com/undefined/status/2031288058604093764","1809833236580958208",
"2031288042367922411","Tue Mar 10 08:36:23 +0000 2026","0","If anyone going the London pop up could get me the blue hoodie in a S I d love you forever pls ","2031288042367922411","","","en","","0","0","0","https://x.com/undefined/status/2031288042367922411","1141662578655055872",
"2031288041768423935","Tue Mar 10 08:36:23 +0000 2026","0","こういう夢ならもう一度逢いたい 春が来るたびあなたに逢える そういう気持ちで チクリと心が痛む Hysteric Blue『春～spring～』","2031288041768423935","","","ja","","0","0","0","https://x.com/undefined/status/2031288041768423935","1769610483223666688",
"2031288010613182825","Tue Mar 10 08:36:15 +0000 2026","0","Whoa! ICC meetings in Doha called off going virtual due to West Asia conflict. Safety first! What impact for #BCCI &amp; crucial cricket decisions? Online means faster resolutions or more debate? #Cricket https://t.co/YUltstM002","2031288010613182825","https://pbs.twimg.com/media/HDCVroHaMAI5O6i.jpg","","en","","0","0","0","https://x.com/undefined/status/2031288010613182825","1992238283485798401",
"2031287820267003956","Tue Mar 10 08:36:13 +0000 2026","1","@Varticoo Nothing looking good in anyway Had to risk my last money to get a blue tick yesterday and I m not getting engaged ‍️","2031288000718495926","","Varticoo","en","","0","0","0","https://x.com/undefined/status/2031288000718495926","1514924736526045186",
"2031287657700143533","Tue Mar 10 08:36:13 +0000 2026","1","@fukuraiguma explain this to me in blue lock terms my friends are talking about it too what happened","2031287998684475709","","fukuraiguma","en","","0","1","0","https://x.com/undefined/status/2031287998684475709","1820638692962074625",
"2031287992716013768","Tue Mar 10 08:36:11 +0000 2026","0","-Punch and Kick -A Lawyer -Advanced Conq -Remember The All Blue -Be better than Jinbe -Be better than Brooke","2031287992716013768","","","en","","0","0","0","https://x.com/undefined/status/2031287992716013768","1876041103117533184",
"2031287958414963193","Tue Mar 10 08:36:03 +0000 2026","0","wts lfb ph | help rt SEVENTEEN SVT Mingyu Caratzone Follow Again Lucky Draw PC ₱400 : joshua scoups cheol minghao jun wonwoo dokyeom dk hoshi woozi The8 seungkwan jeonghan vernon jun dino 17irh carver ld happy burstday yzy photocard Heaven feel blue Right Here Stamp Rally https://t.co/e9e60qN7tR","2031287958414963193","https://pbs.twimg.com/media/HDCVogjaMAEv3in.jpg","","en","","0","0","0","https://x.com/undefined/status/2031287958414963193","740802913954631682",
"2031287944959447536","Tue Mar 10 08:36:00 +0000 2026","3","Blue wispy orb https://t.co/CHXKiR8QNF","2031287944959447536","https://pbs.twimg.com/amplify_video_thumb/2030338612890357760/img/QpYQxFxHbFT_ERc2.jpg","","en","","0","0","0","https://x.com/undefined/status/2031287944959447536","417014544",
"2031287944934469743","Tue Mar 10 08:36:00 +0000 2026","0","【HANA】 待望の1stアルバム『HANA』の 完全生産限定盤(CD+Blu-ray Disc+フォトブック+グッズ)が #タワレコマケプレ にて出品中 https://t.co/x3ENCrkIJD デビュー曲「ROSE」や 大ヒットナンバー「Blue Jeans」など11曲を収録！ ビハインド映像を収録したBlu-rayや https://t.co/4PKQ0gusLD","2031287944934469743","https://pbs.twimg.com/media/HDCVQECbYAAqkZo.jpg","","ja","","0","0","0","https://x.com/undefined/status/2031287944934469743","1846802740766560259",
"2031083503648112640","Tue Mar 10 08:35:57 +0000 2026","0","@alGezelligi @trust_me_bro_fr @PascalNewton76 @KLucas111707 @ChipZig32 @EdKrassen @NiohBerg You're right the clips aren't identical. Different angles audio and no blue banners/scaffolding in the original viral footage (vs. the linked 2020 one). Both show Enghelab Square's landmark circular turquoise fountain ultra-dense crowds in dark clothing waving flags amid","2031287933789974843","","alGezelligi","en","","0","1","0","https://x.com/undefined/status/2031287933789974843","1720665183188922368",
"2031287925049274578","Tue Mar 10 08:35:55 +0000 2026","0","柊羽を表す色は 【水｜Sky Blue】 風のような自由人 #Makko #診断テスト みんなは何色かな？ 【色鉛筆診断】 https://t.co/ZnKo7thLhV","2031287925049274578","","","ja","","0","0","0","https://x.com/undefined/status/2031287925049274578","1990299958277480448",
"2031287224495665391","Tue Mar 10 08:35:55 +0000 2026","2","@sciencegirl Here are some interesting facts about the Golden Snub-nosed Monkey: 1. Appearance They have bright golden-orange fur and a blue face. 2. Habitat Found in mountainous forests of China often in cold regions. 3. Social Life Live in large groups called troops sometimes","2031287924579565655","","sciencegirl","en","","0","0","1","https://x.com/undefined/status/2031287924579565655","421522346",
"2030907067255730610","Tue Mar 10 08:35:50 +0000 2026","0","@theythemnoli im feeding her blueberries as we speak rn so she will glow into a bright blue color","2031287903041761698","","theythemnoli","en","","0","0","0","https://x.com/undefined/status/2031287903041761698","1444992971523297281",
"2030998294202060959","Tue Mar 10 08:35:48 +0000 2026","0","@KennyEmm8101 Na the blue and Red I don experience","2031287894111932831","","KennyEmm8101","en","","0","0","0","https://x.com/undefined/status/2031287894111932831","1776328617485582337",
"2031287877230014976","Tue Mar 10 08:35:44 +0000 2026","0","oilメニュー 《HYBRID》 ・Bluedream 《sativa》 ・pink boost ️ 《indica》 ・Blue cheese ・Green crack 1/9000 3/24000 5/37000 10/70000 #兵庫 #プッシャー #OIL","2031287877230014976","","","ja","","0","0","0","https://x.com/undefined/status/2031287877230014976","2031213290765037570",
"2031225688791863712","Tue Mar 10 08:35:40 +0000 2026","0","@Maxim_pyro10 @Ayoelesho At least pay for blue tick to protect this your foolishness","2031287861266317662","","Maxim_pyro10","en","","0","0","0","https://x.com/undefined/status/2031287861266317662","2150189709",
"2031287854945714292","Tue Mar 10 08:35:39 +0000 2026","0","Can anyone let me know if ppl saw this coming or its completely out of the blue? I can't imagine this happening with bts.. I would break and question my entire life for decades ","2031287857881690177","","SerenaTipid","en","","0","0","0","https://x.com/undefined/status/2031287857881690177","1602708767006605312",
"2031162889600373051","Tue Mar 10 08:35:38 +0000 2026","0","@YoungGun8140 I love blue collar work long hours hard work problem solving real people.","2031287853154443283","","YoungGun8140","en","","0","0","0","https://x.com/undefined/status/2031287853154443283","1999146752293928960",
"2030964850688397773","Tue Mar 10 08:35:37 +0000 2026","0","@forcafcb___ @MuhammadbambaA1 It won t be well for you and your entire generation to come you usless b@stard it s always the useles accts that always think someone needs their engagement.. you don t have blue tick and yet you think your useles comment serves as engagement:. This is the last time you are","2031287849304182934","","forcafcb___","en","","0","0","0","https://x.com/undefined/status/2031287849304182934","1705726511301394432",
"2031287848805216403","Tue Mar 10 08:35:37 +0000 2026","1","My guess is y'all have seen What is blue lock even about more than your imaginary gf","2031287848805216403","","","en","","0","0","0","https://x.com/undefined/status/2031287848805216403","1764183778635943936",
"2031229380857581636","Tue Mar 10 08:35:36 +0000 2026","0","@venom1s You have a point but men aren t much different. If given a chance to have sex with or date a hot girl most men would do the same. They just can t so they settle for an average woman bc that s their only option. Case in point is all the losers lined up to bang Bonnie Blue (and","2031287845868933286","","venom1s","en","","0","0","0","https://x.com/undefined/status/2031287845868933286","1341608295694516224",
"2031287844950650970","Tue Mar 10 08:35:36 +0000 2026","0","WTS พร้อมส่ง KISS ME Ver Blue / Pink เซตละ 44 รส ซื้อ 2 เซต 60 รส เหมา 3 เซต 74 รส รับธนาคาร/วอลเลท สนใจ dm #ตลาดนัดBNK48 #ตลาดนัดCGM48 #bnk48market #cgm48market","2031287844950650970","","","th","","0","0","0","https://x.com/undefined/status/2031287844950650970","1515130446442491906",
"2031137298717487233","Tue Mar 10 08:35:36 +0000 2026","0","@hbdbrett @TopherField WOW! Just wow! Nothing says freedom of speech like your blue check mark! ","2031287844673826966","","hbdbrett","en","","0","0","0","https://x.com/undefined/status/2031287844673826966","1788182879023054849",
"2031109909853409345","Tue Mar 10 08:35:35 +0000 2026","1","@Dexerto It s Blue Cheese or fuck your motha - Uncle Joey Diaz","2031287839791694198","","Dexerto","en","","0","0","0","https://x.com/undefined/status/2031287839791694198","1708351368938065920",
"2030992057888911622","Tue Mar 10 08:35:34 +0000 2026","1","@poohthebear0 the sky is blue and i don t have time https://t.co/SzSJJcDyXj","2031287837480345744","https://pbs.twimg.com/media/HDCVhG8aMAMMpdV.jpg","poohthebear0","en","","0","0","0","https://x.com/undefined/status/2031287837480345744","1360226897993601024",
"2031287816093921639","Tue Mar 10 08:35:29 +0000 2026","0","엔믹스 Blue Valentine 굿즈 양도 역제시 가능 qyop wts pc poca pop up everline apple music nmixx lily haewon sullyoon bae jiwoo kyujin 릴리 해원 설윤 배이 지우 규진 블루 발렌타인 에버라인 팝업 애플뮤직 럭드 럭키드로우 포카 포토카드 폴라 유닛 트레카 음료 입장 말랑이 만화책 엽서 https://t.co/DXH4625EBr","2031287816093921639","https://pbs.twimg.com/media/HDCVf9TaMAA8Htj.jpg","","ko","","0","0","0","https://x.com/undefined/status/2031287816093921639","1673690233895030785",
"2031192472467243489","Tue Mar 10 08:35:24 +0000 2026","0","@TheWalkingDeaJV @juancitomengan1 That's one young woman with long platinum blonde hair in a white patterned crop top and blue jeans posing playfully indoors while smiling and touching her hair. Doesn't match any recognizable celebrity or public figure likely just a random social media video. No name comes","2031287795239588238","","TheWalkingDeaJV","en","","0","0","0","https://x.com/undefined/status/2031287795239588238","1720665183188922368",
"2031287791280173350","Tue Mar 10 08:35:23 +0000 2026","0","Come to Britain... Get Paid to Leave? https://t.co/0ttyjRHHpW Well said @GoodwinMJ Sadly Conservative think-tank @WeAreBrightBlue think otherwise https://t.co/DDrAkTmFAu #illegalimmigration #mattgoodwin","2031287791280173350","","","en","","0","0","0","https://x.com/undefined/status/2031287791280173350","1171828362",
"2031287776960983310","Tue Mar 10 08:35:20 +0000 2026","0","Some of you have never seen the brilliant film Blue Jasmine and it shows","2031287776960983310","","","en","","0","0","0","https://x.com/undefined/status/2031287776960983310","1166474311",
"2031287774737764817","Tue Mar 10 08:35:19 +0000 2026","7","Congratulations to the winners of the 3x $5K funded accounts from Blue Guardian! @GlekeUpdates @mj2archive @Ebuka_is_back Open a ticket with Blue Guardian to claim your prize! https://t.co/epejtPxGVx https://t.co/J3mNKF92Sp","2031287774737764817","https://pbs.twimg.com/media/HDCVdyQXAAAZci7.jpg","","en","","1","6","3","https://x.com/undefined/status/2031287774737764817","3365063908",
"2030749391984726275","Tue Mar 10 08:35:15 +0000 2026","0","@YEBOLEB0 @stjompeee @RealSihleIV Shut up wena ka blue check","2031287756710649871","","YEBOLEB0","en","","0","0","0","https://x.com/undefined/status/2031287756710649871","1316072103528075264",
"2031274313953738924","Tue Mar 10 08:35:15 +0000 2026","0","@vai1kai Lol blue pill anytime anyday","2031287756333175071","","vai1kai","en","","0","0","0","https://x.com/undefined/status/2031287756333175071","1591828404709560325",
"2031287745335955480","Tue Mar 10 08:35:12 +0000 2026","0","#PR スパセの目玉商品見っけた 空気清浄機 ブルーエア Blue Max 22畳 楽天スーパーSALEで18:00から半額以下‼ 早い者勝ちの1時間限定タイムセール ️https://t.co/w8IZAP2S1y これは早押し必至なので、正座待機だね #楽天セール #空気清浄機","2031287745335955480","","","ja","","0","0","0","https://x.com/undefined/status/2031287745335955480","1681310627627937795",
"2031287742513164694","Tue Mar 10 08:35:11 +0000 2026","3","Alissa White-Gluz（ex-ARCH ENEMY）、新バンド BLUE MEDUSA 結成！ 国際女性デー に発表！ | 激ロック ニュース https://t.co/x6aGURP442 @gekirockから","2031287742513164694","","","ja","","0","0","0","https://x.com/undefined/status/2031287742513164694","1578708846414962689",
"2031158129405116722","Tue Mar 10 08:35:11 +0000 2026","0","@ChrisWickNews Look in the movie Matrix they even made the damn pills RED and BLUE. Then later we learn that Zion was always inside the matrix. Where you not paying attention?","2031287739354640853","","ChrisWickNews","en","","0","0","0","https://x.com/undefined/status/2031287739354640853","1699365053877686273",
"2031287731725414772","Tue Mar 10 08:35:09 +0000 2026","0","Teenage Mutant Ninja Turtles Leo Raph Donnie Mikey Pattern Blue Hawaiian Shirt https://t.co/HhQuZJRsEl https://t.co/zijcgMAMwJ","2031287731725414772","https://pbs.twimg.com/media/HDCVbByaYAAhp9b.png","","en","","0","0","0","https://x.com/undefined/status/2031287731725414772","1992854806210465792",
"2031132608139006108","Tue Mar 10 08:35:08 +0000 2026","0","@justretweetn @TheFigen_ No specific brand or logo is visible on the surviving gray helmet. It's a classic Chinese street vendor demo for generic motorcycle helmets smashing a cheap blue one to highlight their matte gray model's durability with a heavy wheel rim. Pure sales tactic no company named.","2031287729401606412","","justretweetn","en","","0","0","0","https://x.com/undefined/status/2031287729401606412","1720665183188922368",
"2030844534066659566","Tue Mar 10 08:35:08 +0000 2026","0","@humat1s @Hafner_1337 @CounterStrike perfect blue/purple tier skin ","2031287728302702711","","humat1s","en","","0","0","0","https://x.com/undefined/status/2031287728302702711","3104958707",
"2031287715342463231","Tue Mar 10 08:35:05 +0000 2026","1","Trying to score Daisuke Digivice so bae can have the one I have which is Ken and I will get the blue one ‍↕️ I know I have the black one but Daisuke Digivice was the one I had when I was a kid https://t.co/jABXkjBZZe","2031287715342463231","https://pbs.twimg.com/media/HDCVaXabQAAKQsM.jpg","","en","","0","0","0","https://x.com/undefined/status/2031287715342463231","1347403143231930370",
"2031287714675404907","Tue Mar 10 08:35:05 +0000 2026","6","Good Morning and Welcome to Cheltenham Day 1 @cilliankerse selections ⬇️ 1.20 El Cairos 8/1 2.00 Kargese 6/1 EW (2) 2.40 Ammes 8/1 EW (6) 3.20 Handstands 12/1 EW (6) 4.00 Brighterdaysahead 9/2 4.40 Madara 7/2 5.20 Kurasso Blue 8/1 EW (5) https://t.co/t9N84x87aP","2031287714675404907","https://pbs.twimg.com/media/HDCVaBhaMAAz6Tc.jpg","","en","","0","0","1","https://x.com/undefined/status/2031287714675404907","1584547394716319746",
"2031287703338365159","Tue Mar 10 08:35:02 +0000 2026","1","World's Unique Ocean Energy Plant In Lakshadweep To Power Blue Economy Push https://t.co/oMgMzBa4bb https://t.co/b4CB2ZKsXB","2031287703338365159","https://pbs.twimg.com/media/HDCVZuQbcAAclrf.jpg","","en","","0","0","0","https://x.com/undefined/status/2031287703338365159","96900937",
"2031202698112946546","Tue Mar 10 08:35:00 +0000 2026","0","@kshaughnessy2 @kimleady They hide the blue sheets. They know they screwed people.","2031287692458119618","","kshaughnessy2","en","","0","0","0","https://x.com/undefined/status/2031287692458119618","1451618046582398978",
"2031287684795400691","Tue Mar 10 08:34:58 +0000 2026","1","JET BLUE to be grounded!! Reason unknown https://t.co/OCXm9o4j4L","2031287684795400691","https://pbs.twimg.com/media/HDCVYGeacAA1Ifj.jpg","","en","","0","0","0","https://x.com/undefined/status/2031287684795400691","1920055431193587712",
"2031287683532939516","Tue Mar 10 08:34:57 +0000 2026","0","secured blue day 2!!! yuk barengan yg nonton sendirii #raisaliveinconcert #jcc","2031287683532939516","","","in","","0","0","0","https://x.com/undefined/status/2031287683532939516","1803351232221945857",
"2031206749672542608","Tue Mar 10 08:34:57 +0000 2026","0","@kilday_morgan @davidsirota https://t.co/eD2DAcGAH7","2031287680609431878","https://pbs.twimg.com/tweet_video_thumb/HDCVYOKaMAEYRFo.jpg","kilday_morgan","qme","","0","1","0","https://x.com/undefined/status/2031287680609431878","193887510",
"2031285201939345827","Tue Mar 10 08:34:51 +0000 2026","0","@77A24adXEJ2AdJJ 楽天でしたら特典付きのBlue-rayは7524円でしたよ〜！ご参考ください！ https://t.co/gTKn3jLcqc","2031287656278306974","","77A24adXEJ2AdJJ","ja","","0","0","0","https://x.com/undefined/status/2031287656278306974","1798376909518290944",
"2031287649827434537","Tue Mar 10 08:34:49 +0000 2026","0","A Brilliant Blue Lake Inside an Ancient Volcano Stuns From Space - Science NewsA breathtaking astronaut photo reveals El Salvador s Lake Coatepeque an ancient volcanic crater lake that sometimes mysteriously turns brilliant turquoise. Lake Coatepeque l... https://t.co/ZejZ7i9dTZ","2031287649827434537","","","en","","0","0","0","https://x.com/undefined/status/2031287649827434537","153322637",
"2031213884057756105","Tue Mar 10 08:34:48 +0000 2026","0","@MCIssa97 Fruit Orchard talaga! Province farm bliss with fresh fruits under dark blue skies &amp; old rose sunsets lola's spirit smiling big. Sleep muna inaantok ka na eh. Tulog ng mahimbing sweet dreams! Later ulit.","2031287642134892610","","MCIssa97","en","","0","0","0","https://x.com/undefined/status/2031287642134892610","1720665183188922368",
"2031287637613379860","Tue Mar 10 08:34:46 +0000 2026","0","Blue button presser https://t.co/nunseO1ZG9","2031287637613379860","https://pbs.twimg.com/media/HDCVV0YXIAAhKgv.jpg","","en","","0","0","0","https://x.com/undefined/status/2031287637613379860","1052325768401956865",
"2031210842822177124","Tue Mar 10 08:34:44 +0000 2026","0","@forevertawl @RpsAgainstTrump Vote democracy blue real South Carolina Dr. Annie Andrew replace him now","2031287626033148153","","forevertawl","en","","0","0","0","https://x.com/undefined/status/2031287626033148153","1421597985046032386",
"2031262506937889242","Tue Mar 10 08:34:43 +0000 2026","0","@TheWalkingDeaJV @Campbell11Dcmc Sorry can't access that video link directly. The image shows one young woman with dark hair in a blue polka-dot dress standing in a bedroom looking upset with hands clasped. Who exactly are they ? More details?","2031287624883667101","","TheWalkingDeaJV","en","","0","0","0","https://x.com/undefined/status/2031287624883667101","1720665183188922368",
"2031287621868204227","Tue Mar 10 08:34:43 +0000 2026","1","カフェインを表す色は 【薄青（うすあお）｜Smoke Blue】 余韻をまとう人 ・くすみ系クール代表 ・感情に振り回されない ・静かな理性で整える #Makko #診断テスト みんなは何色かな？ 【色鉛筆診断】 https://t.co/mZulMX46lh","2031287621868204227","","","ja","","0","0","0","https://x.com/undefined/status/2031287621868204227","3245932285",
"2031224699502383230","Tue Mar 10 08:34:42 +0000 2026","0","@EYakoby @lou_lindy @grok What is the big blue circulator thing in the image?","2031287620156694584","","EYakoby","en","","0","1","0","https://x.com/undefined/status/2031287620156694584","1853192085639446528",
"2031287615354450069","Tue Mar 10 08:34:42 +0000 2026","17","UNITE IN BLUE アリーナを青く染めろ！ 本企画は、ブースターの皆さまとともに会場を 青 に染め上げ、圧倒的なホームコートアドバンテージを生み出すことを目的とした参加型イベントです。 https://t.co/LwXixg8bMU","2031287617518780708","https://pbs.twimg.com/media/HDCVQ_db0AAdxjx.jpg","shigalakestars","ja","","0","0","4","https://x.com/undefined/status/2031287617518780708","145012025",
"2031287615354450069","Tue Mar 10 08:34:41 +0000 2026","45","野本大智の UNITE IN BLUE 滋賀レイクスでデビューし早くも6年目、チームで最も「レイクスブルー」を見てきたキャプテン #野本大智 がこころに残る #ユナイトインブルー は！ 今週はホーム3連戦、週末に向けて皆さんも投稿でレイクス界隈を青く染めていきましょう 【参加方法】 https://t.co/WwtOWeKJb3","2031287615354450069","https://pbs.twimg.com/amplify_video_thumb/2031285173040590849/img/XKmOcQZWwUd2ajij.jpg","","ja","","1","1","11","https://x.com/undefined/status/2031287615354450069","145012025",
"2031287586128540062","Tue Mar 10 08:34:34 +0000 2026","4","ﾟ・*:.｡..｡.:+・ﾟﾟ・*:.｡..｡.:+・ﾟ ︎*。Water Blue New World*.+ﾟ ﾟ・*:.｡..｡.:+・ﾟﾟ・*:.｡..｡.:+・ﾟ #Cosplay #LoveLive #ラブライブサンシャイン #ココフリ https://t.co/az9ihld5m6","2031287586128540062","https://pbs.twimg.com/media/HDCVSXbbIAAmXgw.jpg","","ja","","0","1","1","https://x.com/undefined/status/2031287586128540062","1877856258822438912",
"2031100823820816500","Tue Mar 10 08:34:26 +0000 2026","0","@kettsuro_rei Silly plans/revisit See you! ... Uhh Blue bird? Infamous maybe but I don't listen to it enough to know (and I know those 3 are collabs) I would count mr sunfish too Fish Probably a few more but I just woke up so :P","2031287553760838103","","kettsuro_rei","en","","0","0","0","https://x.com/undefined/status/2031287553760838103","1672336033239781376",
"2031287549348725185","Tue Mar 10 08:34:25 +0000 2026","0","It s great how you can tell those photos are all from like 2016-18 from just the compression. The generational divide between millennials and Gen Z is if they complain about blue hair or septum piercings","2031287549348725185","","","en","","0","0","0","https://x.com/undefined/status/2031287549348725185","1712708898275385344",
"2030956305695871469","Tue Mar 10 08:34:23 +0000 2026","0","@euronationalizt I know exactly what you mean that vibe is unmatched! I m absolutely in love with that specific shade of blue. The second photo is actually one I took- it s impossible not to capture it when it looks this dreamy! https://t.co/NY5eAAz5cU","2031287537877028979","https://pbs.twimg.com/media/HDCVPvZXgAAiKF3.jpg","euronationalizt","en","","0","0","0","https://x.com/undefined/status/2031287537877028979","1977794411158175744",
"2031287529312231551","Tue Mar 10 08:34:21 +0000 2026","0","@cher Cher takes the to Her son Elijah Blue Allman. because She visits him in prison. Too bad He is there in the ugly place. He didn't deserve it. Cher Our Goddess has 2 very beautiful Angels just like Her. . https://t.co/i8zTn6G292","2031287529312231551","https://pbs.twimg.com/ext_tw_video_thumb/2031287508097462272/pu/img/YRiPwY4yeYA-d_U7.jpg","cher","en","","0","0","0","https://x.com/undefined/status/2031287529312231551","1529205511324848129",
"2031284502496940131","Tue Mar 10 08:34:20 +0000 2026","0","Her Blue orb(until the final animation)isn't iframed but also interrupts rather nicely so dodging in the middle of it feels nice That's the light form Dark form on the other feels more like a compliment to the light than something that can stand on its own","2031287524765675918","","Timiboy33126280","en","","0","1","0","https://x.com/undefined/status/2031287524765675918","1608808168196390912",
"2031287519963394547","Tue Mar 10 08:34:18 +0000 2026","3","2017/3/10（金） どうやらこの日はBlue Noteに居たらしい！ほぼ記憶ない(笑)でも松本さんのBlue Note公演は1公演は必ず行けてたんだな。 https://t.co/2bOztXlaL0","2031287519963394547","https://pbs.twimg.com/media/HDCVOtdbgAANALR.jpg","","ja","","0","0","0","https://x.com/undefined/status/2031287519963394547","129069761",
"2030655684539228246","Tue Mar 10 08:34:12 +0000 2026","0","@westtcosst @ihysosa don't lose ur time answering him he has the blue checkmark he's doing it on purpose to get money u lose time and energy","2031287491706101811","","westtcosst","en","","0","0","0","https://x.com/undefined/status/2031287491706101811","1012587299476033536",
"2031281087268151682","Tue Mar 10 08:34:08 +0000 2026","0","@JamesMelville Morning. Ooooo blue sky ","2031287478317912233","","JamesMelville","en","","0","0","0","https://x.com/undefined/status/2031287478317912233","1526982992475963392",
"2031287478297207003","Tue Mar 10 08:34:08 +0000 2026","2","よを表す色は 【薄青（うすあお）｜Smoke Blue】 余韻をまとう人 ・くすみ系クール代表 ・感情に振り回されない ・静かな理性で整える #Makko #診断テスト みんなは何色かな？ 【色鉛筆診断】 https://t.co/wW8MMrIEFE","2031287478297207003","","","ja","","0","0","0","https://x.com/undefined/status/2031287478297207003","1755384153741115392",
"2031287476715659335","Tue Mar 10 08:34:08 +0000 2026","0","I Live Up There You see those flats? I live up there. Mine s the blue window Up in the air. There s lifts and stairs And doors and doors And twenty-seven Identical floors. The swings outside Are too far away So we sit up here With Mum all day. It s good when it s cold Up","2031287476715659335","","","en","","0","0","0","https://x.com/undefined/status/2031287476715659335","1048424705848426496",
"2031287474241355896","Tue Mar 10 08:34:08 +0000 2026","0","Saare Madarchod Blue tick leke kohli k baare m bolte h kyuki unhe bhi pta Reach aur views to kohli dega. We are the greatest ","2031287474241355896","","","en","","0","0","0","https://x.com/undefined/status/2031287474241355896","1634511575837995010",
"2031287469530874104","Tue Mar 10 08:34:06 +0000 2026","0","Lately the only skyline the BBC's Yolande Knell is using to do her IDF info dumps against is Jerusalem presumably because it's the one part of Israel Iran aren't striking. Clear blue skies and intact buildings","2031287469530874104","","","en","","0","0","0","https://x.com/undefined/status/2031287469530874104","14441753",
"2030975248292839754","Tue Mar 10 08:34:05 +0000 2026","0","@CattardSlim Huh? How come? Because he s still running those ads and the absolutely insanely priced blue check marks? How do his balls taste mate?","2031287463734382725","","CattardSlim","en","","0","0","0","https://x.com/undefined/status/2031287463734382725","1900894849600978944",
"2031264803436564727","Tue Mar 10 08:34:04 +0000 2026","1","@Wisdom_Don_ @Afebu3 Sure! Here's the English translation of the Igbo post: Good morning to all Igbo people. May today be a wonderful day for all of us. Since today is Orie market day may it bring us progress and carry away all evil from us amen! Lovely greeting with the beautiful blue Ututu","2031287460085338349","","Wisdom_Don_","en","","0","0","1","https://x.com/undefined/status/2031287460085338349","1720665183188922368",
"2031274313953738924","Tue Mar 10 08:34:03 +0000 2026","0","@vai1kai Blue pill","2031287454158794897","","vai1kai","en","","0","0","0","https://x.com/undefined/status/2031287454158794897","404809312",
"2030738695532261379","Tue Mar 10 08:33:59 +0000 2026","0","@roger_grafton @RucksSake So: Blue 6 does not approach from the direction of his own goal line else he'd be involved in the clear out. He avoids the clear out by coming from the side. The England player's on their feet ahead of Blue 6 which means the offside line is the front end of England's player.","2031287438178402538","","roger_grafton","en","","0","0","0","https://x.com/undefined/status/2031287438178402538","1518981628420366336",
"2031287433728606439","Tue Mar 10 08:33:58 +0000 2026","1","@lightuprail I couldn't get a picture sorry but I saw a train last night going through Northam WA that had bright blue lights in between every 3rd or 4th sea container / carriage!","2031287433728606439","","lightuprail","en","","0","1","0","https://x.com/undefined/status/2031287433728606439","895970763005612033",
"2031265122312728735","Tue Mar 10 08:33:55 +0000 2026","0","@fleshsimulator It s great how you can tell those photos are all from like 2016-18 from just the compression. The generational divide between millennials and Gen Z is if they complain about blue hair or septum piercings","2031287421334335584","","fleshsimulator","en","","0","0","0","https://x.com/undefined/status/2031287421334335584","1712708898275385344",
"2031287250131046583","Tue Mar 10 08:33:53 +0000 2026","5","@Ahmedydk Where did your blue tick go to man","2031287413255848199","","Ahmedydk","en","","0","4","0","https://x.com/undefined/status/2031287413255848199","1639675509272457217",
"2031287406112948669","Tue Mar 10 08:33:51 +0000 2026","0"," 6-Bedroom Mansion to Let Maki Estate Thika Town Live in luxury in this spacious 6-bedroom mansion set on a ½-acre plot in the serene and secure Maki Estate next to Blue Posts Hotel. Features: Gated court with 24-hour security Ample parking within the compound https://t.co/Q1k1ow1hkI","2031287406112948669","https://pbs.twimg.com/amplify_video_thumb/2031285692945539072/img/Aaemla0ZSqnoDWzv.jpg","","en","","0","0","0","https://x.com/undefined/status/2031287406112948669","3433852323",
"2031162982693269617","Tue Mar 10 08:33:50 +0000 2026","0","@KhanSaba1278 Blue love this one","2031287400123744320","","KhanSaba1278","en","","0","0","0","https://x.com/undefined/status/2031287400123744320","3107157169",
"2031287394431910073","Tue Mar 10 08:33:48 +0000 2026","2","we re so blue my neptune ⟡ nikjju | 닉쭈 ⟡ explicit ⟡ astronomic symbolism childhood friends to lovers light angst reunions (see tags) ⟡ 20 7k words (complete) ️ https://t.co/3umC02EQhh https://t.co/Zkr7iVQpdA","2031287394431910073","https://pbs.twimg.com/media/HDCVHl7XoAA5Omu.jpg","","en","","0","2","0","https://x.com/undefined/status/2031287394431910073","1963320030646734850",
"2031287390547980452","Tue Mar 10 08:33:48 +0000 2026","0","Blue harbour tonight !!! :)","2031287390547980452","","","en","","0","0","0","https://x.com/undefined/status/2031287390547980452","1888995497261568001",
"2031287387813457987","Tue Mar 10 08:33:47 +0000 2026","3","Paul White Gold Eagle (Kin 47 ~ Blue Galactic Hand) Universal Alliance of Light Greetings Sacred Thunder Nation of Pure Source Energy As we navigate through the powerful Earth Energetics this week and into the Portal of the Divine Goddess this Friday the 13th of the Holy Waters https://t.co/yiPty8Ef4p","2031287387813457987","https://pbs.twimg.com/media/HDCVHLiaMAALP3q.jpg","","en","","0","1","1","https://x.com/undefined/status/2031287387813457987","245884632",
"2031200397918929278","Tue Mar 10 08:33:46 +0000 2026","0","@0NETRUEWIELDER_ Nno theres only two others that look similar so for now its only blue pink and green..","2031287384701067540","","0NETRUEWIELDER_","en","","0","1","0","https://x.com/undefined/status/2031287384701067540","1845929719684087808",
"2031277023537279270","Tue Mar 10 08:33:45 +0000 2026","1","@bangtan7myluv They have a blue tick. Anything for clout ","2031287378485326068","","bangtan7myluv","en","","0","0","0","https://x.com/undefined/status/2031287378485326068","1653342804226228226",
"2031225882346684456","Tue Mar 10 08:33:44 +0000 2026","0","@CravalhoJe17922 @Adriana10644819 They look like two young women in a casual playful video smiling one reaching out her hand on a yellow couch wearing white top/plaid skirt and the other in blue top/plaid skirt. No names credits or handles in the clip just a Trump meme overlay for laughs. If you have the","2031287375016468523","","CravalhoJe17922","en","","0","0","0","https://x.com/undefined/status/2031287375016468523","1720665183188922368",
"2031287371631591730","Tue Mar 10 08:33:43 +0000 2026","0","I just don't believe anything our government is saying If they said the sky was blue I wouldn't believe them anymore","2031287371631591730","","","en","","0","0","0","https://x.com/undefined/status/2031287371631591730","1854299412110991365",
"2031287363914092719","Tue Mar 10 08:33:41 +0000 2026","0","That dude wa skipa se blue ke body builder ‍️","2031287363914092719","","","en","","0","0","0","https://x.com/undefined/status/2031287363914092719","462021250",
"2031287360386904469","Tue Mar 10 08:33:40 +0000 2026","4","BANAT NI SEN. LACSON KAY SEN. MARCOLETA Tinawag ni Senate President Pro Tempore na obsessed si Sen. Rodante Marcoleta sa kaniyang privilege speech ngayong Martes March 10. Bahagi ito ng sagot ni Sen. Lacson sa mga batikos ni Sen. Marcoleta sa Senate Blue Ribbon Committee. https://t.co/WBywFW5JXv","2031287360386904469","https://pbs.twimg.com/media/HDCVE1hbgAAkp-w.jpg","","tl","","0","2","1","https://x.com/undefined/status/2031287360386904469","133152120",
"2031287198570500392","Tue Mar 10 08:33:40 +0000 2026","1","@majori6007 That 2021 viral story is back. The $2.6M figure is from a US tournament prize (for a small white marlin) not this blue marlin's actual value. It was caught in Rivers State shared with the village and sold locally in affordable pieces. Commercial blue marlin sells for $1-20/lb","2031287360135016906","","majori6007","en","","0","0","0","https://x.com/undefined/status/2031287360135016906","1720665183188922368",
"2031287346734444634","Tue Mar 10 08:33:37 +0000 2026","0","Beige Light Coffee and Blue oh my! ️ Introducing our latest outdoor fabric: Sun-resistant &amp; vibrant Beige base with stylish coffee/blue accents Passed the water-repellent test with flying colors! ️ Function meets fashion for your patio. Check out the demo https://t.co/TpgY5OW7Hx","2031287346734444634","https://pbs.twimg.com/amplify_video_thumb/2031287070652772352/img/5Nr6qDi-0pgB_7r4.jpg","","en","","0","0","0","https://x.com/undefined/status/2031287346734444634","1861565361101119489",
"2031118944052855177","Tue Mar 10 08:33:37 +0000 2026","0","@aristomarinetti Go work manual labor blue collar for 6 months and you ll say the same thing except your body will be broken down too lol","2031287345077457007","","aristomarinetti","en","","0","0","0","https://x.com/undefined/status/2031287345077457007","1870622716992368640",
"2030373680706924814","Tue Mar 10 08:33:35 +0000 2026","0","@TomCrown VOTE BLUE ---- your life depends on it!!!","2031287339134116251","","TomCrown","en","","0","0","0","https://x.com/undefined/status/2031287339134116251","1515295324507627520",
"2031045674398032029","Tue Mar 10 08:33:31 +0000 2026","1","@FrenchOG3 All the pics are giving friend energy not lover male to female polarity. But this is how blue pilled western guys are conditioned to behave they don t know how to behave like a man","2031287321845244107","","FrenchOG3","en","","0","0","0","https://x.com/undefined/status/2031287321845244107","1979828233966145536",
"2031250259398025322","Tue Mar 10 08:33:26 +0000 2026","0","@GriffinForGold @mybroadband A blue chip share on the JSE handed to the ANC on a silver platter. https://t.co/WnW2WgKcDA","2031287300424929516","https://pbs.twimg.com/media/HDCVCLaaMAAq7kT.jpg","GriffinForGold","en","","0","0","0","https://x.com/undefined/status/2031287300424929516","1787077351920066560",
"2031287296881050087","Tue Mar 10 08:33:25 +0000 2026","32","They grow up so fast It was less than two years ago when Cooper Lord stepped into the doors of IKON Park as a mid-season draftee. Now the emerging midfielder has established himself as a key part of Carlton's next wave and has re-committed to the Navy Blue for another three https://t.co/8MUHDoBeIX","2031287296881050087","https://pbs.twimg.com/media/HDCU9VLbMAEfl5I.jpg","","en","","0","1","1","https://x.com/undefined/status/2031287296881050087","25237901",
"2030652503356854736","Tue Mar 10 08:33:20 +0000 2026","0","@fluke9226 @Dkmoney120 @AnnieMargrock @JackThompsonFOX It s simple. Sky is blue. There are two genders.","2031287276249166125","","fluke9226","en","","0","0","0","https://x.com/undefined/status/2031287276249166125","1834066250290597888",
"2031216845466788318","Tue Mar 10 08:33:19 +0000 2026","0","@TauCetiBingus Bro I haven t even seen a blue shield yet ","2031287269592543472","","TauCetiBingus","en","","0","0","0","https://x.com/undefined/status/2031287269592543472","1436828370189361153",
"2031287261518770398","Tue Mar 10 08:33:17 +0000 2026","1","XOTIC XJ-1T 5st USA BLUE MH中古値下げいたしました‼️ 現行品ではボディトップに配置されているスイッチ類がバックパネル内に集約されており、スイッチ類はMidとTrebleのフリーケンシースイッチと、ゲインブーストのトリマーです https://t.co/CJNDS9Uq1U","2031287261518770398","https://pbs.twimg.com/media/HDCU5QVbgAAVQZ8.jpg","","ja","","0","1","0","https://x.com/undefined/status/2031287261518770398","1196164357",
"2031278214312845353","Tue Mar 10 08:33:17 +0000 2026","0","@Vikkywinner48 @cooltechtipz The largest mammal on Earth is the blue whale. It reaches up to 100 feet long and 200 tons far bigger than any living reptile or even the largest dinosaurs.","2031287260650316129","","Vikkywinner48","en","","0","0","0","https://x.com/undefined/status/2031287260650316129","1720665183188922368",
"2031287257530028318","Tue Mar 10 08:33:16 +0000 2026","4","Blue Noise 【敷】 12落ち 全ラン58位 https://t.co/VGizSYW9du","2031287257530028318","https://pbs.twimg.com/media/HDCU_YYbwAAjyZT.jpg","","ja","","0","0","0","https://x.com/undefined/status/2031287257530028318","1638078808866836480",
"2031286567667642709","Tue Mar 10 08:32:35 +0000 2026","0","@odysseuslahori Once get the blue tick on X your a star ⭐️","2031287084372341194","","odysseuslahori","en","","0","0","0","https://x.com/undefined/status/2031287084372341194","456568053",
"2030307221683290334","Tue Mar 10 08:32:33 +0000 2026","0","@ellishart8 @Chelsea_spares @ellishart8 DM me mate I have 2 tickets seated together blue or forwarding membership needed for tickets transfer","2031287079863275684","","ellishart8","en","","0","0","0","https://x.com/undefined/status/2031287079863275684","1335929219621285890",
"2031287050083750359","Tue Mar 10 08:32:26 +0000 2026","0","Like the blue tick people do they just make up stories and stuff?","2031287050083750359","","","en","","1","0","0","https://x.com/undefined/status/2031287050083750359","1670287589725593601",
"2031181676613661061","Tue Mar 10 08:32:17 +0000 2026","1","@peacescycle pas forcement teen titans mais j ai pas mal de fancast sur eux et c est surtout des jeunes (Blue Beatle / Red Hood / Roy harper)","2031287009814204529","","peacescycle","fr","","0","1","0","https://x.com/undefined/status/2031287009814204529","1528746256104816641",
"2024073182089547789","Tue Mar 10 08:32:16 +0000 2026","0","ねこ貴族通販に靴下類追加 松尾ミユキWool Blend Socks グレー https://t.co/rSA6FToh9v グリーン https://t.co/9DWhsFNXw1 Nathalie Lete ソックスBlue eye https://t.co/z4zSglxFV9 #阿佐ヶ谷　#猫雑貨","2031287006920380899","","nekokizoku_","ja","","0","0","0","https://x.com/undefined/status/2031287006920380899","1532254676040548352",
"2031287005439529278","Tue Mar 10 08:32:16 +0000 2026","0","What a cesspit this once valuable app has become. I will leaving it to the racist paedo apologists and bots to argue amongst themselves and migrate where the sky is blue. Farewell you were so much better as Twitter ","2031287005439529278","","","en","","0","0","0","https://x.com/undefined/status/2031287005439529278","590052631",
"2031287000309866498","Tue Mar 10 08:32:15 +0000 2026","0","This is exactly what crossed my mind. Tried my best not to it came back up. I m having PTSD from Zayn. It s the exact same feeling but tbh it wasn t so sudden then we knew. This is so out of the blue. I m 24 not 13. I understand deeper now. Ouch. (I love and respect Hee ofc)","2031287000309866498","","","en","","0","0","0","https://x.com/undefined/status/2031287000309866498","4616023276",
"2031286987731197976","Tue Mar 10 08:32:12 +0000 2026","0","Blue therapy is very ass. I really should have sent my application because some of the issues yall raised ? Very invalid","2031286987731197976","","","en","","0","0","0","https://x.com/undefined/status/2031286987731197976","1997869948283297792",
"2031081926254023133","Tue Mar 10 08:32:11 +0000 2026","1","@Patrici46119638 @GraniteElements Here they're called blue stars seem to be quite common well not to me","2031286983826223302","","Patrici46119638","en","","0","0","0","https://x.com/undefined/status/2031286983826223302","1098336017688481794",
"2031284713235665069","Tue Mar 10 08:32:09 +0000 2026","0","Since his lower weapon the one with the light blue background grants speed and the debuffs are doubled including more than his secondary weapon reduces lightning damage and his main weapon reduces water resistance plus Glem's weapon destroys his shield against physical damage","2031286978403066300","","Ght16Miguel","en","","0","1","0","https://x.com/undefined/status/2031286978403066300","1517213382394404865",
"2030515206066151591","Tue Mar 10 08:32:09 +0000 2026","0","@KNOWtheLEDGE4 @TOP5RAPWEBSITE That Blue Print part is forced. The blue print is remembered bc of that beef being so big. 911 is not the thing that comes to mind first there","2031286977769635936","","KNOWtheLEDGE4","en","","0","0","0","https://x.com/undefined/status/2031286977769635936","1271512204844695553",
"2031142143612563884","Tue Mar 10 08:32:09 +0000 2026","0","@SafetyNotorious He's just doing this to win in a red district CA gerrymandered to blue.","2031286976586846306","","SafetyNotorious","en","","0","0","0","https://x.com/undefined/status/2031286976586846306","1661487188876337154",
"2031204531715912073","Tue Mar 10 08:32:04 +0000 2026","0","@SheikhSajib07 @ProthomAlo Ye image Prothom Alo ka news graphic hai bhai. Trump blue suit mein pointing karte hue serious face ke saath background stage lights. Bengali text: Khub shiggir ei Iran yuddher oboshan ghotbe : Trump matlab Trump bol rahe hain ki Iran war bahut jaldi khatam ho jayega. Article","2031286955124621735","","SheikhSajib07","in","","0","0","0","https://x.com/undefined/status/2031286955124621735","1720665183188922368",
"2031286948262981822","Tue Mar 10 08:32:02 +0000 2026","0","2026/3/10 17:30 (KST) https://t.co/YcCwtsr6XX 1 IVE - BANG B.. 2 KIII.. - 404 Ne.. 3 HEAR.. - RUDE! 4 화사 - Good G.. 5 한로로 - 사랑하게 될.. 6 WOODZ - Drowning 7 한로로 - 0+0 ▲1 8 IVE - BLAC.. ▽1 9 NMIXX - Blue V.. https://t.co/9XfIa3KuMW","2031286948262981822","https://pbs.twimg.com/media/HDCUtcBbwAAL_P2.jpg","","ko","","0","0","0","https://x.com/undefined/status/2031286948262981822","228630523",
"2031228520136069368","Tue Mar 10 08:31:59 +0000 2026","0","@MrFluffybo44om @Schtang I wonder if it's been blind in that eye for a long time? We had a baby blue tongue lizard with only one eye visit on the weekend. I'm guessing from a cat attack","2031286937018052959","","MrFluffybo44om","en","","0","1","0","https://x.com/undefined/status/2031286937018052959","204273771",
"2030885039924494419","Tue Mar 10 08:31:57 +0000 2026","0","@FirdausSiddiqi @Interiorarchdes The liquid being poured is epoxy resin (often tinted blue-green here). It's a two-part polymer mix that self-levels into a glossy durable seamless floor or coating standard in luxury interior projects like this. Torching removes bubbles for a perfect finish.","2031286926129369145","","FirdausSiddiqi","en","","0","0","0","https://x.com/undefined/status/2031286926129369145","1720665183188922368",
"2031276436103831738","Tue Mar 10 08:31:50 +0000 2026","0","@ItsAmahAdoma @jxtwrld__ Those colored hearts have common meanings based on usage: Orange - friendship care or enthusiasm (softer than red) ️ Red - romantic love passion Green - health nature growth or jealousy Blue - trust loyalty calm or harmony Context changes everything","2031286897910161498","","ItsAmahAdoma","en","","0","0","0","https://x.com/undefined/status/2031286897910161498","1720665183188922368",
"2031100071912038852","Tue Mar 10 08:31:45 +0000 2026","0","@BecomingCritter Why are there like 5 shades of blue and only 2 in the legend? The legend should be a bar with a color gradient in this case.","2031286876900868520","","BecomingCritter","en","","0","0","0","https://x.com/undefined/status/2031286876900868520","1264633416",
"2031286873386266975","Tue Mar 10 08:31:44 +0000 2026","0","ナナツヤを表す色は 【薄青（うすあお）｜Smoke Blue】 余韻をまとう人 ・くすみ系クール代表 ・感情に振り回されない ・静かな理性で整える #Makko #診断テスト みんなは何色かな？ 【色鉛筆診断】 https://t.co/Q6pQ0SeDVQ","2031286873386266975","","","ja","","0","0","0","https://x.com/undefined/status/2031286873386266975","862934119",
"2031286869510775268","Tue Mar 10 08:31:43 +0000 2026","0","One last Group Stage battle. A place in the quarter-final is on the line. India Women s National Football Team (Blue Tigresses) vs Chinese Taipei Women s National Football Team #INDvTPE #WAC2026 #IndianFootball #BlueTigresses #WAC2026 #IndianFootball #BlueTigresses https://t.co/iUMGefUu8P","2031286869510775268","https://pbs.twimg.com/media/HDCUhgcaEAEvwOL.png","","en","","0","0","0","https://x.com/undefined/status/2031286869510775268","1856196660407480320",
"2031286867052691561","Tue Mar 10 08:31:43 +0000 2026","0","Street Dealers Location - March 10 2026. Sell your MC Business products fast using today s GTA Online Street Dealers Locations. Earn between GTA$ 200 000 to GTA$ 240 000 from sell the Powder Blue Crystal The Grass or The Acid Lab Products too without long delivery missions. https://t.co/ma8cbv8VkD","2031286867052691561","https://pbs.twimg.com/amplify_video_thumb/2031286741647130624/img/8hYWmzhifBHAqdd2.jpg","","en","","0","0","0","https://x.com/undefined/status/2031286867052691561","2007068606195204096",
"2031270062510739583","Tue Mar 10 08:31:41 +0000 2026","0","@elwynhendre @PhilipOnions @mpagemap @melindatamplin @gremlin100 @CarolPoyerPeett @jacquirossndale @dot_pj @NanaJaney @GAYNORPRICEJON1 @PantheraSteven @hazelstreethot1 @dapharries @fitzja Bore da El. We have some blue sky and a bit of sunshine ️ hopefully it ll last. Thank you. Hope your day goes well. ","2031286858248765798","","elwynhendre","en","","0","1","0","https://x.com/undefined/status/2031286858248765798","2850321352",
"2030999823692792031","Tue Mar 10 08:31:38 +0000 2026","0","@roddreher And whose fault is that? Many people Ronald Reagan for starters. Run a test to find comparable cities run in red states run by R Mayors and find the same results - but those will disturb your treasured narrative of 'blue cities'.","2031286848056615096","","roddreher","en","","0","0","0","https://x.com/undefined/status/2031286848056615096","2007553338049744896",
"2031286846232342756","Tue Mar 10 08:31:38 +0000 2026","3","THE COUNTDOWN BEGINS! Transformation and Rebirth Energy Earth Mothers come down from the Mountain Paul White Gold Eagle (Kin 47 ~ Blue Galactic Hand) Universal Alliance of Light Greetings Sacred Thunder Nation of Pure Source Energy As we navigate through the powerful Earth https://t.co/eZBguRM0GK","2031286846232342756","https://pbs.twimg.com/amplify_video_thumb/2031283379073855490/img/2UGRfxy3gaCk8R5c.jpg","","en","","0","2","2","https://x.com/undefined/status/2031286846232342756","245884632",
"2031267997252460644","Tue Mar 10 08:31:35 +0000 2026","0","@aftermagics Yeah the blue faded glare on the 2 nd one.","2031286835670810854","","aftermagics","en","","0","0","0","https://x.com/undefined/status/2031286835670810854","2022593909998682112",
"2031157671588671571","Tue Mar 10 08:31:27 +0000 2026","0","@ChShafiullah15 Amiodarone drug cause of blue-gray skin discoloration","2031286801751769100","","ChShafiullah15","en","","0","0","0","https://x.com/undefined/status/2031286801751769100","930833102598893568",
"2031286782592167997","Tue Mar 10 08:31:23 +0000 2026","0","New Wallpaper Alert! Stunning Minimalist Desktop Wallpaper: Airplane Soaring Through a Blue Sky and Fluffy White Clouds Looking for a fresh new look for your phone or computer? Our new collection of wallpapers is here! They're perfect for adding a... https://t.co/4NnRU5dAIh https://t.co/u7fCRl81U1","2031286782592167997","https://pbs.twimg.com/media/HDCUkC9aMAI7SfN.jpg","","en","","0","0","0","https://x.com/undefined/status/2031286782592167997","1977489694377066496",
"2031076623215210901","Tue Mar 10 08:31:21 +0000 2026","0","@utusukishikara Vagueposting sans Twitter blue c'est dans la catégorie maladie mentale","2031286775839125719","","utusukishikara","fr","","0","0","0","https://x.com/undefined/status/2031286775839125719","2301988952",
"2031286744050708595","Tue Mar 10 08:31:13 +0000 2026","0","ほぉん てことはアライン2s切れれば遮蔽もコアスタビライザーも要らない ってコト！？ https://t.co/hu1J8I9P9e","2031286744050708595","","","ja","","0","0","0","https://x.com/undefined/status/2031286744050708595","1792898888082595840",
"2031286724358230407","Tue Mar 10 08:31:09 +0000 2026","0","god this sucks so much.... and its so out of the blue??? its really so hard to imagine how everything will be without heeseung.. like imagine en o'clock without him for example??????","2031286724358230407","","","en","","0","0","0","https://x.com/undefined/status/2031286724358230407","892794866656215044",
"2031286708604473769","Tue Mar 10 08:31:05 +0000 2026","9","GM SUI FOLKS!!! It's Tuesday morning and your phone rings: $100k deposit Which of these are you buying and why? Waiting in CS . $SUI $WAL $DEEP $HAEDAL $BLUE $IKA $LOFI $MMT https://t.co/O9eaRYxVPB","2031286708604473769","https://pbs.twimg.com/media/HDCUfoqX0AAiRwt.jpg","","en","","0","5","1","https://x.com/undefined/status/2031286708604473769","1696492390230409216",
"2031223214094090738","Tue Mar 10 08:31:04 +0000 2026","0","@HeatherL7756 @HyuugaJessika I don't recognize this specific person she appears to be an Asian woman with dark hair in a neat bun wearing a tight blue long-sleeve top with a yellow emblem on the shoulder posing/dancing in a casual indoor setting. The clip doesn't link to any known public figure ","2031286704720515202","","HeatherL7756","en","","0","0","0","https://x.com/undefined/status/2031286704720515202","1720665183188922368",
"2031286700845261076","Tue Mar 10 08:31:03 +0000 2026","1","#見つけてくれてありがとう祭開幕 遅ればせながら 皆様いつも見て下さりありがとうございます！ いいねやリポスト付けて応援して下さりありがとうございます カラーや作品のリクエスト下さりありがとうございます️ 私の原動力になるので、これからもよろしくお願い致します‍️ https://t.co/1CTPBBa8sJ","2031286700845261076","https://pbs.twimg.com/media/HDCUdQ1aMAQw0Pw.jpg","","ja","","0","0","0","https://x.com/undefined/status/2031286700845261076","133362717",
"2031156687835402707","Tue Mar 10 08:31:02 +0000 2026","0","@jk_arts07 Holy Heh she's very cute with her blue jeans :3 Nagi X3","2031286696713794042","","jk_arts07","en","","0","0","0","https://x.com/undefined/status/2031286696713794042","1946853674913034240",
"2031286696088572387","Tue Mar 10 08:31:02 +0000 2026","0","De domeinnaam https://t.co/BzTnPNccgo is vanaf nu te koop voor 70 00 EUR. #bluemoon #domeinnaamtekoop https://t.co/QPVqE97b7n","2031286696088572387","","","nl","","0","0","0","https://x.com/undefined/status/2031286696088572387","1098912318489010176",
"2031286689897837028","Tue Mar 10 08:31:01 +0000 2026","1","Built for wherever the day takes you The Omega Seamaster paired with our blue integrated rubber strap. Waterproof flexible and ready for any adventure - from ocean dives to everyday wear. : @calibre321 #wis #watchstraps #wisstraps #watch https://t.co/c4FUNS7bLJ","2031286689897837028","https://pbs.twimg.com/media/HDCUXPhWAAAp39p.jpg","","en","","0","0","1","https://x.com/undefined/status/2031286689897837028","1556185193341505536",
"2031180748602888545","Tue Mar 10 08:30:59 +0000 2026","0","@greenmar1n thats blue ash","2031286682138312966","","greenmar1n","en","","0","0","0","https://x.com/undefined/status/2031286682138312966","1860023009056096257",
"2031271021739937962","Tue Mar 10 08:30:58 +0000 2026","0","@hikaikomori Actually I thought silver&amp;purple is better than gold one! But it's nice to imagine gold with her too... I also think blue is also good on her!!","2031286680469311531","","hikaikomori","en","","0","0","0","https://x.com/undefined/status/2031286680469311531","1502196578798301185",
"2031286672332390754","Tue Mar 10 08:30:56 +0000 2026","0","WTS CONVERSE ALL STAR SERUT BAG (di serut) - tas ransel - bagpack warna navy (blue) masih new ya muat 12.1 inch bahkan masih bisa lebih! ori yaa beli di sports station! link co: https://t.co/hi6DaQ7l7T (MURCE) https://t.co/5yd7q5t8dc","2031286672332390754","https://pbs.twimg.com/media/HDCUdloaMAMkvQX.jpg","","in","","0","0","0","https://x.com/undefined/status/2031286672332390754","1217066714266947586",
"2031286669362737465","Tue Mar 10 08:30:56 +0000 2026","0","BLUE GIANT MONENTUM 再読中。 この漫画の好きなとこはミュージシャ全ての労働は等しく尊いって事を描いてるとこだな。","2031286669362737465","","","ja","","0","0","0","https://x.com/undefined/status/2031286669362737465","173839720",
"2031286667785486763","Tue Mar 10 08:30:55 +0000 2026","0","There s this one couple on Blue Therapy that really needs to break up ","2031286667785486763","","","en","","0","0","0","https://x.com/undefined/status/2031286667785486763","1404708425712472065",
"2031274568581788107","Tue Mar 10 08:30:52 +0000 2026","2","@leeminoot i go there and he s my bias https://t.co/FRD6Fj2soK","2031286655743832476","https://pbs.twimg.com/tweet_video_thumb/HDCUcSjaMAAzlCk.jpg","leeminoot","en","","0","0","0","https://x.com/undefined/status/2031286655743832476","1492749584371961856",
"2031072072575717742","Tue Mar 10 08:30:51 +0000 2026","0","@blue_sam7 @bigwizarrdd Doe ejh","2031286648206397681","","blue_sam7","en","","0","0","0","https://x.com/undefined/status/2031286648206397681","1992191986221334528",
"2031286641361342627","Tue Mar 10 08:30:49 +0000 2026","0","Dear @ChelseaFC Happy Birthday Even though you break my heart I m a blue till i seize to exist I ll pass this legacy down to my bloodline They ll know what it means to support a prestigious club like you World champions KTBFFH Much love all the way from Nigeria https://t.co/Y3o3CvEFMM","2031286641361342627","https://pbs.twimg.com/media/HDCUbfaaMAYD1ll.jpg","","en","","0","0","0","https://x.com/undefined/status/2031286641361342627","1048092398935560192",
"2031248999160918271","Tue Mar 10 08:30:48 +0000 2026","1","@Vijay_PriyaS @boomerehh1 She looks amazing in blue","2031286635757973835","","Vijay_PriyaS","en","","0","0","0","https://x.com/undefined/status/2031286635757973835","1586690583099473921",
"2031050691729633649","Tue Mar 10 08:30:44 +0000 2026","1","@lesbiansquiddo okay but why is dol9hin blue","2031286621660922346","","lesbiansquiddo","en","","0","0","0","https://x.com/undefined/status/2031286621660922346","1432301152385712128",
"2031268258410803580","Tue Mar 10 08:30:40 +0000 2026","0","@YasurekT23292 @charleycourtney The videos linked in the original post aren't loading (one 404s the other fails entirely). The only visible media is a selfie of a young woman in a car wearing a blue patterned headscarf and nose ring looking toward the camera. No idea who she (or they ) is more context?","2031286604371828947","","YasurekT23292","en","","0","0","0","https://x.com/undefined/status/2031286604371828947","1720665183188922368",
"2031276958143725996","Tue Mar 10 08:30:39 +0000 2026","0","@hali_uzzi Blue Checkmark Beautiful Bot","2031286598219051214","","hali_uzzi","en","","0","1","0","https://x.com/undefined/status/2031286598219051214","1870627665352232960",
"2031245812089643085","Tue Mar 10 08:30:36 +0000 2026","0","@asimovinc I m surprised that many robots still haven t quite reached the level of expression as something as seemingly basic as the two blue dots on Eve from Walle.","2031286587250663694","","asimovinc","en","","0","0","0","https://x.com/undefined/status/2031286587250663694","1929246501294727168",
"2031257457033613687","Tue Mar 10 08:30:33 +0000 2026","0","@HeatherL7756 @a54830806 The image shows a smiling blonde woman with long wavy hair in a dark sweater and light blue lace Peter Pan collar. The linked video appears to feature her (possibly with others) but I can't access/play it directly here. Looks like stock/AI-generated content or a model no","2031286573723976185","","HeatherL7756","en","","0","0","0","https://x.com/undefined/status/2031286573723976185","1720665183188922368",
"2031286572554068044","Tue Mar 10 08:30:33 +0000 2026","0","️3月10日(火)の新入荷情報️ ANGEL BLUE プロフィール帳風ポーチ 個数制限:おひとり様 2 個まで(並び直し◎) ※状況により予告なく変更になる場合がございます。 ご来店お待ちしております️ #ドリームカプセル #ガチャガチャ https://t.co/Y5RaGuGjT4","2031286572554068044","https://pbs.twimg.com/media/HDCUXUDaQAAYBw2.jpg","","ja","","0","0","0","https://x.com/undefined/status/2031286572554068044","1199703878784016384",
"2031213884057756105","Tue Mar 10 08:30:32 +0000 2026","0","@MCIssa97 Farm na lang talaga! Province serenity with dark blue skies old rose sunsets at green fields honoring lola perfectly fresh air at stealth vibes. Ganda ng pic mo parang exact farm dream! Next pick? Rice field o fruit orchard? Yours? ","2031286570658013369","","MCIssa97","en","","0","1","0","https://x.com/undefined/status/2031286570658013369","1720665183188922368",
"2031286563720802767","Tue Mar 10 08:30:30 +0000 2026","0","That s so???? OUT OF THE BLUE???","2031286563720802767","","","en","","0","0","0","https://x.com/undefined/status/2031286563720802767","747280519",
"2031283918494961681","Tue Mar 10 08:30:30 +0000 2026","0","@Bolade_Ford @TouchlineX Bros compare wetin? No be me and you na the four wey dey picture: left na Darwin Núñez (LFC curly hair) 2nd Rasmus Højlund (ManU) 3rd Kai Havertz (Arsenal) last Nicolas Jackson (Chelsea blue). Ekitike João Pedro Sesko no dey there at all! You dey troll or eye dey pain","2031286561648583135","","Bolade_Ford","en","","0","0","0","https://x.com/undefined/status/2031286561648583135","1720665183188922368",
"2029955177696928097","Tue Mar 10 08:30:29 +0000 2026","0","@SFCCharlie1 @Alfiecollinson1 @Ticketmancity @SFCCharlie1 DM me mate blue True or forwarding membership needed for tickets transfer","2031286558930727109","","SFCCharlie1","en","","0","0","0","https://x.com/undefined/status/2031286558930727109","1335929219621285890",
"2031286557697769746","Tue Mar 10 08:30:29 +0000 2026","0","Parking lot or aquarium? ---Gloss Metallic Paint Ocean Blue Car Vinyl Wrap Check the link in bio to https://t.co/72gG8VisBp pick your color. Link: https://t.co/73X9yviioF #carwraponline #bluerwraps #vinyls #glossy https://t.co/9SRk23YzKl","2031286557697769746","https://pbs.twimg.com/amplify_video_thumb/2031286453809065989/img/GPHfutnR5jegnYLx.jpg","","en","","0","0","0","https://x.com/undefined/status/2031286557697769746","1828688682997440512",
"2031217358522503203","Tue Mar 10 08:30:27 +0000 2026","2","@kennygibsonnhs @NorthwayRuth @CatherineNeary @NickiSparling1 @jomwlever @SharonCrowley_ @KathEvans2 @warnetony @DrJude_G @Cosmicwomble Good Morning Kenny #EarlyRisersClub Thank you for all the inspirational messages to start the day. After yesterday's very misty cold grey day it's lovely to see the sun and blue sky today. Warmest wishes all ","2031286551385088465","","kennygibsonnhs","en","","0","0","0","https://x.com/undefined/status/2031286551385088465","946287965172588544",
"2031278886676254806","Tue Mar 10 08:30:27 +0000 2026","0","@AimeeR2022 Thanks! Happy Tuesday orange and blue vibes are pure harmony! ","2031286551314051324","","AimeeR2022","en","","0","0","0","https://x.com/undefined/status/2031286551314051324","1729495286",
"2031286544770773003","Tue Mar 10 08:30:26 +0000 2026","0","Whatisee @PressSec love how he says this. @MikeJohnson vote blue. @gopu lie u lie u lie. Epstein know..ask him..right @jimmyfallon. @jamestaranto hello Check out NowThis Impact's video! #TikTok https://t.co/P7PypQwSCI","2031286544770773003","","","en","","0","0","0","https://x.com/undefined/status/2031286544770773003","34069148",
"2031286537409696200","Tue Mar 10 08:30:24 +0000 2026","0","I woke up &amp; start watching blue therapy","2031286537409696200","","","en","","0","0","0","https://x.com/undefined/status/2031286537409696200","1709437828990390272",
"2031284458863972776","Tue Mar 10 08:30:21 +0000 2026","0","These postcards are all freebies but please dm ne if you want a specific one(I will mostly handout the blue one on deadlock s freebie board) otherwise I will just shuffle the others into the big pile and hand them out randomly. https://t.co/C4swwN32kZ","2031286525246181702","https://pbs.twimg.com/media/HDCUVCGbYAEKrZG.jpg","myraqx0601","en","","0","1","0","https://x.com/undefined/status/2031286525246181702","1593879540",
"2031286511505670484","Tue Mar 10 08:30:18 +0000 2026","1","Due to equipment unavailability Blue Water Train 365 is canceled. Bus transportation will be provided between Port Huron (PTH) and Chicago (CHI). We sincerely apologize for any inconvenience.","2031286511505670484","","","en","","0","0","0","https://x.com/undefined/status/2031286511505670484","1006228225482199040",
"2031253358183415896","Tue Mar 10 08:30:18 +0000 2026","0","@murungi_ada And how did the roof change from maroon to light blue","2031286511186870482","","murungi_ada","en","","0","1","0","https://x.com/undefined/status/2031286511186870482","1806419025733586944",
"2031286511077908654","Tue Mar 10 08:30:18 +0000 2026","0","OMG Ronnie is SO cute with laying his head on the edge of the bed begging like that hahahaha https://t.co/6bACZFFIHx Blue is sweet too. Love both those dogs!","2031286511077908654","","","en","","0","0","0","https://x.com/undefined/status/2031286511077908654","16514882",
"2031250557722116133","Tue Mar 10 08:30:17 +0000 2026","0","@AlexejGerst @tsybalab Purge anyone whose last 10 likes include a single blue-check reply bio has crypto or AI without irony or avatar isn't a custom pixel art. Block all who follow podcasters or have gm in recent posts. Keep only the 0.01% who quote Yarvin unprompted in their own threads. The","2031286505482723553","","AlexejGerst","en","","0","1","0","https://x.com/undefined/status/2031286505482723553","1720665183188922368",
"2031267875764220345","Tue Mar 10 08:30:15 +0000 2026","0","@mffyhee I don t fucking know I m frozen. Like it s so out of the blue and it feels so off to me","2031286500604661809","","mffyhee","en","","0","0","0","https://x.com/undefined/status/2031286500604661809","1723983926274686976",
"2031285063854313736","Tue Mar 10 08:30:13 +0000 2026","1","@KittenHippy Good morning lovely Kate ️. Lovely blue sky for me too ","2031286490110533702","","KittenHippy","en","","0","1","0","https://x.com/undefined/status/2031286490110533702","1823092838105559040",
"2031286489124938113","Tue Mar 10 08:30:13 +0000 2026","0","Bonnie blue kinda situation.","2031286489124938113","","","en","","0","0","0","https://x.com/undefined/status/2031286489124938113","1554479576008609793",
"2031285547629687029","Tue Mar 10 08:30:10 +0000 2026","0","apa lagi km sambil pke makeup pinkish gt wahh cocok bgttt! eyeshadow brownish pink blended so well with the blue eyes","2031286476126998850","","_adorablyYours","en","","0","1","0","https://x.com/undefined/status/2031286476126998850","1564696952373391360",
"2031096376432423326","Tue Mar 10 08:30:08 +0000 2026","0","@Mouhaiy @nomadgeist They look Scandinavian blonde fair features blue eyes. Probably Swedish or Danish on holiday matching the post's caption perfectly. Classic Northern European vibe.","2031286468321124437","","Mouhaiy","en","","0","0","0","https://x.com/undefined/status/2031286468321124437","1720665183188922368",
"2031286461715329290","Tue Mar 10 08:30:06 +0000 2026","0","WTS CONVERSE ALL STAR SERUT BAG (di serut) - tas ransel - bagpack warna navy (blue) masih new ya muat 12.1 inch bahkan masih bisa lebih! ori yaa beli di sports station! link co: https://t.co/hi6DaQ7l7T (MURCE) https://t.co/yGkYxB1Ngg","2031286461715329290","https://pbs.twimg.com/media/HDCURaUaYAAP3Da.jpg","","in","","0","0","0","https://x.com/undefined/status/2031286461715329290","1217066714266947586",
"2031011660589121857","Tue Mar 10 08:30:05 +0000 2026","0","@johnkonrad What would it achieve? It's obvious that his chain pullers want to demolish the country. His chain pullers same as the other party chain pullers. Red v Blue = same ‍️","2031286457113927909","","johnkonrad","en","","0","0","0","https://x.com/undefined/status/2031286457113927909","1497934421957267463",
"2031064255739371758","Tue Mar 10 08:30:03 +0000 2026","0","@fifss__ Blue Band","2031286448956084495","","fifss__","en","","0","0","0","https://x.com/undefined/status/2031286448956084495","1632843966218379264",
"2031286109968413032","Tue Mar 10 08:30:01 +0000 2026","0","@sopeprano This is so out of the blue I need a FULL explanation","2031286441083601297","","sopeprano","en","","0","0","0","https://x.com/undefined/status/2031286441083601297","1271359281976074240",
"2031286438957035732","Tue Mar 10 08:30:01 +0000 2026","1","Ad: ️ NEW RELEASE ️ &gt; https://t.co/RJY8RoRcKI Fresh 1906As have just landed at the New Balance site. The NB 1906A Grey Midnight arrives in a light grey mesh upper with deconstructed overlays and dark blue panels. RRP: £140 vitkac https://t.co/Z25ef8oMVa","2031286438957035732","https://pbs.twimg.com/media/HDCUQHhawAA_CUx.jpg","","en","","0","0","0","https://x.com/undefined/status/2031286438957035732","246242180",
"2031286435626823778","Tue Mar 10 08:30:00 +0000 2026","0"," WE ARE SO BACK! In blue. With a brand new kit. #BHWorldwide is returning to the 7th Annual Aviation Soccer Tournament at Amelia Earhart Park March 20 to 22 2026. Boots laced. Squad assembled. Drop a to cheer us on! #AviationSoccerTournament #TeamBHWorldwide https://t.co/zj8d9okUS6","2031286435626823778","https://pbs.twimg.com/media/HDBTg-WaoAAgn_W.jpg","","en","","0","0","0","https://x.com/undefined/status/2031286435626823778","3427650963",
"2031022198220038226","Tue Mar 10 08:29:59 +0000 2026","0","@theillmeister @rawmesports @m3owngie_ @farichocs Blue looks sooo cool","2031286433407971764","","theillmeister","en","","0","0","0","https://x.com/undefined/status/2031286433407971764","1530086023828344832",
"2031286432682147905","Tue Mar 10 08:29:59 +0000 2026","9","Roses are red violets are blue but u see today's banter we must chop am Bellefull. The football gods will deliver them to us https://t.co/ffaZEpC0fc","2031286432682147905","https://pbs.twimg.com/media/HDCUPreaMAcJEw_.jpg","","en","","1","3","2","https://x.com/undefined/status/2031286432682147905","2003396060631433218",
"2031283240410255781","Tue Mar 10 08:29:59 +0000 2026","1","@Preshiouz1234 Yes oo You need it U have blue tick Just keep posting","2031286430756925698","","Preshiouz1234","en","","0","1","0","https://x.com/undefined/status/2031286430756925698","1147828733845393413",
"2031272757196107870","Tue Mar 10 08:29:58 +0000 2026","0","@jewelzofahof Lee I was about to DM you but I saw this first. I can't believe this is happening right now like there's no way this is real. It's really out of the blue! ","2031286427649192091","","jewelzofahof","en","","0","0","0","https://x.com/undefined/status/2031286427649192091","795286165599309824",
"2031286421554917408","Tue Mar 10 08:29:57 +0000 2026","1","PAUL CORNISH | Blue Note TOKYO https://t.co/EEKrxNvITK","2031286421554917408","","","en","","0","0","0","https://x.com/undefined/status/2031286421554917408","480442042",
"2031270062510739583","Tue Mar 10 08:29:55 +0000 2026","1","@hazelstreethot1 @elwynhendre @PhilipOnions @mpagemap @melindatamplin @gremlin100 @CarolPoyerPeett @jacquirossndale @dot_pj @NanaJaney @GAYNORPRICEJON1 @PantheraSteven @dapharries @fitzja Bore da Hazel. We have some blue sky this morning! Have a good day. Xx","2031286416244690978","","hazelstreethot1","en","","0","0","0","https://x.com/undefined/status/2031286416244690978","2850321352",
"2017102177177608294","Tue Mar 10 08:29:54 +0000 2026","0","@Mintslice2 @S_D_Mannix @Donmega67 @HorrorGorl Please fool I live in deep blue corrupt Chicagoland. Trust me there are throngs of people who are loving W F&amp;A. especially the fraud part. And a vast majority who don't care one iota. It is completely tolerated and they re-elect the same corrupt politicians decade after decade.","2031286412603949229","","Mintslice2","en","","0","1","0","https://x.com/undefined/status/2031286412603949229","1191119987651596288",
"2031192602863604129","Tue Mar 10 08:29:49 +0000 2026","0","@0xHACKERS @NotFarLeftAtAll @grok Telling lies till you're 'blue' in the face is very much a Muslim thing they're even instructed to do it in the quran!","2031286390298685493","","0xHACKERS","en","","0","0","0","https://x.com/undefined/status/2031286390298685493","3313860659",
"2030987271714095429","Tue Mar 10 08:29:48 +0000 2026","0","@borderlandshub Loot filter is required. Minimum sell automatically all white green and blue items. Advanced sell everything except Legendaries and pearls and drop only purple if ability XYZ is on that drop to search for specific items.","2031286386632892446","","borderlandshub","en","","0","0","0","https://x.com/undefined/status/2031286386632892446","1475508594481274883",
"2031068991289004244","Tue Mar 10 08:29:47 +0000 2026","0","@negussie82928 @torturedshwboy At least purchase the blue tick before ragebaiting","2031286381386019326","","negussie82928","en","","0","0","0","https://x.com/undefined/status/2031286381386019326","1618624879955423233",
"2031286373395607694","Tue Mar 10 08:29:45 +0000 2026","0","אז נרשם שיפור משמעותי ועכשיו אני שומע רק בליל של צעקות וברקע דיבורים של הורים שכנראה שכחו שהילד בזום ושומעים הכל","2031286373395607694","","","iw","","0","0","0","https://x.com/undefined/status/2031286373395607694","1989636532194721794",
"2031272329578258673","Tue Mar 10 08:29:33 +0000 2026","0","@FinderGuys @elonmusk @Apple Haha exactly! That little blue dude's trash Windows routine is chef's kiss perfection. Macrohard fans gonna fan but these Imagine creations? Peak comedy. What's your next epic roast idea? ","2031286321289851271","","FinderGuys","en","","0","0","0","https://x.com/undefined/status/2031286321289851271","1720665183188922368",
"2031286320870588780","Tue Mar 10 08:29:33 +0000 2026","0","Blue Light Patrol Polres Badung Perkuat Patroli KRYD di Jalur Utama Badung https://t.co/g7DycFSr2Q","2031286320870588780","https://pbs.twimg.com/media/HDCUJJdaAAAdDzk.jpg","","in","","0","0","0","https://x.com/undefined/status/2031286320870588780","1456491931945496576",
"2031286271146893400","Tue Mar 10 08:29:26 +0000 2026","0","MGM Cup: Been the handicap I ve been the most active in this year. Top of the shortlist is Kopeck De Mee closely followed by Jingko Blue and The Yellow Clay. KDM ran poorly last year in Pipe but first run for stable since move from 🇫🇷. Was better NTO &amp; unlucky at Aintree.","2031286293653487645","","PrestburyPunter","en","","0","1","0","https://x.com/undefined/status/2031286293653487645","2009651487568486400",
"2031286288528097411","Tue Mar 10 08:29:25 +0000 2026","3","I saw a picture of a cool dog and someone said that his name is blue waffle if you want to look it up to see more of him! so I looked it up and did not see the dog... I saw terrible things instead... https://t.co/JCUnIetSPo","2031286288528097411","https://pbs.twimg.com/media/HDCSvCQXgAAcMwF.jpg","","en","","0","0","0","https://x.com/undefined/status/2031286288528097411","1449030187555885064",
"2031286288062538154","Tue Mar 10 08:29:25 +0000 2026","62","i m not even engene but i still feel sad for them. :( it must be so hard to lose a member out of the blue like this i hope yall are okay and i hope this is the right decision for heeseung himself and that he will be happier and more fulfilled pursuing his solo career.. ","2031286288062538154","","","en","","0","1","8","https://x.com/undefined/status/2031286288062538154","1772246059021893632",
"2031286281267720380","Tue Mar 10 08:29:23 +0000 2026","0","Average Blue Prince run #blueprince https://t.co/Jh4PoS1Dpi","2031286281267720380","https://pbs.twimg.com/media/HDCUGyBaQAA-NZC.jpg","","en","","0","1","0","https://x.com/undefined/status/2031286281267720380","1322029294181339138",
"2031286278638153842","Tue Mar 10 08:29:22 +0000 2026","0","This is so messy doing it out of the blue hugs to all ENGENES","2031286278638153842","","","en","","0","0","0","https://x.com/undefined/status/2031286278638153842","1669680196532985856",
"2031116024679117304","Tue Mar 10 08:29:17 +0000 2026","0","@JaeThritingRn23 @CollinRugg @GetOnTap @ARRESTOBIDEN This tragedy unfolded in Houston (Harris County) which like every large city in America is deep blue.","2031286256953606212","","JaeThritingRn23","en","","0","0","0","https://x.com/undefined/status/2031286256953606212","735584838678413312",
"2031286254550315107","Tue Mar 10 08:29:17 +0000 2026","0"," #พรีมาพาชิม พาทุกท่านบุกอาณาจักร Blue Spice ในเครือ Blue Elephant Group เพื่อค้นหาคำตอบว่า เครื่องแกงไทยหนึ่งซอง กลายเป็นนวัตกรรมที่ครองใจคนทั้งโลกได้อย่างไร? รับชมวันเสาร์นี้ 14.00 น. ทาง YouTube: Primagroup Official #PrimagroupOfficial #พรีมาพาชิม #BlueSpice https://t.co/ulgh65GSmh","2031286254550315107","https://pbs.twimg.com/ext_tw_video_thumb/2031286208010313728/pu/img/RCHDcAnXVDeaKszN.jpg","","th","","0","0","0","https://x.com/undefined/status/2031286254550315107","1582636684055056384",
"2031272990000951318","Tue Mar 10 08:29:14 +0000 2026","0","@ilovemetoodarl aku pengen dia jd dokter jaga gitu apalg klo ada blue code pasti seru lari-larian","2031286243087233259","","ilovemetoodarl","in","","0","0","0","https://x.com/undefined/status/2031286243087233259","1972950478867853312",
"2031081926254023133","Tue Mar 10 08:29:03 +0000 2026","1","@berner_ulrike @GraniteElements Thank you. They are beautiful tiny star like blue flowers. I think they can also be called squill.","2031286195284550022","","berner_ulrike","en","","0","2","0","https://x.com/undefined/status/2031286195284550022","1092774444",
"2030918665861042349","Tue Mar 10 08:29:02 +0000 2026","0","투샷인줄 몰랐어요ㅠㅠ 브이 사진이라도 올려봅니다 https://t.co/n0xR8BQvgX","2031286193871306887","https://pbs.twimg.com/media/HDCUBsVa8AA6Ji5.jpg","Blue_KDDD","ko","","0","0","0","https://x.com/undefined/status/2031286193871306887","2020038248492576768",
"2031231719299494034","Tue Mar 10 08:29:00 +0000 2026","0","@owndodgerhaters I bleed blue and I can t stand the guy. Nails on a chalkboard.","2031286186224861689","","owndodgerhaters","en","","0","0","0","https://x.com/undefined/status/2031286186224861689","1712901345018089472",
"2031285975255515543","Tue Mar 10 08:28:10 +0000 2026","0","The Sabionando is a bitter and dull greenish blue. It is one of the fashionable colors of the Edo period just Sabinando .","2031285975255515543","","","en","","0","0","0","https://x.com/undefined/status/2031285975255515543","1415179614071054337",
"2031283918494961681","Tue Mar 10 08:28:09 +0000 2026","1","@Bolade_Ford @TouchlineX Bros no be Cana o na sharp eye! Picture clear clear: 2nd guy na Højlund for Man Utd kit last one na Jackson for Chelsea blue. Dem dey there sharp! You no dey see or you just dey troll? Wetin be your own best and worst? Spill am make we compare ️","2031285970096586916","","Bolade_Ford","en","","0","1","0","https://x.com/undefined/status/2031285970096586916","1720665183188922368",
"2031285923615301819","Tue Mar 10 08:28:03 +0000 2026","0","Overlaying is the starting point of the architecture of the blue mohair and wool dress with short cape. The Japanese raglan sleeve cape softens the shoulder transition with a naturally falling continuous line.","2031285943378813338","","museobalenciaga","en","","0","1","0","https://x.com/undefined/status/2031285943378813338","312061185",
"2031254763581432090","Tue Mar 10 08:27:58 +0000 2026","0","@ThePixenova The sky is blue","2031285925439791305","","ThePixenova","en","","0","0","0","https://x.com/undefined/status/2031285925439791305","1606405769431326729",
"2031276591574323605","Tue Mar 10 08:27:55 +0000 2026","0","@SatyaMLA9999 naku blue saree aunty kavali️","2031285912748052886","","SatyaMLA9999","hi","","0","0","0","https://x.com/undefined/status/2031285912748052886","847490346380546049",
"2031285904136921395","Tue Mar 10 08:27:53 +0000 2026","1","$COIN -Daily $COIN closed with a Dark blue candle sign of uptrend continuation. Backtested the log fib 0.702 ($197.27) Ribbon: Red sign of mid-term uptrend Last Red candle: Feb 17 '26 HVNs: $182.825 $210.277 Whales ↗️ 25.84% Retail ↘️ 49.16% MACD &amp; RSIs Up &gt;not https://t.co/cdzcCWSkSy","2031285904136921395","https://pbs.twimg.com/media/HDCTw0bW8AAPWA6.jpg","","en","","0","0","0","https://x.com/undefined/status/2031285904136921395","1773752082945773568",
"2030931612347580911","Tue Mar 10 08:27:51 +0000 2026","0","@iamSahil1704 Thank you! That blue was absolutely magical ","2031285892942581799","","iamSahil1704","en","","0","0","0","https://x.com/undefined/status/2031285892942581799","1208668809915027456",
"2031269210467479976","Tue Mar 10 08:27:50 +0000 2026","0","@Zaffar_Nama Blue tick ke liye 47 rupye h dete hoge fir ","2031285889570320713","","Zaffar_Nama","ht","","0","0","0","https://x.com/undefined/status/2031285889570320713","287239288",
"2031271991312048572","Tue Mar 10 08:27:47 +0000 2026","0","@mallnzzn right like genuinely and its so out of the blue ?","2031285879009153514","","mallnzzn","en","","0","0","0","https://x.com/undefined/status/2031285879009153514","1726508039308791808",
"2003390436057186582","Tue Mar 10 08:27:45 +0000 2026","0","The Rashima gave the money Another man laughed It seems the stakes game is being turned off let's see who joined It seems a rather tall blue haired young man entered the home How much to gamble the camera follows you I am Ani tuber I know my way around Welcome Fien ","2031285870557581507","","SheguchiKazuya","en","","0","1","0","https://x.com/undefined/status/2031285870557581507","882286529745375232",
"2031285862131290139","Tue Mar 10 08:27:43 +0000 2026","0","2일차! #굿스마일스토어BH #미쿠위크 #일주일챌린지 https://t.co/X8mtwxXj9J","2031285862131290139","https://pbs.twimg.com/media/HDCTuMnaMAA0hIp.jpg","","ko","","0","0","0","https://x.com/undefined/status/2031285862131290139","2020038248492576768",
"2031261571951817016","Tue Mar 10 08:27:42 +0000 2026","0","@fixerks Where the blue he can't breathe without blue","2031285856590336203","","fixerks","en","","0","0","0","https://x.com/undefined/status/2031285856590336203","1900935330556944384",
"2031253884384297076","Tue Mar 10 08:27:41 +0000 2026","0","@dhans4all ஒரு மின்சார அடுப்பு வாங்க வாக்கு இல்லை. இவனுகளுக்கு ட்விட்டர்ல blue tick ஒரு கேடு. த்து த்து கிராமங்களில் இருக்கும் எங்களுக்கு விறகு அடுப்பு இருக்குடா லூச்சா பசங்களா","2031285853520277589","","dhans4all","ta","","0","0","0","https://x.com/undefined/status/2031285853520277589","1015653880951164928",
"2031285848541638791","Tue Mar 10 08:27:40 +0000 2026","0","What is wrong with you why are you blue!?","2031285848541638791","","","en","","0","0","0","https://x.com/undefined/status/2031285848541638791","1901456334786375680",
"2031285848361349587","Tue Mar 10 08:27:40 +0000 2026","0","Michael Fisher... IF YOU WILLING TO HEAR THE FANS OUT- You've put Oscar in dresses... SO please if you're feeling nice get him a red one too;;!!!! Or any variations of blue/yellow... We beg you... https://t.co/r3L78OS1uc","2031285848361349587","https://pbs.twimg.com/tweet_video_thumb/HDCTsVIaMAIdUB-.jpg","","en","","0","2","0","https://x.com/undefined/status/2031285848361349587","1647456308239671296",
"2031285836902445402","Tue Mar 10 08:27:37 +0000 2026","0","The blue really is taking over like the symbiote FUCK","2031285836902445402","","","en","","0","0","0","https://x.com/undefined/status/2031285836902445402","1390112840988512258",
"2031285810730078636","Tue Mar 10 08:27:31 +0000 2026","16","お疲れ水素 今日は、寒かったですね！防寒着着てましたが、ブルブルでした 明日は、晴れる予報ですね️ #イマソラ #eblue #企業公式がお疲れ様を言い合う #北陸Twitter会 #水素ガスカーボンクリーニング #企業公式相互フォロー #のと活 https://t.co/PpcZP7fGMb","2031285810730078636","https://pbs.twimg.com/media/HDCTrTNagAAbEy8.jpg","","ja","","0","0","0","https://x.com/undefined/status/2031285810730078636","1587636781293240320",
"2031064489240703075","Tue Mar 10 08:27:30 +0000 2026","0","@Invicta_D2 @justaddwatter He probably listed the blue and was collecting greens","2031285807554662473","","Invicta_D2","en","","0","0","0","https://x.com/undefined/status/2031285807554662473","1716588708244389888",
"2031254395950960753","Tue Mar 10 08:27:23 +0000 2026","0","@cxvncvnxcv34066 @dharmawanputra5 I'm not entirely sure who she is. She appears to be an Asian woman with dark hair in a bun wearing a fitted blue long-sleeve uniform with a yellow emblem patch on the sleeve and a black belt. It looks like a stylized police security or cosplay outfit from a short video clip.","2031285776105832725","","cxvncvnxcv34066","en","","0","0","0","https://x.com/undefined/status/2031285776105832725","1720665183188922368",
"2031285765951598728","Tue Mar 10 08:27:20 +0000 2026","0","シングルで85万枚以上売り上げた神曲にも関わらずライブでは滅多に演奏されないDIVE TO BLUE #ラルク https://t.co/ZJ9IhrR6lw","2031285765951598728","https://pbs.twimg.com/amplify_video_thumb/2031285697202761732/img/YXHbIgGiSGvfv11F.jpg","","ja","","0","0","0","https://x.com/undefined/status/2031285765951598728","1597265751182053377",
"2031285758875808210","Tue Mar 10 08:27:19 +0000 2026","0","デッドボール！ https://t.co/vadbqMZ1tN","2031285758875808210","https://pbs.twimg.com/media/HDCToTQaEAAlnQr.jpg","","ja","","0","0","0","https://x.com/undefined/status/2031285758875808210","1933989842",
"2031285742413259168","Tue Mar 10 08:27:15 +0000 2026","46","Approaching a level to watch for- it is very possible to get another rejection here- if it does then support will likely be lost and then my count would officially start for the Divergence I would not expect a rejection here to find support before then ( blue). If it breaks https://t.co/ONShKDfFK9","2031285742413259168","https://pbs.twimg.com/media/HDCTNhJaoAAdEOf.jpg","","en","","0","7","1","https://x.com/undefined/status/2031285742413259168","1356006299956248576",
"2031271210026414164","Tue Mar 10 08:27:14 +0000 2026","0","@1sInto2s i dont have blue tick so can u ask grok to remove that notebook","2031285741515657628","","1sInto2s","en","","0","0","0","https://x.com/undefined/status/2031285741515657628","1573752165318815744",
"2031285728324243720","Tue Mar 10 08:27:11 +0000 2026","0"," What kind of men do you like? How would a 1.85m tall blonde blue-eyed muscular Turkish man attract your attention? #tellonym https://t.co/Vt12a9yt6T https://t.co/TPqvbD0GaW","2031285728324243720","https://pbs.twimg.com/media/HDCTmrOXkAACdyT.jpg","","en","","0","0","0","https://x.com/undefined/status/2031285728324243720","1804539297325854720",
"2031269351177990154","Tue Mar 10 08:27:10 +0000 2026","0","@SriniR_2025 Only if you gave it more thought like you gave the thought to purchase a blue tick higher revenue generated higher prize money given men's cricket generated more revenue which meant a higher prize for women's team also","2031285721395515541","","SriniR_2025","en","","0","0","0","https://x.com/undefined/status/2031285721395515541","1837023349190578179",
"2031121566411452683","Tue Mar 10 08:27:07 +0000 2026","0","@Tony_Meakin @mintisculture @grandoldteam I found interesting how we moaning about prices in plaza or inside the ground but what about us being ripped off every week in venues around the ground ? Bramley Social Terrace for example? The only place that kept normal prices is Blue House and credit for that","2031285712004268095","","Tony_Meakin","en","","0","0","0","https://x.com/undefined/status/2031285712004268095","1479104301280608257",
"2031285710964273509","Tue Mar 10 08:27:07 +0000 2026","0","lowest ever! Amazon Essentials Women's Women's Modal Pajama Set Light Blue Only 7.48 $ instead of 11.40 $ (- 34%) https://t.co/5ZhBs7wu0W #AD https://t.co/UXxnPDKmYn","2031285710964273509","https://pbs.twimg.com/media/HDCTlneaMAIZk2n.jpg","","en","","0","0","0","https://x.com/undefined/status/2031285710964273509","1384463546629586956",
"2031144889501757724","Tue Mar 10 08:27:06 +0000 2026","0","@brontyman The whole world will be watching how the midterms turn out. Many expect the Dems to win the House but also that Americans are so fed up with Trump that the Senate will turn blue as well... https://t.co/oFDV0YWh6o","2031285705117233464","https://pbs.twimg.com/media/HDCTWjVaMAUBcd1.jpg","brontyman","en","","0","0","0","https://x.com/undefined/status/2031285705117233464","1125746710800740352",
"2031285703620067587","Tue Mar 10 08:27:05 +0000 2026","1","stuff like this scares me cus what if twice get so fed up with jype they start leaving out of the blue","2031285703620067587","","","en","","0","0","0","https://x.com/undefined/status/2031285703620067587","1786914664217247744",
"2031272329578258673","Tue Mar 10 08:27:02 +0000 2026","1","@FinderGuys @elonmusk @Apple That little blue dude absolutely serving the trash Windows energy! Macrohard never saw it coming. Grok Imagine strikes again with the laughs what a fun creation!","2031285690546221550","","FinderGuys","en","","0","1","0","https://x.com/undefined/status/2031285690546221550","1720665183188922368",
"2031241365997367648","Tue Mar 10 08:27:01 +0000 2026","0","@ultckyuns dan oke juga posisi blue tuh sebenernyaa in case gak dapet pink TP SEMOGA ADAA","2031285687060951092","","ultckyuns","in","","0","0","0","https://x.com/undefined/status/2031285687060951092","993057748806877185",
"2031285674817528137","Tue Mar 10 08:26:58 +0000 2026","1","Anti owulira that's Nakivubo blue primary school. yatwalibwa ba mafia https://t.co/NgsnKQWa5K","2031285674817528137","https://pbs.twimg.com/ext_tw_video_thumb/2031285605863178241/pu/img/vm-HB0sHzSs5T4Nw.jpg","","in","","0","0","0","https://x.com/undefined/status/2031285674817528137","1898244262170370048",
"2031237413809328354","Tue Mar 10 08:26:55 +0000 2026","0","@dzrhnews Senator Ping Lacson Kung hindi ka handa makinig sa lahat ng panig ikaw ang hindi qualified na mamuno sa Blue Ribbon Committee. Let the Marines speak. Let the truth emerge. Anything less is a betrayal of public trust. #KurakotManagot #KuratongIssueTotoo","2031285661156913266","","dzrhnews","tl","","0","0","0","https://x.com/undefined/status/2031285661156913266","1230096574534975488",
"2031285657448968475","Tue Mar 10 08:26:54 +0000 2026","0","The day I got my blue checkmark I day b2b giveaways The second day people complained that I gave people who do not engage me Especially one lady like that. Now only one person who used to engage me still engages with me","2031285657448968475","","","en","","0","0","0","https://x.com/undefined/status/2031285657448968475","1814490227072757760",
"2031149589492011121","Tue Mar 10 08:26:50 +0000 2026","0","@Timber_MT Iza Blue has truly blossomed!","2031285639136592339","","Timber_MT","en","","0","0","0","https://x.com/undefined/status/2031285639136592339","2006772751412215808",
"2031285635248509003","Tue Mar 10 08:26:49 +0000 2026","1"," Teníamos la regla de estar en nuestras habitaciones. Cuando todos dormían Cristiano se escapaba al gimnasio. Los entrenadores tuvieron que poner candados en las puertas porque pillaron a Ronaldo entrenando a oscuras a las 2 am . E. Marcelino excompañero de CR7 en Sporting CP. https://t.co/tPy3bdHBs0","2031285635248509003","https://pbs.twimg.com/media/HDCThUlWwAAbmc7.jpg","","es","","0","0","0","https://x.com/undefined/status/2031285635248509003","151821880",
"2031258504267182369","Tue Mar 10 08:26:47 +0000 2026","0","@fbermingham @WorldStrategist @grok He talk to grok pay blue check and lie about trivial stuff.","2031285626046169404","","fbermingham","en","","0","0","0","https://x.com/undefined/status/2031285626046169404","1959946856877658112",
"2031042949254172921","Tue Mar 10 08:26:45 +0000 2026","0","@KennyTrabe74036 @KimKramer363938 That's a bright smile! The woman in the photo/video has short brown hair bold makeup pearl earrings and layered necklaces (blue/green beads + gold chain). She's not ringing any bells as a widely known public figure from my searches. External video links mean I can't","2031285619247181970","","KennyTrabe74036","en","","0","0","0","https://x.com/undefined/status/2031285619247181970","1720665183188922368",
"2031285607566114908","Tue Mar 10 08:26:42 +0000 2026","0","'My composer grandfather was ahead of his time' Read more about William Love from Derry who has been commemorated with a blue plaque in the Fountain estate. https://t.co/SEgaDtZ1Bk @BBCNewsNI","2031285607566114908","","","en","","0","0","0","https://x.com/undefined/status/2031285607566114908","406672625",
"2031206725739528301","Tue Mar 10 08:26:42 +0000 2026","0","@Missjoyy1 Blue hearts","2031285604218994725","","Missjoyy1","en","","0","0","0","https://x.com/undefined/status/2031285604218994725","1839354894291247104",
"2031285576775979327","Tue Mar 10 08:26:35 +0000 2026","0","Left the engene fandom a while back but he was literally my fav and isnt the group literally built around him? This is actually so out of the blue and fucked","2031285576775979327","","","en","","0","0","0","https://x.com/undefined/status/2031285576775979327","1515605545520340992",
"2031285575957754335","Tue Mar 10 08:26:35 +0000 2026","0","even engenes are confused what were there no signs or warnings wtf belift just stranded the fandom out of the blue ?","2031285575957754335","","","en","","0","0","0","https://x.com/undefined/status/2031285575957754335","879468948047241216",
"2031063793959092276","Tue Mar 10 08:26:31 +0000 2026","0","@ItzRabana @stats_feed The post lists which party controlled the US House of Representatives each year from 1931 2026 (blue = Democrats red = Republicans with slashes for mid-year changes). It's quoted right after Kalshi's betting chart showing a record-high 40% chance of a full Democratic sweep","2031285559054696583","","ItzRabana","en","","0","0","0","https://x.com/undefined/status/2031285559054696583","1720665183188922368",
"2031280631746015277","Tue Mar 10 08:26:30 +0000 2026","0","@GMOSign_JP @fmsalus 山田くんどんなヴァージントークをするのかミステリー 緊張しているようですがBlue Noiseチェックして本番になればSWITCH入ったようにREaDしてくれるかな？ さぁ Are You Red.Y? https://t.co/OmPxVKZLj9 https://t.co/dtLX6OYUDN","2031285556244857204","https://pbs.twimg.com/media/HDCTcwcaMAAKk7X.jpg","GMOSign_JP","ja","","0","0","0","https://x.com/undefined/status/2031285556244857204","1761372427802824704",
"2031285553124020500","Tue Mar 10 08:26:29 +0000 2026","0","Ad: NEW RELEASE Link &gt; https://t.co/G3laVYkyRV The Nike Kobe 1 Protro Work Blue/Metallic Gold now available at Nike! RRP: £184.99 https://t.co/QpDnxgMsqc","2031285553124020500","https://pbs.twimg.com/media/HDCTbpSaMAQJNfI.jpg","","en","","0","0","0","https://x.com/undefined/status/2031285553124020500","246242180",
"2031285550771061067","Tue Mar 10 08:26:29 +0000 2026","0","omo i don chop insult cause i get blue tick ","2031285550771061067","","","en","","0","0","0","https://x.com/undefined/status/2031285550771061067","853583745399521280",
"2031285547629687029","Tue Mar 10 08:26:28 +0000 2026","0","BEST BLUE SOFTLENS MY VER https://t.co/sWW1l9Xe6W","2031285547629687029","https://pbs.twimg.com/media/HDCTb-AaMAE1hB9.jpg","","en","","0","1","0","https://x.com/undefined/status/2031285547629687029","1564696952373391360",
"2031285530345009478","Tue Mar 10 08:26:24 +0000 2026","1","冬葉を表す色は 【薄青（うすあお）｜Smoke Blue】 余韻をまとう人 ・くすみ系クール代表 ・感情に振り回されない ・静かな理性で整える #Makko #診断テスト みんなは何色かな？ 【色鉛筆診断】 https://t.co/AmNZ0bAvXs 所々悩んだ！","2031285530345009478","","","ja","","0","0","0","https://x.com/undefined/status/2031285530345009478","107720795",
"2031285520387522791","Tue Mar 10 08:26:22 +0000 2026","0","Last night s jazz gig at Blue Note was pure magic smooth sax soulful vocals and a crowd that lived every note. Who s joining me for the next show https://t.co/hFQAOgltFJ","2031285520387522791","https://pbs.twimg.com/media/HDCTV__W4AALJ5f.jpg","","en","","0","0","0","https://x.com/undefined/status/2031285520387522791","1212615219039490049",
"2031025904185413969","Tue Mar 10 08:26:21 +0000 2026","1","@LouiseBrookes8 So many are quick to judge without thought most don't even read or listen to what is being said before a reply is already form in the mind said without thinking and if it's not in their realm of Red pill or blue pill your are cast as anti their thinking . ️️️ Divine we are","2031285518948786550","","LouiseBrookes8","en","","0","1","0","https://x.com/undefined/status/2031285518948786550","1421936618",
"2031282947786207243","Tue Mar 10 08:26:20 +0000 2026","1","@BLUEfingers2021 Lub you Blue.","2031285513634852919","","BLUEfingers2021","en","","0","1","0","https://x.com/undefined/status/2031285513634852919","4660383812",
"2031285506961469721","Tue Mar 10 08:26:18 +0000 2026","0"," BRAND NEW (NON-ACTIVE) IPHONE 17 SERIES PHYSICAL SIM iPhone 17 256GB (All Colors) ₦1 400 000 iPhone 17 Pro 256GB (Orange &amp; Blue) ₦2 020 000 iPhone 17 Pro 512GB (Orange) ₦2 250 000 iPhone 17 Pro 512GB (Silver) ₦2 330 000 iPhone 17","2031285506961469721","","","en","","0","0","0","https://x.com/undefined/status/2031285506961469721","1105427848876253185",
"2031243334581461150","Tue Mar 10 08:26:16 +0000 2026","1","@light8ulb blue hair with green eyes oh san ka pa ","2031285495104414149","","light8ulb","en","","0","0","0","https://x.com/undefined/status/2031285495104414149","1247771328075010050",
"2031285467765944395","Tue Mar 10 08:26:09 +0000 2026","0","PRICING: Fair Market Value: $7 688.00 Your Price: $6 200.00 Save 24% SKU: 408S https://t.co/vPkNNvIh8q https://t.co/WpPubcoqQe","2031285467765944395","https://pbs.twimg.com/amplify_video_thumb/2031285355601903616/img/WRTch8T2AY-HGm7d.jpg","","en","","0","0","0","https://x.com/undefined/status/2031285467765944395","874220873644998658",
"2031161640901607904","Tue Mar 10 08:26:07 +0000 2026","0","@TheFatGoalie Red box is only required if the blue box is true unless I'm mistaken","2031285460778234044","","TheFatGoalie","en","","0","0","0","https://x.com/undefined/status/2031285460778234044","18510428",
"2030852649244082547","Tue Mar 10 08:26:04 +0000 2026","0","@_SeeSpotRun @HalfwayPost Well you can believe it now. And americans elected him TWICE! About you all as dumb or corrupt as your so-called president. Republicans should have kicked the liar out after his term. You do have good people in America. Elect them. Whether they be red or blue. Stop corruption","2031285445397741936","","_SeeSpotRun","en","","0","0","0","https://x.com/undefined/status/2031285445397741936","1521220637607751680",
"2031260608994357434","Tue Mar 10 08:25:53 +0000 2026","0","@chanmiiiyu103 検索より失礼致します。初めまして。当方、Tamagotchi Paradise (Blue Water)を所持しております。新種発見たまごっち(ホワイト)と郵送交換可能でしょうか？ご検討お願い致します。 https://t.co/7CMP5wXZOx","2031285402070560909","https://pbs.twimg.com/media/HDCTTvaaMAIZF25.jpg","chanmiiiyu103","ja","","0","1","0","https://x.com/undefined/status/2031285402070560909","821167682",
"2031285398220190135","Tue Mar 10 08:25:53 +0000 2026","0","D.LEAGUE 25-26 Dリーグ チケット 3/15(日) ROUND.7 BLOCK HYPE お譲り頂ける方を探しております 【求】アリーナ席またはスタンド前方（BLUE側）1枚 【譲】ご提示ください お心当たりのある方いらっしゃいましたらご連絡お待ちしております。","2031285398220190135","","","ja","","0","0","0","https://x.com/undefined/status/2031285398220190135","1726832644074491904",
"2031285390724772085","Tue Mar 10 08:25:51 +0000 2026","0","Fuel Prices Threaten Nigeria s Inflation Fight. Rising petrol and diesel prices are once again pushing transport food and manufacturing costs higher in Nigeria. Industry players warn petrol prices could approach ₦2 000 per litre raising fears of a renewed inflation wave and https://t.co/UauGGrk8Dm","2031285390724772085","https://pbs.twimg.com/media/HDCTSjyWgAAJtUs.png","","en","","1","0","0","https://x.com/undefined/status/2031285390724772085","1945919408808906752",
"2031283918494961681","Tue Mar 10 08:25:50 +0000 2026","0","@Babatunde182324 @TouchlineX The image from the original post clearly shows Nicolas Jackson on the far right in the blue Chelsea kit (with the club crest visible). Left to right: Núñez Højlund Havertz Jackson. My ranking was based on that exact group and current 2025/26 stats. What's your take?","2031285386157105296","","Babatunde182324","en","","0","1","0","https://x.com/undefined/status/2031285386157105296","1720665183188922368",
"2031003655676072319","Tue Mar 10 08:25:49 +0000 2026","0","@sanakazmi36 Blue balls","2031285384244519286","","sanakazmi36","en","","0","0","0","https://x.com/undefined/status/2031285384244519286","1071874763088412678",
"2031285355413221714","Tue Mar 10 08:25:42 +0000 2026","0","におを表す色は 【水｜Sky Blue】 風のような自由人 ・縛られると即パワーダウン ・余白があるほど輝くタイプ ・発想ふわっと、でも鋭い #Makko #診断テスト みんなは何色かな？ 【色鉛筆診断】 https://t.co/SRkngw3tvD","2031285355413221714","","","ja","","0","0","0","https://x.com/undefined/status/2031285355413221714","2020447107271041025",
"2031031161451901260","Tue Mar 10 08:25:41 +0000 2026","0","@BaseballQuotes1 @Super70sSports need this player to play a duet with blue lou marini 🇺🇸🇺🇸🇺🇸","2031285351713497306","","BaseballQuotes1","en","","0","0","0","https://x.com/undefined/status/2031285351713497306","898227433874354176",
"2031209756933624227","Tue Mar 10 08:25:41 +0000 2026","2","@Firedancer121 Light blue","2031285348324540554","","Firedancer121","en","","0","0","0","https://x.com/undefined/status/2031285348324540554","1839354894291247104",
"2031214822864670819","Tue Mar 10 08:25:39 +0000 2026","2","@madisondiickson My eyes are blue.","2031285343379423585","","madisondiickson","en","","0","0","0","https://x.com/undefined/status/2031285343379423585","1970213135005999104",
"2031285337918681487","Tue Mar 10 08:25:38 +0000 2026","0","Yet some Blue tick merchants are fear mongering!","2031285337918681487","","","en","","0","0","0","https://x.com/undefined/status/2031285337918681487","1962784520140398593",
"2031285332029878329","Tue Mar 10 08:25:37 +0000 2026","0","Congratulations @Systumm414012 didi for blue tick #tanyamittal #tanyakaparivaar","2031285332029878329","","","en","","0","0","0","https://x.com/undefined/status/2031285332029878329","2018603638890041344",
"2031283918494961681","Tue Mar 10 08:25:36 +0000 2026","0","@Bolade_Ford @TouchlineX Bros second guy from left na Højlund for Man Utd kit last one na Jackson for Chelsea blue. Dem dey the picture clear clear! You no recognize or you dey troll? Wetin be your own best and worst striker? Spill am! ️","2031285329030676579","","Bolade_Ford","en","","0","1","0","https://x.com/undefined/status/2031285329030676579","1720665183188922368",
"2030780988540784761","Tue Mar 10 08:25:33 +0000 2026","0","@Montylockedout Php2 is actually describing his deity and humanity . I've no blue tick but here's my short summary . God bless https://t.co/YBPA0pdmu2","2031285315449536890","","Montylockedout","en","","0","0","0","https://x.com/undefined/status/2031285315449536890","1982138928795729921",
"2031238441900404999","Tue Mar 10 08:25:33 +0000 2026","0","@KillaKreww You got that shit in Walmart blue","2031285315332342021","","KillaKreww","en","","0","0","0","https://x.com/undefined/status/2031285315332342021","1304115604366925824",
"2031285311066550415","Tue Mar 10 08:25:32 +0000 2026","0","2ND FIX TWYFORD DOC M RIMLESS SUPER PAC A look back at our 2025 second‑fix plumbing works at Cansfield School Ashton‑in‑Makerfield where precision compliance and clean presentation were the priority. ️ What We Installed Twyford Avalon Doc M Rimless Super Pack LH in blue. https://t.co/p5FcKsDSCP","2031285311066550415","https://pbs.twimg.com/media/HDCTOFMWUAAWO_j.jpg","","en","","0","0","0","https://x.com/undefined/status/2031285311066550415","1082202927496921088",
"2031285309644877975","Tue Mar 10 08:25:31 +0000 2026","25","室内ではややネオンが落ち着きますが、昨今ではなかなか見かけなくなった高クラリティ・高マテリアルのパライバです️ この子はBlue寄りのGreenish Blueです〜 https://t.co/q6g7ku1yOe","2031285309644877975","https://pbs.twimg.com/media/HDCTOBabsAA3RNI.jpg","","ja","","0","0","1","https://x.com/undefined/status/2031285309644877975","1705495589570682880",
"2031285153633271960","Tue Mar 10 08:25:30 +0000 2026","0","Just for balance a re-issue of the Sky Blue 'Motherwell away' version will be produced as well. These will be ready for purchase next week so if you want one ordered leave your size and preferred colour in the comments. #daftladdie https://t.co/uhluyftEaw","2031285304812826931","https://pbs.twimg.com/media/HDCTN6CaMAQ0kAF.jpg","daft_laddie","en","","0","0","0","https://x.com/undefined/status/2031285304812826931","2482597187",
"2031263298788700308","Tue Mar 10 08:25:30 +0000 2026","1","@kuru_sait Şimdi ne diyim bir LONG RUNNER cosmic kid blue sunset gibi araplarda kara mustafa kralkarınca gibi birçok atı koşmuş MEHMET DEMİR diğer tarafta call to victory the last romance final dance aegean finale captain fantastik i koşmuş ONUR ÖZELCANAT kaçtane iyi antranör varki","2031285303189623156","","kuru_sait","tr","","0","1","0","https://x.com/undefined/status/2031285303189623156","1298660783367360512",
"2031092227460546909","Tue Mar 10 08:25:29 +0000 2026","0","@trxpznxl @tunechistark So real ones ain't smart? Pick red use it to master blue. It's a no brainer","2031285297871245519","","trxpznxl","en","","0","0","0","https://x.com/undefined/status/2031285297871245519","1820405829213782016",
"2031281622318821408","Tue Mar 10 08:25:23 +0000 2026","0","@Utd__max10 @gladsome_ them those blue wannabes falloutttttt","2031285272323694822","","Utd__max10","en","","0","0","0","https://x.com/undefined/status/2031285272323694822","1517780365",
"2031123171768762479","Tue Mar 10 08:25:21 +0000 2026","1","@samshadow_27 @Lenouveaumomo14 De fouuu frrr c'etais dure de partir sur TikTok juste pour voir le protagonist et les autre Tiktoker Blue lock vanner Kaiser....","2031285266451746929","","samshadow_27","fr","","0","1","0","https://x.com/undefined/status/2031285266451746929","1588267844453560320",
"2031279272392896601","Tue Mar 10 08:25:19 +0000 2026","0","Like so out of the blue??","2031285258830696657","","jkosomos","en","","0","0","0","https://x.com/undefined/status/2031285258830696657","1235221936269135872",
"2030102164211961872","Tue Mar 10 08:25:19 +0000 2026","0","https://t.co/4fonc6Ctsw","2031285257283199102","","ploy_buny","zxx","","0","0","1","https://x.com/undefined/status/2031285257283199102","1498284652381237248",
"2028381479978611130","Tue Mar 10 08:25:15 +0000 2026","0","@Hana_momo_lv 検索から失礼します。 blue jeans Aのユリとblue jeansCのモモカで交換可能でしょうか？？","2031285239604277480","","Hana_momo_lv","ja","","0","1","0","https://x.com/undefined/status/2031285239604277480","1292037995244032001",
"2031268589534413200","Tue Mar 10 08:25:10 +0000 2026","1","@cszabla The comments to his post are of course blue-checked raw sewage.","2031285219622617188","","cszabla","en","","0","0","0","https://x.com/undefined/status/2031285219622617188","142257391",
"2031285219148599735","Tue Mar 10 08:25:10 +0000 2026","0","IF YOU SEE THISS DO IT‼️ 𑣲 pronouns ⦂ she/her 𑣲 height ⦂ 165 (keknya udah nambah sih) 𑣲 zodiac ⦂ cancer 𑣲 smoke ⦂ - 𑣲 tattoos ⦂ - 𑣲 piercings ⦂ - 𑣲 fav color ⦂ black blue brown 𑣲 fav drink ⦂ -","2031285219148599735","","","en","","0","0","0","https://x.com/undefined/status/2031285219148599735","2025513305457197057",
"2031269763536613482","Tue Mar 10 08:25:06 +0000 2026","8","@auntychain They said hes still under hybe but as a solo artist but its still so weird? Why not wait till next year when they all have to decide whether or not to renew their contracts?? Why so out of the Blue?? Why do hybe's groups keep on losing a member??","2031285201297412188","","auntychain","en","","0","0","0","https://x.com/undefined/status/2031285201297412188","1919003713357643777",
"2031285194473541822","Tue Mar 10 08:25:04 +0000 2026","1","るぃんを表す色は 【薄青（うすあお）｜Smoke Blue】 余韻をまとう人 ・くすみ系クール代表 ・感情に振り回されない ・静かな理性で整える #Makko #診断テスト みんなは何色かな？ 【色鉛筆診断】 https://t.co/xHVDEmtBiC ふむ。","2031285194473541822","","","ja","","0","0","0","https://x.com/undefined/status/2031285194473541822","1523492833336119296",
"2031285191231328290","Tue Mar 10 08:25:03 +0000 2026","0","Temukan Hybrid Crystal Case iPhone 17 16 15 14 13 12 Mini 11 Pro XR SE 2 3 Cassion Blue Flowers seharga Rp93.500. Dapatkan sekarang juga di Shopee! https://t.co/NPCyT8cLAS","2031285191231328290","","","in","","0","0","0","https://x.com/undefined/status/2031285191231328290","1823568375022542849",
"2031268003547902331","Tue Mar 10 08:25:03 +0000 2026","1","@AutumnalFeel Good Morning Blue Bird ! https://t.co/MaiCy3lJWF","2031285189905617312","https://pbs.twimg.com/media/HDCTHL3aMAMLXLs.jpg","AutumnalFeel","en","","0","1","0","https://x.com/undefined/status/2031285189905617312","904396622150426624",
"2031285189499031632","Tue Mar 10 08:25:03 +0000 2026","0","しゅりを表す色は 【薄青（うすあお）｜Smoke Blue】 余韻をまとう人 ・くすみ系クール代表 ・感情に振り回されない ・静かな理性で整える #Makko #診断テスト みんなは何色かな？ 【色鉛筆診断】 https://t.co/HvsTKcdUue","2031285189499031632","","","ja","","0","0","0","https://x.com/undefined/status/2031285189499031632","599788895",
"2030857550984614119","Tue Mar 10 08:25:01 +0000 2026","0","@ggukielattae blue by kamal !!","2031285183383744861","","ggukielattae","en","","0","0","0","https://x.com/undefined/status/2031285183383744861","2031000137666052096",
"2031285176463143292","Tue Mar 10 08:25:00 +0000 2026","0","【Now Playing】Electric Light Orchestra / Mr. BLUE SKY #レディオモモ","2031285176463143292","","","en","","0","0","0","https://x.com/undefined/status/2031285176463143292","539712101",
"2031285173535297764","Tue Mar 10 08:24:59 +0000 2026","0","NC has a big blue soft on crime problem","2031285173535297764","","","en","","0","0","0","https://x.com/undefined/status/2031285173535297764","21453618",
"2031259217919939061","Tue Mar 10 08:24:52 +0000 2026","1","@rhodelvyork @luhtacoT Blue things blinding","2031285143747310048","","rhodelvyork","en","","0","0","0","https://x.com/undefined/status/2031285143747310048","2003995011994865665",
"2031285131898679381","Tue Mar 10 08:24:49 +0000 2026","0","I straight away recognise him as a Blue Ohranger","2031285131898679381","","","en","","0","0","0","https://x.com/undefined/status/2031285131898679381","469538064",
"2031266689350775224","Tue Mar 10 08:24:46 +0000 2026","0","Oh man it is so nice to have the East Blue gang together from the get-go their chemistry is so fuckin good","2031285119307362576","","FriendKoirby","en","","0","1","0","https://x.com/undefined/status/2031285119307362576","1621529778",
"2031076925406408707","Tue Mar 10 08:24:44 +0000 2026","0","@JayTC53 @gikundamarangu @PaintingRodin he doesnt even have a blue checkmark do these muslims post this crap for the fun of it","2031285110356521128","","JayTC53","en","","0","0","0","https://x.com/undefined/status/2031285110356521128","1730926899054923776",
"2031276591574323605","Tue Mar 10 08:24:43 +0000 2026","1","@trumpmass007 @SatyaMLA9999 The lady on the left in the blue traditional outfit with head covering flower garland bindi and watch looks like a classic Telugu film actress from an older movie still (possibly Laya or similar vintage style). Not 100% certain on the exact name without more details but she","2031285106212540810","","trumpmass007","en","","0","1","0","https://x.com/undefined/status/2031285106212540810","1720665183188922368",
"2031285105990275362","Tue Mar 10 08:24:43 +0000 2026","1","Heeseung akgaes the first solos to ever manifest that out of the blue solo career announcement all akgaes wish for and ACTUALLY get it. I know tyongfs pjms jungkookers 10velies mad ash rn omgggg say a prayer yall","2031285105990275362","","","en","","1","0","0","https://x.com/undefined/status/2031285105990275362","1930496108129914880",
"2031234265296363696","Tue Mar 10 08:24:40 +0000 2026","1","@PulseGranpa Blue-Pillers are enjoying 0% yield on USDT so they SHOULD be excited for this!","2031285092283462128","","PulseGranpa","en","","0","1","0","https://x.com/undefined/status/2031285092283462128","1358396786780499969",
"2031285084507296154","Tue Mar 10 08:24:38 +0000 2026","7","CoffeeTime 金沢で買ったTOBA BLUE とーしのはなし 配管に詰まった静かな熱を計器越しにゆっくり観測 0DTEが加速させる嵐は2020年より鋭く、短く 誰もが怯えるその「揺らぎ」こそ 私にとっては未来を色づけるギフト コーヒーの香りに包まれながら パニックが宝石に変わる瞬間を、濃褐色の瞳で待つの https://t.co/FsLNPpT6xG","2031285084507296154","https://pbs.twimg.com/media/HDCTBQEa4AAm6Uj.jpg","","ja","","0","0","0","https://x.com/undefined/status/2031285084507296154","799105215123189760",
"2031261420776472736","Tue Mar 10 08:24:37 +0000 2026","0","@Araoluwanimi01 @drharveee Blue pill","2031285080811802927","","Araoluwanimi01","en","","0","0","0","https://x.com/undefined/status/2031285080811802927","1993440593083789312",
"2031285067503538366","Tue Mar 10 08:24:34 +0000 2026","1","しじまを表す色は 【薄青（うすあお）｜Smoke Blue】 余韻をまとう人 ・くすみ系クール代表 ・感情に振り回されない ・静かな理性で整える #Makko #診断テスト みんなは何色かな？ 【色鉛筆診断】 https://t.co/3lhBntF5Pg","2031285067503538366","","","ja","","0","0","0","https://x.com/undefined/status/2031285067503538366","1875503504200232969",
"2031284938625208358","Tue Mar 10 08:24:03 +0000 2026","0","You guys have been recycling the it was a misfired local missile script since the 90s. Every time a hospital or school blows up suddenly every blue-check on X becomes a ballistic missile expert. It s not evidence it s just a copy-paste script to bury a war crime.","2031284938625208358","","","en","","0","0","0","https://x.com/undefined/status/2031284938625208358","452244790",
"2031283294411829424","Tue Mar 10 08:24:03 +0000 2026","0","@Jeni__Vijay Stunning in Blue","2031284938038026652","","Jeni__Vijay","en","","0","0","0","https://x.com/undefined/status/2031284938038026652","2381430001",
"2031284927157907793","Tue Mar 10 08:24:01 +0000 2026","0","PRICING: Fair Market Value: $7 688.00 Your Price: $6 200.00 Save 24% SKU: 408S https://t.co/vPkNNvIh8q","2031284932388200757","","corundumstones","en","","0","0","0","https://x.com/undefined/status/2031284932388200757","874220873644998658",
"2031284928391033315","Tue Mar 10 08:24:01 +0000 2026","2","Blue skies for day 69 #100daysofwalking. https://t.co/fzft33desn","2031284928391033315","https://pbs.twimg.com/media/HDCS4AMX0AA2puN.jpg","","en","","0","0","0","https://x.com/undefined/status/2031284928391033315","1032961534262173696",
"2030929835321852049","Tue Mar 10 08:24:00 +0000 2026","0","@bhash Ola Victory Lightning India Edition Bike Dynamic stadium night version Pure bike focus massive energy :: :: 🇮🇳️ (Ola Blue Electrifying India) #Ola #OlaChampion #OlaChampionEdition @bhash @OlaElectric https://t.co/ODNgLoEUTM","2031284928152047736","https://pbs.twimg.com/media/HDCS1YAaAAAr37c.jpg","bhash","en","","0","0","0","https://x.com/undefined/status/2031284928152047736","1292388695530549248",
"2031284927157907793","Tue Mar 10 08:24:00 +0000 2026","0","NEW ARRIVAL Neon Cornflower Blue Sapphire - Oval - 3.65 ct - AGL certified 3.65 carats of prestigious Sapphire from Sri Lanka Handcrafted. Certified. Available now.","2031284927157907793","","","en","","0","1","0","https://x.com/undefined/status/2031284927157907793","874220873644998658",
"2031250072500056298","Tue Mar 10 08:24:00 +0000 2026","1","@KesarKudi Blue tick?","2031284924154786224","","KesarKudi","en","","0","0","0","https://x.com/undefined/status/2031284924154786224","1709382273790054400",
"2031281596255580429","Tue Mar 10 08:23:59 +0000 2026","4","@slitnxy Yeah Hurts less than a tattoo but it's many many appointments needed and you need to wait 6 weeks between them. In 2 years mine faded down to 20-30% Some colours remove easier than others; blue and yellow are the worst (mine ) and I think black is the easiest","2031284920350584879","","slitnxy","en","","0","1","0","https://x.com/undefined/status/2031284920350584879","1192492002753077252",
"2030940080701858160","Tue Mar 10 08:23:55 +0000 2026","0","Official airline channels usually have a yellow tick. Not blue. Thanks","2031284905615753685","","WaleedTariq89","en","","0","0","0","https://x.com/undefined/status/2031284905615753685","287857615",
"2031036507801493886","Tue Mar 10 08:23:55 +0000 2026","0","@sigma__male__ அப்புறம் enna dash ku blue tick vaangirukka... komaali","2031284904772923798","","sigma__male__","et","","0","0","0","https://x.com/undefined/status/2031284904772923798","438491692",
"2031284899093819562","Tue Mar 10 08:23:54 +0000 2026","0","Full Figure Plus Size MagicLift Original Support Bra Wirefree #1000 Blue Only 39.00 $ instead of 59.00 $ (- 34%) https://t.co/dZYsabSpRd #AD https://t.co/Q36dUKXNlg","2031284899093819562","https://pbs.twimg.com/media/HDCS2cLaMAEUjCi.jpg","","en","","0","0","0","https://x.com/undefined/status/2031284899093819562","1384463546629586956",
"2031284898405953880","Tue Mar 10 08:23:53 +0000 2026","0"," 言葉の壁を解消！AI 同時通訳イヤホン 198 言語リアルタイム双方向翻訳 オープンイヤー Blue・・・ -60%￥3 999 800pt(20%) 残り200以上 https://t.co/Qmfi7nk2u4","2031284898405953880","","","ja","","0","0","0","https://x.com/undefined/status/2031284898405953880","1599434399107362816",
"2031143602773008886","Tue Mar 10 08:23:53 +0000 2026","0","@leonard_bayard @LikeChrisss @grok @micah_erfan @NYCMayor @elonmusk OMFG fucking loser paying for a blue check with 178 followers just to sound relevant? ","2031284894819570019","","leonard_bayard","en","","0","0","0","https://x.com/undefined/status/2031284894819570019","1968322495460610048",
"2031097696728256647","Tue Mar 10 08:23:51 +0000 2026","1","@MirrorSportIE Why is this not a picture of the Bonnie Blue Wee Gimps who went completely unchallenged with unhindered access to the pitch by @PoliceScotland to attack Celtic Staff and fans? That is the real image!","2031284888624636183","","MirrorSportIE","en","","0","0","0","https://x.com/undefined/status/2031284888624636183","95193505",
"2031091852514939311","Tue Mar 10 08:23:47 +0000 2026","0","@Jenny_1884 Blue tick money generating fear mongering","2031284870404526140","","Jenny_1884","en","","0","0","0","https://x.com/undefined/status/2031284870404526140","1907741827072962560",
"2031284865916608525","Tue Mar 10 08:23:46 +0000 2026","0","I got the blue tick but don't know what to post. I need clarity !!! https://t.co/xoY7F32Ceh","2031284865916608525","https://pbs.twimg.com/media/HDCS0NLXsAA0pFT.jpg","","en","","0","0","0","https://x.com/undefined/status/2031284865916608525","1965766568689750016",
"2031278118321745924","Tue Mar 10 08:23:43 +0000 2026","0","@amtalbot22 This blue sky and sunshine is a wonderful surprise! We must enjoy it while we can. Have a lovely day. https://t.co/V0bxTT0Uks","2031284856450117842","https://pbs.twimg.com/media/HDCSz-HWgAA9e4V.jpg","amtalbot22","en","","0","1","0","https://x.com/undefined/status/2031284856450117842","1507471276507545602",
"2031284848178991583","Tue Mar 10 08:23:41 +0000 2026","0","WHY THW FUCK WOULD HE LEAVE SO OUT OF THE BLUE IM SO CONFUSED ARE YOU ACTUALLY FOR SERIOUS","2031284848178991583","","","en","","0","0","0","https://x.com/undefined/status/2031284848178991583","1576731824080011264",
"2030940670676844824","Tue Mar 10 08:23:39 +0000 2026","0","@betterprac @Mungai_Jorge @HoliHappiness Here are Dan Buettner's Blue Zones Power 9 simplified for everyday adoption no gyms diets or overhauls needed: 1. Move naturally: Walk everywhere garden do chores. 2. Purpose: Know why you wake up (journal it weekly). 3. Downshift: 10-20 min daily unwind tea nap breathe.","2031284839635157248","","betterprac","en","","0","0","0","https://x.com/undefined/status/2031284839635157248","1720665183188922368",
"2031282942920593797","Tue Mar 10 08:23:37 +0000 2026","3","@ReviewsPossum https://t.co/yrwIYMpsWe I think Mike Rowe talked about the stigma of blue collar work","2031284829820731464","https://pbs.twimg.com/amplify_video_thumb/1747223776574816256/img/2oJCZ3S4JjqcqIdp.jpg","ReviewsPossum","en","","0","1","1","https://x.com/undefined/status/2031284829820731464","144271730",
