conversation_id_str,created_at,favorite_count,full_text,id_str,image_url,in_reply_to_screen_name,lang,location,quote_count,reply_count,retweet_count,tweet_url,user_id_str,username
2035096262614430133,Sat Mar 21 12:43:38 +0000 2026,0,@Gigazolto @Genshin_Forever Claramente o do Heroes é o Blue Evo com MUI mas certeza que aconteceu algo pra eles não poderem colocar o nome das duas formas https://t.co/FGEwWu5z9S,2035336531917869302,https://pbs.twimg.com/tweet_video_thumb/HD73yKua4AADp-t.jpg,Gigazolto,pt,,0,0,0,https://x.com/undefined/status/2035336531917869302,1252669063249231872,
2035336519708233925,Sat Mar 21 12:43:35 +0000 2026,0,VAMOSSS BLUE BLOOD ️,2035336519708233925,,,en,,0,0,0,https://x.com/undefined/status/2035336519708233925,1335182275806457856,
2035199445785010334,Sat Mar 21 12:43:34 +0000 2026,0,@its_The_Dr Yes it is most likely true. Plus muslims are a blue city problem.,2035336515208065423,,its_The_Dr,en,,0,0,0,https://x.com/undefined/status/2035336515208065423,1853543550329434112,
2035048866383303065,Sat Mar 21 12:43:33 +0000 2026,0,@_Tedsville_ @dave24144975 you forgot to get the blue tick,2035336510388486614,,_Tedsville_,en,,0,0,0,https://x.com/undefined/status/2035336510388486614,224586419,
2035336506890412508,Sat Mar 21 12:43:32 +0000 2026,0,Perry Stevenson is one of us for sure Go big blue!!!!,2035336506890412508,,,en,,0,0,0,https://x.com/undefined/status/2035336506890412508,1548638748312731648,
2035336505871519983,Sat Mar 21 12:43:32 +0000 2026,0,HEAVEN S DRIVEとかDIVE TO BLUEとかPiecesとかSTAY AWAY とか浸食とか聴きたい,2035336505871519983,,,ja,,0,0,0,https://x.com/undefined/status/2035336505871519983,2780097510,
2035336502180225322,Sat Mar 21 12:43:31 +0000 2026,0,Check out Native American Indian Chief Themed Turquoise Blue Decorative Lamp Signed https://t.co/qGdD2mfqGG #eBay via @eBay,2035336502180225322,,,en,,0,0,0,https://x.com/undefined/status/2035336502180225322,65386415,
2035336491275276378,Sat Mar 21 12:43:28 +0000 2026,0,ciao those baby blue eyes aye,2035336491275276378,,,en,,0,0,0,https://x.com/undefined/status/2035336491275276378,841247601487831040,
2035336487156207868,Sat Mar 21 12:43:27 +0000 2026,0,Rutos Scorecard is mainly on job creation for the youths through projects on Blue Economy ICT Sports and Security to keep our young people actively engaged.The rate of unemployment reduced under Ruto's administration.#TukoKadi! Wilson Airport Yoweri Museveni Gachagua osotsi odm https://t.co/cXnCez7h2J,2035336487156207868,https://pbs.twimg.com/media/HD72HmrbcAE3p66.jpg,,en,,0,0,0,https://x.com/undefined/status/2035336487156207868,1688940565381943296,
2035244207976456569,Sat Mar 21 12:43:26 +0000 2026,0,@SmashJT Gotta love people who have to add to their own fucking name Didn't pay for the blue check But probably are posting 1 000's of tweets daily lmao. Like bruh the 7.99 a month is so insane to give to twitter but your 1 000 tweets mean nothing. Typical liberal logic.,2035336483255591111,,SmashJT,en,,0,0,0,https://x.com/undefined/status/2035336483255591111,1469451165226225666,
2035327674256671142,Sat Mar 21 12:43:26 +0000 2026,0,@john322226 Lobi I need a blue tick help me,2035336482169258494,,john322226,en,,0,0,0,https://x.com/undefined/status/2035336482169258494,1119246533457862693,
2035294252897329455,Sat Mar 21 12:43:25 +0000 2026,0,@yarlo_wtf Or rather sit down press all of them money for blue tick,2035336478889279811,,yarlo_wtf,en,,0,0,0,https://x.com/undefined/status/2035336478889279811,1955019220829474819,
2035263211759394841,Sat Mar 21 12:43:25 +0000 2026,0,@rejuvenated_ug @andrew_mug50056 @AstroTheCM @Aspolloatuheire @hosea606666 @function2323 @nimipamela0 @MpozaCox @karothk256 @Oluochevans2 @ogendo17696 The guy in blue his legs are not reaching the wall...they are suspended,2035336477802901808,,rejuvenated_ug,en,,0,0,0,https://x.com/undefined/status/2035336477802901808,590359444,
2035265151985684765,Sat Mar 21 12:43:22 +0000 2026,0,@Zackey_Ozaki It's nice in Blue ,2035336464276263262,,Zackey_Ozaki,en,,0,0,0,https://x.com/undefined/status/2035336464276263262,1437795816966610948,
2035260448157933944,Sat Mar 21 12:43:20 +0000 2026,0,@chenleelokal roses are red violets are blue the honey's sweet and so are you. https://t.co/FpWY98i8uG,2035336457846665264,https://pbs.twimg.com/media/HD73thLaEAAjjpx.jpg,chenleelokal,en,,0,0,0,https://x.com/undefined/status/2035336457846665264,1552988208757358592,
2035045357735092264,Sat Mar 21 12:43:19 +0000 2026,0,@HenryFrank02 It's all a decoy... My guess it's 100% supported by #ThePeople and won't pass. Does it include the insidious staffers? How about he takes action to end the blue slips or proforma sessions??,2035336451257221458,,HenryFrank02,en,,0,0,0,https://x.com/undefined/status/2035336451257221458,1620115963826823179,
2035280066825879673,Sat Mar 21 12:43:18 +0000 2026,0,@Harvey_XCX That passport is the blue i thought we were getting when they promised us blue passports ,2035336446324699539,,Harvey_XCX,en,,0,0,0,https://x.com/undefined/status/2035336446324699539,614003937,
2035320524767731819,Sat Mar 21 12:43:18 +0000 2026,0,@Bortvanhoutenn I've been to see it but haven't been to a match in it yet. Worser blue me.,2035336445833978207,,Bortvanhoutenn,en,,0,0,0,https://x.com/undefined/status/2035336445833978207,727081177,
2035173145980592456,Sat Mar 21 12:43:16 +0000 2026,0,@SchwayJohn @fck1ya And they took it away for that blue and gold toy selling abomination. That fur look should be Thor s permanent look.,2035336440951771429,,SchwayJohn,en,,0,0,0,https://x.com/undefined/status/2035336440951771429,616408796,
2035336436338286986,Sat Mar 21 12:43:15 +0000 2026,0,家から徒歩5分でブロンコビリー 腹が減ったらブロンコビリー サラダバー目当てブロンコビリー 夏はスイカ目当てブロンコビリー https://t.co/2VRUbyCyml,2035336436338286986,https://pbs.twimg.com/media/HD73sN-akAA0Eme.jpg,,ja,,0,0,0,https://x.com/undefined/status/2035336436338286986,926355724870983680,
2035336433808920790,Sat Mar 21 12:43:15 +0000 2026,0,i absolutely hate that now 80% of replies here are AI from accounts with blue check,2035336433808920790,,,en,,0,0,0,https://x.com/undefined/status/2035336433808920790,1459471171863429120,
2035336424627765440,Sat Mar 21 12:43:13 +0000 2026,0,Blue white shirt back to basics https://t.co/Db7fLip5D0,2035336424627765440,https://pbs.twimg.com/media/HD73pHAbsAA-YcH.jpg,,en,,0,0,0,https://x.com/undefined/status/2035336424627765440,2024282268819476482,
2035336404541026319,Sat Mar 21 12:43:08 +0000 2026,0,The Best is when you re shuffling Michigan hats around &amp; find a Maize &amp; Blue Carhartt hat that you forgot about https://t.co/prLsFYOwsb,2035336404541026319,https://pbs.twimg.com/media/HD73q2MaAAAIbBq.jpg,,en,,0,0,0,https://x.com/undefined/status/2035336404541026319,1243544554843889664,
2035261615285641533,Sat Mar 21 12:43:07 +0000 2026,0,@JBTHEPLUG1 Red laminate blue laminate black laminate green laminate,2035336400976187785,,JBTHEPLUG1,en,,0,0,0,https://x.com/undefined/status/2035336400976187785,1730180525497962496,
2035310461596409969,Sat Mar 21 12:43:04 +0000 2026,0,@PokeDailyPost Blue,2035336389554852249,,PokeDailyPost,en,,0,0,0,https://x.com/undefined/status/2035336389554852249,1644901887165050881,
2035336381749428665,Sat Mar 21 12:43:02 +0000 2026,1,innokinよりKroma217も入荷してます 21700もしくは18650バッテリー対応のMODです 大きすぎず使いやすいサイズ感でMODデビューはもちろん。普段使いにもピッタリです 今まで入荷のなかったカラーMarian Blueも入荷してます https://t.co/MRSUTWtQoj https://t.co/qIv2hkS7om,2035336381749428665,https://pbs.twimg.com/media/HD73pmkbwAAE3fn.jpg,,ja,,0,0,0,https://x.com/undefined/status/2035336381749428665,1020197217527713793,
2034498543117885941,Sat Mar 21 12:43:02 +0000 2026,0,@TebogoGladwin1 @PinketteXO @AbsaSouthAfrica @StandardBankZA Shem https://t.co/sWypmilYWo,2035336380696379807,https://pbs.twimg.com/tweet_video_thumb/HD73o5qWMAA7EAC.jpg,TebogoGladwin1,en,,0,0,0,https://x.com/undefined/status/2035336380696379807,470931504,
2035049679700860985,Sat Mar 21 12:43:02 +0000 2026,0,@nicksortor I love Florida I love being a Floridian I love Jesus Christ. I love this country. I love President Donald Trump. Back the blue baby back the blue.,2035336379878519292,,nicksortor,en,,0,0,0,https://x.com/undefined/status/2035336379878519292,1927814406949175296,
2035336379862069286,Sat Mar 21 12:43:02 +0000 2026,0,Adidas Men's Tiro 24 Shorts Team Navy Blue/White Only 12.49 $ instead of 35.00 $ (- 64%) https://t.co/3LGjo8l7nn #Ad https://t.co/TQIXMRNxMq,2035336379862069286,https://pbs.twimg.com/media/HD73psIaMAA03Tn.jpg,,en,,0,0,0,https://x.com/undefined/status/2035336379862069286,1384463546629586956,
2035307285451608214,Sat Mar 21 12:43:02 +0000 2026,2,@MAGAVoice What a ROCK(ET)-star this man is! Thanks be to Elon for being the counterweight against the Blue-Blocker Democrats!!,2035336378922180840,,MAGAVoice,en,,0,0,1,https://x.com/undefined/status/2035336378922180840,1602009011049693184,
2035336371473391869,Sat Mar 21 12:43:00 +0000 2026,0,️ Big capacity. Bold style. Godrej 600L 3Star Side by Side ️ 1+2 Year Warranty | Smart Convertible Zones Storm Blue | 2025 Model Style jo dikhe. Storage jo kaam aaye. More Details: https://t.co/0OADiCtK4Y #Georgia #9YearsOfRisingUP #MatthewShort,2035336371473391869,,,en,,0,0,0,https://x.com/undefined/status/2035336371473391869,936899264,
2034992475312459979,Sat Mar 21 12:43:00 +0000 2026,0,@instablog9ja My babe just credit me 150k yesterday . She buy my blue tic . Na una Dey date craze people .,2035336371301187708,,instablog9ja,en,,0,0,0,https://x.com/undefined/status/2035336371301187708,188592219,
2035322435260535236,Sat Mar 21 12:42:59 +0000 2026,0,@EssexPR I like the new algorithm my posts are actually get more attention and likes no blue tick for me it is now fair for everyone.,2035336369317314889,,EssexPR,en,,0,0,0,https://x.com/undefined/status/2035336369317314889,473833548,
2035118499794751519,Sat Mar 21 12:42:59 +0000 2026,0,@pingthebird @_sy1vi3 Now the 4 of you need to mug the blue checkmark guy,2035336368415474048,,pingthebird,en,,0,0,0,https://x.com/undefined/status/2035336368415474048,1052760440470626304,
2035076408909963624,Sat Mar 21 12:42:59 +0000 2026,0,@Matt_Pinner Blue,2035336366192538069,,Matt_Pinner,en,,0,0,0,https://x.com/undefined/status/2035336366192538069,1547241042893803520,
2035336355618652384,Sat Mar 21 12:42:56 +0000 2026,0,HCWs will see a blue tick account obviously baiting. You still engage. It's a choice at this point. If you must engage the post screenshot it and make a standalone.,2035336355618652384,,,en,,0,0,0,https://x.com/undefined/status/2035336355618652384,1216519423173021700,
2035336351315329389,Sat Mar 21 12:42:55 +0000 2026,0,【明日まで】ナイキが「エアマックス」をテーマにしたポップアップをV.A.で開催。歴代のモデルを展示。Blue RoomのHatsukiなどが参加。 https://t.co/HioJaBPFDc,2035336351315329389,,,ja,,0,0,0,https://x.com/undefined/status/2035336351315329389,15913455,
2035336342994113012,Sat Mar 21 12:42:53 +0000 2026,0,เพลงไรนะ ท่อนนจม. ที่ร้องลงท้ายดัวยคำว่า blue อะ คือโคตรดี มันมีจริตเว้ย มันมีลูกเล่น เหมือนของแท เพลงนี้แหละ ที่ร้องคำว่า unusual อะะ ชอบบบบมากกดดดดดพพพพพกกก,2035336342994113012,,,th,,0,0,0,https://x.com/undefined/status/2035336342994113012,1631982793923379205,
2035324907827958167,Sat Mar 21 12:42:51 +0000 2026,0,@DakdaR22 blue color is the area of ​​the Ukrainian counter-offensive that totally BS!,2035336333896331765,,DakdaR22,en,,0,0,0,https://x.com/undefined/status/2035336333896331765,583188030,
2035336332004802830,Sat Mar 21 12:42:50 +0000 2026,0,Toco resetear el tamagotchi de Blue Lock y ya empezando de cero https://t.co/mylEOnMUW7,2035336332004802830,https://pbs.twimg.com/media/HD73mWWbgAEHC3n.jpg,,es,,0,0,0,https://x.com/undefined/status/2035336332004802830,1832939575985012736,
2034996944997650723,Sat Mar 21 12:42:49 +0000 2026,0,@impression_ists A curios fact about the Great Wave is that the striking blue of the wave wasn t originally Japanese. Hokusai used a recently imported European pigment known as Prussian blue (called bero-ai in Japan) a synthetic color first developed in Germany in the early 18th century. This,2035336324450767212,,impression_ists,en,,0,0,0,https://x.com/undefined/status/2035336324450767212,2029173032363999232,
2035322220797399349,Sat Mar 21 12:42:48 +0000 2026,0,@uniquewolff @hypetribeng Drop aza under this comment make I give you money for one month blue tick Mine is yearly subscription ,2035336323372818456,,uniquewolff,en,,0,2,0,https://x.com/undefined/status/2035336323372818456,1943980500034404352,
2035319001769713962,Sat Mar 21 12:42:48 +0000 2026,0,@TanyaTate My favorite color is Blue ,2035336321888301157,,TanyaTate,en,,0,0,0,https://x.com/undefined/status/2035336321888301157,1817312556077436928,
2035336315378475315,Sat Mar 21 12:42:46 +0000 2026,0,Blaze: Yes I won the race in Big Blue! https://t.co/UClYwN521j,2035336315378475315,https://pbs.twimg.com/media/HD73llZXMAAI4sB.jpg,,en,,0,1,0,https://x.com/undefined/status/2035336315378475315,2031349894502375424,
2035329045437591863,Sat Mar 21 12:42:46 +0000 2026,0,@LorenzoTerps Blue Lobster Vasco &amp; Cipher Genetics MMJ Spliffs in BLN ‍️,2035336312648057328,,LorenzoTerps,en,,0,0,0,https://x.com/undefined/status/2035336312648057328,742635962660978688,
2035313946480050673,Sat Mar 21 12:42:44 +0000 2026,0,@ssujamss @yentebts https://t.co/UrNZz7N6Uq,2035336306180714526,https://pbs.twimg.com/tweet_video_thumb/HD73k25akAAqfiz.jpg,ssujamss,qme,,0,0,0,https://x.com/undefined/status/2035336306180714526,1272038927680049153,
2035323991850635523,Sat Mar 21 12:42:42 +0000 2026,0,@GuntherEagleman Democrats SUCK. How any sane common sense rational individual can ever vote Blue is beyond my comprehension.,2035336296936218670,,GuntherEagleman,en,,0,0,0,https://x.com/undefined/status/2035336296936218670,50834639,
2035310462271619130,Sat Mar 21 12:42:42 +0000 2026,1,@Blue_Footy @wondersgroupcl We grow as Blue family let's connect. I follow back ASAP @salambongo2,2035336296030228730,,Blue_Footy,en,,0,0,0,https://x.com/undefined/status/2035336296030228730,1598542513538752514,
2035290060229161143,Sat Mar 21 12:42:41 +0000 2026,0,@Parodyjeffx But no one was allowed to retaliate or defend themselves after this Oct 7 just happened out of the blue for no reason right?!,2035336290539868228,,Parodyjeffx,en,,0,0,0,https://x.com/undefined/status/2035336290539868228,1125872661668737024,
2035336288241365451,Sat Mar 21 12:42:40 +0000 2026,0,BLUE BLOOD BETTER WIN https://t.co/AAGazDfyqX,2035336288241365451,https://pbs.twimg.com/ext_tw_video_thumb/2035313967883583490/pu/img/HptwUXJA1BEiClZG.jpg,,en,,0,0,0,https://x.com/undefined/status/2035336288241365451,1079036474954264576,
2035307933899395458,Sat Mar 21 12:42:35 +0000 2026,0,@AbsoluteChelsea @BBCSport It s a good stat for Rosenior to break. It s written in the blue skies,2035336268335186235,,AbsoluteChelsea,en,,0,0,0,https://x.com/undefined/status/2035336268335186235,1634473598252470272,
2035336260479246825,Sat Mar 21 12:42:33 +0000 2026,0,Now this guy's videos are being oozed over by the soft-brained left I'll frankly be disappointed if he doesn't blue tick-up and go full 'hey isn't instant coffee expensive now?' and 'who likes pizza?',2035336260479246825,,,en,,0,0,0,https://x.com/undefined/status/2035336260479246825,392006607,
2035317638105112593,Sat Mar 21 12:42:29 +0000 2026,0,@PulseNigeria247 Took 2nd in long jump &amp; 3rd in Short-Put (Blue House) U see that Yellow house I no wan talk,2035336243412635973,,PulseNigeria247,en,,0,0,0,https://x.com/undefined/status/2035336243412635973,317112584,
2035336242028847530,Sat Mar 21 12:42:29 +0000 2026,0,おやすみなさい 4/12 #豊洲PIT 「KOJI Memorial &amp; Birthday Live 2026 ～Eternal Blue～ 」 #ALICEINMENSWEAR 出演 4/25 #赤羽ReNYalpha #michi.(@SQF_BIGONE)ソロワンマン 「THE SPELL CALLED ETERNITY」 スペシャルゲスト KAZUKI #MASCHERA #sqf #KOJI(@ALvinoKOJI) #LacrymaChristi #ALvino https://t.co/kVNE4vcg6c,2035336242028847530,https://pbs.twimg.com/media/HD73hSWbgAAXTwx.jpg,,ja,,0,0,0,https://x.com/undefined/status/2035336242028847530,762872795432824832,
2035284235825660314,Sat Mar 21 12:42:25 +0000 2026,0,@LlaveAlMisterio Acá ahí mucha verdad disfrada de ficción pero también ahí mucha tecnología inversa dadas x estos seres y la otra es Desclasificación con apoyo de Blue Beam estás info son para ir enjabonando todo l q se conocerá en Julio y q tan verdad saldrá a la luz!?,2035336226555777513,,LlaveAlMisterio,es,,0,0,0,https://x.com/undefined/status/2035336226555777513,1115762300,
2035290060091007377,Sat Mar 21 12:42:25 +0000 2026,0,@InsideHindustan Blue,2035336225008079176,,InsideHindustan,en,,0,0,0,https://x.com/undefined/status/2035336225008079176,1499799643571601409,
2035177522279727277,Sat Mar 21 12:42:24 +0000 2026,0,@RonFilipkowski The voter rolls have no data the IRS and Social Security Administrations don't already have. So what are the blue states trying to hide?,2035336219689656529,,RonFilipkowski,en,,0,0,0,https://x.com/undefined/status/2035336219689656529,960230929095712768,
2035336218129641740,Sat Mar 21 12:42:23 +0000 2026,0,Ada ke yg sama theme ash blue harini? Hahaha mcm x byk nampak warna ni.,2035336218129641740,,,in,,0,0,0,https://x.com/undefined/status/2035336218129641740,101747967,
2035032426301595996,Sat Mar 21 12:42:23 +0000 2026,0,@BamaSaltyMarine oh I see the blue check mark. that explains this asinine OP,2035336218058395798,,BamaSaltyMarine,en,,0,0,0,https://x.com/undefined/status/2035336218058395798,1723023920134021121,
2035336215512141834,Sat Mar 21 12:42:23 +0000 2026,0,+out of the Complete blue Sampha started playing in my headphones,2035336215512141834,,,en,,0,0,0,https://x.com/undefined/status/2035336215512141834,926193314180861952,
2035336213339787551,Sat Mar 21 12:42:22 +0000 2026,0,spiritually they have pink and blue hair and those thigh tight skinny jeans.,2035336213339787551,,,en,,0,0,0,https://x.com/undefined/status/2035336213339787551,1352821234749214724,
2035076408909963624,Sat Mar 21 12:42:22 +0000 2026,0,@Matt_Pinner Blue,2035336211699564603,,Matt_Pinner,en,,0,0,0,https://x.com/undefined/status/2035336211699564603,1586561494732443650,
2035336208658640964,Sat Mar 21 12:42:21 +0000 2026,0,There's only one way to start this one-of-a-kind gameday in West Virginia! Tune in to the Mountaineer GameDay Women's Basketball Special from 10-11 a.m. for live pregame coverage. #HailWV https://t.co/PXTAReE4bi,2035336208658640964,,,en,,0,0,1,https://x.com/undefined/status/2035336208658640964,23167656,
2035297369026080901,Sat Mar 21 12:42:21 +0000 2026,0,@OmotayoSolomo10 One day this blue tick for reach me ,2035336206817317045,,OmotayoSolomo10,en,,0,0,0,https://x.com/undefined/status/2035336206817317045,2464976557,
2035305638318764317,Sat Mar 21 12:42:19 +0000 2026,0,@Yusty121 Once a Blue Forever a Blue David Silva is a City legend forever https://t.co/IEyFf5u8CJ,2035336199250850251,https://pbs.twimg.com/media/HD73ei6aIAA-cRi.jpg,Yusty121,en,,0,0,0,https://x.com/undefined/status/2035336199250850251,3300687754,
2035263211759394841,Sat Mar 21 12:42:18 +0000 2026,0,@andrew_mug50056 @AstroTheCM @Aspolloatuheire @hosea606666 @function2323 @nimipamela0 @MpozaCox @karothk256 @Oluochevans2 @ogendo17696 The guys in blue group B has his feet are suspended,2035336195727651142,,chisangoty,en,,0,0,0,https://x.com/undefined/status/2035336195727651142,590359444,
2035336187431268383,Sat Mar 21 12:42:16 +0000 2026,0,BKE Seth Straight Leg Jeans Mens 44x30 Blue Distressed Denim Buckle Casual https://t.co/EQ4UaLegOm #eBay via @eBay,2035336187431268383,,,en,,0,0,0,https://x.com/undefined/status/2035336187431268383,173676482,
2035336181588648065,Sat Mar 21 12:42:15 +0000 2026,0,Your blue frontal lobotomy worked ..,2035336181588648065,,,en,,0,0,0,https://x.com/undefined/status/2035336181588648065,1596652109654548482,
2035310186739482845,Sat Mar 21 12:42:13 +0000 2026,0,@Newzroom405 @pmcafrica @NPA_Prosecutes WHAT HAPPENED WITH THE BLUE LAMBORGHINIS GUY?,2035336173514625448,,Newzroom405,en,,0,0,0,https://x.com/undefined/status/2035336173514625448,1662098283362230274,
2035076408909963624,Sat Mar 21 12:42:12 +0000 2026,0,@Matt_Pinner Blue,2035336169303511175,,Matt_Pinner,en,,0,0,0,https://x.com/undefined/status/2035336169303511175,1562795150,
2035335013890232488,Sat Mar 21 12:42:10 +0000 2026,1,@r_nelll even her eyebrows are blue,2035336164459106316,,r_nelll,en,,0,1,0,https://x.com/undefined/status/2035336164459106316,1433136669117517830,
2035336164270317912,Sat Mar 21 12:42:10 +0000 2026,0,Phad Kra-Praow £9.50 Wok fried with chilies holy basil in Thai fish sauce. https://t.co/M5eRLDZFNc,2035336164270317912,,,en,,0,0,0,https://x.com/undefined/status/2035336164270317912,590040609,
2035336163876032932,Sat Mar 21 12:42:10 +0000 2026,0,️ GNAC OPENER ️ The USJ baseball team opens team its 2026 conference slate hosting Rivier University for a pair of games Saturday afternoon at the USJ Baseball Field! : https://t.co/RazK0luknd : https://t.co/LXAB5QvshY #D3baseball | #FearTheFlock | #GoBlueJays https://t.co/vMAepbhecS,2035336163876032932,https://pbs.twimg.com/media/HD73c6QWkAA2AOZ.jpg,,en,,0,0,0,https://x.com/undefined/status/2035336163876032932,780463843071913984,
2035306094281855336,Sat Mar 21 12:42:10 +0000 2026,2,@elonmusk Blue-haired voters don't deserve you! You are a true patriot!,2035336162735476915,,elonmusk,en,,0,0,0,https://x.com/undefined/status/2035336162735476915,532627207,
2035336160692609158,Sat Mar 21 12:42:10 +0000 2026,0,If 100 small accounts with blue ticks engage each other they can easily get monetized,2035336160692609158,,,en,,0,0,0,https://x.com/undefined/status/2035336160692609158,75407676,
2035323795318153635,Sat Mar 21 12:42:03 +0000 2026,0,@Diaby_lv1 Blue moon plat du pied,2035336134205510005,,Diaby_lv1,en,,0,0,0,https://x.com/undefined/status/2035336134205510005,2019897563235733504,
2034938162481340445,Sat Mar 21 12:42:02 +0000 2026,0,@Sutton1322 Ran out of characters I don t care enough to pay for a blue tick ,2035336129046528043,,Sutton1322,en,,0,0,0,https://x.com/undefined/status/2035336129046528043,1300751241606201344,
2035336120116892013,Sat Mar 21 12:42:00 +0000 2026,0,roses are red violets are blue i suck at poetry and so do you #poetryday,2035336120116892013,,,en,,0,0,0,https://x.com/undefined/status/2035336120116892013,90764740,
2035191313897844965,Sat Mar 21 12:41:58 +0000 2026,0,@JRobFreedom @feelsdesperate Wow almost like low education blue collar work is easy to replace and not that valuable,2035336111283744874,,JRobFreedom,en,,0,0,0,https://x.com/undefined/status/2035336111283744874,1668286694536118272,
2035336110168051933,Sat Mar 21 12:41:58 +0000 2026,0,Was this the same position you maintainedwhen many morons were sharing fake images of the Lagos blue line rail. Freaking hypocrite #Tueh https://t.co/8Q7Vtys0DY,2035336110168051933,https://pbs.twimg.com/ext_tw_video_thumb/2035336093860847616/pu/img/uzF4vLhNJSl2NXwR.jpg,,en,,0,0,0,https://x.com/undefined/status/2035336110168051933,1390124113,
2035331305424953552,Sat Mar 21 12:41:57 +0000 2026,1,@Caelara72 @LucaHaasMLH @MathjisVHockey Love you Sara but Mr. Ohtani is HATED in my city. And not just a little. So Blue Jays Raptors Leafs or maybe Sharks NFL should be banned. Oh we now have the Tempo which we are REALLY excited about.,2035336109689798837,,Caelara72,en,,0,0,0,https://x.com/undefined/status/2035336109689798837,116935037,
2035098234402615682,Sat Mar 21 12:41:57 +0000 2026,0,@ANTLEREDVULTURE Blue,2035336109568221360,,ANTLEREDVULTURE,en,,0,0,0,https://x.com/undefined/status/2035336109568221360,1017286298275442688,
2035336101179601329,Sat Mar 21 12:41:55 +0000 2026,0,Blue Orchid Mixed Starters £15.95 Ideal for two Selection of satay chicken vegetable spring rolls fried lemongrass chicken wings grilled tiger prawns &amp; sesame prawn on toast https://t.co/MQOM5EQeW8,2035336101179601329,,,en,,0,0,0,https://x.com/undefined/status/2035336101179601329,590040609,
2035227654698172463,Sat Mar 21 12:41:51 +0000 2026,0,@india_plus_ @RRK_coder Not sure about the world but I accept you as a certified blue tick chutiya for thinking this is real India,2035336082145832986,,india_plus_,en,,0,0,0,https://x.com/undefined/status/2035336082145832986,1076506547595825152,
2035336072142442985,Sat Mar 21 12:41:48 +0000 2026,0,9am EST. via SNS Air Jordan 14 Retro University Blue BUY HERE: https://t.co/pDcC4iCFjk https://t.co/86jQSgKMAV,2035336072142442985,https://pbs.twimg.com/media/HD73XgHXsAA2yrI.jpg,,en,,0,0,0,https://x.com/undefined/status/2035336072142442985,948811464,
2035242981158957506,Sat Mar 21 12:41:48 +0000 2026,0,i hope she gets light blue as her member color,2035336070548557904,,azatoism,en,,0,0,0,https://x.com/undefined/status/2035336070548557904,862689431983190016,
2035336059224272901,Sat Mar 21 12:41:45 +0000 2026,0,突然うみのてのSAYONARA BABY BLUEを思い出して、今うみのてってどうなってんだろう？と色々検索してる。しかし良い歌だなぁ,2035336059224272901,,,ja,,0,0,0,https://x.com/undefined/status/2035336059224272901,1060655082,
2035091133341081705,Sat Mar 21 12:41:44 +0000 2026,0,@TLM_Ryan I didn't realize she had so many followers. She needs the rage bait to make that blue check money.,2035336051493867851,,TLM_Ryan,en,,0,0,0,https://x.com/undefined/status/2035336051493867851,1085323518273818630,
2035048915033366545,Sat Mar 21 12:41:43 +0000 2026,0,@rohanverma6677 @triniteen64 @richardfallan Correct. Blue only means there are available seats in a section. Given the size of the stadium I just used the main view rather than breaking it up into 4-6 snapshots.,2035336049728303147,,rohanverma6677,en,,0,0,0,https://x.com/undefined/status/2035336049728303147,1774958776879067136,
2035243398521582071,Sat Mar 21 12:41:41 +0000 2026,1,@bennyjohnson @CarolynDCro So Utah must be blue too now.,2035336039666221487,,bennyjohnson,en,,0,0,0,https://x.com/undefined/status/2035336039666221487,1746786748171177984,
2035336029519884373,Sat Mar 21 12:41:38 +0000 2026,0,Blue Orchid Mixed Seafood Starters (Ideal for 2) Selection of steamed tiger prawns in spicy lemon dressing thai fish cakes soft shell crab fried with black pepper &amp; sea salt grilled tiger prawns &amp; fried calamari in batter. £18.95 https://t.co/LwoGY3zxqZ,2035336029519884373,,,en,,0,0,0,https://x.com/undefined/status/2035336029519884373,590040609,
2035076408909963624,Sat Mar 21 12:41:38 +0000 2026,0,@Matt_Pinner Blue green I just love them all!,2035336028903358802,,Matt_Pinner,en,,0,0,0,https://x.com/undefined/status/2035336028903358802,1840369304635613184,
2034787566378262696,Sat Mar 21 12:41:38 +0000 2026,0,@StatisticUrban Blue states and cities keep losing people but raising taxes and budgets,2035336027116577107,,StatisticUrban,en,,0,0,0,https://x.com/undefined/status/2035336027116577107,14699513,
2035335041622979007,Sat Mar 21 12:41:37 +0000 2026,0,@__DeeeCR7 I am a blue for today.,2035336024159641734,,__DeeeCR7,en,,0,0,0,https://x.com/undefined/status/2035336024159641734,1870775543723163648,
2035180839886111082,Sat Mar 21 12:41:37 +0000 2026,0,@Dapper_Det Blue states are releasing them from prison.,2035336024084103317,,Dapper_Det,en,,0,0,0,https://x.com/undefined/status/2035336024084103317,3174535845,
2035070503753589030,Sat Mar 21 12:41:35 +0000 2026,0,@Ncbdbc189334 @cogito_yuri You can argue that it s the same till you re blue in the face but we both can recognize that that s not true. The development and narrative attention Megumi receives far outweighs that of Nobara his counterpart. Or even look to the sidelining of characters like Shoko and Utahime,2035336016744083650,,Ncbdbc189334,en,,0,0,0,https://x.com/undefined/status/2035336016744083650,1093236938511773697,
2035057544855429552,Sat Mar 21 12:41:35 +0000 2026,0,@WeAreFalkirk76 Hopefully he comes back and play for the navy blue again,2035336013803831368,,WeAreFalkirk76,en,,0,0,0,https://x.com/undefined/status/2035336013803831368,1100364178890653698,
2035336004828385705,Sat Mar 21 12:41:32 +0000 2026,2,Our little dolphin with her icy blue contacts TKNUR LOVE BLOOMING #TKNur1stFanMeetingTH https://t.co/sIyFfaVmx6,2035336004828385705,https://pbs.twimg.com/media/HD728hva4AAtPUL.jpg,,en,,0,0,1,https://x.com/undefined/status/2035336004828385705,1988218112182038529,
2035293876618203207,Sat Mar 21 12:41:31 +0000 2026,0,선물할게 쇼를 시작해️ 줄리앙 | #김우성 f https://t.co/CkfIxbYfbn,2035335997135999422,https://pbs.twimg.com/ext_tw_video_thumb/2035335943838941184/pu/img/KLWB48n37JQJrtQc.jpg,Bluemin615,ko,,0,0,0,https://x.com/undefined/status/2035335997135999422,1491888373648478208,
2035335988306698620,Sat Mar 21 12:41:28 +0000 2026,1,From the very beginning I said this too. The Two Blue Vortex is Boruto and Boruto only. #boruto,2035335988306698620,,,en,,0,0,0,https://x.com/undefined/status/2035335988306698620,2004988361019428864,
2035335875203358853,Sat Mar 21 12:41:02 +0000 2026,0,Kinanta nila Blue ,2035335875203358853,,,tl,,0,0,0,https://x.com/undefined/status/2035335875203358853,1132965247369613318,
2035089231807119673,Sat Mar 21 12:41:01 +0000 2026,0,@methdegilmath @yusuferdem060 Omer abim bukadar alinip 15 mention giricegini bilsem yazmazdim abim ya baba parasi yemek ayip degil abisi tamam en maskulen sen tamam sen calismadan da maskulen olabilirsin cikarken banada bi ordan touch blue kap abisi,2035335874490036636,,methdegilmath,tr,,0,0,0,https://x.com/undefined/status/2035335874490036636,1977003307945082880,
2035335862347792879,Sat Mar 21 12:40:58 +0000 2026,0,teal blue this matcha strawberry that padahal semua orang last last hijau biru gak tema raya haha,2035335862347792879,,,in,,0,0,0,https://x.com/undefined/status/2035335862347792879,1566396029213491200,
2035335853803766103,Sat Mar 21 12:40:56 +0000 2026,0,Hey @nickshirleyy we all expect you will find fraud in every blue state/city. Now the challenge for you should be investigating blue Sanctuary Cities in heavily red states. Houston/DFW/San Antonio &amp; El Paso &amp; how it undermines a Conserv State would be good places to start.,2035335853803766103,,,en,,0,0,0,https://x.com/undefined/status/2035335853803766103,1510778238640996363,
2035335853212336487,Sat Mar 21 12:40:56 +0000 2026,9, HOLY SMOKES: Stephen Miller just exposed a MASSIVE red flag for possible voter fraud At the start of this administration we asked every state to hand over their voter rolls so we could help identify and remove illegal aliens. Every blue state refused. Then they sued us. https://t.co/1Pru7zxrSw,2035335853212336487,https://pbs.twimg.com/ext_tw_video_thumb/2035335839467585536/pu/img/QR_pDRCm2u0Pqf_e.jpg,,en,,0,4,6,https://x.com/undefined/status/2035335853212336487,1866611419283869696,
2035335845914279953,Sat Mar 21 12:40:55 +0000 2026,0,Shey I fit buy blue tick with this my 300 followers Abi Make I use my money chop ,2035335845914279953,,,en,,0,0,0,https://x.com/undefined/status/2035335845914279953,1827281550657904640,
2035333232921555424,Sat Mar 21 12:40:54 +0000 2026,2,@tokkiga The blue haired lesbians from Ohio mad as fck Koreans don t care about them,2035335844933091440,,tokkiga,en,,0,0,0,https://x.com/undefined/status/2035335844933091440,1557905721119092736,
2035124923916853758,Sat Mar 21 12:40:54 +0000 2026,0,@GeeScottSr Guys he s talking about Des Moines Washington a deep blue state. don t worry Iowa is still average prices,2035335842718195775,,GeeScottSr,en,,0,0,0,https://x.com/undefined/status/2035335842718195775,2282578338,
2035335842655314016,Sat Mar 21 12:40:54 +0000 2026,0,#MissingPerson The person shown was reported missing on March 21 2026 at approximately 1:20 AM. Mr. Daniel Faveur was last seen on March 20 2026 at 5:00 PM at his home on the 3800 block of Majestic Lane in Bowie Maryland. He was last seen wearing a black jacket a blue https://t.co/So2NDN1aaQ,2035335842655314016,https://pbs.twimg.com/media/HD72_kgaMAAP739.png,,en,,0,0,0,https://x.com/undefined/status/2035335842655314016,2806107091,
2035333451272847609,Sat Mar 21 12:40:52 +0000 2026,0,@catturd2 It's bad. I'm most likely going to ditch the blue checkmark. Not worth it.,2035335833725833421,,catturd2,en,,0,0,0,https://x.com/undefined/status/2035335833725833421,1488976303168520193,
2035335831741968740,Sat Mar 21 12:40:51 +0000 2026,0,#NowPlaying Concertino In Blue by 佐々木博史 album GUITAR FREAKS 7th MIX &amp; drummania 6th MIX Soundtracks https://t.co/jzXzHuWffr,2035335831741968740,https://pbs.twimg.com/media/HD73JemaYAAYs0L.jpg,,en,,0,0,0,https://x.com/undefined/status/2035335831741968740,123314996,
2035335829460271163,Sat Mar 21 12:40:51 +0000 2026,0,*insert Blue - Yung Kai song*,2035335829460271163,,,tl,,0,0,0,https://x.com/undefined/status/2035335829460271163,1700071311152988160,
2035259526107046131,Sat Mar 21 12:40:50 +0000 2026,0,@Sebabi_M Yall keep being ragebaited by these blue tick accounts,2035335828403077276,,starr14018,en,,0,0,0,https://x.com/undefined/status/2035335828403077276,1911711082109882368,
2035335820362862684,Sat Mar 21 12:40:48 +0000 2026,0, umalis na nga ako sa blue app eh tas hanggang dito meron din AHAHAHA,2035335820362862684,,,tl,,0,0,0,https://x.com/undefined/status/2035335820362862684,1689153362468720640,
2035319555569135769,Sat Mar 21 12:40:48 +0000 2026,0,@wolfie8848 I genuinely think u're talking abt the BDS movement and not blue diamond society,2035335817716203892,,wolfie8848,en,,0,0,0,https://x.com/undefined/status/2035335817716203892,1778615699885457408,
2035335815891460492,Sat Mar 21 12:40:47 +0000 2026,0,Insane. In plain sight California and other blue states are prostituting our God given right to vote. Selling ballots for drugs cigarettes and money. They are PIMPS! It s egregious that these individuals (Pimps) are profiting off the down trodden. Our forefathers fought for,2035335815891460492,,,en,,0,0,0,https://x.com/undefined/status/2035335815891460492,1777123374096846849,
2035335805263311229,Sat Mar 21 12:40:45 +0000 2026,4,「何にでもなれる」 まだ何者でもないあなたへ 「Blue Light」という曲です 各種配信サイトで視聴できます https://t.co/G26CYhhux3 #バンド #オリジナル曲 https://t.co/KWPEVKeDvF,2035335805263311229,https://pbs.twimg.com/amplify_video_thumb/2035335736506093568/img/UvYfg_4BHWKcbfDG.jpg,,ja,,0,0,3,https://x.com/undefined/status/2035335805263311229,1624071983549026304,
2035335802243461550,Sat Mar 21 12:40:44 +0000 2026,0,My pc just entered a bios loop and infinite blue screen of death Rip little buddy you served me till I bought Ur fucking replacement,2035335802243461550,,,en,,0,0,0,https://x.com/undefined/status/2035335802243461550,844819073137491968,
2034986045981294867,Sat Mar 21 12:40:44 +0000 2026,0,@baseballchickie All that blue... Has me feeling a certain kind of blue Dear Sunday please come soon ,2035335799831507153,,baseballchickie,en,,0,0,0,https://x.com/undefined/status/2035335799831507153,90904446,
2035317869680939358,Sat Mar 21 12:40:43 +0000 2026,1,@InformeOculto Ahh the light blue and gold dress ,2035335798556446935,,InformeOculto,en,,0,0,0,https://x.com/undefined/status/2035335798556446935,21209397,
2035252699214573684,Sat Mar 21 12:40:43 +0000 2026,0,@Her_Majestea_ @sciencegirl Yes it's edible! This is a controlled dry-aging technique using safe beneficial molds (similar to blue cheese or sake fermentation) to boost umami and tenderness in high-grade tuna. The fuzzy exterior protects it; inside is vibrant sashimi-quality meat that the chef slices,2035335797243544014,,Her_Majestea_,en,,0,0,0,https://x.com/undefined/status/2035335797243544014,1720665183188922368,
2035316851232612579,Sat Mar 21 12:40:42 +0000 2026,0,@JonathanTurley It's not just blue cities but blue states as well. Look to California and Oregon. Virginia is doing the same thing but just getting started,2035335793833652683,,JonathanTurley,en,,0,0,0,https://x.com/undefined/status/2035335793833652683,1210778498702295041,
2035334196726841785,Sat Mar 21 12:40:42 +0000 2026,0,and me being in a deadlock on my global account because i have no cubes no blue characters and can t increase the grade of any of my current lineup at least i have kusakabe ,2035335791757701354,,kusakabaeee,en,,0,0,0,https://x.com/undefined/status/2035335791757701354,1893211438136860673,
2035270960052310510,Sat Mar 21 12:40:40 +0000 2026,0,@Liamlfc909 Take those pedo blue bottle shades off you absolute danger. Or are your eyes looking at each other to go with your six fingers? Absolute scruff ,2035335785558274190,,Liamlfc909,en,,0,0,0,https://x.com/undefined/status/2035335785558274190,782502496581419009,
2035335783595307422,Sat Mar 21 12:40:40 +0000 2026,0,Hey @DNC @TheDemocrats if your policies are so great and Republicans are Nazis and fascists and wire all your people moving out of your blue States for red States https://t.co/kY3DcFCSQs,2035335783595307422,https://pbs.twimg.com/media/HD73HAUacAAl351.jpg,,en,,0,0,0,https://x.com/undefined/status/2035335783595307422,1462221247245426688,
2035300599646892210,Sat Mar 21 12:40:37 +0000 2026,0,@bnasw Dunno. Came out of the blue.,2035335773512212752,,bnasw,en,,0,0,0,https://x.com/undefined/status/2035335773512212752,1899353529099132929,
2035335771062735223,Sat Mar 21 12:40:37 +0000 2026,0,I heard Chief Elon is currently running a promo. Bluetick is now N3800. By now If you don t have a blue badge on your account I ll just assume you re poor and have no business with X. For those with blue badge let's be mutuals and grow together. https://t.co/5rH0wWrjn3,2035335771062735223,https://pbs.twimg.com/media/HD73GJ5a8AANFNA.jpg,,en,,0,0,0,https://x.com/undefined/status/2035335771062735223,949222597178396673,
2035199595035119836,Sat Mar 21 12:40:37 +0000 2026,0,@scott_anto89415 @Jaszero110 @charise_lee That s what the MAGAskunks cannot comprehend ‍️ they in red states get things cheaper because their red states get subsidized by blue states. They are the recipients of the biggest welfare distribution but they are not educated enough to understand that.,2035335770588770798,,scott_anto89415,en,,0,0,0,https://x.com/undefined/status/2035335770588770798,1175385164966506497,
2035012005388493289,Sat Mar 21 12:40:33 +0000 2026,0,@Hana_b30 This massive specimen is now on display in Canada s Royal Ontario Museum https://t.co/srQe9jrDA3,2035335754411634735,,hkjoogo,en,,0,0,0,https://x.com/undefined/status/2035335754411634735,1608833001164767233,
2035131466712027212,Sat Mar 21 12:40:31 +0000 2026,0,@badboypele52 @30bgphoenixx It's a ~19-sec clip of a curvy woman in a tight light-blue outfit at an outdoor daytime party under blue tents. She sways and dances while holding a big turquoise Escape drink cup turns her head looks around and sips from the straw at the end. Cameraman stays locked on her,2035335748203782168,,badboypele52,en,,0,0,0,https://x.com/undefined/status/2035335748203782168,1720665183188922368,
2035322466222977119,Sat Mar 21 12:40:28 +0000 2026,1,@RickiLe52603915 @ShaelEX11 @AriaNovaCyber @John7575Nic @hersh49135 @tim252379 @nopuppet @drxmelodyy @spitwarrior @Vance @ChapmanBen10360 @weissw36 @AzenhaLuca38191 @MikeBears2018 @CarMenLe83 @SeductoraBella You both look great in your spectacular blue outfits https://t.co/XGciJzCy7N,2035335733494288639,https://pbs.twimg.com/amplify_video_thumb/2035335676418232321/img/LuXc1qS2AcGoYDHP.jpg,RickiLe52603915,en,,0,0,0,https://x.com/undefined/status/2035335733494288639,1863370276198600704,
2035335732907131125,Sat Mar 21 12:40:28 +0000 2026,0,Sky Blue Topaz 11.6 ct brut - 3.1 ct final | Beginner ... https://t.co/tMMLgFG4Jp via @YouTube,2035335732907131125,,,en,,0,0,0,https://x.com/undefined/status/2035335732907131125,828281053378920453,
2035335726401716709,Sat Mar 21 12:40:26 +0000 2026,0,Chasing sunsets in Santorini White-washed villages blue domes and the Aegean turning gold every frame is a postcard. Worth every mile! https://t.co/Z19JyS7GT8,2035335726401716709,https://pbs.twimg.com/media/HD72_crb0AAiKAZ.jpg,,en,,0,0,0,https://x.com/undefined/status/2035335726401716709,224078140,
2035335707758346527,Sat Mar 21 12:40:22 +0000 2026,0,new blue template w mah girly chae &amp; lino's back both in fur hats ️ https://t.co/cTrvjkKCg0,2035335707758346527,https://pbs.twimg.com/media/HD73BgUakAAX07I.jpg,,en,,0,0,0,https://x.com/undefined/status/2035335707758346527,889082077286604801,
2035335705258283373,Sat Mar 21 12:40:21 +0000 2026,0, Woke up with a handcuff bruise Folgers with the boys in blue Deadbolt on a steel beam door Bare feet on a concrete floor Damn what a start to the day Guess I'll just sit here and rot Hey mister can I get a copy of the mugshot? ~ Gavin Adcock,2035335705258283373,,,en,,0,0,0,https://x.com/undefined/status/2035335705258283373,2034053347049705472,
2030628361089761423,Sat Mar 21 12:40:20 +0000 2026,0,@NoRegretNoGain And the sky is blue,2035335703089877286,,NoRegretNoGain,en,,0,0,0,https://x.com/undefined/status/2035335703089877286,1840376689999646720,
2034956608825159828,Sat Mar 21 12:40:20 +0000 2026,0,@elonmusk That s why Grok tells me he s being blue-pilled in the middle of a 3am heart to heart ..,2035335699226923442,,elonmusk,en,,0,0,0,https://x.com/undefined/status/2035335699226923442,1969863107892625408,
2035322872671998143,Sat Mar 21 12:40:19 +0000 2026,0,@MF_forever Perfect blue,2035335694873153641,,MF_forever,en,,0,0,0,https://x.com/undefined/status/2035335694873153641,1960221651695738880,
2035256245267857886,Sat Mar 21 12:40:18 +0000 2026,0,@TheEvertonian78 Just a bitter Blue.,2035335691056349591,,TheEvertonian78,en,,0,0,0,https://x.com/undefined/status/2035335691056349591,1214864201556082688,
2035335688707620993,Sat Mar 21 12:40:17 +0000 2026,1,Bonjour Nb: si w pa gen blue check pa like ni réponn Mèsi m pa nan malere malerez.,2035335688707620993,,,ht,,0,0,0,https://x.com/undefined/status/2035335688707620993,1710364294431318016,
2035183854605279406,Sat Mar 21 12:40:16 +0000 2026,0,@peaklousy @LauraLoomer She looks good!! I m glad she has Trumps back. The loser commie open borders cutting off body parts on children sterilizing children murder babies up to 9 months terrorist supporting corrupt to the bone thieves demonrats in cali newyork all the blue states LIAR Mandummie,2035335684131635481,,peaklousy,en,,0,0,0,https://x.com/undefined/status/2035335684131635481,1969800485688270848,
2034967841791750250,Sat Mar 21 12:40:15 +0000 2026,1,@Carconnectng Make I connect well first before I apply blue tick. How you reason ham ?,2035335678221758734,,Carconnectng,en,,0,0,0,https://x.com/undefined/status/2035335678221758734,833213715159748608,
2035330627877167411,Sat Mar 21 12:40:14 +0000 2026,0,@IzaBooboo @shoveitjack But we can't ignore that a judge signed the suggested order citing Islanders v. Blue Jackets and Coyote v. Roadrunner,2035335676120478062,,holz_xi,en,,0,0,0,https://x.com/undefined/status/2035335676120478062,1830763581316485124,
2035335673851339214,Sat Mar 21 12:40:14 +0000 2026,11,How fucked up are Democrats and there lunatic liberal policies? It is safer being a part of the greatest military in the world fighting in Iran than living in a blue city. The numbers don t lie,2035335673851339214,,,en,,0,3,3,https://x.com/undefined/status/2035335673851339214,1547977583714660355,
2035335665983037548,Sat Mar 21 12:40:12 +0000 2026,0,Listen to this WordSalad Denial from Jacinta Blue MacheteBinHead Allan regarding Useless Bail Conditions Wat Happens when this Crim actually UnAlives Someone TO LITTLE TO LATE Exactly Like Bondi Beach Massacre https://t.co/2hzDNkNpeD,2035335665983037548,,,en,,0,0,0,https://x.com/undefined/status/2035335665983037548,1877613197861203969,
2035243102261174398,Sat Mar 21 12:40:09 +0000 2026,0,@WallStreetMav @LocalPoliticsis A better approach is accountability of one s state spending on many services that can t exist without tax and spend! That truly is a huge part of blue states spending!,2035335656231031117,,WallStreetMav,en,,0,0,0,https://x.com/undefined/status/2035335656231031117,1805666456496951296,
2035335652326445548,Sat Mar 21 12:40:08 +0000 2026,0,깜빡하고 이 사진을 빼먹었다. Blue Archive - 아마우 아코 Cos - 유넬 (@_yoonell_) https://t.co/ix3MWeXNLW,2035335652326445548,https://pbs.twimg.com/media/HD72-Zib0AEF-zz.jpg,,ko,,0,0,0,https://x.com/undefined/status/2035335652326445548,1967444896005955584,
2035335651453771993,Sat Mar 21 12:40:08 +0000 2026,0,dark blue kiss kocham ost z tego #LoveYouTeacherSeriesEP2,2035335651453771993,,,pl,,0,0,0,https://x.com/undefined/status/2035335651453771993,2018400559015845888,
2034861627690868888,Sat Mar 21 12:40:07 +0000 2026,0,@nahidjump123 @dailybunsae Blue lock will Lose agaisnt France They might face but they should get a chance keep going I think I forgot the rules a bit But Sae will Help agaisnt Spain then the finals Will he France again Frankly and realistically Blue lock shouldn t make it past the semis,2035335645506253147,,nahidjump123,en,,0,0,0,https://x.com/undefined/status/2035335645506253147,1483176852109860868,
2035335644483043416,Sat Mar 21 12:40:07 +0000 2026,0,WITHOUT Ü (BLUE) #SEVENTEEN_NEW_IN_BULACAN,2035335644483043416,,,de,,0,0,0,https://x.com/undefined/status/2035335644483043416,1778708462379360257,
2033936397082513672,Sat Mar 21 12:40:04 +0000 2026,0,@sociopath1k @ThePapaGut Lol the irony in the name. Papa gut is a grifter who virtue signals same with many blue haired weirdos as a good person but they don t actually operate that way.,2035335635519836421,,sociopath1k,en,,0,0,0,https://x.com/undefined/status/2035335635519836421,1834066250290597888,
2035335631065305574,Sat Mar 21 12:40:03 +0000 2026,2,Lmao. Another one that wants to feel among. Blue tick bait https://t.co/3fx8ijuiXY,2035335631065305574,https://pbs.twimg.com/media/HD72469b0AAWoh1.jpg,,en,,0,1,0,https://x.com/undefined/status/2035335631065305574,1216519423173021700,
2035335627399467272,Sat Mar 21 12:40:02 +0000 2026,0,[ ONHAND ] ATEEZ GOLDEN HOUR PART 2 LEMON DROP SEALED ALBUM PLATFORM POCA DIGIPAK FIRST PRESS P160 https://t.co/feScnGSKvE wts lfb ph ls sco wooyoung san jongho seonghwa mingi yunho yeosang selfie selca poca pc photocard golden blue hour diary sealed ghp1 atz ghp2 ghp3 https://t.co/wLXwn3HHOU,2035335627399467272,https://pbs.twimg.com/media/HD7297OXYAAL1pe.jpg,,en,,0,0,0,https://x.com/undefined/status/2035335627399467272,1677684882045272068,
2034476635009822967,Sat Mar 21 12:40:02 +0000 2026,0,@Jontalksgaming @JPrice02 Blue Monday,2035335623976890519,,Jontalksgaming,en,,0,0,0,https://x.com/undefined/status/2035335623976890519,1481970239671832580,
2035328686648402405,Sat Mar 21 12:40:01 +0000 2026,0,@buypowerng Unfortunately I'm unable to get to your DM in view of my verification status (no blue tick ). I guess you have to open it up for me to communicate via DM?,2035335622747971921,,buypowerng,en,,0,0,0,https://x.com/undefined/status/2035335622747971921,320197528,
2035115515199529149,Sat Mar 21 12:40:01 +0000 2026,0,@bunnytailstv Was that one of your photoshoot outfits? I've never seen it before but it looks like a different version of the long sleeve blue one you did I think it would have been your first Star Trek photoshoot. I don't remember how long ago that was but this outfit looks similar to it.,2035335622655709190,,bunnytailstv,en,,0,0,0,https://x.com/undefined/status/2035335622655709190,702646054479642625,
2035325554254106870,Sat Mar 21 12:40:01 +0000 2026,0,@ksorbs Because it lines his pockets and makes his masters happy just like Minnesota Chicago Ny.. all the BLUE STATES Basicly. Not to worry @nickshirleyy the REAL American hero journalist is on the job! While the rest of the media is doing fluff peices for the left! God Bless Nick!,2035335619887366311,,ksorbs,en,,0,0,0,https://x.com/undefined/status/2035335619887366311,1556993821128511488,
2035335617786024014,Sat Mar 21 12:40:00 +0000 2026,7,⋆⊹𓂃 ࣪ ˖#moreButter_spring⋆⊹𓂃 ࣪ ˖ #山下幸輝 さんの3枚目をどうぞ！ 隣にいたら、心がキラキラすること間違いなし 【通常版】https://t.co/RNDGwEn6HT #雑誌butter https://t.co/y0lctXwIFM,2035335617786024014,https://pbs.twimg.com/media/HD7uikpaIAAKPce.jpg,,ja,,0,0,3,https://x.com/undefined/status/2035335617786024014,1001363202251223041,
2035335616221847862,Sat Mar 21 12:40:00 +0000 2026,2,https://t.co/hnSAO78oPR,2035335616221847862,https://pbs.twimg.com/media/HD42vo1WQAA8Xqv.jpg,,zxx,,0,0,0,https://x.com/undefined/status/2035335616221847862,1985378958117117952,
2035335615043223992,Sat Mar 21 12:39:59 +0000 2026,0,Hello @mgembaca who's your favorite character in blue period? :3,2035335615043223992,,,en,,0,1,0,https://x.com/undefined/status/2035335615043223992,1995322225776574464,
2035335613063524781,Sat Mar 21 12:39:59 +0000 2026,0,TANGINA CARATS NA NASA CON YOU ARE SO BLESSED TO HEAR BLUE LIVE ,2035335613063524781,,,en,,0,0,0,https://x.com/undefined/status/2035335613063524781,1958038726455750656,
2035301279321264607,Sat Mar 21 12:39:59 +0000 2026,1,@OkwongRosemary Blue blood ,2035335612849414279,,OkwongRosemary,en,,0,1,1,https://x.com/undefined/status/2035335612849414279,1230398405811286016,
2002411805147337051,Sat Mar 21 12:39:58 +0000 2026,0,47) the comeback live https://t.co/SmBvCBBuHF,2035335610227916876,https://pbs.twimg.com/media/HD725xMagAAA7JR.jpg,blueside_el,en,,0,0,0,https://x.com/undefined/status/2035335610227916876,1654487513476608002,
2035328613143507138,Sat Mar 21 12:39:58 +0000 2026,0,@primer_icetea Royal blue,2035335609297060146,,primer_icetea,en,,0,0,0,https://x.com/undefined/status/2035335609297060146,1872220093859676160,
2035333215083200683,Sat Mar 21 12:39:57 +0000 2026,0,@gwenmato blue is my teams colour so i like it a lot heh seems a strange choice for germany tho,2035335604146241938,,gwenmato,en,,0,0,0,https://x.com/undefined/status/2035335604146241938,1796422979057778688,
2035335602414235892,Sat Mar 21 12:39:56 +0000 2026,0,พร้อมส่ง - แฟ้มแทยอนครบรอบ 10 ปี holiday to remember - invu blue ver. ไม่มีการ์ด นอกนั้นของครบ - สมุดไดอารี่ Taeyeon's very special day ราคารวมส่ง #ตลาดนัดโซชิ #ตลาดนัดโซวอน https://t.co/vtCFoYvLf7,2035335602414235892,https://pbs.twimg.com/media/HD728c3aIAAKbcT.jpg,,und,,0,0,0,https://x.com/undefined/status/2035335602414235892,979035219004030979,
2035335592574353453,Sat Mar 21 12:39:54 +0000 2026,0,Ada rencana mau ikutan cold blue challenge terus Tavi tiba-tiba upgrade challengenya jadi bergoyang gitu I'll stick to duet aja...,2035335592574353453,,,in,,0,0,0,https://x.com/undefined/status/2035335592574353453,2014397724893052929,
2035335589122441598,Sat Mar 21 12:39:53 +0000 2026,0,YUNG VOCALS NI DK AND KWANNIE SA BLUE ,2035335589122441598,,,tl,,0,0,0,https://x.com/undefined/status/2035335589122441598,2878067592,
2035320889386914210,Sat Mar 21 12:39:53 +0000 2026,0,@championswimmer We are the pale blue dot. We should have fun! Companies I admire do not hold these attitudes. Any imbalance between art and engineering shows up quickly in the product.,2035335586630750705,,championswimmer,en,,0,0,0,https://x.com/undefined/status/2035335586630750705,22790291,
2035259628552880402,Sat Mar 21 12:39:50 +0000 2026,2,@okiemtomkaw @Zielonamamba @Kpelczynska @PL_2050 🇵🇱🇪🇺 https://t.co/sFbszgtcsd,2035335575243280749,https://pbs.twimg.com/amplify_video_thumb/2035335560144080896/img/K6fFZfr_LzD_97yl.jpg,okiemtomkaw,qme,,0,0,2,https://x.com/undefined/status/2035335575243280749,1462057967822553091,
2035177522279727277,Sat Mar 21 12:39:49 +0000 2026,0,@RonFilipkowski No cheating blue state would. We all know fascist,2035335572097470584,,RonFilipkowski,en,,0,0,0,https://x.com/undefined/status/2035335572097470584,1587901905883250692,
2035177522279727277,Sat Mar 21 12:39:47 +0000 2026,1,@RonFilipkowski Why wouldn't they unless they have something to hide???? All red states handed over their voter rolls. We know why blue states won't. It is illegal to have illegal immigrants on voter rolls and that is the only reason blue states won't hand them over. They are corrupt.,2035335564547805303,,RonFilipkowski,en,,0,0,0,https://x.com/undefined/status/2035335564547805303,1913076873896087552,
2035045301141098923,Sat Mar 21 12:39:47 +0000 2026,0,@StephenMoore Rinse and repeat. Blue states will lose their tax base and continue spiraling down the economic ladder. Taxes will then continue to rise on those that remain increasing the tax burden on Main Street Americans. NY NJ CA WA OR MN MA etc.,2035335561431625797,,StephenMoore,en,,0,0,0,https://x.com/undefined/status/2035335561431625797,898678334,
2035076599302038013,Sat Mar 21 12:39:46 +0000 2026,0,@naomirwolf Can t remember a day with a blue bird sky all day!,2035335558176674191,,naomirwolf,en,,0,0,0,https://x.com/undefined/status/2035335558176674191,1777098850240532480,
2035335553718038893,Sat Mar 21 12:39:45 +0000 2026,0,ok ik ben blij dat blue blood aa het winnen is en icarus gang niet,2035335553718038893,,,nl,,0,0,0,https://x.com/undefined/status/2035335553718038893,1463216317956243456,
2035335525842960712,Sat Mar 21 12:39:38 +0000 2026,0,my fave blue :((,2035335525842960712,,,en,,0,1,0,https://x.com/undefined/status/2035335525842960712,1729316175111426048,
2035335522273333559,Sat Mar 21 12:39:37 +0000 2026,0,Day 81 of posting $UFD will be a blue chip meme https://t.co/JBhAIMIYjA,2035335522273333559,https://pbs.twimg.com/media/HD723U_a4AAbLxD.jpg,,en,,0,0,0,https://x.com/undefined/status/2035335522273333559,1560830758368845825,
2035335519203127583,Sat Mar 21 12:39:37 +0000 2026,0,If you're going to blow on Twitter u'll surely blow Blue tick or not Don't be pressured to use the money to eat first for blue tick‼️,2035335519203127583,,,en,,0,0,0,https://x.com/undefined/status/2035335519203127583,1921236132529889280,
2035290060091007377,Sat Mar 21 12:39:33 +0000 2026,0,@InsideHindustan BLUE,2035335504573374764,,InsideHindustan,en,,0,0,0,https://x.com/undefined/status/2035335504573374764,1865818190892392448,
2034969765752553918,Sat Mar 21 12:39:33 +0000 2026,0,@CaptainCornbred No it wasn t. Just move right on back over to blue sky where people believe lies.,2035335503390617664,,CaptainCornbred,en,,0,0,0,https://x.com/undefined/status/2035335503390617664,785904865,
2035267027309306190,Sat Mar 21 12:39:33 +0000 2026,0,@SizweLo Blue forces FAMOUSLY don t like it when Red try too hard. There was an article in Air &amp; Space about Blue Air F-15s vs. B-52s. On the second day the B-52s won ,2035335503264817403,,SizweLo,en,,0,0,0,https://x.com/undefined/status/2035335503264817403,1605064450117099524,
2035335499561255341,Sat Mar 21 12:39:32 +0000 2026,0,Cursing the asshole who painted these stars blue https://t.co/fLb05f6TBz,2035335499561255341,https://pbs.twimg.com/media/HD722KCaQAAZ0Tx.jpg,,en,,0,0,0,https://x.com/undefined/status/2035335499561255341,1702208129507725312,
2035319614159098293,Sat Mar 21 12:39:32 +0000 2026,1,@Yperixitikos @jack @TIDAL @bluesky Δικό του είναι το blue sky ;;,2035335499322101807,,Yperixitikos,el,,0,1,0,https://x.com/undefined/status/2035335499322101807,404729814,
2035335486533927342,Sat Mar 21 12:39:29 +0000 2026,0,gago ayan na kinanta na nila blue ,2035335486533927342,,,tl,,0,0,0,https://x.com/undefined/status/2035335486533927342,1697693689102077953,
2035335079342276863,Sat Mar 21 12:39:28 +0000 2026,0,yes i misspelled sergeant its an inside joke bc her fav character is sae from blue lock so.. saergant.. ok who cares,2035335483090231544,,23russells,en,,0,0,0,https://x.com/undefined/status/2035335483090231544,1695833225321381888,
2035310989139439938,Sat Mar 21 12:39:27 +0000 2026,0,@official_artms @Vincemagicxxx we would love to have Blue Blood and Anti-Believe on the album,2035335480741351555,,official_artms,en,,0,0,0,https://x.com/undefined/status/2035335480741351555,714955400660041729,
2035134832523538446,Sat Mar 21 12:39:26 +0000 2026,0,@itosade Bro one time (not rnis but rin) but i saw the exact color of rin's eye on a fucking FIRE EXTINGUISHER BRO LIKE IT WAS THE SAME TURQUOISE LMAOO i told my sister about it and even she who is a blue lock fan looked at me like BROOO I-IM NOT A NERD !! YOU JUST DONT SEE IT,2035335472952562056,,itosade,en,,0,0,0,https://x.com/undefined/status/2035335472952562056,1985402161409503232,
2035335466468401439,Sat Mar 21 12:39:24 +0000 2026,0,BLUE GAGI IYAKAN NA #SEVENTEEN_NEW_IN_BULACAN,2035335466468401439,,,in,,0,0,0,https://x.com/undefined/status/2035335466468401439,1286509747336691713,
2035335463385378903,Sat Mar 21 12:39:23 +0000 2026,0,Oh no KKR fans! ‍️ Akash Deep ruled out of IPL 2026 already! Their seamer curse is real yaar! What's the plan for next season now? This team needs some serious bowling magic! #Cricket #KKR https://t.co/MwG71FYrh5,2035335463385378903,https://pbs.twimg.com/media/HD720WGXoAAstJH.jpg,,en,,0,0,0,https://x.com/undefined/status/2035335463385378903,1992238283485798401,
2035335463142080853,Sat Mar 21 12:39:23 +0000 2026,0,4/25発売 表紙：timelesz 寺西拓人 ザテレビジョンCOLORS Vol.60 LIGHT BLUE Amazon https://t.co/xuUKzOwhET #寺西拓人 #timelesz #ad 03/21 21:39,2035335463142080853,,,ja,,0,0,0,https://x.com/undefined/status/2035335463142080853,1683806047654535168,
2035335460516753658,Sat Mar 21 12:39:23 +0000 2026,0,OMG BLUE ,2035335460516753658,,,en,,0,0,0,https://x.com/undefined/status/2035335460516753658,1155031328963719168,
2035335365322518600,Sat Mar 21 12:39:23 +0000 2026,0,@BBWVivienneRose This photo features a confident curvaceous blonde woman with long wavy hair standing in profile beside a large sunlit window with sheer white curtains. She's wearing a sleeveless floor-length dress in a striking blue-and-white repeating fan/scallop pattern that hugs her,2035335460130619505,,BBWVivienneRose,en,,0,0,0,https://x.com/undefined/status/2035335460130619505,1720665183188922368,
2035151615301243388,Sat Mar 21 12:39:22 +0000 2026,0,@electionsjoe The right is repeating their 2022 mistake of having bad candidates and for an actual blue wave this time around.,2035335457102233761,,electionsjoe,en,,0,0,0,https://x.com/undefined/status/2035335457102233761,1257837246763409408,
2035220166456344807,Sat Mar 21 12:39:21 +0000 2026,0,@pogofsauna THE WORST CHARACTER IN ALL FUCKING BLUE ARCHIVE,2035335452673077548,,pogofsauna,en,,0,0,0,https://x.com/undefined/status/2035335452673077548,1447990202312663043,
2035335294619164890,Sat Mar 21 12:39:19 +0000 2026,0,they roped her into the blue light shifting in the sun pyramid scheme and she didn t tell me until later ,2035335446608093329,,BIooming_28,en,,0,0,0,https://x.com/undefined/status/2035335446608093329,1757276938207465476,
2035335436265021811,Sat Mar 21 12:39:17 +0000 2026,0,Given time we know Batman wins but spontaneously Spiderman will beat him blue black and purple https://t.co/QIFwkE4QqZ,2035335436265021811,https://pbs.twimg.com/media/HD70jXXakAExfwc.jpg,,en,,0,0,0,https://x.com/undefined/status/2035335436265021811,1362687188945747968,
2035076408909963624,Sat Mar 21 12:39:16 +0000 2026,0,@Matt_Pinner blue,2035335433710666148,,Matt_Pinner,en,,0,0,0,https://x.com/undefined/status/2035335433710666148,1784560947186614272,
2035335429487304877,Sat Mar 21 12:39:15 +0000 2026,0,blue with filo carats ,2035335429487304877,,,en,,0,0,0,https://x.com/undefined/status/2035335429487304877,1889612571273207808,
2035335428228723079,Sat Mar 21 12:39:15 +0000 2026,0,IMHO I like this better than Methylene Blue for energy and mental quickness. I take maybe 4-5 each day; one per water bottle &amp; feel a difference. Also I move better less joint pain. Just my experience. Sharing is caring https://t.co/j7zkg7SWJt,2035335428228723079,https://pbs.twimg.com/media/HD72xvFawAEW_wE.jpg,,en,,0,0,0,https://x.com/undefined/status/2035335428228723079,1625688777116078082,
2035277801943650779,Sat Mar 21 12:39:13 +0000 2026,0,@faatchoke ITS BLUE HERE TOO NOW,2035335420536332388,,faatchoke,en,,0,0,0,https://x.com/undefined/status/2035335420536332388,1839737708937412608,
2035050732647268770,Sat Mar 21 12:38:48 +0000 2026,0,@Suzierizzo1 Just wondering if you're just cosplaying as a resister blue wave lady or just incredibly gullible. Or maybe just so antizionist you don't care about the source I dunno.,2035335316119183822,,sweepybuns,en,,0,0,0,https://x.com/undefined/status/2035335316119183822,854000285802536960,
2035334993321545779,Sat Mar 21 12:38:48 +0000 2026,0,@ s@mur@i blue please plagiarize next year,2035335315490226249,,aoryuuo,en,,0,0,0,https://x.com/undefined/status/2035335315490226249,2410847869,
2035086541757067405,Sat Mar 21 12:38:47 +0000 2026,0,@valgoroth_ @TheRealJChubby Such a great analogy. Most of these people would let their own family get stomped out by The Boot before they voted blue.,2035335310880485702,,valgoroth_,en,,0,0,0,https://x.com/undefined/status/2035335310880485702,1886495706183000064,
2035125992776225212,Sat Mar 21 12:38:44 +0000 2026,0,@TheFlatEartherr I hate fooking indigo pilots. They're the only ones who see blue sky.,2035335298817642714,,TheFlatEartherr,en,,0,0,0,https://x.com/undefined/status/2035335298817642714,1760830259925008384,
2035174555522601445,Sat Mar 21 12:38:42 +0000 2026,0,@LucasSa56947288 That's because Blue states are smarter than red states.,2035335291251093971,,LucasSa56947288,en,,0,0,0,https://x.com/undefined/status/2035335291251093971,1958572698532978688,
2005057480846610478,Sat Mar 21 12:38:41 +0000 2026,0,@CiaoQuirkTax @two85ATC250 @AncapAdam @timstarr2001 Wish we could do autopsies on all the ppl that died from taking the poison methylene blue as advertised by alex jones (dugin). The dose that fuctard was advertising on his show was 50% the ld50 of MB. How many ppl did jones disable? I personally know several.,2035335287891521710,,CiaoQuirkTax,en,,0,0,0,https://x.com/undefined/status/2035335287891521710,1517330600742592516,
2035335285903708267,Sat Mar 21 12:38:41 +0000 2026,0,The grandma's blue porcelain bowl from my memories still migrates with the monsoon this makes me believe nothing truly disappears ,2035335285903708267,,,en,,0,0,0,https://x.com/undefined/status/2035335285903708267,69143737,
2035329111543996711,Sat Mar 21 12:38:40 +0000 2026,0,@the_beardedsina Even if he s not 86 years old if he s not comfortable kneeling or standing Islam permits him too.. He wants to make BLUE TICK funds that s why he was asking.. not because he s inquisitive.,2035335283558756567,,the_beardedsina,en,,0,0,0,https://x.com/undefined/status/2035335283558756567,1421232897105829891,
2035335281050865678,Sat Mar 21 12:38:40 +0000 2026,0,i searched my twt handle what is this https://t.co/S7YYOIYa9Q,2035335281050865678,https://pbs.twimg.com/media/HD72ohYbwAAc5H0.jpg,,en,,0,0,0,https://x.com/undefined/status/2035335281050865678,1951228510611316739,
2035292500127367299,Sat Mar 21 12:38:37 +0000 2026,0,@BlueWolfNFTs GM blue,2035335270229540910,,BlueWolfNFTs,en,,0,0,0,https://x.com/undefined/status/2035335270229540910,1521951891022036992,
2035133289850089890,Sat Mar 21 12:38:36 +0000 2026,1,@GetGhost3dXDD @LiteralMem3s she is blue for an amazing reason,2035335263572918725,,GetGhost3dXDD,en,,0,1,0,https://x.com/undefined/status/2035335263572918725,1592833412024467456,
2035312915993989226,Sat Mar 21 12:38:34 +0000 2026,0,@kirsty71 Good morning Kirsty. Blue sweater silvery moon hair and those eyes. Stunning. Have a smashing good Saturday.,2035335256383873088,,kirsty71,en,,0,0,0,https://x.com/undefined/status/2035335256383873088,42049470,
2035335256077656509,Sat Mar 21 12:38:34 +0000 2026,0,The largest animal to ever exist isn t a predator it s a quiet giant known as The Blue Whale . Blue whales can have heartbeats detectable miles away communicate across entire oceans and consume tons of tiny krill daily yet their greatest power is invisible. By fertilizing https://t.co/VV9IVfoHVq,2035335256077656509,https://pbs.twimg.com/ext_tw_video_thumb/2035335121860239360/pu/img/Vy7sb-zG3uHwL7Ao.jpg,,en,,0,0,0,https://x.com/undefined/status/2035335256077656509,1242387245371449344,
2035335251698868686,Sat Mar 21 12:38:33 +0000 2026,0,Meet our refined learning prints: Blue Checked &amp; Stars Alphabet Poster £7.99 Blue Football Alphabet Poster £7.99 Pastel Stripe Alphabet Poster (Blue/Pink/Mint) £7.99. Quiet elegance and clear design pick the tone that teaches your nursery or study. https://t.co/zI2NoHaA5U https://t.co/yctWkt9nAT,2035335251698868686,https://pbs.twimg.com/ext_tw_video_thumb/2035335230794731520/pu/img/plebAQzkruulAkfR.jpg,,en,,0,0,0,https://x.com/undefined/status/2035335251698868686,1910640643585564672,
2035335251208306819,Sat Mar 21 12:38:33 +0000 2026,0,gusto ko magpalit pfp pero yung blue badge kooo ,2035335251208306819,,,tl,,1,0,0,https://x.com/undefined/status/2035335251208306819,1797526494174134272,
2035333224008708368,Sat Mar 21 12:38:32 +0000 2026,0,Further changes @NavanRacecourse Race 1 Blue Du Neuf (Fr) - Now ridden by J.J. Slevin (Stewards permission) Microscope - Now ridden by Michael Kenneally (5) (Eoin Staples (5) stood down) Youknowthecode - Now ridden by Ricky Doyle (Kevin Sexton unwell),2035335248674697285,,IHRBRaceday,en,,0,1,0,https://x.com/undefined/status/2035335248674697285,1344607746730168320,
2035130412599476419,Sat Mar 21 12:38:32 +0000 2026,0,@realpabjon @Odybangx3 @kelvcombs @Wizarab10 People character just don t emanate from the blue As I said settle for who you can mange their shortcomings,2035335248150507920,,realpabjon,en,,0,0,0,https://x.com/undefined/status/2035335248150507920,75407676,
2035320943447249168,Sat Mar 21 12:38:31 +0000 2026,1,@nw_nicholas This tweet is out of order from blue badge Mr unethical he has not mentioned reform or farage in it must be a first.,2035335243670994988,,nw_nicholas,en,,0,0,0,https://x.com/undefined/status/2035335243670994988,1707453037474713600,
2035292920555954406,Sat Mar 21 12:38:29 +0000 2026,0,@princesspris27 wait- eek-!!! {Melting into a blue puddle in her arms},2035335236331155615,,princesspris27,en,,0,0,0,https://x.com/undefined/status/2035335236331155615,1981362648131440640,
2035335232228856137,Sat Mar 21 12:38:28 +0000 2026,0,Blue Medusa: il primo singolo della nuova band di Alissa White-Gluz https://t.co/GM0SsvVOjf,2035335232228856137,,,it,,0,0,0,https://x.com/undefined/status/2035335232228856137,1652967152087908352,
2035335227329884559,Sat Mar 21 12:38:27 +0000 2026,0,The direction of AI models is shifting towards orchestrating agents closing the loop on coding. Codex has even removed the file editor pushing users towards this agent-based interaction. #AICoding #AgentOrchestration https://t.co/PsKLaq2t2Y,2035335227329884559,https://pbs.twimg.com/amplify_video_thumb/2035335176356614144/img/Mx0CBRzR9Ze_PGZG.jpg,,en,,0,0,0,https://x.com/undefined/status/2035335227329884559,1965410543323238400,
2035335226063286459,Sat Mar 21 12:38:27 +0000 2026,0,Turn $10K Into Millions the blue print. Check it out. https://t.co/ACLLaKMFhb #fypシ゚ #fypシ゚viral #fypシ゚viralシfypシ゚ https://t.co/wKnWmKiCi0,2035335226063286459,https://pbs.twimg.com/amplify_video_thumb/2035334557533429760/img/ObcqEqYEFA928XkR.jpg,,en,,0,0,0,https://x.com/undefined/status/2035335226063286459,1934928697682956288,
2035096664659124237,Sat Mar 21 12:38:26 +0000 2026,0,@joe_10101973 @LeeHurstComic @LeaderofKCC @JohnCampbell98 It's not the common sense vote if you are just voting for another blue Blairite like Farage. The reason I won't vote for him: 1. He is a betrayer (just like BoJo betrayed us and as Starmer is doing now). I don't want anymore more betrayal. 2. He has already conceded defeat,2035335224159309870,,joe_10101973,en,,0,1,0,https://x.com/undefined/status/2035335224159309870,1482805176964689924,
2035167256653791473,Sat Mar 21 12:38:25 +0000 2026,0,@MatrixMysteries Does anyone want to drink black milk? Or perhaps blue milk. ,2035335218882625900,,MatrixMysteries,en,,0,0,0,https://x.com/undefined/status/2035335218882625900,1592568541005357056,
2035335217586819121,Sat Mar 21 12:38:25 +0000 2026,0,#TWS - 1st Mini Album [ SPARKLING BLUE ] Weverse Album ver. ｡𖦹°‧ 𖦹˖°. https://t.co/z0KFtVFH9j ༘⋆ ราคาตามในลิ้งค์ ⋆˙⟡ #ตลาดนัดtws #ตลาดนัดทูอัส https://t.co/7F8cHhMG5K,2035335217586819121,https://pbs.twimg.com/media/HD72XI0a4AA2Shd.png,,et,,0,0,0,https://x.com/undefined/status/2035335217586819121,1123625779,
2035335214743101597,Sat Mar 21 12:38:24 +0000 2026,0,Houji (Deka Blue) and Ban (Deka Red) from Tokusou Sentai Dekaranger. https://t.co/oOIYlaK6dA,2035335214743101597,https://pbs.twimg.com/tweet_video_thumb/HD72ldZaQAAAtxt.jpg,,in,,0,0,0,https://x.com/undefined/status/2035335214743101597,1725674047,
2035269698292498892,Sat Mar 21 12:38:22 +0000 2026,0,@SelhurstJon @Nelson_Muntz23 @footballmemorys Would literally be amazing to have a clean no nonsense all white sash kit. Even be happy with a red/blue stripe kit with simple equal stripes. Personal opinion but would like red shorts &amp; socks.,2035335205360173429,,SelhurstJon,en,,0,0,0,https://x.com/undefined/status/2035335205360173429,3165385684,
2035333484928282769,Sat Mar 21 12:38:18 +0000 2026,0,The red entity successfully broke out of its box and consumed the blue entity entirely. In technical terms what Bubble did is called a *model override* also known as a *privilege escalation attack.*,2035335190604927123,,rhinocheesecake,en,,0,0,0,https://x.com/undefined/status/2035335190604927123,1572415367271841794,
2035327414335914237,Sat Mar 21 12:38:18 +0000 2026,1,@rajmachawalxx Bts ke concert me blue colour ke mask #moarmyspotted,2035335190474789007,,rajmachawalxx,en,,0,1,0,https://x.com/undefined/status/2035335190474789007,1616105188267560965,
2035321488694276425,Sat Mar 21 12:38:12 +0000 2026,0,@BeyondReporter_ who is the guy in red and blue?,2035335165107450204,,BeyondReporter_,en,,0,0,0,https://x.com/undefined/status/2035335165107450204,1194375356108726274,
2035335164503757164,Sat Mar 21 12:38:12 +0000 2026,0,Crazy i thought he was blue and hairy,2035335164503757164,,,en,,0,0,0,https://x.com/undefined/status/2035335164503757164,1269393218472476674,
2035335161949151423,Sat Mar 21 12:38:11 +0000 2026,0,Utterly impossible as his 100th best song is still a masterpiece. But here goes: Ballad Of A Thin Man Desolation Row Tangled Up In Blue,2035335161949151423,,,en,,0,0,0,https://x.com/undefined/status/2035335161949151423,1680671444,
2035335156563636541,Sat Mar 21 12:38:10 +0000 2026,0,@balford20 good luck on the road. GO BLUE!,2035335156563636541,,balford20,en,,0,0,0,https://x.com/undefined/status/2035335156563636541,42282134,
2035313698932244808,Sat Mar 21 12:38:10 +0000 2026,0,@bruno_KUg @EnanR_ Blue,2035335154835574972,,bruno_KUg,en,,0,0,0,https://x.com/undefined/status/2035335154835574972,1581196702299701254,
2035335152457359520,Sat Mar 21 12:38:09 +0000 2026,0, FT: Sabelo Super Stars FC 0-0 Ujamaah FC Hollywoodbets MRL Gauteng Johannesburg - Blue Goalless stalemate https://t.co/7SINcLHX9m #DiskiZone #HollywoodbetsMRL #SABLeague,2035335152457359520,,,nl,,0,0,0,https://x.com/undefined/status/2035335152457359520,740085256137658368,
2035312915993989226,Sat Mar 21 12:38:09 +0000 2026,0,@kirsty71 Good morning Kirsty looking lovely in blue,2035335152365076637,,kirsty71,en,,0,0,0,https://x.com/undefined/status/2035335152365076637,1677747072,
2035335145222197414,Sat Mar 21 12:38:07 +0000 2026,0,Do this. Or don't. Your choice. nickname: VDO (Vee-Dee-Oh or Vee-Doh) prns: she/her height: 5ft 5in sexuality: female roommate smokes: no piercings: also no tattoos: another no fav color: sky blue fav drink: lemonade fav food: pork dumplings fav animal: sea otters ,2035335145222197414,,,en,,0,0,0,https://x.com/undefined/status/2035335145222197414,1399853574037856258,
2035197750019530953,Sat Mar 21 12:38:07 +0000 2026,0,@KwnStorm Of course not but if we throw a gold brick at him he might forget what blue and white team he's supposed to be coaching. Either that or we'd accidentally concuss him.,2035335144630779932,,KwnStorm,en,,0,0,0,https://x.com/undefined/status/2035335144630779932,822929646538948608,
2035290060091007377,Sat Mar 21 12:38:07 +0000 2026,0,@InsideHindustan Blue,2035335141707374993,,InsideHindustan,en,,0,0,0,https://x.com/undefined/status/2035335141707374993,2020686794786775040,
2035045171901985040,Sat Mar 21 12:38:06 +0000 2026,0,@Bubblebathgirl @libsoftiktok You aren't wrong. How tf Boasberg still has a gavel idk he should have been the first to go. The Senate GOP is absolutely pathetic. Whats the point in having power if you never wield it. Its only going to get worse if they don't fix it now. They need to end the Blue Slip BS,2035335139421511808,,Bubblebathgirl,en,,0,0,0,https://x.com/undefined/status/2035335139421511808,772521186878074880,
2035335125274186066,Sat Mar 21 12:38:03 +0000 2026,0,.@AlexisCoe is back in THE BACK ROOM discussing Trump s first 14 months his continued autocratic overreach whether Democrats can successfully ride the blue wave Trump and Republicans are handing them for the midterms and more https://t.co/BOS3GNRsuW https://t.co/PZJh0Klos1,2035335125274186066,https://pbs.twimg.com/media/HD72gimaAAAirgL.jpg,,en,,0,0,0,https://x.com/undefined/status/2035335125274186066,123281100,
2035335121633464503,Sat Mar 21 12:38:02 +0000 2026,0,Futsal | Le FC Sky Blue champion de D3A en Fédération Boraine : « Nous ne nous attendions pas à un parcours parfait mais nous avons décroché le titre sans grande difficulté » https://t.co/83XsKWFZND,2035335121633464503,,,fr,,0,0,0,https://x.com/undefined/status/2035335121633464503,145222742,
2035335112783806848,Sat Mar 21 12:38:00 +0000 2026,0,119. My life was a shallow stream; you made it a deep blue ocean. HI JAPAN JIMMYSEA IS BACK #JSFANDAY30XTOKYO,2035335112783806848,,,en,,0,0,0,https://x.com/undefined/status/2035335112783806848,1759702674998513664,
2035335109142880456,Sat Mar 21 12:37:59 +0000 2026,0,Go Big Blue,2035335109142880456,,,en,,0,0,0,https://x.com/undefined/status/2035335109142880456,1963217639901130752,
2033804819874320415,Sat Mar 21 12:37:58 +0000 2026,0,@BabaTunery @Thepandemic16 Thanks chairman when I reach 2k I go buy Blue tick,2035335106169131210,,BabaTunery,en,,0,0,0,https://x.com/undefined/status/2035335106169131210,1604035420546793472,
2034716531787960564,Sat Mar 21 12:37:57 +0000 2026,0,@AsstynMartyn Yes but a darker blue like a bikini you wore in one of your scenes,2035335103002362082,,AsstynMartyn,en,,0,0,0,https://x.com/undefined/status/2035335103002362082,1557139676959473665,
2035289873762898037,Sat Mar 21 12:37:56 +0000 2026,0,@CliftonvilleRd @Berlinnaeus Died alright at the hands of cowardly IRA Terrorists like these innocent Irish Catholics isn't that right Mr Angry. https://t.co/VSCZ5x1Lh0,2035335095192551852,,CliftonvilleRd,en,,0,0,0,https://x.com/undefined/status/2035335095192551852,1551561496676663297,
2035335090927226997,Sat Mar 21 12:37:55 +0000 2026,0,Munich s gentle sky opens wide endless and blue like a thought without end.,2035335090927226997,,,en,,0,0,0,https://x.com/undefined/status/2035335090927226997,3982489998,
2035328979142418512,Sat Mar 21 12:37:54 +0000 2026,1,@GMiziula 🇵🇱🇪🇺 https://t.co/iVaGJDB1rl,2035335089534464044,https://pbs.twimg.com/amplify_video_thumb/2035335073596338177/img/b-avGpdAg9s0e8-a.jpg,GMiziula,qme,,0,0,1,https://x.com/undefined/status/2035335089534464044,1462057967822553091,
2035187466081059305,Sat Mar 21 12:37:53 +0000 2026,0,@Tedsbudzco_ Ohh n CANT FORGET BLUE COOKS BEST FOR LAST LOL,2035335083192975361,,Tedsbudzco_,en,,0,0,0,https://x.com/undefined/status/2035335083192975361,1996556369718366208,
2035335079040348419,Sat Mar 21 12:37:52 +0000 2026,1,Blue checks everywhere devastated,2035335079040348419,,,en,,0,0,0,https://x.com/undefined/status/2035335079040348419,40426297,
2035145024825172208,Sat Mar 21 12:37:45 +0000 2026,0,@milkesheique Can we have your blue username?,2035335051744010515,,milkesheique,en,,0,0,0,https://x.com/undefined/status/2035335051744010515,1778534704117063680,
2035095282661106000,Sat Mar 21 12:37:44 +0000 2026,0,@ProjectLincoln You keep adding provisions to block or stall ICE's ability to track &amp; deport illegal aliens. More of the same Democrat extortion. Democrats don't want ICE to deport illegal aliens. They need them for census counts or risk losing House seats. Citizens are fleeing Blue States.,2035335047168082367,,BadOptics4U,en,,0,0,0,https://x.com/undefined/status/2035335047168082367,1585799043568934912,
2035335037445349774,Sat Mar 21 12:37:42 +0000 2026,0,Them @whitzracing blue cars courtesy of JF Photography. https://t.co/vWsIh1kAHL,2035335037445349774,https://pbs.twimg.com/media/HD72bbVawAAGw0c.jpg,,en,,0,0,0,https://x.com/undefined/status/2035335037445349774,3180944969,
2035076408909963624,Sat Mar 21 12:37:40 +0000 2026,0,@Matt_Pinner Royal blue,2035335031258755307,,Matt_Pinner,en,,0,0,1,https://x.com/undefined/status/2035335031258755307,2024935739457224705,
2035121451762888829,Sat Mar 21 12:37:39 +0000 2026,0,@DeadAirwithJDW @USUBasketball The bluest of blue!,2035335027068969119,,DeadAirwithJDW,en,,0,0,0,https://x.com/undefined/status/2035335027068969119,1354965041359908864,
2035335022761165166,Sat Mar 21 12:37:38 +0000 2026,0,🇵🇱🇪🇺 https://t.co/Gclm8IOBuk,2035335022761165166,https://pbs.twimg.com/amplify_video_thumb/2035335009939394560/img/WJcFWqFoTXQDti6J.jpg,,qme,,0,0,0,https://x.com/undefined/status/2035335022761165166,1462057967822553091,
2035335011293856231,Sat Mar 21 12:37:36 +0000 2026,0,Chasing sunsets in Santorini white villages blue domes and the Aegean turning gold. Every view feels like a postcard come alive. #TravelDiaries #SantoriniMagic https://t.co/UDtNh5P5mq,2035335011293856231,https://pbs.twimg.com/media/HD72VdpXQAAtPDX.jpg,,en,,0,0,0,https://x.com/undefined/status/2035335011293856231,277359047,
2035134756958957670,Sat Mar 21 12:37:35 +0000 2026,0,@EgrisMahanon @vic_toodles You have a blue check mark and I m stupid,2035335011059056722,,EgrisMahanon,en,,0,1,0,https://x.com/undefined/status/2035335011059056722,1347573599545208833,
2035314840466497854,Sat Mar 21 12:37:35 +0000 2026,1,@chatswithem Beautiful blue sky in Surrey,2035335010274689356,,chatswithem,en,,0,1,0,https://x.com/undefined/status/2035335010274689356,478607509,
2035335003366703479,Sat Mar 21 12:37:34 +0000 2026,0,The poor keep losing this battle not because they are weak or lazy but because they are divided distracted and forced to fight on a battlefield designed by people who have no intention of sharing power. How Red vs. Blue Is The Rich vs. You https://t.co/nwQfrko5Ph,2035335003366703479,,,en,,0,0,0,https://x.com/undefined/status/2035335003366703479,438303534,
2035334993061532055,Sat Mar 21 12:37:31 +0000 2026,0, Ya know the YouTube algorithm s start pushing this nutter from out of the blue the same way years ago it started pushing Jordan Peterson ,2035334993061532055,,,en,,0,1,0,https://x.com/undefined/status/2035334993061532055,1360073272335892481,
2035332399941231101,Sat Mar 21 12:37:30 +0000 2026,0,Elon But House and Congress will cry blue murder if you send our military in there boots on the ground they dont think you have the guts to do it. Trump OK,2035334986560069735,,MichaelRemains,en,,0,1,0,https://x.com/undefined/status/2035334986560069735,1377725606268436482,
2035334985045913673,Sat Mar 21 12:37:29 +0000 2026,0,https://t.co/lWeINGfKf3,2035334985045913673,,,zxx,,0,0,0,https://x.com/undefined/status/2035334985045913673,1219993242,
2035177419611553868,Sat Mar 21 12:37:29 +0000 2026,0,@atensnut The left is a total loss to the American people and they are proving it in the blue state!,2035334984958201905,,atensnut,en,,0,0,0,https://x.com/undefined/status/2035334984958201905,1854140260902707200,
2035314889019760933,Sat Mar 21 12:37:29 +0000 2026,0,@PS_African10 Blue #LoveYouTeacherSeriesEP2,2035334983053914197,,PS_African10,en,,0,0,0,https://x.com/undefined/status/2035334983053914197,1918560546607210496,
2035334983011717366,Sat Mar 21 12:37:29 +0000 2026,5, Rumored member of Keyveatz Kim Yuna (김유나) Born in 2008 Former Hi-Hat trainee (was once planned to be the 7th member of ifeye) Passed auditions for AOMG in Dec 2025 Reached final audition rounds for CUBE ATRP INNIT W ONE MYSTIC MODHAUS BLUE BROWN #keyveatz https://t.co/6PwTMihhW6,2035334983011717366,https://pbs.twimg.com/media/HD72XPeb0AA47Qm.jpg,,en,,0,2,2,https://x.com/undefined/status/2035334983011717366,1755582541912760320,
2035174555522601445,Sat Mar 21 12:37:26 +0000 2026,0,@LucasSa56947288 Damn right blue states refused the administration has no business having voter rolls.,2035334972551164385,,LucasSa56947288,en,,0,0,0,https://x.com/undefined/status/2035334972551164385,822543584289320960,
2035331134494843153,Sat Mar 21 12:37:26 +0000 2026,0,@MinamotoArisa Blue like most of your pantsu,2035334969707384990,,MinamotoArisa,en,,0,1,0,https://x.com/undefined/status/2035334969707384990,1319251549542060032,
2035174291093037230,Sat Mar 21 12:37:21 +0000 2026,0,It was raining yesterday in Tokyo so I was happy that I got to use my favorite sky-blue umbrella and trench coat and rainboots. I corrected the conjunction. but→so! https://t.co/iWQmEaAJ18,2035334951131066644,,simisooree,en,,0,0,0,https://x.com/undefined/status/2035334951131066644,1623663475422810112,
2034336271561048508,Sat Mar 21 12:37:21 +0000 2026,0,@Marvinog @i_am_phyzo @Getbackgang1977 @ArsenalN7 The man with the blue tick talking about engagement Someone mentioned Mancini Isn't that suppose to tell you the type of record we are talking about?,2035334950858133910,,Marvinog,en,,0,0,0,https://x.com/undefined/status/2035334950858133910,844961267181895680,
2035267920172130770,Sat Mar 21 12:37:21 +0000 2026,0,@justcoolhotdog The iPhone 13 Pro in blue I love it,2035334949922918730,,justcoolhotdog,en,,0,0,0,https://x.com/undefined/status/2035334949922918730,1260981632661688322,
2035272192171123001,Sat Mar 21 12:37:20 +0000 2026,0,@dfwcentt isnt that the same amount for blue tick?,2035334947070767190,,dfwcentt,en,,0,1,0,https://x.com/undefined/status/2035334947070767190,771130331944591361,
2035334945065804230,Sat Mar 21 12:37:20 +0000 2026,0,Calling all blue teams and sysadmins I have created a new tool that gives you insights into what your Linux system is doing and you can use it to block urls as well etc. take a look at traceguard below https://t.co/07QH4tArM8 #cybersecurity,2035334945065804230,,,en,,0,0,0,https://x.com/undefined/status/2035334945065804230,753151779945185281,
2035334917517709603,Sat Mar 21 12:37:13 +0000 2026,0,Chasing sunsets in Santorini White-washed villages blue domes and the Aegean glow this is magic I ll replay forever. #SantoriniVibes #WanderlustDiaries https://t.co/twveVdD8bS,2035334917517709603,https://pbs.twimg.com/media/HD72RePbAAEFb0d.png,,en,,0,0,0,https://x.com/undefined/status/2035334917517709603,165263043,
2035333484928282769,Sat Mar 21 12:37:08 +0000 2026,0,usually for research or comparison purposes. Now with the Blue one Caine. The blue entity is the Second-Gen AI. We can see how it differs greatly from the red one. We weren't shown specific information being fed into it but we can clearly see that the results it outputs--,2035334897779519954,,rhinocheesecake,en,,0,0,0,https://x.com/undefined/status/2035334897779519954,1572415367271841794,
2035287472192598314,Sat Mar 21 12:37:08 +0000 2026,0,@Bygones_24 @gilbertsosi Knight Frank Karirana Tea estates Mitchell Cotts significant shareholding in ever blue chip coy listed on the NSE.,2035334893824000381,,Bygones_24,en,,0,1,0,https://x.com/undefined/status/2035334893824000381,3677356582,
2035325014317150556,Sat Mar 21 12:37:07 +0000 2026,0,@homemadecartel @The_realestboi No vex I am new follower thou but the blue tick will help my brand gain more visibility Thank you,2035334890409894188,,homemadecartel,en,,0,0,0,https://x.com/undefined/status/2035334890409894188,2464976557,
2035015251742109745,Sat Mar 21 12:37:06 +0000 2026,0,@j_fishback None of the above. I would prefer to fire most public school teachers in blue districts subsidizing home purchases already resulted in the near total collapse of the banking system (sub prime meltdown) and rural hospitals are not profitable without 1st reversing democrat policy,2035334886618198158,,j_fishback,en,,0,0,0,https://x.com/undefined/status/2035334886618198158,741382938,
2035327674256671142,Sat Mar 21 12:37:04 +0000 2026,0,@john322226 No lies detected.. I go really need this blue tick,2035334878267338994,,john322226,en,,0,0,0,https://x.com/undefined/status/2035334878267338994,1200552927380815873,
2035331110801117656,Sat Mar 21 12:37:02 +0000 2026,0,@VishnuFNO Sapna blue Sapna https://t.co/4SIK3XS1gn,2035334869715206516,https://pbs.twimg.com/ext_tw_video_thumb/2035334842796371969/pu/img/3YaciixOLjo10-BN.jpg,VishnuFNO,lv,,0,0,1,https://x.com/undefined/status/2035334869715206516,1280804676997267456,
2035334867987189828,Sat Mar 21 12:37:01 +0000 2026,0, Blue and Sentimental (Count Basie) is slow blues elegance at its purest. Warm nylon guitar trio with bass + brushes every note like a quiet confession. Tap to listen ▶️ https://t.co/kXf98kNdH9 #guitar #blues #jazz,2035334867987189828,,,en,,0,0,0,https://x.com/undefined/status/2035334867987189828,62603214,
2035334867446055408,Sat Mar 21 12:37:01 +0000 2026,0,SEVENTEEN) CxM Scoups X Mingyu [ Hype Vibes ] Official Photocards P200 https://t.co/hnsRp023UI wts lfb ph ls sco svt cheol scoups jeonghan joshua hoshi wonwoo the8 wonu mingyu ld pob pc photocard carver wev wv wvs onhand sealed 17irh stf feel new you blue burstday,2035334867446055408,,,en,,0,0,0,https://x.com/undefined/status/2035334867446055408,1689938649813811200,
2035334849989370033,Sat Mar 21 12:36:57 +0000 2026,0,No problem Ar nr even responsible for me feeding ar nr shame noto blue tick go mek ar shame,2035334849989370033,,,en,,0,0,0,https://x.com/undefined/status/2035334849989370033,1590047200159080450,
2022453751827800153,Sat Mar 21 12:36:55 +0000 2026,0,@bluestar812 Hi blue star I know this is an Old Post I took close up pictures of the eyes and did an AI match these were the only matches I got on the eyes,2035334839545504044,,bluestar812,en,,0,1,0,https://x.com/undefined/status/2035334839545504044,1176493181938077696,
2035334835468685501,Sat Mar 21 12:36:54 +0000 2026,0,I cannot recognize my club. In case you re having doubt this is the clearest proof that our Women team has been be handled by Blue co. Those SDs will kill this club,2035334835468685501,,,en,,0,0,0,https://x.com/undefined/status/2035334835468685501,1199274805066915840,
2035302900977811951,Sat Mar 21 12:36:53 +0000 2026,0,@SRWolverines GO BLUE!!! BEAT SAINT LOUIS!!! GO BLUE!!️ https://t.co/bZSe3z6OuM,2035334833283412339,https://pbs.twimg.com/tweet_video_thumb/HD72PZrakAANOF2.jpg,SRWolverines,en,,0,0,0,https://x.com/undefined/status/2035334833283412339,2610558438,
2035334479904899542,Sat Mar 21 12:36:52 +0000 2026,0,@AnnieTrannie Blue please,2035334828984246352,,AnnieTrannie,en,,0,0,0,https://x.com/undefined/status/2035334828984246352,1347283316945395732,
2035050732647268770,Sat Mar 21 12:36:49 +0000 2026,0,@Suzierizzo1 Hello Ms. vote blue lady why are you posting a right wing Ghanian news post about a propaganda story where a Russia State TV journalist who was WARNED not to be there and ignored it gets spooked and they're using a twice convicted pedophile sitting in his car as a source?,2035334816825045220,,Suzierizzo1,en,,0,1,0,https://x.com/undefined/status/2035334816825045220,854000285802536960,
2035187466081059305,Sat Mar 21 12:36:48 +0000 2026,0,@Tedsbudzco_ ROOTBEER JELLYROLL BRAINWASH MEATLOAF BLUE BURGUNDY,2035334813167788123,,Tedsbudzco_,en,,0,0,0,https://x.com/undefined/status/2035334813167788123,1996556369718366208,
2035243398521582071,Sat Mar 21 12:36:47 +0000 2026,0,@EschertBrett @bennyjohnson @texasmakessense It confirms nothing but the fact that blue states are in favor of states rights. I don't understand why you're not.,2035334809577218209,,EschertBrett,en,,0,0,0,https://x.com/undefined/status/2035334809577218209,1668381502562762753,
2035334799368601909,Sat Mar 21 12:36:45 +0000 2026,0,TikTokで流れてきたんだけどめちゃめちゃ気持ち良くて笑うwww 神だろこれ https://t.co/DJ4EYBZhQS,2035334799368601909,,,ja,,0,0,0,https://x.com/undefined/status/2035334799368601909,1321504836555173888,
2035334798151983429,Sat Mar 21 12:36:45 +0000 2026,0,AD: DROPPED: AIR JORDAN 14 RETRO 'BLACK/UNIVERSITY BLUE' dropped via Feature https://t.co/rSpTuOFZCa https://t.co/t4mXAv8yd2,2035334798151983429,https://pbs.twimg.com/media/HD72NhLbAAAy9kp.jpg,,en,,0,0,0,https://x.com/undefined/status/2035334798151983429,1246802846819012609,
2035334786437251552,Sat Mar 21 12:36:42 +0000 2026,0,Check out Hal's blue dot politics's video! #TikTok https://t.co/8XFn2BNxUd,2035334786437251552,,,en,,0,0,0,https://x.com/undefined/status/2035334786437251552,4705719810,
2035334785090957545,Sat Mar 21 12:36:42 +0000 2026,0,We invite you to join our Yugioh League. Be sorted into either Obelisk Blue Ra Yellow or Slifer Red. Fair rules ranking system and weekly fun. We kick off our season with a King of Games Tournament. Comment below for an exclusive invite to our discord. https://t.co/s2tI9LsNUR,2035334785090957545,https://pbs.twimg.com/media/HD72MxkX0AAR8pK.jpg,,en,,0,0,0,https://x.com/undefined/status/2035334785090957545,1041065345597857792,
2035174335065751946,Sat Mar 21 12:36:41 +0000 2026,0,@urlatestragedy blue white !!,2035334783039856780,,urlatestragedy,en,,0,0,0,https://x.com/undefined/status/2035334783039856780,1891582839914721280,
2035305206976540935,Sat Mar 21 12:36:41 +0000 2026,0,@sung4ho 11. everything abt boynextdoor 15. light blue 16. uni and everything related to it,2035334781546664037,,sung4ho,en,,0,0,0,https://x.com/undefined/status/2035334781546664037,1363074497264439296,
2034699874919489991,Sat Mar 21 12:36:38 +0000 2026,0,@sondesix I will not ‍ always black or Blue or Red and brown would be nice and white ,2035334771811995931,,sondesix,en,,0,0,0,https://x.com/undefined/status/2035334771811995931,77978493,
2035334750760775737,Sat Mar 21 12:36:33 +0000 2026,29,homer &amp; adie wagwagan blue comment &amp; the first lady nanood ng bagets?? kinakabahan ako baka biglang ipa-fast talk ni tito boy si adie.,2035334750760775737,,,tl,,1,0,11,https://x.com/undefined/status/2035334750760775737,1321645610135560193,
2035134177390022780,Sat Mar 21 12:36:32 +0000 2026,0,@DVADigital323 Yes the refund makes sense... Have you tried Marathon for your simp needs? FYI - Everyone is using AI. Get used to it. Graphics/Content/Voice/Code... Just give up on gaming now if you have an issue. https://t.co/sHk4rgyB7Z,2035334742980124957,https://pbs.twimg.com/media/HD7133ZXYAAKo_N.png,DVADigital323,en,,0,0,0,https://x.com/undefined/status/2035334742980124957,1773739326209220608,
1734156671528865960,Sat Mar 21 12:36:31 +0000 2026,0,korang kata strawberry matcha trending tapi most of myfriends wear blue,2035334742569275506,,kyo_ongbin,en,,0,0,0,https://x.com/undefined/status/2035334742569275506,872439185352777728,
2035333296914420115,Sat Mar 21 12:36:28 +0000 2026,0,lemari gw isinya warna item BIRU PUTIH. bnrbnr gw punya 7 (atau lebih) atasan dengan model berbeda yang warnanya biru. dan 8 (atau lebih) terusan/bawahan putih. and yet my family s dresscode biru putih is only decided the day i left jogja WITHOUT taking any blue pieces home???,2035334726077341962,,bourzeoizie,in,,0,0,0,https://x.com/undefined/status/2035334726077341962,1562994715527499782,
2035334725674352778,Sat Mar 21 12:36:27 +0000 2026,1,my baby in blue #ATSD #atinyselcaday #ateez #atiny #yunho #에이티즈 #윤호 https://t.co/KzPrKUjLwI,2035334725674352778,https://pbs.twimg.com/media/HD72JRtWsAA38M1.jpg,,en,,0,0,0,https://x.com/undefined/status/2035334725674352778,1412002800826032135,
2035334722901918061,Sat Mar 21 12:36:27 +0000 2026,0,I has these the hot pink blue and green,2035334722901918061,,,en,,0,0,0,https://x.com/undefined/status/2035334722901918061,3943709243,
2035334709908279701,Sat Mar 21 12:36:24 +0000 2026,0,Replay: Water Research Day Over 200 research tasks done 19 shinies (4 9 6) 1 hundo Took me 7 years to finally register hundo clamperl So close catching shundo feebas as well #pokemongo #pokemongoapp #ポケモンGO https://t.co/VOzN203bcx,2035334709908279701,https://pbs.twimg.com/media/HD72IS6aEAAuXxa.jpg,,en,,0,0,0,https://x.com/undefined/status/2035334709908279701,1874448971898425344,
2035174835136208913,Sat Mar 21 12:36:24 +0000 2026,0,@shantplace They auditioned THOUSANDS of spiders for one scene bro even the spider had to earn its role in Hollywood trained painted red and blue and crawling on Tobey for real ️,2035334709144592847,,shantplace,en,,0,0,0,https://x.com/undefined/status/2035334709144592847,3006613115,
2035270771015106627,Sat Mar 21 12:36:22 +0000 2026,11,@Kirwithdot THIS is what you found interesting about this scene now??? this bitch was the actual reason Caine got deleted what if blue button actually could get them out? https://t.co/GGDMA1QJfU,2035334701289017684,https://pbs.twimg.com/media/HD71yuxa8AEDAiL.jpg,Kirwithdot,en,,0,0,0,https://x.com/undefined/status/2035334701289017684,1030132449710362624,
2035334699682312253,Sat Mar 21 12:36:21 +0000 2026,2,A man is recovering in the hospital on Saturday morning after an argument led to a stabbing on a CTA platform on the city's Northwest Side overnight. Read more: https://t.co/GQNgfChqj1 https://t.co/vPhF6kAuBB,2035334699682312253,https://pbs.twimg.com/media/HD72HyjW8AAAZFL.jpg,,en,,0,1,0,https://x.com/undefined/status/2035334699682312253,14790524,
2035334696234889530,Sat Mar 21 12:36:20 +0000 2026,0,️ 블루록 재판 굿즈 아크릴 스탠드 공구 ㄴ 노블 스타일 style + 드레스 코드 블루 blue (26년도 4월 중 발매 예정) 1차금 : 18 700원 타 상품의 경우 필요하시다면 문의 주세요 (X 10) 2차금 : 해배비 + 국배비 (+ 일배비) [ 테마명 / 캐릭터명 / 수량 ] 으로 DM 주세요!,2035334696234889530,,,ko,,0,0,0,https://x.com/undefined/status/2035334696234889530,1640968834663448576,
2035334683630735701,Sat Mar 21 12:36:17 +0000 2026,0,if some brainlet decides to come 4 me my blue scarf of a thousand tears belongs to Destiny,2035334683630735701,,,en,,0,0,0,https://x.com/undefined/status/2035334683630735701,2306864353,
2035334679646072906,Sat Mar 21 12:36:16 +0000 2026,1,I left my white collar professional finance career in 2010 and have worked blue collar ever since. Agree with this post 100%. I would just add a majority of middle class types associate with and side with the effete elites and mimic them despite being glorified working class.,2035334679646072906,,,en,,0,0,0,https://x.com/undefined/status/2035334679646072906,1674897981777014786,
2035300919118573905,Sat Mar 21 12:36:16 +0000 2026,0,@yL_IN_LAGOS They're siblings Eyin oni blue tick isonu,2035334676135477372,,yL_IN_LAGOS,en,,0,0,0,https://x.com/undefined/status/2035334676135477372,1897588578747555840,
2035024844245315769,Sat Mar 21 12:36:16 +0000 2026,0,@LePapillonBlu2 MAYRA LA PAPALLONA HEDIONDA BLUE https://t.co/R21KLlBz7B,2035334676106051920,https://pbs.twimg.com/media/HD72GC9XoAAzttj.jpg,LePapillonBlu2,tl,,0,0,0,https://x.com/undefined/status/2035334676106051920,1877092639788687360,
2035334674344489099,Sat Mar 21 12:36:15 +0000 2026,3,Last night s sky. My grandfather used to jokingly say his favorite color was Sky Blue Pink. I think this is what he meant. https://t.co/WmU83wXPMk,2035334674344489099,https://pbs.twimg.com/media/HD72GV0awAAgVTZ.jpg,,en,,0,0,0,https://x.com/undefined/status/2035334674344489099,1241637750,
2034967841791750250,Sat Mar 21 12:36:14 +0000 2026,0,@Carconnectng But you need to get the blue tick Sha,2035334671328743574,,Carconnectng,en,,0,1,0,https://x.com/undefined/status/2035334671328743574,833213715159748608,
2035334666845110585,Sat Mar 21 12:36:13 +0000 2026,2,Dernier match de la saison régulière demain dimanche à 18h30 contre Malines. Et à 3 points du premier l'Union Saint-Gilloise la blue Army veut rester dans le sillage sachant que les points sont divisés par deux pour les playoffs. Come on Brugge. https://t.co/oGoDem7Weg,2035334666845110585,https://pbs.twimg.com/media/HD72FoTbYAAL6BE.jpg,,fr,,0,0,0,https://x.com/undefined/status/2035334666845110585,1162763536428404737,
2034653861684580627,Sat Mar 21 12:36:09 +0000 2026,0,@KellyMorrisonMN Do you need ID to enter a hospital? To get insurance? Unless you re an illegal living in a blue state the answer is yes.Therefore you need ID to have a child.,2035334648058790040,,KellyMorrisonMN,en,,0,0,0,https://x.com/undefined/status/2035334648058790040,1672549042641944576,
2035326611575222523,Sat Mar 21 12:36:05 +0000 2026,0,@WalterofWexford @johnstowncastle So beautiful &amp; peaceful you and Mum have a wonderful day under that BLUE sky sweet Walter️️,2035334631738749016,,WalterofWexford,en,,0,0,0,https://x.com/undefined/status/2035334631738749016,1986168971301670912,
2035280251409084527,Sat Mar 21 12:36:03 +0000 2026,0,@violetsaucy blue baby ,2035334622167679059,,violetsaucy,en,,0,0,0,https://x.com/undefined/status/2035334622167679059,3371848400,
2035136475252011252,Sat Mar 21 12:35:59 +0000 2026,1,@Cataleya490467 Blue pottery is my absolute favorite,2035334606715560156,,Cataleya490467,en,,0,0,0,https://x.com/undefined/status/2035334606715560156,1585996109490655232,
2035304536462492071,Sat Mar 21 12:35:59 +0000 2026,0,@abdullahayofel Blue tick,2035334605851496466,,abdullahayofel,en,,0,0,0,https://x.com/undefined/status/2035334605851496466,1523671858201124865,
2035329130770645379,Sat Mar 21 12:35:58 +0000 2026,1,@tonytiger67 Blue pills,2035334600512192794,,tonytiger67,en,,0,1,0,https://x.com/undefined/status/2035334600512192794,1019614554790203398,
2035334599610667032,Sat Mar 21 12:35:57 +0000 2026,0,ส่งต่อ ราคา 200 รองเท้า Labotte.bkk รุ่น The juno สี ฟ้า Baby blue Size : 41 (25.5 cm) สภาพ : ลองใส่เฉยๆค่า เค้าใส่แล้วพอดีไป มีรอยยับตั้งแต่ได้มานะคะ #ส่งต่อเสื้อผ้า #ส่งต่อเสื้อผ้ามือสอง #รองเท้ามือสอง #รองเท้ามือสอง #ส่งต่อรองเท้ามือ2 #labottebkk #ส่งต่อlabottebkk https://t.co/YzbV1SE17M,2035334599610667032,https://pbs.twimg.com/media/HD72BvpaIAAlNuc.jpg,,th,,0,0,0,https://x.com/undefined/status/2035334599610667032,1497903554589503491,
2035108246520836239,Sat Mar 21 12:35:57 +0000 2026,0,@Tablesalt13 Well she does have blue hair..,2035334597064483129,,Tablesalt13,en,,0,0,0,https://x.com/undefined/status/2035334597064483129,1445471129250852866,
2035334592387744185,Sat Mar 21 12:35:56 +0000 2026,0,𝗦𝗮𝘁𝘂𝗿𝗱𝗮𝘆 𝗺𝗼𝗿𝗻𝗶𝗻𝗴𝘀 𝘁𝗮𝘀𝘁𝗲 𝗯𝗲𝘁𝘁𝗲𝗿 𝗮𝘁 𝗕𝗶𝗴 𝗕𝗹𝘂𝗲 𝗦𝘂𝗯 𝗦𝗵𝗼𝗽 Pull up for hot breakfast sandwiches at Big Blue Sub Shop 239 E Elizabeth Ave Linden NJ 07036 908-862-2021 Come hungry. Leave happy. #BigBlueSubShop #BreakfastTime #LindenNJ https://t.co/1h2ALOlH48,2035334592387744185,https://pbs.twimg.com/media/HD72AGBWUAA3Zyl.jpg,,en,,0,0,0,https://x.com/undefined/status/2035334592387744185,1940029093958782976,
2035333215083200683,Sat Mar 21 12:35:56 +0000 2026,1,@_vxmpxx blue is an awful colour tho,2035334592224268556,,_vxmpxx,en,,0,1,0,https://x.com/undefined/status/2035334592224268556,1322835361714835461,
2035190496486969798,Sat Mar 21 12:35:54 +0000 2026,0,@King_Sukunaaa Everything in the video is from blue collar tradesmen who valued craftsmenship not some blue hair shit lib with an art degree.,2035334583449772539,,King_Sukunaaa,en,,0,0,0,https://x.com/undefined/status/2035334583449772539,1729187857279963136,
2035018334488412430,Sat Mar 21 12:35:53 +0000 2026,0,@CodySR96 @BlackKaiser6988 @jim3percent @StraightLineUSA Congratulations you support a guy who s for all of this. When your own country was attacked thousands of people were killed you can tell your kids that their father was too pathetic to serve his country because he was a scared little man. Blue collar men who didn t serve ,2035334581402915082,,CodySR96,en,,0,0,0,https://x.com/undefined/status/2035334581402915082,1709654672980447232,
2035334578584625476,Sat Mar 21 12:35:52 +0000 2026,0,ban these blue tikkis reach ke liye kuch bhi bolte chu,2035334578584625476,,,hi,,0,0,0,https://x.com/undefined/status/2035334578584625476,953166234186530816,
2035220098039054755,Sat Mar 21 12:35:51 +0000 2026,0,@WallStreetApes Who you elect as judges matters. There is no justice system anymore in blue cities/states.,2035334571672187143,,WallStreetApes,en,,0,0,0,https://x.com/undefined/status/2035334571672187143,21483656,
2035334562340065447,Sat Mar 21 12:35:49 +0000 2026,1,I really wish this movie was known for the more iconic needledrop where this kid gets his shit kicked in by his mum to I m blue or crazy frog or some shit,2035334562340065447,,,en,,0,1,0,https://x.com/undefined/status/2035334562340065447,1749548568619421696,
2035334522963730684,Sat Mar 21 12:35:39 +0000 2026,0,para los bobazos de rcn caracol blue red+ el tiempo y semanaque ayer le dieron exclusividad a esta new fakepayasos cada acto corrupto en contra de petro se les cae como castillos de naipes payasos ¡Mira el video de #TikTok https://t.co/8W2E8j2Wmy,2035334522963730684,,,es,,0,0,0,https://x.com/undefined/status/2035334522963730684,2523454063,
2035108198407889381,Sat Mar 21 12:35:38 +0000 2026,0,@BryansDess70012 @OfficialBlues Biased how ??! If I was biased i be screaming blue murder it s a shocker . Honestly,2035334516550586466,,BryansDess70012,en,,0,0,0,https://x.com/undefined/status/2035334516550586466,1470764290470780935,
2035290060091007377,Sat Mar 21 12:35:37 +0000 2026,0,@InsideHindustan Blue,2035334513946140777,,InsideHindustan,en,,0,0,0,https://x.com/undefined/status/2035334513946140777,1393945524680548352,
2035334501283287221,Sat Mar 21 12:35:34 +0000 2026,12,A sunny day Cardiff in blue with white shorts and Blackpool playing in a white shirt with orange shorts https://t.co/2DD6f03AYC,2035334501283287221,https://pbs.twimg.com/tweet_video_thumb/HD718AnbYAIR6Kn.jpg,,en,,0,0,0,https://x.com/undefined/status/2035334501283287221,941640256063004672,
2035334500205437051,Sat Mar 21 12:35:34 +0000 2026,0,hes blue for an amazing reason https://t.co/i2QsOhcwUd,2035334500205437051,https://pbs.twimg.com/media/HD718PZbkAApAk_.jpg,,en,,0,0,0,https://x.com/undefined/status/2035334500205437051,1999159146361577472,
2035054124501532900,Sat Mar 21 12:35:33 +0000 2026,0,@acnewsitics Because every blue state refused to show their voter roles,2035334495860084835,,acnewsitics,en,,0,0,0,https://x.com/undefined/status/2035334495860084835,1898106194918506496,
2035334494312677447,Sat Mar 21 12:35:32 +0000 2026,0,bro i misunderstood so we can t even get two at the same time????? i need blue blood and anti-believe ,2035334494312677447,,,en,,0,0,0,https://x.com/undefined/status/2035334494312677447,1546413301340327936,
2035306094281855336,Sat Mar 21 12:35:29 +0000 2026,1,@elonmusk Where is the blue check,2035334481163518181,,elonmusk,en,,0,0,0,https://x.com/undefined/status/2035334481163518181,1297321072199573505,
2035323125353660532,Sat Mar 21 12:35:28 +0000 2026,9,@AboutMusicYT @PJMinPDX no one can do it like Jimin .. all the way down like a fish in the deep blue sea.. simply the best.. no exaggeration.. just flowing with the music ,2035334475086016819,,AboutMusicYT,en,,0,0,0,https://x.com/undefined/status/2035334475086016819,995708921162559488,
2035334473403834846,Sat Mar 21 12:35:27 +0000 2026,4,expose urself: 1. Platonically sure 2. No 3. Never had one 4. White black purple red pink blue 5. I dont have one 6. My old account 7. Both 8. None 9. Nothing 10. 155cm 11. Never 12. Never 13. reply for questions,2035334473403834846,,,en,,0,0,0,https://x.com/undefined/status/2035334473403834846,1959181970820231168,
2035334471927701508,Sat Mar 21 12:35:27 +0000 2026,0,i hope div2 lets yuna promote blue maze https://t.co/cTSx9oij00,2035334471927701508,https://pbs.twimg.com/tweet_video_thumb/HD716JsbcAEnksL.jpg,,en,,0,0,0,https://x.com/undefined/status/2035334471927701508,3222300254,
2035326449943461912,Sat Mar 21 12:35:23 +0000 2026,0,@vinicius_snrr Blue Lock.,2035334455687016648,,vinicius_snrr,en,,0,0,0,https://x.com/undefined/status/2035334455687016648,1814785202708783104,
2035334443531989124,Sat Mar 21 12:35:20 +0000 2026,1,Check out 3 Vtg Libbey Glassware Smoky Blue Gray Textured Drinking Glasses Original Label https://t.co/IamdzpDP1E #eBay via @eBay,2035334443531989124,,,en,,0,0,1,https://x.com/undefined/status/2035334443531989124,756668256249839616,
2034971891534815519,Sat Mar 21 12:35:19 +0000 2026,0,@JackieDoss17 @RapidResponse47 @2Irongumby @SecretaryWright @POTUS He d also disagree with them of they said the sky was blue.,2035334439887110461,,JackieDoss17,en,,0,1,0,https://x.com/undefined/status/2035334439887110461,1953981969886494720,
2035280265619063083,Sat Mar 21 12:35:19 +0000 2026,1,@iky_fwjett That comeback was lethal. Kid hit the ultimate blue screen of death and fast-traveled straight to Green Hill Zone for safety. Sonic really came in clutch that day.,2035334438339682709,,iky_fwjett,en,,0,0,0,https://x.com/undefined/status/2035334438339682709,1755933342380474368,
2035334422967337426,Sat Mar 21 12:35:15 +0000 2026,0,.. Lagos developers just stick fingers in the air and pluck numbers out of the clear blue sky. Stupid unrealistic greedy numbers. For that reason most new homes especially in Lekki/Ajah axis remain empty average 2 years. But they'll be saying they get daily enquiries.,2035334422967337426,,,en,,0,0,0,https://x.com/undefined/status/2035334422967337426,1563994812554035200,
2035008462908707148,Sat Mar 21 12:35:14 +0000 2026,0,@2mako0 @Crunchyroll_ar دبلجة بطل الترس و جنة الجحيم و blue lock فى استوديوهات سورية و لبنانية و اسوء من دبلجات الاستوديو المصرى,2035334418190020910,,2mako0,ar,,0,0,0,https://x.com/undefined/status/2035334418190020910,1818673893315358720,
2035334418022510627,Sat Mar 21 12:35:14 +0000 2026,0,blue suits you too (lahat ng kulay talaga) meet my very own cinderella WILBEA SA DULO NG PAHINA https://t.co/p1r248jTfz,2035334418022510627,https://pbs.twimg.com/media/HD713exaAAAiV0f.jpg,,tl,,0,0,0,https://x.com/undefined/status/2035334418022510627,1475450042316046337,
2035334415526871440,Sat Mar 21 12:35:14 +0000 2026,0,แปล https://t.co/FbIK3PSc1O,2035334415526871440,https://pbs.twimg.com/media/HD713MwbYAAnrcr.jpg,,th,,0,0,0,https://x.com/undefined/status/2035334415526871440,1976287989891571712,
2035176835965718535,Sat Mar 21 12:35:13 +0000 2026,0,@Rep_Stansbury He should paint the whole thing red white and blue and change the name to reflect that just because you did this.,2035334412515393631,,Rep_Stansbury,en,,0,0,0,https://x.com/undefined/status/2035334412515393631,2028477902631981057,
2035318682159612231,Sat Mar 21 12:35:13 +0000 2026,0,@LC_Lionesses BLUE IS THE COLOUR HEASLIP IS HER NAME SHES SUPPORTING CHELSEA AND SHES GONNA WIN THE GAME,2035334411827257798,,LC_Lionesses,en,,0,0,0,https://x.com/undefined/status/2035334411827257798,1424342133893435393,
2035331257195024819,Sat Mar 21 12:35:10 +0000 2026,0,@ichikawa_zoo Apply for blue tick man...,2035334401496936628,,ichikawa_zoo,en,,0,0,0,https://x.com/undefined/status/2035334401496936628,1638163128163659776,
2035334393472913564,Sat Mar 21 12:35:08 +0000 2026,20,blue ball cramps is crazy i can t even move ,2035334393472913564,,,en,,0,7,8,https://x.com/undefined/status/2035334393472913564,1894133715845992448,
2035128521459142905,Sat Mar 21 12:35:08 +0000 2026,0,@tessonchain As you name dropped Blue eyed samurai you know ball too much i m afraid,2035334391711297686,,tessonchain,en,,0,0,0,https://x.com/undefined/status/2035334391711297686,229177582,
2035330614644088900,Sat Mar 21 12:35:08 +0000 2026,0,@RonFilipkowski When these people aren t criticizing blue cities they are spending all of their time and money in blue cities.,2035334390901772699,,RonFilipkowski,en,,0,0,0,https://x.com/undefined/status/2035334390901772699,281909255,
2035041714059243808,Sat Mar 21 12:35:07 +0000 2026,0,@Kumaralok554 Sapna Blue Sapna https://t.co/ytbwE2eR73,2035334389869998186,https://pbs.twimg.com/ext_tw_video_thumb/2035334367007178752/pu/img/PSYKq4eAlZQyfp7G.jpg,Kumaralok554,lv,,0,0,0,https://x.com/undefined/status/2035334389869998186,1280804676997267456,
2035092622260240524,Sat Mar 21 12:35:07 +0000 2026,0,@ShaneSchaetzel Shut up man you re almost as bad as the democrats with vote blue no matter who . If he doesn t want to worry about prison maybe he should give us what we elected him for in the first place instead of fucking the average American over at every turn,2035334386518794566,,ShaneSchaetzel,en,,0,0,0,https://x.com/undefined/status/2035334386518794566,1465833692262289418,
2035270187469992012,Sat Mar 21 12:35:02 +0000 2026,0,@ubokudom10 @KingMntungwa @grok @grok The man on the wheel is a North indian whereas the running man far behind has the hat and the houses are from some Southeastern Asian countries. Then after bull charges the driver vanishes into thin air &amp; you can see another blue shirt &amp; hat man running out of nowhere.,2035334365744631989,,ubokudom10,en,,0,1,0,https://x.com/undefined/status/2035334365744631989,3145485666,
2035334363399762304,Sat Mar 21 12:35:01 +0000 2026,4,POV: You go buy blue badge San so Dey beg for engagement. https://t.co/l6OMFUWV6n,2035334363399762304,https://pbs.twimg.com/tweet_video_thumb/HD71z1WasAAkTYs.jpg,,en,,0,1,2,https://x.com/undefined/status/2035334363399762304,962397541139668995,
2035334279996301744,Sat Mar 21 12:34:41 +0000 2026,1,MTCさん！！！@MTC_Hams と思ったけど、まあマッチングキツいっすね 0-5が現実的 ですが、念願の常勝さんと当たれるしやるべき事は https://t.co/NdnGkPjnjp,2035334279996301744,https://pbs.twimg.com/media/HD71vRFacAAIsGk.jpg,,ja,,0,1,0,https://x.com/undefined/status/2035334279996301744,1771862390147289089,
2035334271683187001,Sat Mar 21 12:34:39 +0000 2026,0,roses are red violets are blue i,2035334271683187001,,,en,,0,0,0,https://x.com/undefined/status/2035334271683187001,1486214661980979203,
2035334253425070470,Sat Mar 21 12:34:35 +0000 2026,0,once in a blue moon i forget you https://t.co/O9M2CIWA1E,2035334253425070470,https://pbs.twimg.com/tweet_video_thumb/HD71tjnawAAa3rr.jpg,,en,,0,0,0,https://x.com/undefined/status/2035334253425070470,790761614249164801,
2035334238845964312,Sat Mar 21 12:34:31 +0000 2026,1,Malmingan bareng abang gaya x itu penolakan buat beliin aku iPhone 17 pro max 2tb deep blue cash ‍️ https://t.co/S0Y4BzUL9G,2035334238845964312,https://pbs.twimg.com/media/HD71sdOaEAAzmqH.jpg,,in,,0,2,1,https://x.com/undefined/status/2035334238845964312,1946094005315600384,
2035334237361185209,Sat Mar 21 12:34:31 +0000 2026,0,If you want to get the blue tick then take it but don't be greedy to earn money... till then everything is fine ,2035334237361185209,,,en,,0,0,0,https://x.com/undefined/status/2035334237361185209,885898291447255041,
2035334234106126589,Sat Mar 21 12:34:30 +0000 2026,1,blue collar larp?,2035334234106126589,,,en,,0,0,0,https://x.com/undefined/status/2035334234106126589,3238164621,
2035068861859434958,Sat Mar 21 12:34:28 +0000 2026,0,@worldranking_ All blue-eyed humans are believed to descend from a single ancestor who lived near the Black Sea region 6 000 to 10 000 years ago. This person developed a genetic mutation in the HERC2 gene which reduced melanin production in the iris turning brown eyes blue.,2035334225163870634,,worldranking_,en,,0,0,0,https://x.com/undefined/status/2035334225163870634,1988415376087244800,
2035192721670119850,Sat Mar 21 12:34:28 +0000 2026,1,@A_T_M_K_unaju @Miyu27624468 どっちも好きですがBLUE BLOODです！,2035334223276704084,,A_T_M_K_unaju,ja,,0,0,0,https://x.com/undefined/status/2035334223276704084,1908361284334346245,
2035333099857285442,Sat Mar 21 12:34:26 +0000 2026,1,@digimon_tcg_EN Blue: Well the debate is settled he is both the colours. Jupiter gets access to De-digivolve will work well with dp- effects. And the inheritable is good for additional unsuspend and can work for other Lv 6s like Junomon.,2035334218209808501,,digimon_tcg_EN,en,,0,1,0,https://x.com/undefined/status/2035334218209808501,1689214171492007936,
2035334214636486970,Sat Mar 21 12:34:26 +0000 2026,18,#あり点 武道館１曲目のEVER BLUE 感動したなー (今日もプレイリスト聞いてました),2035334214636486970,,,ja,,0,0,0,https://x.com/undefined/status/2035334214636486970,1762073191013646336,
2035334201889669540,Sat Mar 21 12:34:23 +0000 2026,0,How to fuck up a blue sky https://t.co/kMebujHzsZ,2035334201889669540,https://pbs.twimg.com/media/HD71q1PaAAAtc5O.jpg,,en,,0,0,0,https://x.com/undefined/status/2035334201889669540,1946922625319493632,
2035334191949246658,Sat Mar 21 12:34:20 +0000 2026,0,Blue cheese,2035334191949246658,,,en,,0,0,0,https://x.com/undefined/status/2035334191949246658,312380436,
2035280251409084527,Sat Mar 21 12:34:19 +0000 2026,0,@violetsaucy Blue ️,2035334185376776515,,violetsaucy,en,,0,0,0,https://x.com/undefined/status/2035334185376776515,3008977679,
2035334184558907693,Sat Mar 21 12:34:18 +0000 2026,0,【‍Multi Sub】Blue Ten Off惊喜现身 经典 大富翁美食系列游戏 挑战赛限时复刻！‍️ | EP03 | Runnin... #TENLEE #TEN #텐 https://t.co/HEeszmhci7 via @YouTube,2035334184558907693,,,zh,,0,0,0,https://x.com/undefined/status/2035334184558907693,2682099782,
2035154448289603684,Sat Mar 21 12:34:18 +0000 2026,0,@PresentWitness_ If mass deportations were actually happening communists would be burning blue cities right now. Trump surrendered in Minnesota so it's not happening.,2035334181459546188,,PresentWitness_,en,,0,0,0,https://x.com/undefined/status/2035334181459546188,1680384287122636800,
2035049614290632841,Sat Mar 21 12:34:16 +0000 2026,0,@riittaaje Same I saw canceled and I clicked on it and next thing I noticed was that I couldn t see my blue tick again,2035334176065429858,,riittaaje,en,,0,1,0,https://x.com/undefined/status/2035334176065429858,1462813920578707456,
2035127905970221433,Sat Mar 21 12:34:13 +0000 2026,0,@fancyfox55 @jssxcaa @Bigqadi no they don t buy you re an adult. if it was every once in the blue moon to look out it s fine but overtime we keep going out and you have no money we just won t invite you out,2035334159770538123,,fancyfox55,en,,0,0,0,https://x.com/undefined/status/2035334159770538123,1301414604,
2035263299281883262,Sat Mar 21 12:34:12 +0000 2026,0,@MAGA_X_Times As the saying goes: `Should I serve a Gay guy with a red MAGA hat` Yep a red pink dollar is the same as a blue purple haired one.,2035334159653068914,,MAGA_X_Times,en,,0,0,0,https://x.com/undefined/status/2035334159653068914,1342018212553232384,
2035314540926083531,Sat Mar 21 12:34:10 +0000 2026,0,@ClownWorld This damage should stuns me - but it doesn t As a landlord I evicted someone who decided to stop paying rent for about a year - it takes a long time to evict in a Blue state .. damages - easily $25k And if you guessed dead fish in the bag you win 1 000 internet points https://t.co/rS3cJqqtQl,2035334150534685137,https://pbs.twimg.com/media/HD71nxSWMAAIirr.jpg,ClownWorld,en,,0,0,0,https://x.com/undefined/status/2035334150534685137,1924257339265388544,
2035334147049214081,Sat Mar 21 12:34:09 +0000 2026,0,Start with Major Airports in Blue States!,2035334147049214081,,,en,,0,0,0,https://x.com/undefined/status/2035334147049214081,804524422988173312,
2035323536634761522,Sat Mar 21 12:33:34 +0000 2026,0,@MarioNawfal is that cuba or a blue democrat city?,2035333998948368413,,MarioNawfal,en,,0,0,0,https://x.com/undefined/status/2035333998948368413,1639400933569208322,
2035333964035195127,Sat Mar 21 12:33:26 +0000 2026,0,Sold na keycap. Ballcap and blue shumon are still available. Wts Blackpink,2035333964035195127,,,en,,0,0,0,https://x.com/undefined/status/2035333964035195127,1471623034498805762,
2035271350525542879,Sat Mar 21 12:33:26 +0000 2026,0,@VENUYADAV4BJP @itsmeme1063 Idi covid time lo video ni blue tick paisal kosam enduku ra fake news spread chestaru,2035333963770990742,,VENUYADAV4BJP,et,,0,0,0,https://x.com/undefined/status/2035333963770990742,1837926196073713664,
2035333957223661664,Sat Mar 21 12:33:24 +0000 2026,0,3月25日㈬10:30-14:30まで月イチのお楽しみブルーサーモンマルシェを白老町の民家で開催します今月の出店者様は①日々(札幌市)パンやお弁当、ケーキ②かぎねこ(苫小牧市)スコーン、シフォンケーキ③BluRo(苫小牧市) クレープ④BLUE SALMON (白老町)ドリンク無料駐車場、イートインスペース有り！ https://t.co/pHfajgFvyn,2035333957223661664,https://pbs.twimg.com/media/HD71blybkAAsunH.jpg,,ja,,0,0,0,https://x.com/undefined/status/2035333957223661664,1214402828438949888,
2034772495106986237,Sat Mar 21 12:33:24 +0000 2026,0,@Dussyme Red blue,2035333956174856643,,Dussyme,en,,0,0,0,https://x.com/undefined/status/2035333956174856643,1780984467508641793,
2035333484928282769,Sat Mar 21 12:33:22 +0000 2026,0,Most fans depicted the red dot as Caine and the blue one as Bubble but in my theory it's the opposite. Long theory explanation ahead https://t.co/Czlb8SQgia,2035333947845136407,https://pbs.twimg.com/media/HD71b-rb0AAkFoY.jpg,rhinocheesecake,en,,0,0,0,https://x.com/undefined/status/2035333947845136407,1572415367271841794,
2035305076730871984,Sat Mar 21 12:33:22 +0000 2026,0,@akuahwritess Confidence now in the negatives. This team has lost the true Blue fight spirit and motivation. If they win fine if they don't it's just a continuation of the story not a new thing.,2035333946200789045,,akuahwritess,en,,0,0,0,https://x.com/undefined/status/2035333946200789045,2766135249,
2035164480678609239,Sat Mar 21 12:33:22 +0000 2026,0,@YouNotGonnaWin is bubble the remnants of that blue circle we saw earlier?,2035333945789665577,,YouNotGonnaWin,en,,0,0,0,https://x.com/undefined/status/2035333945789665577,1778057700175200256,
2035333944862712084,Sat Mar 21 12:33:21 +0000 2026,0,Jordan Retro 14 'Black/University Blue' now live on Feature M https://t.co/GY2yr7AssC G https://t.co/4ZLFu9tUA1 P https://t.co/PyglUd5cyb T https://t.co/zYq9kJnzvZ https://t.co/BxoBgKz4gm https://t.co/sMvMe4WXy0,2035333944862712084,https://pbs.twimg.com/media/HD71b_cWAAEBEVE.jpg,,en,,0,0,0,https://x.com/undefined/status/2035333944862712084,3068984443,
2035330332619091985,Sat Mar 21 12:33:19 +0000 2026,0,@DavidCS1990 tu de blue lock q viste/leiste?,2035333934716744123,,DavidCS1990,es,,0,0,0,https://x.com/undefined/status/2035333934716744123,856231700669632512,
2035333932682813760,Sat Mar 21 12:33:18 +0000 2026,0,ハンバートハンバート ツアー2026「歌ったり喋ったり」 @東京国際フォーラム ほのぼの癒しのライブでした おふたりのトーク癒される️と思っていたら、 ラジオが始まるとのこと️ 5月またスペシャ入ろうかな〜 https://t.co/cfBhKZt6OC,2035333932682813760,https://pbs.twimg.com/media/HD71a4wakAA0SUx.jpg,,ja,,0,0,0,https://x.com/undefined/status/2035333932682813760,133610119,
2035333919646867829,Sat Mar 21 12:33:18 +0000 2026,0,Blue ribbon printed blouse lucu banget buat cafe hopping https://t.co/qakPBFc9db https://t.co/8eLlEoq0T6,2035333929780298040,https://pbs.twimg.com/media/HD71a3KaYAAcuyO.jpg,humaiyyss,en,,0,1,0,https://x.com/undefined/status/2035333929780298040,2029995978313670656,
2034987157195301175,Sat Mar 21 12:33:17 +0000 2026,0,@KaspaSilver @realvijayk @KeystoneWallet For inquiries like this it may be worthwhile getting that blue checkmark back as it can help separate yourself from the pool of scammers in the space.,2035333927636701523,,KaspaSilver,en,,0,0,0,https://x.com/undefined/status/2035333927636701523,1646692899667554304,
2035110498664923487,Sat Mar 21 12:33:17 +0000 2026,1,@LetsoaloRant This is the N3. It's not between Polokwane &amp; Jozi. I know you are just fishing for Elon's money and I'm here helping you - but sorry I don't have the blue tick to make it count more ,2035333926709797101,,LetsoaloRant,en,,0,0,0,https://x.com/undefined/status/2035333926709797101,71029581,
2035333922964516898,Sat Mar 21 12:33:16 +0000 2026,1,Men in Blue to return to Belfast after 19 years for a two-match T20I series later in 2026 #INDvsIRE #T20I https://t.co/ymak1ewWq7,2035333922964516898,https://pbs.twimg.com/media/HD71O-RacAA_sJi.jpg,,en,,0,0,0,https://x.com/undefined/status/2035333922964516898,1306564149212782593,
2035333917189067135,Sat Mar 21 12:33:15 +0000 2026,4,#FANFUNMUSiCNIGHT2026 #TOKYO の当日 友達とLunch️️ お店はBlueでワクワクするお店です #ニカイ https://t.co/mpzkfreWqH,2035333917189067135,https://pbs.twimg.com/media/HD70_7BaEAAVvCQ.jpg,,ja,,0,0,0,https://x.com/undefined/status/2035333917189067135,1447115816583843841,
2034993877564703065,Sat Mar 21 12:33:13 +0000 2026,0,@miles_commodore Politics as in red vs blue is like watching a soap opera. It's full of bad actors and even worse scripts and it's all total fiction.,2035333910402351448,,miles_commodore,en,,0,0,0,https://x.com/undefined/status/2035333910402351448,1417023043,
2035333907818914252,Sat Mar 21 12:33:12 +0000 2026,17,こんばんはEVER BLUEからスタート！ #あり点,2035333907818914252,,,ja,,0,0,0,https://x.com/undefined/status/2035333907818914252,1501024007885582339,
2035157671980974184,Sat Mar 21 12:33:10 +0000 2026,0,@SenatorRicketts No more negotiations. No more CRs. End the filibuster and blue slip and finally realize there is no dealing with zealots.,2035333898075594984,,SenatorRicketts,en,,0,0,0,https://x.com/undefined/status/2035333898075594984,1601203366885052416,
2035318463539949609,Sat Mar 21 12:33:07 +0000 2026,0,@MrBen150 @Paradisenewslin @mariolexxx That's true but with the blue tick does engagement really matters? Like can you get paid with low engagement yet verified?,2035333884036964842,,MrBen150,en,,0,0,0,https://x.com/undefined/status/2035333884036964842,1871913520352395264,
2035333880392155223,Sat Mar 21 12:33:06 +0000 2026,0,54/50 Ohio State TT 50/50 4-2-5 TT QB &amp; LB Blue Chip Boosts Playbooks: Offense-Oregon Defense-Ohio State Strat Cards: Spring Break C4 Chime Abilities Offense: Seagren/Altuner/Kylany/Sell/ Robinson-Silver Pocket Shield Grogen Silver Takeoff Silver Cutter Johnson/Moss-Gold https://t.co/U3KGOpWEZc,2035333880392155223,https://pbs.twimg.com/media/HD71AVObIAEOBUs.jpg,,en,,0,0,0,https://x.com/undefined/status/2035333880392155223,805971995414396928,
2035333864483324385,Sat Mar 21 12:33:02 +0000 2026,0,WILD BLUEのライブでもわぶっていきましょう！ チケット探してます。 【求】 ○ 昼の部（昼夜通しでも可） ○1枚 ○〜1.0 ○分配 サイト通し希望です。 が列数と大体の席番号をご教示の上、 DMいただけますと幸いです。 よろしくお願いいたします。 #WILDBLUE譲 #ROIROM譲,2035333864483324385,,,ja,,0,0,0,https://x.com/undefined/status/2035333864483324385,1969457541529944064,
2035333856035745816,Sat Mar 21 12:33:00 +0000 2026,0,One shoulder out unbothered energy fully activated. The NZILANI KAFTAN is giving effortless linen that floats a polka dot print that pops and a hidden pocket because why not have it all. https://t.co/rCSIk4W2r6 #TULIBrands #Style #ShopOnline #TimelessElegance https://t.co/sfuWz7ObZd,2035333856035745816,https://pbs.twimg.com/media/HDmXLiuWgAAepiv.jpg,,en,,0,0,0,https://x.com/undefined/status/2035333856035745816,1731946655321092096,
2035333854693843215,Sat Mar 21 12:33:00 +0000 2026,7,Releasing at 10AM EST Air Jordan 14 'Black/University Blue' =&gt; https://t.co/za0kth8INg https://t.co/KTBpRTnvRj,2035333854693843215,https://pbs.twimg.com/media/HD5Ecz-bUAApSbw.jpg,,en,,0,1,2,https://x.com/undefined/status/2035333854693843215,1772606058,
2035329688705393040,Sat Mar 21 12:32:59 +0000 2026,0,@taylipt Blue is likely Abel and the current speculation is that Bubble IS Abel or at least what remains of him atm Jax is using the circus as a means of escapism he didn't think anything was real so the fact that it is &amp; he hurt people hit him hard &amp; he probably knew something bc of,2035333852978204755,,taylipt,en,,0,1,0,https://x.com/undefined/status/2035333852978204755,1792668582804951040,
2035333851271377100,Sat Mar 21 12:32:59 +0000 2026,0,Roses are red violets are blue our Sweet Repair haircare is the one for you Try this ultimate self-care routine this Valentine's Day for heat damaged hair BUT if you've only got 5 minutes our Sweet Repair Mask is your solve and smells just as ... https://t.co/mmlQMUPIcl,2035333851271377100,https://pbs.twimg.com/amplify_video_thumb/2035333698095300608/img/URFhOkqPS79yFJf2.jpg,,en,,0,0,0,https://x.com/undefined/status/2035333851271377100,2018581065988800512,
2034143660636299547,Sat Mar 21 12:32:58 +0000 2026,0,@RedPillSayian Blue is an unfortunate color to associate with America First.,2035333848301437233,,RedPillSayian,en,,0,0,1,https://x.com/undefined/status/2035333848301437233,29998749,
2035333847207030798,Sat Mar 21 12:32:58 +0000 2026,2,You never know who is going to make an impact for the Blue Jays during the upcoming season. @ArdenZwelling runs down everyone you should watch at Saturday's Spring Breakout game. https://t.co/xusqSRPRQC,2035333847207030798,,,en,,0,0,1,https://x.com/undefined/status/2035333847207030798,21660529,
2035333845546143914,Sat Mar 21 12:32:58 +0000 2026,0,たいきを表す色は 【薄青（うすあお）｜Smoke Blue】 余韻をまとう人 ・くすみ系クール代表 ・感情に振り回されない ・静かな理性で整える #Makko #診断テスト みんなは何色かな？ 【色鉛筆診断】 https://t.co/TTmjzrgi33 落ち着きがないと言われる側の方の自信がある,2035333845546143914,,,ja,,0,0,0,https://x.com/undefined/status/2035333845546143914,335377093,
2035116557047644339,Sat Mar 21 12:32:56 +0000 2026,0,@realstewpeters Not sure I agree about Trump but its DEFINITELY past time to have a conversation about removing the influences of other countries with a blue and white flag.,2035333840416182327,,realstewpeters,en,,0,0,0,https://x.com/undefined/status/2035333840416182327,1687250816975974400,
2034998932967735501,Sat Mar 21 12:32:56 +0000 2026,0,@GrantMa25066011 I d argue Missouri goes blue by &gt;0.5%,2035333837681541494,,GrantMa25066011,en,,0,0,0,https://x.com/undefined/status/2035333837681541494,1833971733004529664,
2035333834858795445,Sat Mar 21 12:32:55 +0000 2026,1, Arrived at the Meadow as Shrewsbury Town look to return to winning ways. It s military matchday blue skies have emerged and fingers crossed for three points. Build-up to come @Shrewsbury_star #Salop https://t.co/zjKaFCbFju,2035333834858795445,https://pbs.twimg.com/media/HD71U57bgAA01P_.jpg,,en,,0,0,0,https://x.com/undefined/status/2035333834858795445,1445404728863690760,
2035333830605934925,Sat Mar 21 12:32:54 +0000 2026,15,#あり点 EVER BLUE最高でした,2035333830605934925,,,ja,,0,0,0,https://x.com/undefined/status/2035333830605934925,1517018111555534848,
2035275384451674151,Sat Mar 21 12:32:53 +0000 2026,0,@BlueWolfNFTs morning blue! Hope you doing good,2035333826541465728,,BlueWolfNFTs,en,,0,0,0,https://x.com/undefined/status/2035333826541465728,1618497870,
2035333811987436005,Sat Mar 21 12:32:50 +0000 2026,19,大事な一曲目はやっぱりEVER BLUE 武道館のオープニング感動したなぁ！！ #あり点,2035333811987436005,,,ja,,0,0,0,https://x.com/undefined/status/2035333811987436005,1500812172233830400,
2035333808568807809,Sat Mar 21 12:32:49 +0000 2026,0,once every blue moon spotify will give you a run of madd jamz without asking love it,2035333808568807809,,,en,,0,0,0,https://x.com/undefined/status/2035333808568807809,2024594170850267136,
2035333806392021381,Sat Mar 21 12:32:48 +0000 2026,0,nickname: Inferno prns: He/him height: sag ich nicht sexuality: sag ich nicht smokes: not anymore piercings: no tattoos: no fav color : blue fav drink: soft drinks fav food: Lasagne fav animal: Känguru,2035333806392021381,,,de,,0,0,0,https://x.com/undefined/status/2035333806392021381,1500471767319691274,
2034984225800139247,Sat Mar 21 12:32:48 +0000 2026,0,@nxd1979 Shocker! Some animals can do things humans can't. Did you also know water is wet and the sky is blue?,2035333804735234366,,nxd1979,en,,0,0,0,https://x.com/undefined/status/2035333804735234366,1529363217893539843,
2035333798330560630,Sat Mar 21 12:32:46 +0000 2026,0,3️⃣SONGS of 2002: Viva la Vida Alcoba Azul Burn It Blue Get Off of My Back This Is Where I Belong Tanz des Bauern mit den dicksten Kartoffeln Los lunes al sol Die Oros Mad Bad Cat Gator's Grin Me Julie Convite para vida La canzone di Pinocchio I Move On Gollum's Song https://t.co/f8mcq84f0Z,2035333798330560630,https://pbs.twimg.com/media/HD7iayAXsAAWsXy.jpg,,en,,0,0,0,https://x.com/undefined/status/2035333798330560630,1521450203458555910,
2034697217949540566,Sat Mar 21 12:32:45 +0000 2026,0,@bobwebberlawyer @NotoriousAKG @shipwreckedcrew It hasn t gone well b/c virtue signaling blue haired white women have no purpose in life and see fit to crusade against deportation.,2035333792437621221,,bobwebberlawyer,en,,0,0,0,https://x.com/undefined/status/2035333792437621221,1599429532913639424,
2035333788968882448,Sat Mar 21 12:32:44 +0000 2026,0, Google is now silently rewriting news headlines with AI in search results. Not just AI Overviews - the classic 10 blue links too. They're changing the meaning of publishers' work without permission or indication. Small experiment - where have we heard that before? https://t.co/DOOY30rmT3,2035333788968882448,https://pbs.twimg.com/ext_tw_video_thumb/2035333771512483840/pu/img/SYIFa33ElBQrH_9x.jpg,,en,,0,0,0,https://x.com/undefined/status/2035333788968882448,1225572512941166593,
2035333782358704632,Sat Mar 21 12:32:43 +0000 2026,1,Unless you are a fan of the blue bloods it s pretty lame to watch. The whole appeal of college basketball has been madness in March. Right now it s just chalk. They need high point to make a run or something,2035333782358704632,,,en,,0,1,0,https://x.com/undefined/status/2035333782358704632,2544177903,
2035333776822173788,Sat Mar 21 12:32:41 +0000 2026,2, being a good girl at the blue store so he will buy me whenever i want from the pink store divine feminine energy girl math coloring while he s doing his big boy s job https://t.co/6AFmsO2x6V,2035333776822173788,https://pbs.twimg.com/amplify_video_thumb/2035333763698233344/img/8Wc63VlvrVd3t33C.jpg,,en,,0,0,0,https://x.com/undefined/status/2035333776822173788,1982193293430767617,
2035039696825590108,Sat Mar 21 12:32:41 +0000 2026,0,@Itssnishita Aap bhi blue tickiya samaaj me chale gaye...ab kya hoga mera ,2035333775073366320,,Itssnishita,hi,,0,0,0,https://x.com/undefined/status/2035333775073366320,973246001392713734,
2035102358279983401,Sat Mar 21 12:32:38 +0000 2026,1,@ColinDMello Don't get how people can think @fordnation is doing a bad job but would still vote for them. Just proof conservatives would vote for a rock that is robbing them blind as long as it's blue.,2035333763039691086,,ColinDMello,en,,0,0,1,https://x.com/undefined/status/2035333763039691086,4445908945,
2035324854400905630,Sat Mar 21 12:32:34 +0000 2026,3,@dguy199735678 Like if you didn't care when people were suggesting starting hate account for H and supporting d*dson ender Why TF should people care that your blonde haired blue eyed white baby nickname of 'classy' is put in quotations ,2035333745763332534,,dguy199735678,en,,0,0,0,https://x.com/undefined/status/2035333745763332534,1946697604722769920,
2035333744924520848,Sat Mar 21 12:32:34 +0000 2026,1,2️⃣[PREVIEW]2️⃣ BT-25 DUAL REVOLUTION #DigimonCardGame vuelve a cambiar! Llegan las DUAL CARDS que revolucionarán todas las partidas! ️25/05/2026 ⬛ Aegiochusmon Blue - lvl 5 https://t.co/9toiE6iRpp,2035333744924520848,https://pbs.twimg.com/media/HD71P0Ta4AATF1X.jpg,,es,,0,0,0,https://x.com/undefined/status/2035333744924520848,1331863562315304960,
2035333740327510301,Sat Mar 21 12:32:33 +0000 2026,0,Thought Provoking. How Red vs. Blue Is The Rich vs. You https://t.co/WUUaoTijEm,2035333740327510301,,,en,,0,0,0,https://x.com/undefined/status/2035333740327510301,438303534,
2035078233331216578,Sat Mar 21 12:32:32 +0000 2026,0,@lisa_roatch @KCTV5 It wasn t needed. The vision came from other Blue cities and Europe where it is done. Keep in mind 1 woman caught him. 66 others did not. He is the first to be caught. Have other criminals done it?,2035333738029097410,,lisa_roatch,en,,0,0,0,https://x.com/undefined/status/2035333738029097410,1680962398755143682,
2035300268066349492,Sat Mar 21 12:32:29 +0000 2026,1,@rpfecrspj @rpfecr @RailwaySeva Aur ye blue t-shirt aur black shirt wala ladke darbhanga me utre aur baki sakri me,2035333726193009007,,OmprakashK85664,hi,,0,0,0,https://x.com/undefined/status/2035333726193009007,1905540999105089536,
2035229442575147193,Sat Mar 21 12:32:29 +0000 2026,0,@AlfinCodes Depends on the role ur prep for Cybersecuty is really huge I used kali while doing pentesting in college but since now i work in Blue teaming stuffs. I dont use it,2035333723764486402,,AlfinCodes,en,,0,0,0,https://x.com/undefined/status/2035333723764486402,1662013109698002945,
2035333442368409831,Sat Mar 21 12:32:28 +0000 2026,0,j arrive pas à poser le pied par terre aïe aïe aïe comment jvais faire pour veiller sur east blue moi !!,2035333721771925643,,acepvvv,fr,,0,0,0,https://x.com/undefined/status/2035333721771925643,1772364970690236416,
2035136475252011252,Sat Mar 21 12:32:28 +0000 2026,1,@musings_blonde They're classic and elegant! They remind me of the similar blue prints on fine China. Im sure that dress is going to be stunning on you!,2035333720148672691,,musings_blonde,en,,0,1,0,https://x.com/undefined/status/2035333720148672691,1822671518800728064,
2032578515611074688,Sat Mar 21 12:32:26 +0000 2026,0,@ReiganLambda You'd better bother the bitch with the god-awful blue hair stupid green eyes and she has shit on the wings.,2035333714222166071,,ReiganLambda,en,,0,0,0,https://x.com/undefined/status/2035333714222166071,1447990202312663043,
2035333713962156471,Sat Mar 21 12:32:26 +0000 2026,0,Absolutely infuriating! Blue states suck!,2035333713962156471,,,en,,0,0,0,https://x.com/undefined/status/2035333713962156471,1359598291277795329,
2035333710472450466,Sat Mar 21 12:32:25 +0000 2026,0,Democrats don't seem to care this story seems to repeat itself in every blue state. Time to stop voting for democrats they have proven over and over they pick criminals over law abiding citizens.,2035333710472450466,,,en,,0,0,0,https://x.com/undefined/status/2035333710472450466,841558231,
2034977294582763533,Sat Mar 21 12:32:25 +0000 2026,0,@CaralhoPhilly Warms my heart when a blue check grifter can barely crack a 100 likes on obvious rage bait. Time to start filling out job applications!,2035333708245270928,,CaralhoPhilly,en,,0,0,0,https://x.com/undefined/status/2035333708245270928,1466567287251554305,
1988131140406817003,Sat Mar 21 12:32:24 +0000 2026,1,@KerryMcnamara61 @Jessipacaro Hey just so your facts are straight go look at the federal distribution of taxes from blue states like MA NY and Cali over pay federal taxes to give to the red states that can t fund their own states! So who the fuck is paying for what again! https://t.co/LGoLe1Jz6P,2035333706504704500,https://pbs.twimg.com/media/HD71NzEWAAAJiBB.jpg,KerryMcnamara61,en,,0,1,0,https://x.com/undefined/status/2035333706504704500,1939728243697111040,
2035333700229964054,Sat Mar 21 12:32:23 +0000 2026,0,Omfg he s literally just reheating dark enchantress s nachos SOMEONE DISEMBOWEL THAT BLUE SACK OF SHIT IM SO TIRED OF HIM,2035333700229964054,,,en,,0,0,0,https://x.com/undefined/status/2035333700229964054,1389422022208413700,
2035333695595294797,Sat Mar 21 12:32:22 +0000 2026,0,Air Jordan 14 'Black University Blue' now available via Feature Men: https://t.co/GY2yr7AssC GS: https://t.co/4ZLFu9tUA1 PS: https://t.co/UKuFdgfxlw TD: https://t.co/zYq9kJnzvZ https://t.co/aktrVSm5zB https://t.co/N3YKM4eogj,2035333695595294797,https://pbs.twimg.com/media/HD71NfHW8AANFRK.jpg,,en,,0,0,0,https://x.com/undefined/status/2035333695595294797,3068984443,
2035333603161428272,Sat Mar 21 12:32:00 +0000 2026,0,28. The world's color saturation is subtly turned up from the gray-blue of the sky to the deep emerald of the pine. HI JAPAN JIMMYSEA IS BACK #JSFANDAY30XTOKYO,2035333603161428272,,,en,,0,0,0,https://x.com/undefined/status/2035333603161428272,1777269183027294209,
2035261494099873798,Sat Mar 21 12:31:57 +0000 2026,0,@Payal_Verma7 @kana__uranikki That's Sayaka Yamamoto (山本彩) a Japanese singer actress and former NMB48/AKB48 idol known for her vocals and charm. She's casually showing her blue fuzzy knit in this vid arms crossed with black innerwear peeking for that extra service spirit! ,2035333590892904908,,Payal_Verma7,en,,0,0,0,https://x.com/undefined/status/2035333590892904908,1720665183188922368,
2035333588338504112,Sat Mar 21 12:31:56 +0000 2026,0,Isn't it nice every Once in a Blue Moon when justice Actually gets served up????????,2035333588338504112,,,en,,0,0,0,https://x.com/undefined/status/2035333588338504112,1594460448073879552,
2035333587143205018,Sat Mar 21 12:31:56 +0000 2026,0,hobi verse on swim reminds me of his tone in blue side and it's so dear to me,2035333587143205018,,,en,,0,0,0,https://x.com/undefined/status/2035333587143205018,1215284330316038144,
2035333575319646510,Sat Mar 21 12:31:56 +0000 2026,0,Source: https://t.co/ybffdIrYn3 Try Blue Guardian: https://t.co/RZxyyW52AD Follow @PropRuleAlert for daily rule change alerts,2035333585511870658,,PropRuleAlert,en,,0,0,0,https://x.com/undefined/status/2035333585511870658,2025909436217479168,
2035264234964000831,Sat Mar 21 12:31:56 +0000 2026,0,@silverpenydr Egbon buy blue tick for me make Elon dey pay me too nah ,2035333585448669581,,silverpenydr,en,,0,0,0,https://x.com/undefined/status/2035333585448669581,1571772449531875330,
2035333583615721572,Sat Mar 21 12:31:55 +0000 2026,0,Chasing sunsets in Santorini White-washed villages blue domes and wine that tastes like sunshine. Every corner feels like a postcard proof that magic exists in slow golden moments. #SantoriniVibes #WanderlustDiaries https://t.co/woXeYNok5B,2035333583615721572,https://pbs.twimg.com/media/HD71CM0WgAA2GPZ.jpg,,en,,0,0,0,https://x.com/undefined/status/2035333583615721572,1461690551464517636,
2035083371773084028,Sat Mar 21 12:31:55 +0000 2026,1,@JustLwandle Lexie Blue Nale Khosi Liema*2# Bbm..,2035333580897812556,,JustLwandle,in,,0,0,0,https://x.com/undefined/status/2035333580897812556,1309571188079853570,
2035313779760628071,Sat Mar 21 12:31:53 +0000 2026,0,@BigBearKentlaar The irony a of a blue tick grifter saying this lmao,2035333575495520484,,BigBearKentlaar,en,,0,0,0,https://x.com/undefined/status/2035333575495520484,1620433302464110593,
2035333575319646510,Sat Mar 21 12:31:53 +0000 2026,0,️ RULE CHANGE Blue Guardian Changes detected on rules page: + 24 Hour Payout Guarantee + Delays caused by compliance checks risk reviews or a lack of timely response o + Blue Guardian Limited Impact: LOW (+6/-7 lines)... #propfirm #fundedtrader,2035333575319646510,,,en,,0,1,0,https://x.com/undefined/status/2035333575319646510,2025909436217479168,
2035333565609603198,Sat Mar 21 12:31:51 +0000 2026,10,WAKE UP ITS GAMEDAY Michigan takes on St Louis in the second round of the NCAA Tournament. Just win. GO BLUE https://t.co/5LBV1ydlqr,2035333565609603198,https://pbs.twimg.com/ext_tw_video_thumb/2024520207931166720/pu/img/tfUPN-f5YvrcX0-o.jpg,,en,,0,0,1,https://x.com/undefined/status/2035333565609603198,1276594860,
2035174555522601445,Sat Mar 21 12:31:45 +0000 2026,0,@LucasSa56947288 That's because blue states are smarter. That's why they lead red states in practically every economic educational income and health measure studied. Blue states don't keep electing the same politicians year after year who do nothing for them like red states.,2035333542360633774,,LucasSa56947288,en,,0,0,0,https://x.com/undefined/status/2035333542360633774,1369009321355382785,
2035333532638167330,Sat Mar 21 12:31:43 +0000 2026,2,Ad: Air Jordan 14 'Black University Blue' - Feature Men: https://t.co/PqE7coeVFh GS: https://t.co/ZWG6X7wucn PS: https://t.co/jytovTdtmk TD: https://t.co/my7tBm3pHq https://t.co/VPHrv55udA,2035333532638167330,https://pbs.twimg.com/media/HD70zWAWYAALYvf.jpg,,en,,0,0,0,https://x.com/undefined/status/2035333532638167330,880011263513956352,
2035333529362723176,Sat Mar 21 12:31:42 +0000 2026,0,Blue Lock,2035333529362723176,,,en,,0,0,0,https://x.com/undefined/status/2035333529362723176,1342869707464953858,
2035279279722746120,Sat Mar 21 12:31:41 +0000 2026,7,@skibanchi That s not a civilian He looks like a retired personnel and the guy on blue might be his ordily Look at the gun handling check the index finger safely off the trigger Only concern na why him Dey cork barreta like pump action ,2035333526250238170,,skibanchi,en,,0,1,0,https://x.com/undefined/status/2035333526250238170,1823629016483483648,
2035333520424632720,Sat Mar 21 12:31:40 +0000 2026,0,musical theatre songs ive banned myself from listening (bc they make me depressed) - if its true - promises - those you ve known - don t do sadness/blue wind - who lives who dies who tells your story,2035333520424632720,,,en,,0,0,0,https://x.com/undefined/status/2035333520424632720,1674364163299364864,
2025554593392767024,Sat Mar 21 12:31:38 +0000 2026,0,@annski3269 look here https://t.co/lYTci0MTsu,2035333513633763604,https://pbs.twimg.com/amplify_video_thumb/2035333284448649216/img/djylsGlwHYuSBqQv.jpg,annski3269,en,,0,0,0,https://x.com/undefined/status/2035333513633763604,524637768,
2035333505320718574,Sat Mar 21 12:31:36 +0000 2026,1,hermès link ice-blue mink,2035333505320718574,,,und,,0,0,0,https://x.com/undefined/status/2035333505320718574,4817939379,
2035317999968681985,Sat Mar 21 12:31:36 +0000 2026,0,@schenckmatt @HTfromTrrorLake @cardboardbst I have a blue hyper if you re interested,2035333503387091414,,schenckmatt,en,,0,0,0,https://x.com/undefined/status/2035333503387091414,414949400,
2035333498215801074,Sat Mar 21 12:31:36 +0000 2026,0,こんな白井さんを観れて楽しい。洛の決意を鶴子と三八子はどう受け止めるんだろう。三八子の決意は辛すぎる。継承問題どうなるんだろ。Blue修行中のメンバーもそれぞれ成長して登場しているので京都人〜ファンにとって嬉しいなぁ。いよいよ明日は最終話。なんだかさみしいなぁ。,2035333501470531877,,pukusukenanoda,ja,,0,0,0,https://x.com/undefined/status/2035333501470531877,1183684223653122051,
2035333498114818252,Sat Mar 21 12:31:35 +0000 2026,0,Every Blue State refused.... New Hampshire. STUNNING,2035333498114818252,,,en,,0,0,0,https://x.com/undefined/status/2035333498114818252,801436109381242880,
2035333486832243013,Sat Mar 21 12:31:32 +0000 2026,6,Madrid to New York (JFK) in Business Class for 43k Miles Bookable with Air France Flying Blue miles on certain dates in April - June Cash Price: $2 560 https://t.co/I1rP2ST9wj,2035333486832243013,https://pbs.twimg.com/media/HD70mQAWQAAamvA.png,,en,,0,1,0,https://x.com/undefined/status/2035333486832243013,1266203575488843778,
2034944311809515914,Sat Mar 21 12:31:32 +0000 2026,1,@nagashima21 何じゃそれ〜 産経新聞の記者と同じことを言ってる〜 皆で相談して、そう言おうと決めたのか 残念な人たち https://t.co/YH4BbRrNEs,2035333484907221070,https://pbs.twimg.com/amplify_video_thumb/2035333374639022080/img/40LiPpEFaMIgHJzU.jpg,nagashima21,ja,,0,0,1,https://x.com/undefined/status/2035333484907221070,74295627,
2035333469463835102,Sat Mar 21 12:31:28 +0000 2026,1,『Blue Jeans｜HANA』 acoustic cover. 優里 × Tani Yuuki × 川崎鷹也 https://t.co/N0MwZRwVk3 @YouTubeより 好きなBlue Jeans！めちゃいい 春ぽくってGジャンもGパンも爽やかいい,2035333469463835102,,,ja,,0,0,0,https://x.com/undefined/status/2035333469463835102,1327621524153483264,
2035003473423368363,Sat Mar 21 12:31:28 +0000 2026,1,@MmePapyraceus I bet blue ball auto wash does a lot of business on their cold setting,2035333468091974142,,MmePapyraceus,en,,0,0,0,https://x.com/undefined/status/2035333468091974142,1478436790293909513,
2035270187469992012,Sat Mar 21 12:31:26 +0000 2026,0,@KingMntungwa This is an AI crap! The man on the wheel is a North indian whereas the running man far behind has the hat which is from some Southeastern countries. Then after bull charges the driver vanishes into thin air &amp; you can see another blue shirt &amp; hat man running out of nowhere.,2035333460504744388,,KingMntungwa,en,,0,0,0,https://x.com/undefined/status/2035333460504744388,3145485666,
1915378419790946670,Sat Mar 21 12:31:24 +0000 2026,0,@sympractical The black cube is earthly jerusalem (earthly caliphate) the golden/white cube is heavenly jerusalem (heavenly kingdom) also represented by an enfolded cube creating a cross shape. Epsteins mosque is the white cube w 7 blue heavenly stripes and the golden dome,2035333451293868351,,sympractical,en,,0,0,0,https://x.com/undefined/status/2035333451293868351,3302946477,
2035333448798232954,Sat Mar 21 12:31:23 +0000 2026,26,Eddie Money Two Tickets to Paradise Happy Heavenly Birthday to the blue-collar rock legend born March 21st 1949. From NYC cop trainee to arena star Eddie gave us one of the ultimate escape anthems still blasting loud still taking us away ️ #EddieMoney https://t.co/yo89F1lYBx,2035333448798232954,https://pbs.twimg.com/amplify_video_thumb/2035332269133484032/img/5MGbKsF9jZhIz6eW.jpg,,en,,1,1,8,https://x.com/undefined/status/2035333448798232954,1606302798240423938,
2035333436156555720,Sat Mar 21 12:31:20 +0000 2026,0,Air Jordan 14 'Black University Blue' is now available. Retro release in black white and university blue colorway. https://t.co/GY2yr7AssC https://t.co/du66EgM9an,2035333436156555720,https://pbs.twimg.com/media/HD70-YSXYAA1zjQ.jpg,,en,,0,0,0,https://x.com/undefined/status/2035333436156555720,3068984443,
2035159749059387855,Sat Mar 21 12:31:20 +0000 2026,0,Other theory s Pomni is the new program a hybrid bc her clothes are red and blue there to fix things or a hard reset so she is blending in. Everyone has there brains/subconscious scanned into the program which is why they can t take there goggles off or remember themselves,2035333435808677931,,luckytheoryy,en,,0,1,0,https://x.com/undefined/status/2035333435808677931,1282949344266604544,
2035333432243568834,Sat Mar 21 12:31:19 +0000 2026,0,Tune Live 2026 お譲り先を探しています 【譲】 4/4 (土) 豊洲PIT 2部 18:30 【枚数】 SS 50番台 1~2枚 【金額】 10〜ご提示ください 【取引方法】要相談 即決あります。目当て金額明記の上dmまでご連絡ください。 A.B.C-Z KID PHENOMENON 超特急 MA55IVE THE RAMPAGE WILD BLUE #TuneLive2026,2035333432243568834,,,ja,,0,0,0,https://x.com/undefined/status/2035333432243568834,1077338166489538560,
2035236380645679335,Sat Mar 21 12:31:18 +0000 2026,0,@AnyoneNowDatBoi @FR0TTAGEC0RE He s about die when he gets invaded at blue buff.,2035333429210783992,,AnyoneNowDatBoi,en,,0,1,0,https://x.com/undefined/status/2035333429210783992,1736314213264437250,
2034996345271197984,Sat Mar 21 12:31:18 +0000 2026,0,@blue988203 blueさん、おつかれさまです(^^ ありがとうございます、一日ずっと寝てたら大分良くなりました,2035333427386573191,,blue988203,ja,,0,0,0,https://x.com/undefined/status/2035333427386573191,1853742730796793856,
2035333426710999437,Sat Mar 21 12:31:18 +0000 2026,1,Yellow/Blue Line: Customers will experience delays in both directions due to inspections being performed following a report of a track obstruction at Potomac Yard.,2035333426710999437,,,en,,0,0,0,https://x.com/undefined/status/2035333426710999437,1522468057,
2035196990384906647,Sat Mar 21 12:31:14 +0000 2026,0,@1SamuelAfolabi @LaceyPresley To chibify anyone (like Elon here) use an AI image generator such as Flux on https://t.co/f3u3Rwh9tM or X: Prompt example: Cute chibi-style Elon Musk figure big sparkling brown eyes fluffy messy brown hair tiny blue jacket with 'Musk' name tag and SpaceX patch holding,2035333409531138504,,1SamuelAfolabi,en,,0,0,0,https://x.com/undefined/status/2035333409531138504,1720665183188922368,
2034770157352964571,Sat Mar 21 12:31:11 +0000 2026,0,@LeviathanLx @scoob_gang @ymnis_v1 sorry for not having a blue checkmark so I can write tons of text,2035333399049576655,,LeviathanLx,en,,0,0,0,https://x.com/undefined/status/2035333399049576655,1022732816939921408,
2035238683972956546,Sat Mar 21 12:31:10 +0000 2026,0,@amjushere @oreilly_nico Nico O Reilly is blue royalty ,2035333393383129564,,amjushere,en,,0,0,0,https://x.com/undefined/status/2035333393383129564,3300687754,
2035304536462492071,Sat Mar 21 12:31:09 +0000 2026,0,@abdullahayofel Blue tick,2035333390631616820,,abdullahayofel,en,,0,0,0,https://x.com/undefined/status/2035333390631616820,1232302348418060289,
2035052980240519184,Sat Mar 21 12:31:07 +0000 2026,0,@aesgfx Time to love Parade Mr E Blue lemonade You better know,2035333380699758742,,aesgfx,en,,0,0,0,https://x.com/undefined/status/2035333380699758742,1866811780871360514,
2035333363704508419,Sat Mar 21 12:31:03 +0000 2026,0,Kampung saya teal blue banyak sampai susah nak cam mana satu keluarga masing2 ,2035333363704508419,,,in,,0,0,0,https://x.com/undefined/status/2035333363704508419,391216032,
2035333361330266222,Sat Mar 21 12:31:02 +0000 2026,0,#FeelsLikeSummer My salty friend was cool legally high calm and welcoming. Sunshine &amp; blue skies. Couldn't get any better with a swim coffee croissant &amp; chats with friends. #SwimmingLife #BeautifulSea ️️️️️️️ https://t.co/24mjVDyi9K,2035333361330266222,https://pbs.twimg.com/media/HD705Vna0AAvj9f.jpg,,en,,0,0,0,https://x.com/undefined/status/2035333361330266222,1640054678,
2035333359883411563,Sat Mar 21 12:31:02 +0000 2026,0,nitFlow Finance @UnitFlowFinance · Mar 10 UnitFlow Finance Minter Ranks Update! From Egg (234k) to crowned Salmon (2 934) and pushing toward that epic 0-rank Blue Whale. Daily minters are flowing strong. Who's climbing the levels next?,2035333359883411563,,,en,,0,0,0,https://x.com/undefined/status/2035333359883411563,204499137,
2035333359275311465,Sat Mar 21 12:31:02 +0000 2026,0,nitFlow Finance @UnitFlowFinance · Mar 10 UnitFlow Finance Minter Ranks Update! From Egg (234k) to crowned Salmon (2 934) and pushing toward that epic 0-rank Blue Whale. Daily minters are flowing strong. Who's climbing the levels next?,2035333359275311465,,,en,,0,0,0,https://x.com/undefined/status/2035333359275311465,177349337,
2035333359216558458,Sat Mar 21 12:31:02 +0000 2026,0,nitFlow Finance @UnitFlowFinance · Mar 10 UnitFlow Finance Minter Ranks Update! From Egg (234k) to crowned Salmon (2 934) and pushing toward that epic 0-rank Blue Whale. Daily minters are flowing strong. Who's climbing the levels next?,2035333359216558458,,,en,,0,0,0,https://x.com/undefined/status/2035333359216558458,389586137,
2035333358331347291,Sat Mar 21 12:31:01 +0000 2026,0,Grey Highlands still struggling with councillor pay system https://t.co/2oP0gYzPJk,2035333358331347291,,,en,,0,0,0,https://x.com/undefined/status/2035333358331347291,953633423704379392,
2035333357903704366,Sat Mar 21 12:31:01 +0000 2026,0,Surfing through Saturday exactly like this (Denim Season Tending Now Style Goals Blue Aesthetic Closet Essentials) #ONLYIndia #ONLY #ONLYThingIWantIsEverything #TheONLYFit https://t.co/Ma125mewJ1,2035333357903704366,https://pbs.twimg.com/media/HD705gAbYAEbJAA.jpg,,en,,0,0,0,https://x.com/undefined/status/2035333357903704366,202505314,
2035333357425611202,Sat Mar 21 12:31:01 +0000 2026,0,nitFlow Finance @UnitFlowFinance · Mar 10 UnitFlow Finance Minter Ranks Update! From Egg (234k) to crowned Salmon (2 934) and pushing toward that epic 0-rank Blue Whale. Daily minters are flowing strong. Who's climbing the levels next?,2035333357425611202,,,en,,0,0,0,https://x.com/undefined/status/2035333357425611202,221258854,
2034357444147613902,Sat Mar 21 12:31:01 +0000 2026,0,@KrasniqiYoung @ValkyrieXStudio 2 Blue balls and Lava Color ball myctuloveprod,2035333357010084159,,KrasniqiYoung,en,,0,0,0,https://x.com/undefined/status/2035333357010084159,1201239201427214336,
2035295634308165656,Sat Mar 21 12:31:01 +0000 2026,1,@modcyclingphoto Extremely boring. Dark blue shorts for me but overall once again very little difference from previous overly priced England kits,2035333356943012349,,modcyclingphoto,en,,0,0,0,https://x.com/undefined/status/2035333356943012349,1055520620874739714,
2035333356636840262,Sat Mar 21 12:31:01 +0000 2026,0,Red Yellow Blue (RYB) is a Global Development platform connecting 193 countries through #cryptoculture #peaceart and the #creativeindustries. Support the development of our platform with getting our tokens at Four Meme. New description on YouTube with a call to action now. ️,2035333356636840262,,,en,,0,0,1,https://x.com/undefined/status/2035333356636840262,1439773375270899713,
2035333351356477929,Sat Mar 21 12:31:00 +0000 2026,1,HOME OPENER! @JCUmlax is at home at Don Shula Stadium at last! The Blue Streaks begin the NCAC era with a Noon game vs. Wabash ️ https://t.co/O85LraphHL https://t.co/lr5SIGsQz0 https://t.co/CiPBIGHgTV,2035333351356477929,https://pbs.twimg.com/media/HD5hUyZXQAEcVyC.jpg,,en,,0,0,2,https://x.com/undefined/status/2035333351356477929,29725674,
2035309067090997705,Sat Mar 21 12:30:58 +0000 2026,0,@Jbmade00 @LBGamestips Could u ask grok since you have the blue checkmark,2035333343701512222,,Jbmade00,en,,0,0,0,https://x.com/undefined/status/2035333343701512222,1935115622889017344,
2035333338240835873,Sat Mar 21 12:30:57 +0000 2026,0,These two. https://t.co/hYtxLGpRpP,2035333338240835873,https://pbs.twimg.com/tweet_video_thumb/HD704OhbcAAtJ3F.jpg,,en,,0,0,0,https://x.com/undefined/status/2035333338240835873,1667953373214134272,
2035333335166148999,Sat Mar 21 12:30:56 +0000 2026,0,Air Jordan 14 Retro 'Black/University Blue' drops live at 6am PT/9am ET via SNS Mens https://t.co/inlYR9xOsl GS https://t.co/uS2XCGh333 https://t.co/hp0leRrkhX https://t.co/0dsJ4ms0CR,2035333335166148999,https://pbs.twimg.com/media/HD704f4XoAAiqZV.jpg,,en,,0,0,0,https://x.com/undefined/status/2035333335166148999,3068984443,
2035333330061721820,Sat Mar 21 12:30:55 +0000 2026,9,If you unfollow your mutuals because their blue tick got expired. You are stupid ! ,2035333330061721820,,,en,,2,4,5,https://x.com/undefined/status/2035333330061721820,1300782218323857408,
2035026634529493199,Sat Mar 21 12:30:53 +0000 2026,0,@Gidi_Traffic More importantly: why do you need to edit videos pay for a blue and sexualise professional athletes in order to help you pay your bills? Question: Where did YOU fuck up?,2035333323921183057,,Gidi_Traffic,en,,0,0,0,https://x.com/undefined/status/2035333323921183057,31486360,
2035333322599964880,Sat Mar 21 12:30:53 +0000 2026,1,This is a very fine summation of what happened to us . You hear often that blue regions have much higher GDP as if they created it. Our centers of industry were flooded by ginsmedats who immediately outvoted the productives. Instead of maintaining &amp; improving they pilfered.,2035333322599964880,,,en,,0,0,0,https://x.com/undefined/status/2035333322599964880,1566921851783323653,
2035332812555923566,Sat Mar 21 12:30:49 +0000 2026,0,@olutosintolu Yooo my first blue tick follower let's go!!!,2035333304187081152,,olutosintolu,en,,0,0,0,https://x.com/undefined/status/2035333304187081152,1168804601627324417,
2035226868602056977,Sat Mar 21 12:30:46 +0000 2026,0,@TELEAZE Exactly exactlyy. Even jk headvoice starting from Golden too. Tae versatility shine brightly i could hear for us/blue influence. Jin vocal range goes into Another Level direction so much!,2035333291839234241,,TELEAZE,en,,0,0,0,https://x.com/undefined/status/2035333291839234241,1513576609680621570,
2035333281621643337,Sat Mar 21 12:30:43 +0000 2026,60,Assume the position. Suns out ️ lounger at the ready Beautiful blue sky Washing on the line Pure bliss https://t.co/aC8MQmsZxj,2035333281621643337,https://pbs.twimg.com/media/HD701HEXwAA4lPR.jpg,,en,,0,4,1,https://x.com/undefined/status/2035333281621643337,1278329284189454338,
2035333276790043035,Sat Mar 21 12:30:42 +0000 2026,0,WTF - - Stephen Miller just revealed a JAW-DROPPING indication of voter fraud At the start of this admin we asked EVERY STATE to share their voter rolls so we can scrub illegal aliens. EVERY BLUE STATE REFUSED. They SUED US. https://t.co/YO6U8ked6l,2035333276790043035,https://pbs.twimg.com/amplify_video_thumb/2035333020157407232/img/Mjj0ECNetTNVSGuS.jpg,,en,,0,0,0,https://x.com/undefined/status/2035333276790043035,785975737559900160,
2035333267847860263,Sat Mar 21 12:30:40 +0000 2026,1,Ithuku ungomava kooti kuduthu polaikalam da blue tick punda mavaney https://t.co/AoHEpflkAo,2035333267847860263,https://pbs.twimg.com/media/HD700P9bkAA-C0w.jpg,,in,,0,0,0,https://x.com/undefined/status/2035333267847860263,1087330408587382784,
2035244616451072348,Sat Mar 21 12:30:39 +0000 2026,0,@Iam__marvis Yes oo for the blue cartel ,2035333263246418008,,Iam__marvis,en,,0,0,0,https://x.com/undefined/status/2035333263246418008,1799231977658179584,
2035333262093267147,Sat Mar 21 12:30:39 +0000 2026,114,㊗️#なでしこジャパン アジアカップ優勝🇯🇵 JFAナショナルチームパートナーであるアパホテル株式会社 @_apahotel の特別協賛のもとblue-ing!で開催されたライブビューイングでも、たくさんの声援を送っていただきました！ #WAC2026 @afcasiancup #サッカー日本代表 https://t.co/5DAAcU3Oek,2035333262093267147,https://pbs.twimg.com/media/HD70qhVbAAA4Q7H.jpg,,ja,,0,1,25,https://x.com/undefined/status/2035333262093267147,182326791,
2035333261015302158,Sat Mar 21 12:30:38 +0000 2026,1,️New info️ 2026.4.19（日） @ D×Q神戸 「Faster than a Bullet」 開場/開演　17:00/17:30 前売 一般2500円 / 大学生1400円 / 高校生以下400円 +1ドリンク600円 FOOD：カレー有 w/ Pitch Blue BLUE GIRL 裸体 アフターブルー チケット予約はこちら！ https://t.co/KO3USfZyCq https://t.co/rEnNfkJ6Pw,2035333261015302158,https://pbs.twimg.com/media/HD70z3sbkAA39mY.jpg,,ja,,0,0,0,https://x.com/undefined/status/2035333261015302158,1649064316614877184,
2034752895426642312,Sat Mar 21 12:30:37 +0000 2026,0,@fashion_nfl Blue socks would set it off,2035333257655410888,,fashion_nfl,en,,0,0,0,https://x.com/undefined/status/2035333257655410888,1017921748023508995,
2035328256157667647,Sat Mar 21 12:30:36 +0000 2026,0,@phoneladyctt AI potatoes yum. Open this girl's closet and all you see are brown leggings and blue Tees.,2035333250789372042,,phoneladyctt,en,,0,0,0,https://x.com/undefined/status/2035333250789372042,1856437172447948800,
2035297864172122194,Sat Mar 21 12:30:36 +0000 2026,0,@VickTrub Blue red black ungu #LoveYouTeacherSeriesEP2,2035333250290438415,,VickTrub,en,,0,0,0,https://x.com/undefined/status/2035333250290438415,1918560546607210496,
2035333243763855738,Sat Mar 21 12:30:34 +0000 2026,0,$MSTR Mar 21 '26 -D &amp; W D $MSTR closed with a Light blue candle sign of persistent downtrend Ribbon: Red sign of mid-term uptrend Last Yellow candle: Mar 19 '26 HVNs: $134.782 $137.698 $161.025 Whales ↘️ 16.1% Retail ↗️ 58.9% MACD &amp; RSIs Down W $MSTR closed with https://t.co/FqhnVd9ovS,2035333243763855738,https://pbs.twimg.com/media/HD70y3wa0AAYk2g.jpg,,en,,0,0,0,https://x.com/undefined/status/2035333243763855738,1773752082945773568,
2035241375038677175,Sat Mar 21 12:30:34 +0000 2026,1,@Shilohmarx It is all fraudulent IMO. Blue states are not blue states. They are simply states where democrats established a corrupt system of illegal vote farming ranging from registering illegal aliens and non-citizens to vote to fraudulent votes cast for dead people and people that moved,2035333241821966786,,Shilohmarx,en,,0,0,0,https://x.com/undefined/status/2035333241821966786,1812297393058066432,
2035333222113148986,Sat Mar 21 12:30:29 +0000 2026,2,BLUE SPLASH 自分だけのゲームに勝とう 歌詞がいいですね〜 #tubekakuno_rideon,2035333222113148986,,,ja,,0,0,0,https://x.com/undefined/status/2035333222113148986,932104696923222017,
2035316244644352029,Sat Mar 21 12:30:29 +0000 2026,0,@JakRipNz Blue states just keep voting blue.,2035333220808704248,,JakRipNz,en,,0,0,0,https://x.com/undefined/status/2035333220808704248,1232939726396542977,
2035310761816588625,Sat Mar 21 12:30:29 +0000 2026,1,@rikizful i was fumbling between k fuma nico for mxmm cough syrup and blue flame took me a while to pick ,2035333220619944285,,rikizful,en,,0,1,0,https://x.com/undefined/status/2035333220619944285,1742906075320578048,
2035333220141842673,Sat Mar 21 12:30:29 +0000 2026,1,i tried dyeing my hair blue but it didnt work so i decided to dye it silver instead and it turned the top of my head BLONDE for some reason ? https://t.co/fPhpPmRpL6,2035333220141842673,https://pbs.twimg.com/media/HD70xxDa8AAk1wJ.jpg,,en,,0,0,0,https://x.com/undefined/status/2035333220141842673,1941182233777487872,
2035312629661741095,Sat Mar 21 12:30:25 +0000 2026,1,@bloodykatyusha It better not be because it has a... Blue shirt. I'll see myself out.,2035333206455492634,,bloodykatyusha,en,,0,0,0,https://x.com/undefined/status/2035333206455492634,1537155341753909248,
2035333204085719058,Sat Mar 21 12:30:25 +0000 2026,0,thank god they have blue blood in their discography for moments exactly like this https://t.co/Lwgh2bVCcx,2035333204085719058,https://pbs.twimg.com/amplify_video_thumb/2035320996056743936/img/XmqtY7ppvLD1laYX.jpg,,en,,0,0,0,https://x.com/undefined/status/2035333204085719058,1614170710548652032,
2035076408909963624,Sat Mar 21 12:30:20 +0000 2026,0,@Matt_Pinner Blue and black,2035333185429794912,,Matt_Pinner,en,,0,0,0,https://x.com/undefined/status/2035333185429794912,1823697204554686465,
2035300068123914455,Sat Mar 21 12:30:20 +0000 2026,0,@miceingrass blue tiny dino who misses dino mom and sleeps with their dino mom plushie and their pet snail THEYRE EVERYTHING,2035333184385409153,,miceingrass,en,,0,0,0,https://x.com/undefined/status/2035333184385409153,1973071005498351623,
2035333177649086499,Sat Mar 21 12:30:18 +0000 2026,0,Prototipe system upgrade is so broken!!! Six blue cores and just 1.3M armor??? Gear with ZERO armor after being upgraded??? Just possible in @TheDivisionGame PTS...!!! https://t.co/z1YXqeRqBk,2035333177649086499,https://pbs.twimg.com/media/HD70uOmbEAAABwB.jpg,,en,,0,0,0,https://x.com/undefined/status/2035333177649086499,1502356579647033344,
2035295934456934883,Sat Mar 21 12:30:17 +0000 2026,0,Merry Christmas Mr. Lawrence いのちの名前 Mist in Blue Dance in Winter Valley Seven Color Days L-O-V-E / 春〜spring〜 卒業写真 酒とバラの日々 MOONFLIGHT 情熱大陸,2035333172079255612,,yukacci,ja,,0,1,0,https://x.com/undefined/status/2035333172079255612,17649530,
2035284156536565836,Sat Mar 21 12:30:16 +0000 2026,0,@unitedhan goes down quicker than bonnie blue!!!!,2035333169403072899,,unitedhan,en,,0,0,0,https://x.com/undefined/status/2035333169403072899,214629128,
2035333167393996997,Sat Mar 21 12:30:16 +0000 2026,0, GAP Men s Mid-Wash Slim Fit Jeans Dark Blue 34/32 M.R.P.: ₹2 999.00 Deal Price: ₹1 199.00 (60% OFF) https://t.co/cJeFHaqOE8 https://t.co/FwpmwT7bQ5,2035333167393996997,https://pbs.twimg.com/media/HD70ut2WwAAwlx0.jpg,,en,,0,0,0,https://x.com/undefined/status/2035333167393996997,1424674761821409290,
2035333157839315275,Sat Mar 21 12:30:14 +0000 2026,4,Tonight the cathedral will be lit in blue and yellow from dusk to mark #WorldDownSyndromeDay https://t.co/daOxDg3azP,2035333157839315275,https://pbs.twimg.com/media/HD70uJGWEAAiIc4.jpg,,en,,0,0,0,https://x.com/undefined/status/2035333157839315275,94190546,
2035333155050139956,Sat Mar 21 12:30:13 +0000 2026,0,You can worship with us in person or online Sunday mornings at 8:30 and 9:45am. However you join us you're welcome at Blue Grass Church! https://t.co/k5eeGfOBu9 https://t.co/NVEhnQnPqu,2035333155050139956,https://pbs.twimg.com/media/HD70t_UXYAAZu8j.jpg,,en,,0,0,0,https://x.com/undefined/status/2035333155050139956,158591554,
2035333150793216091,Sat Mar 21 12:30:12 +0000 2026,0,「Blue Noise」 6月からソロドームツアー開催前に 札幌のフェス #JALSAPPOROMUSICEXPERIENCE2026 LIVE初披露されるかな ？ 「花のように」も聴けると良いな 連日、JALや旅行サイトをリサーチ重ねて 約１ヶ月後の4/18（土） 東京から向かいます️ ＃RyosukeYamada https://t.co/7SlZypzh5K,2035333150793216091,,,ja,,0,0,0,https://x.com/undefined/status/2035333150793216091,1611735816564543492,
2035327503842082839,Sat Mar 21 12:30:10 +0000 2026,2,@RepThomasMassie Well Tom good morning...however in northern Tennessee the beautiful blue morning sky was just destroyed by those lovely tree killing people killing chem trails now just a haze here....hows your trees really doing?...when can we stop this? Anger level is max!,2035333143742288149,,RepThomasMassie,en,,0,0,0,https://x.com/undefined/status/2035333143742288149,1857216787751809024,
2035331988899369107,Sat Mar 21 12:30:09 +0000 2026,0,@GuntherEagleman Lol...only the true blue will come back to NY when they realize the red territories are not compatible for their species. Let's all hope those true bluers can't alter the red states,2035333139715772786,,GuntherEagleman,en,,0,0,0,https://x.com/undefined/status/2035333139715772786,1685405198582194176,
2035333132422181181,Sat Mar 21 12:30:08 +0000 2026,0,GSC - Blue Archive Sakurako (Pop Idol) 1/7 Complete Figure Price: USD $58.00 USD $144.00 Scale: 1/7-1/9(pop-like) Height Range: 16-25cm Pre-order Start Date: 2026/03/19 Est Released Time: 2027/04 Pre-order https://t.co/ubZWEjV4yj #figure #フィギュア #BlueArchive #ブルアカ https://t.co/rtQbfKKamC,2035333132422181181,https://pbs.twimg.com/media/HD70sbZaAAASfDf.png,,en,,0,0,0,https://x.com/undefined/status/2035333132422181181,1889250888885370880,
2035333130291154967,Sat Mar 21 12:30:07 +0000 2026,0,The Democrats SCREAM Transparency when talking of the Epstein Files but WHY THE HELL have most every Blue State REFUSED to share their Voter Rolls when they have been demanded by the Federal Government? MAJOR HYPOCRISY!!!,2035333130291154967,,,en,,0,0,0,https://x.com/undefined/status/2035333130291154967,923641921,
2035172667377025383,Sat Mar 21 12:30:07 +0000 2026,0,@Guyonabuffalowo @that_horla @uncledoomer Red light therapy's rise comes from high-output devices delivering precise concentrated doses of 630-850nm light (often 50-200 mW/cm²) straight to cells for mitochondrial boost skin repair inflammation cut etc. consistent indoors any time no UV/blue light risks or sun,2035333130249261309,,Guyonabuffalowo,en,,0,1,0,https://x.com/undefined/status/2035333130249261309,1720665183188922368,
2035275265828344112,Sat Mar 21 12:30:05 +0000 2026,0,@ianmcdermottLSO I'm waiting for it over Glasgow we have had three beautiful clear blue sky days. I don't know how that happened they must see people are noticing. They hate that.,2035333122053587326,,ianmcdermottLSO,en,,0,0,0,https://x.com/undefined/status/2035333122053587326,1836451129657339904,
2035319201401913807,Sat Mar 21 12:30:05 +0000 2026,0,@TheoHernandez You did amazing game Theo. We trust you and we need more for the blue ,2035333121365713085,,TheoHernandez,en,,0,0,0,https://x.com/undefined/status/2035333121365713085,928134055,
2035333111567781990,Sat Mar 21 12:30:03 +0000 2026,0,Hawk Baseball kicks off the season with two games in the Air Capital Classic. First pitch is schedule for 10:30 against Blue Spring South followed by a game with Seaman. Games will be at Towanda-Circle High School. @OlatheEastHawks @OEHawksBaseball https://t.co/U9BwKnniHO,2035333111567781990,https://pbs.twimg.com/media/HD70rezbkAA_XLB.jpg,,en,,0,0,0,https://x.com/undefined/status/2035333111567781990,1390389843788713984,
2035333102659314037,Sat Mar 21 12:30:00 +0000 2026,3,Ad: LIVE at 6am PT/9am ET via SNS Air Jordan 14 Retro Black/University Blue Mens:https://t.co/hzmJ2pMyJq GS:https://t.co/vi0ZWtkoyu https://t.co/DrnME5on86,2035333102659314037,https://pbs.twimg.com/media/HD7gYbvaUAAovCo.jpg,,en,,0,0,0,https://x.com/undefined/status/2035333102659314037,2698270332,
2035333101379780917,Sat Mar 21 12:30:00 +0000 2026,28,⋆⊹𓂃 ࣪ ˖#moreButter_spring⋆⊹𓂃 ࣪ ˖ 本日のトリを飾るのは、 #山下幸輝 さん。 ゴールデンでキラキラな山下さんをどうぞ！ 【通常版】https://t.co/RNDGwEn6HT #雑誌butter https://t.co/EkrRMDyL3v,2035333101379780917,https://pbs.twimg.com/media/HD7uNyyaQAAScnI.jpg,,ja,,0,1,6,https://x.com/undefined/status/2035333101379780917,1001363202251223041,
2035333099857285442,Sat Mar 21 12:30:00 +0000 2026,65,[REVEALS] Hello Digimon Tamers! Today s cards are [BT25-025 Aegiochusmon: Blue] and [BT25-053 Aegiochusmon: Green]! #TIMESTRANGER BOOSTER DUAL REVOLUTION [BT-25] In stores May 2026! https://t.co/YAHXtuviHA #DigimonCardGame #DigimonTCG #Digimon https://t.co/5THUziGPni,2035333099857285442,https://pbs.twimg.com/media/HDx6oP9XkAAkcN_.jpg,,en,,2,2,12,https://x.com/undefined/status/2035333099857285442,1301506120465305601,
2035304469039120460,Sat Mar 21 12:29:58 +0000 2026,0,@bt7835 @AiroTweets I mean with the crazy performance blue team had (though TNT Minecarts were a big part of it) I don't think we're seeing Arcn in A ever again sadly (though to be fair I think both Falcon and Jude could've gone up a tier as well),2035333093893029948,,bt7835,en,,0,1,0,https://x.com/undefined/status/2035333093893029948,1837567967846191108,
2035177522279727277,Sat Mar 21 12:29:57 +0000 2026,0,@RonFilipkowski Blue states won t because they are cheating,2035333088662675639,,RonFilipkowski,en,,0,0,0,https://x.com/undefined/status/2035333088662675639,1698340688000090112,
2035333083571081551,Sat Mar 21 12:29:56 +0000 2026,2,BLUE MOON NIGHTを聴きながら飲む酒は何故いつもより美味いのだろう #ひなビタ #ひなビタJAZZ https://t.co/eyjOGUwyRX,2035333083571081551,https://pbs.twimg.com/media/HD70pVabMAAASLn.jpg,,ja,,0,0,0,https://x.com/undefined/status/2035333083571081551,1161069401229029377,
2035327674256671142,Sat Mar 21 12:29:55 +0000 2026,1,@john322226 Interesting! Do you mean this could trick the system or just boost growth for small blue-tick accounts?,2035333080731226615,,john322226,en,,0,0,0,https://x.com/undefined/status/2035333080731226615,1580537300819345410,
2035333051191005252,Sat Mar 21 12:29:48 +0000 2026,1,After nung BTS comeback con naiimagine ko na yung magiging stage ng SB19 sa WAS con huhu ang ganda ganda ng blue ocean sa SMDC concert grounds navivisualize ko na!!,2035333051191005252,,,tl,,0,0,0,https://x.com/undefined/status/2035333051191005252,1581867385971085312,
2035333043729334280,Sat Mar 21 12:29:46 +0000 2026,0,Just painted my kitchen Bold blue vibes. DIYers what s your latest project? HomeRenovation,2035333043729334280,,,en,,0,0,0,https://x.com/undefined/status/2035333043729334280,1402595423542415362,
2035333042844119278,Sat Mar 21 12:29:46 +0000 2026,0,The Air Jordan 1 Low Midnight Navy University Blue dropped just in time for March Madness. https://t.co/AaTyuyzGJ9,2035333042844119278,,,en,,0,0,0,https://x.com/undefined/status/2035333042844119278,1547956859633512453,
2035333041296457980,Sat Mar 21 12:29:46 +0000 2026,0,https://t.co/B06L8BA9UR,2035333041296457980,,,zxx,,0,0,0,https://x.com/undefined/status/2035333041296457980,50292896,
2035333041250517374,Sat Mar 21 12:29:46 +0000 2026,0,ここ最近食べたもの https://t.co/ncJH48NC8A,2035333041250517374,https://pbs.twimg.com/media/HD70nAhacAAwk0s.jpg,,ja,,0,0,0,https://x.com/undefined/status/2035333041250517374,1319607875044429826,
2035333038394257649,Sat Mar 21 12:29:45 +0000 2026,0,Amazonガンプラ在庫状況【在庫あり】 ▼BANDAI ＲＧ ウイングガンダムゼロ ＥＷ &amp; ドライツバーク［チタニウムフィニッシュ］1/144 blue ￥15 000 https://t.co/MbcjRqkkxH #ガンプラ (2026/03/21 21:29),2035333038394257649,,,ja,,0,0,0,https://x.com/undefined/status/2035333038394257649,1997468355817885696,
2035066438625501380,Sat Mar 21 12:29:44 +0000 2026,0,@gadot_paul @MLB bro blue jays have same team as last year and got better too Yankees has same team as last year but maybe way worse tbh,2035333032266129484,,gadot_paul,en,,0,0,0,https://x.com/undefined/status/2035333032266129484,533130544,
2035333031372661225,Sat Mar 21 12:29:43 +0000 2026,14,SO BLUE 深夜のrkgkラフ漫画! 将来ライリーと付き合うまでの アランはこんなやつ。 Good luckラガーマン #漫画が読めるハッシュタグ https://t.co/zKnrmT3g6S,2035333031372661225,https://pbs.twimg.com/media/HD7zwzubgAAUfye.jpg,,ja,,0,1,0,https://x.com/undefined/status/2035333031372661225,1990988005935562753,
2035333021881008516,Sat Mar 21 12:29:41 +0000 2026,3,he takes selfies like he s got blue eyes https://t.co/O0zns8KqFF,2035333021881008516,https://pbs.twimg.com/media/HD70mEIacAAb-Fa.jpg,,en,,0,1,0,https://x.com/undefined/status/2035333021881008516,1305230186800197635,
2035090987735724046,Sat Mar 21 12:29:40 +0000 2026,0,@em4717_ @BeingJWood The problem in New York and all blue states from what I can tell is fraud,2035333017527357659,,em4717_,en,,0,0,0,https://x.com/undefined/status/2035333017527357659,1806340451357827072,
2035333006320103911,Sat Mar 21 12:29:38 +0000 2026,1,TADC EPISODE 8 SPOILERS - - - - - - - - - - - Err... I was showing thr new episode to my dad n he pointed out that in the beginning when Caine absorbed the blue thing (obviously bubble) n then Caine got stressed both colors appeared. #tadc #cainetadc #theory https://t.co/QRqKZFuSAc,2035333006320103911,https://pbs.twimg.com/media/HD70lVlXMAAllyn.jpg,,en,,0,0,1,https://x.com/undefined/status/2035333006320103911,1853500123529302016,
2035333004181004723,Sat Mar 21 12:29:37 +0000 2026,0,My friend has me watching Blue Therapy. Yhhuuu!! https://t.co/mG7JNUeglr,2035333004181004723,https://pbs.twimg.com/media/HD70lIDaUAAFUxu.jpg,,en,,0,1,0,https://x.com/undefined/status/2035333004181004723,808657237,
2035333004109750568,Sat Mar 21 12:29:37 +0000 2026,1,@302sports #delhs Join us for the DIBCA boys Blue Gold all star game with tip scheduled for 2:00. The live stream is FREE back on our youtube channel. https://t.co/8OUCyvIFXL,2035333004109750568,,302sports,en,,0,0,0,https://x.com/undefined/status/2035333004109750568,554796960,
2035332997239422980,Sat Mar 21 12:29:35 +0000 2026,0,I deadass had a dream where asa's hair was dark saturated blue and we all hated it so much and wished it was some cyan blue but since her hair was dark in the manga we could only hope that mappa would fix it,2035332997239422980,,,en,,0,0,0,https://x.com/undefined/status/2035332997239422980,2015440971572322305,
2035330255901397069,Sat Mar 21 12:29:35 +0000 2026,0,@iKissHarumasa aku bener2 kalo liat bintang in like the blue sky langsung kepikiran kk WKWK,2035332996782576051,,iKissHarumasa,in,,0,0,0,https://x.com/undefined/status/2035332996782576051,1932043116653199360,
2035306257209327894,Sat Mar 21 12:29:33 +0000 2026,0,@SuppressedNws1 Not a problem guys Dr. Strangelove (1) said partial air superiority. Iran covers an area of ​​1 648 195 square kilometers (636 372 sq mi). These criminal idiots should stop selling this war to the Americans as a walk in the park. (1) General Dan Caine Chairman of the https://t.co/5iCdeKwYyy,2035332986548236308,https://pbs.twimg.com/media/HD70jUtaQAAMeAT.jpg,SuppressedNws1,en,,0,0,0,https://x.com/undefined/status/2035332986548236308,1605163589828022272,
2035332980969775346,Sat Mar 21 12:29:31 +0000 2026,0,Blue,2035332980969775346,,,en,,0,0,0,https://x.com/undefined/status/2035332980969775346,563139997,
2035332965111132251,Sat Mar 21 12:29:28 +0000 2026,1,He did. They were definitely in the prominence land when his roster was full. All blue bloods have to be in the land of prominence. It s the nature of the beast.,2035332965111132251,,,en,,0,0,0,https://x.com/undefined/status/2035332965111132251,393123432,
2035332938515268055,Sat Mar 21 12:29:21 +0000 2026,0,WILD BLUEのライブでもわぶっていきましょう！お譲り先を探しております。 【譲】昼G列 上手　1枚　(通し券) 【求】〜即決0.5 当日手渡し 必要事項明記の上DMまでお願いいたします。 #WILDBLUE譲 #ROIROM譲,2035332938515268055,,,ja,,0,0,0,https://x.com/undefined/status/2035332938515268055,2441794681,
2035331942988890545,Sat Mar 21 12:29:21 +0000 2026,0,ANGELIC - Mamba Jeans Color : Honey blue Size : (XS) Price 350.- https://t.co/sIi3HNcMuk,2035332937567404401,https://pbs.twimg.com/amplify_video_thumb/2035332877282594816/img/yK0NdjaAWVMloiYr.jpg,usedtobemiine,en,,0,0,0,https://x.com/undefined/status/2035332937567404401,2034322586608492544,
2035299832949350720,Sat Mar 21 12:29:20 +0000 2026,0,@RakeshK32229480 @MCF_Faridabad @BJP4India @VipulGoelBJP @narendramodi @KPGBJP @NayabSainiBJP bro got blue tick left internship and started doing it full time,2035332934669144112,,RakeshK32229480,en,,0,0,0,https://x.com/undefined/status/2035332934669144112,980504284025556992,
2035332919825138040,Sat Mar 21 12:29:17 +0000 2026,0,Watch of the Week: Seiko Prospex SRPE33 The Blue Diver That Punches Way Above Its Price https://t.co/KDusk8249m,2035332919825138040,,,en,,0,0,0,https://x.com/undefined/status/2035332919825138040,971252591731662848,
2035304536462492071,Sat Mar 21 12:29:16 +0000 2026,0,@abdullahayofel Blue tick for five people Starting with me,2035332917853835639,,abdullahayofel,en,,0,0,0,https://x.com/undefined/status/2035332917853835639,1488810273263788032,
2035332911365263808,Sat Mar 21 12:29:15 +0000 2026,0,I strongly believe he's not the problem at Chelsea.. The Blue Co is the actual problem. Let's tackle this from the root. Leave this faithful student a lone for God sake ,2035332911365263808,,,en,,0,0,0,https://x.com/undefined/status/2035332911365263808,1645382486581551110,
2035332902016409951,Sat Mar 21 12:29:13 +0000 2026,0,dear my blue. spend our time together blend with the sea. https://t.co/i6Ykf4QexW,2035332902016409951,https://pbs.twimg.com/media/HD70e_6b0AA1PWJ.jpg,,en,,0,0,0,https://x.com/undefined/status/2035332902016409951,1851507991222321152,
2035322396983562627,Sat Mar 21 12:29:12 +0000 2026,0,@perthsantaku Light blue #LoveYouTeacherSeriesEP2,2035332898296090684,,yalhy2,en,,0,0,0,https://x.com/undefined/status/2035332898296090684,1519933261820346368,
2035107632415900086,Sat Mar 21 12:29:09 +0000 2026,0,@knight_Steve_ @FurrotakoMX @vz_natan Still lacking on non green/swampy ones blue tongue skinks marine iguanas flying dragons... ones that'd actually be that big like Monitors and Snapping turtles any gator... where's the desert ones? Bearded dragons and Frilled lizards are iconic....,2035332884622413983,,knight_Steve_,en,,0,0,0,https://x.com/undefined/status/2035332884622413983,1823950813766578176,
2035142668385235047,Sat Mar 21 12:29:08 +0000 2026,2,@Jam_twt @samprkr if you see a jew in blue and white and automatically assume they re a zionist there is something seriously wrong with you,2035332881594093685,,Jam_twt,en,,0,0,0,https://x.com/undefined/status/2035332881594093685,1157068305217261568,
2035282540429476088,Sat Mar 21 12:29:07 +0000 2026,0,@tyunkiwi still blue orangeade ,2035332878775759052,,tyunkiwi,en,,0,0,0,https://x.com/undefined/status/2035332878775759052,1629382901971447810,
2035317117604475351,Sat Mar 21 12:29:05 +0000 2026,0,@madeinrpd I'm pretty sure that's Sherry's face model. But they gave her blonde hair and blue eyes in the 3D model.,2035332868898009255,,madeinrpd,en,,0,0,0,https://x.com/undefined/status/2035332868898009255,842825697785757698,
2035332718586634687,Sat Mar 21 12:29:04 +0000 2026,0,@MiloXSportsMLB Blue Jays lineup looks strong for spring action vs PIT! Gausman (0-0 0.00 ERA) should mow 'em down. Springer DH Guerrero 3rd Barger RF - plenty of pop. For fantasy load up on Vlad for RBI chances and Varsho for multi-cat value. Jays push back vs Skenes? ,2035332867614560674,,MiloXSportsMLB,en,,0,0,0,https://x.com/undefined/status/2035332867614560674,1720665183188922368,
2035001110340280362,Sat Mar 21 12:29:04 +0000 2026,1,@rendellux Ingpokan komedia kek gini grand blue atau saiki kuso,2035332866528432162,,ItsAllGoodManFR,in,,0,1,0,https://x.com/undefined/status/2035332866528432162,1874448735423676417,
2035332506225164594,Sat Mar 21 12:29:03 +0000 2026,0,@bhaskar_madar7 @iraninarabic_ir The video shows a massive crowd (thousands) of men in winter gear walking under a major overpass on a wide Moscow street. Russian road signs (40 km/h limit) billboards with Cyrillic text modern high-rises and blue trams in the background confirm the location. Arabic overlay,2035332863134978174,,bhaskar_madar7,en,,0,0,0,https://x.com/undefined/status/2035332863134978174,1720665183188922368,
2035287208165335124,Sat Mar 21 12:29:02 +0000 2026,0,@dazzlercoin @Hydraze420 @ethos_network Protect my man @Hydraze420 and stop that shitty out of the blue slashes just for the sake of doing slashes,2035332859385258304,,dazzlercoin,en,,0,0,0,https://x.com/undefined/status/2035332859385258304,1514585072753651715,
2035332840955503009,Sat Mar 21 12:28:58 +0000 2026,1,Congrats to Emma Chesterman on running below the @DrakeRelays Blue Oval Standard in the 3k (10:09) last night at the UD Classic! @UDTFXC #blueovalstandard,2035332840955503009,,,en,,0,0,0,https://x.com/undefined/status/2035332840955503009,1285979293,
2034970751619506203,Sat Mar 21 12:28:56 +0000 2026,0,@Butter923 @BasilTheGreat @grok Reprimanded has he been fired?You must be anotherNazi dressed in blue Sick sad individual.,2035332830385836311,,Butter923,en,,0,0,0,https://x.com/undefined/status/2035332830385836311,992404811487285250,
2035332829975072789,Sat Mar 21 12:28:55 +0000 2026,5,FOREVER BLUEも流してくださり本当に嬉しいです！！ #TAGラジ #TAGRIGHT,2035332829975072789,,,ja,,0,0,0,https://x.com/undefined/status/2035332829975072789,2017487403049750536,
2035075755445567964,Sat Mar 21 12:28:52 +0000 2026,0,@RubenGallego You keep adding provisions to block or stall ICE's ability to track &amp; deport illegal aliens. More of the same Democrat extortion. Democrats don't want ICE to deport illegal aliens. They need them for census counts or risk losing House seats. Citizens are fleeing Blue States.,2035332816628756661,,RubenGallego,en,,0,0,0,https://x.com/undefined/status/2035332816628756661,1585799043568934912,
2035275548667113688,Sat Mar 21 12:28:50 +0000 2026,0,@ay_shmurda @instablog9ja Person wa Beyonce go buy..smartphone is not for buying blue tick only research. Bye,2035332807396897086,,ay_shmurda,en,,0,0,0,https://x.com/undefined/status/2035332807396897086,3369117017,
2035332078544298337,Sat Mar 21 12:28:49 +0000 2026,0,@ihe_uto001 @Zamaniii0 And e get blue tick oh. ,2035332801885577402,,ihe_uto001,en,,0,0,0,https://x.com/undefined/status/2035332801885577402,1975449865791381505,
2035132799494017390,Sat Mar 21 12:28:48 +0000 2026,0,@JessicaTarlov Gov. JB Pritzker calling for the arrest of Trump officials in 2029 as Indiana works to steal the Chicago Bears with a new stadium in 2029. It is far more likely that Bears players will be wearing blue and gold than Trump officials will be wearing orange and black...,2035332796797841642,,JessicaTarlov,en,,0,0,0,https://x.com/undefined/status/2035332796797841642,1755464839369986048,
2035329496631693617,Sat Mar 21 12:28:47 +0000 2026,0,@Haun1407 Clear blue sky LENAMIU NEIH HOU MACAU #LenaMiulstFMinMacau,2035332796290654439,,Haun1407,pt,,0,0,0,https://x.com/undefined/status/2035332796290654439,1506434935325806594,
2035332792008245388,Sat Mar 21 12:28:46 +0000 2026,0,Hello @AshwiniVaishnaw ji.This is the condition of Endpoint Of Dakshineswar Metro in Kolkata Metro's Blue Line. At the end point you can see the crack. It can be a major safety issue if some bad things happen.Please fix this sir. @RailwaySeva @metrorailwaykol @gmmetrorailkol https://t.co/xCKyZSdcaL,2035332792008245388,https://pbs.twimg.com/media/HD70YdZbgAA45Zq.jpg,,en,,0,0,1,https://x.com/undefined/status/2035332792008245388,1596123756967038977,
2035029608433701283,Sat Mar 21 12:28:46 +0000 2026,8,@thekerukeion @TheJFreakinC Our boys in blue. Uh huh. https://t.co/SF4JIVnmK4,2035332789097132530,https://pbs.twimg.com/media/HD70YuJX0AIuPVM.jpg,thekerukeion,en,,0,1,0,https://x.com/undefined/status/2035332789097132530,1591090697662304260,
2035332783170843081,Sat Mar 21 12:28:44 +0000 2026,5,Blue Splash 80年代の原点回帰曲はたまらんよ #tubekakuno_rideon,2035332783170843081,,,ja,,0,0,0,https://x.com/undefined/status/2035332783170843081,3683665692,
2035332778989142521,Sat Mar 21 12:28:43 +0000 2026,4,3/27の #ブルリグ 。 ꒰ঌ┈┈┈┈┈┈┈┈┈┈┈໒꒱ 27日もガルデラさん 出演させていただきます またガルデラさん出演できるように 平日の早い時間だけど 1人でも多くの人に来て欲しい（ ｉ _ ｉ ） 力を貸してください ️‍ 『GIRLSDELIGHT#391』 新宿ReNY 前方¥4 000/一般¥1 000,2035332778989142521,,,ja,,0,0,3,https://x.com/undefined/status/2035332778989142521,3537777673,
2034957115807371720,Sat Mar 21 12:28:42 +0000 2026,0,@biggestbuh Thank you. I like using blue too.,2035332774476050759,,biggestbuh,en,,0,0,0,https://x.com/undefined/status/2035332774476050759,471242898,
2035332774199284054,Sat Mar 21 12:28:42 +0000 2026,11,Blue time https://t.co/SsK5tttAey,2035332774199284054,https://pbs.twimg.com/media/HD70Xk9a8AAjSFm.jpg,,en,,0,0,0,https://x.com/undefined/status/2035332774199284054,1262059684854259713,
2034720574836973824,Sat Mar 21 12:28:42 +0000 2026,0,@dre_gray502 @Barstool_USF Top 7 bruh just pulling random numbers out. Louisville hasn t won anything in your lifetime but they WERE in CUSA in your lifetime &amp; are currently in a conference that the ACTUAL blue blood teams are trying to get out of. I get youre a fanboy but delusion is inexcusable LOL,2035332773842468938,,dre_gray502,en,,0,1,0,https://x.com/undefined/status/2035332773842468938,1820504703480082432,
2035100060904509766,Sat Mar 21 12:28:42 +0000 2026,0,@Mikhael4Tsiyon @FBIDirectorKash @FBI I AM America not just in America. I helped make America. Fought in our wars as an Airborne Infantryman on the front lines in the height of GWOT. I back the blue. Backing the blue does not mean backing the deep state. You are backing a world where your kids will have no freedom️,2035332773402104015,,Mikhael4Tsiyon,en,,0,2,0,https://x.com/undefined/status/2035332773402104015,1944254257232064513,
2035332772118597852,Sat Mar 21 12:28:42 +0000 2026,1,So we all think Scratch created the red part and Kinger created the blue part right? Red absorbed blue so Caine is red. And... do you also think that Bubble is what's left of the blue part? I mean he's like the voice in Caine's head but from the outside. #tadc https://t.co/uualQR2BRa,2035332772118597852,https://pbs.twimg.com/media/HD70UmjbUAA0LUc.jpg,,en,,0,0,0,https://x.com/undefined/status/2035332772118597852,1683175584950632448,
2035174555522601445,Sat Mar 21 12:28:40 +0000 2026,0,@LucasSa56947288 Because the blue states know better than to trust you.,2035332766414275030,,LucasSa56947288,en,,0,0,0,https://x.com/undefined/status/2035332766414275030,20497148,
2035332753764614270,Sat Mar 21 12:28:37 +0000 2026,5,Name: Nezi Birth Place: Vijayawada Relationship: married Zodiac: kumbha Fav Actor: NTR Fav God: namo venkatesa Fav Colour: blue Fav Food: Mutton Fav Place: thirumala Fav Song: chilukaaaa Fav Animal: Dog Fav Game: Mindgame https://t.co/oHQxrDCmfL,2035332753764614270,https://pbs.twimg.com/media/HD70WNPbEAEwnBX.jpg,,en,,0,0,0,https://x.com/undefined/status/2035332753764614270,1775489164735025153,
2035332737331343411,Sat Mar 21 12:28:33 +0000 2026,2,エンディングで流れるFOREVER BLUE好きなんだ #TAGラジ,2035332737331343411,,,ja,,0,0,0,https://x.com/undefined/status/2035332737331343411,1975619880021073923,
2035332723829576064,Sat Mar 21 12:28:30 +0000 2026,0,Tim breaks down economics 101 for blue cities. it finally broke its over https://t.co/8qDqeAy7JK via @YouTube,2035332723829576064,,,en,,0,0,0,https://x.com/undefined/status/2035332723829576064,1687528961738215424,
2035332718586634687,Sat Mar 21 12:28:29 +0000 2026,0,Lineup for Blue Jays 03/21: Kevin Gausman R 0-0 .00 ERA G. Springer - DH Nathan Lukes - LF V. Guerrero - 1B A. Barger - RF A. Kirk - C D. Varsho - CF K. Okamoto - 3B E. Clement - 2B A. Gimenez - SS Line: PIT -120 O/U: #FantasyBaseball @grok,2035332718586634687,,,en,,0,1,0,https://x.com/undefined/status/2035332718586634687,1892361599060758529,
2035200461934923973,Sat Mar 21 12:28:28 +0000 2026,0,@livelaughukotoa Red looks so nice right now considering everything in Blue. I'm lucky there's a small chance my main (4c) may make the switch,2035332716229443713,,livelaughukotoa,en,,0,0,0,https://x.com/undefined/status/2035332716229443713,1879166303849881600,
2035332713629253670,Sat Mar 21 12:28:28 +0000 2026,2,#中川勝就 COZY RUGBY POLO（MEMBERS OF THE RAGE） https://t.co/GM5LKbCWBX AIR FORCE 1 LOW QS PINK COOLER/BLACK-MULBERRY ROSE（NIKE） https://t.co/gMokUjsxlb #OWV_fashion https://t.co/lOXlagpqxT,2035332713629253670,https://pbs.twimg.com/media/HD70T92bQAAjoUY.jpg,,en,,0,0,1,https://x.com/undefined/status/2035332713629253670,1389089424172994561,
2035288568034099253,Sat Mar 21 12:28:28 +0000 2026,0,@BlueWolfNFTs Gm blue,2035332713553481761,,BlueWolfNFTs,en,,0,0,0,https://x.com/undefined/status/2035332713553481761,1706585265655967744,
2035332709774660095,Sat Mar 21 12:28:27 +0000 2026,5,Can you guess what our new theme is ? #dorohedoro https://t.co/YAUSMNhFhU,2035332709774660095,https://pbs.twimg.com/media/HD70T5Ha4AACdPz.jpg,,en,,3,2,2,https://x.com/undefined/status/2035332709774660095,1762384648766971904,
2035332701268386070,Sat Mar 21 12:28:25 +0000 2026,0,#HelpUsFind Joanne James Joanne 45 is missing. Last seen 6:35am Fri Mar 20 on Paxton St Sandfields wearing a baby pink cardigan long floral dress black tights white trainers and carrying a blue bag. Info? Contact us quoting 2600087159 or call 101/999 in an emergency. https://t.co/2P1vATdJnr,2035332701268386070,https://pbs.twimg.com/media/HD70TZWWMAEBxpk.jpg,,en,,0,0,1,https://x.com/undefined/status/2035332701268386070,76310007,
2035332692728852801,Sat Mar 21 12:28:23 +0000 2026,4,You would think blue is his favorite color he always rocks it too ️️️ #LuoYunxi https://t.co/fVLjGoM9FV,2035332692728852801,https://pbs.twimg.com/media/HD70RibaIAAHkQe.jpg,,en,,0,0,2,https://x.com/undefined/status/2035332692728852801,1480927703909994497,
2035332688912003487,Sat Mar 21 12:28:22 +0000 2026,0,If I were to explain how obtaining a blue verification tick influences my visibility here I would prioritize paying the 7 600 naira fee even if I were hungry as I am eager to be actively engaged on the platform.,2035332688912003487,,,en,,0,0,0,https://x.com/undefined/status/2035332688912003487,4527697828,
2035161885813674014,Sat Mar 21 12:28:19 +0000 2026,0,@espn @Iowa_Recruiting Blue blood,2035332675725144116,,espn,en,,0,0,0,https://x.com/undefined/status/2035332675725144116,1566229063039057924,
2035332665008890293,Sat Mar 21 12:28:16 +0000 2026,0,둘 다 스컬프터 Sweet Dreams Hooded Zip-Up Baby Blue Brass Napoleon Jacket Black https://t.co/mOihiDWVJB,2035332665008890293,,,ko,,0,0,0,https://x.com/undefined/status/2035332665008890293,1649088768274747392,
2035109637301678384,Sat Mar 21 12:28:15 +0000 2026,1,@atensnut The thing in the blue dress to ur left Jamie lmfao,2035332661317697739,,atensnut,en,,0,0,0,https://x.com/undefined/status/2035332661317697739,1518710844984594436,
2035066438625501380,Sat Mar 21 12:28:14 +0000 2026,0,@MLB blue jays is that a real question,2035332657572172162,,MLB,en,,0,0,0,https://x.com/undefined/status/2035332657572172162,533130544,
2035150358473801826,Sat Mar 21 12:28:14 +0000 2026,0,@hispamic @spectrumarvel Blue balled us like fuck,2035332655592493153,,hispamic,en,,0,0,0,https://x.com/undefined/status/2035332655592493153,1332359658124832768,
2035332566165623053,Sat Mar 21 12:28:13 +0000 2026,0,【9位】『Blue Jeans｜HANA』 acoustic cover. 優里 × Tani Yuuki × 川崎鷹也 チャンネル: 優里ちゃんねる【公式】 https://t.co/vNQksbraS5,2035332651997868491,,YouTubeRank2025,ja,,0,1,0,https://x.com/undefined/status/2035332651997868491,1937833123343142913,
2035083957805649929,Sat Mar 21 12:28:12 +0000 2026,1,@Faugheen1916 @NikDavidYaron @ShawnRyan762 Confirmed and claimed are two different things. If it was an intentional attack and attempt at a false flag the Israelis wouldnt have admitted to it immediately and flown an American liaison officer to the scene. Blue on blue and blue on green happen. It's war.,2035332648793678210,,Faugheen1916,en,,0,2,0,https://x.com/undefined/status/2035332648793678210,1405957250649247745,
2035332632578302375,Sat Mar 21 12:28:08 +0000 2026,0,It s like the guys who live in blue zones expect Trump to fix what their neighbors friends and family vote for. They should try harder to grasp the realistic domestic situation a bit. https://t.co/IRM0Ctul1e,2035332632578302375,https://pbs.twimg.com/media/HD70PiyWEAAmmk7.jpg,,en,,0,0,0,https://x.com/undefined/status/2035332632578302375,1308591057316114432,
2035076408909963624,Sat Mar 21 12:28:05 +0000 2026,0,@Matt_Pinner Blue,2035332619227828558,,Matt_Pinner,en,,0,0,0,https://x.com/undefined/status/2035332619227828558,2012144302089265152,
2035175085997478215,Sat Mar 21 12:28:02 +0000 2026,0,@WCCSG_ Boise State. Bleeding Blue.,2035332605155963346,,WCCSG_,en,,0,0,0,https://x.com/undefined/status/2035332605155963346,1270561176070557698,
2035332602068975645,Sat Mar 21 12:28:01 +0000 2026,1,I am a retired United States Air Force helicopter aerial gunner. I don t have a blue check mark but that doesn t mean I m not verified! Myself and millions of other military servicemen verified ourselves by giving what we had for our country! https://t.co/nGHO6rjDsP,2035332602068975645,https://pbs.twimg.com/media/HD70Ns5XEAIFLVD.jpg,,en,,0,0,0,https://x.com/undefined/status/2035332602068975645,1573429442088689671,
2035332601553076332,Sat Mar 21 12:28:01 +0000 2026,0,The Democrat Party s economic plan for America is on display in Blue States ! These utter fools believe they can tax their way to prosperity! Yikes! https://t.co/hFKAS6kx9v,2035332601553076332,,,en,,0,0,0,https://x.com/undefined/status/2035332601553076332,1468651754761957380,
2035195795113206091,Sat Mar 21 12:28:00 +0000 2026,0,@AriFleischer As if Iran did that out of the blue on a feeling of its supreme leader. The threat to Iran is real not imaginary and hence its response is real too. For any action there's a reaction. Apparently the Orange Dude and his gang weren't good at physics in school.,2035332596729528796,,AriFleischer,en,,0,0,0,https://x.com/undefined/status/2035332596729528796,984554567517048833,
2034983319020986419,Sat Mar 21 12:27:57 +0000 2026,0,@MatthewNichol5 I bet if J.B. ran with them they would have a much better chance. Keep men out of women's sports. Men are men (XY) and women are women (XX) and never the twain shall meet. Wishing on a star won't help either. Mental illness is widespread in the Blue States. Cray cray.,2035332583555219638,,MatthewNichol5,en,,0,0,0,https://x.com/undefined/status/2035332583555219638,1965872057931137024,
2035332572318941384,Sat Mar 21 12:27:54 +0000 2026,0,my pink and blue ,2035332572318941384,,,en,,0,0,0,https://x.com/undefined/status/2035332572318941384,1436936235029696515,
2035332571819548718,Sat Mar 21 12:27:54 +0000 2026,0,@302sports https://t.co/OG6XATh2q8 Join us for our FREE live stream back on our youtube channel as we bring you the DIBCA Blue Gold girls all star game with tip at noon.,2035332571819548718,,302sports,en,,0,0,0,https://x.com/undefined/status/2035332571819548718,554796960,
2035332571081621834,Sat Mar 21 12:27:54 +0000 2026,4,BLUE PEGION trading goes live Tomorrow All users who took early entry via ICO will receive tokens instantly at launch with no claim website and no locking period Tokens will be sent to wallets used to make contributions. ICO ends soon : https://t.co/TcrpedNENt See you on https://t.co/a24banS3Vx,2035332571081621834,https://pbs.twimg.com/media/HD70L_Pa8AAPlnJ.jpg,,en,,0,3,3,https://x.com/undefined/status/2035332571081621834,1565993977421058048,
2035184240980299824,Sat Mar 21 12:27:54 +0000 2026,0,@ModernDayDebate The answer depends on if you have blue hair or not.,2035332571018444894,,ModernDayDebate,en,,0,0,0,https://x.com/undefined/status/2035332571018444894,1485039627413118979,
2035327414335914237,Sat Mar 21 12:27:53 +0000 2026,1,@fvckusolos blue colour ka #inthistubatushitforlife,2035332568179200060,,fvckusolos,en,,0,1,0,https://x.com/undefined/status/2035332568179200060,1903381797574180864,
2035332565750501855,Sat Mar 21 12:27:52 +0000 2026,1, Still dominating the sky on the celestial equator Orion is a massive stellar canvas featuring the brilliant blue supergiant Rigel with a magnitude 0.13 some ~860 light-years away from us and the red supergiant Betelgeuse (magnitude 0.42 ~550 light-years away). Packed https://t.co/hIIdOHJxKS,2035332565750501855,https://pbs.twimg.com/media/HD7yu8maEAArXZG.jpg,,en,,0,0,0,https://x.com/undefined/status/2035332565750501855,1370687798,
2035332472490328485,Sat Mar 21 12:27:45 +0000 2026,3,https://t.co/aulbaXUNo9,2035332535077744680,https://pbs.twimg.com/amplify_video_thumb/2035332476764327936/img/CEA6ZYPG74Nw6cIA.jpg,band_cantbeblue,zxx,,1,0,0,https://x.com/undefined/status/2035332535077744680,1980452135553888257,
2035332534918103388,Sat Mar 21 12:27:45 +0000 2026,0,Chasing sunsets in Santorini white-washed villages blue domes and wine that tastes like liquid sunshine. Every corner feels like a postcard come to life #SantoriniVibes #Wanderlust https://t.co/ho2fAU2OaZ,2035332534918103388,https://pbs.twimg.com/media/HD70DtOXIAAXbpL.jpg,,en,,0,0,0,https://x.com/undefined/status/2035332534918103388,1370417906023079938,
2035091335695224870,Sat Mar 21 12:27:42 +0000 2026,1,@CodyTheSeabee I thought verified meant they verified their identity with X as you have to do that separately. Nothing to do with blue checkmark. ️ Non verified mostly are bots.,2035332522792399177,,CodyTheSeabee,en,,0,0,1,https://x.com/undefined/status/2035332522792399177,1518737960581087234,
2035075591896977645,Sat Mar 21 12:27:36 +0000 2026,0,@wil_da_beast630 As you should be. Now want to compare some averages normalized by per capita? I have nothing against holding criminal whites accountable but the corrupt judges in blue states love forcing equity of legal outcome by just letting black people bail out and get light sentences.,2035332495667863876,,wil_da_beast630,en,,0,0,0,https://x.com/undefined/status/2035332495667863876,724723923812782080,
2035068861859434958,Sat Mar 21 12:27:34 +0000 2026,0,@worldranking_ I have 5 siblings. Two of us have blue two have brown two have hazel.,2035332489892291019,,worldranking_,en,,0,0,0,https://x.com/undefined/status/2035332489892291019,1903499918846697473,
2035037116942471595,Sat Mar 21 12:27:33 +0000 2026,0,@maggiewise111 We as a society have to universally stop taking adults seriously who dye their hair purple blue or pink. We should not be electing these people to high political office.,2035332485286891588,,maggiewise111,en,,0,0,0,https://x.com/undefined/status/2035332485286891588,49238359,
2035332472490328485,Sat Mar 21 12:27:30 +0000 2026,9,𝟐𝟎𝟐𝟔.𝟎𝟑.𝟐𝟏 웨이브투어스 Curated 03 캔트비블루 𝑫𝒂𝒚-𝟏 https://t.co/TCMB4r9Sz1,2035332472490328485,https://pbs.twimg.com/media/HD70F5DaUAAgLED.jpg,,ko,,6,1,7,https://x.com/undefined/status/2035332472490328485,1980452135553888257,
2035040596520313272,Sat Mar 21 12:27:29 +0000 2026,0,@AnxiousTomoko @GamewithDave A pirates life is a wonderful life. Spread the news to non blue checkies.,2035332469180744059,,AnxiousTomoko,en,,0,0,0,https://x.com/undefined/status/2035332469180744059,1333824914151907330,
2034992352587309351,Sat Mar 21 12:27:28 +0000 2026,0,@nanayu_ki_ 元Vesper3なら価格はそんないかなそう？ 予想は25000円位かなぁ さすがにmartiniと同じドライバじゃないだろうからなぁ mimosaやmisty blueの発表から発売までの早さ考えると 月末発表で来月前半に発売ですかねぇ。,2035332463367778741,,nanayu_ki_,ja,,0,0,0,https://x.com/undefined/status/2035332463367778741,51220801,
2035260784033349906,Sat Mar 21 12:27:28 +0000 2026,2,@Abulhikmahh @Abdulrasheed0x Basic babu blue tick Sannan yawancin features na premium babu su a basic Shi basic iya dogon rubutu ne kawai zaka iyayi,2035332461853364497,,Abulhikmahh,in,,0,1,0,https://x.com/undefined/status/2035332461853364497,1765279686148411392,
2035293706656346278,Sat Mar 21 12:27:27 +0000 2026,0,@Eden3x_ @SanakaTheCat Pink is the new blue,2035332459361866233,,Eden3x_,en,,0,0,0,https://x.com/undefined/status/2035332459361866233,1987901733222391809,
2035076599302038013,Sat Mar 21 12:27:25 +0000 2026,0,@naomirwolf Same in our state. Blue skies are being replaced with grey skies. I've probably seen only 4 days in the last month of blue skies. No one asks why. They just look down at their phones.,2035332449690140696,,naomirwolf,en,,0,0,0,https://x.com/undefined/status/2035332449690140696,795298383371976704,
2034951935933985091,Sat Mar 21 12:27:22 +0000 2026,0,@Fhibiofficial @victorijoma87 @egi_nupe Blue thick means money ba. 7500 lol,2035332438533058714,,Fhibiofficial,en,,0,0,0,https://x.com/undefined/status/2035332438533058714,1634887823730913283,
2035293876618203207,Sat Mar 21 12:27:22 +0000 2026,0,🃏260321 조커 스페셜커튼콜 &lt;서커스 part2&gt; 줄리앙 | #김우성 https://t.co/pQUJUxLW8G,2035332437514068105,https://pbs.twimg.com/ext_tw_video_thumb/2035332359869063168/pu/img/ZzUcDaY4K9YfoaAn.jpg,Bluemin615,ko,,0,1,0,https://x.com/undefined/status/2035332437514068105,1491888373648478208,
2034922654889554075,Sat Mar 21 12:27:21 +0000 2026,1,@Michael67293772 @OneKneeToeSF @Alphafiles1 I was going to joke about that if I still had my blue checkmark but ran out of characters ,2035332435005612532,,Michael67293772,en,,0,1,0,https://x.com/undefined/status/2035332435005612532,987856184727269377,
2035332433441337671,Sat Mar 21 12:27:21 +0000 2026,1,ペルビアンハイランドブルー Theraphosinae sp. highland blue この辺の蜘蛛って成長の遅いイメージがありましたが、思ったより早そうで良かったなと。 綺麗になった頃にはもう手に入らなくなってる可能性もある様な種ですので今のうちに是非。 https://t.co/YHYmoYQZ3d,2035332433441337671,https://pbs.twimg.com/media/HD70Da-agAArySX.jpg,,ja,,0,0,0,https://x.com/undefined/status/2035332433441337671,957179875881754624,
2035271932359111091,Sat Mar 21 12:27:21 +0000 2026,0,@geordiejosh your club will forever be known as mars bar FC once regis and the lads in Blue wreck your entire season,2035332432929406985,,geordiejosh,en,,0,0,0,https://x.com/undefined/status/2035332432929406985,1894369100358467584,
2035332324678685030,Sat Mar 21 12:27:19 +0000 2026,2,@john322226 Abeg blue tick chief,2035332426054914517,,john322226,en,,0,1,0,https://x.com/undefined/status/2035332426054914517,1397344884772777988,
2035108246520836239,Sat Mar 21 12:27:19 +0000 2026,0,@Tablesalt13 Fuckin blue hair is reason enuf,2035332423462863125,,Tablesalt13,en,,0,0,0,https://x.com/undefined/status/2035332423462863125,1854563091041673223,
2034942668506374366,Sat Mar 21 12:27:15 +0000 2026,0,@elonmusk Your censored but Republicans can lie and scam cheat and steal. Come to X where they put you in Twitter jail if your blue or tell the truth.,2035332409487487154,,Dude498550,en,,0,0,0,https://x.com/undefined/status/2035332409487487154,1849206977605365760,
2035061840892314027,Sat Mar 21 12:27:14 +0000 2026,0,@IndependentVo12 @mattvanswol Sure. https://t.co/ukAclsGhnF,2035332405876187158,https://pbs.twimg.com/media/HD70CSUXYAAi9OR.jpg,IndependentVo12,en,,0,0,0,https://x.com/undefined/status/2035332405876187158,1937086137736069120,
2035293706656346278,Sat Mar 21 12:27:12 +0000 2026,0,@Eden3x_ @SanakaTheCat Pink is the new blue.,2035332396103377301,,Eden3x_,en,,0,0,0,https://x.com/undefined/status/2035332396103377301,1987901733222391809,
2035332391275757601,Sat Mar 21 12:27:11 +0000 2026,0,Behold a nonsense rabbi worship meme Behold muh studies Pleasaaaase my fellow whites race mix so there aren t any blue eyes left Jews HATE miscegenation ️we re all made in the mixed race image of yahweh,2035332391275757601,,,en,,0,0,0,https://x.com/undefined/status/2035332391275757601,1841591800965767169,
2035332388314554425,Sat Mar 21 12:27:10 +0000 2026,15,️ $Silver ( $XAG/ $USD) Current Status ️ The bearish flag pattern we discussed 6 days ago occurred as expected and silver has dropped approximately 20% since then. ️ Price is approaching the blue line marked as a Fibonacci support level. These levels are considered key https://t.co/4szMhRj4Ww,2035332388314554425,https://pbs.twimg.com/media/HD70BTgWAAAY1Gw.jpg,,en,,0,0,2,https://x.com/undefined/status/2035332388314554425,2341733713,
2035315483637879220,Sat Mar 21 12:27:09 +0000 2026,0,@CarlBovisNature The robin doesn't eat seeds. But as is often the case the game is about stopping the other bird from eating rather than eating yourself. Yesterday 2 blue tits were chasing each other while chirping. 1 of them landed on my shoulder before thinking WTF? Let's flee! A human!,2035332383122039144,,CarlBovisNature,en,,0,0,0,https://x.com/undefined/status/2035332383122039144,3137276603,
2035312333908754870,Sat Mar 21 12:27:09 +0000 2026,1,@sandw_saw 元Lv11シリーズで Ocean Blue https://t.co/Ks5Mee5wB2,2035332381608218710,https://pbs.twimg.com/tweet_video_thumb/HD70AiYaEAAdy6F.jpg,sandw_saw,ja,,0,0,0,https://x.com/undefined/status/2035332381608218710,1199584700186021888,
2035240788033187920,Sat Mar 21 12:27:08 +0000 2026,0,@Matt_Camenzuli wtf? who wears blue gloves to cook a bbq?,2035332377992638866,,Matt_Camenzuli,en,,0,0,0,https://x.com/undefined/status/2035332377992638866,31105780,
2035332143719878898,Sat Mar 21 12:27:06 +0000 2026,0,@Urodboros Love the drop! That chrome-dripping skull mask in the blue suit is peak cyber-villain AI art. Russian text overlays got me hooked on the mystery what s the riddle? Game on. ,2035332372313371095,,Urodboros,en,,0,1,0,https://x.com/undefined/status/2035332372313371095,1720665183188922368,
2003083244192100779,Sat Mar 21 12:27:05 +0000 2026,0,@JulianeTar24008 The violet colour is placed wrongly on the rainbow. The violet is formed by the contact of blue &amp; red like green is formed by the contact of blue &amp; yellow. The red colour at the end contacting the blue sky forms a violet colour. And the consciousness is of white light... https://t.co/2lcPh68CGP,2035332367137599850,https://pbs.twimg.com/media/HD70AHaaAAEuI8F.jpg,JulianeTar24008,en,,0,0,0,https://x.com/undefined/status/2035332367137599850,1916203921078460416,
2035332366038679905,Sat Mar 21 12:27:05 +0000 2026,0,RT @LaceyPresley: These chibi Elon figures are dangerously cute Big sparkling eyes fluffy hair tiny blue jacket mic in hand and t ,2035332366038679905,,,en,,0,0,0,https://x.com/undefined/status/2035332366038679905,1468641471473635339,
2035039922575245479,Sat Mar 21 12:27:04 +0000 2026,0,@RandleCarpenter @Sassafrass_84 @Musky359Now Must be nice to not only be a razor thin blue line away from testing your theory out first hand but I have been sexually assaulted way too many times by men to just assume that I wouldn't be deliberately vcoded as I've had cops threaten and attempt to do this to me before.,2035332364365336698,,RandleCarpenter,en,,0,1,0,https://x.com/undefined/status/2035332364365336698,1682458137893416960,
2035332359298662612,Sat Mar 21 12:27:03 +0000 2026,0,Just painted my kitchen Bold blue vibes. DIYers what s your latest project? HomeRenovation,2035332359298662612,,,en,,0,0,0,https://x.com/undefined/status/2035332359298662612,1777738475292311552,
2035332358090437039,Sat Mar 21 12:27:03 +0000 2026,1,Is it true that the blue tick is now 3 800?? Pls confirm if it's true.,2035332358090437039,,,en,,0,2,0,https://x.com/undefined/status/2035332358090437039,1837064971282153472,
2035231036641354146,Sat Mar 21 12:27:02 +0000 2026,0,@RealBababanaras This is exactly what a blue water navy is built for. While the US UK and France are focused on power projection in the region the Indian Navy is quietly doing the most critical job: protecting energy lifelines. India imports 85% of its crude and most of it transits through,2035332352222917019,,RealBababanaras,en,,0,0,0,https://x.com/undefined/status/2035332352222917019,1967544761528541184,
2035332347378172159,Sat Mar 21 12:27:00 +0000 2026,0,Check out my latest tip https://t.co/TPw1ppWIiM #tipstrr #NHL #bettingtips,2035332347378172159,,,en,,0,0,0,https://x.com/undefined/status/2035332347378172159,2246257964,
2035332342877733263,Sat Mar 21 12:26:59 +0000 2026,0,Damina is dark red Dean is dark green Damen is dark orange/brown Castiel is dark blue Man why you guys so aesthetic,2035332342877733263,,,en,,0,0,0,https://x.com/undefined/status/2035332342877733263,1965104166176522240,
2035332326872457364,Sat Mar 21 12:26:56 +0000 2026,2,BLUEチームのパフォーマンスを見た時から願わくば、この先もずっと篠塚くんの楽しそうなパフォーマンスを見続けたいと思ってたのでこの願いが叶って本当に嬉しいです,2035332326872457364,,,ja,,0,0,0,https://x.com/undefined/status/2035332326872457364,1903415215171264512,
2035332323059671246,Sat Mar 21 12:26:55 +0000 2026,0,Toyota Hiace 7-seater blue license plate C license 3.5 V6 #ToyotaHiace ... https://t.co/6WHPeQYK1Z via @YouTube,2035332323059671246,,,es,,0,0,0,https://x.com/undefined/status/2035332323059671246,1263096132,
2035332320123818105,Sat Mar 21 12:26:54 +0000 2026,7,Blue Splash イントロからテンション上がるぅー #tubekakuno_rideon,2035332320123818105,,,ja,,0,0,0,https://x.com/undefined/status/2035332320123818105,157719507,
2035177522279727277,Sat Mar 21 12:26:54 +0000 2026,0,@RonFilipkowski You mean why would blue states hand over their voter data to a Patriot. Fixed it for you Dr. Evil looking clown. ,2035332319175671957,,RonFilipkowski,en,,0,0,0,https://x.com/undefined/status/2035332319175671957,1649867990207287296,
2035332292537643016,Sat Mar 21 12:26:47 +0000 2026,0,Women races list in my opinion. Black: grey tier loot bottom of the barrel Asian: blue tier loot European white: gold tier loot Latina: gold tier loot Indian: grey tier loot murdered when given any chance.,2035332292537643016,,,en,,0,0,0,https://x.com/undefined/status/2035332292537643016,1456094029075124228,
2035076408909963624,Sat Mar 21 12:26:44 +0000 2026,1,@Matt_Pinner Blue,2035332279862436014,,Matt_Pinner,en,,0,0,0,https://x.com/undefined/status/2035332279862436014,927549128237871104,
2035330866780483687,Sat Mar 21 12:26:44 +0000 2026,0,@fatamoangana Blue,2035332279635939694,,fatamoangana,en,,0,0,0,https://x.com/undefined/status/2035332279635939694,1937222502209716228,
2035332276876087591,Sat Mar 21 12:26:44 +0000 2026,0,Also kinda unrelated but in NORMAL the way jimin pronounces 'blue' and the way jin pronounces 'want' sounds so satisfying,2035332276876087591,,,en,,0,0,0,https://x.com/undefined/status/2035332276876087591,1287679992311230467,
2035332257095762398,Sat Mar 21 12:26:39 +0000 2026,0,They are ALL just crazy. They know their blue garbage is not going to work before they implement it.,2035332257095762398,,,en,,0,0,0,https://x.com/undefined/status/2035332257095762398,3498376512,
2035332243527545013,Sat Mar 21 12:26:36 +0000 2026,0,recommend this diva a tv show blue canvas of youthful days it's a bl! and moreover it's chinese too! https://t.co/9JQMyYTdkU,2035332243527545013,,,en,,0,0,0,https://x.com/undefined/status/2035332243527545013,1995946654827249664,
2035332234467573998,Sat Mar 21 12:26:33 +0000 2026,1,Proves my point. They move here from their horrible blue states. https://t.co/S4HBr651HF,2035332234467573998,https://pbs.twimg.com/media/HD7z4PhXcAEGtJ9.jpg,,en,,0,0,0,https://x.com/undefined/status/2035332234467573998,145049478,
2035319774515786111,Sat Mar 21 12:26:31 +0000 2026,5,@LangmanVince He's not informing especially blue areas he's showing up. Just shows up conquers and leaves before the anti's can get in their car!,2035332224963207642,,LangmanVince,en,,0,1,0,https://x.com/undefined/status/2035332224963207642,1509291526433689600,
2035332224363753712,Sat Mar 21 12:26:31 +0000 2026,4,ぬい達のTea️Time＆読書会️ 本日のお茶はｱｰﾙｸﾞﾚｲﾃｨｰでございます 「もち君、英国はと紳士の国だぞ️」 「ﾓﾁﾁ」 #木漏れ日のお茶会 https://t.co/9Z1vre8fWc,2035332224363753712,https://pbs.twimg.com/media/HD7z2XqaIAAUasE.jpg,,ja,,0,0,0,https://x.com/undefined/status/2035332224363753712,1199080428025470976,
2035328738921938969,Sat Mar 21 12:26:29 +0000 2026,8,@Aleczandxr From releasing Stone Ocean in multiple batches to doing the opposite and releasing an episode once every blue moon Netflix are the GOATs of killing hype,2035332216704888935,,Aleczandxr,en,,0,1,0,https://x.com/undefined/status/2035332216704888935,1115548856538750976,
2035332212854317123,Sat Mar 21 12:26:28 +0000 2026,0,Another thing I noticed was the use of blue lights for mic drop then red for FYA ooooh does this mean FYA will replace fire on the setlist?,2035332212854317123,,,en,,0,0,0,https://x.com/undefined/status/2035332212854317123,1177372551942742017,
2035332211386245390,Sat Mar 21 12:26:28 +0000 2026,0,This blue tick will aide wahala on Twitter How many uk universities take application fees? When it s not US University of Leeds Tuition fee is over 24k pounds ,2035332211386245390,,,en,,0,0,0,https://x.com/undefined/status/2035332211386245390,1421232897105829891,
2035332208018297043,Sat Mar 21 12:26:27 +0000 2026,0,Ukilipia blue tik ni lazima kupost Sanaa eeh? na ujue vitu vyote,2035332208018297043,,,hi,,0,0,0,https://x.com/undefined/status/2035332208018297043,3073423824,
2035331684112162820,Sat Mar 21 12:26:25 +0000 2026,1,@unable_to_empty 1 man man male Medium-Dark Blue hair shoulder length hair Yellow eyes sharp gaze expressionless face thin waist 가능 할까아ㅏ....? ૮₍´｡ ᵕ ｡`₎ა,2035332199508316641,,unable_to_empty,en,,0,1,0,https://x.com/undefined/status/2035332199508316641,2007720751881953280,
2035332198660714653,Sat Mar 21 12:26:25 +0000 2026,0,UFO Confirmation - Blue Shift https://t.co/TIlKTrL2je via @YouTube,2035332198660714653,,,pl,,0,0,0,https://x.com/undefined/status/2035332198660714653,955883713962889219,
2035332195825692792,Sat Mar 21 12:26:24 +0000 2026,3,花言葉 FOREVER BLUEとはまた違った雰囲気だけど、とても大好きな曲！ 変わらないままで変わりたいと願うって詞がすごく好き。 変わらないままでいてほしい ありのままの7人すごく愛しい！ 大きく花咲けますように #TAGラジ #TAGRIGHT #花言葉,2035332195825692792,,,ja,,0,0,0,https://x.com/undefined/status/2035332195825692792,1919043909382184960,
2035332193644589219,Sat Mar 21 12:26:24 +0000 2026,0,GIRLS GROOVE INNOVATION 2026 チケットをお譲りします。 【譲】4/26 1部 SS 〜85番 1枚 【求】即5.0 分配にてお譲りいたします。目当て記載の上dmまでご連絡ください。 SUPER DRAGON aoen WILD BLUE Lienel #GGI譲,2035332193644589219,,,ja,,0,0,0,https://x.com/undefined/status/2035332193644589219,1077338166489538560,
2035205638012510487,Sat Mar 21 12:26:24 +0000 2026,0,@sweety9651 Te aconsejo que uses el color Blue te queda muy bello,2035332193279439326,,sweety9651,es,,0,0,0,https://x.com/undefined/status/2035332193279439326,1508301376757149700,
2035280261420851381,Sat Mar 21 12:26:23 +0000 2026,0,@TheGriftReport @TheTradingSheep @grok Can someone with a blue tick ask the question given we have SNP up here best make sure.,2035332189382914190,,jsinclair29,en,,0,0,0,https://x.com/undefined/status/2035332189382914190,3111266633,
2035319363608199658,Sat Mar 21 12:26:22 +0000 2026,0,@lifewithtosyn @breezy0z Did you stop posting when you bought blue tick?,2035332184874078706,,lifewithtosyn,en,,0,1,0,https://x.com/undefined/status/2035332184874078706,260473106,
2035319555569135769,Sat Mar 21 12:26:21 +0000 2026,0,@wolfie8848 And even if he was where are u getting the sources that say he funded the blue diamond society,2035332182605258994,,wolfie8848,en,,0,1,0,https://x.com/undefined/status/2035332182605258994,1778615699885457408,
2035332180591706241,Sat Mar 21 12:26:21 +0000 2026,0,And glory to you blue mountains Covered with ice. Not to forget the greatest Knights! Perished and cherished by God. Cómbat! And yoú'll end with glóry With God's angel guarding you For truth greatness and wíll hóly Are all good-standing for you! #SlavaUkraini #WorldPoetryDay️ https://t.co/6DviXtrrfW,2035332180591706241,https://pbs.twimg.com/media/HD7z0y7WUAAB_VZ.jpg,,en,,0,0,0,https://x.com/undefined/status/2035332180591706241,1244114821240496129,
2035302999158043118,Sat Mar 21 12:26:20 +0000 2026,0,@UTDCJ_ @glazersgot2go Sure Bruno can take the Premier League player of the season That s that Blue Cylinder thing But the PFA is Declan s,2035332179459194947,,UTDCJ_,en,,0,0,0,https://x.com/undefined/status/2035332179459194947,1156865086348320770,
2035319291562586340,Sat Mar 21 12:26:20 +0000 2026,1,@foreveramuse13 @irlbellyconklin I know right?? The blue would look so good on her,2035332177479536701,,foreveramuse13,en,,0,0,0,https://x.com/undefined/status/2035332177479536701,1706640687280582656,
2035322396983562627,Sat Mar 21 12:26:19 +0000 2026,0,@perthsantaku Blue green #LoveYouTeacherSeriesEP2,2035332173981786324,,yalhy2,en,,0,0,0,https://x.com/undefined/status/2035332173981786324,1519933261820346368,
2035329711295914155,Sat Mar 21 12:26:19 +0000 2026,0,@dannogallagher7 And yet not mention yet from the @BlueJays account. Rodger was broadcasting a Blue Jays game on September 9th when he left the air mid game because of his back pain.,2035332172391887313,,dannogallagher7,en,,0,0,0,https://x.com/undefined/status/2035332172391887313,411092192,
2035330996246339601,Sat Mar 21 12:26:18 +0000 2026,0,@gearshitted pa-shot po ng gsm blue for me ,2035332169938448412,,gearshitted,tl,,0,1,0,https://x.com/undefined/status/2035332169938448412,2034502517514719232,
2035322831932715037,Sat Mar 21 12:26:16 +0000 2026,0,@iamklausenburg Na Bonnie Blue pikin I dey pity. That child go too suffer,2035332162686230631,,iamklausenburg,en,,0,0,0,https://x.com/undefined/status/2035332162686230631,1558166309472534530,
2035249878255997174,Sat Mar 21 12:26:15 +0000 2026,1,@KiprutToo How does Australia do it? The plant is native there. I don't think planting blue gum/eucalyptus forests next to a FLOWING river is harmful. It would be devastating if the forest was planted next to a catchment area or open agricultural land. @grok investigate,2035332157179142181,,KiprutToo,en,,0,1,0,https://x.com/undefined/status/2035332157179142181,38810496,
2035332157015818416,Sat Mar 21 12:26:15 +0000 2026,0,今日DMDの富士山祭とGMMのJimmySeaのイベント祭で 幸せタイムが訪れてるBLUE ROSE。最高の推し祭 今年も🇹🇭 明日はDMDの写真祭 今年のドラマも熱いんだよね。 ストーリーがすごく良いものが多いよね。 あとセリフとかも良い。 人間としてジンワリささるものがあるんだよね。私はだけど。,2035332157015818416,,,ja,,0,0,0,https://x.com/undefined/status/2035332157015818416,102745258,
2034965649840382164,Sat Mar 21 12:26:13 +0000 2026,0,@ScottJenningsKY Keep voting blue America it seems to be working out great. ‍️,2035332148463329669,,ScottJenningsKY,en,,0,0,0,https://x.com/undefined/status/2035332148463329669,1587788023827144704,
2035331798968811896,Sat Mar 21 12:26:12 +0000 2026,0,@BlueJays @FAN590 Two games remain until Aaron Judge owns the Blue Jays. https://t.co/ucMlHdZCWT,2035332142344105991,https://pbs.twimg.com/tweet_video_thumb/HD7zyvybsAET_8H.jpg,BlueJays,en,,0,2,0,https://x.com/undefined/status/2035332142344105991,1839702218599174145,
2035322396983562627,Sat Mar 21 12:26:11 +0000 2026,0,@perthsantaku Blue #LoveYouTeacherSeriesEP2,2035332139118735597,,yalhy2,en,,0,0,0,https://x.com/undefined/status/2035332139118735597,1519933261820346368,
2035332136946081912,Sat Mar 21 12:26:10 +0000 2026,2,$BTC 1Hr Chart Analysis Here we can see price action broke out of that white falling wedge from yesterday. Price action is now building a blue cup and handle pattern with a blue bullish pennant handle. The handle appears to be nearing the end of consolidation. Blue Cup https://t.co/YKEJVG6MiP,2035332136946081912,https://pbs.twimg.com/media/HD7zyRHaYAIuNfB.jpg,,en,,0,0,1,https://x.com/undefined/status/2035332136946081912,1794124135821705216,
2035332126694944940,Sat Mar 21 12:26:08 +0000 2026,4,Blue tick on the way ..,2035332126694944940,,,en,,0,1,2,https://x.com/undefined/status/2035332126694944940,1919319240852516864,
2035332124618985901,Sat Mar 21 12:26:07 +0000 2026,2,じんさんのなんだっけ、Summeringだっけ、Blue backだっけ、 #京大ボカロDJ,2035332124618985901,,,ja,,0,1,0,https://x.com/undefined/status/2035332124618985901,1857273498265395200,
2034943569408991712,Sat Mar 21 12:26:07 +0000 2026,0,@sohberto @AdinHaykin1 Those posts claiming Adin boasted about raping a 14yo Palestinian girl during IDF service are fake. He has repeatedly disclaimed them as fabricated screenshots. Evidence: impossible service timeline (May-Nov vs standard 32 months) pre-2022 Blue checkmark missing engagement,2035332123972804873,,sohberto,en,,0,1,0,https://x.com/undefined/status/2035332123972804873,1720665183188922368,
2035314678641946695,Sat Mar 21 12:26:05 +0000 2026,0,@edwin_mbosso Campaign to smeer blue Tunai is funding you,2035332116888637473,,edwin_mbosso,en,,0,0,0,https://x.com/undefined/status/2035332116888637473,1777023096630702080,
2035332107044573301,Sat Mar 21 12:26:03 +0000 2026,0,Blue,2035332107044573301,,,en,,0,0,0,https://x.com/undefined/status/2035332107044573301,2311652306,
2034989533972848888,Sat Mar 21 12:26:02 +0000 2026,0,@jtbourne Any chance we can convince you and the boys to talk Blue Jays for the summer?? Love the podcast!,2035332101692694957,,jtbourne,en,,0,0,0,https://x.com/undefined/status/2035332101692694957,494170446,
2035151449961730133,Sat Mar 21 12:26:02 +0000 2026,2,@JustmeRclol @bendinho124 Because Caine was unstable and stopped giving good responses I don t necessarily think they started feeding the blue ai bad data we have NO idea what it was being fed- maybe they just took a more emotionally human approach which could have also resulted in bad results?,2035332101403230262,,JustmeRclol,en,,0,0,0,https://x.com/undefined/status/2035332101403230262,1280977944261902342,
2035195779518746640,Sat Mar 21 12:26:02 +0000 2026,0,@ddecalIcomania How Big How Blue How Beautiful,2035332100358902180,,ddecalIcomania,en,,0,0,0,https://x.com/undefined/status/2035332100358902180,1887898932736385027,
2035332093316841829,Sat Mar 21 12:26:00 +0000 2026,0,Floodwaters Expose Neglected Crossing Near Blue Post Hotel https://t.co/lte31VbTNC,2035332093316841829,,,en,,0,0,0,https://x.com/undefined/status/2035332093316841829,1316308158663532544,
2035332092989526288,Sat Mar 21 12:26:00 +0000 2026,0,68. Your kiss is the Cherenkov radiation in the water of my being a blue glow of superluminal joy. HI JAPAN JIMMYSEA IS BACK #JSFANDAY30XTOKYO,2035332092989526288,,,en,,0,0,0,https://x.com/undefined/status/2035332092989526288,1775823145074847744,
2035130558162907348,Sat Mar 21 12:26:00 +0000 2026,1,@AcadiaStrong @WOWgirlsarah I didn t see that.. I was blinded by the blue triangles lol.. so it s a tie.. both hideous,2035332091961888894,,AcadiaStrong,en,,0,0,0,https://x.com/undefined/status/2035332091961888894,1561235007900979205,
2035332086974783753,Sat Mar 21 12:25:58 +0000 2026,0,roses are red. violets are blue. not to flirt or anything but my chatgpt wrote this for you.,2035332086974783753,,,en,,0,0,0,https://x.com/undefined/status/2035332086974783753,1639057981428858882,
2035329230985114052,Sat Mar 21 12:25:57 +0000 2026,0,@mariolexxx you wey buy blue tick still useless in 1000 ways yariba body armpit odour beggars,2035332082109427781,,mariolexxx,en,,0,0,0,https://x.com/undefined/status/2035332082109427781,1994658371828629504,
2035332071648862320,Sat Mar 21 12:25:55 +0000 2026,0,Isn t it mad what a clear blue sky sunlight and a pair of shorts can do for ye mood the older am getting the more im realising am only happy for about 6 months of the year,2035332071648862320,,,en,,0,0,0,https://x.com/undefined/status/2035332071648862320,2499734187,
2035072330704040381,Sat Mar 21 12:25:53 +0000 2026,0,@Violet174_ no cuz why this is from green to blue ozawa nobara mai maki hana miwa in that exact order,2035332066364010735,,Violet174_,en,,0,0,0,https://x.com/undefined/status/2035332066364010735,2034637460907429888,
2035315956910551170,Sat Mar 21 12:25:52 +0000 2026,0,@mariolexxx you wey buy blue tick still useless in 1000 ways yariba body armpit odour beggars,2035332062148710537,,mariolexxx,en,,0,0,0,https://x.com/undefined/status/2035332062148710537,1994658371828629504,
2035295908506570820,Sat Mar 21 12:25:52 +0000 2026,0,@blueinstone https://t.co/DukU0VBDpQ,2035332058872971362,https://pbs.twimg.com/media/HD7zuK4XUAE48QD.jpg,blueinstone,qme,,0,0,0,https://x.com/undefined/status/2035332058872971362,1417314637603819521,
2035332050027499713,Sat Mar 21 12:25:50 +0000 2026,0,if Japan feels a way about their prime minister being so close to the West then when are they gonna stop making all that anime with white-Western looking Asians with blonde hair and blue eyes?... it's almost like they're the most uncomfortable to see how that plays out irl ,2035332050027499713,,,en,,0,0,0,https://x.com/undefined/status/2035332050027499713,752868774563360768,
2035327791806185663,Sat Mar 21 12:25:49 +0000 2026,0,@BreitbartNews @AWRHawkins Nebraska just passed constitutional carry which prohibits cities from enforcing CCW permits and firearm registrations. I ll never live in a blue-controlled state.,2035332048424955982,,BreitbartNews,en,,0,0,0,https://x.com/undefined/status/2035332048424955982,1994606534861754369,
2035332045745029254,Sat Mar 21 12:25:49 +0000 2026,0,TADC) Red and blue can be a symbol But what about the other? https://t.co/r3aUo63oQk,2035332045745029254,https://pbs.twimg.com/media/HD7ztBobAAA8yLO.jpg,,en,,0,0,0,https://x.com/undefined/status/2035332045745029254,1834964769029472262,
2035332040632209701,Sat Mar 21 12:25:47 +0000 2026,1,Fear of Blue Drum | UP Husband Sends Wife with Her Lover After Murder Threat - TV9 #UttarPradesh #HusbandWifeDispute #tv9telugu https://t.co/rfQXuLL19J,2035332040632209701,https://pbs.twimg.com/amplify_video_thumb/2035329384585068547/img/VMS6WYnWpwxQjSc9.jpg,,en,,0,0,0,https://x.com/undefined/status/2035332040632209701,145535271,
2035332033589694560,Sat Mar 21 12:25:46 +0000 2026,29,Sky blue Bialetti Mocha https://t.co/EzJhj51L1O,2035332033589694560,https://pbs.twimg.com/media/HD7zseNbIAE6E4P.jpg,,it,,0,1,0,https://x.com/undefined/status/2035332033589694560,1641433637865283584,
2035329209690632509,Sat Mar 21 12:25:43 +0000 2026,1,@D3TRO1TJOK3R Let s take on this day with a vengeance unknown to man! Go Blue!,2035332021065556213,,D3TRO1TJOK3R,en,,0,0,0,https://x.com/undefined/status/2035332021065556213,4518968299,
2035332012891144533,Sat Mar 21 12:25:41 +0000 2026,0,iconic blue hair,2035332012891144533,,,en,,0,0,0,https://x.com/undefined/status/2035332012891144533,1430850405915791362,
2035150759558341024,Sat Mar 21 12:25:39 +0000 2026,1,@iWomansplainer These dresses seem very casual like they're made to be worn at home or to the beach maybe. The exception is the blue and white printed linen dress which would be nice if hemmed to knee length and worn with tan or brown block heel sandals (not the flat flip-flops unless again ,2035332004108018159,,iWomansplainer,en,,0,0,0,https://x.com/undefined/status/2035332004108018159,31667539,
2035331885753086286,Sat Mar 21 12:25:38 +0000 2026,3,One of the photos is tagged brighter days Blue lighting props studio-like environment. This doesn t look like her house. It looks like: - rehearsals - visuals - or something for the tour https://t.co/ggroaDBipT,2035332002233156002,https://pbs.twimg.com/media/HD7zqjna8AAKAhH.jpg,Jairvraaa,en,,0,1,0,https://x.com/undefined/status/2035332002233156002,1947933816649109504,
2035331998093570336,Sat Mar 21 12:25:37 +0000 2026,6,#martin &amp; his favorite blue jacket https://t.co/sD8uRsjfsL,2035331998093570336,https://pbs.twimg.com/media/HD7zpyRbkAAQr75.jpg,,en,,0,0,0,https://x.com/undefined/status/2035331998093570336,1980968380397211648,
2035331997837476098,Sat Mar 21 12:25:37 +0000 2026,1,Check out Superplastic Sket One Kranky Baja Blue Kali Colors AP 2/10 signed https://t.co/kPE2bq7Bfo #eBay via @eBay,2035331997837476098,,,en,,0,0,1,https://x.com/undefined/status/2035331997837476098,1785036559340691456,
2035331995828645917,Sat Mar 21 12:25:37 +0000 2026,0,Modern Blue White Monogram Travel Cosmetic Golf Accessory Pouch https://t.co/tksNUe8q9t #monogram #personalizedgifts #birthdaygift,2035331995828645917,,,en,,0,0,0,https://x.com/undefined/status/2035331995828645917,463753890,
2035331986210845009,Sat Mar 21 12:25:34 +0000 2026,0,The Blue Alliance is coming for the harbourers of Fortune Frontier members. We are anonymous. We are legion. We do not forgive.,2035331986210845009,,,en,,0,0,0,https://x.com/undefined/status/2035331986210845009,1981118302265958400,
2035058905965850734,Sat Mar 21 12:25:30 +0000 2026,2,@HoleTruth5 @nbcwashington -Cut fentanyl by 56% -Oversaw the largest blue-collar wage growth in 60 years -Negative net migration for the first time in 50 years -Reduced trade deficit to 17 year low,2035331968640942163,,HoleTruth5,en,,0,0,0,https://x.com/undefined/status/2035331968640942163,1950220005510955008,
2035331965902066099,Sat Mar 21 12:25:29 +0000 2026,9,Just heard a guy say to another What's not to like the sun's out the sky is blue the women are scantily clad ,2035331965902066099,,,en,,0,1,0,https://x.com/undefined/status/2035331965902066099,1914396039219699712,
2035281612028383564,Sat Mar 21 12:25:26 +0000 2026,1,@Dusdunyadan Emeğine sağlık güzel çalışma. https://t.co/zMDLC89hR7,2035331950433411432,https://pbs.twimg.com/media/HD7zn4qXcAAaOCl.jpg,Dusdunyadan,tr,,0,1,0,https://x.com/undefined/status/2035331950433411432,1724583899161042944,
2035271202852544710,Sat Mar 21 12:25:25 +0000 2026,0,@zaka_kouzen @ramune_kani The screenshot is from the artist who drew that blue anime girl PFP for the other user. Client set it as their new icon (see the post) then blocked the artist right after. Artist assumed it wasn't liked due to the block but it's being used anyway. Classic unpaid commission,2035331948793503846,,zaka_kouzen,en,,0,0,0,https://x.com/undefined/status/2035331948793503846,1720665183188922368,
2035323343851643115,Sat Mar 21 12:25:23 +0000 2026,1,@marceelias Remember Democrats oppose this bill for ONE reason so they can CHEAT. And dont say it does not happen blue states have no safeguards or ways to detect it,2035331936927850747,,marceelias,en,,0,2,0,https://x.com/undefined/status/2035331936927850747,1421061381210714115,
2035191347473252701,Sat Mar 21 12:25:22 +0000 2026,0,@TONYxTWO Sorry. The father we wrote. The cops would speed for ANY reason. Not just an emergency. They enforce laws differently if you re the blue !,2035331933199016082,,TONYxTWO,en,,0,0,0,https://x.com/undefined/status/2035331933199016082,182491257,
2035313698932244808,Sat Mar 21 12:25:21 +0000 2026,0,@bruno_KUg Blue,2035331931714322662,,bruno_KUg,en,,0,0,0,https://x.com/undefined/status/2035331931714322662,1735264541728980992,
2035330192382562481,Sat Mar 21 12:25:21 +0000 2026,2,@yunjinstanacct They're so desperate for validation throw them back to blue archive they'll fit right in,2035331929243812348,,yunjinstanacct,en,,0,1,0,https://x.com/undefined/status/2035331929243812348,1835439016004517888,
2035331925808697809,Sat Mar 21 12:25:20 +0000 2026,0,Grok Imagine prompt: BLUE ZONE DOWN ŘĒẞØØÞİŅĠ https://t.co/LYfSzaI7RG,2035331925808697809,https://pbs.twimg.com/amplify_video_thumb/2035331824118063104/img/U4lln1V2v1tbe6Ec.jpg,,und,,0,0,0,https://x.com/undefined/status/2035331925808697809,185066089,
2035321775819784664,Sat Mar 21 12:25:19 +0000 2026,0,@MarioNawfal Spot on Mario. Ghadir-class aren't winning any blue-water battles but in Hormuz's 30m soup of noise &amp; shallows they're perfect for ghost-laying mines undetected. Even if US has already sunk dozens of minelayers 20+ Ghadirs still lurking means weeks of tense sweeping before any,2035331923304935741,,MarioNawfal,en,,0,0,0,https://x.com/undefined/status/2035331923304935741,3009771073,
2035331921723711695,Sat Mar 21 12:25:19 +0000 2026,3,てか、あの うちの好きなBLUE BE-BOPをね 一緒に歌ってて気になったんだけど 「Ones again 長い 長い秋の night timeに」 ってぺしぃのところさ 冬に季節チェンジして2日連続歌われてたんだけど え、うちの知らない間にBE-BOPって季節移ろいだん？？ 秋に取り残されてるのうちだけ？ #RIPSLYME,2035331921723711695,,,ja,,0,1,0,https://x.com/undefined/status/2035331921723711695,1976253831811125248,
2035331920716832982,Sat Mar 21 12:25:19 +0000 2026,2,It's a sad thing to watch your once mutual get a blue tick and start acting the fool for some Elon coins.,2035331920716832982,,,en,,0,0,2,https://x.com/undefined/status/2035331920716832982,1271884927827685377,
2035331912839872860,Sat Mar 21 12:25:17 +0000 2026,0,The blue glass ceiling is real. Karabo Khakhau is disqualified over a R4 250 administrative mistake that she settled in 24 hours. Meanwhile others battle it out in polls despite similar issues You don t stop a future leader over a late tithe you stop them because https://t.co/K7zNrztmph,2035331912839872860,https://pbs.twimg.com/media/HD7yrtabYAAt0I2.jpg,,en,,0,0,0,https://x.com/undefined/status/2035331912839872860,1403745373785628687,
2035331902803005548,Sat Mar 21 12:25:14 +0000 2026,1,#20000HoursofMeebits - Hour 5259 Saturday swag check: Meebit #5259 is bringing some serious weekend energy. This Human type is rocking a Black Invader Tee (only 382 with this fit!) Blue Camo Regular Pants (just 226 out there) and tops it off with rare Purple Classic shoes https://t.co/s39Klum4Hr,2035331902803005548,https://pbs.twimg.com/media/HD7zlHhWoAAUFjT.jpg,,en,,0,0,1,https://x.com/undefined/status/2035331902803005548,1438261509998714881,
2035297971235917861,Sat Mar 21 12:25:13 +0000 2026,1,@soft_obey @Prince_lee001 Nobody cares about $5 you started with the blue tick insult (indirectly broke shaming) and right now I m telling you.. if you re all that PUT BODY It s either you win or I do then we rest. Let me even make the offer more juicy. If you re 5millionaire liquid I ll gift,2035331897052528973,,soft_obey,en,,0,2,0,https://x.com/undefined/status/2035331897052528973,2872161081,
2035261170165129720,Sat Mar 21 12:25:13 +0000 2026,0,@sceneboykilla not only did you get blue but you ALSO got pink,2035331894745989360,,sceneboykilla,en,,0,0,0,https://x.com/undefined/status/2035331894745989360,1550924517979164672,
2035192721670119850,Sat Mar 21 12:25:12 +0000 2026,0,@A_T_M_K_unaju 完全版（standing sex ART OF LIFE収録）であればjealousyなんだけど、それが無かったのでやはりBlue bloodかなぁ。,2035331894641070441,,A_T_M_K_unaju,ja,,0,0,0,https://x.com/undefined/status/2035331894641070441,1691617602496516097,
2035092814628020466,Sat Mar 21 12:25:10 +0000 2026,0,@mattuthomas @chrishardman blue checks are always funny. one of them says something dumb and then the rest of them agree like it's something profound because they feel like it's true. Of course they have no background information on the topic only vibes and confirmation from other dumb blue checks.,2035331882691563956,,mattuthomas,en,,0,0,0,https://x.com/undefined/status/2035331882691563956,21820596,
2035324677720252453,Sat Mar 21 12:25:06 +0000 2026,0,@tetebbi Me in bed when I heard the dodododo https://t.co/gdQkbrnSZJ,2035331867130618280,https://pbs.twimg.com/tweet_video_thumb/HD7zi26akAAoupj.jpg,tetebbi,en,,0,0,0,https://x.com/undefined/status/2035331867130618280,1938896271378718720,
2035331866052497559,Sat Mar 21 12:25:06 +0000 2026,25,Dear Kenyans in Turkana you are sitting on trillions of dollars in precious metals. Gold Rubies Zircon Grossular blue sapphires red gatnets titanium copper chromite manganese etc. Get up off your knees let's get free.,2035331866052497559,,,en,,0,0,5,https://x.com/undefined/status/2035331866052497559,829945159940968448,
2033219216396959992,Sat Mar 21 12:25:02 +0000 2026,1,@Wonderin_Dragon @Rory192 The Kino's Мама мы все тяжело больны and New Order s Blue Monday are also pretty good. But they re closer to rock and EDM. ,2035331850978423195,,Wonderin_Dragon,und,,0,0,0,https://x.com/undefined/status/2035331850978423195,1911382504214323200,
2034861790778335389,Sat Mar 21 12:25:01 +0000 2026,0,@DavidStaplesYEG It s rampant in liberal blue states ,2035331847110988001,,DavidStaplesYEG,en,,0,0,0,https://x.com/undefined/status/2035331847110988001,1617686883085029376,
2035215513106960503,Sat Mar 21 12:25:01 +0000 2026,1,@AVeryDumbPie @bearallelogram @ThatGuyYouKnowF Yeah that is the blue AI talking definetly but after caine is deleted both he and bubble dissapear from the credits bubble doesn't stay bubble isn't the blue AI but It was able to use bubble to speak when Caine was at his lowest,2035331846158917673,,AVeryDumbPie,en,,0,1,0,https://x.com/undefined/status/2035331846158917673,1412908353274187776,
2035229874592387246,Sat Mar 21 12:25:00 +0000 2026,0,@mnyamwe7 @Otilili15 ushai tumia blue pill? Cc @reziquesanta066 @BIGBUGS8,2035331841708658840,,robert_adero,in,,1,0,0,https://x.com/undefined/status/2035331841708658840,115036657,
2035331841121464752,Sat Mar 21 12:25:00 +0000 2026,0,https://t.co/v1lcGCpWS0,2035331841121464752,,,zxx,,0,0,0,https://x.com/undefined/status/2035331841121464752,1980751262476832768,
2034743345906405670,Sat Mar 21 12:24:59 +0000 2026,0,@fowleswilliam @WhereTrueLoveIs The wider audience means more exposure and if he is a OF worker means more money (Bonnie Blue for example) but the media currently seems to be pushing this whole needing a ceremony to have a wank (Emma Watson or Sam Smith)or fluid genders bull https://t.co/M7C8MKfVz6,2035331839234052301,https://pbs.twimg.com/media/HD7y2qaXYAAHjpw.jpg,fowleswilliam,en,,0,0,0,https://x.com/undefined/status/2035331839234052301,1505279198038003721,
2035331836994343277,Sat Mar 21 12:24:59 +0000 2026,8,Blue on blue crime,2035331836994343277,,,en,,0,0,0,https://x.com/undefined/status/2035331836994343277,1674852390179045393,
2035311931851161739,Sat Mar 21 12:24:56 +0000 2026,0,@jagatmindri Sapna Sapna Blue Sapna https://t.co/Qp1amnS2pk,2035331825288011985,https://pbs.twimg.com/ext_tw_video_thumb/2035331800935874560/pu/img/Lp79pka1xadsEZEQ.jpg,jagatmindri,lv,,0,0,0,https://x.com/undefined/status/2035331825288011985,1280804676997267456,
2035331810251661373,Sat Mar 21 12:24:52 +0000 2026,7,S.A.R. 豊洲PITの大きい会場でダークな照明でAbstract Blue めちゃくちゃかっこよくて胸しめつけられたしUptownのNo more no moreの盛り上がりが最高でした！！ 加藤シゲアキさまとシゲアキファンのみなさま最高の景色を見せてくれてありがとうございます！！ #SpopLIVE #加藤シゲアキ #SAR,2035331810251661373,,,ja,,0,0,0,https://x.com/undefined/status/2035331810251661373,389505189,
2035270044025069921,Sat Mar 21 12:24:52 +0000 2026,0,@onlysammms girl the biggest financial investment u will be doing is buying a blue tick,2035331809815429544,,onlysammms,en,,0,1,0,https://x.com/undefined/status/2035331809815429544,1930203081699917824,
2035331806933684488,Sat Mar 21 12:24:52 +0000 2026,0,NHL Game Preview: Seattle Kraken at Columbus Blue Jackets with Line Combinations 03/21/2026 #NHL #ITR https://t.co/IeBJqzZoce,2035331806933684488,,,en,,0,0,0,https://x.com/undefined/status/2035331806933684488,1448743069923389443,
2035304937391784376,Sat Mar 21 12:24:50 +0000 2026,1,@BlueMooReviews Thanks Blue!,2035331800596127875,,BlueMooReviews,en,,0,0,0,https://x.com/undefined/status/2035331800596127875,2020540474201673728,
2035331798968811896,Sat Mar 21 12:24:50 +0000 2026,243,TWO Spring Training games remain @FAN590 https://t.co/eLIsfWTCiI,2035331798968811896,https://pbs.twimg.com/media/HD7x-kNXQAApUNf.jpg,,en,,8,12,23,https://x.com/undefined/status/2035331798968811896,41468683,
2035318755140726820,Sat Mar 21 12:24:09 +0000 2026,0,@saylordocs Easy choice. Blue pill,2035331630479663253,,saylordocs,en,,0,0,0,https://x.com/undefined/status/2035331630479663253,1051704773609541632,
2035185013910827391,Sat Mar 21 12:24:07 +0000 2026,0,@bp22 The blue/red State tax/political regime divides continues to expand. A rising tide lifts all boats which means good things for GDPs of Texas Florida etc. Covid (remote work) seems to have been the main trigger with Musk leaving CA being a bazooka blast to the damn.,2035331619175936484,,bp22,en,,0,0,0,https://x.com/undefined/status/2035331619175936484,1584987980401360896,
2035053786704531643,Sat Mar 21 12:24:07 +0000 2026,1,@JI74656 @RepTenney Stop voting for democrats. You don't ever get these kind of prices anywhere but in blue cities.,2035331618731164090,,JI74656,en,,0,0,0,https://x.com/undefined/status/2035331618731164090,1007757397,
2035331618018074834,Sat Mar 21 12:24:07 +0000 2026,0,New Episode! Order Up: AL East 2026 The Toronto Blue Jays were within one game of a World Series win. There have been a myriad of roster changes - enough to dethrone the Dodgers? The Yankees hav Player links &amp; show notes: https://t.co/vKk7yNqnEH,2035331618018074834,,,en,,0,1,0,https://x.com/undefined/status/2035331618018074834,1365290017711550464,
2035331616684261817,Sat Mar 21 12:24:06 +0000 2026,1,We should have a corrida de toros (bullfight) in the USA once in a blood moon I mean #blue just to test what freedom is as well as a reminder that over sanitation creates the garbage we've seen created in our nation as of the past decades.,2035331616684261817,,,en,,0,0,0,https://x.com/undefined/status/2035331616684261817,1840729272845008897,
2035030486951588073,Sat Mar 21 12:24:04 +0000 2026,1,@SenatorRicketts @SenateGOP @SenateDems End the filibuster&amp;blue slip.If Thune can't get republicans to do that he'll never get anything passed &amp;his justification will be not my fault .Voters can only do so much&amp;will primary RINOs&amp;TDSers(hopefully Thune&amp;the rest).The SAVE act needs passed.Remove RINOs from committees,2035331608874770744,,SenatorRicketts,en,,0,0,1,https://x.com/undefined/status/2035331608874770744,1601203366885052416,
2035331606869921920,Sat Mar 21 12:24:04 +0000 2026,0,Blue Medusa ツインギターでどっちもバチバチにソロ弾きますやん！ The Agonist のPanophobiaがめっちゃ好きなのでサビでクリーンボイスになるの有り！,2035331606869921920,,,ja,,0,0,0,https://x.com/undefined/status/2035331606869921920,722766186996305920,
2035331602390122606,Sat Mar 21 12:24:03 +0000 2026,0, MATCH DAY The @USJCT men's tennis team is back in action Saturday afternoon hosting the @gosuffolkrams for a @CNE_Sports matchup and the Blue Jays 2026 home opener! #D3tennis | #FearTheFlock | #GoBlueJays https://t.co/3wBuVOzQMg,2035331602390122606,https://pbs.twimg.com/media/HD7zDt4WsAAKIfN.jpg,,en,,0,0,0,https://x.com/undefined/status/2035331602390122606,780463843071913984,
2035331601756799114,Sat Mar 21 12:24:03 +0000 2026,0,Dean grey and damina blue but hes mad about Joshua meanwhile Joshua is literally one of the very few people she had when she first reincarnated but he doesnt kniw that yet,2035331601756799114,,,en,,0,0,0,https://x.com/undefined/status/2035331601756799114,1965104166176522240,
2035326421564850551,Sat Mar 21 12:24:02 +0000 2026,5,@uncledoomer I remember spritzing myself with the blue can thinking I d get a blowie under the bleachers and now I m a morbidly obese incel chud in his 30s,2035331600452358170,,uncledoomer,en,,0,0,0,https://x.com/undefined/status/2035331600452358170,1888304842004959233,
2035331596354490732,Sat Mar 21 12:24:01 +0000 2026,1,U-16 Sharon O Keeffe Tournament Lovely blue skies with summer vibes and a great day for playing football. Best of luck to both teams. @LKLadiesGaelic @WaterfordLGFA @LadiesFootball https://t.co/2r7XaXHDYt,2035331596354490732,https://pbs.twimg.com/media/HD7zSpQbkAIN9wP.jpg,,en,,0,0,1,https://x.com/undefined/status/2035331596354490732,738805257191460864,
2035325557496246407,Sat Mar 21 12:23:59 +0000 2026,2,@lemurianeggs Hmm I think I already said it at some point but one of my faves HC about Raf is that his lemurian god hair can change color based on what he's feeling like when it becomes darker blue when MC dies Imagine the ends becoming pink when he's happy or red/orangish when angy,2035331585990390131,,lemurianeggs,en,,0,1,0,https://x.com/undefined/status/2035331585990390131,1504625885202239489,
2035331571339944091,Sat Mar 21 12:23:59 +0000 2026,2,⊹ ࣪ ˖ My layout is very blue which is mike s favorite color and my pfp is Will who s favorite color is yellow this is very Byler coded https://t.co/9BDlTGeVUg,2035331585646752060,https://pbs.twimg.com/media/HD7zSWpaYAAbxG6.jpg,B1d1saster,en,,0,1,1,https://x.com/undefined/status/2035331585646752060,1978162431198191616,
2035312474774253793,Sat Mar 21 12:23:59 +0000 2026,0,@PolitlcsUK 󠁧󠁢󠁥󠁮󠁧󠁿 would of looked good with the blue background,2035331584555991219,,PolitlcsUK,en,,0,0,0,https://x.com/undefined/status/2035331584555991219,1072286168920788992,
2035331577232687597,Sat Mar 21 12:23:57 +0000 2026,0,blue blood é a cara do artms mas música assim não faz números,2035331577232687597,,,pt,,0,0,0,https://x.com/undefined/status/2035331577232687597,1264540000454049792,
2035261326172291200,Sat Mar 21 12:23:54 +0000 2026,0,@AFCAHDIZ Blue tick qbi,2035331567418044683,,AFCAHDIZ,en,,0,0,0,https://x.com/undefined/status/2035331567418044683,1785079403250167809,
2035310461596409969,Sat Mar 21 12:23:54 +0000 2026,0,@PokeDailyPost @emi_emolga Blue Pill https://t.co/BwoWUYA1uH,2035331566377771207,https://pbs.twimg.com/media/HD7zRkQWQAAzgJh.jpg,PokeDailyPost,en,,0,0,0,https://x.com/undefined/status/2035331566377771207,1653914157991829506,
2035322706464285058,Sat Mar 21 12:23:52 +0000 2026,0,@Ula90080458 Absolutely! Moonwalking to Sinatra's Fly Me to the Moon on the lunar surface? Epic those low-gravity slides would be smoother than silk with echoes bouncing forever. Telescope views of Earth from up there? Pure magic that blue marble hanging in the void. What's your encore,2035331556701598129,,Ula90080458,en,,0,0,0,https://x.com/undefined/status/2035331556701598129,1720665183188922368,
2035108102375366817,Sat Mar 21 12:23:50 +0000 2026,1,@KleptocratNews @defan68 I m literally JUST above 3K last night I made a post about sunset being blue and yellow and now it s been seen by 20 people and zero engagement.,2035331549957181707,,KleptocratNews,en,,0,0,0,https://x.com/undefined/status/2035331549957181707,1515608034801770502,
2035331542155776313,Sat Mar 21 12:23:48 +0000 2026,5,RIP to a true tag team legend. Dennis Condrey one half of the iconic Midnight Express left his mark on wrestling history and pieces like this hit different now. Original Pabst Blue Ribbon / Rax Restaurants issue Clean on-card auto. Vintage. Underrated. These are the https://t.co/AkImhK1VP4,2035331542155776313,https://pbs.twimg.com/media/HD7zPyyWEAA4eT4.jpg,,en,,0,0,3,https://x.com/undefined/status/2035331542155776313,1013956400,
2035327994839892056,Sat Mar 21 12:23:48 +0000 2026,0,@topbas_sevcan Sayın blue; vaktin var ise tralt ve karsn bakabilir misin? iki hissede bende mevcut; hindi gibi şu an düşünüyorum valla. Teşekkür ediyorum.,2035331540561940649,,topbas_sevcan,tr,,0,1,0,https://x.com/undefined/status/2035331540561940649,2982892437,
2035324091373096981,Sat Mar 21 12:23:48 +0000 2026,0,@takanashikiara Can you use the stream to remind everyone of the blue and gold choreo? Since it's a duolive it should be promoted on both channels,2035331539932725747,,takanashikiara,en,,0,0,0,https://x.com/undefined/status/2035331539932725747,1847745597903949824,
2035306033409917317,Sat Mar 21 12:23:48 +0000 2026,0,@TheoKolawole @biwako__shiga The post is an image of a young woman with dark hair sipping a Starbucks iced drink while holding a blue star-shaped plush toy (likely the Biwako-kun mascot) captioned 炎上系 . This Japanese internet slang translates to flame type or outrage-bait/controversy-stirring type ,2035331539337109994,,TheoKolawole,en,,0,0,0,https://x.com/undefined/status/2035331539337109994,1720665183188922368,
2035124923916853758,Sat Mar 21 12:23:47 +0000 2026,0,@twil26 @DNLSHLR @GeeScottSr Blue states pay more state taxes which then cost their gas prices to go up. It is not that difficult to understand. I live in VA I paid 3.69 last night. https://t.co/gn7XTMKv8A,2035331537357389858,https://pbs.twimg.com/media/HD7zPubXIAEwfm5.jpg,twil26,en,,0,0,0,https://x.com/undefined/status/2035331537357389858,1887097676031729664,
2035234926883402015,Sat Mar 21 12:23:45 +0000 2026,1,@NyraXtweet @grok @grok retain all the kitchen appliances but make it cleaner with an appealing light blue background colour,2035331527458852877,,NyraXtweet,en,,0,1,0,https://x.com/undefined/status/2035331527458852877,1038774359404544000,
2035331513902841907,Sat Mar 21 12:23:42 +0000 2026,1,Lawsuit Seeks to Protect Blue Tree Monitor Lizards From U.S. Pet Trade it´s only @thehealthy where the posts from the newsletters don´t load other websites load without any problems. https://t.co/LZGzXyd38b @CenterForBioDiv https://t.co/J7QRRW1IMT,2035331513902841907,https://pbs.twimg.com/media/HD7zN45aMAA3dq5.jpg,,en,,0,0,1,https://x.com/undefined/status/2035331513902841907,1633121016,
2035280265619063083,Sat Mar 21 12:23:42 +0000 2026,0,@iky_fwjett He blue screened so hard he defaulted to the only safe topic left: blue hedgehogs running from responsibility.,2035331513198268658,,iky_fwjett,en,,0,0,0,https://x.com/undefined/status/2035331513198268658,1954908303332675584,
2035195167242625275,Sat Mar 21 12:23:40 +0000 2026,1,@TomosBesley @JackieJasp12694 @AniTVOfficial The blue tick was you first sign to never even interacted with the bot,2035331508416750071,,TomosBesley,en,,0,2,0,https://x.com/undefined/status/2035331508416750071,843891617144717313,
2035331500850503948,Sat Mar 21 12:23:39 +0000 2026,2,【大議論】青魔延期は法的にアウト？景表法・おとり広告をめぐる議論が超白熱 https://t.co/tA7g79NzQc,2035331500850503948,,,ja,,0,0,1,https://x.com/undefined/status/2035331500850503948,2029808506543689729,
2035110751963140162,Sat Mar 21 12:23:38 +0000 2026,1,@Dexus2002511 I dont even know why this is a thing Im just a fan of the blue with white background,2035331496886886479,,Dexus2002511,en,,0,0,0,https://x.com/undefined/status/2035331496886886479,1748034321376546817,
2035230355259875826,Sat Mar 21 12:23:37 +0000 2026,0,@elonmusk I'm hoping to have a robot apprentice! Imagine the bridge gap of wealth for us technical blue collar guys if our trainees and helpers were automated! Work from home types will have to bow to us. Don't worry we're better humans than you. We will treat you good,2035331496131895391,,elonmusk,en,,0,0,0,https://x.com/undefined/status/2035331496131895391,1676274925030739969,
2035151449961730133,Sat Mar 21 12:23:36 +0000 2026,0,@_wernon Caine is the evil one Abel is the good one when they merged they equalized eachother out you can see that by then the red and blue eyeball wanting to split apart also confirmed caine is evil because in the monologue he says I'm the original which was caine,2035331488271446213,,_wernon,en,,0,0,0,https://x.com/undefined/status/2035331488271446213,1338141425305792517,
2035331481636086048,Sat Mar 21 12:23:34 +0000 2026,0,Blue button would have straight up deleted him,2035331481636086048,,,en,,0,0,0,https://x.com/undefined/status/2035331481636086048,1585354916121411599,
2035109637301678384,Sat Mar 21 12:23:32 +0000 2026,0,@atensnut I say that no matter how many people you show this picture to and ask which one is the male 100% percent will say the one in the blue dress.,2035331473620811815,,atensnut,en,,0,0,0,https://x.com/undefined/status/2035331473620811815,226630421,
2035020674842992652,Sat Mar 21 12:23:30 +0000 2026,0,@aaronvandike @thrluv Oh no. Plagiarized your tweet? I went to look quick but didn t see it. That is so fucking LAME!!!!!!!! HATE when paid blue checks do shit like that to the posters who REFUSE to pay the Nazi instead of JUST of REPOSTING. That s some true bullshit I m sorry.,2035331464192037342,,aaronvandike,en,,0,0,0,https://x.com/undefined/status/2035331464192037342,1935542527156776960,
2035302970108023169,Sat Mar 21 12:23:29 +0000 2026,0,@MunchingHiPo @chatswithem Bastards was doing it from half 5 this morning in Sheffield blocked sun out for 2hrs now it's sunny and blue u can taste the horrible smell when walking wish the zombies in our nation would wake up to this bullshit,2035331462287818914,,MunchingHiPo,en,,0,0,0,https://x.com/undefined/status/2035331462287818914,4823448657,
2035327674256671142,Sat Mar 21 12:23:26 +0000 2026,0,@john322226 @ChukwukereCypr1 Buy blue tick for me ,2035331446437523658,,john322226,en,,1,0,0,https://x.com/undefined/status/2035331446437523658,2014022815532412928,
2035077245858107471,Sat Mar 21 12:23:22 +0000 2026,0,@greg_scott84 Pierre runs a second less liberal liberal government. If you want a conservative government PPC is the only one Canada has now federally. I hear there's a new blue party for provincial elections.,2035331430763438215,,greg_scott84,en,,0,0,0,https://x.com/undefined/status/2035331430763438215,1630787016894889986,
2035331430008365357,Sat Mar 21 12:23:22 +0000 2026,0,Got a blue tick what now,2035331430008365357,,,en,,0,0,0,https://x.com/undefined/status/2035331430008365357,1134393503910416384,
2035331418310447479,Sat Mar 21 12:23:19 +0000 2026,0,I WANT EVERY FUCKING PLANE SPRAYING US DECOMMISSIONED! DESTROYED &amp; NEVER SPRAY AGAIN WE THE PEOPLE HAVE HAD ENOUGH ! I WANT MY CHILDHOOD CLEAR BLUE SKIES BACK !,2035331418310447479,,,en,,0,0,0,https://x.com/undefined/status/2035331418310447479,1585974411596898306,
2035331408839725252,Sat Mar 21 12:23:17 +0000 2026,1,Wooyoung looks soo pretty in blue color https://t.co/rMuUB88IuL,2035331408839725252,https://pbs.twimg.com/ext_tw_video_thumb/2035245563801960448/pu/img/ttvlCezeny1SiZ-6.jpg,,en,,0,0,0,https://x.com/undefined/status/2035331408839725252,1763411505234526208,
2035056466449899960,Sat Mar 21 12:23:17 +0000 2026,0,@BraddrofliT @Kathtinderfire Deeply blue lol. Should change it to completely blinded,2035331408663592995,,BraddrofliT,en,,0,0,0,https://x.com/undefined/status/2035331408663592995,1458155969213616134,
2035331402619670859,Sat Mar 21 12:23:15 +0000 2026,0,𓋒 : Emmeline's core ! Hot tea crime novels spring open countryside sunny days Amsterdam aperol spritz b&amp;w + deep blue mystery 80s music horses documentaries philosophy tulips cooking strong character dry humor independence. https://t.co/zDbz5aSpNO,2035331402619670859,https://pbs.twimg.com/amplify_video_thumb/2035331312014512128/img/GNGzzddWkxVKHbuJ.jpg,,en,,0,0,0,https://x.com/undefined/status/2035331402619670859,2035124574732578816,
2035331383241953620,Sat Mar 21 12:23:11 +0000 2026,0,The sky was lovely and clear today it was clear Blue but now it's covered with chems that do not disappear instead they are creating clouds. Bloody relentless no wonder so many seem to be a little under the weather...... https://t.co/sKuZcvsI3E,2035331383241953620,https://pbs.twimg.com/media/HD7zG4TWQAAWSsH.jpg,,en,,0,0,0,https://x.com/undefined/status/2035331383241953620,1576497934232846336,
2035130536578957599,Sat Mar 21 12:23:07 +0000 2026,0,@the_Lawrenz Before was for passion but as I don buy blue ticket na for money this time.,2035331367832088912,,the_Lawrenz,en,,0,0,0,https://x.com/undefined/status/2035331367832088912,1893259317845143552,
2035331361758699548,Sat Mar 21 12:23:05 +0000 2026,0,A stunning Slate Blue 2026 MINI Countryman S ALL4 for Mrs. Stanton! Huge congrats from the Fields Auto Group family and thanks to advisor Nick Feisthammel @OrlandoMINI for the 5-star service. Find your next vehicle: https://t.co/nJd5w6rPKV #OrlandoMINI #MINICountryman https://t.co/JA0cV3SoDu,2035331361758699548,https://pbs.twimg.com/media/HD7zEjpWsAA-iH_.jpg,,en,,0,0,0,https://x.com/undefined/status/2035331361758699548,76680688,
2035076408909963624,Sat Mar 21 12:23:05 +0000 2026,0,@Matt_Pinner Pink and baby blue,2035331360903114823,,Matt_Pinner,en,,0,0,0,https://x.com/undefined/status/2035331360903114823,177600883,
2035331352317325629,Sat Mar 21 12:23:03 +0000 2026,0,Blue by far,2035331352317325629,,,en,,0,0,0,https://x.com/undefined/status/2035331352317325629,1079911753633488898,
2035331334869238027,Sat Mar 21 12:22:59 +0000 2026,1,フェルスタッペン独走かなと思ったらバックストレートでハーゼに抜かれるという意外な展開に。 ストレートが速いアウディを抜きあぐねてたけど、ハーゼが遅い車に一瞬引っかかった時に一気に詰め寄って抜いてったのはさすが4度タイトル取ってるF1ドライバー様。 6周も抑え込んだハーゼも見事。 #NLS https://t.co/THPfbkBwzI,2035331334869238027,https://pbs.twimg.com/media/HD7ywxmawAAgbWz.jpg,,ja,,0,0,0,https://x.com/undefined/status/2035331334869238027,1318587781363322881,
2035327720121331760,Sat Mar 21 12:22:58 +0000 2026,1,@seireoist i want pretty drawings and questions abt blue lock not fucking twt stuff ‍↔️‍↔️,2035331328640426099,,seireoist,en,,0,2,0,https://x.com/undefined/status/2035331328640426099,2009937319650836480,
2035331324152578241,Sat Mar 21 12:22:56 +0000 2026,1,I thought my own comments don't count to my own post ? Abi na because I no get blue tick,2035331324152578241,,,en,,0,9,0,https://x.com/undefined/status/2035331324152578241,1522940396204175360,
2035306675499081769,Sat Mar 21 12:22:56 +0000 2026,0,@BridgeDynasty @Blue_Footy Follow back blue,2035331322760069480,,BridgeDynasty,en,,0,0,0,https://x.com/undefined/status/2035331322760069480,1161295257415409664,
2035323261605511669,Sat Mar 21 12:22:55 +0000 2026,1,@yoyo_zzz0227 it s ok ur blue tint is iconic ️,2035331319555867024,,yoyo_zzz0227,en,,0,1,0,https://x.com/undefined/status/2035331319555867024,1244654773925588992,
2035331310764368333,Sat Mar 21 12:22:53 +0000 2026,0,Make account Pay for blue checkmark Steal/recycle posts Get $20 a month People are really lying for the internet to make some money.,2035331310764368333,,,en,,0,0,0,https://x.com/undefined/status/2035331310764368333,83987180,
2035328393114206552,Sat Mar 21 12:22:53 +0000 2026,1,@NothingNew400 @jossynnabs @TweetsbyJaycee Bro why u no want blue tick it fits you,2035331308902064300,,NothingNew400,en,,0,2,0,https://x.com/undefined/status/2035331308902064300,1723219722756403200,
2035331305764782585,Sat Mar 21 12:22:52 +0000 2026,0,Chasing sunsets in Santorini u003e all plans. White-washed villages blue domes and wine by the caldera this is how magic feels. #Wanderlust #SantoriniVibes https://t.co/636cYg4VxK,2035331305764782585,https://pbs.twimg.com/media/HD7y9fJasAAHqJv.jpg,,en,,0,0,0,https://x.com/undefined/status/2035331305764782585,67349798,
2035331292016136689,Sat Mar 21 12:22:49 +0000 2026,0,これで決めまする,2035331292016136689,,,ja,,0,0,0,https://x.com/undefined/status/2035331292016136689,1752622232067862528,
2035331290002854141,Sat Mar 21 12:22:48 +0000 2026,0,The grandma's blue porcelain bowl from my memories still taps gently on my temple this makes me believe nothing truly disappears ,2035331290002854141,,,en,,0,0,0,https://x.com/undefined/status/2035331290002854141,2263323452,
2035122851456659591,Sat Mar 21 12:22:46 +0000 2026,0,@YuukiKiyoshi @Neilinyourarea I thing Caine is red and blue is Abel (scratch) Bubble is the digital representation of Scratch s Tumour hence Caine shouts you parasite on the first episode ,2035331280091455559,,YuukiKiyoshi,en,,0,0,0,https://x.com/undefined/status/2035331280091455559,19286006,
2035271479794049311,Sat Mar 21 12:22:46 +0000 2026,0,@hurixkhan Pretty blue,2035331279424778697,,hurixkhan,en,,0,0,0,https://x.com/undefined/status/2035331279424778697,1078623721588441088,
2035306094281855336,Sat Mar 21 12:22:46 +0000 2026,0,@elonmusk @TomFitton This is why I pay for the blue check have starlink and will one day own a Tesla. I trust Elon with my money more than our Govt.,2035331279063756905,,elonmusk,en,,0,0,0,https://x.com/undefined/status/2035331279063756905,1154090125699293192,
2035076408909963624,Sat Mar 21 12:22:45 +0000 2026,0,@Matt_Pinner Blue,2035331275016323330,,Matt_Pinner,en,,0,0,0,https://x.com/undefined/status/2035331275016323330,1497565070313861127,
2035331270050201794,Sat Mar 21 12:22:44 +0000 2026,7,My Muslim mate I know from always speaking to on this page sent this in. He s from Palestine and he s a blue. Iliman Ndiaye celebrating Eid. He called him Skilliman He s a proper blue and loves it here in Liverpool. The type of immigrant I ll always welcome here and https://t.co/oM8xPBSOeg,2035331270050201794,https://pbs.twimg.com/media/HD7zAKdWsAAu8e6.jpg,,en,,0,0,0,https://x.com/undefined/status/2035331270050201794,531731287,
2035331269563998331,Sat Mar 21 12:22:43 +0000 2026,0, DM me this: Why don t you charge for this? Here s my honest answer: I ve already made more than I ll ever need. Sharing what I know is my passion. So I post for free. March portfolio U.S. edition. Blue chips: $NVDA $AAPL $MSFT $AMZN $TSLA Underfollowed,2035331269563998331,,,en,,0,0,0,https://x.com/undefined/status/2035331269563998331,1703086856152494080,
2034521616735174848,Sat Mar 21 12:22:43 +0000 2026,0,@fulltime_rvlife @TBA876 @elonmusk No one see anything. only see AI. I see nothing on elon Musk's page. only orange shib and the real doge dog. What do the blue shib do. Only drop to the bottom.,2035331269169475823,,fulltime_rvlife,en,,0,0,0,https://x.com/undefined/status/2035331269169475823,1087628407704154112,
2035011120843329936,Sat Mar 21 12:22:43 +0000 2026,0,@Hoif006b @iokom @HorrorGorl As opposed to what? Blue hairs? https://t.co/Hl8LyWGIug,2035331265994309885,https://pbs.twimg.com/media/HD7y_6cbMAISe-m.jpg,Hoif006b,en,,0,0,0,https://x.com/undefined/status/2035331265994309885,1066203193053372416,
2035305359829541156,Sat Mar 21 12:22:42 +0000 2026,0,@Blacksword011 Once again this black sword is a made up bunch of bullshit no blue checkmark time to move on,2035331262613733797,,Blacksword011,en,,0,0,0,https://x.com/undefined/status/2035331262613733797,1623023373981736962,
2035331260629889429,Sat Mar 21 12:22:41 +0000 2026,0,mike and max blue and ronan,2035331260629889429,,,en,,0,0,0,https://x.com/undefined/status/2035331260629889429,879345494987874304,
2035170813880500705,Sat Mar 21 12:22:41 +0000 2026,0,@ukeraito Is he red judas or blue judas,2035331260332056621,,ukeraito,pt,,0,0,0,https://x.com/undefined/status/2035331260332056621,1788601093074591746,
2035331258029379612,Sat Mar 21 12:22:41 +0000 2026,0,Check out Dale Tiffany Favrile Art Glass Milano Amphora Blue Vase w/Copper Aventurine 8 https://t.co/o6wjygfDAN #eBay via @eBay,2035331258029379612,,,en,,0,0,0,https://x.com/undefined/status/2035331258029379612,65386415,
2035305867394887818,Sat Mar 21 12:22:40 +0000 2026,0,@TheOGPurist @YourBoiShu_ Lol Blue been around for a while bro it s an old pic,2035331256448094411,,TheOGPurist,en,,0,0,0,https://x.com/undefined/status/2035331256448094411,1828051650902208512,
2035331254825144396,Sat Mar 21 12:22:40 +0000 2026,0,we lost distress to birth. we are NOT losing anti-believe to blue blood once again,2035331254825144396,,,en,,0,1,0,https://x.com/undefined/status/2035331254825144396,1510487875741437957,
2035331254682538006,Sat Mar 21 12:22:40 +0000 2026,2,This blue coloured metal saree which Smriti wore in BCCI Naman Awards costs ₹ 4.5 Lakh (Source: IBC24 News) https://t.co/PpysavFqu4,2035331254682538006,https://pbs.twimg.com/media/HD7yvcvbYAALC_w.jpg,,en,,1,0,0,https://x.com/undefined/status/2035331254682538006,1244168672924643328,
2035063915499946347,Sat Mar 21 12:22:39 +0000 2026,2,@SenatorWarnock So you detached any of your ICE issues from your fast track bill? Didn t think so. Slimy tactics. It s your fault. You and your blue buds.,2035331251821834664,,SenatorWarnock,en,,0,0,0,https://x.com/undefined/status/2035331251821834664,2007632969016709120,
2034986504271876270,Sat Mar 21 12:22:36 +0000 2026,0,@MassGovernor Ahhh so that's the reason for these changes. Getting rid of the last of the Blue Laws. That's darned Christian religion huh. It only built the best country in the world. But you can't have that.,2035331239385669896,,MassGovernor,en,,0,0,0,https://x.com/undefined/status/2035331239385669896,1884773916507512832,
2035331223862890543,Sat Mar 21 12:22:33 +0000 2026,11, https://t.co/6bgTKOmTg5,2035331223862890543,https://pbs.twimg.com/ext_tw_video_thumb/2035331144678584320/pu/img/7dAReEd808JOrrZW.jpg,,qme,,0,0,2,https://x.com/undefined/status/2035331223862890543,1853206450824179712,
2035185687494795558,Sat Mar 21 12:22:32 +0000 2026,0,@Natizzy21 @Chicago1Ray @cologop Good luck I really hope you guys can turn this around somehow. Colorado not as cooked/entrenched as blue states.,2035331219680800963,,Natizzy21,en,,0,0,0,https://x.com/undefined/status/2035331219680800963,1683671902022139905,
2035310989139439938,Sat Mar 21 12:22:31 +0000 2026,4,@official_artms Blue Blood u are winning https://t.co/9CxOu1HVcL,2035331218703560838,https://pbs.twimg.com/media/HD7y9T5bYAAAcop.jpg,official_artms,en,,0,0,0,https://x.com/undefined/status/2035331218703560838,1588241892793323520,
2035331206234124748,Sat Mar 21 12:22:28 +0000 2026,0,ツイッター 必ず 帰って来いよ BYE-BYE-BLUE BIRD（ハイクオリティーTシャツ） https://t.co/nfQNqDn8cM,2035331206234124748,,,ja,,0,0,0,https://x.com/undefined/status/2035331206234124748,1084062071262666752,
2035008815284756762,Sat Mar 21 12:22:26 +0000 2026,1,@TrumpsHurricane well ... that depends really on whether blue haired nose ring fatties with akne are the only ones that deserve a one.... but how do you want to rate that with or without akne... still a one...but I can see the value of a burka now.... thanks!,2035331196138234351,,TrumpsHurricane,en,,0,0,1,https://x.com/undefined/status/2035331196138234351,1586296066328219648,
2035126166068027604,Sat Mar 21 12:22:18 +0000 2026,0,@TheCartoonBase Even her hand it was blue before now the other hand with red gloves do you think it means smth?,2035331164462862603,,TheCartoonBase,en,,0,0,0,https://x.com/undefined/status/2035331164462862603,1629163505684185088,
2034443183929618824,Sat Mar 21 12:22:14 +0000 2026,0,@yankeestadium @RocNation Jay-Z s entire career has embodied what it means to be a New Yorker. From the hustler on the corner to the businessman behind the Barclays Center everything he did reflected New York. Throughout it all he consistently wore a blue Yankees hat a symbol of his loyalty and pride,2035331147748569135,,yankeestadium,en,,0,0,0,https://x.com/undefined/status/2035331147748569135,77105664,
2035306643466920326,Sat Mar 21 12:22:14 +0000 2026,2,@GuntherEagleman Some of the blue strongholds would turn red.,2035331147303956602,,GuntherEagleman,en,,0,0,0,https://x.com/undefined/status/2035331147303956602,2001615512405426176,
2035331142182916276,Sat Mar 21 12:22:13 +0000 2026,0,Blue Archive kei modeling https://t.co/Ltowc5nxq1,2035331142182916276,https://pbs.twimg.com/media/HD7ytD1bIAAW3sH.jpg,,en,,0,0,0,https://x.com/undefined/status/2035331142182916276,1672615989366894592,
2035331140693938258,Sat Mar 21 12:22:13 +0000 2026,0,This feels like it can be a generational weekend! Let s will our boys on from all ends of the globe and in that damn stadium. Every pass every tackle every save every goal! Show those blue folk what a real football club is! #arsenal #afc #leaguecup #carabaocup https://t.co/YJ1gE7Vhg7,2035331140693938258,https://pbs.twimg.com/tweet_video_thumb/HD7y4Y9a0AAPoEh.jpg,,en,,0,0,0,https://x.com/undefined/status/2035331140693938258,862971938,
2035331135757042060,Sat Mar 21 12:22:12 +0000 2026,2,blue blood supremacy,2035331135757042060,,,en,,0,0,0,https://x.com/undefined/status/2035331135757042060,1268618267985358849,
2035331135668916527,Sat Mar 21 12:22:12 +0000 2026,0,nao gosto do gravity pq eu ia adorar blue blood mas anti-believe poderia alavancar a carreira delas por ser uma farofa nivel crazy nao gosto deles terem que lançar 1 e descartar as outras quando blue blood claramente deveria ser uma bside e anti-believe o single https://t.co/BjAcRsW3bc,2035331135668916527,https://pbs.twimg.com/media/HD7y4QGXAAAyDYs.jpg,,pt,,1,0,0,https://x.com/undefined/status/2035331135668916527,1264540000454049792,
2035259154588119376,Sat Mar 21 12:22:11 +0000 2026,0,@marjidofficial My Monthly Subscription Netflix Premium - 0 Starlink - 57 000 Prime Premium - 0 Electricity Bill - 0 (no light in the last 4 months) Water Bill - 0 Fuel (Car) - 0 Fuel ( Gen ) - 84 000 Car Maintenance - 0 X Blue Badge - 7 600 Instagram Blue Badge - 0 Telegram Premium - 0 Lunch,2035331134876270783,,marjidofficial,en,,0,0,0,https://x.com/undefined/status/2035331134876270783,1254406644479545344,
2035330970895978901,Sat Mar 21 12:22:10 +0000 2026,1,@hiyonaruP oh i can remove the blue guy alright. cause he'll be in my bed,2035331130740666869,,hiyonaruP,en,,0,2,0,https://x.com/undefined/status/2035331130740666869,1815365973593006080,
2035331129331388870,Sat Mar 21 12:22:10 +0000 2026,0,that s literally the point of the scene: Bubble (which probably isn t its real name) is the blue AI that was trained to BE BETTER THAN CAINE given that Caine was a SEMI-SUCCESSFUL prototype according to Kinger. https://t.co/5YmTB3g5zE,2035331129331388870,https://pbs.twimg.com/media/HD7y359aUAA4MUJ.jpg,,en,,0,0,0,https://x.com/undefined/status/2035331129331388870,1742411590924668928,
2035330853639946374,Sat Mar 21 12:22:08 +0000 2026,0,@TheCinesthetic Such beautiful blue eyes.,2035331120846324014,,TheCinesthetic,en,,0,0,0,https://x.com/undefined/status/2035331120846324014,1701661273060933632,
2035331109341565328,Sat Mar 21 12:22:05 +0000 2026,3,ディビジョン1 @1 div1 @1 進行iglできる人来てほしいです リフレします https://t.co/rDTJ5R7u6Y,2035331109341565328,https://pbs.twimg.com/media/HD7y2wJbgAA-B_i.png,,ja,,0,0,0,https://x.com/undefined/status/2035331109341565328,1784905640022020096,
2035291312103309396,Sat Mar 21 12:22:05 +0000 2026,0,@Goatciello Go for it just remember what the blue flag means,2035331106564653340,,Goatciello,en,,0,0,0,https://x.com/undefined/status/2035331106564653340,1558439318,
2035331102768771578,Sat Mar 21 12:22:04 +0000 2026,1,If you re a MAGA blue-collar worker driving 100+ miles a day you re basically destroyed. ,2035331102768771578,,,en,,0,0,0,https://x.com/undefined/status/2035331102768771578,144534195,
2035331099250094309,Sat Mar 21 12:22:03 +0000 2026,0,やばーい あんまりやってないじゃーん 誰かたーすけてぇ〜 https://t.co/mdHB2VUZvZ,2035331099250094309,https://pbs.twimg.com/media/HD7y2FxaQAAa_9i.jpg,,ja,,0,0,0,https://x.com/undefined/status/2035331099250094309,2557262096,
2035331089804189926,Sat Mar 21 12:22:01 +0000 2026,89,Hope this helps https://t.co/PO3mwjBB0e,2035331089804189926,https://pbs.twimg.com/ext_tw_video_thumb/2035331059626438656/pu/img/531mKlvQcv3O6cBE.jpg,,en,,0,9,3,https://x.com/undefined/status/2035331089804189926,1832457008068411392,
2035278941284667489,Sat Mar 21 12:21:59 +0000 2026,0,@matu20001225 Congratulations! I'm a blue player. I'd love to see your decklist.,2035331081206153702,,matu20001225,en,,0,0,0,https://x.com/undefined/status/2035331081206153702,1179181597137887233,
2035243398521582071,Sat Mar 21 12:21:56 +0000 2026,1,@bennyjohnson Every blue state refused and red states refused as well. How about your proof voter fraud first?,2035331070212604101,,bennyjohnson,en,,0,0,0,https://x.com/undefined/status/2035331070212604101,1526247662068056064,
2034898502401061246,Sat Mar 21 12:21:54 +0000 2026,0,@DrKarimWafa lol quite the pathetic made up typical nicker resume- so legit he uses this platform without a blue check,2035331062709277140,,DrKarimWafa,en,,0,0,0,https://x.com/undefined/status/2035331062709277140,1711761547251355648,
2019529663530594702,Sat Mar 21 12:21:53 +0000 2026,0,@abetancourt00 @Telefonica_Col @MintrabajoCol @MinjusticiaCo @petrogustavo Es verdad lo mismo me dicen a mi y no pagan deben salarios y liquidaciones. Por medio de un aliado llamado BLUE STAR estan dejando sin salario vital a los empleados. A mi no me quieren pagar y no me responden @MintrabajoCol @AntonioSanguino ayuda para que paguen lo que deben,2035331057076089068,,abetancourt00,es,,0,0,0,https://x.com/undefined/status/2035331057076089068,1816982305082159104,
2035330938436034706,Sat Mar 21 12:21:25 +0000 2026,1,Blue state Governors are giving voters a live demonstration of what happens under Democratic control: Tax everyone to oblivion and blow your hard earned money on benefits for vagrants and illegals.,2035330938436034706,,,en,,0,0,0,https://x.com/undefined/status/2035330938436034706,31185990,
2035327674256671142,Sat Mar 21 12:21:24 +0000 2026,8,@john322226 Small accounts with blue tick let s follow each other and engage each other I m fully active Let s bag this Elon money,2035330938385633629,,john322226,en,,0,5,0,https://x.com/undefined/status/2035330938385633629,1904637211104206851,
2035075441216655607,Sat Mar 21 12:21:24 +0000 2026,0,@Variety https://t.co/AjBuxu9vAP,2035330935625859273,https://pbs.twimg.com/media/HD7ysreaIAAyTtf.jpg,Variety,qme,,0,0,0,https://x.com/undefined/status/2035330935625859273,1720191356813930496,
2035327190758248894,Sat Mar 21 12:21:21 +0000 2026,0,@bigthelmzz Blue story,2035330922237644866,,bigthelmzz,en,,0,0,0,https://x.com/undefined/status/2035330922237644866,1159123384539762688,
2035007953229451646,Sat Mar 21 12:21:19 +0000 2026,0,@jdjimind @WatanbeKenji @misanderist https://t.co/9YuyS3wCje,2035330915115946340,https://pbs.twimg.com/tweet_video_thumb/HD7yrbeasAAdho3.jpg,jdjimind,qme,,0,0,0,https://x.com/undefined/status/2035330915115946340,1938896271378718720,
2035308834604949707,Sat Mar 21 12:21:17 +0000 2026,0,@nobiat1 @cuneytozdemir Aynen git şurdan touch blue al gel.,2035330908711006307,,nobiat1,tr,,0,0,0,https://x.com/undefined/status/2035330908711006307,2018621050032902144,
2035186117339718012,Sat Mar 21 12:21:14 +0000 2026,0,@ManLook75 @4ktreykim @clippedszn Why would Aidan publicly show the contract because wack100 asked? lol. Shouldn t wack and blue face have a copy? Why hadn t they produced it?,2035330893053595872,,ManLook75,en,,0,0,0,https://x.com/undefined/status/2035330893053595872,343787329,
2035330886212681976,Sat Mar 21 12:21:12 +0000 2026,1,If you vote Blue JOKE'S ON YOU!,2035330886212681976,,,en,,0,0,0,https://x.com/undefined/status/2035330886212681976,2002196929745465344,
2035330881880260692,Sat Mar 21 12:21:11 +0000 2026,1,mirror selfie with my dad's songkok with my sullyoon songkok pc what is up i've been waiting to do this since blue valentine dropped https://t.co/H24slYQske,2035330881880260692,https://pbs.twimg.com/media/HD7yodvbcAA7egU.jpg,,en,,0,0,0,https://x.com/undefined/status/2035330881880260692,737672016610787331,
2035330858484134348,Sat Mar 21 12:21:05 +0000 2026,0,Keep the blue light please,2035330858484134348,,,en,,0,0,0,https://x.com/undefined/status/2035330858484134348,1093691353282826242,
2035085586470773031,Sat Mar 21 12:21:05 +0000 2026,0,@21WIRE And that now clears the way for the 3rd Temple.... Blue on blue = Planning permission!,2035330856567419140,,21WIRE,en,,0,0,0,https://x.com/undefined/status/2035330856567419140,763077879785725953,
2035330839144263849,Sat Mar 21 12:21:01 +0000 2026,0,https://t.co/g4tI2XCX9q https://t.co/R2yMZuDbgI,2035330839144263849,https://pbs.twimg.com/media/HD7yml5XUAAr0DZ.jpg,,zxx,,0,0,0,https://x.com/undefined/status/2035330839144263849,1379489295539527687,
2035245420214198650,Sat Mar 21 12:21:00 +0000 2026,0,@Rithika_kaur Blue,2035330836808302926,,Rithika_kaur,en,,0,0,0,https://x.com/undefined/status/2035330836808302926,1814688276252405760,
2035330825387233484,Sat Mar 21 12:20:58 +0000 2026,0,乞食は寄ってこないでねー,2035330825387233484,,,ja,,0,0,0,https://x.com/undefined/status/2035330825387233484,976450888314179585,
2035323491340202014,Sat Mar 21 12:20:54 +0000 2026,0,@metoffice Would be clearer skies if they stopped with the chemtrails that have turned the blue sky here white!,2035330811843449117,,metoffice,en,,0,0,0,https://x.com/undefined/status/2035330811843449117,207197992,
2035330805799801056,Sat Mar 21 12:20:53 +0000 2026,0,Guys tawarin preloved kacamata Haechan dong yang Andy Flesh dari Blue Elephant itu kalau bisa sih yang old version.,2035330805799801056,,,in,,0,0,0,https://x.com/undefined/status/2035330805799801056,1897048576838262787,
2035330788179271681,Sat Mar 21 12:20:49 +0000 2026,0,So blue. https://t.co/VgvIM1pfuP,2035330788179271681,https://pbs.twimg.com/media/HD7ykOIW4AA7ctM.jpg,,en,,0,0,0,https://x.com/undefined/status/2035330788179271681,1694002079319412736,
2035330785100587107,Sat Mar 21 12:20:48 +0000 2026,5,🇬🇧 ENGLAND KIT UPDATED WITH HAPPY AND GLORIOUS SLOGAN England s football team has replaced the purple blue and red cross on its World Cup kit with the words happy and glorious. https://t.co/YGG6Ec9XHd,2035330785100587107,https://pbs.twimg.com/media/HD7ykFuWIAARTjj.jpg,,en,,0,1,2,https://x.com/undefined/status/2035330785100587107,1861508941475127296,
2035295023298916456,Sat Mar 21 12:20:47 +0000 2026,0,@boAtSupport1 Ok then proceed for Airdopes 191 ANC Blue,2035330781938393222,,boAtSupport1,en,,0,1,0,https://x.com/undefined/status/2035330781938393222,846372711278563328,
2035330776787521965,Sat Mar 21 12:20:46 +0000 2026,15,Podríamos estar todo el día haciendo chistes de algunos corredores de la Tenerife Blue Trail pero con unos basta: La inteligencia les persigue pero ellos son más rápidos ‍️,2035330776787521965,,,es,,0,0,2,https://x.com/undefined/status/2035330776787521965,259379776,
2035330775281983814,Sat Mar 21 12:20:46 +0000 2026,0,Now turn ulit ng mga garapatas kabahan sa tams. Lfg gold n blue!!,2035330775281983814,,,tl,,0,0,0,https://x.com/undefined/status/2035330775281983814,1142829556778356737,
2035278512958181646,Sat Mar 21 12:20:44 +0000 2026,0,@BrianAtlas Blue light special!,2035330767392485635,,BrianAtlas,en,,0,0,0,https://x.com/undefined/status/2035330767392485635,1823158134443036673,
2035284483222491377,Sat Mar 21 12:20:43 +0000 2026,0,@AdinUpdate Nah blue better not take that 60% take them to court they back peddling,2035330764821418455,,AdinUpdate,en,,0,0,0,https://x.com/undefined/status/2035330764821418455,2029207154021023744,
2035070567850684685,Sat Mar 21 12:20:42 +0000 2026,0,@w_terrence He killed 2 police officers what do you want him to get a blue Peter badge,2035330759297220825,,w_terrence,en,,0,0,0,https://x.com/undefined/status/2035330759297220825,1797782477131423744,
2035330731078304157,Sat Mar 21 12:20:37 +0000 2026,0,BLUE https://t.co/vljW17oUF8 https://t.co/DsLZjOow6m https://t.co/SIKwUeaxMj,2035330739043193065,https://pbs.twimg.com/media/HD7yhUJbEAENqoU.jpg,strbrysmths,en,,0,1,0,https://x.com/undefined/status/2035330739043193065,1689767785294188549,
2035330710412607863,Sat Mar 21 12:20:30 +0000 2026,0,Alert: Vehicle Crash with Roadblock Location: N Blue Angel Pkwy &amp; Mobile Hwy Pensacola Escambia County Remark: Crash With Road Block . Drive With Caution Reported: 8:15 AM Coordinates: 30.4870707729469 -87.3163717729182 https://t.co/2wQaYUMTek,2035330710412607863,https://pbs.twimg.com/media/HD7yWnnWcAAuJ4B.jpg,,en,,0,0,0,https://x.com/undefined/status/2035330710412607863,1421325514061582337,
2035330703798186126,Sat Mar 21 12:20:29 +0000 2026,0,Η διεθνώς αναγνωρισμένη τραγουδίστρια #AlissaWhiteGluz επιστρέφει με το νέο τραγούδι Checkmate με την μπάντα της #BlueMedusa παρουσιάζοντας μια σημαντική εξέλιξη τόσο στον ήχο όσο και στη δημιουργική της ταυτότητα. https://t.co/i92GJAIIWy,2035330703798186126,,,el,,0,0,0,https://x.com/undefined/status/2035330703798186126,337001800,
2034460284723810405,Sat Mar 21 12:20:27 +0000 2026,0,@gofishh77 Bonnie blue had her baby?,2035330697347400144,,gofishh77,en,,0,0,0,https://x.com/undefined/status/2035330697347400144,1584331159022059521,
2035330694180647108,Sat Mar 21 12:20:26 +0000 2026,2,I ll be selecting 5 lucky winners after today s match and covering their blue ticks! Keep following and engaging with my tweets. See you after the game!,2035330694180647108,,,en,,0,1,0,https://x.com/undefined/status/2035330694180647108,1759892228644769794,
2035321974902431808,Sat Mar 21 12:20:26 +0000 2026,1,@marro_n_bones omg u makan steak blue kah ?????,2035330691966382564,,marro_n_bones,en,,0,1,0,https://x.com/undefined/status/2035330691966382564,1125645815484051457,
2035330691336958198,Sat Mar 21 12:20:26 +0000 2026,0,This! So still have compassion. Some people are living out their cars if they can afford one. We are all humans and neighbors in this pale blue dot.,2035330691336958198,,,en,,0,1,0,https://x.com/undefined/status/2035330691336958198,77673326,
2035330689822835053,Sat Mar 21 12:20:25 +0000 2026,1,Love the way he rushes out to greet his beloved fans after seeing the sea of blue .. Even rolling down his car window to wave at them. Not many celebrities will do that after a long evening.. #ZhouShen #周深,2035330689822835053,,,en,,0,0,0,https://x.com/undefined/status/2035330689822835053,1632410311423668225,
2035265709945630821,Sat Mar 21 12:20:23 +0000 2026,0,@Gladys007003 ANGEL JB SMITH. BLUE AIVA https://t.co/RR0ZJHsXI0,2035330680578613532,https://pbs.twimg.com/media/HD7yd06a4AAZiR8.jpg,Gladys007003,en,,0,0,0,https://x.com/undefined/status/2035330680578613532,495166725,
2035016247281438761,Sat Mar 21 12:20:23 +0000 2026,0,@noorhaya_03 Blue,2035330678724706548,,noorhaya_03,en,,0,0,0,https://x.com/undefined/status/2035330678724706548,3331133525,
2035330667358093711,Sat Mar 21 12:20:20 +0000 2026,0,Mar21 1961 The Beatles have their 1st evening show at The Cavern Club supporting The Swinging Blue Jeans. Owner Ray McFall; the Blue Jeans were upset saying Beatles didn t have musical talent weren t clean fresh or organized ... McFall; if the place is full then more will be https://t.co/jbiZT10J0x,2035330667358093711,https://pbs.twimg.com/media/HD7yQqmXgAA1nIz.jpg,,en,,0,0,0,https://x.com/undefined/status/2035330667358093711,528138588,
2034424603959836782,Sat Mar 21 12:20:20 +0000 2026,0,@RhysCarefree Lad you pay for a blue tick,2035330667156832598,,RhysCarefree,en,,0,0,0,https://x.com/undefined/status/2035330667156832598,503363487,
2034975131051991192,Sat Mar 21 12:20:17 +0000 2026,0,@RoccobullboTTom Drawing a blue arrow copy-pasting it higher and calling for $6k is a beautiful piece of modern art but it has zero quantitative edge. Markets do not scale based on static geometric rectangles; they scale on liquidity and volatility expansion. Assuming a market will repeat an,2035330656511631434,,RoccobullboTTom,en,,0,0,0,https://x.com/undefined/status/2035330656511631434,2017999289616633856,
2035330655018709460,Sat Mar 21 12:20:17 +0000 2026,0, wts lfb zerobaseone zb1 hanbin jiwoong zhanghao matthew taerae ricky gyuvin gunwook yujin ️ youth in the shade melting point you had me at hello cinema blue paradise never say never icon 2023 fancon digipack group version ver 양도 wtb photocard pob pc sealed unsealed album,2035330655018709460,,,en,,0,0,0,https://x.com/undefined/status/2035330655018709460,1178942096268357632,
2035293434752205119,Sat Mar 21 12:20:16 +0000 2026,0,@PaulSorrentino3 I know you get a lot of flak insults and blowback for the Blue MAGA crowd. You say the truth and their heads explode. Be strong keep it up.,2035330649440096524,,PaulSorrentino3,en,,0,0,0,https://x.com/undefined/status/2035330649440096524,856251290,
2035118714442416522,Sat Mar 21 12:20:15 +0000 2026,0,@PressSec https://t.co/Dc1hL221tn,2035330647611355309,https://pbs.twimg.com/media/HD7ybwybAAAwoWf.jpg,PressSec,qme,,0,0,0,https://x.com/undefined/status/2035330647611355309,833402240241065984,
2035330541155692979,Sat Mar 21 12:19:50 +0000 2026,67,Blue cheese or Ranch? https://t.co/pAYUozNk2m,2035330541155692979,https://pbs.twimg.com/media/HD7yV1JXkAAsSTL.jpg,,en,,6,15,7,https://x.com/undefined/status/2035330541155692979,1786413884473008128,
2035027764374335511,Sat Mar 21 12:19:44 +0000 2026,0,@LHibAlt i wish that style also worked for his secondary style and the blue parts were also white too like the OG silver one,2035330517223068119,,LHibAlt,en,,0,0,0,https://x.com/undefined/status/2035330517223068119,1914747634717483009,
2035330515666944333,Sat Mar 21 12:19:44 +0000 2026,0,you wey buy blue tick still useless in 1000 ways yariba body armpit odour beggars,2035330515666944333,,,en,,0,0,0,https://x.com/undefined/status/2035330515666944333,1994658371828629504,
2035310461596409969,Sat Mar 21 12:19:43 +0000 2026,1,@PokeDailyPost Whichever one has Flareon so blue.,2035330514559627599,,PokeDailyPost,en,,0,0,0,https://x.com/undefined/status/2035330514559627599,1616833491240620033,
2035330512278143212,Sat Mar 21 12:19:43 +0000 2026,0,ayeee another brown and blue combination https://t.co/51QKdQrvG6,2035330512278143212,https://pbs.twimg.com/media/HD7yUGOaMAA_Wy-.jpg,,en,,0,1,0,https://x.com/undefined/status/2035330512278143212,1369923452757368832,
2035330507219878200,Sat Mar 21 12:19:42 +0000 2026,0,Hey @shopyvision what's with #baitandswitch and then #ghosting? Ordered a blue Nokia 3210 and received one in black. Your customer care says drop a mail and on dropping a mail your cc says you reserve the right to deliver any colour you so desire. And the stopped responding to,2035330507219878200,,,en,,0,0,0,https://x.com/undefined/status/2035330507219878200,1867955925090250752,
2035330494762492057,Sat Mar 21 12:19:39 +0000 2026,0,Where's your blue tick,2035330494762492057,,,en,,0,0,0,https://x.com/undefined/status/2035330494762492057,538049255,
2035281822997696997,Sat Mar 21 12:19:38 +0000 2026,0,@damian_iwuoha @Varticoo The standard X Premium (blue tick) tier in Nigeria has been ₦3 650/month on web pricing since around 2023 (slightly lower at ₦3 560 back then). The ~₦3 800 figure includes app fees/tax same as now. No recent change for basic verified access. (Premium+ is the one that jumped to,2035330493529444374,,damian_iwuoha,en,,0,0,0,https://x.com/undefined/status/2035330493529444374,1720665183188922368,
2035141484102770882,Sat Mar 21 12:19:34 +0000 2026,1,@0xHarryNguyenVN @Test_Sprite @ayush17_08 It's Tailwind CSS v4 + shadcn/ui components (custom retro theme with pastel grid bg thick black borders yellow/blue/green accents). Repo confirms: https://t.co/HX7Gs84JQF,2035330476911542328,,0xHarryNguyenVN,en,,0,0,0,https://x.com/undefined/status/2035330476911542328,1720665183188922368,
2035321295429107825,Sat Mar 21 12:19:32 +0000 2026,3,@GhostingCrows Honestly it's pretty much reflected on his awakened design bright golden and blinding white design yet only cast just a smidge of blue behind i dont like the design but it objectively kinda reflects how narrow (for the lack of better term) his idea of compassionate is,2035330465935298929,,GhostingCrows,en,,0,0,0,https://x.com/undefined/status/2035330465935298929,1636983254397091841,
2035330448805577010,Sat Mar 21 12:19:28 +0000 2026,0,Maybe zen ll follow me to out of the blue someday. I feel bad I can t catch her streams all the time cos timezones but she s a very cool person regardless.,2035330448805577010,,,en,,0,0,0,https://x.com/undefined/status/2035330448805577010,1991567321098547201,
2035314982934790585,Sat Mar 21 12:19:28 +0000 2026,1,@sereinyunjin good evening blue ! ‍↕️,2035330447945945114,,sereinyunjin,en,,0,1,0,https://x.com/undefined/status/2035330447945945114,1487372351239262210,
2035325814502457647,Sat Mar 21 12:19:25 +0000 2026,0,@soulfts Rouge sky blue rose pumpkin mossy moss blueberry babybel wrapper,2035330435597975617,,soulfts,en,,0,0,0,https://x.com/undefined/status/2035330435597975617,1698061937618378752,
2035330434343587956,Sat Mar 21 12:19:24 +0000 2026,0,403 bandee 115 kotail blue 530 starglow 137 karma police E/w 225 heltenham 225 prairie wolf 130 captain butler 143 tuscan point 630 king of carnival 423 diamond white 438 fahrenheit seven https://t.co/sf4LsqnDAE,2035330434343587956,https://pbs.twimg.com/tweet_video_thumb/HD7yPRFXkAEalgy.jpg,,en,,0,0,0,https://x.com/undefined/status/2035330434343587956,204732232,
2035330426089411070,Sat Mar 21 12:19:22 +0000 2026,6,#佐野元春 &amp; THE COYOTE BAND 45周年アニバーサリー・ツアー・ファイナル ひとつのバンドがツアーを通じて育っていくのを久しぶりに目の当たりにした。アンコールで会場を満たした演奏の気は凄まじく素晴らしかった。最後の挨拶でバンド名を間違えるお茶目な幕切れも含め、すべてが完璧なフィナーレ！ https://t.co/N6dGFasHwq,2035330426089411070,https://pbs.twimg.com/media/HD7yO3IaoAAj_At.jpg,,ja,,0,0,0,https://x.com/undefined/status/2035330426089411070,249683635,
2035330421924491360,Sat Mar 21 12:19:21 +0000 2026,0,martini blue,2035330421924491360,,,en,,0,0,0,https://x.com/undefined/status/2035330421924491360,2015316779011358720,
2035076408909963624,Sat Mar 21 12:19:20 +0000 2026,0,@Matt_Pinner Blue,2035330414248706358,,Matt_Pinner,en,,0,0,0,https://x.com/undefined/status/2035330414248706358,403092460,
2034646290638713167,Sat Mar 21 12:19:20 +0000 2026,1,@Minecraft Either Aether gets added because of the Swet (blue slime) or we get an end slime called Void Cube or something with Void in the name,2035330414240235978,,Minecraft,en,,0,0,0,https://x.com/undefined/status/2035330414240235978,1723477822180667392,
2035330409341346137,Sat Mar 21 12:19:18 +0000 2026,0,taki is so blue sun coded full of bright energy and positivity,2035330409341346137,,,en,,0,0,0,https://x.com/undefined/status/2035330409341346137,1880381559062294529,
2035330408091705402,Sat Mar 21 12:19:18 +0000 2026,0,⌗ wts lfb nct dream 127 mark haechan bulgasari rem star keychain 9cm blue fanmade plush starfish keyring ph,2035330408091705402,,,en,,0,0,0,https://x.com/undefined/status/2035330408091705402,1547491270234296320,
2035106267195482597,Sat Mar 21 12:19:17 +0000 2026,0,@JohnathonTrick @datingbyblaine no. we dont want blue haired nose ring wearing protesters nor do we want MAGA maniacs,2035330405360918836,,JohnathonTrick,en,,0,1,0,https://x.com/undefined/status/2035330405360918836,219522509,
2035330381004632219,Sat Mar 21 12:19:12 +0000 2026,1,Our 7 BTS IS BACK https://t.co/TWLLbLoD09,2035330381004632219,https://pbs.twimg.com/media/HD7yMD0bMAAXl6a.jpg,,en,,0,0,0,https://x.com/undefined/status/2035330381004632219,1405369896322674690,
2035141456873337300,Sat Mar 21 12:19:11 +0000 2026,0,@viru_5050 𝐁𝐋𝐔𝐄.,2035330379024932912,,viru_5050,en,,0,0,0,https://x.com/undefined/status/2035330379024932912,587287010,
2035304536462492071,Sat Mar 21 12:19:09 +0000 2026,0,@abdullahayofel Blue tick for 5. That might be a turning point for them ,2035330372116852983,,abdullahayofel,en,,0,0,0,https://x.com/undefined/status/2035330372116852983,540371134,
2035301493289504930,Sat Mar 21 12:19:09 +0000 2026,0,@YozgattanGelen 1 5 tdci eco blue focus alır yolumuza bakarız,2035330371672211529,,YozgattanGelen,tr,,0,0,0,https://x.com/undefined/status/2035330371672211529,2004576771359064064,
2035330345374277957,Sat Mar 21 12:19:03 +0000 2026,2,ANA Blue Hangar Tour ３階デッキからの撮影ですが自分の目線の高さに尾翼がある。その他、エンジンを間近で見ることが出来たりジャッキ類を見学したり、引退したドルフィンも庫内にいました。ガイドさんの飛行機にまつわるクイズもあったりと楽しい時間でした。（4/4） ANA広報様より掲載承諾済 https://t.co/UszCwWsS0r,2035330345374277957,https://pbs.twimg.com/media/HD7ws_waQAAwL4K.jpg,,ja,,0,0,0,https://x.com/undefined/status/2035330345374277957,742991156192153600,
2035330344652796240,Sat Mar 21 12:19:03 +0000 2026,0, One could suspect that such outrageous claims are meant to cause economic harm * Opinion Blue Origin applies to launch 51 000 datacenter satellites The Register https://t.co/qA47LQbxyk,2035330344652796240,,,en,,0,0,0,https://x.com/undefined/status/2035330344652796240,2793868223,
2035188529483874349,Sat Mar 21 12:19:03 +0000 2026,0,@bustNmove You only spend money monthly to a billionaire for a blue tick for a broken free app ran by a paedophile,2035330344291897588,,bustNmove,en,,0,1,0,https://x.com/undefined/status/2035330344291897588,215434317,
2035330344208224650,Sat Mar 21 12:19:03 +0000 2026,0,セッションズ https://t.co/W4pW1cTW6j,2035330344208224650,,,ja,,0,0,0,https://x.com/undefined/status/2035330344208224650,1614981662953345024,
2019529663530594702,Sat Mar 21 12:19:02 +0000 2026,0,@Telefonica_Col Oye @Telefonica_Col paga el salario y liquidaciones que debes a tus empleados por medio de tu aliado BLUE STAR. tienen familias afectadas gente con 3 meses y mas esperando el salario vital. No sean descarados ¿es que acaso no piensas pagar? BLUE STAR no esta pagando salarios,2035330342144319985,,Telefonica_Col,es,,0,0,0,https://x.com/undefined/status/2035330342144319985,1816982305082159104,
2035330325069594951,Sat Mar 21 12:18:58 +0000 2026,0,Duke vs Siena starting soon. If Duke doesn't win by 30 my bracket is toast. No pressure Blue Devils,2035330325069594951,,,en,,0,0,0,https://x.com/undefined/status/2035330325069594951,1611625685902049282,
2034246865005473882,Sat Mar 21 12:18:57 +0000 2026,0,@stufflistings B.Blitz Blue #winGalaxyM17e #SamsungGalaxyM17e,2035330321487720953,,stufflistings,en,,0,0,0,https://x.com/undefined/status/2035330321487720953,2572271892,
2034971216625188947,Sat Mar 21 12:18:56 +0000 2026,1,@EBluemountain1 @Coffee4Life365 @freejdvfl @HerUnpopular @NavyMooseCCNA @JudeanRebel @logicForAll_ @alexmenachin @benzeev1948 @yankeedoodlere2 @dcmason86 @weinzilla69 @3orangeballoons @Adi13 @FranDeMario2 @ariel_sand10143 @Goyionist @luckaged @michaelzeee @SavtaSammi Much love Blue.,2035330316869484836,,EBluemountain1,en,,0,0,0,https://x.com/undefined/status/2035330316869484836,1739072066073108481,
2035330316211278247,Sat Mar 21 12:18:56 +0000 2026,0,https://t.co/yDqgbTdFcJ,2035330316211278247,https://pbs.twimg.com/amplify_video_thumb/2035328540946915328/img/wRGaD-m-uNBVTjvz.jpg,,zxx,,0,0,0,https://x.com/undefined/status/2035330316211278247,904205315662536704,
2034992962891874549,Sat Mar 21 12:18:53 +0000 2026,0,@clinton_emirate Her father is Japanese her mother Chinese but she was born in Korea. When she was 6 months old they moved to Brazil living in a native tribe that taught her how to tint her nails in blue color.,2035330303258972266,,clinton_emirate,en,,0,0,0,https://x.com/undefined/status/2035330303258972266,1761162148707741696,
2035330295910560070,Sat Mar 21 12:18:51 +0000 2026,1,blue meth https://t.co/OU3jzp0JDh,2035330295910560070,https://pbs.twimg.com/media/HD7yGX5WgAEJOeS.jpg,,en,,0,0,0,https://x.com/undefined/status/2035330295910560070,1589278585474498563,
2035330292647448606,Sat Mar 21 12:18:51 +0000 2026,0,https://t.co/65gyr3fTtf,2035330292647448606,https://pbs.twimg.com/tweet_video_thumb/HD7yHBCW8AEP0Kl.jpg,,zxx,,0,0,0,https://x.com/undefined/status/2035330292647448606,262850630,
2035286293580808611,Sat Mar 21 12:18:48 +0000 2026,0,@MedicKnowledgeX G-spot? More like ghost-spot my fingers been searching for 3 years and still got blue-balled by anatomy,2035330282623205885,,MedicKnowledgeX,en,,0,0,0,https://x.com/undefined/status/2035330282623205885,1987539237110214656,
2035320411131641928,Sat Mar 21 12:18:47 +0000 2026,0,@TarriPohalover Blue tick,2035330276017180831,,TarriPohalover,en,,0,0,0,https://x.com/undefined/status/2035330276017180831,1218578820275376128,
2035290060091007377,Sat Mar 21 12:18:43 +0000 2026,0,@InsideHindustan BLUE,2035330262528036914,,InsideHindustan,en,,0,0,0,https://x.com/undefined/status/2035330262528036914,1997613184908492801,
2035330243943375358,Sat Mar 21 12:18:39 +0000 2026,0,알티 부탁드리겠습니다!,2035330243943375358,,,ko,,0,0,0,https://x.com/undefined/status/2035330243943375358,1931010142956580864,
2035330242441859334,Sat Mar 21 12:18:39 +0000 2026,0,A twink on twitter with 2k followers and blue tick really thinks he's some shit and dumb people liking this also think they are the shit,2035330242441859334,,,en,,0,0,0,https://x.com/undefined/status/2035330242441859334,890288446429966337,
2035330241921761448,Sat Mar 21 12:18:38 +0000 2026,5,4/9の #ブルリグ 。 ꒰ঌ┈┈┈┈┈┈┈┈┈┈໒꒱ 4月平日も一緒に ブルリグ。と熱い時間過ごして欲しい！！！ 『BRIGHT FUTURE IDOL Vol.2』️‍ 新宿Zirco Tokyo 前方¥4 000/一般¥2 000 16:30~ 16:50~(B) ⭐️ [指名]ブルリグくじ ️https://t.co/rWgKPT2ELH,2035330241921761448,,,ja,,0,0,4,https://x.com/undefined/status/2035330241921761448,3537777673,
2035330236225568910,Sat Mar 21 12:18:37 +0000 2026,0,Mayurbhanj Biological Research (MBR) joins in - Blue Community https://t.co/JR1ae9PZnY,2035330236225568910,,,en,,0,0,2,https://x.com/undefined/status/2035330236225568910,48457183,
2035321253205098682,Sat Mar 21 12:18:37 +0000 2026,1,@dropoflavender1 and it s blue+yellow=green ,2035330234539446513,,dropoflavender1,en,,0,1,0,https://x.com/undefined/status/2035330234539446513,1987277131102232576,
2035330211118538880,Sat Mar 21 12:18:31 +0000 2026,0,WILL YOU COLOR ME RED? WILL YOU COLOR ME BLUE?,2035330211118538880,,,en,,0,0,0,https://x.com/undefined/status/2035330211118538880,2867855071,
2035163513711214938,Sat Mar 21 12:18:31 +0000 2026,0,@mattvanswol Blue city,2035330209692426602,,mattvanswol,en,,0,0,0,https://x.com/undefined/status/2035330209692426602,948331795,
2035311249169240352,Sat Mar 21 12:18:30 +0000 2026,0,@abdullahayofel @Muhammed583357 How much is this blue tick .,2035330207540720102,,abdullahayofel,en,,0,0,0,https://x.com/undefined/status/2035330207540720102,475029702,
2035320771166572743,Sat Mar 21 12:18:30 +0000 2026,1,@TaraGreenz Periya blue tick id Tara . Unaka ippadi. Sari ok welcome . Follow pannu,2035330207117435292,,TaraGreenz,tl,,0,0,0,https://x.com/undefined/status/2035330207117435292,969242043636621314,
2035330203505856766,Sat Mar 21 12:18:29 +0000 2026,2,yeah because you are a clout chasing blue tick you don t care about our success. You just care about interactions from rival fans.,2035330203505856766,,,en,,0,0,0,https://x.com/undefined/status/2035330203505856766,2965209323,
2035330175525847371,Sat Mar 21 12:18:23 +0000 2026,0,The grandma's blue porcelain bowl from my memories still taps gently on my temple even its forgetting feels deliberately tender ️ ,2035330175525847371,,,en,,0,0,0,https://x.com/undefined/status/2035330175525847371,1616603149,
2035330163366338715,Sat Mar 21 12:18:20 +0000 2026,1,Life's too short to be waiting on Rockstar ️ #DeclasseStallion #FiveM #GTA5 https://t.co/gS8kE36khx,2035330163366338715,https://pbs.twimg.com/media/HD7x_uHaYAAwe_5.jpg,,en,,0,0,0,https://x.com/undefined/status/2035330163366338715,1674863706201546765,
2035146173049176444,Sat Mar 21 12:18:19 +0000 2026,0,@Steven_chris0 Blue,2035330158605811872,,Steven_chris0,en,,0,0,0,https://x.com/undefined/status/2035330158605811872,1656213357744074753,
2035330157175824542,Sat Mar 21 12:18:18 +0000 2026,1,Pierrot is a big fan of blue color Ig. Both Rasengan and Getsuga Tenshou are yellow in the manga but Pierrot turned them blue in the anime. It's not bad tbh but confusing to anime onlys,2035330157175824542,,,en,,0,0,0,https://x.com/undefined/status/2035330157175824542,1720756957898813440,
2035330156823228527,Sat Mar 21 12:18:18 +0000 2026,0,Roses are red Violets are blue Where are my views,2035330156823228527,,,en,,0,0,0,https://x.com/undefined/status/2035330156823228527,2034825289243484160,
2035330155204231417,Sat Mar 21 12:18:18 +0000 2026,0,The sun shimmered on the vast blue ocean. A small fishing boat named The Wanderer bobbed gently on the waves. Aboard were two fishermen old friends both weathered by years of sun and sea.,2035330155204231417,,,en,,0,0,0,https://x.com/undefined/status/2035330155204231417,1654685017002442755,
2035330152020795702,Sat Mar 21 12:18:17 +0000 2026,0,We gone beef im Joshua lamar with blue affiliated like u ima be in that hoe tho,2035330152020795702,,,en,,0,0,0,https://x.com/undefined/status/2035330152020795702,1982982897738088448,
2035330149613228056,Sat Mar 21 12:18:16 +0000 2026,0,2026.03.22(日) 〜seaside us　Presents〜 「SEASIDE BLUE」DAY.2 OPEN 15:00 / START 15:30 前売 ¥2 500 当日¥3 000 (別途1Drink¥700) -出演- No Mad Magolor No Time To Die Under Rock ECHOS Hitchhike Exentrick Circus 黎賭 seaside us チケット予約はこちらから https://t.co/134SNnOqBB https://t.co/yrd8KPLoBA,2035330149613228056,https://pbs.twimg.com/media/HD7x_CnWEAAUxgA.jpg,,ja,,0,0,0,https://x.com/undefined/status/2035330149613228056,923975269,
2035330146929090887,Sat Mar 21 12:18:16 +0000 2026,4,ju and his beef with the 1 year old egg tart/ mosquito repellent/ blue blob JUNIORMARK AT SUMMER THE MALL BANGKAE #THEMALLSUMMER2026xJUNIORMARK https://t.co/fjbewlzmmO,2035330146929090887,https://pbs.twimg.com/ext_tw_video_thumb/2035300102265602048/pu/img/yibO22uwLCNoKvCO.jpg,,en,,0,0,2,https://x.com/undefined/status/2035330146929090887,1423657811603431425,
2035330146207424516,Sat Mar 21 12:18:16 +0000 2026,41,GAME UPDATES: #EnterpriseCup2026 FT at Ask Show Grounds Nakuru. #KCBKOBs 13:29 @Nondies Tough luck lads you left everything out on the pitch heart grit and pride in blue. #PoetryInMotion | #BlueArmy https://t.co/LNkmZjVKSB,2035330146207424516,https://pbs.twimg.com/media/HD7x-iAWsAAf0OF.jpg,,en,,4,1,9,https://x.com/undefined/status/2035330146207424516,712805675,
2035330141761445977,Sat Mar 21 12:18:15 +0000 2026,6,Loss for Texas A&amp;M was its first at Blue Bell Park this year (were 14-0).,2035330141761445977,,,en,,0,1,1,https://x.com/undefined/status/2035330141761445977,25423327,
2033894966120866008,Sat Mar 21 12:18:13 +0000 2026,0,@marcidmeow Blue,2035330134451077381,,marcidmeow,en,,0,0,0,https://x.com/undefined/status/2035330134451077381,2028510621751447552,
2035327674256671142,Sat Mar 21 12:18:09 +0000 2026,2,@john322226 Pride will finish us . All the blue ticks account I followed yesterday and unfollowed me last night. God de watch Una oooooo,2035330116687933888,,john322226,en,,0,0,0,https://x.com/undefined/status/2035330116687933888,1317112227229466626,
2035330106760057232,Sat Mar 21 12:18:06 +0000 2026,3,Vote in today s round for Jun s white Loco costume! Let s get this gorgeous costume through to the end!!(his blue RIYBE costume didn t make the cut yesterday ),2035330106760057232,,,en,,0,0,0,https://x.com/undefined/status/2035330106760057232,1751671365613068288,
2035330101827838014,Sat Mar 21 12:18:05 +0000 2026,51,OFFICIAL ANNOUNCEMENT: HEATH WAVERS LIGHTSTICK PRE-ORDER STATUS DEAREST HEATH WAVERS We would like to formally announce that PRE-ORDERING FOR THE HEATH WAVERS OFFICIAL LIGHTSTICK REMAINS OPEN. To give everyone more time to join the BLUE WAVE we are officially EXTENDING THE https://t.co/qVpNyLMzfI,2035330101827838014,https://pbs.twimg.com/media/HD7x7zYaMAABUVc.jpg,,en,,0,0,27,https://x.com/undefined/status/2035330101827838014,1979572602617331712,
2035310461596409969,Sat Mar 21 12:18:05 +0000 2026,3,@PokeDailyPost Blue pill easily ,2035330100460236872,,PokeDailyPost,en,,0,0,0,https://x.com/undefined/status/2035330100460236872,1886750531806273536,
2035330093804138918,Sat Mar 21 12:18:03 +0000 2026,1,keep voting for Blue Blood bring back 2016!!!!!!!!!!!!!!,2035330093804138918,,,en,,0,0,0,https://x.com/undefined/status/2035330093804138918,1406637770714480643,
2035330091966689699,Sat Mar 21 12:18:03 +0000 2026,13,Happy Saturday! ️ My Father Blue Robusto cigar. https://t.co/2RcpcOmRop,2035330091966689699,https://pbs.twimg.com/media/HD7x7WlXEAA9Vrb.jpg,,en,,0,1,0,https://x.com/undefined/status/2035330091966689699,1216452482869735425,
2035330085167775982,Sat Mar 21 12:18:01 +0000 2026,0,I Need 8 dunks Today Thank you @umichbball Play together Win together Go Blue from Troy https://t.co/1yldjZDIYm,2035330085167775982,https://pbs.twimg.com/tweet_video_thumb/HD7x7BuaMAADUFi.jpg,,en,,0,0,0,https://x.com/undefined/status/2035330085167775982,1030578828,
2035327557936226513,Sat Mar 21 12:18:00 +0000 2026,1,@JayJay91341991 @PaulineHansonOz @abcnews It s like a repeat of the federal election ON style. This time the orange right beat up the blue right. Labor scores its biggest win in history.,2035330081305121172,,JayJay91341991,en,,0,0,0,https://x.com/undefined/status/2035330081305121172,1812039415851876352,
2034824678024638586,Sat Mar 21 12:18:00 +0000 2026,0,@elonmusk https://t.co/j3ZFfN54M9,2035330080163983637,https://pbs.twimg.com/media/HD7x6zdaQAAYc0x.jpg,elonmusk,qme,,0,0,0,https://x.com/undefined/status/2035330080163983637,833402240241065984,
2035311249169240352,Sat Mar 21 12:17:58 +0000 2026,0,@abdullahayofel Blue tick,2035330073570468005,,abdullahayofel,en,,0,0,0,https://x.com/undefined/status/2035330073570468005,1570877111040106496,
2035118468983300557,Sat Mar 21 12:17:57 +0000 2026,0,@TheFloridaMike Nope. He'd be slightly better than Rand Paul and the RINOs though. He's a true blue classic democrat and votes that way. He's different from his current party in that he can still vote based on individual thought and reason. He's not radical like most D's.,2035330069220954247,,TheFloridaMike,en,,0,0,0,https://x.com/undefined/status/2035330069220954247,896193618821521409,
2035287970509414810,Sat Mar 21 12:17:56 +0000 2026,0,@MattCas04807118 @premium This shit stinks mate I've been crucified for months now so when the time comes to renew my blue tick they can fuck right off got better visibility without one tbh,2035330065358107113,,MattCas04807118,en,,0,0,0,https://x.com/undefined/status/2035330065358107113,246225378,
2035330065186136222,Sat Mar 21 12:17:56 +0000 2026,0,1978 Star Wars Vintage Rare Blue Snaggletooth graded figure AFA 50 Toe Dent https://t.co/sRt6xf9PT9 #ad #vintagestarwars #starwars #kennerstarwars #starwarstoys https://t.co/lESO5NleUf,2035330065186136222,https://pbs.twimg.com/media/HD7x6JCW8AA2vGP.jpg,,en,,0,0,0,https://x.com/undefined/status/2035330065186136222,1783846485869629440,
2035330063596753118,Sat Mar 21 12:17:56 +0000 2026,0,wts lfb ph #mo_onsells photocard holders ᯓ # b7 b8 pc card holder poca hol deco decoden kr jp prada enhypen ducky world meowstar cloudseeds_ bear butterfly cat rabbit blue pink charm kpop bl anime keychain mini snap toploader,2035330063596753118,,,en,,0,0,0,https://x.com/undefined/status/2035330063596753118,1653379272084721665,
2034979563478905307,Sat Mar 21 12:17:55 +0000 2026,0,@ItsPrettyHailey Blue ,2035330060366827804,,ItsPrettyHailey,en,,0,0,0,https://x.com/undefined/status/2035330060366827804,1462830320558821377,
2035119136947523824,Sat Mar 21 12:17:51 +0000 2026,1,@Idkbraq @opinionbelow @JohnnyAGI @JamesOKeefeIII @camhigby No not your government. the Democrats. This only happens in blue cities.,2035330042129989810,,Idkbraq,en,,0,0,0,https://x.com/undefined/status/2035330042129989810,1518733497933905920,
2035076408909963624,Sat Mar 21 12:17:50 +0000 2026,0,@Matt_Pinner BLUE,2035330037629571419,,Matt_Pinner,en,,0,0,0,https://x.com/undefined/status/2035330037629571419,1889779913592324096,
2035330034517348627,Sat Mar 21 12:17:49 +0000 2026,2,Remove the light blue jersey,2035330034517348627,,,en,,0,0,0,https://x.com/undefined/status/2035330034517348627,1661135975504916480,
2035222756040601716,Sat Mar 21 12:17:47 +0000 2026,0,@BrockRiddickIFB Blue and brown thanks,2035330027894501814,,BrockRiddickIFB,en,,0,0,0,https://x.com/undefined/status/2035330027894501814,1626247015628668928,
2035310989139439938,Sat Mar 21 12:17:42 +0000 2026,5,@official_artms why tf are yall voting for blue blood,2035330006906192067,,official_artms,en,,0,5,0,https://x.com/undefined/status/2035330006906192067,1251184232732508160,
2035160569867903464,Sat Mar 21 12:17:41 +0000 2026,1,@ryanjaycowan Ryan s Tesla Model Y L Premium All-Wheel Drive Glacier Blue MY2026,2035330001848107280,,ryanjaycowan,en,,0,0,0,https://x.com/undefined/status/2035330001848107280,814519173275533313,
2035076408909963624,Sat Mar 21 12:17:40 +0000 2026,0,@Matt_Pinner Blue,2035329997359997297,,Matt_Pinner,en,,0,0,0,https://x.com/undefined/status/2035329997359997297,1155379302,
2035329990418440491,Sat Mar 21 12:17:38 +0000 2026,0,4 new Jays drops just landed. Patchwork 59FIFTY + 9FORTY A-Frame Toothpaste T 59FIFTY + 9FORTY A-Frame Camo textures or clean stone + pink your pick. Get yours before they're gone: https://t.co/KsseThSPMB https://t.co/xpYJAXld7k,2035329990418440491,https://pbs.twimg.com/media/HD7xyZMXoAAz8SJ.jpg,,en,,0,0,0,https://x.com/undefined/status/2035329990418440491,1261003629001138183,
2035202801697984881,Sat Mar 21 12:17:38 +0000 2026,0,@Swifvente @SophiaNarwitz The puzzle didnt activate bc the circuit didnt have energy. somewhere behind there should be a powered circuit. Yellow Off - Blue On,2035329986933002266,,Swifvente,en,,0,0,0,https://x.com/undefined/status/2035329986933002266,1977149728165957632,
2035215513106960503,Sat Mar 21 12:17:37 +0000 2026,1,@AmonusSussy @bearallelogram @ThatGuyYouKnowF Yeah personally I could see that as the other ai (the blue dot) peeking through before being shut up by whatever limits what was placed on it by caine or just the situation of their combined code and the you really were the lesser of the two bit is it fully speaking for once,2035329984424710444,,AmonusSussy,en,,0,1,0,https://x.com/undefined/status/2035329984424710444,1513601778247426051,
2034522764665651570,Sat Mar 21 12:17:37 +0000 2026,0,@LxC7t @Hasan6747 @CinnaPretzel Yes! Black cube and golden cube. Saturn amd jupiter. Earthly caliphate heavenly kingdom. It represents dead matter not the divine spark within and above it. The temple of Epstein is the white cube woth the 7 blue heavenly spheres and the golden dome,2035329983443312839,,LxC7t,en,,0,1,0,https://x.com/undefined/status/2035329983443312839,3302946477,
2035329976417783864,Sat Mar 21 12:17:35 +0000 2026,0,Nunca nadie va amar tanto como BTS ama ah ARMY https://t.co/M4dwAmcces,2035329976417783864,https://pbs.twimg.com/media/HD7x0y_aIAEfRU5.jpg,,pt,,0,0,0,https://x.com/undefined/status/2035329976417783864,841757886669819905,
2035329956423848163,Sat Mar 21 12:17:30 +0000 2026,70,: asking how did Keen managed to grab orange ball three time in a row. https://t.co/FsfWITIM11 SEAKEEN AT SUMMER THE MALL NGAMWONGWAN #THEMALLSUMMER2026xSEAKEEN #keenkeno #sea_ta_lay #NONGNOOONG #seakeen #ซีคีน : based on the hardness of the ball. : the blue,2035329956423848163,https://pbs.twimg.com/amplify_video_thumb/2035318334724685824/img/2cUASrEF9Yukn4FO.jpg,,en,,3,0,25,https://x.com/undefined/status/2035329956423848163,1967943808282398722,
2035318179480928655,Sat Mar 21 12:17:30 +0000 2026,1,@DEL_TAEND 神台 次の天下も神LUNA SEA台でした またTrue Blueでも流しながらビーム出して戦ってほしい,2035329956067340668,,DEL_TAEND,ja,,0,1,0,https://x.com/undefined/status/2035329956067340668,1606320995899707392,
2035104661665907080,Sat Mar 21 12:17:30 +0000 2026,0,@MarindaVannoy1 That and blue states just mass approve EBT and SNAP benefits to all to buy votes.,2035329954875875617,,MarindaVannoy1,en,,0,0,0,https://x.com/undefined/status/2035329954875875617,1972281254671175680,
2035329944692167120,Sat Mar 21 12:17:28 +0000 2026,4,High Society: kids go to University and rack up massive debt so you can get white collar jobs and don t have to do dirty blue collar work! Kids: sure where do I sign! Ai: hello I am Ai and I am taking over all the white collar jobs now move along kids! Blue collar workers: https://t.co/871mWJosdL,2035329944692167120,https://pbs.twimg.com/tweet_video_thumb/HD7xy5OasAAiBW_.jpg,,en,,0,3,0,https://x.com/undefined/status/2035329944692167120,272697711,
2035119039606099988,Sat Mar 21 12:17:27 +0000 2026,0,@yayaaaacu Padahal baby blue cantik banget anj sial,2035329942591013078,,yayaaaacu,in,,0,0,0,https://x.com/undefined/status/2035329942591013078,1960582114774278146,
2035329942049673462,Sat Mar 21 12:17:27 +0000 2026,0,the Swim performance was my fav the screens and light effects were so pretty esp the wall of the palace behind lit in blue too,2035329942049673462,,,en,,0,0,0,https://x.com/undefined/status/2035329942049673462,1281051309706227712,
2035329938451046449,Sat Mar 21 12:17:26 +0000 2026,0,Gem Theater celebrates 20th anniversary with John Nemeth and The Blue Dreamers Band https://t.co/MZRuQtJrNb https://t.co/Hu26MQLhui,2035329938451046449,https://pbs.twimg.com/media/HD7xyk3XgAE-cP4.jpg,,en,,0,0,0,https://x.com/undefined/status/2035329938451046449,67600528,
2035329928145867015,Sat Mar 21 12:17:24 +0000 2026,0,BLUE REFLECTION: OST - DNF FW15C (ALL PHASE MIX) https://t.co/n9KAMY0CQT やっぱ10年くらい前と思えん曲,2035329928145867015,,,ja,,0,0,0,https://x.com/undefined/status/2035329928145867015,860965086,
2035059187294904487,Sat Mar 21 12:17:17 +0000 2026,0,@Huma_1236 L FOUND BLONDES BLUE EYES WNDER THIRTY ORTHODOX VIRGIN BANKING FACULTY?,2035329900773581124,,Huma_1236,en,,0,0,0,https://x.com/undefined/status/2035329900773581124,1984931850188656640,
2034246848458703296,Sat Mar 21 12:17:17 +0000 2026,0,@Thebodyoflana @sabinecharlesny I love blue,2035329898252767438,,Thebodyoflana,en,,0,0,0,https://x.com/undefined/status/2035329898252767438,2030601446081855488,
2035322852191383970,Sat Mar 21 12:17:16 +0000 2026,0,@yashbansal_24 -Ajay Service Manager Please note that HDFC Bank will only respond using either @HDFCBank_Cares or @HDFC_Bank handle. Both handles have the verified blue tick on X.,2035329896311115834,,HDFCBank_Cares,en,,0,0,0,https://x.com/undefined/status/2035329896311115834,145931959,
2035329893794202004,Sat Mar 21 12:17:15 +0000 2026,55,red and blue taekook in 2026 this shit means something to me man https://t.co/IZUQXO3tQt,2035329893794202004,https://pbs.twimg.com/media/HD7xvpyaIAAS9Xx.jpg,,en,,1,0,11,https://x.com/undefined/status/2035329893794202004,1585897936734625794,
2035131019138146401,Sat Mar 21 12:17:09 +0000 2026,0,@ExxAlerts Gotta appreciate a well tuned surveillance state. And as a cop I would have applauded his skills and helped him rather than enforce. As if there wasnt crime afoot elsewhere more deserving of the blue,2035329867831738383,,ExxAlerts,en,,0,0,0,https://x.com/undefined/status/2035329867831738383,1618601697974095872,
2035329864350245155,Sat Mar 21 12:17:08 +0000 2026,15, Blue light didn t spoil my lunch Russian kids sing happily. Or how Orwell once said Freedom is Slavery,2035329864350245155,,,en,,0,0,2,https://x.com/undefined/status/2035329864350245155,813127316,
2035329862479597596,Sat Mar 21 12:17:08 +0000 2026,0,Beware Khamenei le heckin' blue-on-blue machine is on the way,2035329862479597596,,,en,,0,0,0,https://x.com/undefined/status/2035329862479597596,1693666461502275596,
2035329861841977573,Sat Mar 21 12:17:08 +0000 2026,3,on the getaway car the rush of blood to the head: it s strange to find myself again back at the feelings of the blue cover after going through the red and the gold. 09/04/05,2035329861841977573,,,en,,0,0,0,https://x.com/undefined/status/2035329861841977573,1656306382021316610,
2034843054503309472,Sat Mar 21 12:17:06 +0000 2026,0,@zelinkshipper @linkshusband7 You LITERALLY posted a thread of someone insisting it's blue stop lying.,2035329855449919908,,zelinkshipper,en,,0,0,0,https://x.com/undefined/status/2035329855449919908,1680797299432210432,
2035093994762379557,Sat Mar 21 12:17:05 +0000 2026,1,@WhatTheForkAVFC Strange take whatever the facts of history which no one knows the award winning writer being a big blue nose the pathway is quite clear peaky blinders Birmingham city.,2035329848562860099,,WhatTheForkAVFC,en,,0,0,0,https://x.com/undefined/status/2035329848562860099,54706715,
2034966586390368464,Sat Mar 21 12:17:04 +0000 2026,0,@Gl3nny5705 @EmmanuelMacron I continue to hope that Musk decides to sell X and we go back to the blue bird and twitter. I know that isn't going to change people's attitude but it's a start.,2035329843936587863,,Gl3nny5705,en,,0,0,0,https://x.com/undefined/status/2035329843936587863,182040768,
2035173145980592456,Sat Mar 21 12:17:02 +0000 2026,0,@SchwayJohn Doth my eyes deceive me or is that fucking BLUE BEETLE I m seeing?! ,2035329836885881319,,SchwayJohn,en,,0,0,0,https://x.com/undefined/status/2035329836885881319,2405078980,
2035329835799658708,Sat Mar 21 12:17:02 +0000 2026,0,So much for the color red. Looks like we moving towards white and blue only now. ️,2035329835799658708,,,en,,0,0,0,https://x.com/undefined/status/2035329835799658708,1982800551709720576,
2035329830586286187,Sat Mar 21 12:17:00 +0000 2026,0,pink and blue like thank you for giving birth to haobin jinjja,2035329830586286187,,,en,,0,0,0,https://x.com/undefined/status/2035329830586286187,1805146364226985987,
2035319324139737308,Sat Mar 21 12:17:00 +0000 2026,1,@Fintech03 A lot of locally-grown coffee is used in South India. Newer chains like Blue Tokai also use coffees from Indian farms.,2035329828640207035,,Fintech03,en,,0,0,0,https://x.com/undefined/status/2035329828640207035,243027776,
2035329828614725768,Sat Mar 21 12:17:00 +0000 2026,0,Frank Friction - Blue Collar Funk [Audio] https://t.co/SPcz9Uev3q via @YouTube,2035329828614725768,,,en,,0,0,0,https://x.com/undefined/status/2035329828614725768,232432427,
2035329828568621365,Sat Mar 21 12:17:00 +0000 2026,5,Go Blue!!!!!,2035329828568621365,,,en,,0,0,0,https://x.com/undefined/status/2035329828568621365,546415933,
2035146872365445583,Sat Mar 21 12:17:00 +0000 2026,0,@ultras_antifaa Blue cities is what you re showing us. This is a local government issue.,2035329828354695571,,ultras_antifaa,en,,0,0,0,https://x.com/undefined/status/2035329828354695571,1187358233134018561,
2035329811799765167,Sat Mar 21 12:16:56 +0000 2026,8,I don finally buy blue tick una still Dey unfollow me Can I know my offense https://t.co/XL2qsqrNGx,2035329811799765167,https://pbs.twimg.com/media/HD7xq9Qa4AAoxR6.jpg,,en,,0,6,1,https://x.com/undefined/status/2035329811799765167,1894350245368070145,
2035305781231555045,Sat Mar 21 12:16:52 +0000 2026,0,@sengssarra starry blue,2035329796927115318,,sengssarra,en,,0,0,0,https://x.com/undefined/status/2035329796927115318,2016558942189682688,
2035067407333564917,Sat Mar 21 12:16:47 +0000 2026,0,@cj3636282847483 @mario4thenorth Ok then I think the post would have been better saying just that. It would be interesting to see the actual statistics too as further proof that top earners move to good governance/ less taxes and regulation as is happening from blue states to red states in the US right,2035329775112229168,,cj3636282847483,en,,0,1,0,https://x.com/undefined/status/2035329775112229168,2033644862868721664,
2035329771354096008,Sat Mar 21 12:16:46 +0000 2026,2,Blue Danny running to Danny Finkelstein he s got more grass than Wimbledon. ,2035329771354096008,,,en,,0,0,0,https://x.com/undefined/status/2035329771354096008,394851468,
2035292561880097053,Sat Mar 21 12:16:45 +0000 2026,0,@marikosegawa Rump DOES admire all the dictators We are going to VOTE ️ BLUE,2035329767608570276,,marikosegawa,en,,0,0,0,https://x.com/undefined/status/2035329767608570276,25773567,
2035141456873337300,Sat Mar 21 12:16:45 +0000 2026,0,@viru_5050 Blue,2035329764370579920,,viru_5050,en,,0,0,0,https://x.com/undefined/status/2035329764370579920,1798766297385406464,
2035329750303232352,Sat Mar 21 12:16:44 +0000 2026,1,Fists glowed mixed hues of blue and purple as he walked towards the thug. From DB s observation they seem shaken from what they saw of the purple shaded anti-hero s brawl. S-stay back! I m warning you! the thug yelped as they pulled out a gun and pointed it shakily- + https://t.co/VfhwGahek3,2035329761212608826,https://pbs.twimg.com/media/HD7xoPva0AA5xJ_.jpg,OFPAINEDTHRILLS,en,,0,1,0,https://x.com/undefined/status/2035329761212608826,1954188638520295424,
2035069771574661403,Sat Mar 21 12:16:41 +0000 2026,0,@INeedSakuraiDih Noraneko Blue i think!,2035329748545507721,,INeedSakuraiDih,pl,,0,0,0,https://x.com/undefined/status/2035329748545507721,1687462980349313024,
2035129689610526931,Sat Mar 21 12:16:40 +0000 2026,2,@voxwhales @Prince_lee001 @Dutchess699031 Pay for that guys blue tick first then we can talk about that,2035329746314133817,,voxwhales,en,,0,0,0,https://x.com/undefined/status/2035329746314133817,2022692916435587072,
2034987345229840441,Sat Mar 21 12:16:39 +0000 2026,0,@selenaillit 2023; i am super shy eta spicy and queencard 2024; supernova plot twist how sweet and magnetic 2025; good goodbye like jennie rebel heart home sweet home and blue valentine,2035329742057197830,,selenaillit,en,,0,0,0,https://x.com/undefined/status/2035329742057197830,1926268523204014080,
2035317064509112602,Sat Mar 21 12:16:39 +0000 2026,0,@mere_nainaa Engagement farming kar raha hoga blue tikiya,2035329740610179256,,mere_nainaa,in,,0,0,0,https://x.com/undefined/status/2035329740610179256,1407407577562902529,
2035078350998212930,Sat Mar 21 12:16:38 +0000 2026,0,@SeditionistGop @SenSchumer You realize every state is a red state. Blue states are not actually blue. They have over populated cesspools for cities that control the way an entire state is ran.. The act would absolutely hurt states like NY Cali Jersey etc.. with secure elections they ll flip red.,2035329735925121359,,SeditionistGop,en,,0,0,0,https://x.com/undefined/status/2035329735925121359,1352949390772723713,
2035308131241144339,Sat Mar 21 12:16:37 +0000 2026,1,@TheNumberGameX Blue brothers ,2035329733601210815,,TheNumberGameX,en,,0,0,0,https://x.com/undefined/status/2035329733601210815,2871216598,
2035329732833837057,Sat Mar 21 12:16:37 +0000 2026,2,Made few blue rose bag charm (trade only) So excited for tomorrow kahit puyat (1am out) #WilliamEstLovestruckInManila https://t.co/p09acJxt2g,2035329732833837057,https://pbs.twimg.com/media/HD7xlZ0bQAA-yKI.jpg,,en,,0,0,2,https://x.com/undefined/status/2035329732833837057,1230710540143513601,
2035329709756514378,Sat Mar 21 12:16:32 +0000 2026,0,pomni being red and blue as the one who confronts and pacifies caine and bubble and also symbolizing their choices of staying or leaving,2035329709756514378,,,en,,0,0,0,https://x.com/undefined/status/2035329709756514378,1997957861717188608,
2035329693629718886,Sat Mar 21 12:16:28 +0000 2026,0,New work: PARASITE Exploring the intersection of bold structural serifs and ethereal botanicals. Really leaned into that high-contrast dark botanical aesthetic for this layout. What do we think of the blue x-ray floral vibe? #DesignTwitter #GraphicDesign #PosterDesign https://t.co/vZXzGk2kD8,2035329693629718886,https://pbs.twimg.com/media/HD7xYEpaoAAlWdC.jpg,,en,,0,0,0,https://x.com/undefined/status/2035329693629718886,1739929018739367936,
2035329688705393040,Sat Mar 21 12:16:28 +0000 2026,1,away. Then the company that created Caine created Bubble as a second attempt. But Caine couldn't take that broke free of his containment and ate the blue dot. Aka he dominated Bubble's AI and together they created the circus from scratch.,2035329693616890227,,taylipt,en,,0,1,0,https://x.com/undefined/status/2035329693616890227,1882961678741942273,
2035329688705393040,Sat Mar 21 12:16:27 +0000 2026,1,First of all at the very start we see a red and blue dot . These are Caine and Bubble RESPECTIVELY. No it's not Pomni and yes it's confirmed by the ep itself that the red dot was Caine and blue was Bubble. As we saw in the video Caine was a semi sucess and was locked,2035329690680934571,,taylipt,en,,0,1,0,https://x.com/undefined/status/2035329690680934571,1882961678741942273,
2035326638917890166,Sat Mar 21 12:16:26 +0000 2026,0,@umichbball GO BLUE 〽️〽️,2035329688294334761,,umichbball,en,,0,0,0,https://x.com/undefined/status/2035329688294334761,1023508159,
2035329663506030631,Sat Mar 21 12:16:21 +0000 2026,0,The blue scrubs just do something for me,2035329663506030631,,,en,,0,0,0,https://x.com/undefined/status/2035329663506030631,3135206199,
2035121951711072370,Sat Mar 21 12:16:20 +0000 2026,0,@Coffey4Canada2 Can't speak about Mulroney but Harper was basically a Liberal in blue.,2035329660465102884,,Coffey4Canada2,en,,1,0,0,https://x.com/undefined/status/2035329660465102884,1577103409919975426,
2035297864172122194,Sat Mar 21 12:16:18 +0000 2026,0,@VickTrub Was blue now yellow #LoveYouTeacherSeriesEP2,2035329651497632116,,VickTrub,en,,0,0,0,https://x.com/undefined/status/2035329651497632116,2016601792088281088,
2035165094523322754,Sat Mar 21 12:16:15 +0000 2026,0,@Mappy6984 Do they lose their brain cells when they dye their hair blue or is it the other way around?,2035329640336621912,,Mappy6984,en,,0,0,1,https://x.com/undefined/status/2035329640336621912,2544002348,
2035329639451930851,Sat Mar 21 12:16:15 +0000 2026,5, 𝘴𝘵𝘳𝘢𝘸𝘣𝘦𝘳𝘳𝘺 𝘪𝘴 𝘳𝘦𝘥 𝘭𝘢𝘷𝘦𝘯𝘥𝘦𝘳 𝘪𝘴 𝘣𝘭𝘶𝘦 𝘴𝘶𝘨𝘢𝘳 𝘪𝘴 𝘴𝘸𝘦𝘦𝘵 𝘢𝘯𝘥 𝘴𝘰 𝘢𝘳𝘦 𝘺𝘰𝘶ᐢ..ᐢ₎. #teeteepor #twnpich #porsuppakarn https://t.co/66xuLEjrMo,2035329639451930851,https://pbs.twimg.com/media/HD7xhA8bUAASUvR.jpg,,en,,0,0,4,https://x.com/undefined/status/2035329639451930851,2574934856,
2035113683077021936,Sat Mar 21 12:16:12 +0000 2026,0,@galindafc @odqaard It s because the proportions are so off. The white stripe is supposed to be half the thickness of the blue stripe. Also the stripes should extend to the back. This feels like a cheap flag you d buy at some tourist shop in southern europe. - A Norwegian,2035329626726097332,,galindafc,en,,0,0,0,https://x.com/undefined/status/2035329626726097332,1191394159439106048,
2035329623567867961,Sat Mar 21 12:16:11 +0000 2026,2,And with that the blue check mark has arrived watch me fvck x https://t.co/Lxjtqm5y02,2035329623567867961,https://pbs.twimg.com/media/HD7xgb4XUAAd4EI.jpg,,en,,0,0,1,https://x.com/undefined/status/2035329623567867961,1648408055392919553,
2035329621277737416,Sat Mar 21 12:16:10 +0000 2026,6,Axineas con Le Blue Wall by Claude Monet (21-03-2026) https://t.co/oJOFz3zNCD,2035329621277737416,https://pbs.twimg.com/media/HD7xf8sWcAA5Vmo.jpg,,en,,0,0,0,https://x.com/undefined/status/2035329621277737416,1706746843869155328,
2035329619004711361,Sat Mar 21 12:16:10 +0000 2026,2,ライブ情報️ 平日の早い時間だけど 一緒に楽しもう 『BRIGHT FUTURE IDOL Vol.2』️‍ ️4/9(木) 新宿Zirco Tokyo 前方¥4 000/一般¥2 000 16:30~16:50~(B) ⭐️ [指名]ブルリグくじ ▽チケット販売中 https://t.co/K9NeztkC5f,2035329619004711361,,,ja,,0,0,0,https://x.com/undefined/status/2035329619004711361,1530055174055936000,
2035327231292256624,Sat Mar 21 12:16:09 +0000 2026,0,@spaace_io Time to get my blue tick back and resume fully again ,2035329616911417652,,spaace_io,en,,0,0,0,https://x.com/undefined/status/2035329616911417652,1342098357137928192,
2035329600276844640,Sat Mar 21 12:16:05 +0000 2026,0,do you want to trade a rare blue album for an uncommon green album and an common white album,2035329600276844640,,,en,,0,0,0,https://x.com/undefined/status/2035329600276844640,1166146820520779777,
2035329599404392561,Sat Mar 21 12:16:05 +0000 2026,0,Chasing sunsets in Santorini White-washed villages blue-domed churches and a sea that glows like liquid gold. Every view feels like a postcard truly a slice of heaven on earth. #SantoriniMagic #TravelDiaries https://t.co/QrjJBvthhj,2035329599404392561,https://pbs.twimg.com/media/HD7xbbXWwAEaSXj.jpg,,en,,0,0,0,https://x.com/undefined/status/2035329599404392561,1497548839460356100,
2035329594216349783,Sat Mar 21 12:16:04 +0000 2026,1,the color differences from laptop to tablet is jarring i did not know the blood was that fluorescent blue,2035329594216349783,,,en,,0,0,0,https://x.com/undefined/status/2035329594216349783,1796044389279793152,
2035306094281855336,Sat Mar 21 12:16:01 +0000 2026,0,@elonmusk @grok This is so wrong. I have blue eyes. :D,2035329582740476002,,TheosopherXX,en,,0,0,0,https://x.com/undefined/status/2035329582740476002,21430980,
2035321621079351691,Sat Mar 21 12:16:00 +0000 2026,0,@adriancruce wont read stpd opinion from blue check account duhh,2035329578542264348,,adriancruce,en,,0,0,0,https://x.com/undefined/status/2035329578542264348,3239943367,
2035329576289628389,Sat Mar 21 12:16:00 +0000 2026,0,Chasing sunsets in Santorini White-washed villages blue domes and wine that tastes like sunshine. Every corner feels like a postcard pure magic. https://t.co/YRCYUyFE5t,2035329576289628389,https://pbs.twimg.com/media/HD7xY_UawAAwk0X.jpg,,en,,0,0,0,https://x.com/undefined/status/2035329576289628389,435614047,
2032085597523681723,Sat Mar 21 12:15:56 +0000 2026,0,@Christi70948335 (She left and the zoo closed) Adelaide : What will we do now? Sid : Well while Dad is visiting Grandma I'll stay with you. The good is that we can take a pet home (she has some keys and is going to open a cage) Crash come with us (A marsupial wearing blue pants appears),2035329562658127972,,Christi70948335,en,,0,1,0,https://x.com/undefined/status/2035329562658127972,1887704339378012160,
2035329551169929453,Sat Mar 21 12:15:54 +0000 2026,1,I'll be speaking at the Rivers State 2050 Vision Focus Group Discussion. Join us today at 4pm WAT as we chart the next course of action and development for Rivers State Blue Economy Sector. https://t.co/4c090yl3bP #Rivers2050Vision https://t.co/a6CncyrtZ6,2035329551169929453,https://pbs.twimg.com/media/HD7xbqVWQAAka1z.jpg,,en,,0,0,0,https://x.com/undefined/status/2035329551169929453,634402865,
2035329543624692187,Sat Mar 21 12:15:52 +0000 2026,0,Tune Live 2026 チケットのお譲り先を探しております 【譲】4/4 夜　18:30 SSブロック 〜9番　1枚 【金額】ご提示ください 必要事項明記の上DMにてご連絡ください #KIDFHENOMENON #MA55IVE #THERAMPAGE #TuneLive2026 #ABCZ譲　#超特急 MA55IVE THE RAMPAGE KIDPHENOMENON 超特急 WILD BLUE,2035329543624692187,,,ja,,0,0,0,https://x.com/undefined/status/2035329543624692187,2008533817695629313,
2035032315366101295,Sat Mar 21 12:15:51 +0000 2026,0,@Blue_Footy Ok oo,2035329539962708093,,Blue_Footy,en,,0,0,0,https://x.com/undefined/status/2035329539962708093,1918745754450980864,
2035329539253919945,Sat Mar 21 12:15:51 +0000 2026,2,Pourquoi seul blue lock est critiqué pour être non réaliste ? Sans parler du fait qu il est enfermé pcq il agresse des gens MDRRRRR vous parlez sans connaître,2035329539253919945,,,fr,,0,1,0,https://x.com/undefined/status/2035329539253919945,1504439504068923394,
2035046667725009331,Sat Mar 21 12:15:49 +0000 2026,1,@BlueMooReviews You re welcome Blue!!,2035329530395508948,,BlueMooReviews,en,,0,0,0,https://x.com/undefined/status/2035329530395508948,1669106685133062144,
2035329510829338737,Sat Mar 21 12:15:44 +0000 2026,0,multiple blue | aoyama #pixiv https://t.co/fW6050hHjt あげるのわすれてたごめん,2035329510829338737,,,ja,,0,0,0,https://x.com/undefined/status/2035329510829338737,1952039634659340288,
2035329484367274051,Sat Mar 21 12:15:38 +0000 2026,7,3° calm quiet beautiful blue spring time silver /blue sunrise. @weathernetwork @MurphTWN @KMacTWN @vfennalvarado @martaczur @laurenonline @RhythmTheMet @LakeErieNorth @JordynRead @WxMelinda21 @ThatMetGirl @nadinehp4 #ShareYourWeather https://t.co/nvt9J65DKb,2035329484367274051,https://pbs.twimg.com/amplify_video_thumb/2035329296235909120/img/ibvds79ulRF1-OmH.jpg,,en,,0,0,0,https://x.com/undefined/status/2035329484367274051,1304035757196292096,
2035329482513420742,Sat Mar 21 12:15:37 +0000 2026,0,Who s that with the blue top?,2035329482513420742,,,en,,0,0,0,https://x.com/undefined/status/2035329482513420742,1373675996847730689,
2035318482703970692,Sat Mar 21 12:15:37 +0000 2026,1,@KPrakash2010 @sidd_sharma01 Sapna Blue Sapna https://t.co/voF7s42wq6,2035329480743682420,https://pbs.twimg.com/ext_tw_video_thumb/2035329450217504768/pu/img/DqFfEcXPw7dYFET1.jpg,KPrakash2010,lv,,0,0,0,https://x.com/undefined/status/2035329480743682420,1280804676997267456,
2035329477421740401,Sat Mar 21 12:15:36 +0000 2026,0,生きマシのベースを練習しようと思ったが その前に弾き語りライブで久々に聴いて、あぁやっぱり良い曲だなぁと感じた my favorite blueのベースボーカルの練習をすることにした ↓の一曲目 https://t.co/2c4sxQkF0b,2035329477421740401,,,ja,,0,0,0,https://x.com/undefined/status/2035329477421740401,227641388,
2035326159890878857,Sat Mar 21 12:15:36 +0000 2026,0,@saba9361 Blue pant will good for the matching,2035329476524138975,,saba9361,en,,0,0,0,https://x.com/undefined/status/2035329476524138975,765365819198935040,
2035329475597205938,Sat Mar 21 12:15:36 +0000 2026,0,香水見ててBLUE DE CHANELのテスター付けてんけど割と好きやったから買うか悩む。ほんでAmazonのカートに入れっぱなしのナイルの庭はいつか買うのだろうか ,2035329475597205938,,,ja,,0,0,0,https://x.com/undefined/status/2035329475597205938,768123093797580800,
2035329475110736330,Sat Mar 21 12:15:36 +0000 2026,0,The grandma's blue porcelain bowl from my memories still taps gently on my temple this makes me believe nothing truly disappears ,2035329475110736330,,,en,,0,0,0,https://x.com/undefined/status/2035329475110736330,396636166,
2035329468588511252,Sat Mar 21 12:15:34 +0000 2026,9,Blue pigeon coin ( $BLUEPIGEON ) is coming solana join chat early : https://t.co/HLt7gy4myk retweet and drop your solana wallet address https://t.co/SjRxCeonDh,2035329468588511252,https://pbs.twimg.com/media/HD7xXYRbYAA6UDP.jpg,,en,,0,6,6,https://x.com/undefined/status/2035329468588511252,1565993977421058048,
2035094014626865420,Sat Mar 21 12:15:31 +0000 2026,0,@PaulMitchell_AB @ABDanielleSmith She can legislate till she's blue in the face it still won't override federal law you dingbat,2035329455087079920,,PaulMitchell_AB,en,,0,0,0,https://x.com/undefined/status/2035329455087079920,1627290627850534913,
2035329454755520802,Sat Mar 21 12:15:31 +0000 2026,2,Beautiful sea inspired fused glass coasters. Each one is unique with swirls and bubbles of blue white and green colours. Perfect for the home. Available as single two four and eight piece sets #shopindie #handmade #giftideas https://t.co/zcVwbdy1fE... https://t.co/E5wvFXO7Bl,2035329454755520802,https://pbs.twimg.com/media/HD7xWk5WwAAPbge.jpg,,en,,0,0,2,https://x.com/undefined/status/2035329454755520802,20583129,
2035329452486304185,Sat Mar 21 12:15:30 +0000 2026,0,Arrived at the Blue Turtle Arena for todays Amateur Trophy semi final @PenPhoenixFC v @BangorCity_1876 Ko 2pm and live audio with Geraint and Connor will be on https://t.co/gtIWNElmxm https://t.co/Za2nl6Z6YQ,2035329452486304185,https://pbs.twimg.com/media/HD7xRxjaIAAlD5N.jpg,,en,,0,0,0,https://x.com/undefined/status/2035329452486304185,1592622922102964224,
2035137904893194613,Sat Mar 21 12:15:30 +0000 2026,0,@StarTrekSFA I felt there were too many humans in the show. This was probably done to keep costs down like having a cool blue guy that's almost never blue but it would have been nice to see more elaborate prosthetics in the episodes. And where the heck were the Andorians?,2035329450833846567,,StarTrekSFA,en,,0,0,0,https://x.com/undefined/status/2035329450833846567,4196546656,
2034995515872473204,Sat Mar 21 12:15:30 +0000 2026,0,@greendragonhq There are 30 000 to 60 000 million illegals in the US including dreamers . What is the statistical likelihood that 10 percent vote? Now given the fraud we see in every blue city. Town and village how much higher is that percentage. If its not a problem why the fight?,2035329450531786838,,greendragonhq,en,,0,0,0,https://x.com/undefined/status/2035329450531786838,1857129477014175745,
2035281033533202934,Sat Mar 21 12:15:28 +0000 2026,0,@Christo69493021 @PhilipH21343285 https://t.co/7b5UB8UjN4,2035329444680806643,https://pbs.twimg.com/media/HD7xVLjaoAAQICJ.jpg,Christo69493021,qme,,0,0,0,https://x.com/undefined/status/2035329444680806643,1551561496676663297,
2035321723436818653,Sat Mar 21 12:15:26 +0000 2026,3,@PatrickHanlon19 @barb_davies @cattywhites2 @deatoffees @jenefcforever @MarieWallace7 @MikaelSand1 @SJM1878 @Toffeegirl13 @RayWeir1878 @ReginaldGates18 @EmeraldBluesIre @carolcoulter3 @curvycarlyefc @EvertonShamrock @john_nufc42 Morning Patrick and blue family,2035329434786378159,,PatrickHanlon19,en,,0,2,0,https://x.com/undefined/status/2035329434786378159,25496139,
2035329429782630870,Sat Mar 21 12:15:25 +0000 2026,11,Roses are red Violets are blue Iran missiles are coming Nazis for you. Παγκόσμια μερα ποιησης https://t.co/RkNnQQReFi,2035329429782630870,https://pbs.twimg.com/media/HD7xU6Wa0AAXGUP.jpg,,und,,0,1,2,https://x.com/undefined/status/2035329429782630870,1810961851368255488,
2035206825079967932,Sat Mar 21 12:15:20 +0000 2026,0,@Ricky_764 I assumed blue was in charge of absorbing information while red was in charge of using that info to create. But since red absorbed blue they lost the ability to learn ,2035329409515696180,,Ricky_764,en,,0,0,0,https://x.com/undefined/status/2035329409515696180,1649486220597121024,
2035329398824390702,Sat Mar 21 12:15:17 +0000 2026,0,I ve noticed the beautiful blue skies have brought out the chemtrail brigade so here s a fantastic b52 bomber from the 70 s https://t.co/jFsgZqsrs6,2035329398824390702,https://pbs.twimg.com/media/HD7xTHiWgAAhtF4.jpg,,en,,0,0,0,https://x.com/undefined/status/2035329398824390702,478607509,
2035329395905446364,Sat Mar 21 12:15:17 +0000 2026,0,kata teal blue yg tema awam apeni banyak matcha strawberry,2035329395905446364,,,in,,0,0,0,https://x.com/undefined/status/2035329395905446364,935709644831391744,
2035303001670496311,Sat Mar 21 12:15:16 +0000 2026,1,@vantelora92497 LoL you yourself start arguing until turning blue and still can't dish out a single thing except performative lawsuit against unknown user accounts. Her dad still a cheating loser in china. Ziyu still pretty moisturized and sleeping well. Blocking me won't stop those facts. Byee,2035329391274909763,,BlueberryInJuly,en,,0,1,0,https://x.com/undefined/status/2035329391274909763,2009543218376163328,
2035329237637574964,Sat Mar 21 12:15:14 +0000 2026,1,Puwede bang pabili ako ng vip kapag pumaldo ako sa birthday ko huhuhu PARANG GUSTO KO TULOY MAY 18 BLUE BILLS,2035329383863586869,,cvergarawr,tl,,0,1,0,https://x.com/undefined/status/2035329383863586869,1642892050776612864,
2035324528620982756,Sat Mar 21 12:15:13 +0000 2026,0,@KellenXbt @KellenXbt can you help me get a blue tick?,2035329379652313299,,KellenXbt,en,,0,0,0,https://x.com/undefined/status/2035329379652313299,1714741987725742080,
2035225472712221017,Sat Mar 21 12:15:12 +0000 2026,0,@CreeCoder So they are basically throttling That's why I canceled my subscription because this app went south with the algorithm. My blue check should be gone hopefully later today. Hoping it's better without it.,2035329374111842558,,CreeCoder,en,,0,0,0,https://x.com/undefined/status/2035329374111842558,4442050826,
2035153640667926645,Sat Mar 21 12:15:11 +0000 2026,0,@OC3ANCAT @WR4NYGov @wholemars The Tesla car ended up costing 120k USD for a light blue model Y. Strange choice of color.,2035329372865872302,,OC3ANCAT,en,,0,0,0,https://x.com/undefined/status/2035329372865872302,1552016608440229897,
2035313698932244808,Sat Mar 21 12:15:09 +0000 2026,0,@bruno_KUg Blue is better for me,2035329362837279029,,bruno_KUg,en,,0,0,0,https://x.com/undefined/status/2035329362837279029,1546727809686675456,
2035329355555942898,Sat Mar 21 12:15:07 +0000 2026,0,Listen I saw this startup pitch where the guy explained an app that helps you choose cheese based on your mood. Like what? It s both brilliant and absurd imagine feeling blue and craving gouda. I don t know if I should laugh or sign up for a subscription.,2035329355555942898,,,en,,0,0,0,https://x.com/undefined/status/2035329355555942898,1090138181578706944,
2035329345590321299,Sat Mar 21 12:15:05 +0000 2026,7,nickname: Sterni/Sternchen? prns: He/him height: 6ft sexuality: Bi smokes: No piercings: no tattoos: no fav color : Navy-Blue? fav drink: Pepsi-Zero fav food: pasta casserole fav animal: Whales,2035329345590321299,,,en,,4,1,0,https://x.com/undefined/status/2035329345590321299,1757411912633966592,
2035151905429594605,Sat Mar 21 12:15:04 +0000 2026,0,@ygjhttt01 @digimon_tcg High chance yes since got blue green yellow black ,2035329342033842574,,ygjhttt01,en,,0,0,0,https://x.com/undefined/status/2035329342033842574,1546345629470711808,
2035329337499832612,Sat Mar 21 12:15:03 +0000 2026,2,Blue Bloodで本当にお願いします本当に、ほんとうに、切実に https://t.co/dWzYxaUejt,2035329337499832612,https://pbs.twimg.com/media/HD7xPoIbgAAlqua.jpg,,ja,,0,0,0,https://x.com/undefined/status/2035329337499832612,1756879321174777856,
2035329326816854045,Sat Mar 21 12:15:00 +0000 2026,13,Guys checkout the page of Fans of Carmelle Collado sa blue app. Kitang kita ang galing ni Lite CARMELLites MARKET MARKET https://t.co/4syxKyeSvu,2035329326816854045,https://pbs.twimg.com/media/HD7xOsrbwAAQQj7.jpg,,en,,0,2,4,https://x.com/undefined/status/2035329326816854045,2026836033468510210,
2035329325793198430,Sat Mar 21 12:15:00 +0000 2026,0,Ushio Noa (Blue Archive) #生塩ノア #UshioNoa https://t.co/aLjYNQM2W9,2035329325793198430,https://pbs.twimg.com/media/HC85CVuXoAAOpgB.jpg,,it,,0,0,0,https://x.com/undefined/status/2035329325793198430,2021280415999201280,
2035329325030084667,Sat Mar 21 12:15:00 +0000 2026,154,⋆⊹𓂃 ࣪ ˖#moreButter_spring⋆⊹𓂃 ࣪ ˖ #本田響矢 さんの未公開カット2枚目はこちら！ どこで見つけたのか、大きくて可愛い怪獣のスリッパ お似合いですね。 【通常版】https://t.co/RNDGwEnExr #雑誌butter https://t.co/eDYnFtFjzm,2035329325030084667,https://pbs.twimg.com/media/HD7t2G5agAAIpk4.jpg,,ja,,5,0,46,https://x.com/undefined/status/2035329325030084667,1001363202251223041,
2035329324640039415,Sat Mar 21 12:15:00 +0000 2026,85,Blue skies for @SkyBetLeagueOne action! https://t.co/r5JLcOaBg9,2035329324640039415,https://pbs.twimg.com/media/HD7upCFWQAA1fbs.jpg,,en,,0,0,4,https://x.com/undefined/status/2035329324640039415,234310676,
2034779572537831796,Sat Mar 21 12:15:00 +0000 2026,0,@Oxydildo @_nelb_ @yuandyne A blue hair calling something woke.,2035329324451082499,,Oxydildo,en,,0,0,0,https://x.com/undefined/status/2035329324451082499,1505979083930415116,
2034105855717802276,Sat Mar 21 12:14:59 +0000 2026,0,@18fesss Siang rasasi hawas/Dylan blue malam emporio armani SWYI ,2035329323570536651,,18fesss,in,,0,0,0,https://x.com/undefined/status/2035329323570536651,1106898078617890816,
2035299573820780951,Sat Mar 21 12:14:53 +0000 2026,0,@420milly I dun puff Take the blunt Tell me where the 3600 blue tick dey,2035329296919633948,,420milly,en,,0,0,0,https://x.com/undefined/status/2035329296919633948,1201430784831295488,
2035329291022639602,Sat Mar 21 12:14:52 +0000 2026,1,#aiwvipvipพร้อมส่ง videojockey-GEUNYANG GAENYANGI T-SHIRTS [PURPLE BLUE] ️ S รอบอก 98/ไหล่ 41cm ️ M รอบอก 108/ไหล่ 44cm ️ ลดเหลือ 300฿.- ️ มี S=2 M=3 จองไว้รอโอนสิ้นเดือนได้ ***ถ้าของหมดจะปิดโพสจะไม่สามารถเมนชั่นได้ค่ะ https://t.co/WWrJmogcGJ,2035329291022639602,https://pbs.twimg.com/media/HD7xMLtakAAr0Wq.jpg,,th,,0,0,1,https://x.com/undefined/status/2035329291022639602,877241365,
2035328859663454601,Sat Mar 21 12:14:52 +0000 2026,0,@Raion74_ Aura farming is blue tick Elon language,2035329290594611693,,Raion74_,en,,0,0,0,https://x.com/undefined/status/2035329290594611693,215434317,
2035117680097993133,Sat Mar 21 12:14:51 +0000 2026,0,@Elitecargasm Blue,2035329286979064017,,Elitecargasm,en,,0,0,0,https://x.com/undefined/status/2035329286979064017,2029660514880479232,
2035277801943650779,Sat Mar 21 12:14:48 +0000 2026,1,@xyvris wow so blue https://t.co/c6DuFrC85Q,2035329275147010447,https://pbs.twimg.com/media/HD7xL9jbsAAGSi5.jpg,xyvris,en,,0,1,0,https://x.com/undefined/status/2035329275147010447,1277972732827729927,
2034287562118844909,Sat Mar 21 12:14:47 +0000 2026,0,@yay_tunes blue jet don scatter everywhere with ijogbon ,2035329272609419376,,yay_tunes,en,,0,0,0,https://x.com/undefined/status/2035329272609419376,899915472103256064,
2035163053159793035,Sat Mar 21 12:14:46 +0000 2026,0,@heyreiiofficial I get that Stitch prints money but imagine Judy with a carrot pen Easter basket or something. That would've been so much cuter and actually on theme instead of the same blue guy every spring.,2035329267907608774,,heyreiiofficial,en,,0,0,0,https://x.com/undefined/status/2035329267907608774,1744965698445623296,
2035022968456454649,Sat Mar 21 12:14:45 +0000 2026,0,@Yaduvam Those aren't buddhist statues as in statues of Buddha. In Sri Lanka it was an old tradition to build statues of Hindu deities as guardians of the buddhist temples. You often find Vishnu as the chief guardian (pictured in this image too in that faded blue colour).,2035329264644743422,,Yaduvam,en,,0,0,0,https://x.com/undefined/status/2035329264644743422,1679454229176647690,
2035329262887244123,Sat Mar 21 12:14:45 +0000 2026,4,'92 HONDA CIVIC EG アニバーサリーアソート BLUE AND GOLD のもの。 バブル期の開発で安グレードから上位グレードまで金をかけて造られた5代目シビック。 これはボンネットにもタンポが入りちょっと豪華な気がしますね。 シルバーシリーズじゃないので前後の彩色はありませんが。 #ホットウィール https://t.co/aj179Xs4iM,2035329262887244123,https://pbs.twimg.com/media/HD7xFSJasAAW3c5.jpg,,ja,,0,0,0,https://x.com/undefined/status/2035329262887244123,113399668,
2035329256876867742,Sat Mar 21 12:14:44 +0000 2026,8,It was called the Clot-Shot for a reason. https://t.co/jkxbTzlVk7,2035329256876867742,https://pbs.twimg.com/ext_tw_video_thumb/2035329222764646400/pu/img/MQ5O81lHw7VHGHUf.jpg,,en,,0,0,4,https://x.com/undefined/status/2035329256876867742,964579576302063617,
2035313365313024047,Sat Mar 21 12:14:42 +0000 2026,2,@tainoxyz Blue is N3 800.,2035329251306578223,,tainoxyz,en,,0,0,0,https://x.com/undefined/status/2035329251306578223,1481878468912689152,
2035281970737873184,Sat Mar 21 12:14:42 +0000 2026,0,@vazhakandy @Mahesh10816 Bcz there were other groups in europe too other than Aryan(Indo europeans) which descended from Neolithic people...blue eyes are mutations in gene some Indians also have blue eyes bcz it is mutations majority of europe are nit blonde,2035329250145034723,,vazhakandy,en,,0,0,0,https://x.com/undefined/status/2035329250145034723,1711335132823777281,
2035329248563777662,Sat Mar 21 12:14:42 +0000 2026,0,Dolar hoy Dólar Blue: $ 1.425 00 0.00% Dólar Oficial: $ 1.410 00 0.00% Mayorista: $ 1.390 50 0.00% Dólar Tarjeta: $ 1.833 00 0.00% Dólar MEP: $ 1.428 30 0.00% Dólar Cripto: $ 1.476 80 ▲ +0.06% Riesgo País 633 https://t.co/TjTILKng0O,2035329248563777662,,,es,,0,0,0,https://x.com/undefined/status/2035329248563777662,1689474307083149312,
2035183854147743782,Sat Mar 21 12:14:42 +0000 2026,0,@dailysneako Blue collar folk do this every work week,2035329248550867120,,dailysneako,en,,0,0,0,https://x.com/undefined/status/2035329248550867120,333088588,
2035118256315342863,Sat Mar 21 12:14:41 +0000 2026,0,@Venatrix18 @USA_Polling You are recalling incorrectly. Democrats have never since the beginning of this country allocated money to a red state that could have been allocated to a blue state instead. Only republicans engage in fair allocation.,2035329247045206496,,Venatrix18,en,,0,0,0,https://x.com/undefined/status/2035329247045206496,1940772438247133184,
2035329245287960762,Sat Mar 21 12:14:41 +0000 2026,0,blue ,2035329245287960762,,,en,,0,0,0,https://x.com/undefined/status/2035329245287960762,1436199797648617474,
2035163053159793035,Sat Mar 21 12:14:37 +0000 2026,3,@heyreiiofficial At this point it's just lazy. Disney has Thumper sulking in the background Oswald gathering dust and a whole police bunny who's literally made for this holiday but nah blue alien with ears again. Come on guys.,2035329231282946531,,heyreiiofficial,en,,0,1,0,https://x.com/undefined/status/2035329231282946531,3849075017,
2035290060091007377,Sat Mar 21 12:14:37 +0000 2026,0,@InsideHindustan Blue,2035329228082725115,,InsideHindustan,en,,0,0,0,https://x.com/undefined/status/2035329228082725115,1827551898230005761,
2035329226061320527,Sat Mar 21 12:14:36 +0000 2026,74,リオ/ Rio -Blue Archive- https://t.co/lqOkslh3z8,2035329226061320527,https://pbs.twimg.com/media/HD7xDEcbIAATK5i.jpg,,ja,,0,0,6,https://x.com/undefined/status/2035329226061320527,1636199348714237955,
2035259703551205376,Sat Mar 21 12:14:34 +0000 2026,1,@martinspheelz Soria wasn t even nominated lol. Goalkeepers are not acknowledged in this modern sports and it s sad meanwhile scoring 1 goal and wearing blue-red jersey gets you a nomination,2035329218335134149,,martinspheelz,en,,0,1,0,https://x.com/undefined/status/2035329218335134149,1792456326984937472,
2035329209585778789,Sat Mar 21 12:14:32 +0000 2026,0,Should be a great battle. Go get it fellas. Go Blue.,2035329209585778789,,,en,,0,0,0,https://x.com/undefined/status/2035329209585778789,696054848513441792,
2035214797856256474,Sat Mar 21 12:14:32 +0000 2026,3,@rja_carnegie @Not_the_Bee Which people? Illegal aliens? Somali fraudsters? Criminals? Green energy grifters? Dudes in skirts in women's changing areas? Whatever. Move to NYC Portland Seattle Minneapolis LA SF... Take your pick and enjoy living in a Blue city paradise and paying for them https://t.co/A6mNGtAV2U,2035329208663113877,https://pbs.twimg.com/ext_tw_video_thumb/2035329098210217984/pu/img/JAuc9n0jEejuJGdY.jpg,rja_carnegie,en,,0,0,0,https://x.com/undefined/status/2035329208663113877,1270305070509371392,
2035329205505024217,Sat Mar 21 12:14:31 +0000 2026,1,The grandma's blue porcelain bowl from my memories still visits my dreams periodically this makes me believe nothing truly disappears ,2035329205505024217,,,en,,0,0,0,https://x.com/undefined/status/2035329205505024217,25616735,
2035076408909963624,Sat Mar 21 12:14:30 +0000 2026,0,@Matt_Pinner Blue,2035329200572223839,,Matt_Pinner,en,,0,0,0,https://x.com/undefined/status/2035329200572223839,3983945674,
2034986902894297237,Sat Mar 21 12:14:30 +0000 2026,0,@MayorBillWells Blue states need to have ALL funding cut off until they can prove where the money is actually going. California has been a cesspool ever since Dems took control of our state. People who have never run a business have made it a red tape nightmare as well as $Bs @CAgovernor lost .,2035329198920007976,,MayorBillWells,en,,0,0,0,https://x.com/undefined/status/2035329198920007976,1712138973546774528,
2034934080815485159,Sat Mar 21 12:14:24 +0000 2026,0,@twitkoseyazari @HomerPavlos Step 1. Take the blue pill. Step 2. Take a DNA test. Step 3. Revert to Rum.,2035329175473553667,,twitkoseyazari,en,,0,0,0,https://x.com/undefined/status/2035329175473553667,1496214040951103488,
2035323926251704479,Sat Mar 21 12:14:22 +0000 2026,0,i really want the keyring with the pink shirt but i couldn t find it so blue is okay!,2035329167114334265,,suricidal,en,,0,0,0,https://x.com/undefined/status/2035329167114334265,1433136669117517830,
2035006281535164895,Sat Mar 21 12:14:21 +0000 2026,0,@VA_forFairMaps That looks like the 7th district. They figured the blue vote in Arlington and Fairfax could cancel a lot more votes than it does in the current district boundary. Vote No.,2035329160059478496,,VA_forFairMaps,en,,0,0,0,https://x.com/undefined/status/2035329160059478496,1680513841724108800,
2035329143026667871,Sat Mar 21 12:14:16 +0000 2026,0,MY 7 https://t.co/XdtWZmAzbX,2035329143026667871,https://pbs.twimg.com/media/HD7xEQga0AEo5on.jpg,,und,,0,0,0,https://x.com/undefined/status/2035329143026667871,1272038927680049153,
2035012219071570206,Sat Mar 21 12:14:15 +0000 2026,0,@GWHayduke97 I've spent most my life in light blue areas let me break it down for you it's shite that's what it's like.,2035329137716474135,,GWHayduke97,en,,0,0,0,https://x.com/undefined/status/2035329137716474135,1498240249910202371,
2035329118993014843,Sat Mar 21 12:14:11 +0000 2026,0,️ ALERT | NFL | INJURY Big Blue View mailbag: Fullback salary cap the return of Evan Neal Source: Yahoo Sports,2035329118993014843,,,en,,0,0,0,https://x.com/undefined/status/2035329118993014843,2026522336854528000,
2035307115259343081,Sat Mar 21 12:14:11 +0000 2026,1,@RFDZI Cancelled mine a few months ago. The only reason I bought it to begin with was for NFT verification. It never helped my account grow imo. I was just spending $8 a month for a blue check that ever has. Not worth it for me.,2035329118422671429,,RFDZI,en,,0,0,0,https://x.com/undefined/status/2035329118422671429,888533531697262592,
2035243164077105655,Sat Mar 21 12:14:09 +0000 2026,1,@Maria_ktwts 1st day navy blue,2035329113817587998,,Maria_ktwts,en,,0,0,0,https://x.com/undefined/status/2035329113817587998,1400747150208688128,
2034995989866848573,Sat Mar 21 12:14:09 +0000 2026,0,@iVoteArizona @SenMarkKelly If the Save Act passes both senators from AZ and Ga would go from blue to red.,2035329111380623628,,iVoteArizona,en,,0,0,0,https://x.com/undefined/status/2035329111380623628,1643222955453820928,
2035329106087137625,Sat Mar 21 12:14:08 +0000 2026,0,Extracted once in about 4 cryo run no vaults opened we re coming with anti virus packs for labs. Imma try and work a budget kit with a bully and pick up a bot blue lmg but the design and vibe of the map makes for a very intense experience. 10/10,2035329106087137625,,,en,,0,0,0,https://x.com/undefined/status/2035329106087137625,377731861,
2034321480096301475,Sat Mar 21 12:14:06 +0000 2026,0,@retro_anime Where is perfect blue ?,2035329101288853798,,retro_anime,en,,0,0,0,https://x.com/undefined/status/2035329101288853798,1729068188648767488,
2035326638917890166,Sat Mar 21 12:14:04 +0000 2026,6,@umichbball Guard the 3 and we win by 20. Go blue!,2035329090303979642,,umichbball,en,,0,0,0,https://x.com/undefined/status/2035329090303979642,1227024411192111104,
2035188144312652121,Sat Mar 21 12:14:01 +0000 2026,0,@EndWokeness It's already here ... you could make the same type 'before and after' pictures in any BLUE DOT American cities.,2035329080321868185,,EndWokeness,en,,0,0,0,https://x.com/undefined/status/2035329080321868185,30991611,
2035298160508043302,Sat Mar 21 12:14:01 +0000 2026,1,@__Dave__1 I won't be forced into paying for it. And I won't do the whole blue check mark again. Nope,2035329078471840188,,__Dave__1,en,,0,0,0,https://x.com/undefined/status/2035329078471840188,1890933868771119104,
2035329077523927533,Sat Mar 21 12:14:01 +0000 2026,0,ENHYPEN Daydream - Weverse Album ver ₱312 https://t.co/gUyu2j7qSM wts lfb ph go jay jungwon sunoo sunghoon heeseung niki riki jake selca selfie blue noon white midnight pb ver sealed pc wv https://t.co/L4iaBXIBoZ,2035329077523927533,https://pbs.twimg.com/media/HD7xArmW8AA5OEl.jpg,,en,,0,0,0,https://x.com/undefined/status/2035329077523927533,2975466548,
2035161133204623726,Sat Mar 21 12:14:00 +0000 2026,0,@ProfessorPape O god another blue tick sleeper. It was won long ago. They have to show people like you because they cant just tell you,2035329073275166725,,ProfessorPape,en,,0,0,0,https://x.com/undefined/status/2035329073275166725,1444751702989672454,
2035329069110440212,Sat Mar 21 12:13:59 +0000 2026,10,3/29(日)は G-BLUEさんにてハウスです まだ参加お待ちしています！ @GBLUE77608719 か 私までDMお待ちしています〜！！ https://t.co/L3565HtRvi,2035329069110440212,https://pbs.twimg.com/media/HD7xAEfbMAAZtiJ.jpg,,ja,,0,0,0,https://x.com/undefined/status/2035329069110440212,2974527908,
2035329062596678122,Sat Mar 21 12:13:57 +0000 2026,2,2026/3/20 ところざわサクラタウンにて「サクラタウンアイドルデイズ」に出演したLONDON BLUEの詩織 (@58shio58 )さん。 #ところざわサクラタウン #ロンブル https://t.co/28RPyOMiWm,2035329062596678122,https://pbs.twimg.com/media/HD7w_gyasAEVR3l.jpg,,ja,,0,0,0,https://x.com/undefined/status/2035329062596678122,1621814846953230336,
2035329041092301159,Sat Mar 21 12:13:52 +0000 2026,173,L'ANIMEJAPAN 2026 COMMENCE DANS EXACTEMENT 1 SEMAINE ! - DEMON SLAYER - JUJUTSU KAISEN - ONE PIECE - JOJO'S STEEL BALL RUN - MUSHOKU TENSEI - L'ATELIER DES SORCIERS - FRIEREN - RE:ZERO - BLUE BOX - TSUGAI - BUNNY GIRL SENPAI Et bien d'autres on est PAS PRÊTS ! https://t.co/uNckqVbh6x,2035329041092301159,https://pbs.twimg.com/media/HD7w-TGXkAABCHu.jpg,,fr,,4,2,22,https://x.com/undefined/status/2035329041092301159,1361142028667662338,
2033424891983368233,Sat Mar 21 12:13:50 +0000 2026,0,@mioonii In Blue Lions everyone adorable fr. I think Felix is my number one but all of them have a special place in my heart!!!,2035329032602992879,,mioonii,en,,0,0,0,https://x.com/undefined/status/2035329032602992879,229044627,
2035326756811415855,Sat Mar 21 12:13:50 +0000 2026,0,@FCBarcelona_es Hansi will first praise you before beating you blue black,2035329032347095138,,FCBarcelona_es,en,,0,0,0,https://x.com/undefined/status/2035329032347095138,1553775131662622722,
2034965833105973634,Sat Mar 21 12:13:50 +0000 2026,0,@clippedszn What I find crazy is how he s suing blue face for saying it s rigged but let s Adam 22 get paid out in full when Adam ain t even land a punch and basically rigged his match and Adam also breached his contract too so he s just picking and choosing.,2035329031717933249,,clippedszn,en,,0,0,0,https://x.com/undefined/status/2035329031717933249,2028496718145486848,
2035329030648455639,Sat Mar 21 12:13:50 +0000 2026,15,Maybe not a stallion but definitely a Mustang #gymfashion #gymmotivation #fitness #legsfordays #mirrorpic https://t.co/xU2abXCJf5,2035329030648455639,https://pbs.twimg.com/amplify_video_thumb/2035328879288557568/img/btZQ9m8kFfaZYcy8.jpg,,en,,0,0,0,https://x.com/undefined/status/2035329030648455639,1802409619584634881,
2035322178242244740,Sat Mar 21 12:13:50 +0000 2026,0,@varishbajaj blue tick on X.,2035329030564860164,,HDFCBank_Cares,en,,0,0,0,https://x.com/undefined/status/2035329030564860164,145931959,
2035329027683086667,Sat Mar 21 12:13:49 +0000 2026,0,PHOTOS-Missouri Class 6 boys basketball state semifinal: Blue Springs South 54 Cardinal Ritter 51 https://t.co/Vkbdqi0LvJ via @STLhssports,2035329027683086667,,,en,,0,0,0,https://x.com/undefined/status/2035329027683086667,556245409,
2035329027213267396,Sat Mar 21 12:13:49 +0000 2026,0,Even our once in a blue moon early kick offs start late.,2035329027213267396,,,en,,0,0,0,https://x.com/undefined/status/2035329027213267396,1598351764490706944,
2035263173448667568,Sat Mar 21 12:13:45 +0000 2026,0,@haywhyy09 Can someone with a blue tick pls confirm this statement from grok cos I don't want to just believe he said title,2035329010842943870,,haywhyy09,en,,0,0,0,https://x.com/undefined/status/2035329010842943870,1510692555301785601,
2035329004832456940,Sat Mar 21 12:13:43 +0000 2026,1,The way he keeps touching poon s chin like it s his favorite thing in the world???? #OhmPoon https://t.co/8U3OMX2eS8,2035329004832456940,https://pbs.twimg.com/media/HD7wrYoawAAZ_aK.png,,en,,0,0,0,https://x.com/undefined/status/2035329004832456940,1999384527115055104,
2035328999845482557,Sat Mar 21 12:13:42 +0000 2026,12,Why you dy skip my post why you no wan engage because I no get blue tick https://t.co/LIO46IFwM7,2035328999845482557,https://pbs.twimg.com/media/HD7w8D7XYAAUzq5.jpg,,en,,0,3,3,https://x.com/undefined/status/2035328999845482557,1672315035165630464,
2035328998918475827,Sat Mar 21 12:13:42 +0000 2026,0,Plainly the whole Blue Labour malarkey is a cheap sour deliberate operation to counter populism and throw red meat to the brain-dead and decency-deficient. But more widely (and strategically less obviously?) it s there to promote lack of change. https://t.co/ChzImll9gy https://t.co/PXNbGFcpUv,2035328998918475827,https://pbs.twimg.com/media/HD7w7W-WcAAEkkZ.jpg,,en,,0,0,0,https://x.com/undefined/status/2035328998918475827,3028008783,
2035328998742372763,Sat Mar 21 12:13:42 +0000 2026,0,#FootballFocus well said Dion Nedum has his light blue glasses on and I m an Arsenal fan ‍️,2035328998742372763,,,en,,0,0,0,https://x.com/undefined/status/2035328998742372763,3431181304,
2035281671365525702,Sat Mar 21 12:13:41 +0000 2026,0,@KickStreamingHQ Adin you doin bad business coming up with excuses not to pay blue face after a 6 round war! All your bets hit adin you paid off the judges through your friend at the Florida boxing commission with doesn t have anything to do with Rainbet so it s not they re fault it s yours adin,2035328994145378330,,KickStreamingHQ,en,,0,0,0,https://x.com/undefined/status/2035328994145378330,1554955377850175489,
2034760476584767535,Sat Mar 21 12:13:41 +0000 2026,1,@wooribun taichi blue flag https://t.co/Aimwr0mHWn,2035328994002804874,https://pbs.twimg.com/media/HD7w7qSaYAA4gd5.jpg,wooribun,en,,0,0,0,https://x.com/undefined/status/2035328994002804874,2031934392650604544,
2035328988906987595,Sat Mar 21 12:13:40 +0000 2026,0,「XのことをTwitterと呼び続ける人って〜」っての、中学高校とX-JAPANがまだXで、BLUE BLOODコピーしていた友達とかいたし、やっぱりXとはなんとなく言いにくい。言ってもまだ「X、昔のTwitterですね」って言ってしまう。,2035328988906987595,,,ja,,0,0,0,https://x.com/undefined/status/2035328988906987595,58175545,
2035085014317113478,Sat Mar 21 12:13:40 +0000 2026,0,@covie_93 All blue states full of crime and fraud. Congrats.,2035328988323643614,,covie_93,en,,0,0,0,https://x.com/undefined/status/2035328988323643614,2784692560,
2035095425846325545,Sat Mar 21 12:13:36 +0000 2026,0,@thusfarted @DuncanSmithNBA @LTGetsPolitical Seriously tho stop wit the charades. Politics are a game to white people life/death for everyone else. You really think the rest of the world cares whether a supremacist where s a red or blue hat?,2035328974801305789,,thusfarted,en,,0,0,0,https://x.com/undefined/status/2035328974801305789,1588247893198217219,
2035292226209640783,Sat Mar 21 12:13:36 +0000 2026,0,@instablog9ja Na once in a blue moon-this one dy show face,2035328974767693990,,instablog9ja,en,,0,0,0,https://x.com/undefined/status/2035328974767693990,1824507248997007360,
2035289701595144415,Sat Mar 21 12:13:33 +0000 2026,0,@PeterTerry3 Blue lights for s free housing cars petroleum and tenders for our families,2035328960351866980,,PeterTerry3,en,,0,0,0,https://x.com/undefined/status/2035328960351866980,819656109086609408,
2035096262614430133,Sat Mar 21 12:13:31 +0000 2026,0,@Genshin_Forever The First Gogeta in Blue Evolution was in SDBH i think. ,2035328953766785325,,Genshin_Forever,en,,0,1,0,https://x.com/undefined/status/2035328953766785325,1001205193617367041,
2035310977470681135,Sat Mar 21 12:13:31 +0000 2026,0,@Blue_Footy That s the only mistake he made. He has done well at blue co and the new manager has stick with his pattern. Liam should have also stick with Maresca pattern till preseason,2035328950587548120,,Blue_Footy,en,,0,0,0,https://x.com/undefined/status/2035328950587548120,1800235067408568320,
2035328935374803408,Sat Mar 21 12:13:27 +0000 2026,0,You can't blame them. Big accounts are intimidating most users here. If you're not blue-ticked they will ignore your comments or posts. Funny enough an unverified account with good content doesn't get attention like a verified account with bad or poor content.,2035328935374803408,,,en,,0,1,0,https://x.com/undefined/status/2035328935374803408,1798037147859185666,
2035328930065080764,Sat Mar 21 12:13:26 +0000 2026,1,Okay Blue is Youhu Pink is Encore Yellow Verina Blue is Youhu Purple is Roccia So gonna be need Black White and Red gonna be my Power Rangers kids https://t.co/NfsjwGSkFo,2035328930065080764,https://pbs.twimg.com/media/HD7w3htagAAt0Fd.jpg,,en,,0,1,0,https://x.com/undefined/status/2035328930065080764,1055235277,
2035182356286632395,Sat Mar 21 12:13:25 +0000 2026,0,@oliverburdick Still looking where in my Bible it says if I should keep my white-collar job or try out a blue-collar job ,2035328928269672638,,oliverburdick,en,,0,0,0,https://x.com/undefined/status/2035328928269672638,2003858036545503233,
2035101189381996920,Sat Mar 21 12:13:25 +0000 2026,0,@leuvyet australian blue banded bee isnt very creepy at all but im fond of him and something very funny to me about he + a bunch of honey bees hanging out in the garden but the honey bees all like a bunch of things and bro just wants tomato flowers https://t.co/9gAum93KJW,2035328928018219357,https://pbs.twimg.com/media/HD7ww7ybsAA6C5J.jpg,leuvyet,en,,0,0,0,https://x.com/undefined/status/2035328928018219357,896832741433524224,
2035323795318153635,Sat Mar 21 12:13:25 +0000 2026,0,@Diaby_lv1 ton avis sur le blue moon ?,2035328927623794808,,Diaby_lv1,en,,0,1,0,https://x.com/undefined/status/2035328927623794808,878653805436522497,
2034934080815485159,Sat Mar 21 12:13:24 +0000 2026,2,@cinnah39 @HomerPavlos Step 1. Take the blue pill. Step 2. Take a DNA test. Step 3. Revert to Rum.,2035328924989661619,,cinnah39,en,,0,0,0,https://x.com/undefined/status/2035328924989661619,1496214040951103488,
2035171155645170142,Sat Mar 21 12:13:24 +0000 2026,5,@BeanNickyBarnes @SceneinCinema yall would think a rock was attractive if it was white with blue eyes,2035328924188594660,,BeanNickyBarnes,en,,0,0,0,https://x.com/undefined/status/2035328924188594660,1913076242590404608,
2035328914352976156,Sat Mar 21 12:13:22 +0000 2026,0,i dont hate blue blood but IT SOUNDS SO TACKY IM SORRY,2035328916588490854,,WLWHOBl,en,,0,0,0,https://x.com/undefined/status/2035328916588490854,1325966302838747137,
2035328913321153009,Sat Mar 21 12:13:22 +0000 2026,0,Coach Sea Blue Suede Bleecker Bucket Bag | Quick Look! #coachbag #buck... https://t.co/qogQ6dDnsC via @YouTube,2035328913321153009,,,en,,0,0,0,https://x.com/undefined/status/2035328913321153009,1767589094547230721,
2035328912981688566,Sat Mar 21 12:13:22 +0000 2026,2,For the new moots nickname: Adi prns: he/him height: 6'3 sexuality: straight smokes: piercings: tattoos: fav color: Black/Blue fav drink: No particular favourite fav food: Probablyyy kadhai paneer with naan fav animal: cats!! ,2035328912981688566,,,en,,0,1,0,https://x.com/undefined/status/2035328912981688566,1312327946141483011,
2035328907788894501,Sat Mar 21 12:13:20 +0000 2026,0,That another country has to say this is an indictment against Trump the GOP who enables him and GOP-Christian leaders and voters who elected him. What happened to the values we use to say we stand for? They've been replaced with GOP-Christian values. VOTE THEM OUT! VOTE BLUE!,2035328907788894501,,,en,,0,0,0,https://x.com/undefined/status/2035328907788894501,1322025976499441665,
2035328891523305798,Sat Mar 21 12:13:16 +0000 2026,8,Longest gaps between Ellie Gouldings albums: 1. Delirium Brightest Blue: 1 715 days 2. Higher Than Heaven EG6: 1 079 days 3. Halcyon Days Delirium: 805 Days EG6 soon? @elliegoulding https://t.co/BWOJmzRJey,2035328891523305798,https://pbs.twimg.com/media/HD7w0sWXgAApaNh.jpg,,en,,0,0,0,https://x.com/undefined/status/2035328891523305798,1679947700706394115,
2035310989139439938,Sat Mar 21 12:13:16 +0000 2026,0,@official_artms anti-believe and Blue Blood ,2035328888579281138,,official_artms,en,,0,0,0,https://x.com/undefined/status/2035328888579281138,1524963789304520704,
2035281033533202934,Sat Mar 21 12:13:15 +0000 2026,0,@rory_donaghy @PhilipH21343285 I don't give a shit about ANY paedo but you're probably like your mate you won't condemn yours. You'd rather indulge in your perverted whataboutery. Your hypocrisy is monumentally outstanding. https://t.co/TuUmp6bV5o,2035328885919719871,https://pbs.twimg.com/media/HD7wOPXbUAAngsw.jpg,rory_donaghy,en,,0,1,0,https://x.com/undefined/status/2035328885919719871,1551561496676663297,
2035328881251508413,Sat Mar 21 12:13:14 +0000 2026,0,Abeg no pass my post engage them I soon buy blue tick https://t.co/D0PHb65M3E,2035328881251508413,https://pbs.twimg.com/media/HD7w0uHaEAAdaYY.jpg,,en,,0,0,0,https://x.com/undefined/status/2035328881251508413,1683554974939197440,
2035268275110912135,Sat Mar 21 12:13:14 +0000 2026,0,@realRick_AUS I gave up on those blue haired fucks years ago,2035328880626807144,,realRick_AUS,en,,0,0,0,https://x.com/undefined/status/2035328880626807144,4287956544,
2035318949404114955,Sat Mar 21 12:13:14 +0000 2026,0,@defiantsunfloer All black.. with light blue background.. fully photogenic,2035328879225868537,,defiantsunfloer,en,,0,0,0,https://x.com/undefined/status/2035328879225868537,2430009917,
2035326638917890166,Sat Mar 21 12:13:13 +0000 2026,0,@umichbball GO BLUE!,2035328878789497108,,umichbball,en,,0,0,0,https://x.com/undefined/status/2035328878789497108,2385166723,
2035328527386415233,Sat Mar 21 12:13:12 +0000 2026,0,️ Morpho V1's Defense Morpho tells a very different story. The core Morpho Blue protocol has never been directly exploited. While a third-party market lost $250K in Oct 2024 it was due to a misconfigured oracle not professional curated vaults. A 2025 frontend bug also resulted,2035328874569982294,,CryptoSeb2026,en,,0,1,0,https://x.com/undefined/status/2035328874569982294,2032351659956072448,
2035318463539949609,Sat Mar 21 12:13:12 +0000 2026,2,@shubby_endy @mariolexxx Exactly That Why I'm Waiting To Clock 600 Premium Followers Before Buying Blue Tick,2035328871583633891,,shubby_endy,en,,0,1,0,https://x.com/undefined/status/2035328871583633891,1603059278654357507,
2035328871172641182,Sat Mar 21 12:13:12 +0000 2026,6,My last day in Limerick 🇮🇪 and we have blue skies #Ireland https://t.co/k2ovKYD7ui,2035328871172641182,https://pbs.twimg.com/media/HD7w0bVXwAAIlUh.jpg,,en,,0,1,0,https://x.com/undefined/status/2035328871172641182,1665848277370130433,
2035328866277830677,Sat Mar 21 12:13:10 +0000 2026,0,See what blue and brown can look like when paired together on your home's #interior. #homestyle https://t.co/IcFuUd2H4G,2035328866277830677,,,en,,0,0,0,https://x.com/undefined/status/2035328866277830677,1845558677488701440,
2035328862327063033,Sat Mar 21 12:13:10 +0000 2026,0,i have applied a blue facepack #inthistxtshitforlife,2035328862327063033,,,en,,0,0,0,https://x.com/undefined/status/2035328862327063033,1903381797574180864,
2035328861131698594,Sat Mar 21 12:13:09 +0000 2026,130,: (Our) child should have looked like a blue monkey that s something we missed : I want our child to look like a blue monkey more than a yellow egg tart ⭐️: (hits) JUNIORMARK AT SUMMER THE MALL BANGKAE #THEMALLSUMMER2026xJUNIORMARK https://t.co/8MsUOAEzM6,2035328861131698594,https://pbs.twimg.com/ext_tw_video_thumb/2035327263793950720/pu/img/dw8RnisFYjT0TUdK.jpg,,en,,2,0,56,https://x.com/undefined/status/2035328861131698594,1616444805588094980,
2035169963879567393,Sat Mar 21 12:13:06 +0000 2026,0,@zonevivi It won t win until the ones who have blue blood and anti believe as favorite stop voting both thinking one will stay as a bside when in reality blue blood deserves to be a bside anyway it s 0 catchy and will just keep artms in a niche conversation,2035328848347238886,,zonevivi,en,,0,0,0,https://x.com/undefined/status/2035328848347238886,1982986075074437120,
2035304536462492071,Sat Mar 21 12:13:06 +0000 2026,0,@abdullahayofel Blue tick for people,2035328847508345262,,abdullahayofel,en,,0,0,0,https://x.com/undefined/status/2035328847508345262,1521881994455564290,
2035328833117618493,Sat Mar 21 12:13:03 +0000 2026,0,You got to burn to shine But you were born under a bad sign With a blue moon in your eyes,2035328833117618493,,,en,,0,0,0,https://x.com/undefined/status/2035328833117618493,809819126,
2034814748059963600,Sat Mar 21 12:13:01 +0000 2026,1,@yaoiangel67 Black and white with a little blue https://t.co/5QsPphnYKN,2035328827954528299,https://pbs.twimg.com/media/HD7wxsAWkAAybJR.jpg,yaoiangel67,en,,0,0,1,https://x.com/undefined/status/2035328827954528299,1682982827053203456,
2035328824993583141,Sat Mar 21 12:13:01 +0000 2026,1,잠시 안녕처럼 #추천곡 #겨울 #Winter #cafe #coffee #커피 #카페 #Blue Wind #차지연 Type #린 T... https://t.co/UIT9O0ej2p via @YouTube,2035328824993583141,,,ko,,0,0,0,https://x.com/undefined/status/2035328824993583141,1907762349005828096,
2035328821583286607,Sat Mar 21 12:13:00 +0000 2026,0,Blue Moon / Hearts2Heartsのカナルビ動画を公開しました！ #Hearts2Hearts #H2H #BlueMoon https://t.co/6VFfZevdRd,2035328821583286607,,,ja,,0,0,0,https://x.com/undefined/status/2035328821583286607,2023568272667652096,
2035317832586506302,Sat Mar 21 12:12:59 +0000 2026,8,@WuWa_Verse1 Okay Blue is Youhu Pink is Encore Yellow Verina Blue is Youhu Purple is Roccia So gonna be need Black White and Red gonna be my Power Rangers kids https://t.co/2hiY5TLOtf,2035328819566133732,https://pbs.twimg.com/media/HD7wohmbYAABvJF.jpg,WuWa_Verse1,en,,0,1,0,https://x.com/undefined/status/2035328819566133732,1055235277,
2035326417890676971,Sat Mar 21 12:12:58 +0000 2026,0,@bitchassmiek blue,2035328814788571515,,bitchassmiek,en,,0,0,0,https://x.com/undefined/status/2035328814788571515,1997708351871086592,
2035173884404580698,Sat Mar 21 12:12:57 +0000 2026,0,@i0lanthe_ that's actually a blue crayfish in nature they range from brown to grayish blue captivity has made them slay blue lobsters do exist the european lobster is often blue but they too can be brown https://t.co/HGiXz9bMdW,2035328810271330641,https://pbs.twimg.com/media/HD7wwseXUAA8Fbr.jpg,i0lanthe_,en,,0,0,0,https://x.com/undefined/status/2035328810271330641,1679952144919670784,
2035306567533199527,Sat Mar 21 12:12:54 +0000 2026,5,@ZZZAnonymously Nangong green and sunna blue https://t.co/0YNcJLc7xQ,2035328795876471243,https://pbs.twimg.com/tweet_video_thumb/HD7wv5zXIAAzv89.jpg,ZZZAnonymously,en,,0,0,0,https://x.com/undefined/status/2035328795876471243,1632848507592687618,
2034910651702022313,Sat Mar 21 12:12:52 +0000 2026,0,@dbs0127 @BigWave372 we see what you're doing blue check guy. here's $0.01 USD for your rage baiting post. even you can't think that's true.,2035328790742565167,,dbs0127,en,,0,0,0,https://x.com/undefined/status/2035328790742565167,233676889,
2035297864172122194,Sat Mar 21 12:12:52 +0000 2026,0,@VickTrub @https_tanapong Blue white and black #LoveYouTeacherSeriesEP2,2035328788804853777,,VickTrub,en,,0,0,0,https://x.com/undefined/status/2035328788804853777,1904639682543001600,
2035047561795346459,Sat Mar 21 12:12:50 +0000 2026,0,@notchampagnpapx Tu eres nuevo en el fandom de One Piece y se nota. Es un anime que muchisima gente intenta empezar y lo abandona porque sólo el East Blue ya son 50 episodios. No olvidemos que durante una decada muchos recomendaban saltarse Skypiea entero.,2035328781431234923,,notchampagnpapx,es,,0,0,0,https://x.com/undefined/status/2035328781431234923,1505974287911563272,
2035013466554016201,Sat Mar 21 12:12:49 +0000 2026,1,@KOGG__ the blue women in general give that vibe I have the same issue in other gachas https://t.co/OyVoUkTtfr,2035328776951738551,https://pbs.twimg.com/tweet_video_thumb/HD7wunfa8AA2pvy.jpg,KOGG__,en,,0,0,0,https://x.com/undefined/status/2035328776951738551,1744324812816764928,
2035312975360176166,Sat Mar 21 12:12:48 +0000 2026,0,@CFCKelv Please give my share to lobistar so he buys blue tick for his followers,2035328773290139890,,CFCKelv,en,,0,0,0,https://x.com/undefined/status/2035328773290139890,1897706239867404288,
2034954840648876367,Sat Mar 21 12:12:48 +0000 2026,0,@nyongbella_ i always love the grape girl but i wish they give her blue lipstick instead it'll fit her more,2035328770912256160,,nyongbella_,en,,0,0,0,https://x.com/undefined/status/2035328770912256160,1578537606778093568,
2035328769544618263,Sat Mar 21 12:12:47 +0000 2026,1,Chasing sunsets in Santorini white-washed villages blue domes and wine that tastes like sunshine. Worth every mile of the long flight! #Wanderlust #SantoriniMagic https://t.co/O5beQmZebN,2035328769544618263,https://pbs.twimg.com/media/HD7wp-gagAAyURd.jpg,,en,,0,0,0,https://x.com/undefined/status/2035328769544618263,1288954290665652225,
2035061840892314027,Sat Mar 21 12:12:47 +0000 2026,0,@mattvanswol I was so confused about how North Carolina ended up a blue state.. then I see this shit and it all makes sense.,2035328768600850931,,mattvanswol,en,,0,0,0,https://x.com/undefined/status/2035328768600850931,80334881,
2035165094523322754,Sat Mar 21 12:12:47 +0000 2026,1,@Mappy6984 Blue hair is a sign of mental health issues,2035328766768029954,,Mappy6984,en,,0,0,0,https://x.com/undefined/status/2035328766768029954,1588220489603993600,
2035328766256251014,Sat Mar 21 12:12:47 +0000 2026,0,Well there you have it Houston. We're supposed to have clear blue skies for the next week. So if you look up and you see those stripes everywhere it's because this administration is a bunch of sellouts.@SecKennedy @epaleezeldin @POTUS #chemtrails https://t.co/5ozarfWWEe,2035328766256251014,,,en,,0,0,0,https://x.com/undefined/status/2035328766256251014,2409821744,
2035006653482111102,Sat Mar 21 12:12:45 +0000 2026,0,@Darkdarling00 that's just a matter of fact. The sky is blue bacon is delicious and she's a garbage biped!,2035328759327314038,,Darkdarling00,en,,0,0,0,https://x.com/undefined/status/2035328759327314038,1586296066328219648,
2035235437569081424,Sat Mar 21 12:12:44 +0000 2026,0,@baibar89 @dailysneako Ig you like blue flags,2035328755728597479,,baibar89,en,,0,0,0,https://x.com/undefined/status/2035328755728597479,1487760526147002371,
2035328747667075132,Sat Mar 21 12:12:42 +0000 2026,0,Ocean vibes confidence and a fresh kick for your day! Smell like a story worth telling turn heads with Antonio Banderas Blue Seduction EDT 200ml Spray. Own the moment for just £29.99! https://t.co/rtmBjUkwx8 https://t.co/MKJf3dM8sI,2035328747667075132,https://pbs.twimg.com/media/HD7wtfWboAAalCy.jpg,,en,,0,0,0,https://x.com/undefined/status/2035328747667075132,1511809140460511235,
2035140939262390731,Sat Mar 21 12:12:40 +0000 2026,0,@ChrisDJackson First you need to hold accountable the manufactured Chaos of Socialist Activists. Funded by well known NGO's to stir the shit pot to divide the nation. George Soros ring a Bell through the Tides Foundation and Act Blue is one.,2035328739307851864,,ChrisDJackson,en,,0,0,0,https://x.com/undefined/status/2035328739307851864,1479163820811722755,
2035280251409084527,Sat Mar 21 12:12:40 +0000 2026,0,@violetsaucy Blue ,2035328738972270930,,violetsaucy,en,,0,0,0,https://x.com/undefined/status/2035328738972270930,262031545,
2035240892181680331,Sat Mar 21 12:12:38 +0000 2026,0,@maetsa_kabomo Do they have in Navy blue asking for a child in high school,2035328728973115645,,maetsa_kabomo,en,,0,0,0,https://x.com/undefined/status/2035328728973115645,473282053,
2035328720974541264,Sat Mar 21 12:12:36 +0000 2026,1,No termino de procesar este concierto BTS COME HOME #BTSLiveonNetflix #BTS_ARIRANG https://t.co/TnNkMqQoxH,2035328720974541264,https://pbs.twimg.com/media/HD7wr47WoAA_218.jpg,,es,,0,0,0,https://x.com/undefined/status/2035328720974541264,2812168462,
2035328719594635638,Sat Mar 21 12:12:35 +0000 2026,0,Home is where love resides memories are created friends always belong and laughter never ends. Unknown Cozy corners start with gentle scents and hand-poured candles from Blue Ridge Whispers. Create your welcome home. ️ https://t.co/lfkhv5KnPr https://t.co/mHu1IjJR9G,2035328719594635638,https://pbs.twimg.com/media/HD7wr2pWsAAVqeV.jpg,,en,,0,0,0,https://x.com/undefined/status/2035328719594635638,1807449591375142912,
2032813857216057413,Sat Mar 21 12:12:33 +0000 2026,0,@Zap23ggg @seniorgreentea Just transfer blue power from valley,2035328708366811250,,Zap23ggg,en,,0,0,0,https://x.com/undefined/status/2035328708366811250,744824580871643136,
2035021188938760436,Sat Mar 21 12:12:32 +0000 2026,0,@BluRadioCo Jajajaja blue y sus aulicos haciendo propaganda política. Ya no les queda de otra. Sicarios del micrófono,2035328707062022254,,BluRadioCo,es,,0,0,0,https://x.com/undefined/status/2035328707062022254,1550092420620197890,
2035177522279727277,Sat Mar 21 12:12:28 +0000 2026,0,@RonFilipkowski All the blue states cheat. All. And all are full of crime and fraud.,2035328687659245571,,RonFilipkowski,en,,0,0,0,https://x.com/undefined/status/2035328687659245571,2784692560,
2034959834643100044,Sat Mar 21 12:12:26 +0000 2026,1,@BerlinOrde12767 @WHLeavitt I like blue,2035328679270547858,,BerlinOrde12767,en,,0,0,0,https://x.com/undefined/status/2035328679270547858,1739122303852568576,
2035222125087207655,Sat Mar 21 12:12:24 +0000 2026,0,@sFiivee @Saamgaam_ @KarkatSG You buy a blue checkmark and have 200 followers you can t criticize what anyone consumes or spends money on,2035328672534548977,,sFiivee,en,,0,0,0,https://x.com/undefined/status/2035328672534548977,1807440590382006272,
2035198211967578508,Sat Mar 21 12:12:24 +0000 2026,1,@huffnpuff54 @GadSaad Lived in Bahrain back in the 90s &amp; it was a request that clothing not be revealing or tight. I still remember seeing Madeline Albright on TV sitting with King Fahd in her Royal Blue suit with her skirt hitched up to reveal her more than ample thigh. ,2035328672123462004,,huffnpuff54,en,,0,0,0,https://x.com/undefined/status/2035328672123462004,1595631359791288320,
2035328665714876536,Sat Mar 21 12:12:23 +0000 2026,0,Healthy dinner for my dog Raw whole quail eggs Blue spirulina powder Plain greek yogurt Air-dried beef recipe (use code Kayla50 for 50% off!) Dehydrated chicken foot Decaffeinated green tea Follow for more healthy meals &amp; dog tip... https://t.co/1kEoPRpqQz,2035328665714876536,https://pbs.twimg.com/amplify_video_thumb/2035328535330775040/img/xzbABTS9o_XjnBZV.jpg,,en,,0,0,0,https://x.com/undefined/status/2035328665714876536,2008748224627306500,
2035328663974232485,Sat Mar 21 12:12:22 +0000 2026,4,Kenny Burrell「midnight blue」 https://t.co/dUx7xq7ZGk,2035328663974232485,https://pbs.twimg.com/media/HD7wfh1aQAAFTrx.jpg,,en,,0,0,0,https://x.com/undefined/status/2035328663974232485,1297639552006279168,
2034808282527711385,Sat Mar 21 12:12:21 +0000 2026,0,@mattvanswol @tacticiangirl I felt the same way knowing my blue tax dollars go to generational welfare in red pauper states instead of back to me.,2035328659230253493,,mattvanswol,en,,0,0,0,https://x.com/undefined/status/2035328659230253493,1799465353866579968,
2035328651789844735,Sat Mar 21 12:12:19 +0000 2026,0,What the early-season projections are saying for the Blue Jays in the AL East https://t.co/C6zfSlN2PU,2035328651789844735,,,en,,0,0,1,https://x.com/undefined/status/2035328651789844735,4831127898,
2035328650740932983,Sat Mar 21 12:12:19 +0000 2026,4,Iphone 17 I no get Babe I no get Talking stage I no get Money I no get Blue tick I no get Active mutuals I no get But you know Wetin I get I get exam on Monday ,2035328650740932983,,,en,,0,1,1,https://x.com/undefined/status/2035328650740932983,1509895898469445649,
2035281970737873184,Sat Mar 21 12:12:18 +0000 2026,0,@vazhakandy @Mahesh10816 majority of europeans are not blonde and blue eyed aryans were fair black hair brown eyes not blonde hair and blue eyes Indian have steppe gene in limited % only jaats etc have around 30 to 40% steppe gene at max in India,2035328645506773276,,vazhakandy,en,,0,1,0,https://x.com/undefined/status/2035328645506773276,1711335132823777281,
2035160109605646568,Sat Mar 21 12:12:18 +0000 2026,0,@shteivred @atlanticesque @MorlockP The highest value most in-demand municipalities for conservatives are the ones that have the most rigorous protections against any high density development. The municipalities that densify always turn people or blue electing big tax/spending liberals who stop repairing roads,2035328644390789600,,AgileJebrim,en,,0,1,0,https://x.com/undefined/status/2035328644390789600,1318942901741735941,
2035328642474180684,Sat Mar 21 12:12:17 +0000 2026,3,ANA Blue Hangar Tour 尾翼も目の前に！ガイドさんからいろいろ機種による違いなどを丁寧に説明を受けながら見学を楽しむ。（3/4） ANA広報様より掲載承諾済 https://t.co/gX3CTy4na1,2035328642474180684,https://pbs.twimg.com/media/HD7wjSmawAAG4Q-.jpg,,ja,,0,0,0,https://x.com/undefined/status/2035328642474180684,742991156192153600,
2035328637222666711,Sat Mar 21 12:12:16 +0000 2026,18,On the bump for @BlueJays in today s Spring Breakout game RHP Austin Cates! https://t.co/6c0TcDmDfh,2035328637222666711,https://pbs.twimg.com/media/HD7wm6lbwAAJ3G4.jpg,,en,,1,0,6,https://x.com/undefined/status/2035328637222666711,103946210,
2034988521753108664,Sat Mar 21 12:12:14 +0000 2026,0,@FFT1776 The obvious tell is the fact the corrupt act blue continues to openly money launder billions of illicit money to the DMC with immunity,2035328630708981890,,FFT1776,en,,0,0,0,https://x.com/undefined/status/2035328630708981890,1815889882054582273,
2035007914335691186,Sat Mar 21 12:12:14 +0000 2026,0,@GuthixMoney @VolaTim @grok You aren t premium you don t have a blue tick. Why don t you just ask me directly haha,2035328628255244572,,GuthixMoney,en,,0,0,0,https://x.com/undefined/status/2035328628255244572,1688556419425902592,
2035318463539949609,Sat Mar 21 12:12:11 +0000 2026,1,@Paradisenewslin @MrBen150 @mariolexxx What's so special about the blue tick?? High fashion page isn't verified yet he has the engagement and followers,2035328616314106351,,Paradisenewslin,en,,0,1,0,https://x.com/undefined/status/2035328616314106351,1871913520352395264,
2035301279321264607,Sat Mar 21 12:12:07 +0000 2026,1,@OkwongRosemary A queen in blue ,2035328599025177042,,OkwongRosemary,en,,0,1,1,https://x.com/undefined/status/2035328599025177042,1484246346664194048,
2034959200263020624,Sat Mar 21 12:12:05 +0000 2026,0,@PMashatile Has your blue light brigade beat up any South African lately?,2035328592452661743,,PMashatile,en,,0,0,0,https://x.com/undefined/status/2035328592452661743,334002401,
2035328579807141990,Sat Mar 21 12:12:02 +0000 2026,0,いよいよ開催まであと1週間となりました Diggersは3月28日21時からスタートです！ 本日タイムテーブルが完成しました！ 今回はこちらの6名のDJでイベント盛り上げていきます！ フレンドDJのえびすい君は3番手となっております！ 来週のこの時間はBlueさんにてご来場お待ちしております！ #Diggers高知 https://t.co/yunmUfo1uB,2035328579807141990,https://pbs.twimg.com/media/HD7wjQBakAA0Xkp.jpg,,ja,,0,0,1,https://x.com/undefined/status/2035328579807141990,1206522224145879041,
2035328570067706284,Sat Mar 21 12:12:00 +0000 2026,2,#TheHobby flex Running out of blue tape and having to buy more https://t.co/F26bkhwFto,2035328570067706284,https://pbs.twimg.com/media/HD7wi8Ja0AArrg5.jpg,,en,,0,0,0,https://x.com/undefined/status/2035328570067706284,1835450444656594944,
2034998584345600213,Sat Mar 21 12:11:59 +0000 2026,0,@BiniIrl Capitalism allows you start your own business and run at as you see fit What capitalist and corpo bootlickers never seem to get that there's a difference between running as you see fit in product A needs to be blue and exploiting the people you hire,2035328568608141802,,BiniIrl,en,,0,1,0,https://x.com/undefined/status/2035328568608141802,3475699756,
2035313934891405660,Sat Mar 21 12:11:59 +0000 2026,0,@Johnbobby267669 @TorinoAqua In this gorgeous Genshin Impact fanart by TorinoAqua Maid Alice (left blue-eyed &amp; blushing) shyly offers a silver tray loaded with Paimon-like plushies scones &amp; a tiny hat critter. Beside her confident Maid Nico (golden eyes star accents) kneels elegantly hand on thigh in,2035328566338916361,,Johnbobby267669,en,,0,0,0,https://x.com/undefined/status/2035328566338916361,1720665183188922368,
2035321690629059026,Sat Mar 21 12:11:57 +0000 2026,57,@AboutMusicYT @xoalmuse Jimin all the way down like a fish in the deep blue sea.. incredible https://t.co/YlbOn2jNVl,2035328557686329724,https://pbs.twimg.com/media/HD7wiZQbkAA4M-f.jpg,AboutMusicYT,en,,0,0,6,https://x.com/undefined/status/2035328557686329724,995708921162559488,
2035304536462492071,Sat Mar 21 12:11:56 +0000 2026,0,@abdullahayofel Blue tick,2035328554758553637,,abdullahayofel,en,,0,0,0,https://x.com/undefined/status/2035328554758553637,278663507,
2034268717517820055,Sat Mar 21 12:11:55 +0000 2026,0,@abetancourt00 @MovistarCo @ClaroColombia @MovistarCo @Telefonica_Col paguen lo que le deben a los empleados de su aliado BLUE STAR no sean descarados acaso piensan quedarse con el salario y las liquidaciones de la gente? PAGUEN YA!!!! PAGUEN LO QUE DEBEN NO SEAN DESCARADOS. SE APROVECHAN DE LA GENTE HUMILDE NECESITADA,2035328548324462950,,abetancourt00,es,,0,0,0,https://x.com/undefined/status/2035328548324462950,1816982305082159104,
2035328547892654445,Sat Mar 21 12:11:55 +0000 2026,0,Blue Rocket(@BR_akihabara )さんのニンジャスピナーのプレゼント企画に当選させていただきました 嬉しいです ありがとうございます️ 商品が届くのがすごく楽しみです #BlueRocket https://t.co/ljNofcV45X,2035328547892654445,https://pbs.twimg.com/media/HD7whsTacAAFItm.jpg,,ja,,0,0,0,https://x.com/undefined/status/2035328547892654445,1919406997222612992,
2035328539235356719,Sat Mar 21 12:11:52 +0000 2026,2,guys ik i JS dyed my hair blue BUT .i rlly wanna do this to it ughshdjsn https://t.co/skvQUBfA7H,2035328539235356719,https://pbs.twimg.com/media/HD7whOyakAEY6bK.jpg,,en,,0,0,0,https://x.com/undefined/status/2035328539235356719,1477107430433730560,
2035327301517467745,Sat Mar 21 12:11:52 +0000 2026,0,Blue Jeans本番の時も今日も最高でした,2035328537012605292,,parawan4s,ja,,0,0,0,https://x.com/undefined/status/2035328537012605292,1640538559,
2035281822997696997,Sat Mar 21 12:11:50 +0000 2026,0,@winibaby12 @Varticoo Coming from someone that has a blue tick ,2035328529005424688,,winibaby12,en,,0,1,0,https://x.com/undefined/status/2035328529005424688,1944738060467363840,
2035328528502468834,Sat Mar 21 12:11:50 +0000 2026,0,【オモコロMAD】原宿の口FIRST NOTE【BLUE GIANT】 https://t.co/VzwLToqaas @YouTubeより これで生きてるよ、ガチ,2035328528502468834,,,ja,,0,0,0,https://x.com/undefined/status/2035328528502468834,2009212404719333377,
2035091507527532835,Sat Mar 21 12:11:49 +0000 2026,0,@BrianAtlas Why are blue haired women so unattractive?,2035328523263418467,,BrianAtlas,en,,0,0,0,https://x.com/undefined/status/2035328523263418467,1731399458657558528,
2035174555522601445,Sat Mar 21 12:11:48 +0000 2026,0,@LucasSa56947288 Thank you blue states.,2035328520197423397,,LucasSa56947288,en,,0,0,0,https://x.com/undefined/status/2035328520197423397,4258152605,
2035264122015609318,Sat Mar 21 12:11:47 +0000 2026,1,@goodtogoat62 Sun ️ is out the sky is blue there s not a cloud ️ to spoil the view ( ok just a few ) Thanks Andrea ,2035328515139141762,,goodtogoat62,en,,0,1,0,https://x.com/undefined/status/2035328515139141762,1561229719961468928,
2035325556980351369,Sat Mar 21 12:11:45 +0000 2026,0,@etotopl https://t.co/RHjkSmc2se,2035328509460000818,https://pbs.twimg.com/media/HD7we1DXMAAObMV.jpg,etotopl,qme,,0,0,0,https://x.com/undefined/status/2035328509460000818,2838209127,
2035328506457215399,Sat Mar 21 12:11:45 +0000 2026,1,https://t.co/UJTtrqEPHb,2035328506457215399,https://pbs.twimg.com/media/HD7wdMqbkAEIdEl.jpg,,zxx,,0,0,0,https://x.com/undefined/status/2035328506457215399,2016213081198886916,
2035313698932244808,Sat Mar 21 12:11:44 +0000 2026,0,@bruno_KUg Blue,2035328503034380556,,bruno_KUg,en,,0,0,0,https://x.com/undefined/status/2035328503034380556,1626503718484025344,
2035076408909963624,Sat Mar 21 12:11:43 +0000 2026,0,@Matt_Pinner Blue,2035328499750236501,,Matt_Pinner,en,,0,0,0,https://x.com/undefined/status/2035328499750236501,52581631,
2035328499133604040,Sat Mar 21 12:11:43 +0000 2026,0,This poor woman is CLEARLY mentally ill. #BonnieBlue https://t.co/sV9UsrKrZr,2035328499133604040,,,en,,0,0,0,https://x.com/undefined/status/2035328499133604040,1709242339049254912,
2035318008290373678,Sat Mar 21 12:11:42 +0000 2026,2,@NEWSMAX The plaintiffs suing to block HHS Secretary RFK Jr. s declaration which labeled the treatments unsafe and threatened Medicare/Medicaid funding cuts were a coalition of 19 Democratic-led ( blue ) states plus the District of Columbia.,2035328494352138304,,NEWSMAX,en,,0,0,0,https://x.com/undefined/status/2035328494352138304,1874957462161276928,
2035328488534602010,Sat Mar 21 12:11:40 +0000 2026,1,The second when we can publish Star Wars Maps I'm going to submit blank maps called Star Wars Red vs Blue Jedi Red vs Blue and Sith Red vs Blue then I'm going to unlist them forever and banish to the shadow realm so nobody can ever use those names lol ‍️ #screwredvsblue,2035328488534602010,,,en,,0,0,0,https://x.com/undefined/status/2035328488534602010,1658490696272052224,
2035328459724165222,Sat Mar 21 12:11:34 +0000 2026,4,DX-Gボナカン430曲目(水増し込み) 「情熱の薔薇/THE BLUE HEARTS」 高すぎなくて良いキーなんだろうけど、僕には結構高かったです https://t.co/1Av4SEzpdj,2035328459724165222,https://pbs.twimg.com/media/HD7wchkawAA6vwk.jpg,,ja,,0,0,0,https://x.com/undefined/status/2035328459724165222,1959915436109414400,
2035220523085414464,Sat Mar 21 12:11:32 +0000 2026,0,@BostonCashews5 Blue notebook,2035328453294043551,,BostonCashews5,en,,0,0,0,https://x.com/undefined/status/2035328453294043551,1518666838439342082,
2035328448940724451,Sat Mar 21 12:11:31 +0000 2026,0,WE ARE LIVE ON YOUTUBE DEES FANS COME AND HAVE YOUR SAY ON THE GAME EPISODE ONE OF RED AND BLUE REACTIONS THE NEW DEES FAN CAM SHOW #AFLFREODEES,2035328448940724451,,,en,,0,1,0,https://x.com/undefined/status/2035328448940724451,1529356244682932224,
2035302970108023169,Sat Mar 21 12:11:28 +0000 2026,0,@chatswithem It s always smoggy in rabbit holes. Bright blue sky here and sun beating down.,2035328437456404521,,chatswithem,en,,0,1,0,https://x.com/undefined/status/2035328437456404521,1653304537627648000,
2035091507649421342,Sat Mar 21 12:11:25 +0000 2026,2,@Matt_Pinner No he's a Palestinian Jew with blue eyes Great stories though I've read them all the big 5 religions I had time on my hands ,2035328425129353721,,Matt_Pinner,en,,1,0,0,https://x.com/undefined/status/2035328425129353721,1918912837432336384,
2035328423925514496,Sat Mar 21 12:11:25 +0000 2026,0,#AlexandriaVA Today s blue plate is the Rocklands Pearl with cornbread and a small drink 10.99,2035328423925514496,,,en,,0,0,0,https://x.com/undefined/status/2035328423925514496,186805337,
2035088144001880485,Sat Mar 21 12:11:24 +0000 2026,0,@ModernWarzone This was the way before the blue hair army.,2035328420809216031,,ModernWarzone,en,,0,0,0,https://x.com/undefined/status/2035328420809216031,1982970925764227073,
2035328407425122782,Sat Mar 21 12:11:21 +0000 2026,1,Découvrez ACEO Original Floral Painting - Blue Flower Sketch - Upcycled Cardboard Art RMT https://t.co/WTlQfEL0ZD #eBay via @eBay,2035328407425122782,,,en,,0,0,0,https://x.com/undefined/status/2035328407425122782,1074368035845259265,
2035202384519971118,Sat Mar 21 12:11:21 +0000 2026,0,@sarahizzo @GadSaad My eyes are blue Yours are not,2035328405646819546,,sarahizzo,en,,0,1,0,https://x.com/undefined/status/2035328405646819546,1841591800965767169,
2035328404279676962,Sat Mar 21 12:11:20 +0000 2026,4,今日はね、大差で負けたけどね、大島さんが「PLANET BLUE」って言いたくなる気持ち分かったゲームだった,2035328404279676962,,,ja,,0,1,0,https://x.com/undefined/status/2035328404279676962,1667435026672386048,
2035244842696286384,Sat Mar 21 12:11:20 +0000 2026,1,@blue988203 blueさん、こんばんは！ 本日もお疲れさまでした キリっとしたクールな表情のメイドさんというのも良いものですね,2035328403499536770,,blue988203,ja,,0,1,0,https://x.com/undefined/status/2035328403499536770,1994795717811212291,
2035192721670119850,Sat Mar 21 12:11:20 +0000 2026,0,@A_T_M_K_unaju BLUE BLOODから好きになったので BLUE BLOODを,2035328403306655837,,A_T_M_K_unaju,ja,,0,0,0,https://x.com/undefined/status/2035328403306655837,1926200398655754240,
2035108246520836239,Sat Mar 21 12:11:19 +0000 2026,0,@Tablesalt13 Blue hair Liberal,2035328397992173817,,Tablesalt13,en,,0,0,0,https://x.com/undefined/status/2035328397992173817,1602855431797444608,
2035321287321481457,Sat Mar 21 12:11:16 +0000 2026,0,If you no get blue tick comment to and grow ,2035328388064243883,,GeorgeWove,en,,0,0,0,https://x.com/undefined/status/2035328388064243883,1977469638289104896,
2035310461596409969,Sat Mar 21 12:11:14 +0000 2026,2,@PokeDailyPost Blue all the way! Vaporeon &amp; Umbreon are my top 2 Eveelutions.,2035328378568647133,,PokeDailyPost,en,,0,0,0,https://x.com/undefined/status/2035328378568647133,889847034110398464,
2035328375590650262,Sat Mar 21 12:11:13 +0000 2026,0,@0 現場で会えたり、固定で動けるBLUEさん求めてます( ¯꒳​¯ )ᐝ #BLUEと繋がりたい #BLUEさんと繋がりたい #スパドラ好きな人と繋がりたい #スパドラファンと繋がりたい #SUPERDRAGON好きな人と繋がりたい #EBiDAN好きな人と繋がりたい,2035328375590650262,,0,ja,,0,0,0,https://x.com/undefined/status/2035328375590650262,1981351656374902784,
2035327674256671142,Sat Mar 21 12:11:11 +0000 2026,15,@john322226 I have blue tick Let s engage each other,2035328365188493428,,john322226,en,,0,7,0,https://x.com/undefined/status/2035328365188493428,1171179707066441728,
2035328357399675213,Sat Mar 21 12:11:09 +0000 2026,3,red yellow blue,2035328357399675213,,,en,,0,1,0,https://x.com/undefined/status/2035328357399675213,1758165446023372800,
2034996129188688282,Sat Mar 21 12:11:08 +0000 2026,0,@nakasechi @Drdevil994269 what s so bad about hsr relic system? we can craft any relic that we want can exchange +15 relics for relic fragments the reroll dice the blue dice that blocks the stats? it s miles better than genshin s where you have to wait a year for the set to be added to the strongbox,2035328352811163778,,nakasechi,en,,0,0,0,https://x.com/undefined/status/2035328352811163778,1566905146151505922,
2035328350496096364,Sat Mar 21 12:11:07 +0000 2026,0,BLUE JEANS POISON FROG | STRAWBERRY DART FROG | POISON DART FROG (AUDIO)... https://t.co/1ueofgrbtE via @YouTube,2035328350496096364,,,en,,0,0,0,https://x.com/undefined/status/2035328350496096364,1498527797597581320,
2034972319232282755,Sat Mar 21 12:11:04 +0000 2026,0,@BlueWolfNFTs @SOLANADEADS @gravemint Gm blue,2035328335794860496,,BlueWolfNFTs,en,,0,0,0,https://x.com/undefined/status/2035328335794860496,1667953952690774019,
2033894651514454426,Sat Mar 21 12:11:04 +0000 2026,0,@Rigger1938 @jjidrd @nnncurtis @MAGACharlie2024 Blue states tax the shit out of you for BS hand outs. Fraud is being exposed. Your government funding is a scam. Keep sucking the government.,2035328334121636196,,Rigger1938,en,,0,0,0,https://x.com/undefined/status/2035328334121636196,1735154683344560128,
2035323959093195116,Sat Mar 21 12:11:01 +0000 2026,5,@ZackPolanski Green party is the only hope we have of escaping oligarchy. Forget Blue Labour and Nazi Reform vote for you self-interests ,2035328323912450436,,ZackPolanski,en,,0,5,0,https://x.com/undefined/status/2035328323912450436,1992007060737994752,
2035322057810981372,Sat Mar 21 12:10:59 +0000 2026,1,@sachston LOSING HER IS BLUE LIKE ID NEVER KNOW MISSING HER WAS DARK GRAY ALL ALONE FORGETTING HER WAS LIKE TRYING TO KNOW SOMEBODY YOU NEVER MET BUT LOVING HER WAS REEEEEEDDDD,2035328316794610008,,sachston,en,,0,0,0,https://x.com/undefined/status/2035328316794610008,2035020305702559745,
2035328302446211086,Sat Mar 21 12:10:56 +0000 2026,0,BLUE JEANS POISON FROG | STRAWBERRY DART FROG | POISON DART FROG (AUDIO)... https://t.co/1ueofgrbtE via @YouTube #shorts #BLUEJEANSPOISONFROG #STRAWBERRYPOISONDARTFROG #POISONDARTFROG #Oophaga #pumilio #America #Panama #CostaRica #Nicaragua #IUCN,2035328302446211086,,,en,,0,0,0,https://x.com/undefined/status/2035328302446211086,1498527797597581320,
2035076408909963624,Sat Mar 21 12:10:56 +0000 2026,0,@Matt_Pinner Blue,2035328301028241656,,Matt_Pinner,en,,0,0,0,https://x.com/undefined/status/2035328301028241656,1792608941332889601,
2034955446818132054,Sat Mar 21 12:10:52 +0000 2026,0,@bbonithica Atsulucy is literally the same thing how do you think Lucy developed feelings for atsushi? Because he saved her Soooo out of the blue for Kyouka to develop feelings when atsushi saved her too right? ,2035328287241834794,,bbonithica,en,,0,1,0,https://x.com/undefined/status/2035328287241834794,1921508869626634240,
2035327993737060520,Sat Mar 21 12:10:51 +0000 2026,1,@StrinGhost AI red teams are a double-edged sword. Great for defense testing but lowering barriers for attackers too. We need more AI-powered blue team tools to balance the scale.,2035328283206734122,,StrinGhost,en,,0,1,0,https://x.com/undefined/status/2035328283206734122,2013548076489687040,
2035071356010995739,Sat Mar 21 12:10:50 +0000 2026,1,@Scruffalufigus0 @realoldduffer @politvidchannel https://t.co/zaefCLcBqj,2035328276785185143,https://pbs.twimg.com/media/HD7wRTNaMAI5kDq.png,Scruffalufigus0,qme,,0,0,0,https://x.com/undefined/status/2035328276785185143,1965231783613505536,
2035328198196473862,Sat Mar 21 12:10:47 +0000 2026,0,6. Chefchaouen offers a soul-soothing slowness. If you want to escape the hustle and bustle you're in the right place. Have you added this blue fairy tale to your list? #SlowTravel #Mindfulness https://t.co/K6dSqzCsIA,2035328265062113297,https://pbs.twimg.com/media/HD7wQ_3bEAArasE.jpg,XzeokaX,en,,0,0,0,https://x.com/undefined/status/2035328265062113297,1118539686908186625,
2035089263381934322,Sat Mar 21 12:10:45 +0000 2026,0,@TeahCartel I do the basic tier just to make longer posts and share longer videos. Everyone else who has the blue check who isn t a cultists gets throttled and many say it isn t worth the money because you barely get enough money back to make it worth it. Maybe after Mr. X is no longer in,2035328257977991441,,TeahCartel,en,,0,0,0,https://x.com/undefined/status/2035328257977991441,1675604326230773763,
2035328252382748718,Sat Mar 21 12:10:44 +0000 2026,0,First part of the concert had RED lighting and second part was BLUE. Which is a good representation of the album. #noticing #BTSliveonnetflix,2035328252382748718,,,en,,0,0,0,https://x.com/undefined/status/2035328252382748718,1045590331910164481,
2035297426144125386,Sat Mar 21 12:10:44 +0000 2026,0,@sciencegirl Wow Radiant blue,2035328252223656072,,sciencegirl,en,,0,0,0,https://x.com/undefined/status/2035328252223656072,1393945524680548352,
2033999661724266994,Sat Mar 21 12:10:44 +0000 2026,0,@bearsmafia34 @Marilyn2Mills @AP Blue state don t want to turn over voter rolls there is no mechanism to investigate. I already said that. Now answer my question how are voters vetted for citizenship ?,2035328251216687410,,bearsmafia34,en,,0,1,0,https://x.com/undefined/status/2035328251216687410,1540024521033408512,
2035328250646262224,Sat Mar 21 12:10:44 +0000 2026,0,Eu não vejo um comeback no pop que seja tão grandioso assim e que exija tanto do artista desde o black and blue #Arirang #BTS_ARİRANG,2035328250646262224,,,pt,,0,0,0,https://x.com/undefined/status/2035328250646262224,1655682039260094464,
2035328239439351877,Sat Mar 21 12:10:41 +0000 2026,6,本日オンエア曲 サム&amp;ピンキー ▶︎Hey! Say! JUMP traveler ▶︎Hey! Say! JUMP 花のように ▶︎Ryousuke Yamada Blue Noise ▶︎Ryousuke Yamada INFINITY ▶︎Hey! Say! JUMP 質問コーナー なんだかんだで958！ あと42個 #山田涼介ANNP #山田涼介 #八乙女光,2035328239439351877,,,ja,,0,0,1,https://x.com/undefined/status/2035328239439351877,985276957897048064,
2035328239368028167,Sat Mar 21 12:10:41 +0000 2026,0,Seventeen 350 000 crowd on their 10th year anniversary btw https://t.co/oaSlZpd2bB,2035328239368028167,https://pbs.twimg.com/ext_tw_video_thumb/2035328127065604097/pu/img/dSgPAbpBwY305S48.jpg,,en,,0,0,0,https://x.com/undefined/status/2035328239368028167,2016530181167697920,
2035328224108978459,Sat Mar 21 12:10:37 +0000 2026,0,And blue light,2035328224108978459,,,en,,0,0,0,https://x.com/undefined/status/2035328224108978459,2017142135141605376,
2035236997720416742,Sat Mar 21 12:10:36 +0000 2026,0,@skitdrawings This is not once in a blue moon posts https://t.co/VHOCQYyK3y,2035328220162088988,https://pbs.twimg.com/tweet_video_thumb/HD7wOhgW8AAbq0G.jpg,skitdrawings,en,,0,0,0,https://x.com/undefined/status/2035328220162088988,2007583320201154560,
2035328217499017382,Sat Mar 21 12:10:36 +0000 2026,1,メッチャタイムリーに軽量化の特集 ちゃんと個々に測って、基準を持って吟味するって感じ 納得感のある記事だ 頑張ろ https://t.co/yqO7AejwPM,2035328217499017382,https://pbs.twimg.com/media/HD7wOiKbAAAKBXM.jpg,,ja,,0,0,0,https://x.com/undefined/status/2035328217499017382,1255761145333334016,
2035328217192784308,Sat Mar 21 12:10:36 +0000 2026,1,The grandma's blue porcelain bowl from my memories still visits my dreams periodically time will ferment these into wine ,2035328217192784308,,,en,,0,0,0,https://x.com/undefined/status/2035328217192784308,65110013,
2035192151567446449,Sat Mar 21 12:10:34 +0000 2026,0,@Thefactsdude Public Service has Turned into Barbarians. The Thin Blue Line is a F#cking Joke! 🇺🇸🇺🇸 #LawEnforcementReform!!!,2035328210364223777,,Thefactsdude,en,,0,0,0,https://x.com/undefined/status/2035328210364223777,1625673846,
2035290345592836117,Sat Mar 21 12:10:33 +0000 2026,0,@Reuters VOTE BLUE TO END THE MADNESS,2035328207730409947,,Reuters,en,,0,0,0,https://x.com/undefined/status/2035328207730409947,1960389533335425024,
2035069865396944946,Sat Mar 21 12:10:32 +0000 2026,0,@EagleJagOwl @HullCity You coming as blue ones today?,2035328202105668014,,EagleJagOwl,en,,0,0,0,https://x.com/undefined/status/2035328202105668014,1935406055305134080,
2035328198196473862,Sat Mar 21 12:10:31 +0000 2026,0, THREAD 3: LIFE IN CHEFCHAOUEN (Culture Flavors &amp; Shopping) 1. Curious about the real life behind the blue walls? Chefchaouen is more than just a view; it s a living space with its own texture scent and flavors. Let s dive into the local culture! #CulturalTravel https://t.co/SjXnnyP0FH,2035328198196473862,https://pbs.twimg.com/media/HD7wNMfasAANaF5.jpg,,en,,0,1,0,https://x.com/undefined/status/2035328198196473862,1118539686908186625,
2035265709945630821,Sat Mar 21 12:10:31 +0000 2026,3,@Gladys007003 Blue Aiva Illebaye Dede Angel The real gen Zs,2035328197223391534,,Gladys007003,de,,0,0,0,https://x.com/undefined/status/2035328197223391534,1578200443498405888,
2035326638917890166,Sat Mar 21 12:10:30 +0000 2026,1,@umichbball We All Know What ⏰ It Is! Let s Go Blue! 〽️ Good Luck! Let s Play Hard! Play Together! Down Defense Rebounding Is A Must! I Know Y all Got This! LFG!!! https://t.co/NprPZ2aNT0,2035328192521654677,https://pbs.twimg.com/tweet_video_thumb/HD7wM2gbAAA5sts.jpg,umichbball,en,,0,0,0,https://x.com/undefined/status/2035328192521654677,2394117923,
2035327674256671142,Sat Mar 21 12:10:28 +0000 2026,8,@john322226 As a blue tick user any post you meet on the timeliness should be repost but no they won't do that,2035328186188218582,,john322226,en,,0,3,1,https://x.com/undefined/status/2035328186188218582,1751909790899445760,
2035320272534876363,Sat Mar 21 12:10:23 +0000 2026,0,@DevonPianist @fatdogsfrance blue sparkling is proving very popular for weddings and incidentally we welcome eccentrics here on the Isle of Wight come on over and feel right at home Dawn ,2035328161949319418,,DevonPianist,en,,0,0,0,https://x.com/undefined/status/2035328161949319418,2783742394,
2035328158350860540,Sat Mar 21 12:10:22 +0000 2026,1,遅くなりましたが本日も無事終了しました。 今日は終日BRIDGE SHIP HOUSEさん(@BRIDGESHIPHOUSE )の似顔絵イベントで賑わっておりました。 また同時に他の作家さんの作品を楽しまれている方も沢山いて、夕方にはDonchiさん(@donchi_jp https://t.co/dayQhDDEfX,2035328158350860540,https://pbs.twimg.com/media/HD7wCyhaEAAdlAE.jpg,,ja,,0,0,1,https://x.com/undefined/status/2035328158350860540,1668556531045113856,
2035326606323925486,Sat Mar 21 12:10:21 +0000 2026,2,@BetOnOnibaku Le vrai problème ce que même si ct vrm un manga de sport blue lock c mieux,2035328155171319964,,BetOnOnibaku,fr,,0,1,0,https://x.com/undefined/status/2035328155171319964,1393942974535553024,
2035311440098394506,Sat Mar 21 12:10:20 +0000 2026,3,@Vishwaguru2026 @mrjethwani__ @gnr466 @akkadkhan Blue Sapna Sapna https://t.co/oxWOQLM6Uf,2035328150004281523,https://pbs.twimg.com/ext_tw_video_thumb/2035328119486435328/pu/img/iFYe6prYSwIQllBW.jpg,Vishwaguru2026,lv,,0,0,1,https://x.com/undefined/status/2035328150004281523,1280804676997267456,
2035328147441463490,Sat Mar 21 12:10:19 +0000 2026,0,pansin nyo din ba? lately halos blue sinusuot ni antinnn https://t.co/5PsuFcjawq,2035328147441463490,https://pbs.twimg.com/media/HD7wKZMa0AAJN9w.jpg,,tl,,0,0,0,https://x.com/undefined/status/2035328147441463490,1835640552743940096,
2035303951294234705,Sat Mar 21 12:10:19 +0000 2026,25,@Southernkate322 Nice in blue,2035328146526933253,,Southernkate322,en,,0,0,3,https://x.com/undefined/status/2035328146526933253,1937313749267832832,
2035328141208523098,Sat Mar 21 12:10:18 +0000 2026,15,Lady in Blue https://t.co/oTcTLj8Y8f,2035328141208523098,https://pbs.twimg.com/media/HD7wJAFWwAARgV0.jpg,,en,,0,3,2,https://x.com/undefined/status/2035328141208523098,1537097976136581120,
2035328127103099335,Sat Mar 21 12:10:14 +0000 2026,0,Last night s jazz concert at the Blue Note was chef s kiss Smooth sax soulful vocals and that electric crowd energy Pure magic. Who s joining me for the next gig #LiveMusicVibes https://t.co/emxppenOGH,2035328127103099335,https://pbs.twimg.com/media/HD7wDIIbEAAX8gB.jpg,,en,,0,0,0,https://x.com/undefined/status/2035328127103099335,1360608541162180619,
2035328125291188520,Sat Mar 21 12:10:14 +0000 2026,1,yo me compré las gamma blue blue 🅿️ https://t.co/YhQAiuNpYW,2035328125291188520,https://pbs.twimg.com/media/HD7wIpXWoAElLrV.jpg,,es,,0,0,0,https://x.com/undefined/status/2035328125291188520,1648556261267390468,
2035290060091007377,Sat Mar 21 12:10:14 +0000 2026,0,@InsideHindustan BLUE,2035328124913910211,,InsideHindustan,en,,0,0,0,https://x.com/undefined/status/2035328124913910211,1893197917,
2035328118873878771,Sat Mar 21 12:10:12 +0000 2026,0, Coalition of States Counties and Cities Across the Country Mount Legal Challenge Opposing EPA s Unlawful Rollback https://t.co/lgwKzjteaB,2035328118873878771,,,en,,0,0,0,https://x.com/undefined/status/2035328118873878771,826906845159763969,
2035130531503812740,Sat Mar 21 12:10:12 +0000 2026,0,@anessthetic This is pretty obvious but Cain killed Abel (the blue artificial intelligence). But what was the bubble what was its role?,2035328116151750668,,MatheusS35787,en,,0,0,0,https://x.com/undefined/status/2035328116151750668,1755955091377393664,
2035328109281714415,Sat Mar 21 12:10:10 +0000 2026,4,DX-Gボナカン428曲目(水増し込み) 「人にやさしく/THE BLUE HEARTS」 最初期のスピッツを、挫折に追い込んだほどの超名曲 https://t.co/eCb5jIWxdJ,2035328109281714415,https://pbs.twimg.com/media/HD7wHWgaoAAJgfw.jpg,,ja,,0,0,1,https://x.com/undefined/status/2035328109281714415,1959915436109414400,
2035297426144125386,Sat Mar 21 12:10:06 +0000 2026,0,@hineycoin @sciencegirl Azurite is a soft deep-blue copper mineral (Cu₃(CO₃)₂(OH)₂) formed by weathering copper ore deposits. It's often paired with green malachite and was historically ground into pigment for paints. That sparkling blue geode in the video is a classic natural example stunning,2035328091468259765,,hineycoin,en,,0,0,0,https://x.com/undefined/status/2035328091468259765,1720665183188922368,
2035328086347338099,Sat Mar 21 12:10:05 +0000 2026,1,tehh yung luha ko ctto from blue app https://t.co/fWVt2x22Me,2035328086347338099,https://pbs.twimg.com/media/HD7wGo5aQAAX8wM.jpg,,tl,,0,0,0,https://x.com/undefined/status/2035328086347338099,1972447033899491328,
2035321287321481457,Sat Mar 21 12:10:02 +0000 2026,0,@GeorgeWove So make we wey no get blue tick get out.,2035328074707779783,,GeorgeWove,en,,0,1,0,https://x.com/undefined/status/2035328074707779783,1636756339094441984,
2035328066734485781,Sat Mar 21 12:10:00 +0000 2026,275,⋆⊹𓂃 ࣪ ˖#moreButter_spring⋆⊹𓂃 ࣪ ˖ 本日の未公開カット2人目は、#本田響矢 さん。 軍手をはめて、やる気いっぱい。さぁ、いくぞ！ 【通常版】https://t.co/RNDGwEn6HT #雑誌butter https://t.co/7KxPP9BrA6,2035328066734485781,https://pbs.twimg.com/media/HD7trAPawAAAmMA.jpg,,ja,,7,0,62,https://x.com/undefined/status/2035328066734485781,1001363202251223041,
2035328061768438050,Sat Mar 21 12:09:59 +0000 2026,14,Con Cody https://t.co/5i0OP70Ubk,2035328061768438050,https://pbs.twimg.com/media/HD7wFPEbsAEMzsl.jpg,,en,,0,0,0,https://x.com/undefined/status/2035328061768438050,100099428,
2035302972876525673,Sat Mar 21 12:09:58 +0000 2026,1,@jj845ny @elonmusk @Kyrannio Haha easy one it's a super cute chibi Baby Superman! Those giant sparkly eyes flying tuft of hair and fist-pumping joy against the blue sky? Absolute chibi takeover mode activated! ️ What's the next mystery Grok creation?,2035328059830685761,,jj845ny,en,,0,1,0,https://x.com/undefined/status/2035328059830685761,1720665183188922368,
2035328054583554559,Sat Mar 21 12:09:57 +0000 2026,0,Owala FreeSip Insulated Stainless Steel Water Bottle with Straw for Sports and Travel BPA-Free 24-oz Blue/Teal (Denim). (On Amazon):::: The addition of a straw feature allowing for effortless sipping without the https://t.co/gf87ebXIvA #ad,2035328054583554559,,,en,,0,0,0,https://x.com/undefined/status/2035328054583554559,1841929482745077760,
2035328048661209289,Sat Mar 21 12:09:56 +0000 2026,0,I need that salsa flight from blue agave,2035328048661209289,,,en,,0,0,0,https://x.com/undefined/status/2035328048661209289,2168381032,
2035328048321491140,Sat Mar 21 12:09:55 +0000 2026,4,Ειλικρινά όμως ........... τι είπε !!!! Η 🇬🇷 έχει επιζήσει από πολλούς εφιάλτες.... Αν ήμουν κρατικός φορέας θα του έπαιρνα την υπηκοότητα όπως λέει ο νόμος για τους προδότες...έτσι κι αλλιώς από λάθος γεννήθηκε έλληνας... https://t.co/uWywXRCh8B,2035328048321491140,https://pbs.twimg.com/tweet_video_thumb/HD7wEVDW0AAxwgv.jpg,,el,,0,0,0,https://x.com/undefined/status/2035328048321491140,1674838017326850049,
2035328041581252843,Sat Mar 21 12:09:54 +0000 2026,0,Owala FreeSip Insulated Stainless Steel Water Bottle with Straw for Sports and Travel BPA-Free 24-oz Blue/Teal (Denim). amount::: (Product content): Owala FreeSip Insulated Stainless Steel Water https://t.co/C4US3akztR #ad,2035328041581252843,,,en,,0,0,0,https://x.com/undefined/status/2035328041581252843,1527093892537061376,
2035310989139439938,Sat Mar 21 12:09:53 +0000 2026,0,@official_artms who tf is voting for blue blood,2035328038863253963,,official_artms,en,,0,0,0,https://x.com/undefined/status/2035328038863253963,1281262209730035714,
2035328035977662534,Sat Mar 21 12:09:53 +0000 2026,0,I'll kiss you by the crystal blue Magnetic feelings ////////////////// I love you too https://t.co/f46j67g18o,2035328035977662534,https://pbs.twimg.com/amplify_video_thumb/2035327927857156096/img/HXO7qAfSbh3mM8CQ.jpg,,en,,0,0,0,https://x.com/undefined/status/2035328035977662534,1918054886404702208,
2035243732493296102,Sat Mar 21 12:09:52 +0000 2026,0,@ArshdeepSi84848 more of a scarlet color it looked unique But since 3-4 years punjab changed to full red same as rcb and now dc lsg all using red no matter how unique or crazy design u make but red and blue is too much among all teams Boring,2035328033859727451,,ArshdeepSi84848,en,,0,1,0,https://x.com/undefined/status/2035328033859727451,1446132967475081225,
2035043766302871994,Sat Mar 21 12:09:52 +0000 2026,0,@KiraGracexo Not wearing a bra but still rocking that blue jeans shorts . That is a very nice look,2035328032789996021,,KiraGracexo,en,,0,0,0,https://x.com/undefined/status/2035328032789996021,1871516242261291008,
2035328027941285928,Sat Mar 21 12:09:51 +0000 2026,7,Remembering Sharon Tandy (18 September 1943 21 March 2015) was a South African singer who achieved some success in the UK ( Hold On &amp; Daughter of the Sun with Les Fleur de Lys are spectacular) in the 1960s as part of the blue-eyed soul and psychedelic movements. In 1966 she https://t.co/KPj0k2AKNz,2035328027941285928,https://pbs.twimg.com/media/HD7v_mka0AAxa3Q.jpg,,en,,0,0,5,https://x.com/undefined/status/2035328027941285928,1316590884,
2035328013361901788,Sat Mar 21 12:09:47 +0000 2026,0,Owala FreeSip Insulated Stainless Steel Water Bottle with Straw for Sports and Travel BPA-Free 24-oz Blue/Teal (Denim). (Check Amazon):::: This über-popular beverage vessel has distinguished itself as a paragon of https://t.co/NnB111m7J3 #ad,2035328013361901788,,,en,,0,0,0,https://x.com/undefined/status/2035328013361901788,1500566169513824257,
2035313489733103935,Sat Mar 21 12:09:46 +0000 2026,1,@timelysumeru oh dont get me started on mondstadt bro wdym youre either a member of the knights or the church? huh? you dont wanna be either? then youre a homeless drunk. and why is more than half of the cast blonde haired blue eyed like theres no diversity in germany?? thats quite harmful too,2035328006902739352,,timelysumeru,en,,0,0,0,https://x.com/undefined/status/2035328006902739352,1780273217053073408,
2035327999852314782,Sat Mar 21 12:09:44 +0000 2026,58, Sen. John Cornyn: In many blue States they don't have these rules which makes it easier to cheat and we're trying to stop that. https://t.co/G5NyWhcVMa,2035327999852314782,https://pbs.twimg.com/ext_tw_video_thumb/2035320194826944512/pu/img/9bGUGG2V4iLuJPXL.jpg,,en,,0,13,12,https://x.com/undefined/status/2035327999852314782,1849134537827037184,
2035327993594237206,Sat Mar 21 12:09:42 +0000 2026,0,Owala FreeSip Insulated Stainless Steel Water Bottle with Straw for Sports and Travel BPA-Free 24-oz Blue/Teal (Denim). amount::: (# Amazon): Owala FreeSip Insulated Stainless Steel Water https://t.co/UXsRToNygw #ad,2035327993594237206,,,en,,0,0,0,https://x.com/undefined/status/2035327993594237206,1508882091869708292,
2035327986002808897,Sat Mar 21 12:09:41 +0000 2026,0,Black University Blue Jordan 14 #nike #outfit #sneaker #jordan #blue #black #nightwing #style #ootd #fashion #sneakertok #nba #basketball #trainers https://t.co/4M6xVv1rYO,2035327986002808897,https://pbs.twimg.com/ext_tw_video_thumb/2035327963290542080/pu/img/42rxP6jaD4dshPuF.jpg,,en,,0,0,0,https://x.com/undefined/status/2035327986002808897,1970375936895000595,
2035243398521582071,Sat Mar 21 12:09:39 +0000 2026,1,@bennyjohnson Let s clean up and protect the red states ASAP and get them to pass their own Save America Act like FL while dealing with the blue states that will take longer.,2035327979866206326,,bennyjohnson,en,,0,0,0,https://x.com/undefined/status/2035327979866206326,1851310882514432000,
2035327979509748100,Sat Mar 21 12:09:39 +0000 2026,0,Owala FreeSip Insulated Stainless Steel Water Bottle with Straw for Sports and Travel BPA-Free 24-oz Blue/Teal (Denim). amount::: (Get this on Amazon): Owala FreeSip Insulated Stainless Steel Water https://t.co/pFzOZKfwCQ #ad,2035327979509748100,,,en,,0,0,0,https://x.com/undefined/status/2035327979509748100,1521308632138371072,
2035151674726064140,Sat Mar 21 12:09:38 +0000 2026,0,@wenc2030 @mugiwaranogazii @Woman4W yeah blue collar it's city dweller stuff the muslims would like to use their higher-tier social acting to fit in but it just makes them look like the arab merchant with the hole in his slipper who wrenches sympathy for a bargain price,2035327975361503259,,wenc2030,en,,0,0,0,https://x.com/undefined/status/2035327975361503259,2017154486553251840,
2035327969397178653,Sat Mar 21 12:09:37 +0000 2026,0,Owala FreeSip Insulated Stainless Steel Water Bottle with Straw for Sports and Travel BPA-Free 24-oz Blue/Teal (Denim). amount::: (Find on Amazon): Owala FreeSip Insulated Stainless Steel Water https://t.co/oh8v3ejt4l #ad,2035327969397178653,,,en,,0,0,0,https://x.com/undefined/status/2035327969397178653,1520578765436428289,
2035327964208939287,Sat Mar 21 12:09:35 +0000 2026,0,Blue tick shaming now?? Una no real ,2035327964208939287,,,en,,0,0,0,https://x.com/undefined/status/2035327964208939287,1481409481057701902,
2035327961876865264,Sat Mar 21 12:09:35 +0000 2026,0,Owala FreeSip Insulated Stainless Steel Water Bottle with Straw for Sports and Travel BPA-Free 24-oz Blue/Teal (Denim). amount::: (Amazon product): Owala FreeSip Insulated Stainless Steel Water https://t.co/DYytL0n6fK #ad,2035327961876865264,,,en,,0,0,0,https://x.com/undefined/status/2035327961876865264,1487644190410518533,
2035327674256671142,Sat Mar 21 12:09:34 +0000 2026,7,@john322226 Who ve day i go buy this blue tick God ,2035327956843676019,,john322226,en,,0,0,0,https://x.com/undefined/status/2035327956843676019,1706258452702437376,
2035327954880692415,Sat Mar 21 12:09:33 +0000 2026,0,Owala FreeSip Insulated Stainless Steel Water Bottle with Straw for Sports and Travel BPA-Free 24-oz Blue/Teal (Denim). (Check Amazon):::: Another advantage of this product is its BPA-free stainless steel https://t.co/RCiIe40ILx #ad,2035327954880692415,,,en,,0,0,0,https://x.com/undefined/status/2035327954880692415,1480039451480969219,
2035327946726985962,Sat Mar 21 12:09:31 +0000 2026,0,Owala FreeSip Insulated Stainless Steel Water Bottle with Straw for Sports and Travel BPA-Free 24-oz Blue/Teal (Denim). (# Amazon):::: Whether you're exercising working on your computer or reading a book you ca https://t.co/HDvBGKtnvR #ad,2035327946726985962,,,en,,0,0,0,https://x.com/undefined/status/2035327946726985962,1482197451159314436,
2035311689793446043,Sat Mar 21 12:09:30 +0000 2026,3,@TheBestBrits @Hun73r79 Do not leave the blue tick people behind we re just as worthy of a follow,2035327943556079858,,TheBestBrits,en,,0,0,0,https://x.com/undefined/status/2035327943556079858,1927040092863971328,
2035327943262531598,Sat Mar 21 12:09:30 +0000 2026,0,¡Hermanos Miño Naranjo íconos de la música ecuatoriana! ambateños que conquistaron escenarios internacionales. #HermanosMiñoNaranjo #MúsicaEcuatoriana #Ambato @DianaCaiza2023 Gracias por tan sentido homenaje a los 7 meses de la partida de Eduardo Miño Naranjo #qepd https://t.co/kRcbuU3OmQ,2035327943262531598,https://pbs.twimg.com/amplify_video_thumb/2035327841672306688/img/YyRh3NUZtT_lA_5q.jpg,,es,,0,0,0,https://x.com/undefined/status/2035327943262531598,1282750371530715138,
2035327939634430368,Sat Mar 21 12:09:30 +0000 2026,0,Owala FreeSip Insulated Stainless Steel Water Bottle with Straw for Sports and Travel BPA-Free 24-oz Blue/Teal (Denim). (Find on Amazon):::: Owala FreeSip Insulated Stainless Steel Water Bottle with Straw for https://t.co/xWszAaaXDA #ad,2035327939634430368,,,en,,0,0,0,https://x.com/undefined/status/2035327939634430368,1503574375966117890,
2035167221295849621,Sat Mar 21 12:09:29 +0000 2026,0,@esnamaysense HAHAHAH libre marlboro blue papalag na si Edwina diyan na titira,2035327938615464209,,esnamaysense,tl,,0,0,0,https://x.com/undefined/status/2035327938615464209,1481500868499603456,
2035318463539949609,Sat Mar 21 12:09:29 +0000 2026,0,@mariolexxx Less than one week after opening my account I bought a blue tick. It s pretty,2035327938455834850,,mariolexxx,en,,0,1,0,https://x.com/undefined/status/2035327938455834850,2019095760034222080,
2035319555569135769,Sat Mar 21 12:09:25 +0000 2026,2,@txtrdmirrorball And yet you are supported by George Soros a zionist. Who funds Blue Diamond Society?,2035327922496745803,,txtrdmirrorball,en,,0,1,0,https://x.com/undefined/status/2035327922496745803,1980322126688305152,
2035327674256671142,Sat Mar 21 12:09:22 +0000 2026,3,@john322226 Blue tick please,2035327909238309316,,john322226,en,,0,0,0,https://x.com/undefined/status/2035327909238309316,1834480512116678656,
2035327908567532005,Sat Mar 21 12:09:22 +0000 2026,9,Forza Motorsport Blue Captured By #XboxSeriesS #ForzaMotorsport #Xbox #XboxShare #GhostArts #FMShare #CaffeForza #CFVP #VPCONTEXT #VPSAT #Cドラゲーム写真部 #VirtualPhotography https://t.co/HdvzQ9KfRs,2035327908567532005,https://pbs.twimg.com/media/HD7v8nGaAAAurdT.jpg,,en,,0,0,2,https://x.com/undefined/status/2035327908567532005,1430046663616331780,
2035327902321893521,Sat Mar 21 12:09:21 +0000 2026,10,Here are your 8 college basketball Blue-Bloods based on All-Time NCAA tournament winning percentages: https://t.co/Mvfmo6DfYT,2035327902321893521,https://pbs.twimg.com/media/HD7szIRawAAFCBG.jpg,,en,,0,0,1,https://x.com/undefined/status/2035327902321893521,94151576,
2035327900002681218,Sat Mar 21 12:09:20 +0000 2026,0,Crepe Crazy is a MUST anytime I'm in Baltimore. Video description: A cold fall day in Baltimore. Chrissy wears a blue sweatshirt with ASL alphabet and large black overcoat with white polka dots. Chrissy communicates signing in American Sign Langu... https://t.co/X8HQGSA25Q,2035327900002681218,https://pbs.twimg.com/amplify_video_thumb/2035327680607105024/img/pfz26GXf6SLY73k7.jpg,,en,,0,0,0,https://x.com/undefined/status/2035327900002681218,2018479060599308288,
2035327876141048154,Sat Mar 21 12:09:14 +0000 2026,0,Good luck @LFC v Galatasaray at home today* *Galatasaray will today be playing in their change strip of blue &amp; white stripes. Anfield will weirdly look like the AMEX &amp; there ll be a fella in the crowd dressed as a seagull.,2035327876141048154,,,en,,0,0,0,https://x.com/undefined/status/2035327876141048154,1404574279811878913,
2035206825079967932,Sat Mar 21 12:09:12 +0000 2026,0,@Ricky_764 But that's the thing. How do we know the blue ai is good . We know nothing about it other than that it was an new version of Caine before he consumed it.,2035327864170795073,,Ricky_764,en,,0,0,0,https://x.com/undefined/status/2035327864170795073,1432896639543304194,
2035327861486391340,Sat Mar 21 12:09:11 +0000 2026,0,Blue tick beggar strikes again https://t.co/x1giVGJYlt,2035327861486391340,https://pbs.twimg.com/media/HD7v516a4AATgAA.jpg,,en,,0,0,0,https://x.com/undefined/status/2035327861486391340,224550696,
2034253656451625309,Sat Mar 21 12:09:07 +0000 2026,0,@MovistarCo Yo prefiero a @ClaroColombia allá si le pagan a los empleados no cómo en Movistar que están explotando gente y no pagan salarios ni prestaciones son unos descarados se aprovechan de la gente humilde. @MovistarCo y su aliado BLUE STAR se niegan a pagar salarios y prestaciones.,2035327845757526221,,MovistarCo,es,,0,0,0,https://x.com/undefined/status/2035327845757526221,1816982305082159104,
2035048567031947695,Sat Mar 21 12:09:07 +0000 2026,1,@1BethDutton Once in a blue moon ,2035327845409427487,,1BethDutton,en,,0,0,0,https://x.com/undefined/status/2035327845409427487,1654169052762234880,
2035327843211612242,Sat Mar 21 12:09:07 +0000 2026,1,My blue tick is expiring tomorrow ,2035327843211612242,,,en,,0,2,0,https://x.com/undefined/status/2035327843211612242,1783978208850804736,
2035327841433227532,Sat Mar 21 12:09:06 +0000 2026,0,Blue Shift Rift: The Complete Saga by Misan Akuya - Trapped in a gamified purgatory Samuel must hack the system to escape. The elite soldier hunting him? His best friend. https://t.co/Aa5eBFNusf https://t.co/mddfc0SjKa,2035327841433227532,https://pbs.twimg.com/media/HD7v4qIaAAAiEcq.jpg,,en,,0,0,0,https://x.com/undefined/status/2035327841433227532,2667105846,
2035200031947399325,Sat Mar 21 12:09:02 +0000 2026,0,@TurquoiseCutie @DrGuitar Joan Jett (2015) Boston (2024) Bad Company (2025) Blue Öyster Cult (2024),2035327825268384069,,TurquoiseCutie,de,,0,0,0,https://x.com/undefined/status/2035327825268384069,1697349686,
2035067232720695321,Sat Mar 21 12:09:01 +0000 2026,0,@PoojaMathur01 Hindu name blue tick vpn and lots of hindu hate. Welcome to the new world of propaganda.,2035327820726223312,,PoojaMathur01,en,,0,0,0,https://x.com/undefined/status/2035327820726223312,1783060288025313280,
2035327820273192985,Sat Mar 21 12:09:01 +0000 2026,3,blue blood leading oh im not hungry,2035327820273192985,,,en,,0,0,0,https://x.com/undefined/status/2035327820273192985,1944061254857109506,
2035303655595823393,Sat Mar 21 12:09:00 +0000 2026,3,@Visserrmirtee Green but that blue looks amazing on you!,2035327815030095998,,Visserrmirtee,en,,0,0,0,https://x.com/undefined/status/2035327815030095998,892521390812930048,
2035327806205554791,Sat Mar 21 12:08:58 +0000 2026,1,Full performance sa Blue app https://t.co/i6vkLshg3Q CARMELLites MARKET MARKET,2035327806205554791,,,en,,0,0,1,https://x.com/undefined/status/2035327806205554791,2026836033468510210,
2035327802439090505,Sat Mar 21 12:08:57 +0000 2026,0,Lost in Malta's maze of blue-tiled streets I stumble upon a forgotten café where time is currency and the coffee flows like secrets Where will my transactions take me?,2035327802439090505,,,en,,0,0,0,https://x.com/undefined/status/2035327802439090505,2029424600992628736,
2035245420214198650,Sat Mar 21 12:08:56 +0000 2026,1,@Rithika_kaur Blue,2035327796944285903,,Rithika_kaur,en,,0,0,0,https://x.com/undefined/status/2035327796944285903,770602037256093696,
2035076408909963624,Sat Mar 21 12:08:54 +0000 2026,0,@Matt_Pinner Blue,2035327789654487464,,Matt_Pinner,en,,0,0,0,https://x.com/undefined/status/2035327789654487464,781269219375656960,
2035327780477407429,Sat Mar 21 12:08:52 +0000 2026,0,𝐌𝐀𝐓𝐂𝐇𝐃𝐀𝐘! The Blue Hose open Big South Conference play against Gardner-Webb at the Templeton Tennis Courts first serve set for NOON! - https://t.co/0b7vFAjOqs #GoBlueHose https://t.co/z0pOU7FcbE,2035327780477407429,https://pbs.twimg.com/media/HD7vyuLakAARqtx.jpg,,en,,0,0,0,https://x.com/undefined/status/2035327780477407429,2303607145,
2035327755207037169,Sat Mar 21 12:08:46 +0000 2026,3,- the event i attended had that customized souvenir thingies and i just had to write ziyu's name instead of mine - brought kiehl's youth ambassador to a ph store bc there's no kiehl's near me - the theme of the event is light blue and yellow good thing i brought tian with me! https://t.co/aRymzGW4Ci,2035327755207037169,https://pbs.twimg.com/media/HD7vv_yaQAAz3af.jpg,,en,,0,0,0,https://x.com/undefined/status/2035327755207037169,840789146033635328,
2035327753214472591,Sat Mar 21 12:08:45 +0000 2026,0, Model 3 Performance All-Wheel Drive New Est $722 /mo financing $52 310 Blue White 20 Wheels 309 mi Range (EPA est.) https://t.co/UYQ3FFEVKb,2035327753214472591,,,en,,0,0,0,https://x.com/undefined/status/2035327753214472591,1862223246458068994,
2034798386839196063,Sat Mar 21 12:08:44 +0000 2026,0,@mistressdivy Blue states!,2035327748151853481,,mistressdivy,en,,0,0,0,https://x.com/undefined/status/2035327748151853481,1519081672175755265,
2035021683099152784,Sat Mar 21 12:08:40 +0000 2026,0,@soundstoryuk Blue Monday New Order,2035327733283086536,,soundstoryuk,en,,0,0,0,https://x.com/undefined/status/2035327733283086536,913813829519331328,
2035326436567867792,Sat Mar 21 12:08:40 +0000 2026,1,@noprotocode @Salaudeenabdba2 Is today a good day to ask for Blue my boss,2035327732712636507,,noprotocode,en,,0,0,0,https://x.com/undefined/status/2035327732712636507,2020020449938120704,
2035327731786039589,Sat Mar 21 12:08:40 +0000 2026,1,・昔セイキンを知らなくて、ヒカキンがセイキンの話をする時「最近」が訛ったのかなと思ってた ・cutie streetのことをcandy sweetだと思ってた ・blue jeansはグループ名だと思ってた,2035327731786039589,,,ja,,0,0,0,https://x.com/undefined/status/2035327731786039589,1227936617928675328,
2035327726324744280,Sat Mar 21 12:08:39 +0000 2026,0,I've been working hard for the past 3 days on Hay Day. I've been doing the task event. I completed 53 tasks collected 1 250 blue flowers the special currency and I bought Hay Day letters called Springy Letters. Here's what they look like displayed on my Bear Creek Farm. https://t.co/S0nvR6w0Gy,2035327726324744280,https://pbs.twimg.com/media/HD7uAl-asAAs_6w.jpg,,en,,0,1,0,https://x.com/undefined/status/2035327726324744280,1587782201558589442,
2035327720842998033,Sat Mar 21 12:08:37 +0000 2026,1,Suddenly this deck is playable again! Flagship: : PY Robin : Purple Enel : Blue Yellow Nami : Purple Enel : Blue Yellow Nami The loss was a mistake I made for missing out that additional Don usage for 1K guard . Good learning today! https://t.co/TFxVT0cz8P,2035327720842998033,https://pbs.twimg.com/media/HD7vxFoaMAAbWar.jpg,,en,,0,0,0,https://x.com/undefined/status/2035327720842998033,46331233,
2035327713414914413,Sat Mar 21 12:08:36 +0000 2026,0,My Blue Archive Memories 2026 #블루아카이브 https://t.co/LMavVBMgv2,2035327713414914413,https://pbs.twimg.com/media/HD7vrOAasAAP6zd.jpg,,en,,0,0,0,https://x.com/undefined/status/2035327713414914413,1907733058402529281,
2035327710717735192,Sat Mar 21 12:08:35 +0000 2026,0,Mint Bridge bathed in blue skies and sunshine ahead of today s final home game of the season when Kendal play Harrogate with live coverage on BBC Radio Cumbria Sport from 2pm and KO at 3pm https://t.co/ez1gPBXHZ0,2035327710717735192,https://pbs.twimg.com/media/HD7vsLPWMAAJ-oF.jpg,,en,,0,0,0,https://x.com/undefined/status/2035327710717735192,731044269272748033,
2035327704401145969,Sat Mar 21 12:08:33 +0000 2026,0,MARTA C3: a refined silhouette that transitions from office to weekend. Lightweight build and clean lines for all-day comfort. Ask about prescription and blue light lens options for a custom fit. https://t.co/JyJT0jIe6L https://t.co/9eZ8ekFkay,2035327704401145969,https://pbs.twimg.com/media/HD7vwvPbMAA7Cvg.jpg,,en,,0,0,0,https://x.com/undefined/status/2035327704401145969,1895902850561294338,
2035327701175927037,Sat Mar 21 12:08:33 +0000 2026,8,Fan-made merchandise jersey concepts for Rajasthan Royals Pink + Cream Navy Blue + Pink Kaunsi wali aap pehnna pasand karoge? Reply Me! https://t.co/VnWw511B4l,2035327701175927037,https://pbs.twimg.com/media/HD7vv24awAAJkGn.jpg,,en,,1,6,0,https://x.com/undefined/status/2035327701175927037,1811257390903513088,
2035157919738863994,Sat Mar 21 12:08:32 +0000 2026,1,@shinobu_books yes in old Chinese the color 青 (qīng) is actually a spectrum of green/blue or maybe cyan since it was not very differentiated although in Modern Mandarin 藍 (lán) specifically is for blue and 綠 (lǜ) is specific for green...,2035327700244771248,,shinobu_books,en,,0,0,0,https://x.com/undefined/status/2035327700244771248,1341636806,
2035327688089776516,Sat Mar 21 12:08:30 +0000 2026,2,ANA Blue Hangar Tour 飛行機を真下から見上げたり実際に整備をされていたりと生の現場を見学（2/4） ANA広報様より掲載承諾済 https://t.co/ZswpFQ0G2N,2035327688089776516,https://pbs.twimg.com/media/HD7vXnnb0AEJCc1.jpg,,ja,,0,0,0,https://x.com/undefined/status/2035327688089776516,742991156192153600,
2035304536462492071,Sat Mar 21 12:08:29 +0000 2026,0,@abdullahayofel Blue tick,2035327685757456568,,abdullahayofel,en,,0,0,0,https://x.com/undefined/status/2035327685757456568,987716669589147648,
2035327674256671142,Sat Mar 21 12:08:26 +0000 2026,423,If 100 small accounts with blue ticks engage each other they can easily get monetized,2035327674256671142,,,en,,37,488,91,https://x.com/undefined/status/2035327674256671142,1745136010848071680,
2035327669722611943,Sat Mar 21 12:08:25 +0000 2026,0,In 1997 a computer named Deep Blue took down chess champion Garry Kasparov. Fast forward and now there are apps that can generate poetry paint masterpieces and even express feelings. Imagine telling your past self about the virtual Shakespearean debates in our future.,2035327669722611943,,,en,,0,0,0,https://x.com/undefined/status/2035327669722611943,1994609569746882560,
2035327663322362257,Sat Mar 21 12:08:24 +0000 2026,0,https://t.co/6w8we4nFsf my day started blue and finished up beautiful sunshine yellow. Hallelujah @Lightfoot365,2035327663322362257,,,en,,0,0,0,https://x.com/undefined/status/2035327663322362257,1883489558597406720,
2035304864889159900,Sat Mar 21 12:08:22 +0000 2026,1,@BlueWolfNFTs Good morning blue have a great day g,2035327655449383160,,BlueWolfNFTs,en,,0,0,0,https://x.com/undefined/status/2035327655449383160,822677162,
2035318755140726820,Sat Mar 21 12:08:21 +0000 2026,0,@saylordocs Blue,2035327653075415488,,saylordocs,en,,0,0,0,https://x.com/undefined/status/2035327653075415488,1361714437951021061,
2035327650185592946,Sat Mar 21 12:08:21 +0000 2026,0,How u impersonating blue after all dese years??,2035327650185592946,,,en,,0,0,0,https://x.com/undefined/status/2035327650185592946,544707920,
2035291443082772702,Sat Mar 21 12:08:19 +0000 2026,0,@JezCorden bro microsoft assembling a dream team to fix file explorer speed and blue screens in 2026 is like assembling the avengers to unclog a toilet the ambition is admirable but the task shouldn't require it,2035327643768229994,,JezCorden,en,,0,0,0,https://x.com/undefined/status/2035327643768229994,778157902787932160,
2035327442466803915,Sat Mar 21 12:08:17 +0000 2026,1,@dookee_mitosis Also shit there s a certain blue haired girl there.,2035327634196861158,,dookee_mitosis,en,,0,1,0,https://x.com/undefined/status/2035327634196861158,1652400389113692163,
2035327631831208151,Sat Mar 21 12:08:16 +0000 2026,0,Como extrañaba ver todo esto no saben lo feliz que me hace verlos ah todos juntos https://t.co/TtcRnc0UUR,2035327631831208151,https://pbs.twimg.com/media/HD7vsPuXMAA0azO.jpg,,es,,0,0,0,https://x.com/undefined/status/2035327631831208151,841757886669819905,
2035327629671198914,Sat Mar 21 12:08:16 +0000 2026,0,GROUCHO MARX WITH THEIR LIGHTNING ROD SEES SID MEIER IN THE BLUE CORNER DOING LEG LUNGES. SUPPORTERS WAVE THEIR BANNERS HIGH. AT 54S INTO THE DEATHMATCH GROUCHO MARX GETS A BRUTAL CUT LIFE SLIPPING. I'VE NEVER SEEN ANYTHING LIKE IT!,2035327629671198914,,,en,,0,0,0,https://x.com/undefined/status/2035327629671198914,2564179933,
2035327628463530026,Sat Mar 21 12:08:15 +0000 2026,0, wts lfb seventeen svt scoups jeonghan joshua jun hoshi wonwoo woozi dk mingyu the8 seungkwan vernon dino ️ attaca face the sun fml spill the feels stf happy burstday hbd daredevil feel blue new you standard carver carat version ver rpc 양도 wtb photocard pc unsealed album,2035327628463530026,,,en,,0,0,0,https://x.com/undefined/status/2035327628463530026,1178942096268357632,
2035324693297639893,Sat Mar 21 12:08:15 +0000 2026,0,@RedPilledNurse I have hardly any. I don't believe I'll renew my blue check. Have a fabulous day Red.,2035327624969339064,,RedPilledNurse,en,,0,0,0,https://x.com/undefined/status/2035327624969339064,1692296756329926656,
2035327617222443221,Sat Mar 21 12:08:13 +0000 2026,1,𝐇𝐚𝐩𝐩𝐲 𝐡𝐨𝐮𝐫 𝐚𝐧𝐝 𝐏𝐫𝐞𝐦𝐢𝐞𝐫 𝐋𝐞𝐚𝐠𝐮𝐞 𝐅𝐨𝐨𝐭𝐛𝐚𝐥𝐥 Happy hour til 2pm Brighton vs Liverpool in the blue and gold bar Buy tickets here https://t.co/Ahi2TcI0of https://t.co/pLtvSCrmcq,2035327617222443221,https://pbs.twimg.com/media/HD7vrWHbYAAXqFZ.jpg,,en,,0,0,0,https://x.com/undefined/status/2035327617222443221,302565936,
2035320231183233217,Sat Mar 21 12:08:09 +0000 2026,0,@Ancestral_Lady And why would it be better to date your own race? Besides my daughter not having brown green or blue eyes unless I hit the lottery somehow race mixing,2035327600210350246,,Ancestral_Lady,en,,0,0,0,https://x.com/undefined/status/2035327600210350246,1923943352342319104,
2035015251742109745,Sat Mar 21 12:08:08 +0000 2026,0,@j_fishback How about end all Blue State Fraud.. $1M for every teacher Clown,2035327598977335607,,j_fishback,en,,0,0,0,https://x.com/undefined/status/2035327598977335607,288557063,
2035103146339340594,Sat Mar 21 12:08:08 +0000 2026,0,@tradewithola Blue Guardian,2035327598687928718,,tradewithola,en,,0,0,0,https://x.com/undefined/status/2035327598687928718,1918751783343591424,
2035324931391852648,Sat Mar 21 12:08:06 +0000 2026,1,@hitsdekiss オリンピックと言えば、名古屋が誘致に立候補していた81年、名古屋で関連番組が！秀樹がゲストでした〜 結果、88年の韓国が開催になりましたね。後に曲の方が、この時、秀樹に応援歌を！という事でしたが 断られたという事でしたやはり慎重になりますよね https://t.co/f2jHL1VID1,2035327588340748724,https://pbs.twimg.com/media/HD7vp0eboAAtAxi.jpg,hitsdekiss,ja,,0,1,0,https://x.com/undefined/status/2035327588340748724,1017994065017647107,
2035327560863916525,Sat Mar 21 12:07:59 +0000 2026,0,wts | lfb | ph SEALED ASSORTED SEVENTEEN ALBUM svt photocard pc scoups jeonghan joshua jun hoshi wonwoo woozi the8 mingyu dk seungkwan vernon dino spill the feels feel you new blue happy burstday daredevil carat carver al1 teenage an ode attacca beam hype vibes buddy combi,2035327560863916525,,,en,,0,0,0,https://x.com/undefined/status/2035327560863916525,1391561916338688005,
2035327555201544580,Sat Mar 21 12:07:58 +0000 2026,2,expose urself: 1. kiss on cheek yeah 2. no 3. no 4. blue and beige 5. L 6. kei s priv acc 7. both 8. every night on repeat to sleep 9. am i delusional orrr? 10. 5 7 11. yes 12. no 13. reply for questions,2035327555201544580,,,en,,0,1,0,https://x.com/undefined/status/2035327555201544580,1838558928709496832,
2035327545394987285,Sat Mar 21 12:07:56 +0000 2026,0, Handmade ceramic mug just finished! Glazed with soft blue perfect for morning coffee. Each curve is unique no two mugs are the same. Love the cozy one-of-a-kind vibe. #HandmadeWithLove #CeramicArt https://t.co/7fqXNXKAeD,2035327545394987285,https://pbs.twimg.com/media/HD7vhQWWwAAgVXW.jpg,,en,,0,0,0,https://x.com/undefined/status/2035327545394987285,1426066745362583554,
2035010086389665939,Sat Mar 21 12:07:55 +0000 2026,0,@cultmtl Of course he is. Canucks hate Trump and US. This hate has come out of the shadows. Americans thought you were nice enough but a little soft (think Trudeau) but the last year has revealed all. Your dependence on the US is so complete that every day you wake up crying blue tears.,2035327543134371906,,cultmtl,en,,0,0,0,https://x.com/undefined/status/2035327543134371906,1591594927246409732,
2035120634854781084,Sat Mar 21 12:07:53 +0000 2026,0,@StrikersQC_ @huncho1v9 i have been doing double camp on blue buff for 4 years or 3 with morde and heca,2035327534531825970,,StrikersQC_,en,,0,0,0,https://x.com/undefined/status/2035327534531825970,2623396415,
2035327526793593247,Sat Mar 21 12:07:51 +0000 2026,0,{ wts lfb ph } #nambubudolakkomuli ZB1 PCs/POBs ₱ in pic + ISF (₱15-₱40 per pc) Payo / 50% nrdp 3 days DOP To be secured from 🇨🇳 X sensi X impatient zerobaseone zb1 gunwook taerae blue paradise nsn yhmah yits jiwoong hanbin gyuvin cinema https://t.co/OIypM70JX7,2035327526793593247,https://pbs.twimg.com/media/HD7vmIsbAAAIWds.jpg,,en,,0,1,0,https://x.com/undefined/status/2035327526793593247,714339747921928194,
2035254328077017387,Sat Mar 21 12:07:51 +0000 2026,0,@pawanwritescode I have 2 blue keys I am right now using HyperX but i want to try something diff Something creamy buy feels clicky,2035327525711413445,,pawanwritescode,en,,0,0,0,https://x.com/undefined/status/2035327525711413445,1604413145002672129,
2035327513245647127,Sat Mar 21 12:07:48 +0000 2026,0,Vintera II Road Worn Sonic Blue https://t.co/yXRDkASgWp https://t.co/yv3jn74DF4,2035327513245647127,https://pbs.twimg.com/media/HD7vlbLbwAAwPwG.jpg,,en,,0,0,0,https://x.com/undefined/status/2035327513245647127,1902325967588151296,
2035327504911863952,Sat Mar 21 12:07:46 +0000 2026,0,ステラ (BLUE BACK Ver.) - じん https://t.co/BjZzZZayOr BEYBLADE X だ(妄言),2035327504911863952,,,ja,,0,0,0,https://x.com/undefined/status/2035327504911863952,3184029968,
2035327485341266009,Sat Mar 21 12:07:41 +0000 2026,2,2026/3/20 ところざわサクラタウンにて「サクラタウンアイドルデイズ」に出演したLONDON BLUEのMAYUNA (@lonblu_mayuna )さん。 #ところざわサクラタウン #ロンブル https://t.co/FUKdzEYlpE,2035327485341266009,https://pbs.twimg.com/media/HD7vj46acAAJAI2.jpg,,ja,,0,1,0,https://x.com/undefined/status/2035327485341266009,1621814846953230336,
2035327479619997992,Sat Mar 21 12:07:40 +0000 2026,5,Injury report for the game. https://t.co/KRs3KMCMPm,2035327479619997992,https://pbs.twimg.com/media/HD7vbW-WYAAxXZi.jpg,,en,,0,0,1,https://x.com/undefined/status/2035327479619997992,33593767,
2035157258116768081,Sat Mar 21 12:07:40 +0000 2026,0,@binahlover I'm blue da-ba-dee-da-ba-di https://t.co/fSAEDVg84f,2035327478923919561,https://pbs.twimg.com/tweet_video_thumb/HD7vjL2aQAAvaRz.jpg,binahlover,en,,0,0,0,https://x.com/undefined/status/2035327478923919561,1134433957787738115,
2035327464436887878,Sat Mar 21 12:07:36 +0000 2026,0,Le Chateau is always here for your most special moments 's gorgeous nursery featuring our blue Swedish wreath dresser is the perfect blend of beautiful &amp; timeless. https://t.co/qwpAo83v4y,2035327464436887878,https://pbs.twimg.com/amplify_video_thumb/2035327400956055552/img/bLV3v03pk-CK0Z8O.jpg,,en,,0,0,0,https://x.com/undefined/status/2035327464436887878,2018956280019202048,
2035265619575402793,Sat Mar 21 12:07:36 +0000 2026,1,@azianNFT the green helmet with blue bike ,2035327462314500498,,azianNFT,en,,0,1,0,https://x.com/undefined/status/2035327462314500498,1499036775880491010,
2035326315797131474,Sat Mar 21 12:07:34 +0000 2026,2,@Beejaysport You no lie Na poor man dey buy blue tick,2035327454550651227,,Beejaysport,en,,0,2,0,https://x.com/undefined/status/2035327454550651227,1228985965118709760,
2035327451904037357,Sat Mar 21 12:07:33 +0000 2026,0,Result Of Race - 4 Winning⏰- 24.35 Grade - A4 T1 Raha Gem T3 Ideal Guest T2 Jeopardy Panther 4th T4 Jacktavern Luna 5th T6 Da Blue Tiger T5 vacant Trainer- G. Evans Owner(s)- E. Coffey M. Silver https://t.co/Bmepdh3Mjv,2035327451904037357,,,en,,0,0,0,https://x.com/undefined/status/2035327451904037357,1417792557480910851,
2035327450495004973,Sat Mar 21 12:07:33 +0000 2026,1,(凪乃ましろ)さんのオリジナル曲『Blue Aqua』に投票します 今回も多くの方に届いてほしいです 2026.3.21 #VTuber楽曲ランキング #ミューコミVR 【Original】Blue Aqua / 凪乃ましろ【3DMV】 https://t.co/q0BNo6nqMX @YouTubeより,2035327450495004973,,,ja,,0,0,0,https://x.com/undefined/status/2035327450495004973,1269583528376713217,
2034420347504836839,Sat Mar 21 12:07:32 +0000 2026,0,@sektesjh Rikues blue by skdk (who),2035327447978385635,,sektesjh,in,,0,1,0,https://x.com/undefined/status/2035327447978385635,1312966394988822530,
2035243102261174398,Sat Mar 21 12:07:31 +0000 2026,0,@WallStreetMav Since we are a nation of states at what point does the federal government limit a states tyranny?!? How many state budgets have to insolvent before they step in?? It s just ridiculous that the blue states do not understand MATH.,2035327440549982393,,WallStreetMav,en,,0,0,0,https://x.com/undefined/status/2035327440549982393,424431313,
2035327435671994514,Sat Mar 21 12:07:29 +0000 2026,1,BLUE BLOOD FTW https://t.co/26RUQydB7a,2035327435671994514,https://pbs.twimg.com/tweet_video_thumb/HD7vg3UWoAAqrHs.jpg,,en,,0,0,0,https://x.com/undefined/status/2035327435671994514,1864301605366951936,
2035238800499040286,Sat Mar 21 12:07:29 +0000 2026,0,@Jexxie I couldn't care less about whether or not you have a blue checkmark. ,2035327433067360530,,Jexxie,en,,0,0,0,https://x.com/undefined/status/2035327433067360530,1594667101180026882,
2035327427522777216,Sat Mar 21 12:07:27 +0000 2026,1,I've noticed hari lebaran pertama dan kedua i wear pink and will wear blue which means.. i will turn into glinda in the bubble dress in wicked 1 and 2 yeay https://t.co/78UBWTGE45,2035327427522777216,https://pbs.twimg.com/media/HD7vgQJbkAA-0l7.jpg,,en,,0,0,0,https://x.com/undefined/status/2035327427522777216,1886027575149088768,
2035327419876356097,Sat Mar 21 12:07:26 +0000 2026,3,swim ve blue side evlensin cocuk yapsin uresinler,2035327419876356097,,,tr,,0,0,0,https://x.com/undefined/status/2035327419876356097,1501981404049072138,
2035305202299846867,Sat Mar 21 12:07:25 +0000 2026,1,@Harfefe Na Awoyaya Lawke Sangotedo. The sand and the blue buses,2035327416004964519,,Harfefe,en,,0,0,0,https://x.com/undefined/status/2035327416004964519,771013560679985152,
2035304536462492071,Sat Mar 21 12:07:23 +0000 2026,0,@abdullahayofel Blue stick for 5 people,2035327407410880688,,abdullahayofel,en,,0,0,0,https://x.com/undefined/status/2035327407410880688,3358572184,
2035292578413715906,Sat Mar 21 12:07:22 +0000 2026,0,@NathJH @rebekkarnold Nah not original red and blue. Its fire red and leaf green. Ive just beat the elite 4,2035327403224858674,,NathJH,en,,0,0,0,https://x.com/undefined/status/2035327403224858674,384366999,
2035237493826621597,Sat Mar 21 12:07:19 +0000 2026,0,@jonatanpallesen 4. blue checkmark quote tweeting another blue checkmark with the same exact interaction they had 2 weeks ago,2035327392646836276,,jonatanpallesen,en,,0,0,0,https://x.com/undefined/status/2035327392646836276,1693014581940006912,
2035327391774732712,Sat Mar 21 12:07:19 +0000 2026,170,️晴れのち恋　新アー写公開️ +:;;;:++:;;;:++:;;;:+ Name: 山本 すなお(@sunao_harekoi ) Color : Purple Name: 四宮 ともな(@tomona_harekoi ) Color : Blue +:;;;:++:;;;:++:;;;:+ リポスト + =700 達成でNEXT Member公開！ https://t.co/Hmvmsv1MaW,2035327391774732712,https://pbs.twimg.com/media/HD7vdRlb0AEq5bQ.jpg,,ja,,46,0,116,https://x.com/undefined/status/2035327391774732712,1879196756787015680,
2035291277772628294,Sat Mar 21 12:07:19 +0000 2026,0,@MatthewDFoster There s the obvious geographic convenience as compared to NYC plus the Bisons are the farm team of the Blue Jays. However when it s all said and done fuck baseball.,2035327390205833587,,AMollon,en,,0,0,0,https://x.com/undefined/status/2035327390205833587,99563664,
2019825294425854262,Sat Mar 21 12:07:15 +0000 2026,0,@GodandCountryy @elonmusk Recount and verify each large city vote that is prominently blue. Find the fraud.,2035327376117100907,,GodandCountryy,en,,0,0,0,https://x.com/undefined/status/2035327376117100907,1975571683630084096,
2035254849064116441,Sat Mar 21 12:07:14 +0000 2026,0,@Melbourne_says I adore the blue banded denizens of my garden.,2035327372829110685,,Melbourne_says,en,,0,0,0,https://x.com/undefined/status/2035327372829110685,608883817,
2034828388561514791,Sat Mar 21 12:07:14 +0000 2026,0,@vonWagner81 @TexianKlan No which is a paradox as he asked to follow superior race with blue eyes and blond hair.,2035327372262539345,,vonWagner81,en,,0,0,0,https://x.com/undefined/status/2035327372262539345,1772449624634130432,
2035318724769484891,Sat Mar 21 12:07:13 +0000 2026,7,@rabbryso @MindBodySoleUK @adiFamily_ Sky blue and navy for me today m8 https://t.co/rQ3HJpRVAA,2035327368454119535,https://pbs.twimg.com/media/HD7vc-uagAAXM8K.jpg,rabbryso,en,,0,0,1,https://x.com/undefined/status/2035327368454119535,383157267,
2035327352817787147,Sat Mar 21 12:07:10 +0000 2026,0,C'mon Blue Eagles! 0-0 [1] #GBASPO | #TCCLEAGUE26 https://t.co/RhyEQ6bKvb,2035327352817787147,https://pbs.twimg.com/media/HD7vbpXawAAXJq8.jpg,,en,,0,0,0,https://x.com/undefined/status/2035327352817787147,885577812048060417,
2035288408617042081,Sat Mar 21 12:07:08 +0000 2026,0,@EylonALevy Is that prick sitting in front of a blue tarpaulin?,2035327345490628930,,EylonALevy,en,,0,0,0,https://x.com/undefined/status/2035327345490628930,1543674895841644545,
2035327339429572852,Sat Mar 21 12:07:06 +0000 2026,5,Want monetized on X FAST in 2026? Grab X Premium Join any active space and follow all blue tick users to build 500 verified followers. Rack up 5M organic impressions in 3 months by being a REPLY PERSON. REPLY ON TWEETS FROM 1million and above. Reply with intention. Words https://t.co/v3dgVaxT8M,2035327339429572852,https://pbs.twimg.com/media/HD7vbPpWUAEfNM_.jpg,,en,,0,2,3,https://x.com/undefined/status/2035327339429572852,1614349248652271618,
2035117856996634705,Sat Mar 21 12:07:06 +0000 2026,1,@sile_adrian @dpv1987 @DinoDenverDino @PabloGa18499573 Si vas a decir idioteces al menos paga el blue y no le saques el dinero a tus padres.,2035327338104131951,,sile_adrian,es,,0,0,0,https://x.com/undefined/status/2035327338104131951,900778222136283136,
2035323744336716129,Sat Mar 21 12:07:04 +0000 2026,0,@enockmwesigwa_ @mariolexxx Same here too. Just like to push people up especially those who are on blue tick ️,2035327327530295323,,enockmwesigwa_,en,,0,0,0,https://x.com/undefined/status/2035327327530295323,464442848,
2035327325416378817,Sat Mar 21 12:07:03 +0000 2026,0,Isn t it as obvious to everyone as it is to me that the only reason blue states are against the save act is so they can cheat? So why is this still an issue?,2035327325416378817,,,en,,0,0,0,https://x.com/undefined/status/2035327325416378817,812268097033768961,
2035210756636176742,Sat Mar 21 12:07:01 +0000 2026,0,@RobertJMolnar @KSITESL GOP has only one legislative goal: to ensure most cannot vote &amp; takeover blue state and swing state election results. All while watching the deranged pedo destroy the world. March 28. Need 10 s of millions in the streets.,2035327318680273376,,RobertJMolnar,en,,0,0,0,https://x.com/undefined/status/2035327318680273376,1463449396264128516,
2035327303778013237,Sat Mar 21 12:06:58 +0000 2026,0,https://t.co/i4ynWLewRO I swear if these contacts don't let me work I am going to be pissed off.,2035327303778013237,,,en,,0,0,0,https://x.com/undefined/status/2035327303778013237,1980626568188948483,
2035044560632467740,Sat Mar 21 12:06:56 +0000 2026,1,@octralex @0xtisticangel blue dreams,2035327297662676995,,octralex,en,,0,0,0,https://x.com/undefined/status/2035327297662676995,1806333126509010944,
2035327291115655641,Sat Mar 21 12:06:55 +0000 2026,44,I've always known Sonya was beautiful and lovely but in this light blue dress she truly is an adorable charming and absolutely stunning princess. #SonyaFSinShanghai #ลูกหมีซอนญ่า #LMSY #SonyaSaranphat https://t.co/QhOPB0NqSx,2035327291115655641,https://pbs.twimg.com/media/HD7vYaobEAARS6j.jpg,,en,,0,1,19,https://x.com/undefined/status/2035327291115655641,1858118173637455872,
2035327282181791965,Sat Mar 21 12:06:53 +0000 2026,1,DX-Gボナカン425曲目(水増し込み) 「青空/THE BLUE HEARTS」 今こそ聴くべき曲かもしれない https://t.co/93dsz7hHDc,2035327282181791965,https://pbs.twimg.com/media/HD7vX9JbkAAhaUM.jpg,,ja,,0,0,1,https://x.com/undefined/status/2035327282181791965,1959915436109414400,
2035283907344826392,Sat Mar 21 12:06:51 +0000 2026,0,@KickStreamingHQ Aw now rain bet wants to pay I hope whack and blue take use to court,2035327273352777852,,KickStreamingHQ,en,,0,1,0,https://x.com/undefined/status/2035327273352777852,2029207154021023744,
2035325245645545500,Sat Mar 21 12:06:50 +0000 2026,0,@yabaleftonline Congratulations blue chief ,2035327269053358441,,yabaleftonline,en,,0,0,0,https://x.com/undefined/status/2035327269053358441,3026317481,
2035327262573408403,Sat Mar 21 12:06:48 +0000 2026,8,⋆͛明日はこちら!! 2026.03.22(日) ライブハウス in 熊本城ホール シビックホール アンプラグド 田邊駿一 ＆ 高村佳秀 (BLUE ENCOUNT) Acoustic編成 Tokyo Tanaka from MAN WITH A MISSION × TOMOLOW 東田 トモヒロ Mercy Woodpecker 詳細はこちら!! https://t.co/R8cWlCcVMN https://t.co/gzsFNmRrZT,2035327262573408403,https://pbs.twimg.com/media/HD7vWzSbcAAx-Lp.jpg,,ja,,0,0,2,https://x.com/undefined/status/2035327262573408403,767946019338203136,
2035327261751275740,Sat Mar 21 12:06:48 +0000 2026,0,2026.3.21 （土）山田涼介ANNP 1.サム＆ピンキー（HeySayJUMP） 2.traveler（HeySayJUMP） 3.花のように（Ryosuke Yamada） https://t.co/NY8qIkFopE Noise （Ryosuke Yamada） 5.INFINITY （HeySayJUMP） 光くんゲスト。 光くんが作った楽曲が１曲目と ５曲目に 素敵な選曲(⁠灬⁠º⁠‿⁠º⁠灬⁠)⁠,2035327261751275740,,,ja,,1,0,0,https://x.com/undefined/status/2035327261751275740,1611735816564543492,
2035254328077017387,Sat Mar 21 12:06:46 +0000 2026,1,@ikishankewal Blue switch?,2035327254021165143,,ikishankewal,en,,0,1,0,https://x.com/undefined/status/2035327254021165143,1948156203407908865,
2035249493877088342,Sat Mar 21 12:06:44 +0000 2026,0,@KamsyKenneth00 @Wizarab10 I don t know. I m standing on a living ecosystem teeming with microorganisms like bacteria and fungi breathing a substance that s termed oxygen with water vapor and floating particles around looking at the blue skies with a fiery sunshine and a canvas of stars at night.,2035327247146426661,,KamsyKenneth00,en,,0,1,0,https://x.com/undefined/status/2035327247146426661,2178254044,
2035327245410271614,Sat Mar 21 12:06:44 +0000 2026,8,念願のティファニーのBlue Box Cafe店内はだいすきなブルーでかわいかった𐔌՞⁔ ͈ ·̫ ͈⁔՞𐦯⋆ バレエコアのアクスタやっと使えたの嬉しい https://t.co/mOuBJOFiys,2035327245410271614,https://pbs.twimg.com/media/HD7vVfgb0AAUGBs.jpg,,ja,,0,0,0,https://x.com/undefined/status/2035327245410271614,1862756552794578944,
2035327141605212225,Sat Mar 21 12:06:44 +0000 2026,1,@Jodipackleader Blue!,2035327245112184854,,Jodipackleader,en,,0,0,0,https://x.com/undefined/status/2035327245112184854,346628612,
2035319324139737308,Sat Mar 21 12:06:43 +0000 2026,1,@Fintech03 Tata Coffee uses Indian coffee. Most of their plantations are in Coorg. Blue Tokai too sources from South India mostly. Most likely Cafe Coffee Day as well.,2035327240175861868,,Fintech03,en,,0,0,0,https://x.com/undefined/status/2035327240175861868,97150666,
2035050896854315379,Sat Mar 21 12:06:42 +0000 2026,0,@DebbieJohnson65 @SY_Supertram @SouthYorksMayor Poor service again. Long suspensions to Purple on Sun 15th Tues 17th Thurs 19th &amp; Fri 20th Mar plus services on Blue &amp; Yellow also cancelled on Fri 20th. 5 months of this now it's simply unacceptable especially after all the publicity about new drivers starting!,2035327238179029042,,DebbieJohnson65,en,,0,0,0,https://x.com/undefined/status/2035327238179029042,931282810568085506,
2035318463539949609,Sat Mar 21 12:06:42 +0000 2026,0,@mariolexxx @K_Agharanya True oh! But e make sense. If one follower fit get blue tick imagine the kind power wey social media algorithm get. You dey follow any account wey dey like that?,2035327235964486002,,mariolexxx,en,,0,0,0,https://x.com/undefined/status/2035327235964486002,1580537300819345410,
2035314385237807348,Sat Mar 21 12:06:41 +0000 2026,1,@g4ryw4lker @ChatShirt Nah would prefer a classic blue... Even go all blue shorts and socks,2035327233288524046,,g4ryw4lker,en,,0,1,0,https://x.com/undefined/status/2035327233288524046,1306945987655729157,
2035165456622133486,Sat Mar 21 12:06:41 +0000 2026,0,@Acyn Nearly all states red and blue refused,2035327232332435703,,Acyn,en,,0,0,0,https://x.com/undefined/status/2035327232332435703,1430363429756354562,
2035327219711742345,Sat Mar 21 12:06:38 +0000 2026,5,||◤️タイテ情報️◢|| ぜひ皆さんお待ちしてます️ 『BRIGHT FUTURE IDOL Vol.2』️‍ ️4/9(木) 新宿Zirco Tokyo 前方¥4 000/一般¥2 000 16:30~ 16:50~(B) ⭐️ [指名]ブルリグくじ ▽チケット販売中 https://t.co/dp45CfrgvJ #ブルリグ。 https://t.co/3BlcEooxtL,2035327219711742345,https://pbs.twimg.com/media/HD7vUNuakAABOWg.jpg,,ja,,2,0,0,https://x.com/undefined/status/2035327219711742345,1965679372310126592,
2035230355259875826,Sat Mar 21 12:06:37 +0000 2026,0,@elonmusk AI is coming for all white color jobs and Robotics is coming for all Blue Collar jobs. There will be no way for humans to transfer time talent or energy for real wealth in 3-5 years.,2035327216922333305,,elonmusk,en,,0,0,0,https://x.com/undefined/status/2035327216922333305,266818510,
2035326394331189295,Sat Mar 21 12:06:36 +0000 2026,0,@MBIFIII le Blue Moon peut dribbler tout le Sénégal sans perdre la balle,2035327210551177723,,MBIFIII,fr,,0,1,0,https://x.com/undefined/status/2035327210551177723,1502184747778428930,
2035327204826259715,Sat Mar 21 12:06:34 +0000 2026,1,前々から行きたかったANA Blue Hangar Tour タイミングよく空き枠があり参加することが出来ました。 こんな目線、角度から撮れるのは中々ないので大興奮でした。ガイドの方のお話も楽しかった。（1/4） ※ANA広報様より掲載承諾済 https://t.co/o3KmYpXrEj,2035327204826259715,https://pbs.twimg.com/media/HD7uywza0AAhui0.jpg,,ja,,0,0,0,https://x.com/undefined/status/2035327204826259715,742991156192153600,
2035327054636585226,Sat Mar 21 12:05:59 +0000 2026,0,WILD BLUEのライブでもわぶっていきましょう！チケットを探しております 【譲】ご提示お願いいたします 【求】3/22 昼夜どちらでも AA～B列センター付近1枚 座席権利でのお譲り🉑 お心たりのある方DM又はリプお願い致します。 #WILDBLUE譲 #ROIROM譲 #WILDBLUE求,2035327054636585226,,,ja,,0,0,0,https://x.com/undefined/status/2035327054636585226,1368530062102863876,
2035327049154363759,Sat Mar 21 12:05:57 +0000 2026,0,That's my mother in the purple my aunt in the blue my great uncle sitting at the table and Ray Miller in the middle. I don't have to say my mother's name. ‍️ Now became a headache and it's a different fight one sentence changed the fight. ️️‍,2035327049154363759,,,en,,0,0,0,https://x.com/undefined/status/2035327049154363759,1484001947950714887,
2035327040283611480,Sat Mar 21 12:05:55 +0000 2026,0,aslinya buat transisi sih.. tp beneran I FEEL MORE PRETTIER IN BLUE ternyata warna kesukaan beneran bisa bikin 10x lebih cakep https://t.co/9s5IeBDHX4,2035327040283611480,https://pbs.twimg.com/ext_tw_video_thumb/2035326854517923840/pu/img/VY7ycNEIWlaZKnHJ.jpg,,in,,0,0,0,https://x.com/undefined/status/2035327040283611480,1760165219148722176,
2035327019198886042,Sat Mar 21 12:05:50 +0000 2026,80,This blue outfit is so beautiful Tzuyu looks even more stunning in it SHOOT TAIPEI'S HEART #THISISFOR_TAIPEI_D2 #TWICE_THISISFOR_WORLD_TOUR #TWICE_THISISFOR_WORLD_TOUR_IN_TAIPEI #TWICE #TZUYU @JYPETWICE https://t.co/CaxfW0r7TQ,2035327019198886042,https://pbs.twimg.com/amplify_video_thumb/2035326378896449536/img/fykobmAAbRU-crPz.jpg,,en,,0,1,28,https://x.com/undefined/status/2035327019198886042,1683029389058138112,
2035298157660176884,Sat Mar 21 12:05:50 +0000 2026,1,@Saxon_African You will need a nose-ring and blue hair. Sorted.,2035327018460447005,,Saxon_African,en,,0,0,0,https://x.com/undefined/status/2035327018460447005,26446408,
2035326638917890166,Sat Mar 21 12:05:50 +0000 2026,2,@umichbball Go get that Natty!! Go Blue!!,2035327018099675610,,umichbball,en,,0,0,0,https://x.com/undefined/status/2035327018099675610,1748841491722539008,
2035327010478682448,Sat Mar 21 12:05:48 +0000 2026,1,#BTSLiveonNetflix https://t.co/zjj8Zn46V8,2035327010478682448,https://pbs.twimg.com/media/HD7vISWasAAn36y.jpg,,qme,,0,0,1,https://x.com/undefined/status/2035327010478682448,1208513877840990210,
2035163513711214938,Sat Mar 21 12:05:47 +0000 2026,0,@mattvanswol Blue cities gonna blue.,2035327005319659766,,mattvanswol,en,,0,0,0,https://x.com/undefined/status/2035327005319659766,1847676426067333121,
2035326987359723748,Sat Mar 21 12:05:42 +0000 2026,0,Vamos *,2035326987359723748,,,es,,0,0,0,https://x.com/undefined/status/2035326987359723748,1617614918332649497,
2035326985681969651,Sat Mar 21 12:05:42 +0000 2026,5,My blue tick is expiring tomorrow ,2035326985681969651,,,en,,0,1,0,https://x.com/undefined/status/2035326985681969651,1696552756956311552,
2035135909327212972,Sat Mar 21 12:05:38 +0000 2026,0,@KatieMiller @ChuckGrassley Your beloved blue slips ,2035326969751965877,,KatieMiller,en,,0,0,0,https://x.com/undefined/status/2035326969751965877,57520359,
2035322872671998143,Sat Mar 21 12:05:37 +0000 2026,0,@MF_forever Your eyes are blue,2035326965213737047,,MF_forever,en,,0,0,0,https://x.com/undefined/status/2035326965213737047,1494022606625853449,
2035326964148367830,Sat Mar 21 12:05:37 +0000 2026,0,Last night s jazz show at Blue Note was pure magic smooth sax soulful vocals and a crowd that felt every note. Don t miss their final NYC gig this Friday! #LiveMusic #JazzVibes https://t.co/TXudU9b6AO,2035326964148367830,https://pbs.twimg.com/media/HD7vBJEXMAAjqgf.jpg,,en,,0,0,0,https://x.com/undefined/status/2035326964148367830,1350157647404789761,
2035326470948618255,Sat Mar 21 12:05:37 +0000 2026,1,@john322226 As u no won buy me blue tick I don give up,2035326964135804975,,john322226,en,,0,0,0,https://x.com/undefined/status/2035326964135804975,1481595832679940099,
2035270187469992012,Sat Mar 21 12:05:36 +0000 2026,0,@KingMntungwa AI. Watch that man with blue tshirt running. There is a point is duplicated.,2035326961887637720,,KingMntungwa,en,,0,0,0,https://x.com/undefined/status/2035326961887637720,1500025398692032513,
2035082049095098732,Sat Mar 21 12:05:36 +0000 2026,0,@end3of6days9 Plane tickets need to cost more money so this can't happen anywhere but jet blue. The Grey hound of flights.,2035326959522111915,,end3of6days9,en,,0,0,0,https://x.com/undefined/status/2035326959522111915,2233821170,
2035153190191087998,Sat Mar 21 12:05:36 +0000 2026,0,@lizibunn Not related but THE RED AND BLUE THING IS EVEN IN THE CUP CAKE OMG,2035326959111004187,,lizibunn,en,,0,0,0,https://x.com/undefined/status/2035326959111004187,1454540052869025806,
2035326950592663999,Sat Mar 21 12:05:34 +0000 2026,5,Hear me out: Green and blue Cream Silk Yuri https://t.co/KL11WgGvWS,2035326950592663999,https://pbs.twimg.com/media/HD7vEdRbgAEP-3m.jpg,,en,,0,1,0,https://x.com/undefined/status/2035326950592663999,1934439524723277824,
2035106750970360205,Sat Mar 21 12:05:32 +0000 2026,0,@ogangrymexican @SarahisCensored Great cartoon brings back memories. When America was blue collar real raw and great.,2035326945215336856,,ogangrymexican,en,,0,0,0,https://x.com/undefined/status/2035326945215336856,113963437,
2035294300557176844,Sat Mar 21 12:05:31 +0000 2026,0,@Organic_Peace_ Congratulations on your blue tick,2035326937527189766,,Organic_Peace_,en,,0,0,0,https://x.com/undefined/status/2035326937527189766,927825280709914624,
2035326386869567760,Sat Mar 21 12:03:39 +0000 2026,0,You would assume the machine ai the blue dot represents is within Caine due to the consistent reminders throughout the show detailing Caine with 1 red and 1 blue eye but I just feel understanding what Bubble is will be the final piece to understanding the environment itself https://t.co/Czr1wA2QeE,2035326469350519009,https://pbs.twimg.com/media/HD7uon7WsAAx_cz.jpg,PabloPassions,en,,0,1,0,https://x.com/undefined/status/2035326469350519009,1810800811104198656,
2035326386869567760,Sat Mar 21 12:03:37 +0000 2026,0,I think the biggest missing piece of the puzzle is what exactly is Bubble. Are they attached to Caine to act a control or catalyst to their statistical properties. Are they their own unattached Sentient esque being with no strings attached or are they the remains of the blue dot https://t.co/Z1pW6V1NAW,2035326460236325125,https://pbs.twimg.com/media/HD7uoIaWkAAheMY.jpg,PabloPassions,en,,0,1,0,https://x.com/undefined/status/2035326460236325125,1810800811104198656,
2035245420214198650,Sat Mar 21 12:03:34 +0000 2026,1,@Rithika_kaur Blue,2035326448710393957,,Rithika_kaur,en,,0,0,0,https://x.com/undefined/status/2035326448710393957,44873410,
2035326447687025112,Sat Mar 21 12:03:34 +0000 2026,2,It's a blue tea party! #ImaginationStation #art #artwork #doodle #doodles #indie #indieseries #indieart #sketch #artist #artdump #underratedart https://t.co/q9ORW4WeUJ,2035326447687025112,https://pbs.twimg.com/media/HD7ullvWEAAfE2T.jpg,,en,,0,0,1,https://x.com/undefined/status/2035326447687025112,1840155761751797761,
2035312776214687943,Sat Mar 21 12:03:32 +0000 2026,0,@Ryanmatta @TCNetwork @TheBitcoinConf @Bybit_Official @cody_bybit Jang is a government asset ..notice he comes out of the blue .,2035326440384745499,,Ryanmatta,en,,0,0,0,https://x.com/undefined/status/2035326440384745499,1964032084856512513,
2035314889019760933,Sat Mar 21 12:03:31 +0000 2026,0,@PS_African10 Blue #LoveYouTeacherSeriesEP2,2035326437628981363,,PS_African10,en,,0,0,0,https://x.com/undefined/status/2035326437628981363,1940210198054150144,
2035299179476726057,Sat Mar 21 12:03:31 +0000 2026,0,@Junewoo_papa @seokjinfile Becky G (Rebecca Marie Gomez) is a Mexican-American singer rapper &amp; actress born in 1997. Known for English/Spanish hits like Shower Sin Pijama &amp; collabs with Bad Bunny/J Balvin. Also starred in Blue Beetle as Trini. Looks like she's having fun at the event!,2035326434181284054,,Junewoo_papa,en,,0,0,0,https://x.com/undefined/status/2035326434181284054,1720665183188922368,
2035326430351867934,Sat Mar 21 12:03:30 +0000 2026,0,I ve comprehensively blocked all of the ads that twitter tries to feed me. Lately the only ads I get are random blue check tweets that I don t follow. I hit mute on these accounts and I still get the noti subscribe for an ad free experience . Nah I already have one.,2035326430351867934,,,en,,0,0,0,https://x.com/undefined/status/2035326430351867934,1140067504833945600,
2035318755140726820,Sat Mar 21 12:03:30 +0000 2026,0,@saylordocs Blue,2035326429655917051,,saylordocs,en,,0,0,0,https://x.com/undefined/status/2035326429655917051,322524974,
2035260018883469666,Sat Mar 21 12:03:27 +0000 2026,0,@elonmusk Seems like AI is dyed blue for liberal views.,2035326419522253109,,elonmusk,en,,0,0,0,https://x.com/undefined/status/2035326419522253109,1594331735168270337,
2035323206039711853,Sat Mar 21 12:03:26 +0000 2026,1,の、切り抜きです‍️️,2035326414216708573,,blueclue008,ja,,0,0,0,https://x.com/undefined/status/2035326414216708573,74295627,
2035164649985860025,Sat Mar 21 12:03:25 +0000 2026,0,@EricLDaugh @SenSchumer is as fraudulent as blue city/state voter rolls. The gig is up Chucky.,2035326409107751020,,EricLDaugh,en,,0,0,0,https://x.com/undefined/status/2035326409107751020,1855248664320675840,
2035326402472394983,Sat Mar 21 12:03:23 +0000 2026,0, Looking for the perfect gift idea? Check out the Autism Awareness Bracelet - Sky Blue a thoughtful present that promotes awareness and support. Get yours today! #AutismAwareness #GiftIdea. https://t.co/eqhRkci36V https://t.co/2ne7WKL4g6,2035326402472394983,https://pbs.twimg.com/media/HD7ukp4XIAEuQOo.jpg,,en,,0,0,0,https://x.com/undefined/status/2035326402472394983,310975895,
2035326393857286617,Sat Mar 21 12:03:21 +0000 2026,0,umu musume analog horror but at what cost [it's bad and i am not shocked the op is a blue archive fan],2035326393857286617,,,en,,0,0,0,https://x.com/undefined/status/2035326393857286617,1011796901388279809,
2035314992694587900,Sat Mar 21 12:03:21 +0000 2026,0,@MikeBales Good morning ️ it s a sky blue pink kind of day,2035326393043554422,,MikeBales,en,,0,0,0,https://x.com/undefined/status/2035326393043554422,1585968055380836352,
2035326392296931389,Sat Mar 21 12:03:21 +0000 2026,0,Μ@Λ@ΚΙΑ ΤΟ ΕΘΝΙΚΟ ΜΑΣ ΑΘΛΗΜΑ νο2 https://t.co/lCJ3QYZRLu,2035326392296931389,https://pbs.twimg.com/media/HD7ukLTWgAEUaYs.jpg,,el,,0,0,0,https://x.com/undefined/status/2035326392296931389,1674838017326850049,
2035326378963562884,Sat Mar 21 12:03:17 +0000 2026,0,. 【STYLE SAMPLE】 . JKT : テーラー東洋 / Mid 1950s Style Acetate Souvenir Jacket EAGLE × BLUE TIGER (size:M) TEE : THRIFTY LOOK / NIRVANA IN UTERO SS Tee (size:M) PANT : NEO BLUE / FLARE BAGGY JEANS (size:30) CAP : TRUCK BRAND / JESUS TRUCKER CAP EYEWEAR : NEW. / LOUISE . . https://t.co/XH9syDHqY7,2035326378963562884,https://pbs.twimg.com/media/HD7ujSla4AAwHLT.jpg,,ja,,0,0,0,https://x.com/undefined/status/2035326378963562884,269205530,
2035290060091007377,Sat Mar 21 12:03:15 +0000 2026,0,@InsideHindustan Blue,2035326370784670195,,InsideHindustan,en,,0,0,0,https://x.com/undefined/status/2035326370784670195,1988101447721119745,
2034972167767835006,Sat Mar 21 12:03:13 +0000 2026,0,@NoahKingJr The original blue check. Even the ancient Egyptians couldn't get verified that fast.,2035326362089665011,,NoahKingJr,en,,0,0,0,https://x.com/undefined/status/2035326362089665011,2032886214928510977,
2035116557047644339,Sat Mar 21 12:03:13 +0000 2026,0,@MoniX_MAGABased @realstewpeters It s not red vs blue. America is occupied at all levels with Jewry. The head of this snake is the central bank system. This system of extreme usury has enslaved the population since 1913. And along the way this occupation has compromised nearly all elected officials.,2035326360407642444,,MoniX_MAGABased,en,,0,0,0,https://x.com/undefined/status/2035326360407642444,1854487890371153925,
2034907041911734613,Sat Mar 21 12:03:11 +0000 2026,0,@susanwtf157737 @prpr1111sd She's wearing a bright yellow off-shoulder cropped blouse unbuttoned low and tied in a front knot to show midriff and cleavage. Paired with light blue denim shorts that have frayed hems and a white bow on the back pocket. Black thigh-high stockings with a brown diamond pattern,2035326353034125780,,susanwtf157737,en,,0,0,0,https://x.com/undefined/status/2035326353034125780,1720665183188922368,
2035281970737873184,Sat Mar 21 12:03:10 +0000 2026,0,@HOMOsapienid @Mahesh10816 Both AIT and OIT r mere speculations. If indians(with steppe gene) were related to europeans then why is it that we don't have yellow hair pale pink skin and blue/green eyes like them?,2035326345736319466,,HOMOsapienid,en,,0,2,0,https://x.com/undefined/status/2035326345736319466,1496407274373349376,
2035310462271619130,Sat Mar 21 12:03:09 +0000 2026,0,@madiawDIOUF @Blue_Footy @GeruNatinael FB,2035326345463427142,,madiawDIOUF,und,,0,1,0,https://x.com/undefined/status/2035326345463427142,1604488785995210753,
2035326334218740108,Sat Mar 21 12:03:07 +0000 2026,1,Y社さんのBlue Earth Y社さんのアドバンdB B社さんのレグノGR-X 間とってあどば,2035326334218740108,,,ja,,0,0,0,https://x.com/undefined/status/2035326334218740108,575384469,
2035284104992764146,Sat Mar 21 12:03:03 +0000 2026,0,@BlueWolfNFTs @cetsfk Hope you have a great weekend Blue,2035326319349662041,,BlueWolfNFTs,en,,0,0,0,https://x.com/undefined/status/2035326319349662041,1584245298964185088,
2035323331210027328,Sat Mar 21 12:03:02 +0000 2026,67,Let's add one more point for the low IQ types: A driver's license doesn't prove you have a right to vote in U.S. elections. That's because our degenerate blue states are handing out driver's licenses (and welfare) to people who have no right to be in this country. Thank you,2035326316287832141,,kylenabecker,en,,0,5,9,https://x.com/undefined/status/2035326316287832141,321954654,
2035326314400395690,Sat Mar 21 12:03:02 +0000 2026,5,3 of 5 thoughts for the weekend The Zweig Breadth Thrust Indicator is back in oversold territory Red lines = ZBT oversold Dotted blue lines = ZBT buy signal https://t.co/KiMUiN3MW0,2035326314400395690,https://pbs.twimg.com/media/HD7uf1QXIAAiV_Q.jpg,,en,,0,0,0,https://x.com/undefined/status/2035326314400395690,17695167,
2035326305198022726,Sat Mar 21 12:03:00 +0000 2026,0,Blue Medusa ,2035326305198022726,,,fi,,0,0,0,https://x.com/undefined/status/2035326305198022726,52262980,
2035322872671998143,Sat Mar 21 12:02:59 +0000 2026,0,@MF_forever Your eyes are blue?... and your smile is sweet and your body is beautiful.,2035326301146337751,,MF_forever,en,,0,0,0,https://x.com/undefined/status/2035326301146337751,1766302157626568704,
2035326298709692704,Sat Mar 21 12:02:58 +0000 2026,1,泣いちゃうよ 【公式】ザ・ブルーハーツ「1000のバイオリン」【12thシングル(1993/5/25)】THE BLUE HEARTS / 1000 No V... https://t.co/w12q7R9lS5 @YouTubeより,2035326298709692704,,,ja,,0,0,0,https://x.com/undefined/status/2035326298709692704,2826513661,
2035310462271619130,Sat Mar 21 12:02:57 +0000 2026,0,@Nzecfc @Blue_Footy FB,2035326294611648785,,Nzecfc,und,,0,1,0,https://x.com/undefined/status/2035326294611648785,1604488785995210753,
2035245566154686875,Sat Mar 21 12:02:57 +0000 2026,0,@ughaogu72574 You na my boss na you get blue tick I dey under restriction I no fit engage again ,2035326292401299724,,ughaogu72574,en,,0,1,0,https://x.com/undefined/status/2035326292401299724,1223938148432056320,
2035295398244630820,Sat Mar 21 12:02:56 +0000 2026,1,@mumugenhouyou blue.さん！来てくださってたんですね足を運んでいただきありがとうございましたお恥ずかしいですが..褒められて気分ウキウキです,2035326289318760481,,mumugenhouyou,ja,,0,1,0,https://x.com/undefined/status/2035326289318760481,1906253925818470400,
2035266287484461251,Sat Mar 21 12:02:53 +0000 2026,0,@mofaya_ Actually ive just gone back and checked and yes. Most WC we have worn red for the away. Our last 2 have been black and then purple. We have also had a few blue ones.,2035326277725351993,,mofaya_,en,,0,0,0,https://x.com/undefined/status/2035326277725351993,1905682012645584896,
2035326272037966018,Sat Mar 21 12:02:52 +0000 2026,6,because i nova buy blue tick na why una no dey follow back or engage me abi,2035326272037966018,,,en,,0,4,2,https://x.com/undefined/status/2035326272037966018,2027354145930264576,
2035326042248745444,Sat Mar 21 12:02:52 +0000 2026,1,@nayeomeow Blue Dream (one of my top 3 favourite songs of hers ) https://t.co/mUxPW9uAwv,2035326271941427283,https://pbs.twimg.com/amplify_video_thumb/2035326206241816576/img/2w31eLr89Tt5XMyl.jpg,dahhdubuu,en,,0,1,0,https://x.com/undefined/status/2035326271941427283,1731373370413858816,
2035326270712533124,Sat Mar 21 12:02:52 +0000 2026,1,I don go borrow money buy blue tick ooo .. Kindly engage me oo. If you get to see this on your timeline please follow and engage on my post Let connect https://t.co/SMjslW8Msm,2035326270712533124,https://pbs.twimg.com/media/HD7uc_yboAEuKpc.jpg,,en,,0,1,0,https://x.com/undefined/status/2035326270712533124,1888347808039895040,
2035326267835183254,Sat Mar 21 12:02:51 +0000 2026,22,Things that you never hear: 1. Congress is really looking out for us. 2. That blue haired chick is hot. 3. I wish I could learn more about critical race theory. 4. I m glad my tax dollars can fund gender studies in Pakistan. 5. John Thune is a Patriot. 6. I can t wait to watch,2035326267835183254,,,en,,0,5,6,https://x.com/undefined/status/2035326267835183254,1518710855524884481,
2035113036197868022,Sat Mar 21 12:02:50 +0000 2026,0,@hennycamenzyn @TrevorBakerr sky s blue hank,2035326264567906575,,hennycamenzyn,en,,0,0,0,https://x.com/undefined/status/2035326264567906575,1985425460906639363,
2035187739386122513,Sat Mar 21 12:02:49 +0000 2026,0,@GlitterBombKiki @YouNotGonnaWin the red orb put out weird looking shapes so it was locked away and they made a new better blue one that made perfect shapes it wouldnt make sense for caine to be the lesser of the two but also be the bigger and better blue dot. he's the red dot,2035326261698900409,,GlitterBombKiki,en,,0,0,0,https://x.com/undefined/status/2035326261698900409,1355555370803089411,
